# Blender 4.3.0
# www.blender.org
mtllib 2k_poly_crash.mtl
o PRD0U20WISTNTZ7EXFS37EFSJ
v 0.182964 1.583467 -0.125863
v 0.073194 1.392987 -0.138153
v 0.152978 1.422654 -0.160482
v 0.182964 1.583467 -0.125863
v 0.117029 1.558393 -0.101784
v 0.005151 1.367927 -0.130570
v 0.053637 1.546087 -0.090908
v 0.126360 1.629960 -0.093508
v 0.062130 1.607992 -0.078256
v 0.129133 1.677753 -0.092454
v 0.060310 1.651019 -0.075974
v 0.128310 1.684628 -0.086041
v 0.064065 1.661779 -0.071626
v 0.006046 1.647596 -0.071511
v 0.005151 1.658731 -0.069243
v -0.052926 1.661779 -0.071626
v -0.049301 1.651019 -0.075974
v -0.116709 1.684628 -0.086011
v -0.117720 1.677753 -0.092424
v -0.051179 1.607977 -0.078227
v -0.115885 1.629960 -0.093464
v -0.043062 1.546087 -0.090908
v -0.105876 1.558378 -0.101754
v -0.062214 1.392987 -0.138110
v -0.172561 1.582557 -0.125745
v -0.142693 1.422639 -0.160366
v 0.576705 0.901578 -0.277852
v 0.501599 0.939593 -0.310682
v 0.547270 0.908857 -0.276523
v 0.573557 0.942973 -0.303706
v 0.620512 0.902516 -0.304356
v 0.586715 0.950295 -0.345505
v 0.646655 0.857525 -0.341172
v 0.627228 0.861555 -0.287283
v 0.567995 0.921726 -0.424164
v 0.616987 0.868849 -0.413100
v 0.562146 0.974358 -0.384719
v 0.583855 0.983977 -0.352192
v 0.564934 0.978951 -0.324649
v 0.535527 0.965822 -0.320316
v 0.507348 1.234759 -0.294938
v 0.457792 1.227335 -0.284149
v 0.434871 1.304578 -0.277230
v 0.489034 1.301184 -0.288583
v 0.471557 1.349584 -0.286316
v 0.366452 1.518168 -0.232498
v 0.414361 1.568012 -0.231242
v 0.328870 1.599975 -0.220481
v 0.391555 1.653893 -0.217116
v 0.295203 1.674460 -0.193804
v 0.354219 1.763807 -0.188200
v 0.406128 1.670994 -0.287297
v 0.414361 1.568012 -0.231242
v 0.426176 1.582123 -0.300773
v 0.391555 1.653893 -0.217116
v 0.487286 1.223016 -0.401459
v 0.583855 0.983977 -0.352192
v 0.562146 0.974358 -0.384719
v 0.527742 1.235799 -0.346733
v 0.527742 1.235799 -0.346733
v 0.564934 0.978951 -0.324649
v 0.583855 0.983977 -0.352192
v 0.507348 1.234759 -0.294938
v 0.489034 1.301184 -0.288583
v 0.514079 1.305156 -0.336088
v 0.514079 1.305156 -0.336088
v 0.476266 1.286365 -0.398743
v 0.461490 1.338058 -0.401228
v 0.476482 1.388105 -0.325313
v 0.440518 1.377648 -0.387361
v 0.426176 1.582123 -0.300773
v 0.414361 1.568012 -0.231242
v 0.476482 1.388105 -0.325313
v 0.426176 1.582123 -0.300773
v 0.471557 1.349584 -0.286316
v 0.426176 1.582123 -0.300773
v 0.361079 1.660710 -0.399826
v 0.406128 1.670994 -0.287297
v 0.390558 1.555085 -0.400678
v 0.390558 1.555085 -0.400678
v 0.295203 1.674460 -0.193804
v 0.354219 1.763807 -0.188200
v 0.237112 1.750779 -0.137013
v 0.195948 1.686029 -0.119767
v 0.295203 1.674460 -0.193804
v 0.237112 1.750779 -0.137013
v 0.174152 1.873274 -0.395420
v 0.196323 1.533478 -0.393456
v 0.096373 1.513416 -0.424537
v 0.003285 1.375756 -0.428336
v 0.156185 1.411879 -0.369248
v 0.114949 1.288647 -0.356148
v 0.003647 1.285152 -0.405429
v 0.090294 1.183586 -0.343120
v 0.003214 1.188063 -0.374881
v -0.082869 1.183586 -0.342990
v -0.107957 1.288633 -0.356018
v -0.148687 1.411850 -0.369074
v -0.189606 1.533449 -0.393281
v -0.089687 1.512477 -0.424465
v 0.469939 2.307950 -0.264058
v 0.400856 2.290040 -0.205518
v 0.399022 2.275394 -0.205070
v 0.499231 2.328676 -0.275989
v 0.265189 1.634625 -0.347512
v 0.210723 1.666011 -0.415193
v 0.196323 1.533478 -0.393456
v 0.240809 1.549510 -0.317123
v 0.249504 1.574281 -0.230664
v 0.295203 1.674460 -0.193804
v 0.249504 1.574281 -0.230664
v 0.295203 1.674460 -0.193804
v 0.182964 1.583467 -0.125863
v 0.400856 2.290040 -0.205518
v 0.348947 2.250710 -0.167301
v 0.399022 2.275394 -0.205070
v 0.330618 2.264489 -0.161639
v 0.499231 2.328676 -0.275989
v 0.422175 2.189976 -0.257774
v 0.440475 2.188401 -0.265906
v 0.469939 2.307950 -0.264058
v 0.247959 2.111331 -0.088396
v 0.005366 2.221361 -0.168759
v 0.104651 2.220032 -0.062845
v 0.090972 2.216133 -0.172904
v 0.005382 2.220003 -0.049542
v -0.093383 2.220032 -0.062830
v -0.081266 2.215237 -0.172904
v 0.330618 2.264489 -0.161639
v 0.348947 2.250710 -0.167301
v 0.260467 2.222574 -0.112358
v 0.260467 2.222574 -0.112358
v 0.199428 2.184834 -0.187984
v 0.281149 2.228714 -0.203453
v 0.330618 2.264489 -0.161639
v 0.331557 2.255650 -0.219413
v 0.409421 2.284999 -0.247043
v 0.400856 2.290040 -0.205518
v 0.499231 2.328676 -0.275989
v 0.430827 2.247821 -0.293132
v 0.440475 2.188401 -0.265906
v 0.383120 2.157420 -0.281288
v 0.405666 2.120315 -0.253441
v -0.339081 2.249800 -0.167241
v -0.391279 2.289101 -0.205457
v -0.388492 2.273574 -0.205024
v -0.320579 2.263594 -0.161637
v -0.413248 2.188128 -0.257656
v -0.490000 2.327724 -0.275855
v -0.430869 2.187462 -0.265802
v -0.460334 2.306996 -0.263924
v 0.060367 1.114402 -0.193977
v 0.005280 1.011680 -0.182032
v 0.047570 1.020115 -0.187347
v 0.004427 1.112322 -0.178060
v 0.086986 1.226887 -0.199696
v 0.005308 1.209728 -0.179663
v -0.077900 1.226887 -0.199639
v -0.050169 1.114387 -0.193905
v -0.038094 1.020100 -0.187289
v -0.574856 0.983024 -0.351712
v -0.479832 1.222973 -0.400993
v -0.554187 0.974344 -0.384238
v -0.519523 1.234831 -0.346281
v -0.556931 0.978937 -0.324197
v -0.519523 1.234831 -0.346281
v -0.574856 0.983024 -0.351712
v -0.498450 1.233791 -0.294559
v -0.479933 1.301141 -0.288218
v -0.505556 1.304188 -0.335694
v -0.463323 1.348616 -0.285994
v -0.468537 1.388061 -0.324948
v -0.404466 1.567059 -0.230979
v -0.417523 1.581156 -0.300466
v -0.397057 1.670041 -0.287034
v -0.381227 1.652954 -0.216868
v -0.493163 0.938640 -0.310302
v -0.567258 0.901563 -0.277458
v -0.538689 0.907933 -0.276158
v -0.564890 0.942034 -0.303297
v -0.611874 0.901592 -0.303889
v -0.578438 0.950281 -0.345039
v -0.574856 0.983024 -0.351712
v -0.554187 0.974344 -0.384238
v -0.561236 0.921712 -0.423640
v -0.526614 0.967079 -0.388600
v -0.535267 0.940936 -0.411840
v -0.510539 0.960290 -0.361822
v -0.495864 0.932573 -0.365866
v -0.526470 0.964869 -0.319893
v -0.556931 0.978937 -0.324197
v -0.479832 1.222973 -0.400993
v -0.424427 1.225804 -0.390709
v -0.468740 1.285383 -0.398335
v -0.406878 1.279649 -0.387416
v -0.454065 1.337076 -0.400819
v -0.388333 1.361832 -0.379530
v -0.432660 1.376666 -0.386997
v -0.383148 1.555028 -0.400299
v -0.338821 1.506469 -0.394133
v -0.332235 1.766306 -0.383271
v -0.353669 1.660652 -0.399506
v -0.381227 1.652954 -0.216868
v -0.156848 1.988186 -0.355930
v -0.149005 2.080307 -0.324530
v -0.272048 2.200635 -0.120646
v -0.339081 2.249800 -0.167241
v -0.393807 2.239314 -0.250506
v -0.388492 2.273574 -0.205024
v -0.460334 2.306996 -0.263924
v -0.413248 2.188128 -0.257656
v -0.272048 2.200635 -0.120646
v -0.320579 2.263594 -0.161637
v -0.339081 2.249800 -0.167241
v -0.249805 2.222574 -0.112341
v -0.285077 1.673521 -0.193644
v -0.227100 1.749870 -0.136924
v -0.184448 1.686015 -0.119664
v -0.227100 1.749870 -0.136924
v -0.285077 1.673521 -0.193644
v -0.138548 1.253405 -0.249959
v -0.197434 1.432634 -0.304699
v -0.149323 1.266650 -0.292177
v -0.197376 1.445662 -0.241524
v -0.203761 1.665029 -0.415004
v -0.249805 2.222574 -0.112341
v -0.271486 2.227788 -0.203407
v -0.289208 2.168484 -0.277791
v -0.374005 2.156452 -0.281142
v -0.430869 2.187462 -0.265802
v -0.421177 2.245944 -0.292985
v -0.490000 2.327724 -0.275855
v -0.400206 2.284046 -0.246924
v -0.391279 2.289101 -0.205457
v -0.320579 2.263594 -0.161637
v -0.321474 2.254725 -0.219324
v -0.125304 1.158873 -0.288017
v -0.107957 1.288633 -0.356018
v -0.082869 1.183586 -0.342990
v -0.149323 1.266650 -0.292177
v -0.109994 1.140356 -0.250089
v -0.125304 1.158873 -0.288017
v -0.050169 1.114387 -0.193905
v -0.138548 1.253405 -0.249959
v -0.109994 1.140356 -0.250089
v -0.077900 1.226887 -0.199639
v -0.197376 1.445662 -0.241524
v -0.138548 1.253405 -0.249959
v -0.077900 1.226887 -0.199639
v -0.142693 1.422639 -0.160366
v -0.172561 1.582557 -0.125745
v -0.240504 1.574252 -0.230489
v -0.240504 1.574252 -0.230489
v -0.232633 1.548571 -0.316904
v -0.197434 1.432634 -0.304699
v -0.240504 1.574252 -0.230489
v -0.189606 1.533449 -0.393281
v -0.148687 1.411850 -0.369074
v 0.615081 0.635775 -0.298174
v 0.655422 0.631066 -0.309974
v 0.664680 0.611756 -0.307071
v 0.620628 0.615569 -0.297235
v 0.658989 0.555383 -0.317008
v 0.609477 0.570418 -0.303446
v 0.664492 0.502765 -0.318871
v 0.614951 0.513295 -0.306421
v 0.659408 0.478905 -0.290403
v 0.651739 0.503127 -0.250785
v 0.652750 0.557983 -0.244805
v 0.645268 0.617981 -0.252417
v 0.639736 0.642607 -0.253240
v 0.621480 0.611914 -0.361205
v 0.648807 0.632150 -0.380487
v 0.658932 0.606960 -0.380964
v 0.625149 0.600750 -0.362404
v 0.659827 0.628134 -0.323638
v 0.668984 0.597630 -0.326671
v 0.668984 0.597630 -0.326671
v 0.625149 0.600750 -0.362404
v 0.631590 0.602613 -0.362144
v 0.654252 0.546861 -0.325934
v 0.631590 0.602613 -0.362144
v 0.621292 0.507488 -0.373439
v 0.663221 0.481649 -0.341937
v 0.661849 0.470354 -0.370608
v 0.671525 0.492597 -0.400303
v 0.666947 0.554357 -0.398310
v 0.601345 0.686919 -0.471755
v 0.630463 0.698228 -0.494258
v 0.613405 0.642823 -0.525037
v 0.594686 0.641350 -0.485101
v 0.632817 0.609488 -0.520689
v 0.608379 0.599464 -0.493377
v 0.648849 0.586133 -0.495630
v 0.656533 0.593138 -0.475886
v 0.656779 0.617995 -0.460171
v 0.636601 0.684117 -0.454827
v -0.635951 0.617995 -0.251994
v -0.630434 0.642607 -0.252788
v -0.678617 0.659838 -0.271680
v -0.692454 0.610412 -0.271824
v -0.646972 0.631066 -0.309479
v -0.656143 0.611770 -0.306590
v -0.683297 0.548118 -0.275651
v -0.650770 0.554473 -0.316513
v -0.688858 0.491297 -0.277471
v -0.655392 0.502780 -0.318375
v -0.650351 0.479858 -0.289923
v -0.642364 0.503141 -0.250362
v -0.644126 0.557073 -0.244382
v -0.656143 0.611770 -0.306590
v -0.646972 0.631066 -0.309479
v -0.606256 0.635789 -0.297751
v -0.611773 0.615583 -0.296783
v -0.630434 0.642607 -0.252788
v -0.635951 0.617995 -0.251994
v -0.600825 0.570433 -0.303008
v -0.644126 0.557073 -0.244382
v -0.606386 0.514234 -0.305969
v -0.642364 0.503141 -0.250362
v -0.650351 0.479858 -0.289923
v -0.655392 0.502780 -0.318375
v -0.650770 0.554473 -0.316513
v -0.650842 0.606975 -0.380382
v -0.641628 0.632150 -0.379949
v -0.613694 0.611929 -0.360710
v -0.617391 0.600764 -0.361894
v -0.651796 0.628149 -0.323142
v -0.660130 0.597644 -0.326160
v -0.623833 0.602627 -0.361620
v -0.617391 0.600764 -0.361894
v -0.660130 0.597644 -0.326160
v -0.623833 0.602627 -0.361620
v -0.646307 0.546876 -0.325439
v -0.613882 0.507503 -0.372915
v -0.655753 0.481664 -0.341399
v -0.654367 0.470383 -0.370026
v -0.664030 0.492626 -0.399735
v -0.659393 0.554372 -0.397698
v -0.650842 0.606975 -0.380382
v -0.650222 0.618010 -0.459503
v -0.629872 0.684117 -0.454188
v -0.650381 0.702042 -0.469758
v -0.651594 0.641307 -0.488838
v -0.624036 0.698228 -0.493575
v -0.607947 0.642838 -0.524340
v -0.662745 0.609892 -0.495293
v -0.627214 0.609488 -0.520006
v -0.643405 0.586147 -0.494918
v -0.650468 0.593152 -0.475189
v -0.660130 0.597644 -0.326160
v -0.651796 0.628149 -0.323142
v -0.695415 0.654754 -0.344272
v -0.700037 0.614904 -0.346020
v -0.641628 0.632150 -0.379949
v -0.650842 0.606975 -0.380382
v -0.690114 0.537675 -0.359019
v -0.659393 0.554372 -0.397698
v -0.693913 0.477966 -0.366111
v -0.664030 0.492626 -0.399735
v -0.654367 0.470383 -0.370026
v -0.655753 0.481664 -0.341399
v -0.646307 0.546876 -0.325439
v -0.652996 0.621620 -0.400083
v -0.640891 0.647879 -0.392688
v -0.682662 0.686110 -0.413774
v -0.691097 0.644788 -0.422455
v -0.635230 0.664387 -0.442561
v -0.637194 0.630388 -0.450404
v -0.683081 0.586263 -0.440220
v -0.633728 0.601847 -0.464876
v -0.685941 0.536216 -0.446055
v -0.637469 0.557333 -0.468530
v -0.649096 0.528677 -0.446114
v -0.662442 0.537979 -0.416505
v -0.654917 0.576644 -0.405253
v -0.637194 0.630388 -0.450404
v -0.635230 0.664387 -0.442561
v -0.601505 0.658047 -0.407073
v -0.612626 0.643964 -0.411132
v -0.640891 0.647879 -0.392688
v -0.652996 0.621620 -0.400083
v -0.606430 0.578088 -0.426355
v -0.654917 0.576644 -0.405253
v -0.599208 0.558113 -0.436697
v -0.662442 0.537979 -0.416505
v -0.649096 0.528677 -0.446114
v -0.637469 0.557333 -0.468530
v -0.633728 0.601847 -0.464876
v 0.002953 1.500720 -0.449062
v 0.223375 0.589556 -0.313685
v 0.263803 0.320041 -0.320416
v 0.254039 0.317803 -0.355557
v 0.177604 0.584154 -0.355427
v 0.219635 0.314582 -0.376644
v 0.198894 0.311780 -0.348349
v 0.141394 0.584920 -0.314753
v 0.136903 0.591607 -0.248400
v 0.202288 0.313499 -0.307445
v 0.181446 0.594712 -0.226331
v 0.234656 0.315940 -0.298158
v 0.227968 0.596070 -0.255276
v 0.406128 1.670994 -0.287297
v 0.361079 1.660710 -0.399826
v 0.391555 1.653893 -0.217116
v 0.354219 1.763807 -0.188200
v 0.283114 1.847262 -0.258944
v 0.213568 2.056908 -0.287499
v -0.607947 0.642838 -0.524340
v -0.624036 0.698228 -0.493575
v -0.595135 0.686919 -0.471144
v -0.587971 0.641350 -0.484505
v -0.629872 0.684117 -0.454188
v -0.650222 0.618010 -0.459503
v -0.601924 0.599479 -0.492752
v -0.650468 0.593152 -0.475189
v -0.643405 0.586147 -0.494918
v -0.627214 0.609488 -0.520006
v 0.440475 2.188401 -0.265906
v 0.397534 2.124316 -0.243663
v 0.422175 2.189976 -0.257774
v 0.097949 2.003280 -0.378058
v 0.003532 2.108327 -0.348911
v 0.206000 1.432663 -0.304874
v 0.146984 1.253420 -0.250104
v 0.157383 1.266664 -0.292351
v 0.206968 1.445691 -0.241684
v 0.002751 1.775550 -0.460790
v -0.391279 2.289101 -0.205457
v -0.460334 2.306996 -0.263924
v -0.388492 2.273574 -0.205024
v -0.490000 2.327724 -0.275855
v -0.498450 1.233791 -0.294559
v -0.448562 1.227306 -0.283856
v -0.398588 1.223045 -0.328371
v -0.374540 1.314804 -0.322205
v -0.291966 1.495679 -0.341934
v -0.270821 1.559057 -0.344549
v -0.257057 1.634596 -0.347293
v -0.252146 1.677205 -0.386333
v -0.236517 2.110435 -0.088409
v -0.352889 2.037568 -0.227586
v -0.388160 2.122468 -0.243559
v 0.503491 0.933526 -0.366289
v 0.518296 0.960305 -0.362245
v 0.542387 0.941904 -0.412335
v 0.534458 0.968017 -0.389066
v 0.487286 1.223016 -0.401459
v 0.431260 1.225847 -0.391102
v 0.476266 1.286365 -0.398743
v 0.414722 1.279678 -0.387794
v 0.461490 1.338058 -0.401228
v 0.395512 1.362800 -0.379850
v 0.440518 1.377648 -0.387361
v 0.390558 1.555085 -0.400678
v 0.346448 1.507436 -0.394409
v 0.361079 1.660710 -0.399826
v 0.304966 1.614318 -0.396446
v 0.288226 1.726413 -0.406311
v 0.259051 1.678172 -0.386581
v 0.265189 1.634625 -0.347512
v 0.278131 1.559086 -0.344753
v 0.299362 1.496618 -0.342153
v 0.382571 1.315758 -0.322481
v 0.406432 1.223998 -0.328677
v 0.396841 1.308175 -0.294071
v 0.319569 1.487172 -0.285852
v 0.291130 1.570511 -0.278559
v 0.091377 2.180313 -0.266497
v 0.004716 2.188054 -0.271726
v -0.087476 2.099820 -0.336577
v -0.082710 2.180298 -0.266468
v 0.345379 2.212984 -0.279454
v 0.466444 0.746643 -0.261054
v 0.513299 0.708310 -0.268926
v 0.505167 0.647128 -0.258801
v 0.445414 0.687295 -0.251015
v 0.501094 0.770821 -0.225206
v 0.490334 0.700886 -0.206039
v 0.550837 0.753561 -0.224469
v 0.550173 0.694545 -0.207931
v 0.519278 0.654898 -0.180070
v 0.492717 0.626459 -0.229394
v 0.446021 0.647474 -0.211642
v 0.479602 0.667493 -0.184619
v 0.477825 0.641394 -0.180532
v -0.381227 1.652954 -0.216868
v -0.285077 1.673521 -0.193644
v -0.343948 1.762869 -0.188025
v -0.319553 1.599037 -0.220277
v -0.404466 1.567059 -0.230979
v -0.357511 1.518139 -0.232280
v -0.463323 1.348616 -0.285994
v -0.426348 1.303640 -0.276952
v -0.479933 1.301141 -0.288218
v -0.388839 1.307236 -0.293793
v -0.310440 1.486233 -0.285663
v -0.282694 1.569587 -0.278398
v -0.388160 2.122468 -0.243559
v -0.430869 2.187462 -0.265802
v -0.396595 2.119376 -0.253366
v -0.413248 2.188128 -0.257656
v 0.689739 0.686110 -0.414429
v 0.647695 0.647864 -0.393269
v 0.660477 0.621620 -0.400679
v 0.696975 0.644788 -0.423153
v 0.662224 0.577568 -0.405850
v 0.690244 0.586248 -0.440904
v 0.670341 0.537964 -0.417144
v 0.692916 0.536188 -0.446739
v 0.655132 0.528648 -0.446768
v 0.644661 0.558272 -0.469184
v 0.640125 0.602786 -0.465501
v 0.644040 0.630373 -0.451058
v 0.642321 0.664387 -0.443186
v 0.657544 0.702042 -0.470426
v 0.636601 0.684117 -0.454827
v 0.656779 0.617995 -0.460171
v 0.658165 0.641292 -0.489549
v 0.656533 0.593138 -0.475886
v 0.668203 0.609878 -0.496020
v 0.648849 0.586133 -0.495630
v 0.632817 0.609488 -0.520689
v 0.613405 0.642823 -0.525037
v 0.630463 0.698228 -0.494258
v 0.608769 0.658032 -0.407612
v 0.642321 0.664387 -0.443186
v 0.644040 0.630373 -0.451058
v 0.619761 0.643964 -0.411685
v 0.647695 0.647864 -0.393269
v 0.660477 0.621620 -0.400679
v 0.613087 0.578073 -0.426937
v 0.662224 0.577568 -0.405850
v 0.605562 0.558098 -0.437293
v 0.670341 0.537964 -0.417144
v 0.655132 0.528648 -0.446768
v 0.644661 0.558272 -0.469184
v 0.640125 0.602786 -0.465501
v 0.104651 2.220032 -0.062845
v 0.090972 2.216133 -0.172904
v 0.151418 2.156481 -0.255491
v 0.201219 2.145288 -0.250957
v 0.091377 2.180313 -0.266497
v 0.216356 1.759330 -0.407062
v -0.192076 2.144363 -0.250897
v -0.144008 2.188170 -0.179879
v -0.202402 2.174333 -0.084610
v -0.093383 2.220032 -0.062830
v -0.081266 2.215237 -0.172904
v -0.082710 2.180298 -0.266468
v 0.047570 1.020115 -0.187347
v 0.118444 1.140371 -0.250205
v 0.060367 1.114402 -0.193977
v 0.115743 1.067186 -0.246320
v 0.131645 1.099323 -0.289376
v 0.134433 1.158888 -0.288162
v 0.082855 1.123689 -0.347149
v 0.090294 1.183586 -0.343120
v 0.003517 1.126130 -0.355310
v 0.003214 1.188063 -0.374881
v -0.082869 1.183586 -0.342990
v -0.075575 1.123674 -0.347019
v -0.125304 1.158873 -0.288017
v -0.123484 1.099308 -0.289230
v -0.109994 1.140356 -0.250089
v -0.107163 1.067172 -0.246203
v -0.038094 1.020100 -0.187289
v -0.050169 1.114387 -0.193905
v -0.353669 1.660652 -0.399506
v -0.417523 1.581156 -0.300466
v -0.397057 1.670041 -0.287034
v -0.383148 1.555028 -0.400299
v -0.432660 1.376666 -0.386997
v -0.417523 1.581156 -0.300466
v -0.383148 1.555028 -0.400299
v -0.468537 1.388061 -0.324948
v -0.454065 1.337076 -0.400819
v -0.505556 1.304188 -0.335694
v -0.468740 1.285383 -0.398335
v 0.114949 1.288647 -0.356148
v 0.134433 1.158888 -0.288162
v 0.090294 1.183586 -0.343120
v 0.157383 1.266664 -0.292351
v 0.156185 1.411879 -0.369248
v 0.206000 1.432663 -0.304874
v 0.196323 1.533478 -0.393456
v 0.240809 1.549510 -0.317123
v 0.249504 1.574281 -0.230664
v 0.249504 1.574281 -0.230664
v 0.182964 1.583467 -0.125863
v 0.206968 1.445691 -0.241684
v 0.249504 1.574281 -0.230664
v 0.152978 1.422654 -0.160482
v 0.086986 1.226887 -0.199696
v 0.146984 1.253420 -0.250104
v 0.060367 1.114402 -0.193977
v 0.146984 1.253420 -0.250104
v 0.086986 1.226887 -0.199696
v 0.118444 1.140371 -0.250205
v 0.118444 1.140371 -0.250205
v 0.134433 1.158888 -0.288162
v -0.257057 1.634596 -0.347293
v -0.189606 1.533449 -0.393281
v -0.232633 1.548571 -0.316904
v -0.240504 1.574252 -0.230489
v -0.285077 1.673521 -0.193644
v -0.240504 1.574252 -0.230489
v -0.285077 1.673521 -0.193644
v -0.172561 1.582557 -0.125745
v -0.336221 2.212031 -0.279336
v 0.687328 0.660733 -0.272147
v 0.639736 0.642607 -0.253240
v 0.645268 0.617981 -0.252417
v 0.700153 0.609445 -0.276509
v 0.652750 0.557983 -0.244805
v 0.691834 0.548031 -0.279065
v 0.651739 0.503127 -0.250785
v 0.698290 0.491283 -0.277967
v 0.659408 0.478905 -0.290403
v 0.664492 0.502765 -0.318871
v 0.658989 0.555383 -0.317008
v 0.664680 0.611756 -0.307071
v 0.655422 0.631066 -0.309974
v 0.703692 0.654754 -0.344869
v 0.659827 0.628134 -0.323638
v 0.668984 0.597630 -0.326671
v 0.707303 0.614861 -0.349722
v 0.654252 0.546861 -0.325934
v 0.697943 0.537632 -0.360685
v 0.663221 0.481649 -0.341937
v 0.701511 0.477952 -0.366693
v 0.661849 0.470354 -0.370608
v 0.671525 0.492597 -0.400303
v 0.666947 0.554357 -0.398310
v 0.658932 0.606960 -0.380964
v 0.648807 0.632150 -0.380487
v 0.422175 2.189976 -0.257774
v 0.402936 2.240253 -0.250610
v 0.469939 2.307950 -0.264058
v 0.399022 2.275394 -0.205070
v 0.348947 2.250710 -0.167301
v 0.097443 1.888815 -0.412376
v -0.638233 0.857511 -0.340633
v -0.618070 0.861540 -0.286846
v -0.609882 0.868834 -0.412562
v -0.209177 1.758377 -0.406843
v -0.281004 1.726370 -0.406049
v -0.247018 0.317817 -0.355193
v -0.255699 0.320070 -0.320067
v -0.215041 0.589571 -0.313394
v -0.170555 0.584169 -0.355179
v -0.212340 0.314596 -0.376339
v -0.191642 0.311794 -0.348058
v -0.134013 0.584934 -0.314550
v -0.128366 0.591621 -0.248225
v -0.194690 0.313528 -0.307155
v -0.172245 0.594727 -0.226141
v -0.226783 0.316893 -0.297839
v -0.219663 0.596070 -0.254999
v -0.496038 0.647128 -0.258465
v -0.504502 0.708310 -0.268590
v -0.457402 0.745733 -0.260732
v -0.436979 0.687295 -0.250752
v -0.491835 0.770821 -0.224884
v -0.480482 0.699976 -0.205775
v -0.541563 0.753547 -0.224147
v -0.540379 0.694545 -0.207638
v -0.508632 0.654898 -0.179777
v -0.483616 0.626459 -0.229087
v -0.436372 0.647474 -0.211365
v -0.470025 0.667493 -0.184355
v -0.468119 0.640484 -0.180268
v -0.108980 1.946127 0.176137
v -0.120145 1.919999 0.167746
v -0.061230 1.879153 0.284549
v -0.070850 1.967041 0.140360
v -0.060913 1.952887 0.187344
v -0.108980 1.946127 0.176137
v -0.051062 1.900962 0.287423
v -0.032589 1.918424 0.291092
v 0.008344 1.904891 0.376539
v -0.011863 1.891704 0.380684
v -0.051062 1.900962 0.287423
v -0.011834 1.868421 0.382446
v -0.011863 1.891704 0.380684
v 0.076227 1.831345 0.060647
v 0.076140 1.824715 0.054970
v 0.142002 1.840950 0.026257
v 0.006364 1.817508 0.069240
v 0.006436 1.819978 0.074093
v -0.062864 1.831359 0.060603
v -0.063875 1.824715 0.054941
v -0.129708 1.840950 0.026229
v -0.136092 1.847868 0.030750
v 0.005800 1.542014 -0.087399
v 0.005974 1.601463 -0.076277
v -0.244375 1.880597 -0.180731
v -0.227100 1.749870 -0.136924
v -0.099795 2.203769 -0.001879
v -0.174670 2.165162 -0.018502
v -0.131094 1.980156 0.116890
v -0.180924 2.003092 0.051476
v -0.077813 1.996115 0.107299
v -0.250599 1.996101 -0.046999
v -0.188680 1.985500 0.026157
v -0.157020 1.950417 0.108167
v -0.090840 1.855090 0.157432
v -0.120145 1.919999 0.167746
v -0.039276 1.825539 0.274467
v -0.061230 1.879153 0.284549
v -0.011834 1.868421 0.382446
v 0.008430 1.852172 0.382013
v -0.004108 1.995032 0.108238
v -0.240446 1.929358 -0.105625
v -0.244504 1.949045 -0.069618
v -0.189099 1.798746 -0.121036
v -0.163072 1.726529 -0.106839
v -0.164719 1.733924 -0.093565
v -0.117070 1.691677 -0.050379
v -0.164719 1.733924 -0.093565
v -0.163072 1.726529 -0.106839
v -0.160805 1.746417 -0.079439
v -0.189749 1.808857 -0.104195
v -0.150680 1.757929 -0.079309
v -0.160805 1.746417 -0.079439
v 0.148531 1.847854 0.030778
v 0.191630 1.817118 -0.100948
v 0.151463 1.763779 -0.077505
v 0.161573 1.757929 -0.079310
v 0.124352 1.714353 -0.044054
v 0.119803 1.722571 -0.040804
v 0.070392 1.708244 -0.019876
v 0.068629 1.693324 -0.014835
v 0.006118 1.701484 -0.006530
v 0.006147 1.687055 -0.004147
v -0.057577 1.693324 -0.014849
v -0.057649 1.708244 -0.019876
v -0.112376 1.713457 -0.044067
v -0.107710 1.722571 -0.040818
v -0.139602 1.762897 -0.077518
v -0.150680 1.757929 -0.079309
v -0.180491 1.817118 -0.100946
v 0.204947 1.889205 -0.012655
v 0.152401 1.860073 0.043112
v 0.195428 1.931481 0.026227
v 0.126418 1.833930 0.090285
v 0.158771 1.894390 0.097290
v 0.054794 1.806242 0.163397
v 0.105360 1.855075 0.157461
v 0.054678 1.825524 0.274482
v 0.006986 1.799064 0.169579
v 0.007028 1.795222 0.111906
v 0.061191 1.807788 0.100525
v 0.075403 1.837975 0.066323
v 0.006508 1.823300 0.078990
v -0.062777 1.837975 0.066280
v -0.047496 1.807788 0.100510
v -0.040085 1.806242 0.163397
v -0.039276 1.825539 0.274467
v -0.090840 1.855090 0.157432
v 0.200787 1.808857 -0.104226
v 0.200527 1.798746 -0.121053
v 0.175164 1.733924 -0.093566
v 0.171698 1.746417 -0.079455
v 0.129552 1.681855 -0.064910
v 0.128859 1.691677 -0.050366
v 0.066420 1.656189 -0.038681
v 0.068557 1.668741 -0.019673
v 0.005728 1.649820 -0.032254
v 0.006046 1.663859 -0.011672
v -0.055801 1.668741 -0.019673
v -0.055165 1.655308 -0.038710
v -0.118211 1.681870 -0.064967
v -0.116709 1.684628 -0.086011
v -0.052926 1.661779 -0.071626
v 0.005151 1.658731 -0.069243
v 0.064065 1.661779 -0.071626
v 0.128310 1.684628 -0.086041
v 0.174038 1.726543 -0.106883
v -0.102005 2.163703 0.093665
v 0.253867 1.989602 -0.123942
v 0.248811 1.952106 -0.035475
v 0.201856 1.985485 0.026198
v 0.158771 1.894390 0.097290
v 0.170889 1.950402 0.108223
v 0.105360 1.855075 0.157461
v 0.134059 1.920836 0.167802
v 0.054678 1.825524 0.274482
v 0.076935 1.879138 0.284592
v 0.028709 1.868421 0.382461
v 0.193551 1.891213 -0.034710
v 0.148531 1.847854 0.030778
v 0.154120 1.854772 0.035197
v 0.128859 1.691677 -0.050366
v 0.161573 1.757929 -0.079310
v 0.124352 1.714353 -0.044054
v 0.171698 1.746417 -0.079455
v 0.012199 2.046263 0.091599
v -0.036317 2.163183 0.112036
v 0.006147 1.687055 -0.004147
v 0.068557 1.668741 -0.019673
v 0.068629 1.693324 -0.014835
v 0.006046 1.663859 -0.011672
v -0.055801 1.668741 -0.019673
v -0.057577 1.693324 -0.014849
v 0.075403 1.837975 0.066323
v 0.006436 1.819978 0.074093
v 0.076227 1.831345 0.060647
v 0.006508 1.823300 0.078990
v -0.062777 1.837975 0.066280
v -0.062864 1.831359 0.060603
v 0.187326 2.165147 -0.018476
v 0.171178 2.143439 0.068807
v -0.105876 1.558378 -0.101754
v -0.184448 1.686015 -0.119664
v -0.172561 1.582557 -0.125745
v -0.115885 1.629960 -0.093464
v -0.151185 1.715075 -0.112385
v -0.193952 1.770697 -0.138137
v -0.116709 1.684628 -0.086011
v -0.117720 1.677753 -0.092424
v -0.145191 1.894405 0.097262
v -0.113993 1.833945 0.090257
v -0.183149 1.931496 0.026200
v -0.139587 1.859221 0.043055
v -0.237528 1.951240 -0.035488
v -0.192956 1.888324 -0.012682
v -0.104533 2.172643 0.108701
v 0.006277 2.163891 0.066655
v 0.203950 1.770711 -0.138212
v 0.115383 2.163688 0.093708
v -0.196494 2.077013 0.057658
v -0.169731 2.010443 0.060778
v -0.034684 2.005345 0.097217
v -0.141551 1.853920 0.035140
v -0.181314 1.890346 -0.034722
v -0.055801 1.668741 -0.019673
v -0.112376 1.713457 -0.044067
v -0.117070 1.691677 -0.050379
v -0.057577 1.693324 -0.014849
v -0.221106 1.922209 -0.105510
v -0.193952 1.770697 -0.138137
v 0.123126 1.946950 0.176194
v 0.076935 1.879138 0.284592
v 0.134059 1.920836 0.167802
v 0.066839 1.901785 0.287481
v 0.028709 1.868421 0.382461
v 0.028680 1.891704 0.380713
v 0.066839 1.901785 0.287481
v 0.028680 1.891704 0.380713
v 0.048467 1.918424 0.291092
v 0.123126 1.946950 0.176194
v 0.092866 1.991812 0.125743
v 0.170889 1.950402 0.108223
v 0.008430 1.852172 0.382013
v 0.007636 1.802342 0.269744
v 0.050257 2.163183 0.112036
v 0.018626 2.049037 0.090790
v 0.154120 1.854772 0.035197
v -0.181314 1.890346 -0.034722
v -0.136092 1.847868 0.030750
v -0.141551 1.853920 0.035140
v -0.117070 1.691677 -0.050379
v -0.150680 1.757929 -0.079309
v -0.160805 1.746417 -0.079439
v -0.112376 1.713457 -0.044067
v -0.202026 2.090691 -0.001358
v 0.198664 2.074081 0.058999
v 0.068557 1.668741 -0.019673
v 0.124352 1.714353 -0.044054
v 0.068629 1.693324 -0.014835
v 0.128859 1.691677 -0.050366
v 0.200787 1.808857 -0.104226
v 0.199400 1.789488 -0.133460
v 0.203950 1.770711 -0.138212
v 0.174038 1.726543 -0.106883
v 0.161573 1.757929 -0.079310
v 0.171698 1.746417 -0.079455
v 0.191630 1.817118 -0.100948
v 0.104651 2.220032 -0.062845
v 0.049463 2.212305 0.002165
v 0.005382 2.220003 -0.049542
v 0.006219 2.203798 0.004577
v -0.093383 2.220032 -0.062830
v -0.062777 1.837975 0.066280
v -0.136092 1.847868 0.030750
v 0.200527 1.798746 -0.121053
v 0.175164 1.733924 -0.093566
v 0.075419 1.952872 0.187373
v 0.048467 1.918424 0.291092
v 0.007925 1.929575 0.289532
v 0.008344 1.904891 0.376539
v -0.032589 1.918424 0.291092
v -0.079372 1.991812 0.125700
v 0.203950 1.770711 -0.138212
v 0.237112 1.750779 -0.137013
v 0.254848 1.881507 -0.180805
v 0.203950 1.770711 -0.138212
v 0.261679 1.945621 -0.156006
v 0.214306 2.091558 -0.001302
v 0.222337 2.025523 -0.018230
v 0.216862 2.082863 0.044483
v 0.209699 2.076999 0.057699
v 0.117029 1.558393 -0.101784
v 0.182964 1.583467 -0.125863
v 0.195948 1.686029 -0.119767
v 0.126360 1.629960 -0.093508
v 0.161977 1.715956 -0.112429
v 0.129133 1.677753 -0.092454
v 0.128310 1.684628 -0.086041
v 0.075403 1.837975 0.066323
v 0.148531 1.847854 0.030778
v -0.161700 2.077736 0.103646
v -0.149755 2.030968 0.101580
v -0.061203 2.005793 0.109884
v -0.100930 2.065820 0.127384
v -0.023972 2.054729 0.108034
v -0.148672 2.185151 0.113265
v -0.189663 2.198107 0.084234
v 0.156316 2.243821 0.121468
v 0.216126 2.239964 0.057468
v 0.154366 2.258509 0.114939
v 0.103049 2.253844 0.131593
v 0.090549 2.023041 0.120159
v 0.161602 2.129068 0.104511
v 0.083374 2.112630 0.121431
v -0.143039 2.243835 0.121411
v -0.089467 2.253007 0.131521
v -0.140382 2.258524 0.114883
v 0.037489 2.222646 0.120558
v 0.056571 1.878676 0.457032
v 0.028709 1.868421 0.382461
v 0.028680 1.891704 0.380713
v 0.008287 1.828514 0.431525
v 0.008430 1.852172 0.382013
v -0.011834 1.868421 0.382446
v -0.039232 1.877882 0.456989
v -0.011863 1.891704 0.380684
v -0.039102 1.910639 0.465279
v 0.008344 1.904891 0.376539
v 0.008590 1.948351 0.452179
v 0.009673 1.908892 0.521479
v 0.009616 1.877030 0.517926
v 0.057626 1.910625 0.465337
v 0.123283 1.811312 -0.112256
v 0.130937 1.845370 -0.153376
v 0.151044 1.815991 -0.104312
v 0.104521 1.783653 -0.074876
v 0.136904 1.791510 -0.064997
v 0.084748 1.769700 -0.043288
v 0.103510 1.772661 -0.021869
v 0.052698 1.762089 -0.030910
v 0.062404 1.764082 0.000215
v 0.006378 1.759388 0.011178
v 0.005829 1.758247 -0.024570
v -0.041242 1.762074 -0.030896
v -0.049980 1.764082 0.000215
v -0.091765 1.772661 -0.021869
v -0.073667 1.768819 -0.043303
v -0.125591 1.791510 -0.065010
v -0.093498 1.783653 -0.074876
v -0.112506 1.810416 -0.112284
v -0.120523 1.844460 -0.153361
v -0.089467 2.253007 0.131521
v -0.144180 2.235790 0.107054
v -0.140382 2.258524 0.114883
v -0.202979 2.239112 0.057398
v 0.167784 1.920172 -0.034305
v 0.125898 1.772661 -0.003482
v 0.154669 1.801649 -0.049022
v 0.132643 1.887342 0.016796
v 0.125898 1.772661 -0.003482
v 0.133206 1.805867 -0.066167
v 0.154669 1.801649 -0.049022
v 0.111700 1.778236 -0.028094
v 0.155377 1.864955 -0.121702
v 0.176825 1.858672 -0.103965
v -0.113589 1.771780 -0.003496
v -0.121923 1.805867 -0.066166
v -0.100142 1.778251 -0.028122
v -0.142851 1.801649 -0.049007
v -0.142851 1.801649 -0.049007
v -0.179408 1.950706 -0.089246
v -0.165816 1.858657 -0.103950
v 0.062404 1.764082 0.000215
v 0.113375 1.717011 -0.039302
v 0.103510 1.772661 -0.021869
v 0.066680 1.707608 -0.021233
v 0.006032 1.700690 -0.011932
v 0.006378 1.759388 0.011178
v -0.049980 1.764082 0.000215
v -0.054905 1.707608 -0.021248
v -0.102150 1.717025 -0.039344
v -0.091765 1.772661 -0.021869
v 0.146898 1.734054 -0.074862
v 0.151044 1.815991 -0.104312
v 0.136904 1.791510 -0.064997
v 0.161876 1.791091 -0.118365
v 0.068745 1.870862 0.053829
v 0.005930 1.756369 0.040873
v 0.065611 1.760370 0.028958
v 0.006248 1.868161 0.062539
v -0.056523 1.870862 0.053815
v -0.053215 1.760370 0.028929
v -0.120652 1.886490 0.016754
v -0.053215 1.760370 0.028929
v -0.056523 1.870862 0.053815
v -0.113589 1.771780 -0.003496
v 0.136904 1.791510 -0.064997
v 0.113375 1.717011 -0.039302
v 0.146898 1.734054 -0.074862
v 0.103510 1.772661 -0.021869
v -0.125591 1.791510 -0.065010
v -0.102150 1.717025 -0.039344
v -0.091765 1.772661 -0.021869
v -0.135875 1.734068 -0.074875
v -0.135875 1.734068 -0.074875
v -0.140930 1.815991 -0.104311
v -0.150362 1.791091 -0.118364
v -0.125591 1.791510 -0.065010
v -0.222680 2.170997 0.032902
v 0.024187 2.105193 0.093534
v 0.037242 2.054595 0.107892
v 0.117448 2.173481 0.108758
v 0.235090 2.171849 0.032972
v 0.120351 2.212016 0.118666
v 0.132643 1.887342 0.016796
v 0.065611 1.760370 0.028958
v 0.125898 1.772661 -0.003482
v 0.068745 1.870862 0.053829
v 0.065611 1.760370 0.028958
v 0.059747 1.765512 0.006484
v 0.005930 1.756369 0.040873
v 0.006465 1.761858 0.016536
v -0.047106 1.765512 0.006484
v -0.053215 1.760370 0.028929
v 0.154669 1.801649 -0.049022
v -0.156443 1.920186 -0.034332
v -0.113589 1.771780 -0.003496
v -0.120652 1.886490 0.016754
v -0.142851 1.801649 -0.049007
v -0.143978 1.864940 -0.121686
v 0.161876 1.791091 -0.118365
v 0.164865 1.805087 -0.163342
v -0.140930 1.815991 -0.104311
v -0.154754 1.804177 -0.163298
v 0.103049 2.253844 0.131593
v 0.157933 2.236642 0.107111
v 0.154366 2.258509 0.114939
v 0.216126 2.239964 0.057468
v -0.105182 2.184992 0.126726
v -0.044389 2.236223 0.127260
v -0.144180 2.235790 0.107054
v -0.202979 2.239112 0.057398
v 0.082090 2.167704 -0.271018
v -0.040765 2.366272 -0.054381
v -0.093079 2.494342 -0.099026
v -0.056061 2.381062 -0.089637
v 0.039685 2.287931 -0.033510
v 0.060397 2.267017 -0.005764
v 0.077151 2.253743 -0.053384
v 0.056959 2.332503 0.070107
v 0.026007 2.348218 0.034172
v 0.028247 2.469282 0.180455
v -0.019692 2.320270 -0.001937
v 0.037850 2.293506 0.085504
v 0.043455 2.231082 0.029622
v 0.083346 2.199811 -0.189933
v 0.033661 2.231645 -0.245728
v 0.039685 2.287931 -0.033510
v -0.019692 2.320270 -0.001937
v 0.026007 2.348218 0.034172
v -0.036822 2.270671 -0.038017
v -0.016832 2.367890 -0.053846
v -0.001681 2.383965 -0.087442
v 0.077151 2.253743 -0.053384
v 0.050546 2.307328 -0.105828
v 0.147895 2.420132 -0.062903
v 0.085499 2.208405 -0.109439
v 0.054590 2.277979 -0.141850
v 0.046300 2.299775 -0.142804
v 0.026021 2.275798 -0.143786
v -0.006722 2.375949 -0.114726
v -0.029745 2.374375 -0.115491
v -0.041531 2.263204 -0.104254
v -0.000713 2.277040 -0.144999
v 0.028201 2.309163 -0.179764
v 0.027710 2.256415 -0.212045
v 0.072167 2.382261 -0.254798
v 0.033661 2.231645 -0.245728
v 0.010537 2.313611 -0.251389
v -0.043135 2.399968 -0.265298
v -0.010709 2.306231 -0.254495
v -0.003271 2.240253 -0.250624
v -0.026640 2.252414 -0.214096
v 0.085499 2.208405 -0.109439
v 0.054590 2.277979 -0.141850
v 0.077151 2.253743 -0.053384
v 0.576705 0.901578 -0.277852
v 0.580966 0.977622 -0.240631
v 0.547270 0.908857 -0.276523
v 0.611008 0.973246 -0.263264
v 0.620512 0.902516 -0.304356
v 0.621422 0.931996 -0.305179
v 0.542372 0.939145 -0.413533
v 0.461230 0.971339 -0.359558
v 0.503462 0.994174 -0.427313
v 0.503477 0.930782 -0.367517
v 0.567995 0.921726 -0.424164
v 0.515349 0.847776 -0.433335
v 0.567619 0.754832 -0.448544
v 0.592939 0.773103 -0.479670
v 0.601345 0.686919 -0.471755
v 0.630463 0.698228 -0.494258
v 0.642321 0.664387 -0.443186
v 0.573961 0.733803 -0.396230
v 0.658988 0.716167 -0.436022
v 0.608769 0.658032 -0.407612
v 0.647695 0.647864 -0.393269
v 0.655249 0.676867 -0.381252
v 0.585704 0.713134 -0.351846
v 0.648807 0.632150 -0.380487
v 0.621480 0.611914 -0.361205
v 0.645153 0.657715 -0.319059
v 0.659827 0.628134 -0.323638
v 0.627228 0.861555 -0.287283
v 0.628572 0.773132 -0.260520
v 0.611008 0.973246 -0.263264
v 0.645817 0.940662 -0.336406
v 0.659697 1.007925 -0.331278
v 0.621422 0.931996 -0.305179
v 0.485336 0.969014 -0.290129
v 0.501599 0.939593 -0.310682
v 0.580966 0.977622 -0.240631
v 0.547270 0.908857 -0.276523
v 0.474272 0.894703 -0.291010
v 0.507521 0.825273 -0.225350
v 0.466126 0.788081 -0.281044
v 0.465375 0.871998 -0.329343
v 0.548569 0.840641 -0.370218
v 0.636601 0.684117 -0.454827
v 0.632428 0.699138 -0.249239
v 0.615081 0.635775 -0.298174
v 0.639736 0.642607 -0.253240
v 0.598558 0.716644 -0.295054
v 0.522947 0.748838 -0.300528
v 0.552108 0.762877 -0.320807
v 0.468423 0.784875 -0.311779
v 0.639736 0.642607 -0.253240
v 0.675339 0.731203 -0.273230
v 0.632428 0.699138 -0.249239
v 0.687328 0.660733 -0.272147
v 0.645153 0.657715 -0.319059
v 0.655422 0.631066 -0.309974
v 0.592939 0.773103 -0.479670
v 0.657544 0.702042 -0.470426
v 0.630463 0.698228 -0.494258
v 0.640270 0.763397 -0.456113
v 0.658988 0.716167 -0.436022
v 0.636601 0.684117 -0.454827
v 0.606820 1.001050 -0.414501
v 0.542372 0.939145 -0.413533
v 0.503462 0.994174 -0.427313
v 0.567995 0.921726 -0.424164
v 0.601345 0.922188 -0.411295
v 0.616987 0.868849 -0.413100
v 0.640270 0.763397 -0.456113
v 0.592939 0.773103 -0.479670
v 0.659827 0.628134 -0.323638
v 0.684497 0.740851 -0.336189
v 0.645153 0.657715 -0.319059
v 0.703692 0.654754 -0.344869
v 0.648807 0.632150 -0.380487
v 0.655249 0.676867 -0.381252
v 0.616396 0.996139 -0.391334
v 0.601345 0.922188 -0.411295
v 0.606820 1.001050 -0.414501
v 0.616295 0.935707 -0.397963
v -0.666817 0.755338 -0.400818
v -0.640891 0.647879 -0.392688
v -0.647159 0.675942 -0.380671
v -0.682662 0.686110 -0.413774
v -0.651696 0.716167 -0.435397
v -0.635230 0.664387 -0.442561
v -0.572212 0.976698 -0.240280
v -0.567258 0.901563 -0.277458
v -0.538689 0.907933 -0.276158
v -0.601114 0.973231 -0.262884
v -0.611874 0.901592 -0.303889
v -0.612813 0.931981 -0.304756
v -0.665734 0.731203 -0.272734
v -0.675931 0.740837 -0.335635
v -0.636991 0.657715 -0.318578
v -0.638233 0.857511 -0.340633
v -0.618070 0.861540 -0.286846
v -0.619500 0.773118 -0.260111
v -0.504502 0.708310 -0.268590
v -0.456780 0.788067 -0.280708
v -0.457402 0.745733 -0.260732
v -0.514179 0.748838 -0.300134
v -0.460030 0.784875 -0.311429
v -0.543975 0.762863 -0.320369
v -0.589631 0.716644 -0.294617
v -0.623010 0.699138 -0.248831
v -0.606256 0.635789 -0.297751
v -0.630434 0.642607 -0.252788
v -0.665734 0.731203 -0.272734
v -0.630434 0.642607 -0.252788
v -0.623010 0.699138 -0.248831
v -0.678617 0.659838 -0.271680
v -0.636991 0.657715 -0.318578
v -0.646972 0.631066 -0.309479
v -0.675931 0.740837 -0.335635
v -0.651796 0.628149 -0.323142
v -0.636991 0.657715 -0.318578
v -0.695415 0.654754 -0.344272
v -0.641628 0.632150 -0.379949
v -0.647159 0.675942 -0.380671
v -0.637251 0.940633 -0.335882
v -0.683427 0.999316 -0.343767
v -0.666037 0.930103 -0.350526
v -0.650987 1.006957 -0.330754
v -0.453401 0.971310 -0.359179
v -0.533476 0.944821 -0.414974
v -0.496819 0.994160 -0.426846
v -0.494073 0.936415 -0.369029
v -0.476265 0.969000 -0.289778
v -0.493163 0.938640 -0.310302
v -0.572212 0.976698 -0.240280
v -0.538689 0.907933 -0.276158
v -0.466154 0.894688 -0.290674
v -0.498291 0.825273 -0.225043
v -0.491835 0.770821 -0.224884
v -0.575911 0.785424 -0.478583
v -0.595135 0.686919 -0.471144
v -0.624036 0.698228 -0.493575
v -0.550563 0.766142 -0.447515
v -0.561236 0.921712 -0.423640
v -0.508893 0.846837 -0.432855
v -0.533476 0.944821 -0.414974
v -0.598862 1.001021 -0.413963
v -0.496819 0.994160 -0.426846
v -0.561236 0.921712 -0.423640
v -0.593286 0.922174 -0.410742
v -0.609882 0.868834 -0.412562
v -0.633584 0.763383 -0.455473
v -0.575911 0.785424 -0.478583
v 0.000484 2.256834 -0.306289
v -0.008759 2.198367 -0.308571
v 0.028115 2.255664 -0.305336
v 0.044638 2.201371 -0.309524
v -0.033299 2.312196 -0.405096
v 0.011115 2.216147 -0.392762
v -0.016618 2.231963 -0.458277
v 0.027465 2.127349 -0.408910
v 0.072499 2.107980 -0.355252
v 0.035986 2.213128 -0.391953
v 0.141497 2.309350 0.057325
v 0.180625 2.433203 0.146512
v 0.122460 2.311589 0.076635
v 0.102557 2.318334 0.041206
v 0.090670 2.319447 0.046362
v 0.117693 2.237177 -0.351266
v 0.112681 2.313396 -0.257225
v 0.083346 2.199811 -0.189933
v 0.647695 0.647864 -0.393269
v 0.674271 0.755338 -0.401415
v 0.655249 0.676867 -0.381252
v 0.689739 0.686110 -0.414429
v 0.658988 0.716167 -0.436022
v 0.642321 0.664387 -0.443186
v 0.674271 0.755338 -0.401415
v 0.658988 0.716167 -0.436022
v 0.646655 0.857525 -0.341172
v 0.684497 0.740851 -0.336189
v 0.655249 0.676867 -0.381252
v -0.650381 0.702042 -0.469758
v -0.575911 0.785424 -0.478583
v -0.624036 0.698228 -0.493575
v -0.633584 0.763383 -0.455473
v -0.651696 0.716167 -0.435397
v -0.629872 0.684117 -0.454188
v -0.613694 0.611929 -0.360710
v -0.636991 0.657715 -0.318578
v -0.651796 0.628149 -0.323142
v -0.577614 0.713134 -0.351394
v -0.641628 0.632150 -0.379949
v -0.647159 0.675942 -0.380671
v -0.566319 0.733803 -0.395721
v -0.640891 0.647879 -0.392688
v -0.601505 0.658047 -0.407073
v -0.635230 0.664387 -0.442561
v -0.651696 0.716167 -0.435397
v -0.629872 0.684117 -0.454188
v -0.593286 0.922174 -0.410742
v -0.608624 0.995171 -0.390795
v -0.598862 1.001021 -0.413963
v -0.608725 0.934769 -0.397425
v -0.623010 0.699138 -0.248831
v -0.514179 0.748838 -0.300134
v -0.541058 0.840626 -0.369737
v -0.457532 0.871059 -0.328963
v -0.646972 0.631066 -0.309479
v 0.005930 2.210283 0.045380
v -0.198473 2.396603 0.112442
v -0.071631 2.254003 -0.025407
v -0.036822 2.270671 -0.038017
v -0.637251 0.940633 -0.335882
v -0.601114 0.973231 -0.262884
v -0.650987 1.006957 -0.330754
v -0.612813 0.931981 -0.304756
v -0.666817 0.755338 -0.400818
v -0.651696 0.716167 -0.435397
v -0.647159 0.675942 -0.380671
v 0.076154 2.201212 0.001140
v 0.043455 2.231082 0.029622
v 0.004414 2.153766 0.065673
v -0.063831 2.202065 0.001197
v -0.071631 2.254003 -0.025407
v -0.076253 2.207683 -0.086460
v -0.036822 2.270671 -0.038017
v -0.041531 2.263204 -0.104254
v -0.048622 2.212724 -0.146212
v -0.000713 2.277040 -0.144999
v -0.047771 2.207683 -0.150935
v -0.026640 2.252414 -0.214096
v -0.042557 2.186610 -0.230302
v -0.003271 2.240253 -0.250624
v -0.008759 2.198367 -0.308571
v -0.046832 2.107431 -0.329630
v -0.043453 1.924028 -0.410166
v -0.031061 1.832746 -0.443198
v 0.046300 2.299775 -0.142804
v 0.027710 2.256415 -0.212045
v 0.026021 2.275798 -0.143786
v 0.054590 2.277979 -0.141850
v 0.037850 2.293506 0.085504
v 0.005930 2.210283 0.045380
v 0.043455 2.231082 0.029622
v 0.466444 0.746643 -0.261054
v 0.501094 0.770821 -0.225206
v 0.513299 0.708310 -0.268926
v 0.655422 0.631066 -0.309974
v 0.675339 0.731203 -0.273230
v 0.645153 0.657715 -0.319059
v 0.632428 0.699138 -0.249239
v 0.522947 0.748838 -0.300528
v 0.691733 0.999345 -0.344321
v 0.645817 0.940662 -0.336406
v 0.674141 0.930132 -0.351095
v 0.659697 1.007925 -0.331278
v 0.060034 2.046018 -0.507009
v -0.023969 1.918237 -0.460112
v 0.141497 2.309350 0.057325
v 0.110140 2.205575 -0.065112
v 0.122460 2.311589 0.076635
v 0.090670 2.319447 0.046362
v 0.060397 2.267017 -0.005764
v 0.102557 2.318334 0.041206
v 0.554303 0.790999 -0.238060
v 0.522947 0.748838 -0.300528
v 0.628572 0.773132 -0.260520
v 0.513299 0.708310 -0.268926
v 0.550837 0.753561 -0.224469
v 0.501094 0.770821 -0.225206
v 0.507521 0.825273 -0.225350
v 0.547270 0.908857 -0.276523
v 0.576705 0.901578 -0.277852
v -0.544539 0.790999 -0.237738
v -0.619500 0.773118 -0.260111
v -0.514179 0.748838 -0.300134
v -0.567258 0.901563 -0.277458
v -0.538689 0.907933 -0.276158
v -0.498291 0.825273 -0.225043
v -0.491835 0.770821 -0.224884
v -0.541563 0.753547 -0.224147
v -0.504502 0.708310 -0.268590
v 0.164345 -0.003867 -0.258727
v 0.144949 0.063584 -0.083745
v 0.167219 0.082794 -0.250812
v 0.144833 -0.002856 -0.090995
v 0.160360 -0.003029 -0.040458
v 0.212255 0.082851 0.098718
v 0.158554 0.060507 -0.038537
v 0.213165 0.030364 0.097635
v 0.356213 0.034986 0.115661
v 0.424140 0.076930 0.042071
v 0.354378 0.085581 0.116599
v 0.426986 0.023807 0.047560
v 0.144833 -0.002856 -0.090995
v 0.158554 0.060507 -0.038537
v 0.144949 0.063584 -0.083745
v 0.160360 -0.003029 -0.040458
v 0.213165 0.030364 0.097635
v 0.354378 0.085581 0.116599
v 0.212255 0.082851 0.098718
v 0.356213 0.034986 0.115661
v 0.413393 0.068105 -0.175158
v 0.422797 -0.005326 -0.104226
v 0.403442 -0.005297 -0.163964
v 0.425354 0.066213 -0.117312
v 0.444679 -0.005210 -0.058758
v 0.441053 0.064840 -0.055465
v 0.341956 -0.005658 -0.327970
v 0.318571 0.063165 -0.410673
v 0.344816 0.063382 -0.321860
v 0.314729 -0.005427 -0.420205
v 0.265853 0.011703 -0.483323
v 0.177488 0.080410 -0.479481
v 0.271500 0.074171 -0.475582
v 0.171840 0.017914 -0.487107
v 0.167219 0.082794 -0.250812
v 0.158422 0.082678 -0.403334
v 0.144513 0.081147 -0.408939
v 0.181013 0.085393 -0.252185
v 0.402359 0.067209 -0.175187
v 0.344816 0.063382 -0.321860
v 0.333781 0.067252 -0.320156
v 0.413393 0.068105 -0.175158
v 0.271500 0.074171 -0.475582
v 0.313097 0.067339 -0.406686
v 0.318571 0.063165 -0.410673
v 0.269868 0.075586 -0.462106
v 0.314729 -0.005427 -0.420205
v 0.271500 0.074171 -0.475582
v 0.318571 0.063165 -0.410673
v 0.265853 0.011703 -0.483323
v 0.144949 0.063584 -0.083745
v 0.181013 0.085393 -0.252185
v 0.167219 0.082794 -0.250812
v 0.157832 0.066169 -0.084467
v 0.139747 -0.003434 -0.419266
v 0.177488 0.080410 -0.479481
v 0.171840 0.017914 -0.487107
v 0.144513 0.081147 -0.408939
v 0.350464 0.092557 0.101232
v 0.212255 0.082851 0.098718
v 0.354378 0.085581 0.116599
v 0.215693 0.089813 0.082932
v 0.416658 0.081364 0.034647
v 0.441053 0.064840 -0.055465
v 0.430900 0.063815 -0.056823
v 0.424140 0.076930 0.042071
v 0.169010 0.123466 -0.254597
v 0.158422 0.082678 -0.403334
v 0.181013 0.085393 -0.252185
v 0.163219 0.154924 -0.390942
v 0.171046 0.151284 -0.420436
v 0.184146 0.082649 -0.466944
v 0.158422 0.082678 -0.403334
v 0.183467 0.153148 -0.451158
v 0.187266 0.175535 -0.443358
v 0.266257 0.147804 -0.458018
v 0.261780 0.174928 -0.450233
v 0.293497 0.144308 -0.424625
v 0.269868 0.075586 -0.462106
v 0.313097 0.067339 -0.406686
v 0.293497 0.144308 -0.424625
v 0.311365 0.145651 -0.400288
v 0.313097 0.067339 -0.406686
v 0.177488 0.080410 -0.479481
v 0.269868 0.075586 -0.462106
v 0.271500 0.074171 -0.475582
v 0.184146 0.082649 -0.466944
v 0.215693 0.089813 0.082932
v 0.158554 0.060507 -0.038537
v 0.212255 0.082851 0.098718
v 0.166556 0.063916 -0.055984
v 0.425354 0.066213 -0.117312
v 0.414290 0.065259 -0.117803
v 0.441053 0.064840 -0.055465
v 0.430900 0.063815 -0.056823
v 0.302410 0.221783 -0.383952
v 0.323685 0.106163 -0.318697
v 0.311365 0.145651 -0.400288
v 0.327946 0.196882 -0.282227
v 0.280470 0.285955 -0.373120
v 0.297254 0.289970 -0.301654
v 0.404366 0.119509 -0.165048
v 0.414290 0.065259 -0.117803
v 0.402359 0.067209 -0.175187
v 0.413278 0.118079 -0.124649
v 0.430900 0.063815 -0.056823
v 0.430048 0.118946 -0.052317
v 0.160649 0.120563 -0.080986
v 0.211778 0.179911 -0.111462
v 0.210145 0.195727 -0.156280
v 0.170326 0.114656 -0.051160
v 0.218350 0.177889 -0.043434
v 0.177315 0.204783 -0.253398
v 0.163219 0.154924 -0.390942
v 0.169010 0.123466 -0.254597
v 0.169877 0.227026 -0.376716
v 0.177994 0.278387 -0.270369
v 0.172881 0.275527 -0.362663
v 0.430048 0.118946 -0.052317
v 0.416658 0.081364 0.034647
v 0.430900 0.063815 -0.056823
v 0.414738 0.128522 0.028596
v 0.358235 0.169339 -0.050453
v 0.356617 0.164457 0.022284
v 0.218350 0.177889 -0.043434
v 0.219231 0.174972 0.013285
v 0.170326 0.114656 -0.051160
v 0.215476 0.145290 0.068488
v 0.166556 0.063916 -0.055984
v 0.215693 0.089813 0.082932
v 0.350233 0.148699 0.086571
v 0.350464 0.092557 0.101232
v 0.326733 0.188202 -0.181383
v 0.327946 0.196882 -0.282227
v 0.310484 0.218446 -0.219846
v 0.404366 0.119509 -0.165048
v 0.210145 0.195727 -0.156280
v 0.340439 0.173932 -0.128953
v 0.326733 0.188202 -0.181383
v 0.211778 0.179911 -0.111462
v 0.358235 0.169339 -0.050453
v 0.218350 0.177889 -0.043434
v 0.209654 0.283557 -0.248747
v 0.310484 0.218446 -0.219846
v 0.281294 0.288122 -0.261790
v 0.207661 0.227459 -0.197704
v 0.326733 0.188202 -0.181383
v 0.413278 0.118079 -0.124649
v 0.404366 0.119509 -0.165048
v 0.340439 0.173932 -0.128953
v 0.430048 0.118946 -0.052317
v 0.358235 0.169339 -0.050453
v 0.172881 0.275527 -0.362663
v 0.190342 0.241050 -0.424567
v 0.169877 0.227026 -0.376716
v 0.186948 0.277159 -0.405358
v 0.177315 0.204783 -0.253398
v 0.209654 0.283557 -0.248747
v 0.177994 0.278387 -0.270369
v 0.207661 0.227459 -0.197704
v 0.190342 0.241050 -0.424567
v 0.261780 0.174928 -0.450233
v 0.187266 0.175535 -0.443358
v 0.251106 0.236284 -0.425434
v 0.157832 0.066169 -0.084467
v 0.170326 0.114656 -0.051160
v 0.160649 0.120563 -0.080986
v 0.166556 0.063916 -0.055984
v 0.173170 0.311361 -0.283758
v 0.172881 0.275527 -0.362663
v 0.177994 0.278387 -0.270369
v 0.169198 0.307129 -0.362634
v 0.293527 0.323840 -0.304297
v 0.281294 0.288122 -0.261790
v 0.297254 0.289970 -0.301654
v 0.268237 0.322237 -0.271409
v 0.212182 0.316330 -0.263465
v 0.177994 0.278387 -0.270369
v 0.209654 0.283557 -0.248747
v 0.173170 0.311361 -0.283758
v 0.333781 0.067252 -0.320156
v 0.323685 0.106163 -0.318697
v 0.402359 0.067209 -0.175187
v 0.177315 0.204783 -0.253398
v 0.210145 0.195727 -0.156280
v 0.207661 0.227459 -0.197704
v 0.160649 0.120563 -0.080986
v 0.281294 0.288122 -0.261790
v 0.327946 0.196882 -0.282227
v 0.297254 0.289970 -0.301654
v 0.310484 0.218446 -0.219846
v 0.160649 0.120563 -0.080986
v 0.169010 0.123466 -0.254597
v 0.157832 0.066169 -0.084467
v 0.177315 0.204783 -0.253398
v 0.268237 0.322237 -0.271409
v 0.209654 0.283557 -0.248747
v 0.281294 0.288122 -0.261790
v 0.212182 0.316330 -0.263465
v 0.169198 0.307129 -0.362634
v 0.186948 0.277159 -0.405358
v 0.172881 0.275527 -0.362663
v 0.183367 0.308458 -0.399147
v 0.234656 0.315940 -0.298158
v 0.293527 0.323840 -0.304297
v 0.263803 0.320041 -0.320416
v 0.268237 0.322237 -0.271409
v 0.202288 0.313499 -0.307445
v 0.169198 0.307129 -0.362634
v 0.173170 0.311361 -0.283758
v 0.198894 0.311780 -0.348349
v 0.219635 0.314582 -0.376644
v 0.277726 0.319493 -0.372773
v 0.236706 0.313759 -0.403798
v 0.254039 0.317803 -0.355557
v 0.236706 0.313759 -0.403798
v 0.280470 0.285955 -0.373120
v 0.239378 0.281463 -0.410586
v 0.277726 0.319493 -0.372773
v 0.234656 0.315940 -0.298158
v 0.173170 0.311361 -0.283758
v 0.212182 0.316330 -0.263465
v 0.202288 0.313499 -0.307445
v 0.157832 0.066169 -0.084467
v 0.169010 0.123466 -0.254597
v 0.181013 0.085393 -0.252185
v 0.163219 0.154924 -0.390942
v 0.171046 0.151284 -0.420436
v 0.158422 0.082678 -0.403334
v 0.219635 0.314582 -0.376644
v 0.236706 0.313759 -0.403798
v 0.183367 0.308458 -0.399147
v 0.234656 0.315940 -0.298158
v 0.212182 0.316330 -0.263465
v 0.268237 0.322237 -0.271409
v -0.158841 0.082822 -0.250609
v -0.132887 -0.003419 -0.419062
v -0.138246 0.081162 -0.408735
v -0.155288 -0.003853 -0.258495
v -0.147257 0.060522 -0.038391
v -0.134257 -0.002842 -0.090835
v -0.134142 0.063598 -0.083614
v -0.150059 -0.002134 -0.040283
v -0.341044 0.086448 0.116832
v -0.200408 0.030378 0.097782
v -0.198545 0.082866 0.098850
v -0.342893 0.035015 0.115908
v -0.198545 0.082866 0.098850
v -0.150059 -0.002134 -0.040283
v -0.147257 0.060522 -0.038391
v -0.200408 0.030378 0.097782
v -0.336784 0.063425 -0.321367
v -0.393287 -0.005239 -0.163485
v -0.403585 0.069058 -0.174707
v -0.334112 -0.005600 -0.327477
v -0.171596 0.080439 -0.479176
v -0.260076 0.012700 -0.482888
v -0.265478 0.074214 -0.475146
v -0.166194 0.017943 -0.486831
v -0.151996 0.082693 -0.403088
v -0.158841 0.082822 -0.250609
v -0.138246 0.081162 -0.408735
v -0.172664 0.085422 -0.251966
v -0.336784 0.063425 -0.321367
v -0.392536 0.068148 -0.174722
v -0.326616 0.067296 -0.319677
v -0.403585 0.069058 -0.174707
v -0.306772 0.068321 -0.406237
v -0.265478 0.074214 -0.475146
v -0.312362 0.064147 -0.410194
v -0.263427 0.075630 -0.461685
v -0.178760 0.082678 -0.466682
v -0.138246 0.081162 -0.408735
v -0.171596 0.080439 -0.479176
v -0.151996 0.082693 -0.403088
v -0.155822 0.063930 -0.055839
v -0.134142 0.063598 -0.083614
v -0.147054 0.066184 -0.084321
v -0.147257 0.060522 -0.038391
v -0.429351 0.064884 -0.055058
v -0.413955 0.023850 0.047909
v -0.411268 0.077839 0.042392
v -0.434031 -0.004286 -0.058337
v -0.265478 0.074214 -0.475146
v -0.308837 -0.005369 -0.419741
v -0.312362 0.064147 -0.410194
v -0.260076 0.012700 -0.482888
v -0.172664 0.085422 -0.251966
v -0.134142 0.063598 -0.083614
v -0.158841 0.082822 -0.250609
v -0.147054 0.066184 -0.084321
v -0.263427 0.075630 -0.461685
v -0.171596 0.080439 -0.479176
v -0.265478 0.074214 -0.475146
v -0.178760 0.082678 -0.466682
v -0.147257 0.060522 -0.038391
v -0.203398 0.089828 0.083064
v -0.198545 0.082866 0.098850
v -0.155822 0.063930 -0.055839
v -0.341044 0.086448 0.116832
v -0.404018 0.081393 0.034997
v -0.411268 0.077839 0.042392
v -0.337592 0.093438 0.101450
v -0.414662 0.066256 -0.116861
v -0.404538 0.065303 -0.117381
v -0.429351 0.064884 -0.055058
v -0.420165 0.063858 -0.056416
v -0.326616 0.067296 -0.319677
v -0.304821 0.145695 -0.399795
v -0.306772 0.068321 -0.406237
v -0.315553 0.106206 -0.318233
v -0.315553 0.106206 -0.318233
v -0.394212 0.119552 -0.164568
v -0.319582 0.196911 -0.281821
v -0.392536 0.068148 -0.174722
v -0.171596 0.080439 -0.479176
v -0.132887 -0.003419 -0.419062
v -0.166194 0.017943 -0.486831
v -0.138246 0.081162 -0.408735
v -0.429351 0.064884 -0.055058
v -0.404018 0.081393 0.034997
v -0.420165 0.063858 -0.056416
v -0.411268 0.077839 0.042392
v -0.315553 0.106206 -0.318233
v -0.295361 0.221826 -0.383517
v -0.304821 0.145695 -0.399795
v -0.319582 0.196911 -0.281821
v -0.274013 0.285984 -0.372713
v -0.289482 0.290909 -0.301276
v -0.177590 0.153176 -0.450910
v -0.181157 0.175549 -0.443067
v -0.165154 0.151299 -0.420189
v -0.260596 0.147847 -0.457612
v -0.255873 0.175910 -0.449798
v -0.286782 0.144352 -0.424175
v -0.404538 0.065303 -0.117381
v -0.394212 0.119552 -0.164568
v -0.392536 0.068148 -0.174722
v -0.403715 0.118122 -0.124227
v -0.420165 0.063858 -0.056416
v -0.418244 0.118974 -0.051924
v -0.403715 0.118122 -0.124227
v -0.317084 0.189126 -0.181049
v -0.394212 0.119552 -0.164568
v -0.330097 0.174842 -0.128576
v -0.418244 0.118974 -0.051924
v -0.346374 0.170263 -0.050134
v -0.319582 0.196911 -0.281821
v -0.317084 0.189126 -0.181049
v -0.301109 0.218475 -0.219469
v -0.394212 0.119552 -0.164568
v -0.166092 0.275541 -0.362415
v -0.165774 0.311375 -0.283554
v -0.169255 0.278401 -0.270165
v -0.162394 0.308068 -0.362386
v -0.169255 0.278401 -0.270165
v -0.204150 0.316358 -0.263189
v -0.201146 0.284496 -0.248485
v -0.165774 0.311375 -0.283554
v -0.162394 0.308068 -0.362386
v -0.194690 0.313528 -0.307155
v -0.165774 0.311375 -0.283554
v -0.191642 0.311794 -0.348058
v -0.285828 0.323869 -0.303890
v -0.226783 0.316893 -0.297839
v -0.255699 0.320070 -0.320067
v -0.259526 0.322266 -0.271089
v -0.270316 0.319522 -0.372338
v -0.212340 0.314596 -0.376339
v -0.230265 0.313787 -0.403420
v -0.247018 0.317817 -0.355193
v -0.304821 0.145695 -0.399795
v -0.286782 0.144352 -0.424175
v -0.306772 0.068321 -0.406237
v -0.315553 0.106206 -0.318233
v -0.326616 0.067296 -0.319677
v -0.392536 0.068148 -0.174722
v -0.159809 0.123481 -0.254393
v -0.147054 0.066184 -0.084321
v -0.172664 0.085422 -0.251966
v -0.165154 0.151299 -0.420189
v -0.156386 0.154953 -0.390695
v -0.151996 0.082693 -0.403088
v 0.169877 0.227026 -0.376716
v 0.171046 0.151284 -0.420436
v 0.163219 0.154924 -0.390942
v 0.190342 0.241050 -0.424567
v 0.187266 0.175535 -0.443358
v 0.277726 0.319493 -0.372773
v 0.297254 0.289970 -0.301654
v 0.280470 0.285955 -0.373120
v 0.293527 0.323840 -0.304297
v 0.254039 0.317803 -0.355557
v 0.293527 0.323840 -0.304297
v 0.277726 0.319493 -0.372773
v 0.263803 0.320041 -0.320416
v 0.183367 0.308458 -0.399147
v 0.239378 0.281463 -0.410586
v 0.186948 0.277159 -0.405358
v 0.236706 0.313759 -0.403798
v 0.169198 0.307129 -0.362634
v 0.198894 0.311780 -0.348349
v 0.183367 0.308458 -0.399147
v -0.183613 0.241079 -0.424276
v -0.166092 0.275541 -0.362415
v -0.163535 0.227040 -0.376440
v -0.180565 0.277188 -0.405081
v -0.200655 0.195756 -0.156076
v -0.168085 0.204797 -0.253194
v -0.198517 0.227474 -0.197486
v -0.149741 0.120578 -0.080840
v -0.165154 0.151299 -0.420189
v -0.163535 0.227040 -0.376440
v -0.156386 0.154953 -0.390695
v -0.181157 0.175549 -0.443067
v -0.183613 0.241079 -0.424276
v -0.159809 0.123481 -0.254393
v -0.149741 0.120578 -0.080840
v -0.147054 0.066184 -0.084321
v -0.168085 0.204797 -0.253194
v -0.289482 0.290909 -0.301276
v -0.270316 0.319522 -0.372338
v -0.274013 0.285984 -0.372713
v -0.285828 0.323869 -0.303890
v -0.285828 0.323869 -0.303890
v -0.247018 0.317817 -0.355193
v -0.270316 0.319522 -0.372338
v -0.255699 0.320070 -0.320067
v -0.201146 0.284496 -0.248485
v -0.259526 0.322266 -0.271089
v -0.273190 0.288150 -0.261441
v -0.204150 0.316358 -0.263189
v -0.274013 0.285984 -0.372713
v -0.230265 0.313787 -0.403420
v -0.233139 0.281492 -0.410223
v -0.270316 0.319522 -0.372338
v -0.233139 0.281492 -0.410223
v -0.176780 0.308472 -0.398870
v -0.180565 0.277188 -0.405081
v -0.230265 0.313787 -0.403420
v -0.319582 0.196911 -0.281821
v -0.273190 0.288150 -0.261441
v -0.289482 0.290909 -0.301276
v -0.301109 0.218475 -0.219469
v -0.159418 0.114670 -0.051029
v -0.147054 0.066184 -0.084321
v -0.149741 0.120578 -0.080840
v -0.155822 0.063930 -0.055839
v -0.273190 0.288150 -0.261441
v -0.285828 0.323869 -0.303890
v -0.289482 0.290909 -0.301276
v -0.259526 0.322266 -0.271089
v -0.180565 0.277188 -0.405081
v -0.162394 0.308068 -0.362386
v -0.166092 0.275541 -0.362415
v -0.176780 0.308472 -0.398870
v -0.165774 0.311375 -0.283554
v -0.226783 0.316893 -0.297839
v -0.204150 0.316358 -0.263189
v -0.194690 0.313528 -0.307155
v -0.162394 0.308068 -0.362386
v -0.191642 0.311794 -0.348058
v -0.176780 0.308472 -0.398870
v 0.139747 -0.003434 -0.419266
v 0.167219 0.082794 -0.250812
v 0.144513 0.081147 -0.408939
v 0.164345 -0.003867 -0.258727
v 0.426986 0.023807 0.047560
v 0.441053 0.064840 -0.055465
v 0.424140 0.076930 0.042071
v 0.444679 -0.005210 -0.058758
v 0.403442 -0.005297 -0.163964
v 0.344816 0.063382 -0.321860
v 0.413393 0.068105 -0.175158
v 0.341956 -0.005658 -0.327970
v 0.314729 -0.005427 -0.420205
v 0.171840 0.017914 -0.487107
v 0.265853 0.011703 -0.483323
v 0.139747 -0.003434 -0.419266
v 0.164345 -0.003867 -0.258727
v 0.341956 -0.005658 -0.327970
v 0.144833 -0.002856 -0.090995
v 0.403442 -0.005297 -0.163964
v 0.422797 -0.005326 -0.104226
v 0.160360 -0.003029 -0.040458
v 0.444679 -0.005210 -0.058758
v 0.213165 0.030364 0.097635
v 0.426986 0.023807 0.047560
v 0.356213 0.034986 0.115661
v 0.318571 0.063165 -0.410673
v 0.313097 0.067339 -0.406686
v 0.144513 0.081147 -0.408939
v 0.184146 0.082649 -0.466944
v 0.177488 0.080410 -0.479481
v 0.158422 0.082678 -0.403334
v 0.144949 0.063584 -0.083745
v 0.166556 0.063916 -0.055984
v 0.157832 0.066169 -0.084467
v 0.158554 0.060507 -0.038537
v -0.134142 0.063598 -0.083614
v -0.155288 -0.003853 -0.258495
v -0.158841 0.082822 -0.250609
v -0.134257 -0.002842 -0.090835
v -0.411268 0.077839 0.042392
v -0.342893 0.035015 0.115908
v -0.341044 0.086448 0.116832
v -0.413955 0.023850 0.047909
v -0.412626 -0.004373 -0.103761
v -0.403585 0.069058 -0.174707
v -0.393287 -0.005239 -0.163485
v -0.414662 0.066256 -0.116861
v -0.434031 -0.004286 -0.058337
v -0.429351 0.064884 -0.055058
v -0.312362 0.064147 -0.410194
v -0.334112 -0.005600 -0.327477
v -0.336784 0.063425 -0.321367
v -0.308837 -0.005369 -0.419741
v 0.416658 0.081364 0.034647
v 0.354378 0.085581 0.116599
v 0.424140 0.076930 0.042071
v 0.350464 0.092557 0.101232
v 0.311365 0.145651 -0.400288
v 0.333781 0.067252 -0.320156
v 0.313097 0.067339 -0.406686
v 0.323685 0.106163 -0.318697
v 0.293497 0.144308 -0.424625
v 0.302410 0.221783 -0.383952
v 0.311365 0.145651 -0.400288
v 0.261780 0.174928 -0.450233
v 0.251106 0.236284 -0.425434
v 0.404366 0.119509 -0.165048
v 0.323685 0.106163 -0.318697
v 0.327946 0.196882 -0.282227
v 0.402359 0.067209 -0.175187
v 0.239378 0.281463 -0.410586
v 0.302410 0.221783 -0.383952
v 0.251106 0.236284 -0.425434
v 0.280470 0.285955 -0.373120
v 0.186948 0.277159 -0.405358
v 0.251106 0.236284 -0.425434
v 0.190342 0.241050 -0.424567
v 0.239378 0.281463 -0.410586
v 0.207661 0.227459 -0.197704
v 0.310484 0.218446 -0.219846
v -0.166194 0.017943 -0.486831
v -0.308837 -0.005369 -0.419741
v -0.260076 0.012700 -0.482888
v -0.132887 -0.003419 -0.419062
v -0.155288 -0.003853 -0.258495
v -0.334112 -0.005600 -0.327477
v -0.134257 -0.002842 -0.090835
v -0.393287 -0.005239 -0.163485
v -0.412626 -0.004373 -0.103761
v -0.150059 -0.002134 -0.040283
v -0.434031 -0.004286 -0.058337
v -0.200408 0.030378 0.097782
v -0.413955 0.023850 0.047909
v -0.342893 0.035015 0.115908
v -0.312362 0.064147 -0.410194
v -0.306772 0.068321 -0.406237
v -0.198545 0.082866 0.098850
v -0.337592 0.093438 0.101450
v -0.341044 0.086448 0.116832
v -0.203398 0.089828 0.083064
v -0.151996 0.082693 -0.403088
v -0.159809 0.123481 -0.254393
v -0.172664 0.085422 -0.251966
v -0.156386 0.154953 -0.390695
v -0.156386 0.154953 -0.390695
v -0.168085 0.204797 -0.253194
v -0.159809 0.123481 -0.254393
v -0.163535 0.227040 -0.376440
v -0.169255 0.278401 -0.270165
v -0.166092 0.275541 -0.362415
v -0.178760 0.082678 -0.466682
v -0.151996 0.082693 -0.403088
v -0.263427 0.075630 -0.461685
v -0.306772 0.068321 -0.406237
v -0.295361 0.221826 -0.383517
v -0.286782 0.144352 -0.424175
v -0.304821 0.145695 -0.399795
v -0.245344 0.236313 -0.425042
v -0.255873 0.175910 -0.449798
v -0.344337 0.164486 0.022575
v -0.203615 0.145305 0.068649
v -0.207240 0.174986 0.013461
v -0.337809 0.148713 0.086833
v -0.402270 0.129431 0.028902
v -0.295361 0.221826 -0.383517
v -0.233139 0.281492 -0.410223
v -0.245344 0.236313 -0.425042
v -0.274013 0.285984 -0.372713
v -0.245344 0.236313 -0.425042
v -0.180565 0.277188 -0.405081
v -0.183613 0.241079 -0.424276
v -0.233139 0.281492 -0.410223
v -0.317084 0.189126 -0.181049
v -0.198517 0.227474 -0.197486
v -0.301109 0.218475 -0.219469
v -0.200655 0.195756 -0.156076
v -0.301109 0.218475 -0.219469
v -0.201146 0.284496 -0.248485
v -0.273190 0.288150 -0.261441
v -0.198517 0.227474 -0.197486
v -0.404018 0.081393 0.034997
v -0.418244 0.118974 -0.051924
v -0.420165 0.063858 -0.056416
v -0.337592 0.093438 0.101450
v -0.203398 0.089828 0.083064
v -0.155822 0.063930 -0.055839
v -0.159418 0.114670 -0.051029
v -0.207182 0.178785 -0.043230
v -0.346374 0.170263 -0.050134
v -0.201795 0.179926 -0.111258
v -0.149741 0.120578 -0.080840
v -0.200655 0.195756 -0.156076
v -0.159418 0.114670 -0.051029
v -0.207182 0.178785 -0.043230
v -0.330097 0.174842 -0.128576
v -0.201795 0.179926 -0.111258
v -0.346374 0.170263 -0.050134
v -0.207182 0.178785 -0.043230
v -0.201146 0.284496 -0.248485
v -0.168085 0.204797 -0.253194
v -0.169255 0.278401 -0.270165
v -0.198517 0.227474 -0.197486
v -0.255873 0.175910 -0.449798
v -0.183613 0.241079 -0.424276
v -0.181157 0.175549 -0.443067
v -0.245344 0.236313 -0.425042
v -0.230265 0.313787 -0.403420
v -0.212340 0.314596 -0.376339
v -0.176780 0.308472 -0.398870
v -0.204150 0.316358 -0.263189
v -0.226783 0.316893 -0.297839
v -0.259526 0.322266 -0.271089
v -0.028850 0.763599 -0.304570
v -0.062431 0.893807 -0.212219
v -0.099652 0.793541 -0.177352
v 0.004182 0.810700 -0.313410
v -0.157282 0.540838 -0.449538
v -0.079821 0.614283 -0.324661
v -0.087288 0.527348 -0.330540
v -0.140369 0.632525 -0.428364
v -0.228835 0.567645 -0.430660
v -0.196381 0.668302 -0.416463
v -0.132020 0.701738 -0.185902
v -0.079821 0.614283 -0.324661
v -0.063818 0.694589 -0.301970
v -0.104259 0.654566 -0.237581
v -0.114355 0.615482 -0.235270
v -0.236662 0.670526 -0.341169
v -0.207703 0.722551 -0.196749
v -0.212412 0.757345 -0.321396
v -0.235391 0.702807 -0.259722
v -0.246701 0.648817 -0.276477
v -0.249402 0.649756 -0.271811
v -0.249098 0.607047 -0.252371
v -0.274649 0.560944 -0.356248
v -0.270345 0.538571 -0.255924
v -0.249402 0.649756 -0.271811
v -0.246701 0.648817 -0.276477
v -0.236662 0.670526 -0.341169
v -0.087288 0.527348 -0.330540
v -0.137032 0.486257 -0.212319
v -0.086537 0.460316 -0.342398
v -0.139805 0.522481 -0.212435
v -0.129189 1.068833 -0.300799
v -0.117013 0.967945 -0.346730
v -0.142506 0.980814 -0.268706
v -0.054054 1.041520 -0.384933
v -0.082132 1.087118 -0.354848
v 0.003301 1.090844 -0.369161
v 0.003893 1.050230 -0.390408
v 0.061089 1.041520 -0.384991
v 0.089181 1.087118 -0.354949
v 0.137914 1.068847 -0.301003
v 0.124308 0.967960 -0.346889
v 0.151317 0.981739 -0.268866
v 0.072052 0.893807 -0.212306
v 0.037460 0.763599 -0.304512
v 0.109446 0.793541 -0.177381
v 0.095089 0.527348 -0.330453
v 0.173198 0.474384 -0.461225
v 0.093991 0.462179 -0.342152
v 0.163261 0.540838 -0.449467
v 0.087809 0.614283 -0.324545
v 0.146998 0.632525 -0.428264
v 0.236301 0.567645 -0.430691
v 0.203370 0.668302 -0.416436
v 0.281669 0.560944 -0.356293
v 0.245055 0.670526 -0.341185
v -0.142621 0.583085 -0.216421
v -0.087288 0.527348 -0.330540
v -0.139805 0.522481 -0.212435
v 0.173719 0.853351 -0.190510
v 0.220501 0.758255 -0.321499
v 0.194330 0.878064 -0.287037
v 0.216905 0.722551 -0.196621
v 0.141553 0.701738 -0.185715
v 0.109446 0.793541 -0.177381
v 0.037460 0.763599 -0.304512
v 0.071589 0.694589 -0.301826
v 0.318428 0.488380 -0.361334
v 0.258270 0.488380 -0.439820
v 0.087809 0.614283 -0.324545
v 0.141553 0.701738 -0.185715
v 0.113114 0.654566 -0.237509
v 0.123282 0.615482 -0.235040
v 0.245055 0.670526 -0.341185
v 0.244477 0.702807 -0.259681
v 0.255281 0.648817 -0.276464
v 0.258126 0.649756 -0.271785
v 0.281669 0.560944 -0.356293
v 0.257491 0.607047 -0.252358
v 0.279546 0.538571 -0.255911
v 0.258126 0.649756 -0.271785
v 0.245055 0.670526 -0.341185
v 0.255281 0.648817 -0.276464
v 0.152126 0.583085 -0.216379
v 0.095089 0.527348 -0.330453
v 0.148501 0.522481 -0.212378
v -0.185157 0.634056 -0.286760
v -0.306352 0.459883 -0.261138
v -0.322745 0.440702 -0.368178
v -0.290262 0.482169 -0.174318
v -0.306352 0.459883 -0.261138
v -0.131601 0.431632 -0.218689
v -0.175668 0.462396 -0.150140
v -0.085656 0.409331 -0.343784
v -0.131601 0.431632 -0.218689
v -0.163406 0.420236 -0.487799
v -0.085656 0.409331 -0.343784
v -0.322745 0.440702 -0.368178
v -0.262416 0.442435 -0.457453
v 0.193405 0.634056 -0.286661
v 0.330300 0.442565 -0.368151
v 0.314456 0.460807 -0.261010
v -0.180261 0.762675 -0.386810
v -0.236662 0.670526 -0.341169
v -0.212412 0.757345 -0.321396
v -0.123310 0.746888 -0.396271
v -0.063818 0.694589 -0.301970
v -0.062431 0.893807 -0.212219
v 0.005178 0.971441 -0.188358
v -0.036318 0.979746 -0.192027
v 0.004832 0.872936 -0.211020
v 0.004182 0.810700 -0.313410
v 0.072052 0.893807 -0.212306
v 0.045663 0.979746 -0.192056
v -0.164315 0.853351 -0.190452
v -0.142506 0.980814 -0.268706
v -0.186082 0.878064 -0.286890
v -0.104895 0.973867 -0.219310
v -0.099652 0.793541 -0.177352
v -0.062431 0.893807 -0.212219
v -0.036318 0.979746 -0.192027
v -0.101559 1.023206 -0.241798
v -0.129189 1.068833 -0.300799
v -0.175668 0.462396 -0.150140
v -0.290262 0.482169 -0.174318
v -0.028850 0.763599 -0.304570
v -0.098309 0.805630 -0.388949
v -0.144990 0.872243 -0.369276
v -0.186082 0.878064 -0.286890
v -0.142506 0.980814 -0.268706
v -0.117013 0.967945 -0.346730
v -0.070736 0.868242 -0.391982
v 0.004182 0.810700 -0.313410
v -0.166685 0.472492 -0.461338
v -0.086537 0.460316 -0.342398
v -0.251092 0.486488 -0.439904
v -0.310671 0.486517 -0.361419
v -0.274649 0.560944 -0.356248
v -0.310671 0.486517 -0.361419
v -0.270345 0.538571 -0.255924
v -0.274649 0.560944 -0.356248
v -0.296242 0.507330 -0.262727
v 0.141033 0.431617 -0.218863
v 0.093962 0.411180 -0.343625
v 0.093962 0.411180 -0.343625
v 0.169168 0.427082 -0.483092
v 0.169168 0.427082 -0.483092
v 0.269045 0.444327 -0.457397
v -0.164315 0.853351 -0.190452
v -0.186082 0.878064 -0.286890
v -0.132020 0.701738 -0.185902
v -0.099652 0.793541 -0.177352
v -0.028850 0.763599 -0.304570
v 0.037460 0.763599 -0.304512
v 0.129984 0.746888 -0.396257
v 0.071589 0.694589 -0.301826
v 0.105243 0.805630 -0.388992
v 0.077554 0.868242 -0.391982
v 0.152516 0.872243 -0.369392
v 0.124308 0.967960 -0.346889
v 0.151317 0.981739 -0.268866
v 0.194330 0.878064 -0.287037
v 0.220501 0.758255 -0.321499
v 0.187252 0.762675 -0.386855
v 0.279546 0.538571 -0.255911
v 0.318428 0.488380 -0.361334
v 0.281669 0.560944 -0.356293
v 0.305241 0.509164 -0.262570
v 0.146666 0.482631 -0.212508
v 0.095089 0.527348 -0.330453
v 0.093991 0.462179 -0.342152
v 0.148501 0.522481 -0.212378
v 0.151317 0.981739 -0.268866
v 0.173719 0.853351 -0.190510
v 0.194330 0.878064 -0.287037
v 0.114327 0.973867 -0.219441
v 0.109446 0.793541 -0.177381
v 0.072052 0.893807 -0.212306
v 0.045663 0.979746 -0.192056
v 0.111193 1.024116 -0.241943
v 0.137914 1.068847 -0.301003
v -0.262416 0.442435 -0.457453
v -0.163406 0.420236 -0.487799
v 0.314456 0.460807 -0.261010
v 0.300142 0.482169 -0.174638
v 0.300142 0.482169 -0.174638
v 0.185389 0.462396 -0.150344
v 0.185389 0.462396 -0.150344
v 0.141033 0.431617 -0.218863
v 0.003272 0.868603 -0.371949
v 0.004182 0.810700 -0.313410
v -0.070736 0.868242 -0.391982
v 0.077554 0.868242 -0.391982
v 0.003633 0.957604 -0.407075
v -0.055238 0.954628 -0.403017
v 0.061724 0.954628 -0.403103
v 0.269045 0.444327 -0.457397
v 0.330300 0.442565 -0.368151
v 0.182125 0.594510 -0.182452
v 0.152126 0.583085 -0.216379
v 0.148501 0.522481 -0.212378
v 0.163840 0.628842 -0.174695
v 0.123282 0.615482 -0.235040
v 0.152718 0.665716 -0.178696
v 0.113114 0.654566 -0.237509
v 0.141553 0.701738 -0.185715
v 0.241805 0.685518 -0.195032
v 0.216905 0.722551 -0.196621
v 0.244477 0.702807 -0.259681
v 0.253822 0.649410 -0.192432
v 0.258126 0.649756 -0.271785
v 0.257491 0.607047 -0.252358
v 0.247279 0.609618 -0.198412
v -0.142621 0.583085 -0.216421
v -0.172476 0.594510 -0.182508
v -0.139805 0.522481 -0.212435
v -0.153959 0.628842 -0.174882
v -0.114355 0.615482 -0.235270
v -0.142953 0.665716 -0.178882
v -0.104259 0.654566 -0.237581
v -0.132020 0.701738 -0.185902
v -0.232546 0.685518 -0.195102
v -0.207703 0.722551 -0.196749
v -0.235391 0.702807 -0.259722
v -0.243566 0.649410 -0.192474
v -0.249402 0.649756 -0.271811
v -0.249098 0.607047 -0.252371
v -0.237211 0.608722 -0.198453
v -0.256594 0.544493 -0.201443
v -0.270345 0.538571 -0.255924
v -0.296242 0.507330 -0.262727
v -0.279386 0.522336 -0.185714
v -0.306352 0.459883 -0.261138
v -0.290262 0.482169 -0.174318
v -0.168374 0.503502 -0.154025
v -0.175668 0.462396 -0.150140
v -0.131601 0.431632 -0.218689
v -0.137032 0.486257 -0.212319
v -0.170584 0.529760 -0.178420
v 0.180348 0.529760 -0.178278
v 0.179655 0.500527 -0.163228
v 0.146666 0.482631 -0.212508
v 0.141033 0.431617 -0.218863
v 0.185389 0.462396 -0.150344
v 0.300142 0.482169 -0.174638
v 0.288905 0.522336 -0.186019
v 0.314456 0.460807 -0.261010
v 0.305241 0.509164 -0.262570
v 0.265651 0.544493 -0.201503
v 0.279546 0.538571 -0.255911
v -0.166685 0.472492 -0.461338
v -0.262416 0.442435 -0.457453
v -0.251092 0.486488 -0.439904
v -0.163406 0.420236 -0.487784
v -0.296242 0.507330 -0.262727
v -0.322745 0.440702 -0.368178
v -0.306352 0.459883 -0.261138
v -0.310671 0.486517 -0.361419
v 0.093962 0.411180 -0.343625
v 0.146666 0.482631 -0.212508
v 0.093991 0.462179 -0.342152
v 0.141033 0.431617 -0.218863
v 0.269045 0.444327 -0.457397
v 0.173198 0.474384 -0.461225
v 0.258270 0.488380 -0.439820
v 0.169168 0.427082 -0.483092
v 0.330300 0.442565 -0.368151
v 0.305241 0.509164 -0.262570
v 0.314456 0.460807 -0.261010
v 0.318428 0.488380 -0.361334
v 0.330300 0.442565 -0.368151
v 0.258270 0.488380 -0.439820
v 0.318428 0.488380 -0.361334
v -0.251092 0.486488 -0.439904
v -0.322745 0.440702 -0.368178
v -0.310671 0.486517 -0.361419
v -0.137032 0.486257 -0.212319
v -0.085656 0.409331 -0.343784
v -0.086537 0.460316 -0.342398
v -0.131601 0.431632 -0.218689
v -0.086537 0.460316 -0.342398
v -0.163406 0.420236 -0.487784
v -0.166685 0.472492 -0.461338
v -0.085656 0.409331 -0.343784
v 0.169168 0.427082 -0.483092
v 0.093991 0.462179 -0.342152
v 0.173198 0.474384 -0.461225
v 0.093962 0.411180 -0.343625
v -0.075575 1.123674 -0.347019
v 0.003301 1.090844 -0.369161
v -0.082132 1.087118 -0.354848
v 0.003517 1.126130 -0.355310
v 0.082855 1.123689 -0.347149
v 0.089181 1.087118 -0.354949
v -0.123484 1.099308 -0.289230
v -0.129189 1.068833 -0.300799
v -0.101559 1.023206 -0.241798
v -0.107163 1.067172 -0.246203
v -0.036318 0.979746 -0.192027
v -0.038094 1.020100 -0.187289
v 0.131645 1.099323 -0.289376
v 0.137914 1.068847 -0.301003
v 0.111193 1.024116 -0.241943
v 0.115743 1.067186 -0.246320
v 0.045663 0.979746 -0.192056
v 0.047570 1.020115 -0.187347
v 0.005178 0.971441 -0.188358
v -0.038094 1.020100 -0.187289
v -0.036318 0.979746 -0.192027
v 0.005280 1.011680 -0.182032
v 0.093385 1.811875 -0.198599
v 0.113938 1.926412 -0.179793
v 0.044161 1.814215 -0.224987
v 0.004976 1.939079 -0.196750
v 0.004572 1.812150 -0.223672
v -0.106252 1.721864 -0.066180
v -0.142765 1.775752 -0.103343
v -0.193764 1.909412 -0.124994
v -0.120262 1.867439 -0.017607
v -0.057173 1.843839 0.012073
v -0.040073 1.935164 -0.191160
v 0.006609 1.835707 0.026329
v 0.004514 1.793893 -0.228020
v -0.085757 1.788491 -0.228309
v -0.082392 1.795828 -0.190366
v -0.067861 1.791365 -0.143295
v -0.054977 1.771275 -0.084351
v 0.005829 1.773022 -0.084264
v 0.066622 1.771275 -0.084351
v 0.006190 1.732942 -0.001561
v -0.014305 1.732147 -0.016294
v 0.025314 1.732147 -0.016294
v 0.005555 1.820844 -0.101799
v -0.051020 1.790947 -0.066701
v 0.062289 1.790947 -0.066716
v 0.066622 1.771275 -0.084351
v 0.077671 1.791365 -0.143309
v 0.117564 1.721864 -0.066167
v 0.070392 1.708244 -0.019876
v 0.119803 1.722571 -0.040804
v 0.063704 1.705701 -0.035128
v 0.005916 1.701137 -0.019399
v 0.006118 1.701484 -0.006530
v -0.057649 1.708244 -0.019876
v -0.052363 1.704835 -0.035128
v -0.107710 1.722571 -0.040818
v -0.139602 1.762897 -0.077518
v -0.170352 1.818707 -0.099992
v -0.129708 1.840950 0.026229
v -0.063875 1.824715 0.054941
v 0.006364 1.817508 0.069240
v 0.094771 1.788491 -0.228323
v -0.054977 1.771275 -0.084351
v -0.014305 1.732147 -0.016294
v -0.019042 1.762753 -0.025191
v 0.006046 1.760890 -0.010661
v 0.006190 1.732942 -0.001561
v 0.025314 1.732147 -0.016294
v 0.030687 1.762753 -0.025176
v 0.005497 1.799252 -0.045744
v 0.152907 1.775752 -0.103330
v 0.151463 1.763779 -0.077505
v 0.142002 1.840950 0.026257
v 0.076140 1.824715 0.054970
v 0.069944 1.843839 0.012088
v 0.184957 2.009707 0.060010
v -0.077740 1.994296 0.107443
v -0.055867 2.020836 0.114644
v 0.073194 1.392987 -0.138153
v 0.073194 1.392987 -0.138153
v 0.073194 1.392987 -0.138153
v 0.073194 1.392987 -0.138153
v 0.152978 1.422654 -0.160482
v 0.152978 1.422654 -0.160482
v 0.340439 0.173932 -0.128953
v 0.340439 0.173932 -0.128953
v 0.358235 0.169339 -0.050453
v 0.062130 1.607992 -0.078256
v 0.062130 1.607992 -0.078256
v 0.062130 1.607992 -0.078256
v 0.062130 1.607992 -0.078256
v 0.062130 1.607992 -0.078256
v 0.129133 1.677753 -0.092454
v 0.129133 1.677753 -0.092454
v 0.060310 1.651019 -0.075974
v 0.060310 1.651019 -0.075974
v 0.060310 1.651019 -0.075974
v 0.060310 1.651019 -0.075974
v 0.060310 1.651019 -0.075974
v -0.049301 1.651019 -0.075974
v -0.049301 1.651019 -0.075974
v -0.049301 1.651019 -0.075974
v -0.049301 1.651019 -0.075974
v -0.049301 1.651019 -0.075974
v -0.116709 1.684628 -0.086011
v -0.117720 1.677753 -0.092424
v -0.117720 1.677753 -0.092424
v -0.051179 1.607977 -0.078227
v -0.051179 1.607977 -0.078227
v -0.051179 1.607977 -0.078227
v -0.051179 1.607977 -0.078227
v -0.051179 1.607977 -0.078227
v -0.172561 1.582557 -0.125745
v -0.142693 1.422639 -0.160366
v -0.142693 1.422639 -0.160366
v 0.261780 0.174928 -0.450233
v 0.172881 0.275527 -0.362663
v 0.177994 0.278387 -0.270369
v 0.457792 1.227335 -0.284149
v 0.457792 1.227335 -0.284149
v 0.457792 1.227335 -0.284149
v 0.457792 1.227335 -0.284149
v 0.434871 1.304578 -0.277230
v 0.434871 1.304578 -0.277230
v 0.434871 1.304578 -0.277230
v 0.434871 1.304578 -0.277230
v 0.434871 1.304578 -0.277230
v 0.434871 1.304578 -0.277230
v 0.628572 0.773132 -0.260520
v 0.628572 0.773132 -0.260520
v 0.628572 0.773132 -0.260520
v 0.675339 0.731203 -0.273230
v 0.675339 0.731203 -0.273230
v 0.675339 0.731203 -0.273230
v 0.675339 0.731203 -0.273230
v 0.093991 0.462179 -0.342152
v 0.295203 1.674460 -0.193804
v 0.295203 1.674460 -0.193804
v 0.295203 1.674460 -0.193804
v 0.326733 0.188202 -0.181383
v 0.326733 0.188202 -0.181383
v 0.514079 1.305156 -0.336088
v 0.514079 1.305156 -0.336088
v 0.514079 1.305156 -0.336088
v 0.476266 1.286365 -0.398743
v 0.461490 1.338058 -0.401228
v 0.461490 1.338058 -0.401228
v 0.476482 1.388105 -0.325313
v 0.476482 1.388105 -0.325313
v -0.429351 0.064884 -0.055058
v 0.295203 1.674460 -0.193804
v 0.237112 1.750779 -0.137013
v 0.096373 1.513416 -0.424537
v 0.096373 1.513416 -0.424537
v 0.096373 1.513416 -0.424537
v 0.003285 1.375756 -0.428336
v 0.003285 1.375756 -0.428336
v 0.003285 1.375756 -0.428336
v 0.003285 1.375756 -0.428336
v 0.003285 1.375756 -0.428336
v 0.003285 1.375756 -0.428336
v 0.003285 1.375756 -0.428336
v 0.003285 1.375756 -0.428336
v 0.003285 1.375756 -0.428336
v -0.107957 1.288633 -0.356018
v -0.107957 1.288633 -0.356018
v -0.148687 1.411850 -0.369074
v 0.249504 1.574281 -0.230664
v 0.422175 2.189976 -0.257774
v 0.283374 2.201530 -0.120634
v 0.283374 2.201530 -0.120634
v 0.260467 2.222574 -0.112358
v 0.260467 2.222574 -0.112358
v 0.331557 2.255650 -0.219413
v 0.331557 2.255650 -0.219413
v 0.331557 2.255650 -0.219413
v 0.409421 2.284999 -0.247043
v 0.409421 2.284999 -0.247043
v 0.409421 2.284999 -0.247043
v 0.409421 2.284999 -0.247043
v 0.409421 2.284999 -0.247043
v 0.362784 2.038507 -0.227660
v 0.337132 2.083253 -0.278327
v -0.391279 2.289101 -0.205457
v -0.077900 1.226887 -0.199639
v -0.077900 1.226887 -0.199639
v -0.050169 1.114387 -0.193905
v -0.050169 1.114387 -0.193905
v -0.177590 0.153176 -0.450910
v -0.177590 0.153176 -0.450910
v -0.177590 0.153176 -0.450910
v -0.177590 0.153176 -0.450910
v -0.165154 0.151299 -0.420189
v -0.165154 0.151299 -0.420189
v -0.260596 0.147847 -0.457612
v -0.260596 0.147847 -0.457612
v -0.260596 0.147847 -0.457612
v -0.260596 0.147847 -0.457612
v -0.519523 1.234831 -0.346281
v -0.519523 1.234831 -0.346281
v -0.519523 1.234831 -0.346281
v -0.498450 1.233791 -0.294559
v -0.479933 1.301141 -0.288218
v -0.479933 1.301141 -0.288218
v -0.505556 1.304188 -0.335694
v -0.505556 1.304188 -0.335694
v -0.417523 1.581156 -0.300466
v -0.397057 1.670041 -0.287034
v -0.578438 0.950281 -0.345039
v -0.578438 0.950281 -0.345039
v -0.578438 0.950281 -0.345039
v -0.578438 0.950281 -0.345039
v -0.578438 0.950281 -0.345039
v -0.574856 0.983024 -0.351712
v -0.574856 0.983024 -0.351712
v -0.554187 0.974344 -0.384238
v -0.554187 0.974344 -0.384238
v -0.554187 0.974344 -0.384238
v -0.561236 0.921712 -0.423640
v -0.561236 0.921712 -0.423640
v -0.561236 0.921712 -0.423640
v -0.561236 0.921712 -0.423640
v -0.526470 0.964869 -0.319893
v -0.526470 0.964869 -0.319893
v -0.526470 0.964869 -0.319893
v -0.526470 0.964869 -0.319893
v -0.526470 0.964869 -0.319893
v -0.526470 0.964869 -0.319893
v -0.556931 0.978937 -0.324197
v -0.556931 0.978937 -0.324197
v -0.556931 0.978937 -0.324197
v -0.432660 1.376666 -0.386997
v -0.383148 1.555028 -0.400299
v -0.383148 1.555028 -0.400299
v -0.368228 1.781371 -0.268374
v -0.274129 1.846323 -0.258755
v -0.203038 1.957870 -0.305739
v -0.205522 2.055984 -0.287425
v 0.137914 1.068847 -0.301003
v 0.111193 1.024116 -0.241943
v 0.111193 1.024116 -0.241943
v 0.293527 0.323840 -0.304297
v -0.339081 2.249800 -0.167241
v -0.339081 2.249800 -0.167241
v -0.393807 2.239314 -0.250506
v -0.393807 2.239314 -0.250506
v -0.393807 2.239314 -0.250506
v -0.393807 2.239314 -0.250506
v -0.388492 2.273574 -0.205024
v -0.272048 2.200635 -0.120646
v -0.272048 2.200635 -0.120646
v -0.320579 2.263594 -0.161637
v -0.249805 2.222574 -0.112341
v -0.249805 2.222574 -0.112341
v 0.190342 0.241050 -0.424567
v -0.227100 1.749870 -0.136924
v -0.149741 0.120578 -0.080840
v -0.247018 0.317817 -0.355193
v -0.289208 2.168484 -0.277791
v -0.289208 2.168484 -0.277791
v -0.289208 2.168484 -0.277791
v -0.289208 2.168484 -0.277791
v -0.328812 2.082300 -0.278239
v -0.328812 2.082300 -0.278239
v -0.430869 2.187462 -0.265802
v -0.430869 2.187462 -0.265802
v -0.421177 2.245944 -0.292985
v -0.421177 2.245944 -0.292985
v -0.421177 2.245944 -0.292985
v -0.421177 2.245944 -0.292985
v -0.490000 2.327724 -0.275855
v -0.490000 2.327724 -0.275855
v -0.107957 1.288633 -0.356018
v -0.107957 1.288633 -0.356018
v -0.149323 1.266650 -0.292177
v -0.149323 1.266650 -0.292177
v -0.226783 0.316893 -0.297839
v 0.144833 -0.002856 -0.090995
v 0.144833 -0.002856 -0.090995
v 0.144833 -0.002856 -0.090995
v 0.403442 -0.005297 -0.163964
v -0.232633 1.548571 -0.316904
v -0.197434 1.432634 -0.304699
v -0.197434 1.432634 -0.304699
v -0.197434 1.432634 -0.304699
v -0.189606 1.533449 -0.393281
v -0.148687 1.411850 -0.369074
v -0.148687 1.411850 -0.369074
v 0.620628 0.615569 -0.297235
v 0.620628 0.615569 -0.297235
v 0.620628 0.615569 -0.297235
v 0.620628 0.615569 -0.297235
v 0.620628 0.615569 -0.297235
v 0.658989 0.555383 -0.317008
v 0.658989 0.555383 -0.317008
v 0.609477 0.570418 -0.303446
v 0.609477 0.570418 -0.303446
v 0.609477 0.570418 -0.303446
v 0.609477 0.570418 -0.303446
v 0.609477 0.570418 -0.303446
v 0.645268 0.617981 -0.252417
v 0.645268 0.617981 -0.252417
v 0.639736 0.642607 -0.253240
v 0.422797 -0.005326 -0.104226
v 0.422797 -0.005326 -0.104226
v 0.160360 -0.003029 -0.040458
v 0.160360 -0.003029 -0.040458
v 0.671525 0.492597 -0.400303
v 0.671525 0.492597 -0.400303
v 0.666947 0.554357 -0.398310
v -0.079821 0.614283 -0.324661
v -0.079821 0.614283 -0.324661
v -0.087288 0.527348 -0.330540
v -0.087288 0.527348 -0.330540
v 0.648849 0.586133 -0.495630
v 0.656533 0.593138 -0.475886
v -0.646972 0.631066 -0.309479
v -0.656143 0.611770 -0.306590
v -0.656143 0.611770 -0.306590
v -0.312362 0.064147 -0.410194
v 0.311365 0.145651 -0.400288
v 0.333781 0.067252 -0.320156
v -0.644126 0.557073 -0.244382
v -0.644126 0.557073 -0.244382
v -0.606386 0.514234 -0.305969
v -0.606386 0.514234 -0.305969
v -0.606386 0.514234 -0.305969
v -0.606386 0.514234 -0.305969
v -0.642364 0.503141 -0.250362
v -0.613694 0.611929 -0.360710
v -0.613694 0.611929 -0.360710
v -0.617391 0.600764 -0.361894
v -0.617391 0.600764 -0.361894
v -0.651796 0.628149 -0.323142
v -0.646307 0.546876 -0.325439
v -0.646307 0.546876 -0.325439
v -0.613882 0.507503 -0.372915
v -0.613882 0.507503 -0.372915
v -0.613882 0.507503 -0.372915
v -0.613882 0.507503 -0.372915
v -0.655753 0.481664 -0.341399
v -0.308837 -0.005369 -0.419741
v -0.308837 -0.005369 -0.419741
v -0.308837 -0.005369 -0.419741
v -0.155288 -0.003853 -0.258495
v -0.155288 -0.003853 -0.258495
v -0.334112 -0.005600 -0.327477
v -0.334112 -0.005600 -0.327477
v -0.650381 0.702042 -0.469758
v -0.650381 0.702042 -0.469758
v -0.150059 -0.002134 -0.040283
v -0.150059 -0.002134 -0.040283
v -0.200408 0.030378 0.097782
v -0.200408 0.030378 0.097782
v -0.326616 0.067296 -0.319677
v -0.326616 0.067296 -0.319677
v -0.312362 0.064147 -0.410194
v -0.337592 0.093438 0.101450
v -0.659393 0.554372 -0.397698
v -0.659393 0.554372 -0.397698
v -0.693913 0.477966 -0.366111
v -0.693913 0.477966 -0.366111
v -0.693913 0.477966 -0.366111
v -0.693913 0.477966 -0.366111
v -0.664030 0.492626 -0.399735
v -0.168085 0.204797 -0.253194
v -0.168085 0.204797 -0.253194
v -0.169255 0.278401 -0.270165
v -0.178760 0.082678 -0.466682
v -0.178760 0.082678 -0.466682
v -0.263427 0.075630 -0.461685
v -0.263427 0.075630 -0.461685
v -0.263427 0.075630 -0.461685
v -0.682662 0.686110 -0.413774
v -0.682662 0.686110 -0.413774
v -0.691097 0.644788 -0.422455
v -0.691097 0.644788 -0.422455
v -0.691097 0.644788 -0.422455
v -0.691097 0.644788 -0.422455
v -0.691097 0.644788 -0.422455
v -0.635230 0.664387 -0.442561
v -0.649096 0.528677 -0.446114
v -0.662442 0.537979 -0.416505
v -0.662442 0.537979 -0.416505
v -0.652996 0.621620 -0.400083
v -0.652996 0.621620 -0.400083
v -0.606430 0.578088 -0.426355
v -0.606430 0.578088 -0.426355
v -0.606430 0.578088 -0.426355
v -0.606430 0.578088 -0.426355
v -0.606430 0.578088 -0.426355
v -0.606430 0.578088 -0.426355
v -0.654917 0.576644 -0.405253
v -0.654917 0.576644 -0.405253
v 0.002953 1.500720 -0.449062
v 0.002953 1.500720 -0.449062
v 0.002953 1.500720 -0.449062
v 0.002953 1.500720 -0.449062
v 0.002953 1.500720 -0.449062
v 0.003574 1.636734 -0.468142
v -0.201146 0.284496 -0.248485
v 0.141394 0.584920 -0.314753
v 0.136903 0.591607 -0.248400
v 0.136903 0.591607 -0.248400
v -0.207240 0.174986 0.013461
v -0.207240 0.174986 0.013461
v -0.207240 0.174986 0.013461
v -0.207182 0.178785 -0.043230
v -0.207182 0.178785 -0.043230
v -0.595135 0.686919 -0.471144
v -0.595135 0.686919 -0.471144
v -0.587971 0.641350 -0.484505
v -0.587971 0.641350 -0.484505
v -0.587971 0.641350 -0.484505
v -0.587971 0.641350 -0.484505
v -0.587971 0.641350 -0.484505
v -0.629872 0.684117 -0.454188
v -0.140369 0.632525 -0.428364
v -0.140369 0.632525 -0.428364
v -0.140369 0.632525 -0.428364
v -0.140369 0.632525 -0.428364
v -0.140369 0.632525 -0.428364
v -0.104259 0.654566 -0.237581
v -0.114355 0.615482 -0.235270
v 0.206000 1.432663 -0.304874
v 0.206000 1.432663 -0.304874
v 0.146984 1.253420 -0.250104
v 0.146984 1.253420 -0.250104
v 0.157383 1.266664 -0.292351
v 0.157383 1.266664 -0.292351
v 0.206968 1.445691 -0.241684
v -0.181157 0.175549 -0.443067
v -0.181157 0.175549 -0.443067
v -0.498450 1.233791 -0.294559
v -0.498450 1.233791 -0.294559
v -0.498450 1.233791 -0.294559
v -0.448562 1.227306 -0.283856
v -0.448562 1.227306 -0.283856
v -0.448562 1.227306 -0.283856
v -0.448562 1.227306 -0.283856
v -0.398588 1.223045 -0.328371
v -0.398588 1.223045 -0.328371
v -0.398588 1.223045 -0.328371
v -0.398588 1.223045 -0.328371
v -0.398588 1.223045 -0.328371
v -0.398588 1.223045 -0.328371
v -0.398588 1.223045 -0.328371
v -0.374540 1.314804 -0.322205
v -0.374540 1.314804 -0.322205
v -0.374540 1.314804 -0.322205
v -0.374540 1.314804 -0.322205
v -0.374540 1.314804 -0.322205
v -0.291966 1.495679 -0.341934
v -0.291966 1.495679 -0.341934
v -0.291966 1.495679 -0.341934
v -0.291966 1.495679 -0.341934
v 0.006364 1.817508 0.069240
v 0.006364 1.817508 0.069240
v 0.006364 1.817508 0.069240
v 0.076140 1.824715 0.054970
v 0.076140 1.824715 0.054970
v -0.236517 2.110435 -0.088409
v 0.534458 0.968017 -0.389066
v 0.534458 0.968017 -0.389066
v 0.534458 0.968017 -0.389066
v 0.534458 0.968017 -0.389066
v 0.534458 0.968017 -0.389066
v 0.534458 0.968017 -0.389066
v 0.487286 1.223016 -0.401459
v 0.487286 1.223016 -0.401459
v 0.431260 1.225847 -0.391102
v 0.431260 1.225847 -0.391102
v 0.431260 1.225847 -0.391102
v 0.431260 1.225847 -0.391102
v 0.390558 1.555085 -0.400678
v 0.390558 1.555085 -0.400678
v 0.346448 1.507436 -0.394409
v 0.346448 1.507436 -0.394409
v 0.346448 1.507436 -0.394409
v 0.346448 1.507436 -0.394409
v 0.346448 1.507436 -0.394409
v 0.346448 1.507436 -0.394409
v 0.361079 1.660710 -0.399826
v 0.361079 1.660710 -0.399826
v 0.265189 1.634625 -0.347512
v 0.265189 1.634625 -0.347512
v 0.265189 1.634625 -0.347512
v 0.278131 1.559086 -0.344753
v 0.278131 1.559086 -0.344753
v 0.278131 1.559086 -0.344753
v 0.278131 1.559086 -0.344753
v 0.278131 1.559086 -0.344753
v 0.299362 1.496618 -0.342153
v 0.299362 1.496618 -0.342153
v 0.299362 1.496618 -0.342153
v 0.299362 1.496618 -0.342153
v 0.087809 0.614283 -0.324545
v 0.087809 0.614283 -0.324545
v 0.087809 0.614283 -0.324545
v 0.087809 0.614283 -0.324545
v 0.113114 0.654566 -0.237509
v 0.406432 1.223998 -0.328677
v 0.406432 1.223998 -0.328677
v 0.406432 1.223998 -0.328677
v 0.406432 1.223998 -0.328677
v 0.406432 1.223998 -0.328677
v 0.406432 1.223998 -0.328677
v 0.406432 1.223998 -0.328677
v 0.396841 1.308175 -0.294071
v 0.396841 1.308175 -0.294071
v 0.396841 1.308175 -0.294071
v 0.396841 1.308175 -0.294071
v 0.396841 1.308175 -0.294071
v 0.319569 1.487172 -0.285852
v 0.319569 1.487172 -0.285852
v 0.319569 1.487172 -0.285852
v 0.319569 1.487172 -0.285852
v 0.319569 1.487172 -0.285852
v 0.291130 1.570511 -0.278559
v 0.291130 1.570511 -0.278559
v 0.291130 1.570511 -0.278559
v 0.291130 1.570511 -0.278559
v 0.291130 1.570511 -0.278559
v -0.249098 0.607047 -0.252371
v 0.281669 0.560944 -0.356293
v 0.281669 0.560944 -0.356293
v 0.245055 0.670526 -0.341185
v 0.152126 0.583085 -0.216379
v 0.152126 0.583085 -0.216379
v 0.095089 0.527348 -0.330453
v -0.249402 0.649756 -0.271811
v 0.345379 2.212984 -0.279454
v 0.345379 2.212984 -0.279454
v 0.345379 2.212984 -0.279454
v 0.345379 2.212984 -0.279454
v 0.345379 2.212984 -0.279454
v 0.345379 2.212984 -0.279454
v 0.501094 0.770821 -0.225206
v 0.501094 0.770821 -0.225206
v 0.490334 0.700886 -0.206039
v 0.490334 0.700886 -0.206039
v 0.490334 0.700886 -0.206039
v 0.490334 0.700886 -0.206039
v 0.490334 0.700886 -0.206039
v 0.550837 0.753561 -0.224469
v 0.550837 0.753561 -0.224469
v -0.063818 0.694589 -0.301970
v -0.063818 0.694589 -0.301970
v -0.426348 1.303640 -0.276952
v -0.426348 1.303640 -0.276952
v -0.426348 1.303640 -0.276952
v -0.426348 1.303640 -0.276952
v -0.426348 1.303640 -0.276952
v -0.426348 1.303640 -0.276952
v -0.479933 1.301141 -0.288218
v -0.388839 1.307236 -0.293793
v -0.388839 1.307236 -0.293793
v -0.388839 1.307236 -0.293793
v -0.388839 1.307236 -0.293793
v -0.388839 1.307236 -0.293793
v -0.310440 1.486233 -0.285663
v -0.310440 1.486233 -0.285663
v -0.310440 1.486233 -0.285663
v -0.310440 1.486233 -0.285663
v -0.310440 1.486233 -0.285663
v -0.104895 0.973867 -0.219310
v -0.104895 0.973867 -0.219310
v -0.104895 0.973867 -0.219310
v -0.104895 0.973867 -0.219310
v -0.104895 0.973867 -0.219310
v -0.099652 0.793541 -0.177352
v -0.062431 0.893807 -0.212219
v -0.036318 0.979746 -0.192027
v -0.101559 1.023206 -0.241798
v -0.101559 1.023206 -0.241798
v 0.692916 0.536188 -0.446739
v 0.692916 0.536188 -0.446739
v 0.692916 0.536188 -0.446739
v 0.692916 0.536188 -0.446739
v 0.655132 0.528648 -0.446768
v 0.644661 0.558272 -0.469184
v 0.640125 0.602786 -0.465501
v 0.640125 0.602786 -0.465501
v -0.028850 0.763599 -0.304570
v -0.028850 0.763599 -0.304570
v 0.004182 0.810700 -0.313410
v 0.004182 0.810700 -0.313410
v 0.004182 0.810700 -0.313410
v 0.656779 0.617995 -0.460171
v 0.656779 0.617995 -0.460171
v 0.658165 0.641292 -0.489549
v 0.658165 0.641292 -0.489549
v 0.658165 0.641292 -0.489549
v 0.658165 0.641292 -0.489549
v 0.658165 0.641292 -0.489549
v 0.656533 0.593138 -0.475886
v 0.656533 0.593138 -0.475886
v 0.173719 0.853351 -0.190510
v 0.173719 0.853351 -0.190510
v 0.114327 0.973867 -0.219441
v 0.114327 0.973867 -0.219441
v 0.114327 0.973867 -0.219441
v 0.114327 0.973867 -0.219441
v 0.114327 0.973867 -0.219441
v 0.608769 0.658032 -0.407612
v 0.608769 0.658032 -0.407612
v 0.644040 0.630373 -0.451058
v 0.644040 0.630373 -0.451058
v 0.644040 0.630373 -0.451058
v 0.619761 0.643964 -0.411685
v 0.619761 0.643964 -0.411685
v 0.619761 0.643964 -0.411685
v 0.619761 0.643964 -0.411685
v 0.647695 0.647864 -0.393269
v 0.109446 0.793541 -0.177381
v 0.605562 0.558098 -0.437293
v 0.605562 0.558098 -0.437293
v 0.605562 0.558098 -0.437293
v 0.605562 0.558098 -0.437293
v 0.670341 0.537964 -0.417144
v 0.655132 0.528648 -0.446768
v 0.644661 0.558272 -0.469184
v 0.644661 0.558272 -0.469184
v 0.077554 0.868242 -0.391982
v 0.077554 0.868242 -0.391982
v 0.152516 0.872243 -0.369392
v 0.152516 0.872243 -0.369392
v 0.152516 0.872243 -0.369392
v 0.152516 0.872243 -0.369392
v 0.152516 0.872243 -0.369392
v 0.152516 0.872243 -0.369392
v 0.124308 0.967960 -0.346889
v 0.203370 0.668302 -0.416436
v 0.203370 0.668302 -0.416436
v 0.203370 0.668302 -0.416436
v 0.203370 0.668302 -0.416436
v 0.203370 0.668302 -0.416436
v 0.187252 0.762675 -0.386855
v 0.187252 0.762675 -0.386855
v 0.187252 0.762675 -0.386855
v 0.187252 0.762675 -0.386855
v 0.187252 0.762675 -0.386855
v 0.027710 2.256415 -0.212045
v 0.027710 2.256415 -0.212045
v 0.027710 2.256415 -0.212045
v 0.027710 2.256415 -0.212045
v 0.112681 2.313396 -0.257225
v 0.112681 2.313396 -0.257225
v 0.112681 2.313396 -0.257225
v 0.004572 1.812150 -0.223672
v 0.004572 1.812150 -0.223672
v 0.004572 1.812150 -0.223672
v 0.004572 1.812150 -0.223672
v 0.117564 1.721864 -0.066167
v 0.117564 1.721864 -0.066167
v 0.117564 1.721864 -0.066167
v 0.117564 1.721864 -0.066167
v 0.117564 1.721864 -0.066167
v 0.117564 1.721864 -0.066167
v 0.318428 0.488380 -0.361334
v -0.142419 2.155557 -0.255447
v -0.142419 2.155557 -0.255447
v -0.142419 2.155557 -0.255447
v -0.144008 2.188170 -0.179879
v -0.144008 2.188170 -0.179879
v -0.144008 2.188170 -0.179879
v -0.144008 2.188170 -0.179879
v -0.081266 2.215237 -0.172904
v -0.081266 2.215237 -0.172904
v -0.082710 2.180298 -0.266468
v -0.082710 2.180298 -0.266468
v 0.115743 1.067186 -0.246320
v 0.131645 1.099323 -0.289376
v 0.131645 1.099323 -0.289376
v 0.003272 0.868603 -0.371949
v 0.003272 0.868603 -0.371949
v 0.003272 0.868603 -0.371949
v -0.070736 0.868242 -0.391982
v -0.070736 0.868242 -0.391982
v -0.070736 0.868242 -0.391982
v 0.077554 0.868242 -0.391982
v 0.077554 0.868242 -0.391982
v 0.077554 0.868242 -0.391982
v 0.003633 0.957604 -0.407075
v 0.003633 0.957604 -0.407075
v 0.003633 0.957604 -0.407075
v 0.003633 0.957604 -0.407075
v 0.003633 0.957604 -0.407075
v 0.003893 1.050230 -0.390408
v 0.003893 1.050230 -0.390408
v 0.003893 1.050230 -0.390408
v 0.003893 1.050230 -0.390408
v 0.003893 1.050230 -0.390408
v -0.055238 0.954628 -0.403017
v -0.055238 0.954628 -0.403017
v -0.055238 0.954628 -0.403017
v -0.055238 0.954628 -0.403017
v 0.061724 0.954628 -0.403103
v 0.061724 0.954628 -0.403103
v 0.061724 0.954628 -0.403103
v 0.061724 0.954628 -0.403103
v -0.075575 1.123674 -0.347019
v -0.075575 1.123674 -0.347019
v -0.125304 1.158873 -0.288017
v -0.125304 1.158873 -0.288017
v -0.123484 1.099308 -0.289230
v -0.123484 1.099308 -0.289230
v -0.052363 1.704835 -0.035128
v -0.052363 1.704835 -0.035128
v -0.052363 1.704835 -0.035128
v -0.417523 1.581156 -0.300466
v -0.505556 1.304188 -0.335694
v -0.505556 1.304188 -0.335694
v -0.505556 1.304188 -0.335694
v -0.468740 1.285383 -0.398335
v -0.142621 0.583085 -0.216421
v -0.142621 0.583085 -0.216421
v -0.139805 0.522481 -0.212435
v -0.139805 0.522481 -0.212435
v -0.139805 0.522481 -0.212435
v -0.153959 0.628842 -0.174882
v -0.153959 0.628842 -0.174882
v -0.153959 0.628842 -0.174882
v -0.153959 0.628842 -0.174882
v -0.153959 0.628842 -0.174882
v -0.098309 0.805630 -0.388949
v -0.098309 0.805630 -0.388949
v -0.098309 0.805630 -0.388949
v -0.098309 0.805630 -0.388949
v -0.098309 0.805630 -0.388949
v 0.196323 1.533478 -0.393456
v 0.240809 1.549510 -0.317123
v -0.232546 0.685518 -0.195102
v -0.232546 0.685518 -0.195102
v -0.232546 0.685518 -0.195102
v -0.232546 0.685518 -0.195102
v -0.232546 0.685518 -0.195102
v -0.235391 0.702807 -0.259722
v -0.235391 0.702807 -0.259722
v 0.086986 1.226887 -0.199696
v -0.418244 0.118974 -0.051924
v -0.257057 1.634596 -0.347293
v -0.257057 1.634596 -0.347293
v -0.189606 1.533449 -0.393281
v 0.123282 0.615482 -0.235040
v -0.334112 -0.005600 -0.327477
v -0.336221 2.212031 -0.279336
v -0.336221 2.212031 -0.279336
v -0.336221 2.212031 -0.279336
v -0.336221 2.212031 -0.279336
v -0.336221 2.212031 -0.279336
v -0.336221 2.212031 -0.279336
v 0.288905 0.522336 -0.186019
v 0.288905 0.522336 -0.186019
v 0.288905 0.522336 -0.186019
v 0.288905 0.522336 -0.186019
v 0.288905 0.522336 -0.186019
v 0.265651 0.544493 -0.201503
v 0.265651 0.544493 -0.201503
v 0.265651 0.544493 -0.201503
v 0.265651 0.544493 -0.201503
v 0.265651 0.544493 -0.201503
v 0.691834 0.548031 -0.279065
v 0.691834 0.548031 -0.279065
v 0.691834 0.548031 -0.279065
v 0.691834 0.548031 -0.279065
v 0.691834 0.548031 -0.279065
v 0.651739 0.503127 -0.250785
v 0.651739 0.503127 -0.250785
v 0.698290 0.491283 -0.277967
v 0.698290 0.491283 -0.277967
v 0.698290 0.491283 -0.277967
v 0.698290 0.491283 -0.277967
v 0.658989 0.555383 -0.317008
v 0.658989 0.555383 -0.317008
v 0.664680 0.611756 -0.307071
v 0.664680 0.611756 -0.307071
v 0.703692 0.654754 -0.344869
v 0.703692 0.654754 -0.344869
v 0.668984 0.597630 -0.326671
v 0.668984 0.597630 -0.326671
v 0.707303 0.614861 -0.349722
v 0.707303 0.614861 -0.349722
v 0.707303 0.614861 -0.349722
v 0.707303 0.614861 -0.349722
v 0.707303 0.614861 -0.349722
v 0.661849 0.470354 -0.370608
v 0.671525 0.492597 -0.400303
v 0.648807 0.632150 -0.380487
v 0.344368 2.169263 -0.226475
v 0.344368 2.169263 -0.226475
v 0.344368 2.169263 -0.226475
v 0.422175 2.189976 -0.257774
v 0.422175 2.189976 -0.257774
v 0.402936 2.240253 -0.250610
v 0.402936 2.240253 -0.250610
v 0.402936 2.240253 -0.250610
v 0.402936 2.240253 -0.250610
v 0.348947 2.250710 -0.167301
v 0.348947 2.250710 -0.167301
v 0.061089 1.041520 -0.384991
v 0.061089 1.041520 -0.384991
v 0.061089 1.041520 -0.384991
v 0.061089 1.041520 -0.384991
v 0.061089 1.041520 -0.384991
v -0.638233 0.857511 -0.340633
v -0.638233 0.857511 -0.340633
v -0.638233 0.857511 -0.340633
v -0.247018 0.317817 -0.355193
v -0.247018 0.317817 -0.355193
v -0.255699 0.320070 -0.320067
v -0.255699 0.320070 -0.320067
v -0.255699 0.320070 -0.320067
v -0.215041 0.589571 -0.313394
v -0.215041 0.589571 -0.313394
v -0.170555 0.584169 -0.355179
v -0.170555 0.584169 -0.355179
v -0.170555 0.584169 -0.355179
v -0.212340 0.314596 -0.376339
v 0.089181 1.087118 -0.354949
v 0.089181 1.087118 -0.354949
v 0.131645 1.099323 -0.289376
v 0.131645 1.099323 -0.289376
v 0.131645 1.099323 -0.289376
v -0.194690 0.313528 -0.307155
v -0.194690 0.313528 -0.307155
v -0.172245 0.594727 -0.226141
v -0.172245 0.594727 -0.226141
v -0.172245 0.594727 -0.226141
v -0.226783 0.316893 -0.297839
v -0.491835 0.770821 -0.224884
v -0.491835 0.770821 -0.224884
v -0.480482 0.699976 -0.205775
v -0.480482 0.699976 -0.205775
v -0.480482 0.699976 -0.205775
v -0.480482 0.699976 -0.205775
v -0.480482 0.699976 -0.205775
v -0.541563 0.753547 -0.224147
v -0.541563 0.753547 -0.224147
v -0.035047 1.814215 -0.224958
v -0.106252 1.721864 -0.066180
v -0.106252 1.721864 -0.066180
v -0.106252 1.721864 -0.066180
v -0.106252 1.721864 -0.066180
v -0.106252 1.721864 -0.066180
v -0.106252 1.721864 -0.066180
v -0.132856 1.967821 0.122061
v -0.032589 1.918424 0.291092
v 0.008344 1.904891 0.376539
v 0.008344 1.904891 0.376539
v 0.008344 1.904891 0.376539
v 0.005106 1.801201 -0.190120
v 0.005829 1.773022 -0.084264
v 0.005829 1.773022 -0.084264
v 0.005829 1.773022 -0.084264
v 0.066622 1.771275 -0.084351
v 0.066622 1.771275 -0.084351
v 0.066622 1.771275 -0.084351
v 0.004182 0.810700 -0.313410
v -0.208988 1.908574 -0.095818
v 0.005800 1.542014 -0.087399
v 0.005800 1.542014 -0.087399
v 0.005800 1.542014 -0.087399
v 0.005800 1.542014 -0.087399
v 0.005800 1.542014 -0.087399
v 0.005974 1.601463 -0.076277
v 0.005974 1.601463 -0.076277
v 0.005974 1.601463 -0.076277
v 0.005974 1.601463 -0.076277
v 0.005974 1.601463 -0.076277
v 0.063704 1.705701 -0.035128
v 0.063704 1.705701 -0.035128
v 0.063704 1.705701 -0.035128
v 0.005916 1.701137 -0.019399
v 0.005916 1.701137 -0.019399
v 0.005916 1.701137 -0.019399
v 0.005916 1.701137 -0.019399
v 0.005916 1.701137 -0.019399
v -0.165166 1.893423 -0.061833
v -0.253157 2.051521 -0.151555
v -0.209652 2.024656 -0.018286
v -0.193216 1.892152 -0.089579
v 0.091680 1.795828 -0.190380
v -0.051020 1.790947 -0.066701
v -0.051020 1.790947 -0.066701
v -0.051020 1.790947 -0.066701
v -0.051020 1.790947 -0.066701
v -0.051020 1.790947 -0.066701
v -0.051020 1.790947 -0.066701
v -0.051020 1.790947 -0.066701
v -0.067861 1.791365 -0.143295
v -0.054977 1.771275 -0.084351
v -0.157656 2.143453 0.068765
v 0.006046 1.760890 -0.010661
v 0.006046 1.760890 -0.010661
v 0.006046 1.760890 -0.010661
v 0.006046 1.760890 -0.010661
v 0.006046 1.760890 -0.010661
v 0.006046 1.760890 -0.010661
v 0.006046 1.760890 -0.010661
v 0.005497 1.799252 -0.045744
v 0.005497 1.799252 -0.045744
v 0.005497 1.799252 -0.045744
v 0.152907 1.775752 -0.103330
v 0.152907 1.775752 -0.103330
v 0.152907 1.775752 -0.103330
v 0.152907 1.775752 -0.103330
v 0.152907 1.775752 -0.103330
v 0.151463 1.763779 -0.077505
v 0.151463 1.763779 -0.077505
v 0.211778 0.179911 -0.111462
v 0.211778 0.179911 -0.111462
v 0.069944 1.843839 0.012088
v 0.069944 1.843839 0.012088
v 0.069944 1.843839 0.012088
v 0.069944 1.843839 0.012088
v 0.069944 1.843839 0.012088
v -0.011834 1.868421 0.382446
v 0.008430 1.852172 0.382013
v -0.164719 1.733924 -0.093565
v -0.164719 1.733924 -0.093565
v -0.164719 1.733924 -0.093565
v -0.163072 1.726529 -0.106839
v -0.163072 1.726529 -0.106839
v -0.160805 1.746417 -0.079439
v -0.189749 1.808857 -0.104195
v -0.189749 1.808857 -0.104195
v -0.176721 1.883341 -0.034852
v 0.142002 1.840950 0.026257
v 0.142002 1.840950 0.026257
v 0.148531 1.847854 0.030778
v 0.148531 1.847854 0.030778
v 0.182502 1.870227 -0.035230
v 0.220242 1.909455 -0.095820
v 0.124352 1.714353 -0.044054
v 0.124352 1.714353 -0.044054
v 0.124352 1.714353 -0.044054
v 0.119803 1.722571 -0.040804
v 0.070392 1.708244 -0.019876
v 0.070392 1.708244 -0.019876
v 0.068629 1.693324 -0.014835
v 0.068629 1.693324 -0.014835
v -0.112376 1.713457 -0.044067
v -0.112376 1.713457 -0.044067
v -0.112376 1.713457 -0.044067
v -0.107710 1.722571 -0.040818
v -0.139602 1.762897 -0.077518
v -0.139602 1.762897 -0.077518
v -0.139602 1.762897 -0.077518
v -0.150680 1.757929 -0.079309
v 0.105360 1.855075 0.157461
v 0.054678 1.825524 0.274482
v 0.054678 1.825524 0.274482
v 0.054678 1.825524 0.274482
v -0.047496 1.807788 0.100510
v -0.047496 1.807788 0.100510
v -0.047496 1.807788 0.100510
v -0.047496 1.807788 0.100510
v -0.040085 1.806242 0.163397
v -0.040085 1.806242 0.163397
v -0.040085 1.806242 0.163397
v -0.040085 1.806242 0.163397
v -0.040085 1.806242 0.163397
v -0.040085 1.806242 0.163397
v 0.281669 0.560944 -0.356293
v 0.281669 0.560944 -0.356293
v 0.175164 1.733924 -0.093566
v 0.175164 1.733924 -0.093566
v 0.175164 1.733924 -0.093566
v 0.175164 1.733924 -0.093566
v 0.171698 1.746417 -0.079455
v 0.171698 1.746417 -0.079455
v 0.129552 1.681855 -0.064910
v 0.129552 1.681855 -0.064910
v 0.129552 1.681855 -0.064910
v 0.129552 1.681855 -0.064910
v 0.129552 1.681855 -0.064910
v 0.245055 0.670526 -0.341185
v 0.245055 0.670526 -0.341185
v -0.055801 1.668741 -0.019673
v -0.055801 1.668741 -0.019673
v -0.055165 1.655308 -0.038710
v -0.055165 1.655308 -0.038710
v -0.055165 1.655308 -0.038710
v -0.055165 1.655308 -0.038710
v -0.055165 1.655308 -0.038710
v 0.128310 1.684628 -0.086041
v 0.128310 1.684628 -0.086041
v 0.261522 1.996982 -0.046944
v 0.195428 1.931481 0.026227
v 0.054678 1.825524 0.274482
v 0.054678 1.825524 0.274482
v 0.054678 1.825524 0.274482
v 0.076935 1.879138 0.284592
v 0.028709 1.868421 0.382461
v -0.172476 0.594510 -0.182508
v -0.172476 0.594510 -0.182508
v -0.172476 0.594510 -0.182508
v -0.172476 0.594510 -0.182508
v -0.172476 0.594510 -0.182508
v 0.161573 1.757929 -0.079310
v -0.114355 0.615482 -0.235270
v -0.114355 0.615482 -0.235270
v -0.019042 1.762753 -0.025191
v -0.019042 1.762753 -0.025191
v 0.141553 0.701738 -0.185715
v 0.141553 0.701738 -0.185715
v 0.241805 0.685518 -0.195032
v 0.241805 0.685518 -0.195032
v 0.241805 0.685518 -0.195032
v 0.241805 0.685518 -0.195032
v 0.241805 0.685518 -0.195032
v -0.166685 0.472492 -0.461338
v -0.166685 0.472492 -0.461338
v -0.062777 1.837975 0.066280
v -0.062864 1.831359 0.060603
v 0.118228 2.198049 0.100453
v -0.014305 1.732147 -0.016294
v -0.014305 1.732147 -0.016294
v -0.014305 1.732147 -0.016294
v -0.113993 1.833945 0.090257
v -0.113993 1.833945 0.090257
v -0.113993 1.833945 0.090257
v -0.113993 1.833945 0.090257
v -0.139587 1.859221 0.043055
v -0.139587 1.859221 0.043055
v -0.139587 1.859221 0.043055
v -0.139587 1.859221 0.043055
v -0.139587 1.859221 0.043055
v -0.139587 1.859221 0.043055
v -0.139587 1.859221 0.043055
v -0.037212 2.191478 0.054032
v 0.179844 2.150155 0.092797
v 0.091667 1.996115 0.107313
v -0.155822 0.063930 -0.055839
v -0.159418 0.114670 -0.051029
v -0.159418 0.114670 -0.051029
v -0.181314 1.890346 -0.034722
v -0.132887 -0.003419 -0.419062
v -0.037111 2.212320 0.002151
v 0.017991 1.995032 0.108223
v 0.048221 2.005332 0.097246
v -0.136092 1.847868 0.030750
v -0.141551 1.853920 0.035140
v 0.141553 0.701738 -0.185715
v 0.193031 2.003959 0.051532
v 0.200787 1.808857 -0.104226
v 0.161573 1.757929 -0.079310
v -0.037111 2.212320 0.002151
v -0.270345 0.538571 -0.255924
v -0.296242 0.507330 -0.262727
v -0.296242 0.507330 -0.262727
v -0.207703 0.722551 -0.196749
v -0.243566 0.649410 -0.192474
v -0.243566 0.649410 -0.192474
v -0.243566 0.649410 -0.192474
v -0.243566 0.649410 -0.192474
v -0.243566 0.649410 -0.192474
v -0.243566 0.649410 -0.192474
v 0.178342 1.824643 -0.125703
v 0.178342 1.824643 -0.125703
v 0.117029 1.558393 -0.101784
v 0.195948 1.686029 -0.119767
v 0.195948 1.686029 -0.119767
v 0.195948 1.686029 -0.119767
v 0.126360 1.629960 -0.093508
v 0.126360 1.629960 -0.093508
v -0.044737 2.140319 0.104150
v -0.099954 2.152480 0.106982
v 0.093948 1.811846 -0.222113
v -0.069906 2.111179 0.121312
v -0.190486 2.180168 0.090054
v -0.152427 2.206816 0.109351
v 0.154366 2.258509 0.114939
v 0.103049 2.253844 0.131593
v 0.103049 2.253844 0.131593
v 0.113751 2.152480 0.107024
v -0.091128 2.234519 0.142613
v -0.091128 2.234519 0.142613
v -0.035320 2.212955 0.118319
v -0.054355 2.206051 0.137413
v 0.318571 0.063165 -0.410673
v -0.011863 1.891704 0.380684
v -0.011863 1.891704 0.380684
v -0.039102 1.910639 0.465279
v -0.039102 1.910639 0.465279
v -0.039102 1.910639 0.465279
v -0.039102 1.910639 0.465279
v -0.039102 1.910639 0.465279
v 0.008344 1.904891 0.376539
v 0.008344 1.904891 0.376539
v 0.008344 1.904891 0.376539
v 0.154033 1.850757 -0.148928
v 0.151044 1.815991 -0.104312
v 0.062404 1.764082 0.000215
v 0.006378 1.759388 0.011178
v 0.006378 1.759388 0.011178
v 0.006378 1.759388 0.011178
v -0.093498 1.783653 -0.074876
v -0.093498 1.783653 -0.074876
v -0.140930 1.815991 -0.104311
v -0.434031 -0.004286 -0.058337
v -0.434031 -0.004286 -0.058337
v -0.180565 0.277188 -0.405081
v -0.085988 2.214024 0.117626
v 0.167784 1.920172 -0.034305
v 0.125898 1.772661 -0.003482
v 0.155377 1.864955 -0.121702
v 0.257491 0.607047 -0.252358
v -0.049980 1.764082 0.000215
v -0.049980 1.764082 0.000215
v -0.049980 1.764082 0.000215
v -0.054905 1.707608 -0.021248
v -0.102150 1.717025 -0.039344
v 0.068745 1.870862 0.053829
v 0.005930 1.756369 0.040873
v 0.005930 1.756369 0.040873
v 0.005930 1.756369 0.040873
v 0.006248 1.868161 0.062539
v 0.314456 0.460807 -0.261010
v 0.305241 0.509164 -0.262570
v 0.305241 0.509164 -0.262570
v -0.274649 0.560944 -0.356248
v -0.274649 0.560944 -0.356248
v -0.274649 0.560944 -0.356248
v -0.187019 2.170304 0.075163
v 0.027076 2.049296 0.100395
v 0.046488 2.019037 0.104742
v 0.049036 2.032185 0.110003
v 0.129984 0.746888 -0.396257
v 0.129984 0.746888 -0.396257
v 0.129984 0.746888 -0.396257
v 0.129984 0.746888 -0.396257
v 0.129984 0.746888 -0.396257
v 0.203647 2.198093 0.084261
v 0.058766 2.236209 0.127289
v 0.142002 1.840950 0.026257
v 0.142002 1.840950 0.026257
v 0.132108 1.867439 -0.017608
v 0.132108 1.867439 -0.017608
v 0.132108 1.867439 -0.017608
v 0.005930 1.756369 0.040873
v 0.005930 1.756369 0.040873
v 0.005930 1.756369 0.040873
v 0.006465 1.761858 0.016536
v -0.047106 1.765512 0.006484
v -0.047106 1.765512 0.006484
v -0.053215 1.760370 0.028929
v -0.053215 1.760370 0.028929
v -0.156443 1.920186 -0.034332
v -0.113589 1.771780 -0.003496
v -0.006000 2.175532 0.107501
v 0.157933 2.236642 0.107111
v 0.157933 2.236642 0.107111
v 0.154366 2.258509 0.114939
v -0.029716 2.176745 0.122320
v -0.007776 2.116271 0.110895
v -0.040765 2.366272 -0.054381
v -0.040765 2.366272 -0.054381
v -0.040765 2.366272 -0.054381
v -0.093079 2.494342 -0.099026
v -0.093079 2.494342 -0.099026
v -0.093079 2.494342 -0.099026
v -0.093079 2.494342 -0.099026
v -0.093079 2.494342 -0.099026
v -0.056061 2.381062 -0.089637
v -0.056061 2.381062 -0.089637
v -0.056061 2.381062 -0.089637
v -0.056061 2.381062 -0.089637
v -0.056061 2.381062 -0.089637
v 0.028247 2.469282 0.180455
v 0.028247 2.469282 0.180455
v 0.028247 2.469282 0.180455
v -0.019692 2.320270 -0.001937
v -0.019692 2.320270 -0.001937
v -0.019692 2.320270 -0.001937
v 0.037850 2.293506 0.085504
v 0.037850 2.293506 0.085504
v -0.036822 2.270671 -0.038017
v -0.036822 2.270671 -0.038017
v -0.036822 2.270671 -0.038017
v -0.036822 2.270671 -0.038017
v -0.016832 2.367890 -0.053846
v -0.016832 2.367890 -0.053846
v -0.016832 2.367890 -0.053846
v -0.016832 2.367890 -0.053846
v 0.054590 2.277979 -0.141850
v 0.054590 2.277979 -0.141850
v 0.054590 2.277979 -0.141850
v 0.054590 2.277979 -0.141850
v 0.046300 2.299775 -0.142804
v 0.072167 2.382261 -0.254798
v 0.072167 2.382261 -0.254798
v 0.072167 2.382261 -0.254798
v 0.033661 2.231645 -0.245728
v 0.033661 2.231645 -0.245728
v 0.033661 2.231645 -0.245728
v 0.033661 2.231645 -0.245728
v 0.033661 2.231645 -0.245728
v 0.033661 2.231645 -0.245728
v 0.033661 2.231645 -0.245728
v 0.033661 2.231645 -0.245728
v 0.033661 2.231645 -0.245728
v -0.163535 0.227040 -0.376440
v -0.163535 0.227040 -0.376440
v 0.085499 2.208405 -0.109439
v 0.110140 2.205575 -0.065112
v 0.620512 0.902516 -0.304356
v 0.620512 0.902516 -0.304356
v 0.567619 0.754832 -0.448544
v 0.567619 0.754832 -0.448544
v 0.567619 0.754832 -0.448544
v 0.567619 0.754832 -0.448544
v 0.567619 0.754832 -0.448544
v 0.592939 0.773103 -0.479670
v 0.592939 0.773103 -0.479670
v 0.601345 0.686919 -0.471755
v 0.601345 0.686919 -0.471755
v 0.601345 0.686919 -0.471755
v 0.573961 0.733803 -0.396230
v 0.573961 0.733803 -0.396230
v 0.573961 0.733803 -0.396230
v 0.573961 0.733803 -0.396230
v 0.573961 0.733803 -0.396230
v 0.573961 0.733803 -0.396230
v 0.573961 0.733803 -0.396230
v 0.573961 0.733803 -0.396230
v 0.573961 0.733803 -0.396230
v 0.658988 0.716167 -0.436022
v 0.658988 0.716167 -0.436022
v 0.658988 0.716167 -0.436022
v 0.647695 0.647864 -0.393269
v 0.655249 0.676867 -0.381252
v 0.655249 0.676867 -0.381252
v 0.632428 0.699138 -0.249239
v 0.627228 0.861555 -0.287283
v 0.627228 0.861555 -0.287283
v 0.627228 0.861555 -0.287283
v 0.547270 0.908857 -0.276523
v 0.547270 0.908857 -0.276523
v 0.474272 0.894703 -0.291010
v 0.474272 0.894703 -0.291010
v 0.474272 0.894703 -0.291010
v 0.474272 0.894703 -0.291010
v 0.507521 0.825273 -0.225350
v 0.507521 0.825273 -0.225350
v 0.507521 0.825273 -0.225350
v 0.615081 0.635775 -0.298174
v 0.615081 0.635775 -0.298174
v 0.615081 0.635775 -0.298174
v 0.598558 0.716644 -0.295054
v 0.598558 0.716644 -0.295054
v 0.598558 0.716644 -0.295054
v 0.598558 0.716644 -0.295054
v 0.598558 0.716644 -0.295054
v 0.658988 0.716167 -0.436022
v 0.640270 0.763397 -0.456113
v 0.640270 0.763397 -0.456113
v 0.640270 0.763397 -0.456113
v 0.616396 0.996139 -0.391334
v 0.601345 0.922188 -0.411295
v -0.651696 0.716167 -0.435397
v -0.665734 0.731203 -0.272734
v -0.665734 0.731203 -0.272734
v -0.665734 0.731203 -0.272734
v -0.665734 0.731203 -0.272734
v -0.675931 0.740837 -0.335635
v -0.675931 0.740837 -0.335635
v -0.675931 0.740837 -0.335635
v -0.638233 0.857511 -0.340633
v -0.638233 0.857511 -0.340633
v -0.638233 0.857511 -0.340633
v -0.618070 0.861540 -0.286846
v -0.618070 0.861540 -0.286846
v -0.618070 0.861540 -0.286846
v -0.619500 0.773118 -0.260111
v -0.619500 0.773118 -0.260111
v -0.619500 0.773118 -0.260111
v -0.665734 0.731203 -0.272734
v -0.665734 0.731203 -0.272734
v -0.630434 0.642607 -0.252788
v -0.678617 0.659838 -0.271680
v -0.678617 0.659838 -0.271680
v -0.636991 0.657715 -0.318578
v 0.258126 0.649756 -0.271785
v 0.258126 0.649756 -0.271785
v -0.453401 0.971310 -0.359179
v -0.453401 0.971310 -0.359179
v -0.533476 0.944821 -0.414974
v -0.533476 0.944821 -0.414974
v -0.494073 0.936415 -0.369029
v -0.494073 0.936415 -0.369029
v -0.494073 0.936415 -0.369029
v -0.494073 0.936415 -0.369029
v -0.494073 0.936415 -0.369029
v -0.494073 0.936415 -0.369029
v -0.494073 0.936415 -0.369029
v -0.476265 0.969000 -0.289778
v -0.476265 0.969000 -0.289778
v -0.466154 0.894688 -0.290674
v -0.466154 0.894688 -0.290674
v -0.466154 0.894688 -0.290674
v -0.466154 0.894688 -0.290674
v -0.498291 0.825273 -0.225043
v -0.498291 0.825273 -0.225043
v -0.498291 0.825273 -0.225043
v -0.457402 0.745733 -0.260732
v -0.457402 0.745733 -0.260732
v -0.230265 0.313787 -0.403420
v -0.016618 2.231963 -0.458277
v -0.016618 2.231963 -0.458277
v -0.016618 2.231963 -0.458277
v -0.016618 2.231963 -0.458277
v 0.002982 2.097711 -0.442649
v 0.027465 2.127349 -0.408910
v 0.027465 2.127349 -0.408910
v 0.035986 2.213128 -0.391953
v 0.035986 2.213128 -0.391953
v 0.035986 2.213128 -0.391953
v 0.035986 2.213128 -0.391953
v 0.122460 2.311589 0.076635
v 0.090670 2.319447 0.046362
v 0.083346 2.199811 -0.189933
v 0.674271 0.755338 -0.401415
v 0.674271 0.755338 -0.401415
v 0.689739 0.686110 -0.414429
v 0.689739 0.686110 -0.414429
v 0.658988 0.716167 -0.436022
v 0.674271 0.755338 -0.401415
v 0.674271 0.755338 -0.401415
v 0.674271 0.755338 -0.401415
v 0.674271 0.755338 -0.401415
v 0.684497 0.740851 -0.336189
v 0.684497 0.740851 -0.336189
v 0.684497 0.740851 -0.336189
v -0.613694 0.611929 -0.360710
v -0.613694 0.611929 -0.360710
v -0.636991 0.657715 -0.318578
v -0.636991 0.657715 -0.318578
v -0.636991 0.657715 -0.318578
v -0.636991 0.657715 -0.318578
v -0.577614 0.713134 -0.351394
v -0.577614 0.713134 -0.351394
v -0.577614 0.713134 -0.351394
v -0.577614 0.713134 -0.351394
v -0.577614 0.713134 -0.351394
v -0.577614 0.713134 -0.351394
v -0.641628 0.632150 -0.379949
v -0.508893 0.846837 -0.432855
v -0.508893 0.846837 -0.432855
v -0.508893 0.846837 -0.432855
v -0.508893 0.846837 -0.432855
v -0.566319 0.733803 -0.395721
v -0.566319 0.733803 -0.395721
v -0.566319 0.733803 -0.395721
v -0.566319 0.733803 -0.395721
v -0.566319 0.733803 -0.395721
v -0.566319 0.733803 -0.395721
v -0.566319 0.733803 -0.395721
v -0.566319 0.733803 -0.395721
v -0.566319 0.733803 -0.395721
v -0.601505 0.658047 -0.407073
v -0.635230 0.664387 -0.442561
v -0.623010 0.699138 -0.248831
v -0.541058 0.840626 -0.369737
v -0.541058 0.840626 -0.369737
v -0.541058 0.840626 -0.369737
v -0.541058 0.840626 -0.369737
v -0.541058 0.840626 -0.369737
v -0.457532 0.871059 -0.328963
v -0.457532 0.871059 -0.328963
v -0.457532 0.871059 -0.328963
v -0.457532 0.871059 -0.328963
v -0.457532 0.871059 -0.328963
v -0.076253 2.207683 -0.086460
v -0.076253 2.207683 -0.086460
v -0.076253 2.207683 -0.086460
v -0.076253 2.207683 -0.086460
v -0.036822 2.270671 -0.038017
v -0.041531 2.263204 -0.104254
v -0.041531 2.263204 -0.104254
v -0.048622 2.212724 -0.146212
v -0.048622 2.212724 -0.146212
v -0.048622 2.212724 -0.146212
v -0.047771 2.207683 -0.150935
v -0.047771 2.207683 -0.150935
v -0.047771 2.207683 -0.150935
v -0.003271 2.240253 -0.250624
v -0.008759 2.198367 -0.308571
v -0.008759 2.198367 -0.308571
v -0.009670 1.857487 -0.429780
v 0.007488 1.803267 -0.452124
v -0.085656 0.409331 -0.343784
v 0.005930 2.210283 0.045380
v 0.043455 2.231082 0.029622
v 0.043455 2.231082 0.029622
v 0.043455 2.231082 0.029622
v 0.216905 0.722551 -0.196621
v -0.004789 1.976213 -0.470236
v 0.030526 1.926628 -0.450304
v 0.012255 1.917875 -0.500466
v 0.076154 2.201212 0.001140
v 0.076154 2.201212 0.001140
v 0.122460 2.311589 0.076635
v 0.122460 2.311589 0.076635
v 0.513299 0.708310 -0.268926
v 0.550837 0.753561 -0.224469
v -0.514179 0.748838 -0.300134
v -0.504502 0.708310 -0.268590
v 0.144949 0.063584 -0.083745
v 0.424140 0.076930 0.042071
v 0.354378 0.085581 0.116599
v 0.414738 0.128522 0.028596
v 0.414738 0.128522 0.028596
v 0.414738 0.128522 0.028596
v 0.414738 0.128522 0.028596
v 0.414738 0.128522 0.028596
v 0.350233 0.148699 0.086571
v 0.350233 0.148699 0.086571
v 0.350233 0.148699 0.086571
v 0.350233 0.148699 0.086571
v 0.350464 0.092557 0.101232
v 0.350464 0.092557 0.101232
v -0.285828 0.323869 -0.303890
v 0.006190 1.732942 -0.001561
v 0.006190 1.732942 -0.001561
v 0.006190 1.732942 -0.001561
v -0.273190 0.288150 -0.261441
v 0.183467 0.153148 -0.451158
v 0.183467 0.153148 -0.451158
v 0.183467 0.153148 -0.451158
v 0.183467 0.153148 -0.451158
v 0.187266 0.175535 -0.443358
v 0.187266 0.175535 -0.443358
v 0.266257 0.147804 -0.458018
v 0.266257 0.147804 -0.458018
v 0.266257 0.147804 -0.458018
v 0.266257 0.147804 -0.458018
v 0.269868 0.075586 -0.462106
v 0.269868 0.075586 -0.462106
v 0.269868 0.075586 -0.462106
v 0.413393 0.068105 -0.175158
v 0.425354 0.066213 -0.117312
v 0.425354 0.066213 -0.117312
v 0.430900 0.063815 -0.056823
v 0.163219 0.154924 -0.390942
v 0.169877 0.227026 -0.376716
v 0.169877 0.227026 -0.376716
v 0.358235 0.169339 -0.050453
v 0.358235 0.169339 -0.050453
v 0.356617 0.164457 0.022284
v 0.356617 0.164457 0.022284
v 0.356617 0.164457 0.022284
v 0.356617 0.164457 0.022284
v 0.356617 0.164457 0.022284
v -0.251092 0.486488 -0.439904
v -0.251092 0.486488 -0.439904
v 0.215693 0.089813 0.082932
v 0.215693 0.089813 0.082932
v 0.171538 1.941216 -0.206701
v 0.205048 1.909412 -0.125010
v -0.460334 2.306996 -0.263924
v -0.413248 2.188128 -0.257656
v -0.413248 2.188128 -0.257656
v -0.227100 1.749870 -0.136924
v 0.089181 1.087118 -0.354949
v -0.142621 0.583085 -0.216421
v -0.142621 0.583085 -0.216421
v -0.400206 2.284046 -0.246924
v -0.400206 2.284046 -0.246924
v -0.400206 2.284046 -0.246924
v -0.400206 2.284046 -0.246924
v -0.400206 2.284046 -0.246924
v 0.182125 0.594510 -0.182452
v 0.182125 0.594510 -0.182452
v 0.182125 0.594510 -0.182452
v 0.182125 0.594510 -0.182452
v 0.182125 0.594510 -0.182452
v 0.152126 0.583085 -0.216379
v 0.152126 0.583085 -0.216379
v -0.197376 1.445662 -0.241524
v -0.197376 1.445662 -0.241524
v -0.197376 1.445662 -0.241524
v -0.077900 1.226887 -0.199639
v -0.142693 1.422639 -0.160366
v -0.172561 1.582557 -0.125745
v 0.664492 0.502765 -0.318871
v 0.664492 0.502765 -0.318871
v -0.295361 0.221826 -0.383517
v -0.245344 0.236313 -0.425042
v 0.656779 0.617995 -0.460171
v 0.656779 0.617995 -0.460171
v 0.253822 0.649410 -0.192432
v 0.253822 0.649410 -0.192432
v 0.253822 0.649410 -0.192432
v 0.253822 0.649410 -0.192432
v 0.253822 0.649410 -0.192432
v 0.253822 0.649410 -0.192432
v 0.056571 1.878676 0.457032
v 0.056571 1.878676 0.457032
v 0.056571 1.878676 0.457032
v 0.056571 1.878676 0.457032
v 0.009616 1.877030 0.517926
v 0.009616 1.877030 0.517926
v 0.009616 1.877030 0.517926
v 0.009616 1.877030 0.517926
v 0.009616 1.877030 0.517926
v -0.413955 0.023850 0.047909
v -0.683297 0.548118 -0.275651
v -0.683297 0.548118 -0.275651
v -0.683297 0.548118 -0.275651
v -0.683297 0.548118 -0.275651
v -0.683297 0.548118 -0.275651
v -0.650770 0.554473 -0.316513
v -0.650770 0.554473 -0.316513
v -0.656143 0.611770 -0.306590
v -0.656143 0.611770 -0.306590
v -0.606256 0.635789 -0.297751
v -0.606256 0.635789 -0.297751
v -0.611773 0.615583 -0.296783
v -0.611773 0.615583 -0.296783
v -0.611773 0.615583 -0.296783
v -0.611773 0.615583 -0.296783
v -0.611773 0.615583 -0.296783
v 0.049044 2.197227 0.093910
v -0.650351 0.479858 -0.289923
v -0.655392 0.502780 -0.318375
v -0.655392 0.502780 -0.318375
v -0.650770 0.554473 -0.316513
v -0.650770 0.554473 -0.316513
v -0.660130 0.597644 -0.326160
v 0.186948 0.277159 -0.405358
v 0.207661 0.227459 -0.197704
v -0.654367 0.470383 -0.370026
v -0.664030 0.492626 -0.399735
v -0.664030 0.492626 -0.399735
v -0.651594 0.641307 -0.488838
v -0.651594 0.641307 -0.488838
v -0.651594 0.641307 -0.488838
v -0.651594 0.641307 -0.488838
v -0.651594 0.641307 -0.488838
v -0.624036 0.698228 -0.493575
v -0.660130 0.597644 -0.326160
v -0.660130 0.597644 -0.326160
v -0.695415 0.654754 -0.344272
v -0.695415 0.654754 -0.344272
v -0.700037 0.614904 -0.346020
v -0.700037 0.614904 -0.346020
v -0.700037 0.614904 -0.346020
v -0.700037 0.614904 -0.346020
v -0.700037 0.614904 -0.346020
v -0.654367 0.470383 -0.370026
v -0.655753 0.481664 -0.341399
v -0.655753 0.481664 -0.341399
v -0.646307 0.546876 -0.325439
v -0.646307 0.546876 -0.325439
v -0.637194 0.630388 -0.450404
v -0.637194 0.630388 -0.450404
v -0.683081 0.586263 -0.440220
v -0.683081 0.586263 -0.440220
v -0.683081 0.586263 -0.440220
v -0.683081 0.586263 -0.440220
v -0.683081 0.586263 -0.440220
v -0.654917 0.576644 -0.405253
v -0.654917 0.576644 -0.405253
v -0.599208 0.558113 -0.436697
v -0.599208 0.558113 -0.436697
v -0.599208 0.558113 -0.436697
v -0.599208 0.558113 -0.436697
v -0.637469 0.557333 -0.468530
v -0.637469 0.557333 -0.468530
v -0.633728 0.601847 -0.464876
v -0.337809 0.148713 0.086833
v -0.337809 0.148713 0.086833
v -0.337809 0.148713 0.086833
v -0.337809 0.148713 0.086833
v -0.337592 0.093438 0.101450
v -0.337592 0.093438 0.101450
v -0.203398 0.089828 0.083064
v -0.203398 0.089828 0.083064
v 0.202288 0.313499 -0.307445
v 0.202288 0.313499 -0.307445
v 0.181446 0.594712 -0.226331
v 0.181446 0.594712 -0.226331
v 0.181446 0.594712 -0.226331
v 0.376924 1.782338 -0.268621
v 0.376924 1.782338 -0.268621
v 0.376924 1.782338 -0.268621
v 0.391555 1.653893 -0.217116
v 0.354219 1.763807 -0.188200
v 0.262647 1.816425 -0.391564
v 0.211460 1.958823 -0.305828
v 0.164620 1.988201 -0.356032
v -0.255873 0.175910 -0.449798
v -0.650222 0.618010 -0.459503
v -0.650222 0.618010 -0.459503
v -0.601924 0.599479 -0.492752
v -0.601924 0.599479 -0.492752
v -0.601924 0.599479 -0.492752
v -0.601924 0.599479 -0.492752
v -0.627214 0.609488 -0.520006
v -0.627214 0.609488 -0.520006
v 0.117029 1.558393 -0.101784
v 0.117029 1.558393 -0.101784
v 0.117029 1.558393 -0.101784
v 0.005151 1.367927 -0.130570
v 0.005151 1.367927 -0.130570
v 0.005151 1.367927 -0.130570
v 0.005151 1.367927 -0.130570
v 0.005151 1.367927 -0.130570
v 0.005151 1.367927 -0.130570
v 0.005151 1.367927 -0.130570
v 0.128310 1.684628 -0.086041
v 0.326733 0.188202 -0.181383
v 0.340439 0.173932 -0.128953
v 0.340439 0.173932 -0.128953
v -0.185157 0.634056 -0.286760
v -0.185157 0.634056 -0.286760
v -0.185157 0.634056 -0.286760
v -0.185157 0.634056 -0.286760
v -0.185157 0.634056 -0.286760
v -0.185157 0.634056 -0.286760
v -0.185157 0.634056 -0.286760
v 0.576705 0.901578 -0.277852
v 0.576705 0.901578 -0.277852
v 0.501599 0.939593 -0.310682
v 0.501599 0.939593 -0.310682
v 0.501599 0.939593 -0.310682
v 0.501599 0.939593 -0.310682
v 0.573557 0.942973 -0.303706
v 0.573557 0.942973 -0.303706
v 0.573557 0.942973 -0.303706
v 0.573557 0.942973 -0.303706
v 0.573557 0.942973 -0.303706
v 0.620512 0.902516 -0.304356
v 0.620512 0.902516 -0.304356
v 0.620512 0.902516 -0.304356
v -0.286782 0.144352 -0.424175
v -0.286782 0.144352 -0.424175
v 0.567995 0.921726 -0.424164
v 0.567995 0.921726 -0.424164
v 0.567995 0.921726 -0.424164
v 0.567995 0.921726 -0.424164
v 0.562146 0.974358 -0.384719
v 0.562146 0.974358 -0.384719
v 0.562146 0.974358 -0.384719
v 0.489034 1.301184 -0.288583
v 0.471557 1.349584 -0.286316
v 0.471557 1.349584 -0.286316
v 0.366452 1.518168 -0.232498
v 0.366452 1.518168 -0.232498
v 0.366452 1.518168 -0.232498
v 0.366452 1.518168 -0.232498
v 0.366452 1.518168 -0.232498
v 0.527742 1.235799 -0.346733
v -0.237211 0.608722 -0.198453
v -0.237211 0.608722 -0.198453
v -0.237211 0.608722 -0.198453
v -0.237211 0.608722 -0.198453
v 0.151418 2.156481 -0.255491
v 0.259051 1.678172 -0.386581
v 0.339226 1.766349 -0.383533
v 0.339226 1.766349 -0.383533
v 0.156185 1.411879 -0.369248
v 0.114949 1.288647 -0.356148
v 0.114949 1.288647 -0.356148
v 0.003647 1.285152 -0.405429
v 0.003647 1.285152 -0.405429
v 0.003647 1.285152 -0.405429
v 0.003647 1.285152 -0.405429
v 0.003647 1.285152 -0.405429
v -0.189606 1.533449 -0.393281
v -0.189606 1.533449 -0.393281
v -0.189606 1.533449 -0.393281
v -0.089687 1.512477 -0.424465
v -0.089687 1.512477 -0.424465
v -0.089687 1.512477 -0.424465
v 0.190342 0.241050 -0.424567
v 0.005308 1.209728 -0.179663
v 0.005308 1.209728 -0.179663
v 0.005308 1.209728 -0.179663
v 0.005308 1.209728 -0.179663
v 0.005308 1.209728 -0.179663
v 0.005308 1.209728 -0.179663
v 0.005308 1.209728 -0.179663
v -0.180261 0.762675 -0.386810
v -0.180261 0.762675 -0.386810
v -0.180261 0.762675 -0.386810
v -0.180261 0.762675 -0.386810
v -0.180261 0.762675 -0.386810
v -0.212412 0.757345 -0.321396
v -0.212412 0.757345 -0.321396
v 0.005366 2.221361 -0.168759
v 0.005366 2.221361 -0.168759
v 0.005366 2.221361 -0.168759
v 0.005366 2.221361 -0.168759
v 0.005366 2.221361 -0.168759
v 0.104651 2.220032 -0.062845
v 0.090972 2.216133 -0.172904
v 0.090972 2.216133 -0.172904
v 0.005382 2.220003 -0.049542
v -0.093383 2.220032 -0.062830
v -0.081266 2.215237 -0.172904
v -0.081266 2.215237 -0.172904
v 0.269045 0.444327 -0.457397
v 0.269045 0.444327 -0.457397
v 0.258270 0.488380 -0.439820
v 0.115743 1.067186 -0.246320
v 0.115743 1.067186 -0.246320
v 0.400856 2.290040 -0.205518
v 0.499231 2.328676 -0.275989
v 0.499231 2.328676 -0.275989
v 0.430827 2.247821 -0.293132
v 0.430827 2.247821 -0.293132
v 0.430827 2.247821 -0.293132
v 0.430827 2.247821 -0.293132
v -0.403585 0.069058 -0.174707
v -0.414662 0.066256 -0.116861
v -0.414662 0.066256 -0.116861
v 0.253490 2.010010 -0.266917
v 0.297528 2.169423 -0.277880
v 0.297528 2.169423 -0.277880
v -0.255873 0.175910 -0.449798
v -0.403715 0.118122 -0.124227
v -0.403715 0.118122 -0.124227
v -0.420165 0.063858 -0.056416
v 0.216905 0.722551 -0.196621
v 0.216905 0.722551 -0.196621
v 0.216905 0.722551 -0.196621
v 0.141553 0.701738 -0.185715
v 0.141553 0.701738 -0.185715
v 0.141553 0.701738 -0.185715
v 0.114747 2.005388 0.111617
v 0.075115 2.006660 0.109928
v -0.338821 1.506469 -0.394133
v -0.338821 1.506469 -0.394133
v -0.338821 1.506469 -0.394133
v -0.338821 1.506469 -0.394133
v -0.338821 1.506469 -0.394133
v -0.338821 1.506469 -0.394133
v -0.353669 1.660652 -0.399506
v 0.382571 1.315758 -0.322481
v 0.382571 1.315758 -0.322481
v 0.382571 1.315758 -0.322481
v 0.382571 1.315758 -0.322481
v 0.382571 1.315758 -0.322481
v 0.330300 0.442565 -0.368151
v 0.666947 0.554357 -0.398310
v 0.666947 0.554357 -0.398310
v -0.402270 0.129431 0.028902
v -0.402270 0.129431 0.028902
v -0.402270 0.129431 0.028902
v -0.402270 0.129431 0.028902
v -0.402270 0.129431 0.028902
v -0.123484 1.099308 -0.289230
v -0.123484 1.099308 -0.289230
v -0.123484 1.099308 -0.289230
v -0.101559 1.023206 -0.241798
v -0.101559 1.023206 -0.241798
v -0.107163 1.067172 -0.246203
v -0.107163 1.067172 -0.246203
v -0.219663 0.596070 -0.254999
v -0.129189 1.068833 -0.300799
v -0.540379 0.694545 -0.207638
v -0.540379 0.694545 -0.207638
v -0.540379 0.694545 -0.207638
v -0.540379 0.694545 -0.207638
v -0.540379 0.694545 -0.207638
v -0.436372 0.647474 -0.211365
v -0.436372 0.647474 -0.211365
v -0.436372 0.647474 -0.211365
v -0.436372 0.647474 -0.211365
v -0.470025 0.667493 -0.184355
v -0.470025 0.667493 -0.184355
v -0.470025 0.667493 -0.184355
v -0.470025 0.667493 -0.184355
v -0.108980 1.946127 0.176137
v -0.120145 1.919999 0.167746
v -0.061230 1.879153 0.284549
v -0.061230 1.879153 0.284549
v -0.157020 1.950417 0.108167
v -0.040073 1.935164 -0.191160
v -0.051062 1.900962 0.287423
v -0.051062 1.900962 0.287423
v 0.006364 1.817508 0.069240
v 0.006364 1.817508 0.069240
v 0.006364 1.817508 0.069240
v 0.006436 1.819978 0.074093
v -0.062864 1.831359 0.060603
v -0.062864 1.831359 0.060603
v -0.062864 1.831359 0.060603
v -0.063875 1.824715 0.054941
v -0.076629 1.821596 -0.174204
v 0.004760 1.827243 -0.152524
v 0.070392 1.708244 -0.019876
v 0.070392 1.708244 -0.019876
v 0.070392 1.708244 -0.019876
v 0.090670 2.319447 0.046362
v 0.090670 2.319447 0.046362
v 0.090670 2.319447 0.046362
v -0.129708 1.840950 0.026229
v -0.129708 1.840950 0.026229
v 0.004904 1.821610 -0.202137
v -0.083822 1.811846 -0.222084
v 0.006190 1.732942 -0.001561
v -0.121273 1.989327 0.095803
v 0.176551 1.893423 -0.061849
v 0.469939 2.307950 -0.264058
v 0.119803 1.722571 -0.040804
v 0.119803 1.722571 -0.040804
v -0.180491 1.817118 -0.100946
v 0.006986 1.799064 0.169579
v 0.006986 1.799064 0.169579
v 0.006986 1.799064 0.169579
v 0.006986 1.799064 0.169579
v 0.006986 1.799064 0.169579
v -0.039276 1.825539 0.274467
v -0.039276 1.825539 0.274467
v -0.039276 1.825539 0.274467
v -0.090840 1.855090 0.157432
v 0.128859 1.691677 -0.050366
v 0.128859 1.691677 -0.050366
v -0.118211 1.681870 -0.064967
v -0.118211 1.681870 -0.064967
v -0.118211 1.681870 -0.064967
v -0.118211 1.681870 -0.064967
v -0.116709 1.684628 -0.086011
v -0.052926 1.661779 -0.071626
v -0.052926 1.661779 -0.071626
v 0.005151 1.658731 -0.069243
v 0.005151 1.658731 -0.069243
v 0.005151 1.658731 -0.069243
v -0.087476 2.099820 -0.336577
v -0.077367 1.776185 -0.459115
v -0.391279 2.289101 -0.205457
v -0.460334 2.306996 -0.263924
v -0.270821 1.559057 -0.344549
v -0.270821 1.559057 -0.344549
v -0.270821 1.559057 -0.344549
v -0.270821 1.559057 -0.344549
v -0.270821 1.559057 -0.344549
v 0.137914 1.068847 -0.301003
v 0.137914 1.068847 -0.301003
v 0.124308 0.967960 -0.346889
v 0.124308 0.967960 -0.346889
v 0.124308 0.967960 -0.346889
v 0.095089 0.527348 -0.330453
v 0.095089 0.527348 -0.330453
v 0.173198 0.474384 -0.461225
v 0.173198 0.474384 -0.461225
v 0.163261 0.540838 -0.449467
v 0.163261 0.540838 -0.449467
v 0.163261 0.540838 -0.449467
v 0.163261 0.540838 -0.449467
v 0.163261 0.540838 -0.449467
v 0.087809 0.614283 -0.324545
v 0.087809 0.614283 -0.324545
v 0.542387 0.941904 -0.412335
v 0.542387 0.941904 -0.412335
v 0.476266 1.286365 -0.398743
v 0.476266 1.286365 -0.398743
v 0.304966 1.614318 -0.396446
v 0.304966 1.614318 -0.396446
v 0.304966 1.614318 -0.396446
v 0.304966 1.614318 -0.396446
v 0.304966 1.614318 -0.396446
v 0.304966 1.614318 -0.396446
v 0.318428 0.488380 -0.361334
v 0.004716 2.188054 -0.271726
v 0.004716 2.188054 -0.271726
v 0.004716 2.188054 -0.271726
v 0.004716 2.188054 -0.271726
v 0.004716 2.188054 -0.271726
v 0.004716 2.188054 -0.271726
v 0.004716 2.188054 -0.271726
v -0.082710 2.180298 -0.266468
v 0.550173 0.694545 -0.207931
v 0.550173 0.694545 -0.207931
v 0.550173 0.694545 -0.207931
v 0.550173 0.694545 -0.207931
v 0.550173 0.694545 -0.207931
v 0.446021 0.647474 -0.211642
v 0.446021 0.647474 -0.211642
v 0.446021 0.647474 -0.211642
v 0.446021 0.647474 -0.211642
v 0.479602 0.667493 -0.184619
v 0.479602 0.667493 -0.184619
v 0.479602 0.667493 -0.184619
v 0.479602 0.667493 -0.184619
v -0.381227 1.652954 -0.216868
v -0.381227 1.652954 -0.216868
v -0.285077 1.673521 -0.193644
v -0.285077 1.673521 -0.193644
v -0.285077 1.673521 -0.193644
v -0.319553 1.599037 -0.220277
v -0.319553 1.599037 -0.220277
v -0.319553 1.599037 -0.220277
v -0.319553 1.599037 -0.220277
v -0.404466 1.567059 -0.230979
v -0.404466 1.567059 -0.230979
v -0.236662 0.670526 -0.341169
v -0.236662 0.670526 -0.341169
v -0.123310 0.746888 -0.396271
v -0.123310 0.746888 -0.396271
v -0.123310 0.746888 -0.396271
v -0.123310 0.746888 -0.396271
v -0.123310 0.746888 -0.396271
v 0.689739 0.686110 -0.414429
v 0.689739 0.686110 -0.414429
v 0.660477 0.621620 -0.400679
v 0.660477 0.621620 -0.400679
v 0.696975 0.644788 -0.423153
v 0.696975 0.644788 -0.423153
v 0.696975 0.644788 -0.423153
v 0.696975 0.644788 -0.423153
v 0.696975 0.644788 -0.423153
v 0.642321 0.664387 -0.443186
v -0.070736 0.868242 -0.391982
v -0.070736 0.868242 -0.391982
v 0.668203 0.609878 -0.496020
v 0.668203 0.609878 -0.496020
v 0.668203 0.609878 -0.496020
v 0.668203 0.609878 -0.496020
v 0.613405 0.642823 -0.525037
v 0.613405 0.642823 -0.525037
v 0.630463 0.698228 -0.494258
v -0.132020 0.701738 -0.185902
v -0.132020 0.701738 -0.185902
v -0.132020 0.701738 -0.185902
v -0.028850 0.763599 -0.304570
v 0.199428 2.184834 -0.187984
v 0.168968 2.189181 -0.073446
v 0.213930 2.175229 -0.084598
v 0.153498 2.188170 -0.179880
v 0.153498 2.188170 -0.179880
v 0.220501 0.758255 -0.321499
v 0.220501 0.758255 -0.321499
v 0.157730 2.080321 -0.324589
v 0.091377 2.180313 -0.266497
v 0.091377 2.180313 -0.266497
v -0.296242 0.507330 -0.262727
v -0.158914 1.766595 -0.431902
v -0.166655 1.873245 -0.395274
v 0.134433 1.158888 -0.288162
v 0.134433 1.158888 -0.288162
v 0.082855 1.123689 -0.347149
v 0.082855 1.123689 -0.347149
v -0.330097 0.174842 -0.128576
v -0.330097 0.174842 -0.128576
v -0.346374 0.170263 -0.050134
v -0.109994 1.140356 -0.250089
v -0.109994 1.140356 -0.250089
v -0.109994 1.140356 -0.250089
v 0.163840 0.628842 -0.174695
v 0.163840 0.628842 -0.174695
v 0.163840 0.628842 -0.174695
v 0.163840 0.628842 -0.174695
v 0.163840 0.628842 -0.174695
v 0.244477 0.702807 -0.259681
v 0.244477 0.702807 -0.259681
v 0.247279 0.609618 -0.198412
v 0.247279 0.609618 -0.198412
v 0.247279 0.609618 -0.198412
v 0.247279 0.609618 -0.198412
v -0.144990 0.872243 -0.369276
v -0.144990 0.872243 -0.369276
v -0.144990 0.872243 -0.369276
v -0.144990 0.872243 -0.369276
v -0.144990 0.872243 -0.369276
v -0.144990 0.872243 -0.369276
v -0.095562 2.091536 0.126925
v -0.279386 0.522336 -0.185714
v -0.279386 0.522336 -0.185714
v -0.279386 0.522336 -0.185714
v -0.279386 0.522336 -0.185714
v -0.279386 0.522336 -0.185714
v -0.306352 0.459883 -0.261138
v 0.118444 1.140371 -0.250205
v -0.170584 0.529760 -0.178420
v -0.170584 0.529760 -0.178420
v -0.170584 0.529760 -0.178420
v -0.170584 0.529760 -0.178420
v -0.170584 0.529760 -0.178420
v -0.232633 1.548571 -0.316904
v -0.240504 1.574252 -0.230489
v 0.138939 1.814764 -0.171532
v 0.659408 0.478905 -0.290403
v 0.045663 0.979746 -0.192056
v 0.045663 0.979746 -0.192056
v 0.148501 0.522481 -0.212378
v 0.148501 0.522481 -0.212378
v 0.148501 0.522481 -0.212378
v -0.100778 2.004551 0.111532
v -0.033645 2.018185 0.104728
v -0.005321 2.049051 0.090761
v -0.147892 2.128230 0.104440
v 0.413278 0.118079 -0.124649
v 0.413278 0.118079 -0.124649
v 0.105071 2.234504 0.142671
v 0.048510 2.212955 0.118363
v 0.068917 2.020196 0.114594
v 0.162468 2.031488 0.099384
v 0.004832 0.872936 -0.211020
v 0.004832 0.872936 -0.211020
v 0.004832 0.872936 -0.211020
v 0.004182 0.810700 -0.313410
v 0.173198 0.474384 -0.461225
v 0.072052 0.893807 -0.212306
v 0.072052 0.893807 -0.212306
v 0.028709 1.868421 0.382461
v 0.028709 1.868421 0.382461
v 0.028680 1.891704 0.380713
v 0.028680 1.891704 0.380713
v 0.008287 1.828514 0.431525
v 0.008287 1.828514 0.431525
v 0.008287 1.828514 0.431525
v 0.008287 1.828514 0.431525
v 0.008287 1.828514 0.431525
v 0.404366 0.119509 -0.165048
v 0.008590 1.948351 0.452179
v 0.008590 1.948351 0.452179
v 0.008590 1.948351 0.452179
v 0.009673 1.908892 0.521479
v 0.009673 1.908892 0.521479
v 0.009673 1.908892 0.521479
v 0.057626 1.910625 0.465337
v 0.057626 1.910625 0.465337
v 0.057626 1.910625 0.465337
v 0.057626 1.910625 0.465337
v 0.057626 1.910625 0.465337
v 0.005829 1.758247 -0.024570
v -0.041242 1.762074 -0.030896
v -0.041242 1.762074 -0.030896
v -0.041242 1.762074 -0.030896
v -0.049980 1.764082 0.000215
v -0.143473 1.849861 -0.148883
v -0.100633 2.225348 0.123188
v -0.056523 1.870862 0.053815
v 0.245055 0.670526 -0.341185
v 0.245055 0.670526 -0.341185
v -0.120262 1.867439 -0.017607
v -0.120262 1.867439 -0.017607
v 0.244477 0.702807 -0.259681
v 0.244477 0.702807 -0.259681
v -0.083461 1.811875 -0.198570
v -0.083461 1.811875 -0.198570
v -0.201795 0.179926 -0.111258
v -0.201795 0.179926 -0.111258
v 0.006046 1.663859 -0.011672
v -0.055801 1.668741 -0.019673
v -0.116709 1.684628 -0.086011
v -0.117720 1.677753 -0.092424
v -0.145191 1.894405 0.097262
v -0.145191 1.894405 0.097262
v -0.185416 2.073244 0.058914
v 0.066839 1.901785 0.287481
v 0.066839 1.901785 0.287481
v 0.066839 1.901785 0.287481
v 0.048467 1.918424 0.291092
v 0.075419 1.952872 0.187373
v 0.075419 1.952872 0.187373
v 0.123126 1.946950 0.176194
v 0.008430 1.852172 0.382013
v 0.007636 1.802342 0.269744
v 0.007636 1.802342 0.269744
v 0.007636 1.802342 0.269744
v 0.151317 0.981739 -0.268866
v -0.093383 2.220032 -0.062830
v -0.062777 1.837975 0.066280
v -0.136092 1.847868 0.030750
v -0.099652 0.793541 -0.177352
v -0.027882 2.214486 0.122190
v 0.007275 1.968558 0.189164
v 0.007275 1.968558 0.189164
v 0.007275 1.968558 0.189164
v 0.048467 1.918424 0.291092
v 0.048467 1.918424 0.291092
v -0.651696 0.716167 -0.435397
v -0.651696 0.716167 -0.435397
v -0.651696 0.716167 -0.435397
v 0.005930 2.210283 0.045380
v -0.198473 2.396603 0.112442
v -0.198473 2.396603 0.112442
v -0.198473 2.396603 0.112442
v -0.036822 2.270671 -0.038017
v -0.637251 0.940633 -0.335882
v -0.601114 0.973231 -0.262884
v -0.666817 0.755338 -0.400818
v -0.666817 0.755338 -0.400818
v -0.666817 0.755338 -0.400818
v -0.666817 0.755338 -0.400818
v -0.046832 2.107431 -0.329630
v 0.093385 1.811875 -0.198599
v 0.060397 2.267017 -0.005764
v 0.501094 0.770821 -0.225206
v -0.567258 0.901563 -0.277458
v -0.538689 0.907933 -0.276158
v -0.183613 0.241079 -0.424276
v 0.341956 -0.005658 -0.327970
v 0.318571 0.063165 -0.410673
v -0.032765 2.104174 0.112941
v 0.167219 0.082794 -0.250812
v 0.158422 0.082678 -0.403334
v 0.271500 0.074171 -0.475582
v 0.313097 0.067339 -0.406686
v 0.144949 0.063584 -0.083745
v 0.181013 0.085393 -0.252185
v 0.350464 0.092557 0.101232
v 0.212255 0.082851 0.098718
v 0.323685 0.106163 -0.318697
v 0.169010 0.123466 -0.254597
v 0.158422 0.082678 -0.403334
v 0.261780 0.174928 -0.450233
v 0.327946 0.196882 -0.282227
v 0.327946 0.196882 -0.282227
v 0.280470 0.285955 -0.373120
v 0.218350 0.177889 -0.043434
v 0.218350 0.177889 -0.043434
v 0.194330 0.878064 -0.287037
v -0.001681 2.383965 -0.087442
v -0.001681 2.383965 -0.087442
v -0.001681 2.383965 -0.087442
v -0.001681 2.383965 -0.087442
v -0.001681 2.383965 -0.087442
v -0.001681 2.383965 -0.087442
v 0.026021 2.275798 -0.143786
v 0.026021 2.275798 -0.143786
v 0.026021 2.275798 -0.143786
v 0.026021 2.275798 -0.143786
v 0.026021 2.275798 -0.143786
v 0.026021 2.275798 -0.143786
v -0.006722 2.375949 -0.114726
v -0.006722 2.375949 -0.114726
v -0.006722 2.375949 -0.114726
v -0.029745 2.374375 -0.115491
v -0.029745 2.374375 -0.115491
v -0.029745 2.374375 -0.115491
v -0.029745 2.374375 -0.115491
v -0.041531 2.263204 -0.104254
v -0.107710 1.722571 -0.040818
v -0.107710 1.722571 -0.040818
v -0.139602 1.762897 -0.077518
v -0.139602 1.762897 -0.077518
v 0.010537 2.313611 -0.251389
v 0.010537 2.313611 -0.251389
v 0.010537 2.313611 -0.251389
v 0.010537 2.313611 -0.251389
v -0.322745 0.440702 -0.368178
v -0.246701 0.648817 -0.276477
v 0.585704 0.713134 -0.351846
v 0.585704 0.713134 -0.351846
v 0.585704 0.713134 -0.351846
v 0.585704 0.713134 -0.351846
v 0.585704 0.713134 -0.351846
v 0.585704 0.713134 -0.351846
v 0.648807 0.632150 -0.380487
v 0.611008 0.973246 -0.263264
v 0.645817 0.940662 -0.336406
v 0.466126 0.788081 -0.281044
v 0.466126 0.788081 -0.281044
v 0.466126 0.788081 -0.281044
v 0.466126 0.788081 -0.281044
v 0.466126 0.788081 -0.281044
v 0.466126 0.788081 -0.281044
v 0.465375 0.871998 -0.329343
v 0.465375 0.871998 -0.329343
v 0.465375 0.871998 -0.329343
v 0.465375 0.871998 -0.329343
v 0.465375 0.871998 -0.329343
v 0.687328 0.660733 -0.272147
v 0.687328 0.660733 -0.272147
v 0.645153 0.657715 -0.319059
v 0.251106 0.236284 -0.425434
v -0.514179 0.748838 -0.300134
v -0.514179 0.748838 -0.300134
v -0.514179 0.748838 -0.300134
v -0.514179 0.748838 -0.300134
v -0.460030 0.784875 -0.311429
v -0.460030 0.784875 -0.311429
v -0.460030 0.784875 -0.311429
v -0.460030 0.784875 -0.311429
v -0.543975 0.762863 -0.320369
v -0.543975 0.762863 -0.320369
v -0.543975 0.762863 -0.320369
v -0.543975 0.762863 -0.320369
v -0.543975 0.762863 -0.320369
v -0.589631 0.716644 -0.294617
v -0.589631 0.716644 -0.294617
v -0.589631 0.716644 -0.294617
v -0.589631 0.716644 -0.294617
v -0.589631 0.716644 -0.294617
v -0.623010 0.699138 -0.248831
v -0.623010 0.699138 -0.248831
v -0.695415 0.654754 -0.344272
v -0.641628 0.632150 -0.379949
v -0.561236 0.921712 -0.423640
v -0.561236 0.921712 -0.423640
v -0.561236 0.921712 -0.423640
v -0.533476 0.944821 -0.414974
v -0.598862 1.001021 -0.413963
v -0.598862 1.001021 -0.413963
v -0.561236 0.921712 -0.423640
v -0.561236 0.921712 -0.423640
v -0.561236 0.921712 -0.423640
v -0.561236 0.921712 -0.423640
v 0.180348 0.529760 -0.178278
v 0.180348 0.529760 -0.178278
v 0.180348 0.529760 -0.178278
v 0.180348 0.529760 -0.178278
v 0.180348 0.529760 -0.178278
v 0.000484 2.256834 -0.306289
v 0.000484 2.256834 -0.306289
v 0.000484 2.256834 -0.306289
v -0.008759 2.198367 -0.308571
v -0.008759 2.198367 -0.308571
v -0.008759 2.198367 -0.308571
v 0.028115 2.255664 -0.305336
v 0.028115 2.255664 -0.305336
v 0.028115 2.255664 -0.305336
v 0.028115 2.255664 -0.305336
v -0.033299 2.312196 -0.405096
v -0.033299 2.312196 -0.405096
v -0.033299 2.312196 -0.405096
v -0.033299 2.312196 -0.405096
v -0.033299 2.312196 -0.405096
v 0.027364 2.000478 -0.416565
v 0.102557 2.318334 0.041206
v 0.181490 1.819588 -0.099965
v -0.151996 0.082693 -0.403088
v -0.236662 0.670526 -0.341169
v -0.236662 0.670526 -0.341169
v -0.212412 0.757345 -0.321396
v -0.212412 0.757345 -0.321396
v -0.246701 0.648817 -0.276477
v -0.129189 1.068833 -0.300799
v -0.129189 1.068833 -0.300799
v -0.054054 1.041520 -0.384933
v -0.054054 1.041520 -0.384933
v -0.054054 1.041520 -0.384933
v -0.054054 1.041520 -0.384933
v -0.054054 1.041520 -0.384933
v -0.082132 1.087118 -0.354848
v -0.257057 1.634596 -0.347293
v -0.257057 1.634596 -0.347293
v -0.336784 0.063425 -0.321367
v 0.503491 0.933526 -0.366289
v 0.503491 0.933526 -0.366289
v 0.414722 1.279678 -0.387794
v 0.414722 1.279678 -0.387794
v 0.414722 1.279678 -0.387794
v 0.414722 1.279678 -0.387794
v 0.414722 1.279678 -0.387794
v 0.339226 1.766349 -0.383533
v 0.071589 0.694589 -0.301826
v 0.258270 0.488380 -0.439820
v 0.258270 0.488380 -0.439820
v -0.207703 0.722551 -0.196749
v -0.207703 0.722551 -0.196749
v -0.207703 0.722551 -0.196749
v -0.235391 0.702807 -0.259722
v -0.235391 0.702807 -0.259722
v -0.282694 1.569587 -0.278398
v -0.282694 1.569587 -0.278398
v -0.282694 1.569587 -0.278398
v -0.282694 1.569587 -0.278398
v -0.282694 1.569587 -0.278398
v -0.142506 0.980814 -0.268706
v -0.117013 0.967945 -0.346730
v 0.072052 0.893807 -0.212306
v 0.648849 0.586133 -0.495630
v 0.045663 0.979746 -0.192056
v 0.613087 0.578073 -0.426937
v 0.613087 0.578073 -0.426937
v 0.613087 0.578073 -0.426937
v 0.613087 0.578073 -0.426937
v 0.613087 0.578073 -0.426937
v 0.613087 0.578073 -0.426937
v 0.640125 0.602786 -0.465501
v 0.104651 2.220032 -0.062845
v 0.104651 2.220032 -0.062845
v 0.104651 2.220032 -0.062845
v -0.158017 2.189167 -0.073431
v -0.158017 2.189167 -0.073431
v 0.111193 1.024116 -0.241943
v 0.111193 1.024116 -0.241943
v 0.090294 1.183586 -0.343120
v 0.090294 1.183586 -0.343120
v -0.107163 1.067172 -0.246203
v 0.123282 0.615482 -0.235040
v 0.123282 0.615482 -0.235040
v 0.114949 1.288647 -0.356148
v 0.114949 1.288647 -0.356148
v 0.134433 1.158888 -0.288162
v 0.157383 1.266664 -0.292351
v 0.157383 1.266664 -0.292351
v 0.156185 1.411879 -0.369248
v 0.156185 1.411879 -0.369248
v -0.249402 0.649756 -0.271811
v 0.060367 1.114402 -0.193977
v 0.146984 1.253420 -0.250104
v -0.137032 0.486257 -0.212319
v 0.179655 0.500527 -0.163228
v 0.179655 0.500527 -0.163228
v 0.179655 0.500527 -0.163228
v 0.179655 0.500527 -0.163228
v 0.179655 0.500527 -0.163228
v 0.179655 0.500527 -0.163228
v 0.279546 0.538571 -0.255911
v 0.664492 0.502765 -0.318871
v 0.654252 0.546861 -0.325934
v 0.654252 0.546861 -0.325934
v 0.658932 0.606960 -0.380964
v 0.658932 0.606960 -0.380964
v 0.399022 2.275394 -0.205070
v -0.310671 0.486517 -0.361419
v -0.117013 0.967945 -0.346730
v -0.117013 0.967945 -0.346730
v -0.117013 0.967945 -0.346730
v 0.047570 1.020115 -0.187347
v 0.047570 1.020115 -0.187347
v -0.104361 1.926412 -0.179778
v -0.057173 1.843839 0.012073
v -0.057173 1.843839 0.012073
v -0.057173 1.843839 0.012073
v -0.057173 1.843839 0.012073
v -0.057173 1.843839 0.012073
v 0.004919 1.794919 -0.143150
v 0.004919 1.794919 -0.143150
v 0.004919 1.794919 -0.143150
v -0.218045 1.893134 -0.145605
v -0.250442 1.944711 -0.155961
v 0.006118 1.701484 -0.006530
v -0.057649 1.708244 -0.019876
v -0.057649 1.708244 -0.019876
v -0.057649 1.708244 -0.019876
v -0.063875 1.824715 0.054941
v -0.063875 1.824715 0.054941
v 0.086394 1.821596 -0.174218
v -0.404018 0.081393 0.034997
v -0.404018 0.081393 0.034997
v -0.418244 0.118974 -0.051924
v -0.418244 0.118974 -0.051924
v -0.090840 1.855090 0.157432
v -0.090840 1.855090 0.157432
v 0.552108 0.762877 -0.320807
v 0.552108 0.762877 -0.320807
v 0.552108 0.762877 -0.320807
v 0.552108 0.762877 -0.320807
v 0.552108 0.762877 -0.320807
v -0.189287 1.789488 -0.133400
v -0.189099 1.798746 -0.121036
v -0.346374 0.170263 -0.050134
v -0.346374 0.170263 -0.050134
v -0.265478 0.074214 -0.475146
v 0.006118 1.701484 -0.006530
v 0.006118 1.701484 -0.006530
v 0.006118 1.701484 -0.006530
v 0.152401 1.860073 0.043112
v 0.152401 1.860073 0.043112
v 0.152401 1.860073 0.043112
v 0.152401 1.860073 0.043112
v 0.152401 1.860073 0.043112
v 0.152401 1.860073 0.043112
v 0.152401 1.860073 0.043112
v 0.007028 1.795222 0.111906
v 0.007028 1.795222 0.111906
v 0.007028 1.795222 0.111906
v 0.007028 1.795222 0.111906
v 0.007028 1.795222 0.111906
v 0.007028 1.795222 0.111906
v 0.007028 1.795222 0.111906
v -0.142765 1.775752 -0.103343
v -0.142765 1.775752 -0.103343
v -0.142765 1.775752 -0.103343
v -0.142765 1.775752 -0.103343
v -0.142765 1.775752 -0.103343
v 0.268237 0.322237 -0.271409
v 0.066420 1.656189 -0.038681
v 0.066420 1.656189 -0.038681
v 0.066420 1.656189 -0.038681
v 0.066420 1.656189 -0.038681
v 0.066420 1.656189 -0.038681
v 0.064065 1.661779 -0.071626
v 0.064065 1.661779 -0.071626
v 0.158771 1.894390 0.097290
v 0.158771 1.894390 0.097290
v 0.064065 1.661779 -0.071626
v 0.064065 1.661779 -0.071626
v 0.006046 1.647596 -0.071511
v 0.006046 1.647596 -0.071511
v 0.006046 1.647596 -0.071511
v 0.006046 1.647596 -0.071511
v 0.006046 1.647596 -0.071511
v -0.115885 1.629960 -0.093464
v -0.115885 1.629960 -0.093464
v -0.158841 0.082822 -0.250609
v 0.564934 0.978951 -0.324649
v 0.564934 0.978951 -0.324649
v 0.564934 0.978951 -0.324649
v 0.535527 0.965822 -0.320316
v 0.535527 0.965822 -0.320316
v 0.535527 0.965822 -0.320316
v 0.535527 0.965822 -0.320316
v 0.535527 0.965822 -0.320316
v 0.535527 0.965822 -0.320316
v 0.281294 0.288122 -0.261790
v 0.406128 1.670994 -0.287297
v 0.414361 1.568012 -0.231242
v 0.527742 1.235799 -0.346733
v 0.527742 1.235799 -0.346733
v 0.527742 1.235799 -0.346733
v 0.564934 0.978951 -0.324649
v 0.507348 1.234759 -0.294938
v 0.489034 1.301184 -0.288583
v 0.489034 1.301184 -0.288583
v 0.514079 1.305156 -0.336088
v 0.514079 1.305156 -0.336088
v 0.440518 1.377648 -0.387361
v 0.440518 1.377648 -0.387361
v 0.430048 0.118946 -0.052317
v 0.426176 1.582123 -0.300773
v 0.361079 1.660710 -0.399826
v -0.168374 0.503502 -0.154025
v -0.168374 0.503502 -0.154025
v -0.168374 0.503502 -0.154025
v -0.168374 0.503502 -0.154025
v -0.168374 0.503502 -0.154025
v -0.168374 0.503502 -0.154025
v -0.158841 0.082822 -0.250609
v 0.234656 0.315940 -0.298158
v -0.341044 0.086448 0.116832
v -0.118617 1.627794 -0.447126
v -0.118617 1.627794 -0.447126
v -0.118617 1.627794 -0.447126
v 0.265189 1.634625 -0.347512
v 0.265189 1.634625 -0.347512
v 0.265189 1.634625 -0.347512
v 0.265189 1.634625 -0.347512
v 0.210723 1.666011 -0.415193
v 0.196323 1.533478 -0.393456
v 0.240809 1.549510 -0.317123
v 0.249504 1.574281 -0.230664
v -0.306772 0.068321 -0.406237
v -0.265478 0.074214 -0.475146
v -0.155822 0.063930 -0.055839
v -0.134142 0.063598 -0.083614
v -0.263427 0.075630 -0.461685
v -0.171596 0.080439 -0.479176
v -0.341044 0.086448 0.116832
v -0.326616 0.067296 -0.319677
v -0.171596 0.080439 -0.479176
v 0.060367 1.114402 -0.193977
v 0.060367 1.114402 -0.193977
v 0.005280 1.011680 -0.182032
v 0.005280 1.011680 -0.182032
v 0.005280 1.011680 -0.182032
v 0.004427 1.112322 -0.178060
v 0.004427 1.112322 -0.178060
v 0.004427 1.112322 -0.178060
v 0.004427 1.112322 -0.178060
v 0.004427 1.112322 -0.178060
v 0.086986 1.226887 -0.199696
v 0.086986 1.226887 -0.199696
v 0.109446 0.793541 -0.177381
v 0.037460 0.763599 -0.304512
v -0.319582 0.196911 -0.281821
v -0.317084 0.189126 -0.181049
v -0.526614 0.967079 -0.388600
v -0.526614 0.967079 -0.388600
v -0.526614 0.967079 -0.388600
v -0.526614 0.967079 -0.388600
v -0.526614 0.967079 -0.388600
v -0.526614 0.967079 -0.388600
v -0.169255 0.278401 -0.270165
v -0.479832 1.222973 -0.400993
v -0.479832 1.222973 -0.400993
v -0.424427 1.225804 -0.390709
v -0.424427 1.225804 -0.390709
v -0.424427 1.225804 -0.390709
v -0.424427 1.225804 -0.390709
v -0.468740 1.285383 -0.398335
v -0.468740 1.285383 -0.398335
v -0.285828 0.323869 -0.303890
v -0.297426 1.613350 -0.396169
v -0.297426 1.613350 -0.396169
v -0.381227 1.652954 -0.216868
v -0.343948 1.762869 -0.188025
v -0.279531 1.821437 -0.191910
v -0.279531 1.821437 -0.191910
v 0.203762 1.893033 -0.089581
v 0.219635 0.314582 -0.376644
v 0.219635 0.314582 -0.376644
v 0.219635 0.314582 -0.376644
v 0.169198 0.307129 -0.362634
v -0.183613 0.241079 -0.424276
v -0.165154 0.151299 -0.420189
v -0.163535 0.227040 -0.376440
v -0.163535 0.227040 -0.376440
v -0.181157 0.175549 -0.443067
v -0.138548 1.253405 -0.249959
v -0.138548 1.253405 -0.249959
v -0.197434 1.432634 -0.304699
v -0.197434 1.432634 -0.304699
v -0.149323 1.266650 -0.292177
v -0.149323 1.266650 -0.292177
v -0.197376 1.445662 -0.241524
v -0.243884 2.009996 -0.266857
v -0.270287 1.967128 -0.188516
v -0.374005 2.156452 -0.281142
v -0.374005 2.156452 -0.281142
v -0.391279 2.289101 -0.205457
v -0.109994 1.140356 -0.250089
v -0.315553 0.106206 -0.318233
v -0.295361 0.221826 -0.383517
v -0.295361 0.221826 -0.383517
v -0.319582 0.196911 -0.281821
v -0.319582 0.196911 -0.281821
v 0.426986 0.023807 0.047560
v 0.441053 0.064840 -0.055465
v 0.614951 0.513295 -0.306421
v 0.614951 0.513295 -0.306421
v 0.614951 0.513295 -0.306421
v 0.614951 0.513295 -0.306421
v -0.132887 -0.003419 -0.419062
v 0.314729 -0.005427 -0.420205
v 0.314729 -0.005427 -0.420205
v 0.314729 -0.005427 -0.420205
v 0.164345 -0.003867 -0.258727
v 0.164345 -0.003867 -0.258727
v 0.652750 0.557983 -0.244805
v 0.652750 0.557983 -0.244805
v 0.621480 0.611914 -0.361205
v 0.621480 0.611914 -0.361205
v 0.658932 0.606960 -0.380964
v 0.658932 0.606960 -0.380964
v 0.658932 0.606960 -0.380964
v 0.625149 0.600750 -0.362404
v 0.625149 0.600750 -0.362404
v 0.625149 0.600750 -0.362404
v 0.659827 0.628134 -0.323638
v 0.144513 0.081147 -0.408939
v 0.184146 0.082649 -0.466944
v 0.444679 -0.005210 -0.058758
v 0.444679 -0.005210 -0.058758
v 0.601345 0.686919 -0.471755
v 0.601345 0.686919 -0.471755
v 0.613405 0.642823 -0.525037
v 0.613405 0.642823 -0.525037
v 0.594686 0.641350 -0.485101
v 0.594686 0.641350 -0.485101
v 0.594686 0.641350 -0.485101
v 0.594686 0.641350 -0.485101
v 0.594686 0.641350 -0.485101
v 0.636601 0.684117 -0.454827
v -0.412626 -0.004373 -0.103761
v -0.412626 -0.004373 -0.103761
v -0.414662 0.066256 -0.116861
v -0.414662 0.066256 -0.116861
v -0.434031 -0.004286 -0.058337
v 0.171840 0.017914 -0.487107
v -0.688858 0.491297 -0.277471
v -0.688858 0.491297 -0.277471
v -0.688858 0.491297 -0.277471
v -0.688858 0.491297 -0.277471
v -0.642364 0.503141 -0.250362
v -0.642364 0.503141 -0.250362
v -0.644126 0.557073 -0.244382
v -0.644126 0.557073 -0.244382
v 0.139747 -0.003434 -0.419266
v -0.228835 0.567645 -0.430660
v -0.228835 0.567645 -0.430660
v -0.228835 0.567645 -0.430660
v -0.228835 0.567645 -0.430660
v -0.228835 0.567645 -0.430660
v 0.341956 -0.005658 -0.327970
v 0.341956 -0.005658 -0.327970
v -0.403585 0.069058 -0.174707
v -0.607947 0.642838 -0.524340
v -0.607947 0.642838 -0.524340
v -0.662745 0.609892 -0.495293
v -0.662745 0.609892 -0.495293
v -0.662745 0.609892 -0.495293
v -0.662745 0.609892 -0.495293
v -0.650468 0.593152 -0.475189
v -0.650468 0.593152 -0.475189
v -0.662442 0.537979 -0.416505
v 0.223375 0.589556 -0.313685
v 0.223375 0.589556 -0.313685
v 0.263803 0.320041 -0.320416
v 0.263803 0.320041 -0.320416
v 0.263803 0.320041 -0.320416
v 0.254039 0.317803 -0.355557
v 0.254039 0.317803 -0.355557
v 0.177604 0.584154 -0.355427
v 0.177604 0.584154 -0.355427
v 0.177604 0.584154 -0.355427
v 0.234656 0.315940 -0.298158
v 0.227968 0.596070 -0.255276
v 0.254848 1.881507 -0.180805
v 0.440475 2.188401 -0.265906
v -0.023303 2.222646 0.120544
v -0.113589 1.771780 -0.003496
v -0.113589 1.771780 -0.003496
v 0.024156 1.835144 -0.445943
v 0.056973 1.922743 -0.408505
v 0.043455 2.231082 0.029622
v -0.134142 0.063598 -0.083614
v -0.196381 0.668302 -0.416463
v -0.196381 0.668302 -0.416463
v -0.196381 0.668302 -0.416463
v -0.196381 0.668302 -0.416463
v -0.196381 0.668302 -0.416463
v -0.290262 0.482169 -0.174318
v -0.290262 0.482169 -0.174318
v -0.000713 2.277040 -0.144999
v -0.000713 2.277040 -0.144999
v -0.000713 2.277040 -0.144999
v -0.000713 2.277040 -0.144999
v 0.028201 2.309163 -0.179764
v 0.028201 2.309163 -0.179764
v 0.028201 2.309163 -0.179764
v 0.028201 2.309163 -0.179764
v 0.028201 2.309163 -0.179764
v 0.028201 2.309163 -0.179764
v -0.010709 2.306231 -0.254495
v -0.010709 2.306231 -0.254495
v -0.010709 2.306231 -0.254495
v -0.010709 2.306231 -0.254495
v -0.003271 2.240253 -0.250624
v -0.003271 2.240253 -0.250624
v -0.003271 2.240253 -0.250624
v -0.003271 2.240253 -0.250624
v 0.542372 0.939145 -0.413533
v 0.542372 0.939145 -0.413533
v 0.461230 0.971339 -0.359558
v 0.461230 0.971339 -0.359558
v 0.503477 0.930782 -0.367517
v 0.503477 0.930782 -0.367517
v 0.503477 0.930782 -0.367517
v 0.503477 0.930782 -0.367517
v 0.503477 0.930782 -0.367517
v 0.503477 0.930782 -0.367517
v 0.503477 0.930782 -0.367517
v 0.567995 0.921726 -0.424164
v 0.567995 0.921726 -0.424164
v 0.567995 0.921726 -0.424164
v 0.621480 0.611914 -0.361205
v 0.621480 0.611914 -0.361205
v 0.645153 0.657715 -0.319059
v 0.645153 0.657715 -0.319059
v 0.645153 0.657715 -0.319059
v 0.645153 0.657715 -0.319059
v 0.522947 0.748838 -0.300528
v 0.522947 0.748838 -0.300528
v 0.522947 0.748838 -0.300528
v 0.522947 0.748838 -0.300528
v -0.393287 -0.005239 -0.163485
v 0.606820 1.001050 -0.414501
v 0.606820 1.001050 -0.414501
v 0.542372 0.939145 -0.413533
v 0.567995 0.921726 -0.424164
v 0.567995 0.921726 -0.424164
v 0.567995 0.921726 -0.424164
v 0.567995 0.921726 -0.424164
v 0.601345 0.922188 -0.411295
v 0.659827 0.628134 -0.323638
v 0.684497 0.740851 -0.336189
v 0.684497 0.740851 -0.336189
v 0.684497 0.740851 -0.336189
v 0.703692 0.654754 -0.344869
v -0.572212 0.976698 -0.240280
v -0.567258 0.901563 -0.277458
v -0.567258 0.901563 -0.277458
v -0.567258 0.901563 -0.277458
v -0.567258 0.901563 -0.277458
v -0.601114 0.973231 -0.262884
v -0.601114 0.973231 -0.262884
v 0.209654 0.283557 -0.248747
v 0.327946 0.196882 -0.282227
v -0.593286 0.922174 -0.410742
v -0.204150 0.316358 -0.263189
v 0.466444 0.746643 -0.261054
v 0.466444 0.746643 -0.261054
v 0.044638 2.201371 -0.309524
v 0.044638 2.201371 -0.309524
v 0.044638 2.201371 -0.309524
v 0.044638 2.201371 -0.309524
v 0.044638 2.201371 -0.309524
v 0.044638 2.201371 -0.309524
v 0.011115 2.216147 -0.392762
v 0.011115 2.216147 -0.392762
v 0.011115 2.216147 -0.392762
v 0.011115 2.216147 -0.392762
v -0.021325 2.081072 -0.407638
v -0.021325 2.081072 -0.407638
v -0.021325 2.081072 -0.407638
v 0.072499 2.107980 -0.355252
v -0.274649 0.560944 -0.356248
v -0.274649 0.560944 -0.356248
v 0.117693 2.237177 -0.351266
v 0.117693 2.237177 -0.351266
v 0.117693 2.237177 -0.351266
v 0.082090 2.167704 -0.271018
v -0.650381 0.702042 -0.469758
v -0.650381 0.702042 -0.469758
v -0.650381 0.702042 -0.469758
v -0.575911 0.785424 -0.478583
v -0.633584 0.763383 -0.455473
v -0.651696 0.716167 -0.435397
v 0.043455 2.231082 0.029622
v 0.005930 2.210283 0.045380
v -0.000713 2.277040 -0.144999
v -0.000713 2.277040 -0.144999
v 0.513299 0.708310 -0.268926
v 0.691733 0.999345 -0.344321
v 0.645817 0.940662 -0.336406
v 0.102557 2.318334 0.041206
v -0.308837 -0.005369 -0.419741
v 0.507521 0.825273 -0.225350
v -0.498291 0.825273 -0.225043
v 0.277726 0.319493 -0.372773
v 0.234656 0.315940 -0.298158
v 0.293527 0.323840 -0.304297
v 0.293497 0.144308 -0.424625
v 0.293497 0.144308 -0.424625
v -0.226783 0.316893 -0.297839
v 0.177488 0.080410 -0.479481
v 0.269868 0.075586 -0.462106
v 0.414290 0.065259 -0.117803
v 0.414290 0.065259 -0.117803
v 0.441053 0.064840 -0.055465
v 0.160649 0.120563 -0.080986
v 0.211778 0.179911 -0.111462
v 0.211778 0.179911 -0.111462
v 0.170326 0.114656 -0.051160
v 0.177994 0.278387 -0.270369
v -0.200408 0.030378 0.097782
v 0.219231 0.174972 0.013285
v 0.219231 0.174972 0.013285
v 0.219231 0.174972 0.013285
v 0.215476 0.145290 0.068488
v 0.215476 0.145290 0.068488
v 0.215476 0.145290 0.068488
v 0.215476 0.145290 0.068488
v 0.215476 0.145290 0.068488
v -0.186082 0.878064 -0.286890
v -0.304821 0.145695 -0.399795
v -0.132887 -0.003419 -0.419062
v 0.173170 0.311361 -0.283758
v 0.193551 1.891213 -0.034710
v 0.193551 1.891213 -0.034710
v -0.404018 0.081393 0.034997
v 0.200527 1.798746 -0.121053
v 0.200527 1.798746 -0.121053
v 0.007925 1.929575 0.289532
v 0.007925 1.929575 0.289532
v 0.007925 1.929575 0.289532
v -0.032589 1.918424 0.291092
v -0.032589 1.918424 0.291092
v -0.060913 1.952887 0.187344
v 0.050199 1.935164 -0.191175
v 0.050199 1.935164 -0.191175
v 0.161977 1.715956 -0.112429
v 0.161977 1.715956 -0.112429
v 0.161977 1.715956 -0.112429
v 0.161977 1.715956 -0.112429
v 0.161977 1.715956 -0.112429
v -0.013453 2.049311 0.100366
v -0.093806 2.039816 0.124818
v -0.035524 2.031777 0.110108
v 0.068139 2.206051 0.137442
v 0.043050 2.176745 0.122349
v 0.057522 2.140319 0.104165
v -0.166092 0.275541 -0.362415
v 0.008430 1.852172 0.382013
v -0.155288 -0.003853 -0.258495
v 0.104521 1.783653 -0.074876
v 0.104521 1.783653 -0.074876
v 0.136904 1.791510 -0.064997
v 0.136904 1.791510 -0.064997
v -0.089467 2.253007 0.131521
v -0.089467 2.253007 0.131521
v -0.121923 1.805867 -0.066166
v -0.121923 1.805867 -0.066166
v -0.100142 1.778251 -0.028122
v -0.100142 1.778251 -0.028122
v -0.142851 1.801649 -0.049007
v -0.142851 1.801649 -0.049007
v 0.062404 1.764082 0.000215
v 0.062404 1.764082 0.000215
v 0.062404 1.764082 0.000215
v 0.113375 1.717011 -0.039302
v 0.066680 1.707608 -0.021233
v 0.006032 1.700690 -0.011932
v 0.006032 1.700690 -0.011932
v 0.006032 1.700690 -0.011932
v 0.006378 1.759388 0.011178
v 0.136904 1.791510 -0.064997
v 0.113375 1.717011 -0.039302
v -0.135875 1.734068 -0.074875
v 0.118648 2.184978 0.126740
v 0.161732 2.185137 0.113336
v 0.132643 1.887342 0.016796
v 0.065611 1.760370 0.028958
v -0.086537 0.460316 -0.342398
v -0.075575 1.123674 -0.347019
v -0.075575 1.123674 -0.347019
v 0.003517 1.126130 -0.355310
v -0.191642 0.311794 -0.348058
v -0.191642 0.311794 -0.348058
v -0.191642 0.311794 -0.348058
v -0.134013 0.584934 -0.314550
v 0.157832 0.066169 -0.084467
v 0.170326 0.114656 -0.051160
v -0.508632 0.654898 -0.179777
v -0.508632 0.654898 -0.179777
v -0.508632 0.654898 -0.179777
v -0.508632 0.654898 -0.179777
v -0.129088 1.814750 -0.171487
v -0.161889 1.941202 -0.206657
v 0.177315 0.204783 -0.253398
v 0.209654 0.283557 -0.248747
v -0.011834 1.868421 0.382446
v -0.286782 0.144352 -0.424175
v -0.286782 0.144352 -0.424175
v -0.129708 1.840950 0.026229
v -0.129708 1.840950 0.026229
v -0.136092 1.847868 0.030750
v -0.136092 1.847868 0.030750
v 0.074248 1.811312 -0.126035
v 0.074248 1.811312 -0.126035
v -0.168156 2.162591 0.045092
v -0.169514 2.159673 0.076131
v -0.101471 2.193471 0.069241
v -0.120145 1.919999 0.167746
v -0.120145 1.919999 0.167746
v -0.163072 1.726529 -0.106839
v -0.163072 1.726529 -0.106839
v -0.163072 1.726529 -0.106839
v -0.163072 1.726529 -0.106839
v -0.230537 1.903909 -0.120098
v -0.150680 1.757929 -0.079309
v 0.006147 1.687055 -0.004147
v 0.195428 1.931481 0.026227
v 0.126418 1.833930 0.090285
v 0.126418 1.833930 0.090285
v 0.126418 1.833930 0.090285
v 0.126418 1.833930 0.090285
v 0.300142 0.482169 -0.174638
v 0.300142 0.482169 -0.174638
v 0.061191 1.807788 0.100525
v 0.061191 1.807788 0.100525
v 0.061191 1.807788 0.100525
v 0.061191 1.807788 0.100525
v 0.075403 1.837975 0.066323
v 0.075403 1.837975 0.066323
v 0.075403 1.837975 0.066323
v 0.006508 1.823300 0.078990
v -0.062777 1.837975 0.066280
v -0.062777 1.837975 0.066280
v -0.062777 1.837975 0.066280
v 0.068557 1.668741 -0.019673
v 0.068557 1.668741 -0.019673
v 0.170889 1.950402 0.108223
v -0.036318 0.979746 -0.192027
v 0.003301 1.090844 -0.369161
v 0.003301 1.090844 -0.369161
v 0.003301 1.090844 -0.369161
v -0.082132 1.087118 -0.354848
v -0.082132 1.087118 -0.354848
v 0.461490 1.338058 -0.401228
v 0.461490 1.338058 -0.401228
v 0.091377 2.180313 -0.266497
v 0.519278 0.654898 -0.180070
v 0.519278 0.654898 -0.180070
v 0.519278 0.654898 -0.180070
v 0.519278 0.654898 -0.180070
v 0.662224 0.577568 -0.405850
v 0.662224 0.577568 -0.405850
v 0.644040 0.630373 -0.451058
v 0.644040 0.630373 -0.451058
v 0.632817 0.609488 -0.520689
v 0.660477 0.621620 -0.400679
v 0.660477 0.621620 -0.400679
v -0.164315 0.853351 -0.190452
v -0.164315 0.853351 -0.190452
v -0.164315 0.853351 -0.190452
v -0.093383 2.220032 -0.062830
v -0.093383 2.220032 -0.062830
v -0.093383 2.220032 -0.062830
v 0.003517 1.126130 -0.355310
v 0.003517 1.126130 -0.355310
v 0.003517 1.126130 -0.355310
v -0.038094 1.020100 -0.187289
v 0.123126 1.946950 0.176194
v 0.123126 1.946950 0.176194
v 0.123126 1.946950 0.176194
v 0.170889 1.950402 0.108223
v -0.432660 1.376666 -0.386997
v -0.432660 1.376666 -0.386997
v -0.417523 1.581156 -0.300466
v -0.468537 1.388061 -0.324948
v -0.468537 1.388061 -0.324948
v -0.454065 1.337076 -0.400819
v -0.454065 1.337076 -0.400819
v -0.249098 0.607047 -0.252371
v -0.249098 0.607047 -0.252371
v -0.249098 0.607047 -0.252371
v -0.289482 0.290909 -0.301276
v -0.270316 0.319522 -0.372338
v 0.141033 0.431617 -0.218863
v 0.185389 0.462396 -0.150344
v 0.687328 0.660733 -0.272147
v 0.687328 0.660733 -0.272147
v 0.645268 0.617981 -0.252417
v 0.645268 0.617981 -0.252417
v 0.700153 0.609445 -0.276509
v 0.700153 0.609445 -0.276509
v 0.700153 0.609445 -0.276509
v 0.700153 0.609445 -0.276509
v 0.700153 0.609445 -0.276509
v 0.655422 0.631066 -0.309974
v 0.005178 0.971441 -0.188358
v 0.005178 0.971441 -0.188358
v 0.005178 0.971441 -0.188358
v 0.697943 0.537632 -0.360685
v 0.697943 0.537632 -0.360685
v 0.697943 0.537632 -0.360685
v 0.697943 0.537632 -0.360685
v 0.697943 0.537632 -0.360685
v -0.272048 2.200635 -0.120646
v -0.272048 2.200635 -0.120646
v -0.272048 2.200635 -0.120646
v -0.290724 2.120358 -0.197861
v -0.334459 2.168325 -0.226401
v -0.334459 2.168325 -0.226401
v -0.334459 2.168325 -0.226401
v -0.334459 2.168325 -0.226401
v -0.190183 2.183939 -0.187967
v -0.190183 2.183939 -0.187967
v -0.249805 2.222574 -0.112341
v -0.249805 2.222574 -0.112341
v -0.271486 2.227788 -0.203407
v -0.271486 2.227788 -0.203407
v -0.271486 2.227788 -0.203407
v -0.271486 2.227788 -0.203407
v -0.271486 2.227788 -0.203407
v -0.271486 2.227788 -0.203407
v -0.192076 2.144363 -0.250897
v -0.233139 0.281492 -0.410223
v -0.320579 2.263594 -0.161637
v -0.320579 2.263594 -0.161637
v -0.320579 2.263594 -0.161637
v -0.321474 2.254725 -0.219324
v -0.321474 2.254725 -0.219324
v -0.321474 2.254725 -0.219324
v -0.180565 0.277188 -0.405081
v -0.162394 0.308068 -0.362386
v 0.659408 0.478905 -0.290403
v 0.213165 0.030364 0.097635
v 0.213165 0.030364 0.097635
v 0.654252 0.546861 -0.325934
v 0.654252 0.546861 -0.325934
v 0.631590 0.602613 -0.362144
v 0.631590 0.602613 -0.362144
v 0.631590 0.602613 -0.362144
v 0.631590 0.602613 -0.362144
v 0.631590 0.602613 -0.362144
v 0.621292 0.507488 -0.373439
v 0.621292 0.507488 -0.373439
v 0.621292 0.507488 -0.373439
v 0.621292 0.507488 -0.373439
v 0.663221 0.481649 -0.341937
v 0.183367 0.308458 -0.399147
v -0.151996 0.082693 -0.403088
v -0.159809 0.123481 -0.254393
v -0.655392 0.502780 -0.318375
v -0.630434 0.642607 -0.252788
v -0.623833 0.602627 -0.361620
v -0.623833 0.602627 -0.361620
v -0.623833 0.602627 -0.361620
v -0.623833 0.602627 -0.361620
v -0.134257 -0.002842 -0.090835
v -0.134257 -0.002842 -0.090835
v -0.134257 -0.002842 -0.090835
v -0.641628 0.632150 -0.379949
v -0.633728 0.601847 -0.464876
v -0.633728 0.601847 -0.464876
v -0.637194 0.630388 -0.450404
v -0.637194 0.630388 -0.450404
v -0.637194 0.630388 -0.450404
v -0.601505 0.658047 -0.407073
v -0.601505 0.658047 -0.407073
v -0.612626 0.643964 -0.411132
v -0.612626 0.643964 -0.411132
v -0.612626 0.643964 -0.411132
v -0.612626 0.643964 -0.411132
v -0.649096 0.528677 -0.446114
v -0.317084 0.189126 -0.181049
v -0.317084 0.189126 -0.181049
v -0.650468 0.593152 -0.475189
v -0.028850 0.763599 -0.304570
v 0.004182 0.810700 -0.313410
v -0.043062 1.546087 -0.090908
v -0.043062 1.546087 -0.090908
v -0.043062 1.546087 -0.090908
v -0.043062 1.546087 -0.090908
v 0.293527 0.323840 -0.304297
v 0.281294 0.288122 -0.261790
v 0.583855 0.983977 -0.352192
v 0.583855 0.983977 -0.352192
v 0.414361 1.568012 -0.231242
v 0.414361 1.568012 -0.231242
v 0.426176 1.582123 -0.300773
v 0.195948 1.686029 -0.119767
v 0.195948 1.686029 -0.119767
v 0.195948 1.686029 -0.119767
v 0.237112 1.750779 -0.137013
v 0.090294 1.183586 -0.343120
v 0.400856 2.290040 -0.205518
v 0.348947 2.250710 -0.167301
v 0.263572 2.052416 -0.151586
v 0.283374 2.201530 -0.120634
v 0.300604 2.121282 -0.197906
v 0.355605 2.045743 -0.215773
v 0.260467 2.222574 -0.112358
v 0.260467 2.222574 -0.112358
v 0.281149 2.228714 -0.203453
v 0.281149 2.228714 -0.203453
v 0.281149 2.228714 -0.203453
v 0.281149 2.228714 -0.203453
v 0.281149 2.228714 -0.203453
v 0.281149 2.228714 -0.203453
v 0.330618 2.264489 -0.161639
v 0.330618 2.264489 -0.161639
v 0.330618 2.264489 -0.161639
v 0.440475 2.188401 -0.265906
v 0.440475 2.188401 -0.265906
v -0.413248 2.188128 -0.257656
v -0.490000 2.327724 -0.275855
v -0.274013 0.285984 -0.372713
v -0.574856 0.983024 -0.351712
v -0.479832 1.222973 -0.400993
v -0.479832 1.222973 -0.400993
v -0.479832 1.222973 -0.400993
v -0.519523 1.234831 -0.346281
v -0.463323 1.348616 -0.285994
v -0.463323 1.348616 -0.285994
v -0.493163 0.938640 -0.310302
v -0.493163 0.938640 -0.310302
v -0.493163 0.938640 -0.310302
v -0.493163 0.938640 -0.310302
v -0.567258 0.901563 -0.277458
v -0.567258 0.901563 -0.277458
v -0.564890 0.942034 -0.303297
v -0.564890 0.942034 -0.303297
v -0.564890 0.942034 -0.303297
v -0.564890 0.942034 -0.303297
v -0.564890 0.942034 -0.303297
v -0.535267 0.940936 -0.411840
v -0.535267 0.940936 -0.411840
v -0.495864 0.932573 -0.365866
v -0.495864 0.932573 -0.365866
v -0.406878 1.279649 -0.387416
v -0.406878 1.279649 -0.387416
v -0.406878 1.279649 -0.387416
v -0.406878 1.279649 -0.387416
v -0.406878 1.279649 -0.387416
v -0.163406 0.420236 -0.487784
v 0.277726 0.319493 -0.372773
v 0.297254 0.289970 -0.301654
v -0.201146 0.284496 -0.248485
v -0.259526 0.322266 -0.271089
v -0.647159 0.675942 -0.380671
v -0.647159 0.675942 -0.380671
v -0.198517 0.227474 -0.197486
v -0.200655 0.195756 -0.156076
v -0.200655 0.195756 -0.156076
v -0.295361 0.221826 -0.383517
v -0.233139 0.281492 -0.410223
v -0.063831 2.202065 0.001197
v 0.046300 2.299775 -0.142804
v 0.027710 2.256415 -0.212045
v 0.547270 0.908857 -0.276523
v -0.491835 0.770821 -0.224884
v 0.160360 -0.003029 -0.040458
v 0.212255 0.082851 0.098718
v 0.144833 -0.002856 -0.090995
v 0.158554 0.060507 -0.038537
v 0.413393 0.068105 -0.175158
v 0.422797 -0.005326 -0.104226
v 0.422797 -0.005326 -0.104226
v 0.425354 0.066213 -0.117312
v 0.425354 0.066213 -0.117312
v 0.146666 0.482631 -0.212508
v 0.095089 0.527348 -0.330453
v -0.162394 0.308068 -0.362386
v -0.159418 0.114670 -0.051029
v -0.147054 0.066184 -0.084321
v 0.170326 0.114656 -0.051160
v 0.170326 0.114656 -0.051160
v 0.326733 0.188202 -0.181383
v 0.327946 0.196882 -0.282227
v 0.039685 2.287931 -0.033510
v 0.039685 2.287931 -0.033510
v 0.060397 2.267017 -0.005764
v 0.060397 2.267017 -0.005764
v 0.056959 2.332503 0.070107
v 0.056959 2.332503 0.070107
v 0.056959 2.332503 0.070107
v 0.056959 2.332503 0.070107
v 0.056959 2.332503 0.070107
v 0.026007 2.348218 0.034172
v 0.026007 2.348218 0.034172
v 0.077151 2.253743 -0.053384
v 0.077151 2.253743 -0.053384
v 0.077151 2.253743 -0.053384
v 0.077151 2.253743 -0.053384
v 0.077151 2.253743 -0.053384
v 0.077151 2.253743 -0.053384
v 0.077151 2.253743 -0.053384
v 0.050546 2.307328 -0.105828
v 0.050546 2.307328 -0.105828
v 0.050546 2.307328 -0.105828
v 0.050546 2.307328 -0.105828
v 0.050546 2.307328 -0.105828
v -0.043135 2.399968 -0.265298
v -0.043135 2.399968 -0.265298
v -0.043135 2.399968 -0.265298
v 0.485336 0.969014 -0.290129
v 0.485336 0.969014 -0.290129
v 0.468423 0.784875 -0.311779
v 0.468423 0.784875 -0.311779
v 0.468423 0.784875 -0.311779
v 0.468423 0.784875 -0.311779
v 0.648807 0.632150 -0.380487
v -0.611874 0.901592 -0.303889
v -0.611874 0.901592 -0.303889
v 0.146666 0.482631 -0.212508
v -0.493163 0.938640 -0.310302
v -0.493163 0.938640 -0.310302
v -0.493163 0.938640 -0.310302
v -0.493163 0.938640 -0.310302
v -0.493163 0.938640 -0.310302
v -0.575911 0.785424 -0.478583
v -0.575911 0.785424 -0.478583
v -0.595135 0.686919 -0.471144
v -0.595135 0.686919 -0.471144
v -0.595135 0.686919 -0.471144
v -0.550563 0.766142 -0.447515
v -0.550563 0.766142 -0.447515
v -0.550563 0.766142 -0.447515
v -0.550563 0.766142 -0.447515
v -0.550563 0.766142 -0.447515
v -0.609882 0.868834 -0.412562
v -0.609882 0.868834 -0.412562
v -0.609882 0.868834 -0.412562
v -0.176780 0.308472 -0.398870
v 0.129133 1.677753 -0.092454
v 0.025314 1.732147 -0.016294
v 0.025314 1.732147 -0.016294
v 0.030687 1.762753 -0.025176
v 0.030687 1.762753 -0.025176
v 0.030687 1.762753 -0.025176
v 0.239378 0.281463 -0.410586
v 0.018872 2.175532 0.107516
v 0.084748 1.769700 -0.043288
v 0.084748 1.769700 -0.043288
v -0.091765 1.772661 -0.021869
v -0.091765 1.772661 -0.021869
v -0.073667 1.768819 -0.043303
v -0.073667 1.768819 -0.043303
v -0.144180 2.235790 0.107054
v -0.144180 2.235790 0.107054
v -0.062431 0.893807 -0.212219
v -0.166481 2.149317 0.092712
v 0.199834 2.170290 0.075233
v 0.166267 2.207669 0.109393
v 0.049030 2.151108 0.092465
v 0.042111 2.214486 0.122205
v -0.087288 0.527348 -0.330540
v -0.143978 1.864940 -0.121686
v -0.024899 2.082139 0.109128
v 0.108643 2.040369 0.124943
v 0.115011 2.065771 0.127541
v 0.148531 1.847854 0.030778
v 0.188033 1.884208 -0.034811
v 0.154120 1.854772 0.035197
v 0.020778 2.116271 0.110895
v 0.001150 2.046263 0.091599
v -0.142953 0.665716 -0.178882
v -0.142953 0.665716 -0.178882
v -0.142953 0.665716 -0.178882
v -0.142953 0.665716 -0.178882
v 0.258126 0.649756 -0.271785
v 0.112046 2.203754 -0.001836
v 0.050272 2.191478 0.054046
v -0.105876 1.558378 -0.101754
v -0.184448 1.686015 -0.119664
v -0.184448 1.686015 -0.119664
v -0.184448 1.686015 -0.119664
v -0.115885 1.629960 -0.093464
v -0.115885 1.629960 -0.093464
v -0.193952 1.770697 -0.138137
v -0.193952 1.770697 -0.138137
v -0.183149 1.931496 0.026200
v -0.035695 2.196388 0.093852
v -0.055801 1.668741 -0.019673
v -0.112376 1.713457 -0.044067
v 0.076935 1.879138 0.284592
v 0.076935 1.879138 0.284592
v 0.134059 1.920836 0.167802
v 0.066839 1.901785 0.287481
v 0.066839 1.901785 0.287481
v 0.154120 1.854772 0.035197
v -0.117070 1.691677 -0.050379
v -0.150680 1.757929 -0.079309
v 0.232057 1.923104 -0.105512
v 0.008344 1.904891 0.376539
v -0.204063 2.082877 0.044442
v 0.280514 1.968052 -0.188547
v 0.203950 1.770711 -0.138212
v 0.228676 1.893148 -0.145636
v 0.228676 1.893148 -0.145636
v 0.293497 0.144308 -0.424625
v 0.261780 0.174928 -0.450233
v 0.075403 1.837975 0.066323
v 0.006436 1.819978 0.074093
v 0.006436 1.819978 0.074093
v 0.006436 1.819978 0.074093
v 0.076227 1.831345 0.060647
v 0.006508 1.823300 0.078990
v -0.151185 1.715075 -0.112385
v -0.151185 1.715075 -0.112385
v -0.151185 1.715075 -0.112385
v -0.151185 1.715075 -0.112385
v -0.151185 1.715075 -0.112385
v 0.257491 0.607047 -0.252358
v 0.257491 0.607047 -0.252358
v 0.257491 0.607047 -0.252358
v 0.183050 2.011296 0.060848
v 0.145237 1.980993 0.116947
v 0.134780 1.989313 0.095860
v 0.028709 1.868421 0.382461
v 0.146248 1.968673 0.122132
v 0.068557 1.668741 -0.019673
v 0.124352 1.714353 -0.044054
v 0.199400 1.789488 -0.133460
v 0.199400 1.789488 -0.133460
v 0.199400 1.789488 -0.133460
v 0.199400 1.789488 -0.133460
v 0.203950 1.770711 -0.138212
v 0.203950 1.770711 -0.138212
v 0.203950 1.770711 -0.138212
v 0.174038 1.726543 -0.106883
v 0.174038 1.726543 -0.106883
v 0.174038 1.726543 -0.106883
v 0.174038 1.726543 -0.106883
v -0.393287 -0.005239 -0.163485
v 0.104651 2.220032 -0.062845
v 0.049463 2.212305 0.002165
v 0.005382 2.220003 -0.049542
v 0.005382 2.220003 -0.049542
v 0.005382 2.220003 -0.049542
v 0.255281 0.648817 -0.276464
v 0.128310 1.684628 -0.086041
v -0.403715 0.118122 -0.124227
v -0.403715 0.118122 -0.124227
v -0.016168 2.093826 0.104569
v 0.174485 2.078559 0.103717
v -0.011834 1.868421 0.382446
v -0.011834 1.868421 0.382446
v -0.039232 1.877882 0.456989
v -0.039232 1.877882 0.456989
v -0.039232 1.877882 0.456989
v -0.039232 1.877882 0.456989
v 0.103510 1.772661 -0.021869
v 0.103510 1.772661 -0.021869
v -0.140382 2.258524 0.114883
v 0.125898 1.772661 -0.003482
v 0.125898 1.772661 -0.003482
v 0.133206 1.805867 -0.066167
v 0.133206 1.805867 -0.066167
v 0.154669 1.801649 -0.049022
v 0.154669 1.801649 -0.049022
v 0.111700 1.778236 -0.028094
v 0.111700 1.778236 -0.028094
v 0.146898 1.734054 -0.074862
v 0.151044 1.815991 -0.104312
v 0.029892 2.093812 0.104569
v 0.038167 2.082205 0.109000
v 0.203748 2.181021 0.090096
v 0.065611 1.760370 0.028958
v 0.065611 1.760370 0.028958
v 0.154669 1.801649 -0.049022
v 0.190864 1.951587 -0.089277
v 0.099163 2.214009 0.117684
v 0.065595 1.993790 -0.385901
v 0.083346 2.199811 -0.189933
v 0.147895 2.420132 -0.062903
v 0.147895 2.420132 -0.062903
v 0.147895 2.420132 -0.062903
v 0.085499 2.208405 -0.109439
v -0.026640 2.252414 -0.214096
v -0.026640 2.252414 -0.214096
v -0.026640 2.252414 -0.214096
v 0.576705 0.901578 -0.277852
v 0.576705 0.901578 -0.277852
v 0.576705 0.901578 -0.277852
v 0.576705 0.901578 -0.277852
v 0.580966 0.977622 -0.240631
v 0.611008 0.973246 -0.263264
v 0.611008 0.973246 -0.263264
v 0.642321 0.664387 -0.443186
v 0.608769 0.658032 -0.407612
v 0.548569 0.840641 -0.370218
v 0.548569 0.840641 -0.370218
v 0.548569 0.840641 -0.370218
v 0.548569 0.840641 -0.370218
v 0.548569 0.840641 -0.370218
v 0.302410 0.221783 -0.383952
v 0.302410 0.221783 -0.383952
v 0.592939 0.773103 -0.479670
v 0.657544 0.702042 -0.470426
v 0.657544 0.702042 -0.470426
v 0.657544 0.702042 -0.470426
v 0.640270 0.763397 -0.456113
v -0.666817 0.755338 -0.400818
v -0.666817 0.755338 -0.400818
v -0.640891 0.647879 -0.392688
v -0.682662 0.686110 -0.413774
v -0.682662 0.686110 -0.413774
v -0.606256 0.635789 -0.297751
v -0.606256 0.635789 -0.297751
v -0.606256 0.635789 -0.297751
v -0.637251 0.940633 -0.335882
v -0.683427 0.999316 -0.343767
v -0.572212 0.976698 -0.240280
v -0.633584 0.763383 -0.455473
v -0.633584 0.763383 -0.455473
v -0.633584 0.763383 -0.455473
v -0.593286 0.922174 -0.410742
v -0.608624 0.995171 -0.390795
v -0.026640 2.252414 -0.214096
v -0.026640 2.252414 -0.214096
v 0.141497 2.309350 0.057325
v 0.141497 2.309350 0.057325
v 0.141497 2.309350 0.057325
v 0.110140 2.205575 -0.065112
v 0.576705 0.901578 -0.277852
v -0.541563 0.753547 -0.224147
v 0.444679 -0.005210 -0.058758
v 0.404366 0.119509 -0.165048
v 0.414290 0.065259 -0.117803
v 0.414290 0.065259 -0.117803
v 0.413278 0.118079 -0.124649
v 0.413278 0.118079 -0.124649
v 0.053637 1.546087 -0.090908
v 0.053637 1.546087 -0.090908
v 0.053637 1.546087 -0.090908
v 0.053637 1.546087 -0.090908
v 0.126360 1.629960 -0.093508
v 0.126360 1.629960 -0.093508
v 0.005151 1.658731 -0.069243
v -0.105876 1.558378 -0.101754
v -0.105876 1.558378 -0.101754
v -0.105876 1.558378 -0.101754
v 0.586715 0.950295 -0.345505
v 0.586715 0.950295 -0.345505
v 0.586715 0.950295 -0.345505
v 0.586715 0.950295 -0.345505
v 0.586715 0.950295 -0.345505
v 0.328870 1.599975 -0.220481
v 0.328870 1.599975 -0.220481
v 0.328870 1.599975 -0.220481
v 0.328870 1.599975 -0.220481
v 0.003214 1.188063 -0.374881
v -0.082869 1.183586 -0.342990
v 0.383120 2.157420 -0.281288
v 0.383120 2.157420 -0.281288
v -0.468537 1.388061 -0.324948
v -0.468537 1.388061 -0.324948
v -0.330097 0.174842 -0.128576
v -0.330097 0.174842 -0.128576
v -0.611874 0.901592 -0.303889
v -0.611874 0.901592 -0.303889
v -0.611874 0.901592 -0.303889
v -0.510539 0.960290 -0.361822
v -0.510539 0.960290 -0.361822
v -0.510539 0.960290 -0.361822
v -0.510539 0.960290 -0.361822
v -0.454065 1.337076 -0.400819
v -0.454065 1.337076 -0.400819
v -0.346259 2.044833 -0.215713
v -0.285077 1.673521 -0.193644
v 0.651739 0.503127 -0.250785
v -0.483616 0.626459 -0.229087
v -0.483616 0.626459 -0.229087
v -0.483616 0.626459 -0.229087
v -0.483616 0.626459 -0.229087
v 0.426986 0.023807 0.047560
v 0.632817 0.609488 -0.520689
v 0.632817 0.609488 -0.520689
v -0.635951 0.617995 -0.251994
v -0.635951 0.617995 -0.251994
v -0.678617 0.659838 -0.271680
v -0.678617 0.659838 -0.271680
v -0.692454 0.610412 -0.271824
v -0.692454 0.610412 -0.271824
v -0.692454 0.610412 -0.271824
v -0.692454 0.610412 -0.271824
v -0.692454 0.610412 -0.271824
v -0.650351 0.479858 -0.289923
v -0.635951 0.617995 -0.251994
v -0.635951 0.617995 -0.251994
v -0.600825 0.570433 -0.303008
v -0.600825 0.570433 -0.303008
v -0.600825 0.570433 -0.303008
v -0.600825 0.570433 -0.303008
v -0.600825 0.570433 -0.303008
v -0.623833 0.602627 -0.361620
v -0.617391 0.600764 -0.361894
v -0.659393 0.554372 -0.397698
v -0.627214 0.609488 -0.520006
v -0.650842 0.606975 -0.380382
v -0.650842 0.606975 -0.380382
v -0.690114 0.537675 -0.359019
v -0.690114 0.537675 -0.359019
v -0.690114 0.537675 -0.359019
v -0.690114 0.537675 -0.359019
v -0.690114 0.537675 -0.359019
v -0.685941 0.536216 -0.446055
v -0.685941 0.536216 -0.446055
v -0.685941 0.536216 -0.446055
v -0.685941 0.536216 -0.446055
v 0.219635 0.314582 -0.376644
v -0.201795 0.179926 -0.111258
v -0.201795 0.179926 -0.111258
v -0.149741 0.120578 -0.080840
v -0.159418 0.114670 -0.051029
v 0.416658 0.081364 0.034647
v 0.354378 0.085581 0.116599
v -0.643405 0.586147 -0.494918
v -0.167997 1.824643 -0.125702
v -0.167997 1.824643 -0.125702
v 0.146998 0.632525 -0.428264
v 0.146998 0.632525 -0.428264
v 0.146998 0.632525 -0.428264
v 0.146998 0.632525 -0.428264
v 0.146998 0.632525 -0.428264
v 0.236301 0.567645 -0.430691
v 0.236301 0.567645 -0.430691
v 0.236301 0.567645 -0.430691
v 0.236301 0.567645 -0.430691
v 0.236301 0.567645 -0.430691
v -0.317084 0.189126 -0.181049
v 0.395512 1.362800 -0.379850
v 0.395512 1.362800 -0.379850
v 0.395512 1.362800 -0.379850
v 0.395512 1.362800 -0.379850
v 0.395512 1.362800 -0.379850
v 0.466444 0.746643 -0.261054
v 0.466444 0.746643 -0.261054
v 0.513299 0.708310 -0.268926
v 0.513299 0.708310 -0.268926
v 0.505167 0.647128 -0.258801
v 0.505167 0.647128 -0.258801
v 0.505167 0.647128 -0.258801
v 0.505167 0.647128 -0.258801
v 0.505167 0.647128 -0.258801
v 0.445414 0.687295 -0.251015
v 0.445414 0.687295 -0.251015
v 0.445414 0.687295 -0.251015
v 0.445414 0.687295 -0.251015
v 0.445414 0.687295 -0.251015
v 0.492717 0.626459 -0.229394
v 0.492717 0.626459 -0.229394
v 0.492717 0.626459 -0.229394
v 0.492717 0.626459 -0.229394
v 0.477825 0.641394 -0.180532
v 0.477825 0.641394 -0.180532
v 0.477825 0.641394 -0.180532
v -0.357511 1.518139 -0.232280
v -0.357511 1.518139 -0.232280
v -0.357511 1.518139 -0.232280
v -0.357511 1.518139 -0.232280
v -0.357511 1.518139 -0.232280
v 0.690244 0.586248 -0.440904
v 0.690244 0.586248 -0.440904
v 0.690244 0.586248 -0.440904
v 0.690244 0.586248 -0.440904
v 0.690244 0.586248 -0.440904
v 0.037460 0.763599 -0.304512
v 0.037460 0.763599 -0.304512
v 0.071589 0.694589 -0.301826
v 0.071589 0.694589 -0.301826
v 0.105243 0.805630 -0.388992
v 0.105243 0.805630 -0.388992
v 0.105243 0.805630 -0.388992
v 0.105243 0.805630 -0.388992
v 0.105243 0.805630 -0.388992
v 0.090972 2.216133 -0.172904
v 0.090972 2.216133 -0.172904
v 0.003214 1.188063 -0.374881
v 0.152718 0.665716 -0.178696
v 0.152718 0.665716 -0.178696
v 0.152718 0.665716 -0.178696
v 0.152718 0.665716 -0.178696
v -0.104259 0.654566 -0.237581
v 0.182964 1.583467 -0.125863
v 0.206968 1.445691 -0.241684
v 0.206968 1.445691 -0.241684
v 0.206968 1.445691 -0.241684
v 0.152978 1.422654 -0.160482
v -0.175668 0.462396 -0.150140
v 0.663221 0.481649 -0.341937
v 0.663221 0.481649 -0.341937
v -0.251092 0.486488 -0.439904
v -0.322745 0.440702 -0.368178
v 0.082855 1.123689 -0.347149
v 0.082855 1.123689 -0.347149
v -0.496038 0.647128 -0.258465
v -0.496038 0.647128 -0.258465
v -0.496038 0.647128 -0.258465
v -0.496038 0.647128 -0.258465
v -0.496038 0.647128 -0.258465
v -0.504502 0.708310 -0.268590
v -0.504502 0.708310 -0.268590
v -0.457402 0.745733 -0.260732
v -0.457402 0.745733 -0.260732
v -0.436979 0.687295 -0.250752
v -0.436979 0.687295 -0.250752
v -0.436979 0.687295 -0.250752
v -0.436979 0.687295 -0.250752
v -0.436979 0.687295 -0.250752
v 0.005280 1.011680 -0.182032
v -0.468119 0.640484 -0.180268
v -0.468119 0.640484 -0.180268
v -0.468119 0.640484 -0.180268
v 0.006609 1.835707 0.026329
v 0.006609 1.835707 0.026329
v 0.006609 1.835707 0.026329
v 0.006609 1.835707 0.026329
v 0.006609 1.835707 0.026329
v -0.242583 1.988721 -0.123940
v -0.270937 1.993675 -0.169913
v 0.182502 1.870227 -0.035230
v -0.039276 1.825539 0.274467
v -0.039276 1.825539 0.274467
v -0.039276 1.825539 0.274467
v 0.062289 1.790947 -0.066716
v 0.062289 1.790947 -0.066716
v 0.062289 1.790947 -0.066716
v 0.062289 1.790947 -0.066716
v 0.062289 1.790947 -0.066716
v 0.066622 1.771275 -0.084351
v 0.066622 1.771275 -0.084351
v 0.066622 1.771275 -0.084351
v 0.151463 1.763779 -0.077505
v 0.151463 1.763779 -0.077505
v 0.151463 1.763779 -0.077505
v -0.057577 1.693324 -0.014849
v -0.057577 1.693324 -0.014849
v -0.057649 1.708244 -0.019876
v -0.057649 1.708244 -0.019876
v 0.158771 1.894390 0.097290
v 0.158771 1.894390 0.097290
v 0.200787 1.808857 -0.104226
v 0.241041 1.903923 -0.120114
v 0.200527 1.798746 -0.121053
v 0.005728 1.649820 -0.032254
v 0.005728 1.649820 -0.032254
v 0.005728 1.649820 -0.032254
v 0.005728 1.649820 -0.032254
v 0.005728 1.649820 -0.032254
v 0.105360 1.855075 0.157461
v 0.105360 1.855075 0.157461
v -0.076970 2.023594 0.120108
v -0.038094 1.020100 -0.187289
v -0.143039 2.243835 0.121411
v -0.143039 2.243835 0.121411
v -0.143039 2.243835 0.121411
v -0.143039 2.243835 0.121411
v -0.089467 2.253007 0.131521
v -0.089467 2.253007 0.131521
v -0.140382 2.258524 0.114883
v 0.052698 1.762089 -0.030910
v 0.052698 1.762089 -0.030910
v 0.052698 1.762089 -0.030910
v -0.125591 1.791510 -0.065010
v -0.125591 1.791510 -0.065010
v -0.106237 2.211164 0.118624
v -0.104677 2.197197 0.100410
v -0.164315 0.853351 -0.190452
v -0.164315 0.853351 -0.190452
v -0.142506 0.980814 -0.268706
v -0.142506 0.980814 -0.268706
v -0.142506 0.980814 -0.268706
v 0.158728 2.171170 0.097997
v 0.114993 2.194337 0.069284
v 0.182328 2.159659 0.076201
v -0.310671 0.486517 -0.361419
v -0.270345 0.538571 -0.255924
v 0.330300 0.442565 -0.368151
v 0.305241 0.509164 -0.262570
v 0.209654 0.283557 -0.248747
v 0.310484 0.218446 -0.219846
v -0.201146 0.284496 -0.248485
v -0.168085 0.204797 -0.253194
v -0.640891 0.647879 -0.392688
v -0.071631 2.254003 -0.025407
v -0.071631 2.254003 -0.025407
v -0.071631 2.254003 -0.025407
v -0.042557 2.186610 -0.230302
v -0.042557 2.186610 -0.230302
v -0.042557 2.186610 -0.230302
v 0.554303 0.790999 -0.238060
v 0.554303 0.790999 -0.238060
v 0.554303 0.790999 -0.238060
v 0.554303 0.790999 -0.238060
v 0.554303 0.790999 -0.238060
v 0.554303 0.790999 -0.238060
v 0.554303 0.790999 -0.238060
v 0.522947 0.748838 -0.300528
v 0.628572 0.773132 -0.260520
v 0.265853 0.011703 -0.483323
v 0.177488 0.080410 -0.479481
v 0.402359 0.067209 -0.175187
v 0.402359 0.067209 -0.175187
v 0.402359 0.067209 -0.175187
v 0.344816 0.063382 -0.321860
v 0.344816 0.063382 -0.321860
v 0.333781 0.067252 -0.320156
v 0.333781 0.067252 -0.320156
v 0.314729 -0.005427 -0.420205
v 0.271500 0.074171 -0.475582
v 0.139747 -0.003434 -0.419266
v 0.177488 0.080410 -0.479481
v 0.416658 0.081364 0.034647
v 0.441053 0.064840 -0.055465
v 0.171046 0.151284 -0.420436
v 0.171046 0.151284 -0.420436
v 0.184146 0.082649 -0.466944
v 0.184146 0.082649 -0.466944
v -0.166685 0.472492 -0.461338
v -0.262416 0.442435 -0.457453
v -0.262416 0.442435 -0.457453
v 0.430048 0.118946 -0.052317
v 0.430048 0.118946 -0.052317
v 0.416658 0.081364 0.034647
v 0.416658 0.081364 0.034647
v 0.166556 0.063916 -0.055984
v 0.113982 2.225333 0.123230
v -0.202979 2.239112 0.057398
v 0.082090 2.167704 -0.271018
v 0.515349 0.847776 -0.433335
v 0.515349 0.847776 -0.433335
v 0.515349 0.847776 -0.433335
v 0.515349 0.847776 -0.433335
v 0.501599 0.939593 -0.310682
v 0.501599 0.939593 -0.310682
v 0.501599 0.939593 -0.310682
v 0.501599 0.939593 -0.310682
v 0.501599 0.939593 -0.310682
v 0.580966 0.977622 -0.240631
v 0.616987 0.868849 -0.413100
v 0.616987 0.868849 -0.413100
v 0.616987 0.868849 -0.413100
v -0.538689 0.907933 -0.276158
v -0.538689 0.907933 -0.276158
v 0.646655 0.857525 -0.341172
v 0.646655 0.857525 -0.341172
v 0.646655 0.857525 -0.341172
v -0.089946 2.003265 -0.378001
v -0.050169 1.114387 -0.193905
v -0.138548 1.253405 -0.249959
v 0.615081 0.635775 -0.298174
v 0.615081 0.635775 -0.298174
v 0.664680 0.611756 -0.307071
v 0.664680 0.611756 -0.307071
v 0.668984 0.597630 -0.326671
v 0.661849 0.470354 -0.370608
v 0.003301 1.090844 -0.369161
v 0.003301 1.090844 -0.369161
v 0.003301 1.090844 -0.369161
v 0.608379 0.599464 -0.493377
v 0.608379 0.599464 -0.493377
v 0.608379 0.599464 -0.493377
v 0.608379 0.599464 -0.493377
v 0.239378 0.281463 -0.410586
v 0.302410 0.221783 -0.383952
v -0.412626 -0.004373 -0.103761
v -0.412626 -0.004373 -0.103761
v -0.643405 0.586147 -0.494918
v -0.637469 0.557333 -0.468530
v 0.093962 0.411180 -0.343625
v 0.146666 0.482631 -0.212508
v -0.640891 0.647879 -0.392688
v 0.198894 0.311780 -0.348349
v 0.198894 0.311780 -0.348349
v 0.198894 0.311780 -0.348349
v -0.132020 0.701738 -0.185902
v -0.079821 0.614283 -0.324661
v -0.079821 0.614283 -0.324661
v -0.079821 0.614283 -0.324661
v -0.079821 0.614283 -0.324661
v -0.063818 0.694589 -0.301970
v -0.052926 1.661779 -0.071626
v -0.052926 1.661779 -0.071626
v -0.062214 1.392987 -0.138110
v -0.062214 1.392987 -0.138110
v -0.062214 1.392987 -0.138110
v -0.062214 1.392987 -0.138110
v 0.646655 0.857525 -0.341172
v 0.646655 0.857525 -0.341172
v 0.646655 0.857525 -0.341172
v 0.507348 1.234759 -0.294938
v 0.507348 1.234759 -0.294938
v 0.507348 1.234759 -0.294938
v 0.391555 1.653893 -0.217116
v 0.391555 1.653893 -0.217116
v -0.132020 0.701738 -0.185902
v -0.132020 0.701738 -0.185902
v 0.196323 1.533478 -0.393456
v 0.196323 1.533478 -0.393456
v 0.196323 1.533478 -0.393456
v 0.124567 1.627808 -0.447257
v 0.124567 1.627808 -0.447257
v 0.124567 1.627808 -0.447257
v 0.050861 2.104695 0.112860
v -0.404466 1.567059 -0.230979
v -0.404466 1.567059 -0.230979
v -0.404466 1.567059 -0.230979
v -0.388333 1.361832 -0.379530
v -0.388333 1.361832 -0.379530
v -0.388333 1.361832 -0.379530
v -0.388333 1.361832 -0.379530
v -0.388333 1.361832 -0.379530
v 0.281712 1.994585 -0.169944
v -0.128366 0.591621 -0.248225
v -0.128366 0.591621 -0.248225
v -0.256594 0.544493 -0.201443
v -0.256594 0.544493 -0.201443
v -0.256594 0.544493 -0.201443
v -0.256594 0.544493 -0.201443
v -0.256594 0.544493 -0.201443
v -0.051062 1.900962 0.287423
v -0.051062 1.900962 0.287423
v -0.051062 1.900962 0.287423
v -0.054977 1.771275 -0.084351
v -0.054977 1.771275 -0.084351
v -0.054977 1.771275 -0.084351
v -0.171189 1.869345 -0.035257
v -0.171189 1.869345 -0.035257
v -0.061230 1.879153 0.284549
v 0.161573 1.757929 -0.079310
v 0.054794 1.806242 0.163397
v 0.054794 1.806242 0.163397
v 0.054794 1.806242 0.163397
v 0.054794 1.806242 0.163397
v 0.054794 1.806242 0.163397
v 0.054794 1.806242 0.163397
v 0.006046 1.663859 -0.011672
v 0.109591 2.091878 0.127118
v 0.134059 1.920836 0.167802
v 0.134059 1.920836 0.167802
v 0.518296 0.960305 -0.362245
v 0.518296 0.960305 -0.362245
v 0.518296 0.960305 -0.362245
v 0.518296 0.960305 -0.362245
v 0.440518 1.377648 -0.387361
v 0.094901 2.100758 -0.336606
v -0.463323 1.348616 -0.285994
v -0.463323 1.348616 -0.285994
v -0.430869 2.187462 -0.265802
v 0.670341 0.537964 -0.417144
v 0.670341 0.537964 -0.417144
v 0.662224 0.577568 -0.405850
v 0.662224 0.577568 -0.405850
v 0.047570 1.020115 -0.187347
v 0.118444 1.140371 -0.250205
v 0.118444 1.140371 -0.250205
v 0.118444 1.140371 -0.250205
v -0.082869 1.183586 -0.342990
v -0.082869 1.183586 -0.342990
v 0.113114 0.654566 -0.237509
v 0.206000 1.432663 -0.304874
v 0.206000 1.432663 -0.304874
v 0.206000 1.432663 -0.304874
v -0.131601 0.431632 -0.218689
v 0.652750 0.557983 -0.244805
v 0.652750 0.557983 -0.244805
v 0.701511 0.477952 -0.366693
v 0.701511 0.477952 -0.366693
v 0.701511 0.477952 -0.366693
v 0.701511 0.477952 -0.366693
v 0.148531 1.847854 0.030778
v 0.103049 2.253844 0.131593
v 0.103049 2.253844 0.131593
v -0.166092 0.275541 -0.362415
v -0.165774 0.311375 -0.283554
v 0.177315 0.204783 -0.253398
v 0.210145 0.195727 -0.156280
v 0.039685 2.287931 -0.033510
v 0.039685 2.287931 -0.033510
v 0.039685 2.287931 -0.033510
v 0.039685 2.287931 -0.033510
v -0.019692 2.320270 -0.001937
v -0.019692 2.320270 -0.001937
v 0.169877 0.227026 -0.376716
v -0.411268 0.077839 0.042392
v -0.342893 0.035015 0.115908
v -0.062431 0.893807 -0.212219
v -0.062431 0.893807 -0.212219
v 0.005178 0.971441 -0.188358
v 0.005178 0.971441 -0.188358
v 0.005178 0.971441 -0.188358
v 0.639736 0.642607 -0.253240
v 0.675339 0.731203 -0.273230
v 0.675339 0.731203 -0.273230
v 0.193405 0.634056 -0.286661
v 0.193405 0.634056 -0.286661
v 0.193405 0.634056 -0.286661
v 0.193405 0.634056 -0.286661
v 0.193405 0.634056 -0.286661
v 0.193405 0.634056 -0.286661
v 0.193405 0.634056 -0.286661
v -0.315553 0.106206 -0.318233
v -0.394212 0.119552 -0.164568
v -0.504502 0.708310 -0.268590
v -0.456780 0.788067 -0.280708
v -0.456780 0.788067 -0.280708
v -0.456780 0.788067 -0.280708
v -0.456780 0.788067 -0.280708
v -0.456780 0.788067 -0.280708
v -0.456780 0.788067 -0.280708
v -0.675931 0.740837 -0.335635
v -0.675931 0.740837 -0.335635
v -0.675931 0.740837 -0.335635
v -0.651796 0.628149 -0.323142
v -0.344337 0.164486 0.022575
v -0.344337 0.164486 0.022575
v -0.344337 0.164486 0.022575
v -0.344337 0.164486 0.022575
v -0.344337 0.164486 0.022575
v -0.203615 0.145305 0.068649
v -0.203615 0.145305 0.068649
v -0.203615 0.145305 0.068649
v -0.203615 0.145305 0.068649
v -0.203615 0.145305 0.068649
v 0.141497 2.309350 0.057325
v 0.180625 2.433203 0.146512
v 0.180625 2.433203 0.146512
v 0.180625 2.433203 0.146512
v 0.169198 0.307129 -0.362634
v 0.173719 0.853351 -0.190510
v 0.173719 0.853351 -0.190510
v 0.173719 0.853351 -0.190510
v 0.160649 0.120563 -0.080986
v 0.169010 0.123466 -0.254597
v -0.162394 0.308068 -0.362386
v -0.147257 0.060522 -0.038391
v -0.134257 -0.002842 -0.090835
v -0.076269 2.000954 -0.505926
v -0.032867 1.946127 -0.439689
v -0.544539 0.790999 -0.237738
v -0.544539 0.790999 -0.237738
v -0.544539 0.790999 -0.237738
v -0.544539 0.790999 -0.237738
v -0.544539 0.790999 -0.237738
v -0.544539 0.790999 -0.237738
v -0.544539 0.790999 -0.237738
v -0.619500 0.773118 -0.260111
v 0.236706 0.313759 -0.403798
v 0.280470 0.285955 -0.373120
v 0.471557 1.349584 -0.286316
v 0.471557 1.349584 -0.286316
v 0.215693 0.089813 0.082932
v 0.158554 0.060507 -0.038537
v 0.202288 0.313499 -0.307445
v 0.169198 0.307129 -0.362634
v 0.302410 0.221783 -0.383952
v 0.302410 0.221783 -0.383952
v 0.323685 0.106163 -0.318697
v -0.270316 0.319522 -0.372338
v -0.212340 0.314596 -0.376339
v -0.212340 0.314596 -0.376339
v -0.212340 0.314596 -0.376339
v 0.006147 1.687055 -0.004147
v 0.006147 1.687055 -0.004147
v 0.006147 1.687055 -0.004147
v 0.068557 1.668741 -0.019673
v 0.657544 0.702042 -0.470426
v 0.657544 0.702042 -0.470426
v 0.180942 2.163443 0.045148
v 0.005555 1.820844 -0.101799
v 0.005555 1.820844 -0.101799
v -0.063904 1.811312 -0.126064
v -0.141551 1.853920 0.035140
v 0.241041 1.903923 -0.120114
v 0.171046 0.151284 -0.420436
v 0.171046 0.151284 -0.420436
v 0.251411 1.930254 -0.105613
v 0.255643 1.949045 -0.069591
v 0.084807 1.967041 0.140403
v 0.075403 1.837975 0.066323
v -0.035710 2.151108 0.092465
v -0.429351 0.064884 -0.055058
v -0.413955 0.023850 0.047909
v 0.156316 2.243821 0.121468
v 0.156316 2.243821 0.121468
v 0.216126 2.239964 0.057468
v -0.198545 0.082866 0.098850
v -0.150059 -0.002134 -0.040283
v -0.200655 0.195756 -0.156076
v -0.168085 0.204797 -0.253194
v -0.142851 1.801649 -0.049007
v -0.120652 1.886490 0.016754
v -0.053215 1.760370 0.028929
v -0.125591 1.791510 -0.065010
v -0.102150 1.717025 -0.039344
v 0.059747 1.765512 0.006484
v 0.059747 1.765512 0.006484
v 0.161876 1.791091 -0.118365
v 0.003691 2.013303 -0.398091
v -0.087288 0.527348 -0.330540
v 0.072052 0.893807 -0.212306
v 0.037460 0.763599 -0.304512
v -0.147257 0.060522 -0.038391
v -0.203398 0.089828 0.083064
v -0.171596 0.080439 -0.479176
v -0.137032 0.486257 -0.212319
v 0.144949 0.063584 -0.083745
v 0.166556 0.063916 -0.055984
v 0.397534 2.124316 -0.243663
v 0.083822 1.776200 -0.459173
v -0.178760 0.082678 -0.466682
v 0.076227 1.831345 0.060647
v 0.076227 1.831345 0.060647
v 0.076227 1.831345 0.060647
v 0.076140 1.824715 0.054970
v -0.194690 0.313528 -0.307155
v -0.172664 0.085422 -0.251966
v 0.220501 0.758255 -0.321499
v 0.220501 0.758255 -0.321499
v 0.487286 1.223016 -0.401459
v 0.487286 1.223016 -0.401459
v 0.487286 1.223016 -0.401459
v 0.583855 0.983977 -0.352192
v 0.414361 1.568012 -0.231242
v 0.476482 1.388105 -0.325313
v 0.476482 1.388105 -0.325313
v 0.166236 1.766624 -0.432033
v 0.469939 2.307950 -0.264058
v 0.400856 2.290040 -0.205518
v -0.336784 0.063425 -0.321367
v -0.336784 0.063425 -0.321367
v -0.138246 0.081162 -0.408735
v -0.134142 0.063598 -0.083614
v 0.186948 0.277159 -0.405358
v -0.429351 0.064884 -0.055058
v -0.404018 0.081393 0.034997
v -0.404538 0.065303 -0.117381
v -0.404538 0.065303 -0.117381
v 0.403442 -0.005297 -0.163964
v 0.344816 0.063382 -0.321860
v -0.404538 0.065303 -0.117381
v -0.404538 0.065303 -0.117381
v -0.394212 0.119552 -0.164568
v -0.392536 0.068148 -0.174722
v -0.392536 0.068148 -0.174722
v -0.392536 0.068148 -0.174722
v 0.139747 -0.003434 -0.419266
v 0.167219 0.082794 -0.250812
v -0.607947 0.642838 -0.524340
v -0.607947 0.642838 -0.524340
v -0.260076 0.012700 -0.482888
v -0.650842 0.606975 -0.380382
v -0.650842 0.606975 -0.380382
v -0.652996 0.621620 -0.400083
v -0.652996 0.621620 -0.400083
v 0.094901 2.100758 -0.336606
v -0.319582 0.196911 -0.281821
v 0.190342 0.241050 -0.424567
v -0.274013 0.285984 -0.372713
v 0.037850 2.293506 0.085504
v -0.245344 0.236313 -0.425042
v 0.164345 -0.003867 -0.258727
v 0.356213 0.034986 0.115661
v 0.213165 0.030364 0.097635
v 0.151317 0.981739 -0.268866
v 0.151317 0.981739 -0.268866
v 0.151317 0.981739 -0.268866
v 0.279546 0.538571 -0.255911
v 0.177315 0.204783 -0.253398
v 0.177315 0.204783 -0.253398
v 0.169168 0.427082 -0.483092
v -0.273190 0.288150 -0.261441
v -0.137032 0.486257 -0.212319
v 0.632428 0.699138 -0.249239
v 0.632428 0.699138 -0.249239
v 0.647695 0.647864 -0.393269
v -0.157282 0.540838 -0.449538
v -0.157282 0.540838 -0.449538
v -0.157282 0.540838 -0.449538
v -0.157282 0.540838 -0.449538
v -0.157282 0.540838 -0.449538
v 0.128859 1.691677 -0.050366
v -0.184448 1.686015 -0.119664
v -0.184448 1.686015 -0.119664
v -0.184448 1.686015 -0.119664
v 0.172881 0.275527 -0.362663
v -0.301109 0.218475 -0.219469
v -0.117070 1.691677 -0.050379
v -0.117070 1.691677 -0.050379
v -0.117070 1.691677 -0.050379
v -0.117070 1.691677 -0.050379
v 0.212182 0.316330 -0.263465
v 0.288761 1.821451 -0.192042
v 0.288761 1.821451 -0.192042
v 0.288761 1.821451 -0.192042
v -0.090466 1.888801 -0.412304
v 0.254039 0.317803 -0.355557
v -0.240504 1.574252 -0.230489
v -0.166194 0.017943 -0.486831
v -0.159809 0.123481 -0.254393
v -0.125304 1.158873 -0.288017
v -0.650222 0.618010 -0.459503
v -0.650222 0.618010 -0.459503
v -0.165774 0.311375 -0.283554
v 0.210145 0.195727 -0.156280
v 0.210145 0.195727 -0.156280
v -0.156386 0.154953 -0.390695
v -0.198545 0.082866 0.098850
v 0.406128 1.670994 -0.287297
v 0.406128 1.670994 -0.287297
v 0.173170 0.311361 -0.283758
v -0.285828 0.323869 -0.303890
v 0.499231 2.328676 -0.275989
v 0.330618 2.264489 -0.161639
v -0.339081 2.249800 -0.167241
v -0.255006 1.815428 -0.391345
v -0.556931 0.978937 -0.324197
v 0.003098 1.896716 -0.437666
v -0.010809 2.105207 0.093534
v -0.077610 2.022215 0.120211
v -0.055618 2.019341 0.114525
v -0.034482 2.030708 0.109812
v -0.022552 2.054410 0.107674
v -0.102380 2.065763 0.127737
v -0.095058 2.039027 0.125093
v -0.096827 2.092367 0.127266
v -0.070244 2.112718 0.121453
v -0.031724 2.105454 0.112736
v -0.023499 2.082439 0.108797
v 0.090930 2.022215 0.120226
v 0.068745 2.019297 0.114521
v 0.048409 2.031560 0.109826
v 0.109398 2.039903 0.125115
v 0.115877 2.065745 0.127755
v 0.036392 2.054395 0.107674
v 0.037331 2.082458 0.108801
v 0.110350 2.092367 0.127323
v 0.050311 2.105454 0.112750
v 0.083564 2.113570 0.121511
vn 0.3484 -0.2589 0.9009
vn 0.2107 -0.2895 0.9337
vn 0.3668 -0.3327 0.8688
vn 0.4259 -0.3005 0.8534
vn 0.1934 -0.1375 0.9714
vn -0.2123 -0.2898 0.9332
vn 0.0913 -0.2400 0.9665
vn 0.2424 -0.0354 0.9695
vn 0.0411 -0.0512 0.9978
vn 0.3990 -0.5995 0.6939
vn 0.0880 -0.1025 0.9908
vn 0.3455 -0.4527 0.8220
vn 0.0497 -0.1955 0.9794
vn -0.0862 -0.1022 0.9910
vn -0.0508 -0.2032 0.9778
vn -0.3467 -0.4495 0.8233
vn -0.0398 -0.0505 0.9979
vn -0.3998 -0.5931 0.6989
vn -0.2389 -0.0303 0.9706
vn -0.1950 -0.1397 0.9708
vn -0.0875 -0.2110 0.9736
vn -0.4171 -0.2988 0.8583
vn -0.3629 -0.3312 0.8710
vn -0.2779 -0.2765 0.9200
vn 0.4406 0.4994 0.7459
vn -0.0363 0.3856 0.9220
vn 0.2327 0.8569 0.4600
vn -0.1070 0.4809 0.8702
vn 0.9103 0.2774 0.3074
vn 0.9366 0.1430 0.3199
vn 0.7891 0.4927 -0.3668
vn -0.0114 0.5989 -0.8008
vn 0.7390 0.6421 -0.2037
vn 0.8363 -0.0376 -0.5470
vn 0.6772 0.4846 0.5537
vn 0.1776 -0.0740 0.9813
vn -0.6173 -0.2849 0.7333
vn 0.2027 -0.0377 0.9785
vn -0.4125 -0.2020 0.8883
vn -0.5977 -0.3432 0.7246
vn 0.2068 0.0289 0.9780
vn 0.1789 -0.1962 0.9641
vn -0.6638 -0.3980 0.6332
vn 0.0706 -0.1436 0.9871
vn -0.5919 -0.4953 0.6359
vn 0.1929 -0.1878 0.9631
vn 0.1739 -0.2614 0.9494
vn 0.9457 0.2104 0.2476
vn 0.9616 0.1864 0.2012
vn 0.8214 0.1663 -0.5456
vn 0.7692 0.1847 -0.6118
vn 0.7873 0.1977 -0.5840
vn 0.8766 0.1005 0.4706
vn 0.9167 0.1641 0.3642
vn 0.7986 0.1654 0.5788
vn 0.9071 0.2155 0.3615
vn 0.8390 0.2811 0.4658
vn 0.7523 0.2422 -0.6127
vn 0.8096 0.2050 -0.5501
vn 0.6882 0.5359 -0.4892
vn 0.8108 0.2755 -0.5164
vn 0.8972 0.2241 -0.3805
vn 0.9412 0.1733 0.2901
vn 0.9531 0.2210 0.2068
vn 0.8425 0.3262 0.4286
vn 0.8883 0.2510 -0.3846
vn 0.8886 0.2580 -0.3793
vn 0.7141 0.0229 0.6997
vn -0.0718 -0.0151 0.9973
vn 0.5874 0.1843 0.7880
vn 0.0874 0.2041 0.9750
vn 0.5790 -0.1549 0.8005
vn 0.2638 0.2997 -0.9168
vn 0.4052 -0.3053 -0.8618
vn 0.2707 -0.1568 -0.9498
vn -0.2721 -0.1582 -0.9492
vn 0.3973 -0.2275 -0.8890
vn 0.4016 -0.2049 -0.8926
vn -0.4002 -0.2261 -0.8881
vn 0.3153 -0.2861 -0.9048
vn -0.3202 -0.2830 -0.9041
vn -0.4015 -0.2065 -0.8923
vn -0.4083 -0.3084 -0.8592
vn -0.4187 -0.1916 -0.8877
vn -0.2781 -0.2519 -0.9269
vn 0.6181 -0.5507 0.5610
vn 0.6542 -0.0589 0.7540
vn 0.9176 -0.3898 -0.0781
vn 0.7209 -0.1877 -0.6672
vn 0.8310 -0.3823 -0.4040
vn 0.9597 -0.2806 -0.0161
vn 0.8307 -0.1372 0.5395
vn 0.4846 -0.4881 0.7259
vn 0.4486 0.2434 0.8599
vn 0.6180 -0.0534 0.7844
vn 0.4556 -0.1376 0.8795
vn 0.3968 -0.1006 0.9124
vn 0.8753 0.0219 0.4831
vn 0.0431 0.9505 -0.3077
vn 0.0012 0.9999 0.0114
vn -0.0012 0.9999 0.0114
vn -0.0680 0.9964 -0.0509
vn -0.0525 0.9502 -0.3070
vn 0.4847 0.1920 0.8533
vn 0.4423 0.2323 0.8663
vn 0.3874 0.1523 0.9092
vn -0.5464 0.8348 -0.0678
vn -0.4798 0.8760 -0.0499
vn -0.4844 0.7346 -0.4751
vn -0.4417 0.8752 -0.1973
vn -0.5202 0.6351 -0.5710
vn -0.4594 0.6707 -0.5823
vn -0.4803 0.8534 -0.2027
vn 0.5314 -0.2800 -0.7995
vn -0.3672 0.6332 -0.6813
vn 0.4207 -0.3670 -0.8296
vn -0.1344 -0.0587 -0.9892
vn 0.8528 -0.4967 -0.1613
vn -0.4447 0.2467 0.8610
vn -0.6324 -0.0921 0.7691
vn -0.4470 -0.1304 0.8850
vn -0.4137 -0.1096 0.9038
vn 0.2742 -0.0160 0.9615
vn -0.1095 0.0556 0.9924
vn 0.1138 0.0543 0.9920
vn -0.2799 -0.0402 0.9592
vn 0.2354 0.0139 0.9718
vn -0.2299 0.0181 0.9731
vn -0.7763 0.1836 -0.6030
vn -0.7588 0.2449 -0.6035
vn -0.8014 0.2017 -0.5631
vn -0.9121 0.1657 0.3750
vn -0.8726 0.1028 0.4775
vn -0.8146 0.1670 0.5555
vn -0.9033 0.2133 0.3723
vn -0.8395 0.2717 0.4705
vn -0.8436 0.3168 0.4337
vn -0.9365 0.1759 0.3035
vn -0.9490 0.2224 0.2234
vn -0.9412 0.2113 0.2638
vn 0.1078 0.4722 0.8749
vn -0.4408 0.5012 0.7446
vn -0.2115 0.8500 0.4825
vn -0.7135 0.4554 0.5325
vn -0.8407 0.5397 -0.0444
vn -0.7938 0.4948 -0.3536
vn -0.1610 -0.0184 -0.9868
vn -0.1894 0.6866 -0.7019
vn 0.8621 -0.3435 -0.3725
vn 0.7151 0.4559 -0.5299
vn 0.7942 -0.2690 -0.5449
vn 0.8641 0.4163 0.2829
vn 0.8396 -0.4040 0.3631
vn 0.1820 0.0095 -0.9832
vn 0.8864 -0.2657 -0.3792
vn 0.1646 -0.0939 -0.9819
vn 0.9163 -0.1721 -0.3616
vn 0.2297 0.2078 -0.9508
vn 0.8212 -0.3282 -0.4669
vn 0.1121 -0.0238 -0.9934
vn 0.6983 -0.2830 -0.6575
vn -0.6125 0.4713 -0.6345
vn -0.4942 0.1211 -0.8609
vn -0.9172 0.2248 0.3289
vn -0.5229 0.3281 -0.7867
vn -0.4655 0.4660 -0.7525
vn -0.7074 -0.4411 0.5522
vn -0.3667 0.0093 0.9303
vn -0.6661 -0.5563 0.4969
vn -0.2405 -0.0441 0.9697
vn -0.4592 0.1330 0.8783
vn -0.4919 0.1760 0.8527
vn -0.4356 0.2307 0.8701
vn -0.3815 0.1495 0.9122
vn -0.7115 0.0184 0.7024
vn -0.8275 -0.1272 0.5469
vn -0.0915 0.2024 0.9750
vn -0.5710 -0.1640 0.8044
vn -0.9557 -0.2416 0.1681
vn -0.9442 -0.3225 0.0674
vn -0.4924 -0.1005 -0.8645
vn 0.4832 0.8731 -0.0651
vn 0.5414 0.8368 -0.0810
vn 0.0264 -0.0069 -0.9996
vn 0.1351 -0.0597 -0.9890
vn -0.4225 -0.3643 -0.8299
vn 0.3620 0.6306 -0.6865
vn 0.4811 0.8518 -0.2074
vn 0.4551 0.6689 -0.5877
vn 0.4405 0.8748 -0.2015
vn 0.5037 0.8526 -0.1389
vn 0.5223 0.6290 -0.5758
vn -0.7899 -0.1984 -0.5802
vn -0.7460 -0.3091 -0.5898
vn -0.7084 -0.2510 -0.6597
vn -0.9387 -0.1983 0.2821
vn -0.6656 -0.1266 0.7355
vn -0.7139 -0.1811 0.6764
vn -0.7863 -0.3096 0.5346
vn -0.6797 -0.2384 0.6936
vn -0.8177 -0.3607 0.4486
vn -0.8332 -0.2611 0.4874
vn -0.8545 -0.3038 -0.4213
vn -0.8073 -0.2734 -0.5230
vn -0.9568 -0.2906 -0.0008
vn -0.7953 -0.3641 -0.4847
vn -0.8437 -0.2086 0.4947
vn -0.2995 -0.2807 -0.9119
vn -0.1983 0.1895 -0.9616
vn -0.2623 0.0067 -0.9650
vn -0.8698 0.1501 0.4701
vn -0.3104 -0.7005 -0.6426
vn -0.8107 -0.1077 0.5754
vn -0.6490 -0.6985 0.3015
vn -0.8370 -0.0440 0.5454
vn -0.8070 -0.0258 0.5900
vn -0.6088 -0.2798 0.7423
vn -0.4774 -0.1756 -0.8609
vn 0.2675 -0.9485 0.1696
vn -0.6212 -0.2600 0.7393
vn -0.6597 0.2020 0.7238
vn 0.2690 -0.8733 -0.4062
vn -0.6777 -0.2618 0.6872
vn -0.4306 0.1522 -0.8896
vn -0.6548 -0.6920 0.3039
vn -0.5080 -0.6018 -0.6163
vn -0.5770 0.1751 -0.7978
vn -0.4371 -0.1934 0.8784
vn -0.6405 0.5141 -0.5705
vn -0.7760 -0.5017 -0.3822
vn -0.2892 -0.7855 -0.5471
vn -0.4529 -0.3130 0.8348
vn -0.3532 -0.4974 0.7924
vn -0.3461 0.1619 0.9241
vn -0.3305 0.1043 0.9380
vn -0.6760 0.1913 -0.7116
vn -0.7845 0.0337 -0.6192
vn -0.5988 -0.1365 0.7892
vn -0.7832 0.0922 -0.6149
vn -0.5078 0.0221 0.8612
vn -0.3947 -0.7484 -0.5330
vn -0.0853 -0.8511 0.5181
vn -0.6052 -0.1072 0.7888
vn 0.1969 0.1852 -0.9628
vn 0.2955 -0.2773 -0.9142
vn 0.8479 -0.2082 0.4875
vn 0.8619 -0.1779 0.4748
vn 0.8077 -0.0348 0.5886
vn 0.2022 0.1817 -0.9624
vn 0.2393 0.0275 -0.9706
vn 0.6527 -0.7031 0.2820
vn 0.3243 -0.7077 -0.6276
vn 0.5805 0.1679 -0.7968
vn 0.4785 -0.1603 -0.8633
vn 0.6323 -0.2455 0.7348
vn 0.6720 0.1931 0.7150
vn -0.2675 -0.9493 0.1651
vn -0.2703 -0.8759 -0.3998
vn 0.7333 -0.0327 -0.6791
vn 0.4311 0.1507 -0.8896
vn 0.6555 -0.6912 0.3041
vn 0.5081 -0.6021 -0.6160
vn -0.9987 0.0042 0.0501
vn -0.5443 0.1006 0.8328
vn -0.6307 0.2440 -0.7367
vn -0.9993 -0.0131 0.0364
vn -0.6180 0.2368 -0.7496
vn -0.5557 0.2168 -0.8026
vn -0.7815 0.1531 0.6048
vn -0.5179 -0.4335 -0.7375
vn -0.7739 -0.6311 -0.0529
vn -0.4832 -0.1192 0.8674
vn -0.4230 0.0259 0.9058
vn -0.5213 0.0976 -0.8478
vn -0.5368 0.2105 -0.8171
vn -0.8059 0.2992 -0.5109
vn -0.5674 -0.2071 0.7970
vn -0.5379 -0.0656 0.8404
vn -0.2097 -0.8142 -0.5414
vn -0.1417 -0.9233 0.3570
vn -0.5900 -0.1103 0.7999
vn -0.5379 -0.0736 0.8398
vn -0.4724 -0.0303 0.8809
vn -0.3995 0.2279 -0.8879
vn -0.5041 0.3411 -0.7934
vn -0.7842 -0.2761 0.5557
vn -0.4574 0.1109 -0.8823
vn -0.7816 -0.0280 0.6232
vn -0.1201 -0.5810 -0.8050
vn 0.7959 0.2064 -0.5692
vn 0.7302 0.1132 -0.6737
vn 0.4083 -0.5355 0.7393
vn 0.4514 -0.4285 0.7827
vn 0.3802 -0.3259 0.8656
vn 0.5348 0.5329 -0.6558
vn 0.3961 -0.8098 0.4329
vn 0.4931 -0.6513 -0.5768
vn 0.8099 -0.0199 -0.5862
vn 0.8552 0.3132 -0.4129
vn 0.1586 -0.1379 -0.9777
vn 0.9842 0.1500 -0.0941
vn 0.5070 0.1459 -0.8495
vn -0.7455 -0.0755 -0.6622
vn -0.8004 -0.0780 -0.5944
vn -0.9650 -0.2461 0.0904
vn -0.4103 -0.2807 0.8677
vn -0.2444 -0.2854 0.9267
vn 0.5265 -0.1299 0.8402
vn 0.6123 -0.0856 0.7860
vn 0.9467 0.2069 0.2470
vn 0.8926 0.2432 -0.3796
vn 0.9213 0.2305 0.3132
vn 0.6109 0.7162 0.3375
vn 0.7356 0.6774 -0.0049
vn 0.3888 0.2025 -0.8988
vn 0.8668 0.2609 -0.4249
vn 0.6437 0.5059 -0.5743
vn 0.7684 -0.4964 -0.4039
vn 0.4295 -0.2030 0.8800
vn 0.3513 -0.5021 0.7902
vn 0.7108 -0.0997 -0.6962
vn 0.2606 -0.8766 0.4045
vn 0.2814 -0.7863 -0.5500
vn 0.4088 0.0425 0.9116
vn 0.2966 0.3290 -0.8965
vn -0.0039 0.5833 -0.8123
vn 0.9469 -0.3176 0.0510
vn 0.9571 -0.2418 0.1598
vn 0.9346 -0.1873 0.3023
vn -0.0007 0.1777 -0.9841
vn -0.6148 -0.5608 0.5545
vn -0.6577 -0.0972 0.7470
vn -0.2130 -0.0264 0.9767
vn 0.6027 -0.3619 0.7112
vn 0.8888 -0.2584 0.3785
vn 0.8685 -0.3593 0.3414
vn 0.9209 -0.2968 0.2525
vn 0.9652 -0.1686 0.2001
vn 0.0056 -0.2972 -0.9548
vn -0.8829 0.0189 0.4691
vn -0.7547 -0.6493 -0.0941
vn -0.5746 -0.0466 0.8171
vn -0.7137 0.4726 -0.5169
vn -0.8275 -0.4011 0.3929
vn -0.8651 0.1607 -0.4751
vn -0.7903 -0.2650 -0.5524
vn -0.1812 0.0106 -0.9834
vn -0.8669 -0.3498 -0.3551
vn -0.1644 -0.0942 -0.9819
vn -0.8964 -0.2530 -0.3640
vn -0.2285 0.2118 -0.9502
vn -0.9183 -0.1784 -0.3535
vn -0.1282 -0.1101 -0.9856
vn -0.8284 -0.3268 -0.4549
vn -0.1572 0.1187 -0.9804
vn -0.6944 -0.2821 -0.6619
vn -0.0620 0.0164 -0.9979
vn -0.7660 -0.4857 -0.4211
vn -0.9636 -0.1572 0.2164
vn -0.9131 -0.2988 0.2776
vn -0.8681 -0.3625 0.3393
vn -0.8894 -0.2568 0.3782
vn -0.8844 -0.3933 0.2514
vn -0.9130 -0.3323 0.2366
vn 0.1039 0.6602 -0.7439
vn -0.1032 0.6568 -0.7470
vn -0.1036 0.9323 -0.3465
vn -0.7803 0.3627 0.5096
vn 0.8184 -0.1981 -0.5395
vn -0.4879 -0.6035 -0.6307
vn -0.6809 0.5097 0.5260
vn 0.0819 0.5193 0.8506
vn 0.8284 -0.1598 -0.5369
vn 0.0732 0.5346 0.8419
vn 0.2855 -0.8887 0.3587
vn -0.3478 -0.9210 0.1755
vn -0.6747 0.1588 0.7208
vn -0.0705 -0.1431 0.9872
vn 0.5939 -0.5002 0.6301
vn -0.1926 -0.1875 0.9632
vn 0.6652 -0.4052 0.6272
vn -0.1768 -0.1953 0.9647
vn 0.5938 -0.3422 0.7282
vn -0.2069 0.0266 0.9780
vn 0.4170 -0.2227 0.8812
vn -0.2040 -0.0360 0.9783
vn 0.6342 -0.2741 0.7230
vn -0.4204 0.0340 0.9067
vn -0.8523 -0.4975 -0.1613
vn 0.4124 0.2568 -0.8741
vn 0.4659 -0.0228 0.8845
vn 0.5569 -0.0750 0.8272
vn 0.7830 -0.0168 0.6217
vn 0.4067 0.2220 -0.8862
vn 0.1914 -0.9601 0.2037
vn 0.4704 0.1269 -0.8733
vn 0.1150 -0.5732 -0.8113
vn 0.4633 0.1199 -0.8781
vn 0.4056 0.2255 -0.8858
vn 0.9990 -0.0037 0.0442
vn 0.5397 0.0971 0.8362
vn 0.6218 0.2409 -0.7452
vn 0.7722 -0.6307 -0.0768
vn 0.5914 0.3396 -0.7313
vn 0.5183 -0.4345 -0.7366
vn 0.5563 0.2194 -0.8015
vn 0.6090 0.2336 -0.7580
vn -0.4116 -0.5352 0.7377
vn -0.7328 0.1180 -0.6701
vn -0.7976 0.2115 -0.5649
vn -0.4510 -0.4391 0.7771
vn -0.3925 -0.1226 0.9116
vn -0.3714 -0.3242 0.8700
vn -0.5339 0.5389 -0.6516
vn -0.3900 -0.8020 0.4524
vn -0.4894 -0.6296 -0.6034
vn -0.8081 -0.0337 -0.5881
vn 0.3992 0.9132 -0.0820
vn 0.3998 0.8566 -0.3261
vn -0.0913 0.6095 -0.7875
vn 0.3767 0.6394 -0.6703
vn 0.3737 0.0646 -0.9253
vn 0.0461 0.5896 -0.8064
vn -0.3305 0.8640 -0.3798
vn -0.3897 0.7663 0.5109
vn -0.4819 0.8579 0.1782
vn -0.4123 0.8556 -0.3131
vn -0.3368 0.6298 -0.7000
vn 0.6476 0.0165 0.7618
vn 0.9290 -0.0510 0.3665
vn 0.7054 -0.0460 0.7073
vn 0.7592 -0.0223 -0.6505
vn 0.7670 -0.0522 -0.6395
vn 0.1038 0.0539 -0.9931
vn 0.3155 -0.2845 -0.9053
vn -0.1058 0.0539 -0.9929
vn -0.3196 -0.2869 -0.9031
vn -0.7789 -0.0528 -0.6250
vn -0.9327 -0.0358 0.3590
vn -0.9393 -0.0181 0.3427
vn -0.6928 -0.0382 0.7201
vn -0.6426 0.0158 0.7660
vn -0.8928 0.2520 -0.3734
vn -0.9551 0.2532 -0.1538
vn -0.6814 0.5407 -0.4933
vn -0.8082 0.2793 -0.5186
vn -0.9023 0.2229 -0.3690
vn -0.8047 0.4102 -0.4291
vn -0.8155 0.2055 -0.5410
vn -0.8265 0.1698 -0.5367
vn 0.7386 -0.3107 -0.5983
vn 0.7859 -0.1902 -0.5883
vn 0.6982 -0.2472 -0.6719
vn 0.8013 -0.2748 -0.5314
vn 0.7906 -0.3596 -0.4957
vn 0.9579 -0.2868 -0.0142
vn 0.8365 -0.2598 0.4825
vn 0.6848 -0.2437 0.6868
vn 0.7910 -0.3070 0.5292
vn 0.8197 -0.3648 0.4415
vn 0.7249 -0.1836 0.6639
vn 0.6694 -0.1211 0.7330
vn -0.9194 -0.3870 -0.0696
vn -0.8367 -0.3777 -0.3966
vn -0.9614 -0.2750 -0.0058
vn -0.4777 -0.4861 0.7318
vn 0.6510 0.2245 -0.7251
vn 0.3320 0.1059 0.9373
vn 0.4179 0.1654 0.8933
vn 0.6425 -0.0947 0.7604
vn 0.6496 -0.0564 -0.7582
vn 0.0972 -0.8406 0.5328
vn 0.7611 0.0741 -0.6444
vn 0.4074 -0.7344 -0.5428
vn 0.7808 0.1035 -0.6161
vn 0.7592 0.0379 -0.6498
vn 0.6470 0.1996 -0.7359
vn 0.4944 0.1489 -0.8564
vn 0.4180 0.0352 0.9078
vn 0.5583 -0.1502 0.8159
vn 0.6043 -0.1105 0.7891
vn 0.5354 0.0547 -0.8428
vn 0.1416 -0.9233 0.3570
vn 0.7903 0.1080 -0.6031
vn 0.7604 0.0772 -0.6448
vn 0.5040 0.2184 -0.8356
vn 0.2410 -0.0459 0.9694
vn 0.7340 -0.4257 0.5291
vn 0.6661 -0.5618 0.4907
vn 0.6551 -0.5699 0.4961
vn 0.7155 -0.4365 0.5454
vn 0.2572 0.2951 -0.9202
vn -0.9066 0.2761 0.3192
vn -0.7420 0.6425 -0.1913
vn -0.3757 0.0650 -0.9245
vn 0.1430 0.0605 -0.9879
vn -0.5053 0.1451 -0.8507
vn -0.9840 0.1508 -0.0947
vn 0.7421 -0.0749 -0.6661
vn 0.8009 -0.0775 -0.5938
vn 0.9653 -0.2477 0.0824
vn 0.9780 -0.1986 -0.0633
vn 0.4153 -0.2823 0.8648
vn -0.5181 -0.1316 0.8452
vn -0.6131 -0.0824 0.7857
vn 0.4911 -0.6010 -0.6305
vn -0.8235 -0.2017 -0.5303
vn 0.7858 0.3605 0.5025
vn 0.6829 0.5190 0.5142
vn -0.0745 0.5322 0.8434
vn -0.8334 -0.1644 -0.5277
vn -0.0740 0.5331 0.8428
vn -0.3099 -0.8831 0.3521
vn 0.3531 -0.9230 0.1531
vn 0.6733 0.1569 0.7226
vn -0.7915 0.2988 0.5332
vn -0.8017 0.1574 0.5766
vn -0.1104 0.8232 0.5570
vn -0.6719 0.6284 0.3922
vn -0.4438 0.7199 0.5337
vn -0.4822 0.8284 0.2849
vn 0.6555 0.6352 0.4084
vn -0.9205 0.0283 0.3897
vn -0.8289 0.3266 0.4541
vn 0.3954 -0.7348 0.5511
vn 0.2171 -0.6365 0.7401
vn 0.4407 -0.5872 0.6790
vn -0.2287 -0.8662 0.4443
vn -0.3929 -0.7289 0.5606
vn -0.4448 -0.5408 0.7140
vn -0.6846 -0.7171 0.1307
vn -0.8688 -0.3534 0.3469
vn 0.0560 -0.1838 0.9814
vn -0.9509 0.0562 0.3045
vn -0.1515 0.2960 0.9431
vn -0.2928 0.9361 0.1950
vn -0.6912 0.6817 0.2399
vn -0.3821 0.6328 0.6734
vn -0.8142 -0.1508 0.5606
vn -0.1875 0.6862 0.7029
vn -0.9228 0.1814 0.3400
vn -0.8732 -0.0674 0.4827
vn -0.8489 -0.4317 0.3050
vn -0.8607 -0.4315 0.2702
vn -0.8643 -0.4090 0.2929
vn -0.5608 -0.7107 0.4248
vn -0.8313 -0.4108 0.3744
vn 0.5622 -0.7132 0.4186
vn -0.0802 0.7018 0.7078
vn -0.8062 -0.5754 0.1378
vn -0.9450 -0.3053 0.1171
vn -0.9428 -0.3270 0.0652
vn -0.7120 -0.0002 0.7022
vn -0.8059 -0.4603 0.3725
vn -0.9448 -0.2956 0.1410
vn -0.8680 -0.2273 0.4415
vn -0.2822 0.2377 0.9294
vn 0.8745 -0.3558 0.3295
vn 0.2829 0.1993 0.9382
vn 0.6937 0.1020 0.7130
vn 0.3684 0.3740 0.8511
vn 0.4174 -0.1249 0.9001
vn 0.1639 0.2983 0.9403
vn 0.1506 0.1614 0.9753
vn -0.1624 0.3144 0.9353
vn -0.1481 0.1609 0.9758
vn -0.3625 0.2960 0.8837
vn -0.4107 -0.1123 0.9048
vn -0.6935 0.1007 0.7134
vn -0.1364 0.3045 0.9427
vn -0.2505 0.2186 0.9431
vn -0.2465 0.0327 0.9686
vn 0.6471 -0.7447 0.1636
vn 0.2761 -0.9338 -0.2277
vn 0.8561 -0.4802 0.1910
vn 0.3071 -0.8940 -0.3263
vn 0.6954 -0.7007 0.1595
vn 0.3740 -0.9273 0.0153
vn 0.4397 -0.8977 0.0265
vn -0.1588 -0.9851 0.0655
vn 0.0386 -0.7571 -0.6522
vn 0.0426 -0.7598 -0.6488
vn -0.0422 -0.7605 -0.6480
vn -0.0386 -0.7579 -0.6512
vn -0.0086 -0.7519 -0.6592
vn -0.3687 -0.9293 0.0206
vn -0.4404 -0.8972 0.0322
vn -0.6937 -0.7001 0.1691
vn 0.8732 -0.2381 0.4253
vn 0.9402 -0.2981 0.1646
vn 0.8191 -0.4565 0.3473
vn 0.7082 -0.6934 -0.1326
vn 0.5050 -0.7453 0.4353
vn 0.3052 -0.9350 -0.1805
vn 0.1353 -0.8195 0.5569
vn 0.0768 -0.9690 -0.2346
vn -0.1369 -0.8174 0.5596
vn -0.5092 -0.7111 0.4848
vn -0.0628 -0.9705 -0.2328
vn -0.3069 -0.9297 -0.2036
vn -0.3045 -0.9414 -0.1451
vn -0.0434 -0.9797 -0.1956
vn 0.3034 -0.9423 -0.1415
vn 0.7152 -0.6352 0.2916
vn -0.1978 -0.2699 0.9424
vn 0.9872 -0.0574 0.1491
vn 0.8652 -0.2787 0.4170
vn 0.8750 -0.0669 0.4794
vn 0.8013 -0.2769 0.5304
vn 0.8501 -0.4208 0.3167
vn 0.8678 -0.4125 0.2772
vn 0.8665 -0.4205 0.2691
vn 0.8334 -0.4148 0.3652
vn 0.7496 -0.6570 0.0804
vn 0.3872 -0.6978 0.6027
vn 0.3009 0.2531 0.9194
vn 0.7175 -0.0508 0.6947
vn 0.0396 0.0554 0.9977
vn -0.1113 -0.1797 0.9774
vn -0.1815 -0.2020 0.9624
vn 0.1443 -0.3059 0.9411
vn 0.1841 -0.1903 0.9643
vn 0.2691 -0.7989 0.5380
vn -0.2468 -0.6292 0.7370
vn 0.4224 -0.5586 0.7138
vn -0.2682 -0.7954 0.5435
vn -0.4154 -0.5892 0.6930
vn 0.6922 0.6833 0.2324
vn 0.0698 -0.3661 0.9280
vn -0.4675 -0.1659 0.8683
vn -0.3447 0.1630 0.9245
vn -0.3678 -0.0966 0.9249
vn -0.5437 -0.0391 0.8384
vn -0.5233 0.0968 0.8466
vn -0.6815 -0.7303 0.0477
vn -0.8666 -0.3380 0.3672
vn -0.3047 -0.8985 -0.3159
vn -0.8292 -0.2080 0.5187
vn -0.2709 -0.9350 -0.2289
vn -0.8618 -0.2819 0.4217
vn -0.6418 -0.7486 0.1666
vn -0.1145 -0.2505 0.9613
vn 0.0013 0.7419 0.6705
vn 0.1641 -0.2103 0.9638
vn -0.6188 -0.0999 0.7792
vn -0.7008 -0.0095 0.7133
vn 0.1818 0.1904 0.9647
vn -0.8922 -0.2405 0.3824
vn -0.6003 -0.7995 -0.0185
vn -0.5173 -0.2006 0.8320
vn -0.4862 -0.1450 0.8618
vn -0.5474 -0.7323 0.4051
vn 0.8049 0.1527 0.5734
vn 0.8369 0.3161 0.4470
vn 0.9239 0.0298 0.3814
vn 0.2145 0.8624 0.4585
vn 0.4794 0.8297 0.2859
vn 0.6599 0.6449 0.3856
vn 0.2116 0.8722 0.4410
vn 0.0958 0.7822 0.6156
vn -0.3796 -0.8446 0.3776
vn 0.1184 -0.2816 0.9522
vn -0.1946 -0.0754 0.9780
vn 0.8927 -0.2600 0.3680
vn -0.7226 -0.6894 0.0518
vn -0.8151 -0.5384 0.2137
vn -0.3712 -0.7409 0.5597
vn -0.7079 -0.0516 0.7044
vn -0.2975 0.2513 0.9211
vn -0.9610 0.1785 0.2114
vn 0.5047 -0.0692 0.8605
vn 0.4913 -0.1416 0.8594
vn 0.5068 -0.1679 0.8456
vn 0.6858 -0.1472 0.7127
vn 0.9374 -0.3145 0.1496
vn 0.7230 0.0004 0.6908
vn 0.7019 -0.6619 -0.2630
vn 0.4239 0.1133 0.8986
vn 0.2828 0.2370 0.9295
vn 0.2536 0.0346 0.9667
vn 0.0175 0.9910 0.1326
vn -0.0368 0.9293 0.3674
vn -0.0176 0.9910 0.1328
vn -0.0007 0.9035 0.4287
vn -0.1464 0.9595 0.2406
vn 0.9403 -0.3252 0.1007
vn 0.1979 0.9159 0.3493
vn 0.2464 0.9327 0.2634
vn -0.2356 0.9054 0.3532
vn -0.2463 0.9321 0.2656
vn -0.2180 0.9068 0.3608
vn -0.1046 0.7827 0.6136
vn 0.1442 0.2967 0.9440
vn 0.7187 -0.1034 0.6876
vn 0.9240 -0.3345 0.1854
vn 0.9622 0.1821 0.2025
vn 0.8656 0.2067 0.4560
vn 0.9750 0.0745 0.2094
vn 0.6303 -0.1045 0.7693
vn 0.4593 -0.1609 0.8736
vn 0.3753 -0.1023 0.9212
vn 0.3474 0.1681 0.9225
vn 0.5614 -0.0508 0.8260
vn 0.7646 -0.3883 0.5144
vn 0.6675 -0.7439 -0.0315
vn -0.6994 0.0171 0.7146
vn -0.5781 -0.3702 0.7272
vn 0.2062 -0.5190 0.8295
vn 0.2382 -0.0314 0.9707
vn 0.2391 -0.0315 0.9705
vn -0.3835 0.0994 0.9182
vn -0.3383 0.9311 -0.1361
vn 0.3916 -0.7273 0.5637
vn 0.4230 -0.7905 0.4429
vn 0.6902 0.3685 0.6228
vn -0.4857 0.3957 0.7794
vn -0.2392 -0.0264 0.9706
vn 0.5925 0.4089 0.6941
vn -0.2423 -0.0342 0.9696
vn -0.6847 0.3958 0.6120
vn 0.4931 0.4146 0.7648
vn -0.7166 0.6891 -0.1079
vn 0.9408 0.0558 -0.3343
vn 0.5913 -0.7283 -0.3463
vn 0.5483 -0.7327 0.4030
vn -0.5907 -0.7274 -0.3493
vn -0.9394 -0.0270 -0.3418
vn -0.5362 -0.7325 0.4195
vn -0.7721 -0.1530 0.6168
vn 0.5586 0.7480 -0.3583
vn 0.6249 0.6761 -0.3905
vn 0.4753 0.7677 0.4297
vn 0.7595 -0.0734 0.6464
vn -0.2847 0.8028 0.5238
vn -0.2893 0.7630 0.5781
vn -0.3313 0.8498 0.4100
vn -0.2943 0.9286 0.2260
vn -0.3252 0.9327 0.1559
vn -0.2121 0.9759 0.0509
vn -0.2038 0.9790 0.0009
vn -0.0858 0.9959 -0.0305
vn 0.0904 0.9951 -0.0388
vn 0.0854 0.9958 -0.0331
vn 0.2046 0.9788 -0.0027
vn 0.2041 0.9789 -0.0059
vn 0.3509 0.9273 0.1300
vn 0.3008 0.9219 0.2442
vn 0.3324 0.8533 0.4018
vn 0.2984 0.8091 0.5063
vn 0.2921 0.7636 0.5759
vn 0.3253 0.2589 -0.9095
vn 0.6428 0.1512 -0.7510
vn 0.9195 -0.1422 0.3664
vn 0.8553 -0.1386 0.4992
vn 0.8766 -0.1536 0.4560
vn 0.0604 -0.9654 -0.2535
vn 0.3507 -0.7079 -0.6132
vn 0.3051 -0.7196 -0.6238
vn 0.0764 -0.9674 -0.2413
vn 0.8150 -0.5338 -0.2254
vn -0.1923 -0.8726 -0.4490
vn -0.3577 -0.7070 -0.6101
vn -0.0356 -0.9616 -0.2721
vn -0.9390 -0.1462 0.3114
vn -0.9474 -0.1571 0.2787
vn -0.8160 -0.5364 -0.2155
vn 0.2081 -0.3594 0.9097
vn 0.3962 -0.2996 0.8679
vn 0.4943 -0.1788 0.8507
vn 0.1802 -0.3373 0.9240
vn -0.1795 -0.3358 0.9247
vn -0.2069 -0.3574 0.9108
vn -0.3926 -0.2966 0.8706
vn -0.4881 -0.1773 0.8546
vn 0.8786 0.1215 0.4619
vn 0.9171 0.0929 0.3877
vn 0.1436 -0.1887 0.9715
vn -0.2074 -0.2209 0.9530
vn 0.2052 -0.2205 0.9536
vn -0.1431 -0.1879 0.9717
vn -0.4917 -0.1807 0.8518
vn -0.5265 -0.2018 0.8259
vn 0.7995 -0.0459 0.5990
vn 0.7257 0.0081 0.6880
vn -0.7227 0.0107 0.6911
vn -0.7950 -0.0417 0.6051
vn -0.9069 0.0918 0.4111
vn -0.9360 0.1560 0.3155
vn -0.5518 -0.1807 -0.8142
vn 0.3091 0.0022 0.9510
vn -0.2405 -0.0330 0.9701
vn 0.0641 -0.6513 0.7562
vn 0.5421 -0.1736 -0.8222
vn 0.0993 0.9301 0.3536
vn 0.5295 -0.2006 0.8243
vn 0.4943 -0.1795 0.8506
vn 0.0198 -0.9735 -0.2279
vn 0.0255 -0.9753 -0.2194
vn -0.0251 -0.9751 -0.2205
vn -0.0745 -0.9674 -0.2419
vn 0.9627 -0.1777 0.2038
vn -0.8744 -0.1571 0.4591
vn -0.8522 -0.1414 0.5038
vn -0.2991 -0.7219 -0.6240
vn 0.9302 0.2566 0.2623
vn 0.9736 0.1917 0.1244
vn -0.4845 0.6632 0.5705
vn -0.9698 0.1919 0.1507
vn -0.3193 0.2728 -0.9075
vn 0.3768 -0.8575 0.3504
vn -0.6458 0.1618 -0.7462
vn -0.0799 0.2546 0.9638
vn -0.6238 0.7422 0.2450
vn -0.4369 -0.7694 0.4659
vn 0.7144 0.6467 -0.2672
vn -0.9119 0.0324 0.4092
vn -0.7076 -0.2848 -0.6466
vn 0.7250 0.5805 -0.3706
vn 0.9479 -0.2187 0.2317
vn 0.6845 0.7281 0.0379
vn 0.0330 0.7697 -0.6375
vn 0.8431 -0.2192 0.4911
vn -0.8372 -0.2946 0.4608
vn 0.9228 0.3796 -0.0652
vn 0.7231 0.5478 0.4208
vn -0.0902 0.6060 -0.7903
vn 0.0598 0.7514 -0.6572
vn -0.0333 0.1673 0.9853
vn 0.6149 0.5667 0.5484
vn 0.4048 0.7009 -0.5873
vn 0.4776 0.4990 -0.7231
vn -0.4927 0.6467 -0.5822
vn 0.6796 -0.0393 -0.7325
vn -0.7619 0.6462 -0.0445
vn 0.7479 0.5867 -0.3106
vn 0.0573 0.3053 -0.9505
vn -0.7066 0.0007 -0.7076
vn -0.7274 0.6856 0.0286
vn -0.6488 0.5538 -0.5219
vn -0.7207 0.6579 0.2186
vn 0.4533 -0.5381 -0.7106
vn 0.1531 -0.0250 -0.9879
vn -0.6507 0.1830 0.7370
vn -0.6690 -0.3093 -0.6759
vn 0.1673 0.9198 0.3550
vn 0.7242 0.5849 -0.3652
vn 0.4671 0.4043 0.7863
vn 0.5135 -0.4003 0.7590
vn -0.0672 -0.4356 0.8976
vn 0.9649 -0.0225 0.2618
vn 0.4826 -0.3906 0.7839
vn -0.6039 -0.5192 -0.6048
vn -0.6577 -0.7251 0.2041
vn -0.6004 -0.5660 -0.5650
vn -0.8210 -0.4222 0.3844
vn -0.7976 0.0889 -0.5966
vn -0.8743 -0.4776 -0.0860
vn -0.3018 -0.4391 0.8462
vn -0.5741 -0.1302 -0.8083
vn -0.4367 -0.2084 0.8751
vn -0.6913 -0.2139 -0.6902
vn -0.8375 -0.5454 -0.0324
vn -0.3993 -0.3129 0.8618
vn -0.3724 0.0378 -0.9273
vn -0.7255 -0.6571 0.2048
vn -0.5200 -0.1054 -0.8476
vn -0.5553 -0.3892 0.7349
vn 0.4654 0.2629 0.8452
vn 0.3812 0.2731 0.8832
vn 0.7859 -0.3318 0.5218
vn 0.8426 -0.2116 0.4953
vn -0.8586 -0.5100 0.0507
vn -0.8642 0.4921 -0.1048
vn -0.6345 -0.0897 0.7677
vn -0.8676 0.4894 -0.0885
vn -0.8479 0.2250 0.4800
vn -0.9964 -0.0488 -0.0694
vn -0.4894 -0.1888 -0.8514
vn -0.9614 -0.1773 -0.2102
vn -0.3869 -0.9198 -0.0654
vn -0.5308 -0.0759 -0.8441
vn -0.8578 -0.1458 0.4928
vn -0.5573 -0.8291 0.0448
vn -0.7455 -0.6332 0.2079
vn -0.2274 -0.5296 -0.8172
vn 0.3441 0.0729 0.9361
vn 0.7351 0.1148 -0.6682
vn 0.4873 0.0012 0.8732
vn 0.7406 0.0571 -0.6695
vn 0.4740 0.3244 -0.8186
vn 0.7270 -0.6454 0.2344
vn 0.5650 0.4214 -0.7094
vn 0.9390 0.3025 -0.1636
vn 0.3600 -0.0628 -0.9308
vn -0.2353 0.2302 -0.9443
vn 0.1315 -0.1523 -0.9795
vn 0.4735 0.3768 -0.7961
vn 0.3551 0.1354 -0.9250
vn 0.8654 0.4066 -0.2929
vn 0.8141 0.3642 -0.4524
vn 0.4329 0.0056 0.9014
vn 0.9086 -0.1376 -0.3943
vn 0.3487 0.0280 0.9368
vn 0.4770 0.1928 -0.8575
vn 0.6195 0.0846 -0.7804
vn 0.9152 -0.0796 -0.3952
vn -0.7185 0.2833 -0.6352
vn -0.4873 -0.0516 0.8717
vn -0.9721 -0.2319 0.0346
vn -0.5360 -0.0539 -0.8425
vn -0.5333 -0.4032 0.7437
vn -0.4655 0.4065 0.7862
vn 0.0573 -0.4397 0.8963
vn -0.9572 -0.0213 0.2885
vn -0.3900 0.1569 0.9074
vn -0.9302 0.3090 0.1981
vn -0.9089 -0.4084 0.0848
vn -0.9504 0.3043 -0.0652
vn 0.3770 0.1221 0.9181
vn 0.5401 -0.4328 -0.7218
vn 0.9938 -0.0492 -0.1000
vn 0.4430 -0.3879 -0.8082
vn 0.2257 -0.5282 -0.8186
vn 0.7502 -0.6309 0.1978
vn 0.5224 -0.0745 -0.8494
vn 0.8617 -0.1472 0.4857
vn 0.2961 -0.4061 -0.8645
vn -0.7394 0.1237 -0.6619
vn -0.3405 0.0753 0.9372
vn -0.4867 0.0028 0.8736
vn -0.7457 0.0525 -0.6642
vn -0.9065 -0.1212 -0.4045
vn -0.4323 0.0074 0.9017
vn -0.3477 0.0294 0.9371
vn -0.3395 -0.1422 0.9298
vn -0.3906 -0.1862 0.9016
vn 0.6157 -0.7677 0.1773
vn 0.6092 -0.5015 -0.6142
vn 0.5875 -0.5738 -0.5707
vn 0.8805 0.4730 -0.0316
vn 0.3090 -0.6447 0.6992
vn 0.8675 0.4863 -0.1048
vn 0.6357 -0.0901 0.7666
vn 0.2608 0.5967 0.7589
vn 0.9821 0.1012 0.1587
vn 0.8333 0.1236 0.5388
vn 0.7492 0.0907 0.6561
vn 0.8085 0.1431 -0.5708
vn 0.4425 -0.2099 0.8719
vn 0.5616 -0.1707 -0.8096
vn 0.3135 -0.4291 0.8471
vn 0.0476 0.1547 -0.9868
vn 0.8286 -0.4093 0.3820
vn 0.1466 0.1881 -0.9712
vn -0.3734 -0.0642 -0.9255
vn -0.1332 -0.1373 -0.9815
vn -0.4645 0.3737 -0.8029
vn -0.3675 0.1457 -0.9185
vn -0.8185 0.3646 -0.4440
vn -0.9138 0.1294 0.3850
vn -0.9533 0.2480 -0.1727
vn 0.0204 0.8752 0.4834
vn 0.8197 0.5727 -0.0044
vn 0.0178 -0.1192 -0.9927
vn 0.1123 0.9757 0.1880
vn 0.7887 0.0429 -0.6133
vn -0.5634 0.2216 -0.7959
vn 0.4282 0.4351 -0.7920
vn -0.6974 -0.0759 0.7126
vn 0.5347 -0.5985 0.5965
vn -0.2110 0.7346 -0.6449
vn 0.7335 0.3180 0.6007
vn 0.8869 0.0434 0.4599
vn 0.4881 -0.0547 0.8711
vn 0.7198 0.2802 -0.6351
vn 0.9700 -0.2418 -0.0261
vn 0.5364 -0.0562 -0.8421
vn 0.8510 0.1197 -0.5113
vn 0.8864 0.3587 0.2927
vn 0.9328 0.3104 0.1832
vn 0.9367 -0.2808 -0.2092
vn -0.7344 -0.6372 0.2338
vn -0.4549 0.3183 -0.8317
vn -0.5688 0.4340 -0.6986
vn -0.9426 0.2947 -0.1572
vn 0.5120 -0.1040 -0.8527
vn 0.5561 -0.3916 0.7331
vn 0.7246 -0.6613 0.1942
vn 0.3733 0.0319 -0.9272
vn 0.3738 -0.2933 0.8799
vn 0.8389 -0.5429 -0.0394
vn 0.3961 -0.3133 0.8631
vn 0.3676 0.2412 -0.8982
vn 0.3637 -0.8358 -0.4112
vn -0.6087 0.0876 -0.7886
vn -0.9110 -0.0809 -0.4043
vn 0.9604 -0.1742 -0.2176
vn 0.4853 -0.1878 -0.8539
vn -0.6195 -0.7559 0.2119
vn -0.4664 0.3643 -0.8061
vn -0.7870 -0.3151 0.5303
vn -0.8348 -0.2122 0.5080
vn -0.8562 0.1142 -0.5038
vn -0.9396 -0.2819 -0.1941
vn 0.7379 -0.5210 0.4289
vn 0.2069 0.3257 0.9226
vn 0.0603 0.1742 0.9829
vn -0.9877 -0.0792 0.1349
vn -0.5145 0.7014 -0.4932
vn -0.8478 0.5303 0.0005
vn -0.6852 0.5201 -0.5099
vn -0.8926 0.2186 -0.3943
vn -0.8266 0.5511 0.1137
vn -0.9554 0.2638 -0.1328
vn -0.7443 0.3239 -0.5840
vn -0.8518 0.4269 -0.3037
vn -0.8043 0.4314 -0.4087
vn -0.8519 0.3440 -0.3948
vn -0.9479 0.0568 -0.3134
vn 0.0829 0.2050 -0.9753
vn 0.8538 0.3063 -0.4210
vn -0.7441 0.6375 -0.1995
vn 0.5600 -0.5241 0.6417
vn -0.8276 0.0478 0.5593
vn -0.8847 0.4637 0.0474
vn -0.7457 0.0898 0.6602
vn -0.5445 -0.4313 -0.7194
vn -0.2998 -0.4093 -0.8617
vn 0.9071 -0.4152 0.0683
vn 0.3889 0.1586 0.9075
vn -0.3757 0.1205 0.9189
vn 0.3406 -0.1412 0.9295
vn 0.3960 -0.1886 0.8987
vn 0.5832 0.3660 -0.7252
vn -0.7551 -0.2468 -0.6073
vn 0.7182 -0.6136 0.3280
vn -0.6474 0.2069 0.7335
vn -0.5636 0.7229 -0.3998
vn 0.3360 0.2579 0.9059
vn 0.9053 -0.3734 -0.2024
vn 0.1010 0.3312 0.9381
vn 0.2441 -0.0263 0.9694
vn 0.4492 0.3013 0.8411
vn 0.1203 0.3145 0.9416
vn -0.9094 -0.3680 -0.1938
vn -0.3323 0.2577 0.9073
vn 0.0265 -0.8223 0.5685
vn -0.4521 0.2988 0.8404
vn -0.2464 -0.0264 0.9688
vn -0.1015 0.3322 0.9377
vn -0.8512 -0.2375 -0.4681
vn -0.9932 0.0144 -0.1156
vn -0.9909 0.0445 -0.1270
vn -0.9319 -0.0236 0.3620
vn -0.9285 -0.0376 0.3694
vn 0.6981 0.1105 0.7074
vn 0.7308 0.0139 0.6825
vn -0.9553 -0.0360 0.2934
vn -0.9577 -0.0296 0.2862
vn -0.1243 -0.0229 0.9920
vn -0.1244 -0.0226 0.9920
vn 0.9763 -0.0722 -0.2042
vn 0.8956 -0.1108 -0.4308
vn 0.9369 -0.1733 -0.3036
vn 0.9677 0.0616 -0.2443
vn 0.9590 -0.0144 -0.2831
vn 0.9589 -0.0146 -0.2833
vn 0.0476 0.1167 -0.9920
vn 0.0490 0.1185 -0.9917
vn -0.1842 0.9828 0.0099
vn -0.1117 0.9937 0.0057
vn -0.0881 0.9947 0.0521
vn 0.3162 0.9438 -0.0957
vn 0.5405 0.8315 -0.1284
vn -0.0810 0.9967 0.0058
vn 0.2705 0.9603 -0.0681
vn 0.4901 0.8454 -0.2121
vn 0.7912 0.0043 -0.6115
vn 0.8119 0.0355 -0.5827
vn -0.1914 0.9778 0.0856
vn -0.1759 0.9804 0.0893
vn -0.9007 0.1023 -0.4221
vn -0.9115 0.1300 -0.3903
vn -0.0716 0.9183 0.3894
vn -0.0711 0.9013 0.4273
vn 0.5210 0.8534 -0.0154
vn -0.0721 0.9774 -0.1987
vn -0.9969 0.0567 0.0554
vn -0.9461 -0.2890 0.1466
vn -0.8975 0.2730 -0.3463
vn 0.0729 0.2186 -0.9731
vn -0.9243 0.0769 -0.3738
vn -0.0791 0.0524 -0.9955
vn -0.0866 0.2616 -0.9613
vn 0.7557 0.2929 -0.5858
vn 0.7914 0.0597 -0.6084
vn 0.8026 0.0662 -0.5929
vn 0.0925 0.9705 -0.2225
vn 0.0699 0.9929 -0.0958
vn -0.4253 0.9049 -0.0183
vn -0.6952 0.7013 0.1579
vn -0.0878 0.9952 0.0444
vn -0.1073 0.9928 0.0527
vn 0.9277 0.3423 -0.1491
vn 0.9715 0.0477 -0.2322
vn 0.9874 0.1342 -0.0841
vn 0.9367 0.2599 -0.2346
vn 0.9764 -0.0093 -0.2157
vn 0.9646 -0.0156 -0.2631
vn 0.9791 0.0019 -0.2035
vn 0.9735 0.0335 -0.2261
vn -0.6186 0.7079 0.3409
vn -0.7983 0.5947 0.0948
vn -0.6553 0.7045 0.2725
vn -0.9976 0.0241 0.0645
vn -0.9943 0.0772 0.0739
vn -0.9928 0.1004 0.0653
vn -0.9975 0.0462 0.0538
vn 0.5746 0.8184 0.0119
vn 0.9820 0.0629 0.1784
vn 0.9882 0.0027 0.1533
vn 0.7141 0.1176 0.6901
vn 0.0643 0.9956 0.0683
vn 0.4887 0.8349 0.2532
vn -0.7982 0.6009 0.0433
vn 0.0362 0.8792 0.4752
vn -0.9381 0.0369 0.3445
vn -0.0558 0.9710 0.2325
vn -0.9443 0.0794 0.3192
vn 0.6523 0.7545 0.0728
vn 0.8484 0.5264 0.0555
vn 0.0884 0.9403 0.3286
vn 0.1781 0.7863 0.5916
vn 0.0622 0.9978 0.0237
vn 0.2137 0.6533 0.7263
vn 0.1160 0.5475 0.8287
vn 0.6720 0.7304 -0.1224
vn 0.6072 0.7803 -0.1501
vn 0.5711 0.8168 -0.0817
vn -0.9479 0.0755 -0.3094
vn -0.9238 0.1583 -0.3487
vn -0.8770 0.3400 0.3394
vn -0.5747 0.1889 0.7963
vn 0.0164 0.3771 -0.9260
vn -0.0860 0.2784 -0.9566
vn -0.9543 0.0428 0.2957
vn -0.9491 0.0291 0.3137
vn -0.9917 -0.1156 0.0561
vn -0.9909 -0.1212 0.0587
vn 0.7058 0.4291 0.5637
vn 0.9184 0.1302 0.3737
vn -0.4711 0.2718 0.8391
vn -0.5639 0.3741 0.7362
vn 0.8769 0.2431 -0.4147
vn -0.6450 0.7094 0.2842
vn -0.8728 0.3608 0.3287
vn 0.8948 0.4351 0.1001
vn 0.8606 0.3591 0.3612
vn -0.9937 0.1022 -0.0461
vn -0.9974 0.0547 -0.0471
vn 0.1498 0.3210 0.9352
vn 0.0867 0.4026 0.9113
vn -0.9313 -0.0346 -0.3626
vn -0.9428 -0.1096 -0.3148
vn -0.1388 0.9886 -0.0585
vn -0.1320 0.9912 0.0098
vn -0.1406 0.9896 -0.0299
vn -0.1116 0.9926 -0.0476
vn -0.0831 0.9964 -0.0166
vn -0.0787 0.9937 -0.0796
vn 0.5972 0.0571 -0.8001
vn 0.6466 0.2078 -0.7340
vn -0.0747 0.9972 -0.0018
vn -0.0903 0.9935 -0.0697
vn -0.9377 -0.3060 -0.1647
vn -0.9573 0.1094 -0.2676
vn -0.1068 0.9895 -0.0971
vn -0.1165 0.9894 -0.0866
vn 0.9900 0.0280 0.1382
vn 0.9906 0.0471 0.1285
vn 0.9530 -0.0516 0.2986
vn 0.9605 -0.0317 0.2764
vn 0.1255 -0.0223 0.9918
vn 0.1246 -0.0246 0.9919
vn 0.9356 -0.0403 0.3507
vn 0.9326 -0.0525 0.3571
vn -0.8970 -0.1850 -0.4015
vn -0.9406 -0.0064 -0.3394
vn -0.0482 0.1173 -0.9919
vn -0.0505 0.1203 -0.9914
vn 0.1841 0.9829 0.0074
vn 0.1124 0.9937 0.0042
vn -0.3419 0.9358 -0.0864
vn 0.0970 0.9928 0.0696
vn -0.3289 0.9316 -0.1550
vn 0.0821 0.9966 -0.0009
vn -0.2454 0.9673 -0.0644
vn -0.4815 0.8495 -0.2159
vn 0.1588 0.9836 -0.0853
vn 0.0943 0.9947 -0.0399
vn 0.1599 0.9806 0.1131
vn 0.1875 0.9730 0.1347
vn -0.9836 0.0585 0.1704
vn -0.9826 0.0666 0.1735
vn -0.7925 0.0072 -0.6099
vn -0.8131 0.0386 -0.5809
vn 0.1759 0.9806 0.0869
vn 0.1913 0.9780 0.0830
vn -0.0941 0.9692 -0.2276
vn -0.0699 0.9931 -0.0938
vn 0.4163 0.9088 -0.0269
vn 0.6582 0.7424 0.1251
vn -0.4415 0.8501 0.2872
vn -0.2919 0.9418 0.1665
vn 0.0959 0.9944 0.0449
vn 0.1187 0.9915 0.0539
vn -0.9619 0.2733 0.0057
vn -0.9739 0.0431 -0.2228
vn -0.8863 0.0618 -0.4590
vn -0.8754 0.1461 -0.4608
vn 0.8980 0.1089 -0.4263
vn 0.9055 0.1278 -0.4047
vn -0.4655 0.8845 -0.0312
vn 0.0793 0.9763 -0.2013
vn -0.9742 0.0454 -0.2209
vn -0.9322 0.3338 -0.1402
vn -0.9886 0.1365 -0.0640
vn -0.9411 0.2555 -0.2214
vn 0.0770 0.0531 -0.9956
vn 0.0880 0.2534 -0.9633
vn 0.9262 0.0676 -0.3708
vn -0.7889 0.0654 -0.6110
vn -0.7682 0.2884 -0.5715
vn -0.7903 0.0640 -0.6094
vn -0.9684 -0.0171 -0.2486
vn -0.9731 -0.0146 -0.2298
vn -0.9788 0.0085 -0.2045
vn -0.9790 0.0502 -0.1973
vn -0.6099 0.7815 -0.1318
vn -0.6066 0.7923 0.0653
vn -0.6794 0.7213 -0.1345
vn -0.5782 0.8127 -0.0725
vn -0.6592 0.7483 0.0742
vn -0.8400 0.5390 0.0625
vn 0.9925 -0.1129 0.0473
vn 0.9953 -0.0901 0.0369
vn 0.5677 0.3885 0.7258
vn 0.4779 0.2867 0.8303
vn 0.1099 0.9934 -0.0339
vn 0.1044 0.9938 -0.0372
vn 0.1186 0.9929 -0.0123
vn 0.1222 0.9913 -0.0495
vn 0.0837 0.9964 -0.0146
vn 0.0788 0.9935 -0.0818
vn -0.8001 0.0698 -0.5958
vn -0.8773 0.2643 -0.4005
vn 0.9286 -0.3251 -0.1792
vn 0.9492 0.1084 -0.2956
vn -0.9222 0.1825 -0.3409
vn -0.8799 0.1687 -0.4442
vn -0.9524 0.1413 -0.2702
vn 0.9693 0.0888 -0.2293
vn 0.9692 0.0817 -0.2322
vn -0.1091 0.9935 -0.0330
vn -0.1000 0.9942 -0.0400
vn -0.1045 0.1963 -0.9750
vn -0.1123 0.1810 -0.9770
vn -0.1524 0.9880 -0.0232
vn -0.1493 0.9887 -0.0115
vn 0.9443 0.0887 -0.3169
vn 0.9266 0.1487 -0.3453
vn 0.6401 0.7150 0.2812
vn 0.8710 0.3673 0.3263
vn 0.8919 0.2117 -0.3995
vn 0.9272 0.1350 -0.3495
vn 0.9420 0.1525 -0.2989
vn 0.9970 0.0529 -0.0569
vn 0.9932 0.1019 -0.0559
vn -0.9701 0.0897 -0.2255
vn -0.9699 0.1093 -0.2176
vn 0.1050 0.9938 -0.0378
vn 0.1022 0.9940 -0.0400
vn -0.0857 0.4108 0.9077
vn -0.1514 0.3247 0.9336
vn -0.6046 0.0755 -0.7930
vn -0.6481 0.2118 -0.7316
vn 0.1025 0.1963 -0.9752
vn 0.1104 0.1807 -0.9773
vn -0.8956 0.4293 0.1169
vn -0.8575 0.3522 0.3751
vn 0.9541 0.0395 0.2968
vn 0.9492 0.0268 0.3134
vn -0.6903 0.4391 0.5750
vn -0.9143 0.1317 0.3831
vn 0.9294 -0.0396 -0.3669
vn 0.9403 -0.1066 -0.3231
vn 0.0964 0.9950 -0.0273
vn 0.1018 0.9935 -0.0512
vn 0.1284 0.9917 0.0043
vn 0.1418 0.9889 -0.0450
vn -0.9883 0.0189 0.1515
vn -0.9892 0.0384 0.1416
vn 0.9874 0.0439 0.1523
vn 0.9843 0.0695 0.1621
vn 0.9363 -0.0077 -0.3510
vn 0.8927 -0.1838 -0.4114
vn -0.0099 -1.0000 0.0004
vn -0.0125 -0.9521 -0.3055
vn -0.0554 -0.9736 -0.2213
vn -0.0114 -0.9999 -0.0010
vn -0.0081 -1.0000 0.0051
vn -0.0088 -1.0000 0.0024
vn -0.0073 -1.0000 0.0061
vn 0.0075 -0.9726 0.2323
vn 0.0101 -0.9850 0.1722
vn -0.0940 0.9948 -0.0385
vn -0.1654 0.9823 -0.0876
vn -0.1642 0.9796 0.1161
vn -0.1877 0.9730 0.1345
vn 0.9921 0.0118 -0.1245
vn 0.9887 0.0533 -0.1401
vn -0.6961 0.1072 0.7099
vn -0.7281 0.0139 0.6853
vn -0.8997 -0.1045 -0.4238
vn -0.9796 -0.0636 -0.1907
vn -0.9374 -0.1754 -0.3010
vn -0.9704 0.0765 -0.2289
vn -0.9644 -0.0126 -0.2642
vn -0.9641 -0.0138 -0.2652
vn 0.4279 0.8590 0.2810
vn 0.3369 0.9181 0.2088
vn 0.9674 0.2519 -0.0242
vn 0.9718 0.0405 -0.2323
vn 0.7407 0.2435 -0.6262
vn 0.6441 0.3803 -0.6637
vn 0.7810 0.2175 -0.5854
vn 0.8819 0.0569 -0.4680
vn 0.8703 0.1480 -0.4698
vn 0.6157 0.3312 -0.7150
vn 0.6437 0.3845 -0.6617
vn 0.0244 0.4713 -0.8816
vn -0.1181 0.2822 -0.9520
vn 0.1906 0.8092 0.5558
vn 0.0117 -0.9520 -0.3059
vn 0.0439 -0.9689 -0.2434
vn 0.0111 -0.9999 -0.0012
vn 0.0078 -1.0000 0.0050
vn 0.0048 -0.9999 0.0155
vn 0.0048 -0.9999 0.0160
vn 0.0072 -1.0000 0.0053
vn -0.0316 -0.9647 0.2614
vn -0.0101 -0.9850 0.1723
vn -0.5412 0.8331 -0.1142
vn 0.0772 0.9208 0.3824
vn 0.0765 0.9012 0.4267
vn 0.9978 0.0542 0.0376
vn 0.9414 -0.3094 0.1343
vn 0.9947 0.0882 0.0526
vn 0.9938 0.1004 0.0481
vn 0.9985 0.0431 0.0329
vn -0.0756 0.2189 -0.9728
vn 0.9188 0.0798 -0.3867
vn -0.7778 0.2223 -0.5878
vn -0.7828 0.3479 -0.5159
vn -0.5093 0.8566 0.0823
vn 0.8598 0.4711 0.1969
vn -0.0718 0.9952 0.0666
vn 0.1363 0.2496 0.9587
vn -0.5810 0.8138 0.0095
vn -0.6194 0.3263 -0.7140
vn -0.6525 0.3895 -0.6500
vn 0.1162 0.2811 -0.9526
vn -0.0254 0.4709 -0.8818
vn -0.1721 0.7863 0.5934
vn -0.1885 0.8167 0.5455
vn -0.0818 0.9404 0.3301
vn -0.2137 0.6457 0.7330
vn -0.1212 0.5474 0.8281
vn -0.7129 0.1137 0.6920
vn -0.9852 0.0205 0.1701
vn 0.1380 0.2537 0.9574
vn 0.9474 0.0840 0.3088
vn 0.8036 0.5937 0.0406
vn 0.8040 0.5900 0.0736
vn 0.6135 0.7126 0.3404
vn 0.6525 0.7092 0.2671
vn -0.1058 0.9658 0.2367
vn -0.0617 0.9980 0.0119
vn 0.8760 0.3434 0.3388
vn 0.5766 0.1923 0.7941
vn -0.0180 0.3819 -0.9240
vn 0.0875 0.2776 -0.9567
vn 0.1068 0.9892 -0.1003
vn 0.1143 0.9917 -0.0593
vn 0.8509 -0.1398 0.5064
vn 0.6463 -0.3235 0.6911
vn -0.6420 -0.3221 0.6958
vn -0.1940 0.1634 -0.9673
vn 0.8611 -0.0281 -0.5077
vn 0.8600 -0.0304 -0.5093
vn -0.8168 0.3301 -0.4732
vn -0.8226 0.3471 -0.4503
vn 0.8687 0.4951 0.0148
vn 0.8731 -0.1072 0.4757
vn 0.7869 -0.3804 0.4858
vn 0.7983 -0.5131 0.3153
vn 0.1784 0.9138 -0.3650
vn -0.1420 -0.0005 0.9899
vn -0.9439 0.3072 0.1214
vn -0.7879 0.3270 -0.5219
vn -0.9756 0.0851 0.2022
vn -0.6104 0.6300 -0.4801
vn -0.9513 0.2897 0.1054
vn -0.9428 0.3316 -0.0350
vn 0.9103 0.0710 0.4077
vn 0.9270 -0.0552 0.3709
vn -0.9487 0.0288 -0.3147
vn -0.6448 0.1642 -0.7465
vn -0.1224 0.2038 -0.9713
vn -0.1657 0.4700 -0.8670
vn -0.1515 0.4565 -0.8768
vn 0.1230 0.2034 -0.9714
vn 0.7399 -0.0126 -0.6726
vn 0.9435 0.0232 -0.3307
vn 0.6403 0.1612 -0.7511
vn -0.8476 -0.1377 0.5124
vn -0.8652 -0.0385 -0.5000
vn -0.8650 -0.0409 -0.5001
vn -0.8327 0.1114 -0.5425
vn 0.2079 0.2005 -0.9574
vn -0.8655 -0.0334 -0.4998
vn 0.1888 0.1638 -0.9683
vn 0.0283 0.2733 -0.9615
vn 0.8191 0.3376 -0.4637
vn 0.8336 0.2898 -0.4703
vn 0.9105 0.0691 0.4077
vn 0.9603 0.1404 0.2410
vn 0.9638 0.2476 0.0986
vn 0.9449 0.3066 0.1149
vn -0.7888 -0.3233 0.5228
vn -0.7858 -0.3693 0.4962
vn -0.8070 -0.3059 0.5051
vn 0.7623 0.2786 -0.5843
vn -0.8661 0.4995 0.0206
vn -0.9073 -0.2131 0.3624
vn -0.7916 -0.5201 0.3207
vn -0.1764 0.9147 -0.3635
vn 0.7785 0.3231 -0.5382
vn 0.9781 0.0740 0.1947
vn 0.9495 0.3013 0.0872
vn -0.7259 0.6093 0.3191
vn -0.9068 0.0815 0.4136
vn 0.0715 -0.6794 0.7303
vn 0.8191 -0.5733 -0.0227
vn 0.8205 -0.5717 -0.0053
vn -0.8507 -0.3553 -0.3874
vn -0.9034 -0.3308 -0.2728
vn -0.7980 -0.4539 0.3964
vn 0.6445 -0.6368 0.4232
vn 0.8500 -0.3513 -0.3924
vn -0.8179 -0.5749 -0.0231
vn -0.8552 0.3382 -0.3928
vn -0.8409 0.2877 -0.4584
vn -0.8419 0.3099 -0.4418
vn -0.1152 0.1710 -0.9785
vn 0.6803 -0.3686 -0.6336
vn -0.0865 -0.2231 0.9710
vn 0.1279 -0.1901 0.9734
vn -0.1243 -0.1910 0.9737
vn 0.0880 -0.2236 0.9707
vn 0.2656 -0.8246 0.4995
vn 0.0126 0.2270 0.9738
vn -0.7321 0.3284 0.5968
vn -0.8990 0.3304 0.2876
vn -0.7303 0.3236 0.6016
vn 0.2691 0.2257 0.9363
vn -0.3594 -0.1085 0.9268
vn -0.3677 0.4062 0.8366
vn 0.0582 -0.6197 -0.7827
vn 0.5297 -0.5001 -0.6851
vn -0.2875 0.0804 -0.9544
vn -0.8017 0.4160 -0.4293
vn -0.8771 0.3370 -0.3422
vn -0.2650 0.2938 -0.9184
vn 0.5769 -0.2910 -0.7632
vn -0.5819 -0.2936 -0.7584
vn 0.8296 0.1063 -0.5481
vn -0.7912 0.4142 -0.4499
vn -0.7672 0.6410 -0.0230
vn -0.8957 0.4243 0.1330
vn 0.9002 -0.3286 -0.2858
vn 0.8039 -0.4562 0.3815
vn -0.0694 -0.6824 0.7276
vn -0.2127 -0.0160 0.9770
vn -0.9581 0.1371 0.2514
vn 0.7909 -0.3270 0.5172
vn -0.5331 -0.5049 -0.6789
vn -0.8548 0.0180 -0.5186
vn 0.1141 0.1691 -0.9790
vn 0.1277 0.1955 -0.9724
vn 0.8682 0.3407 -0.3607
vn 0.8017 0.4090 -0.4359
vn 0.8381 0.3118 -0.4476
vn 0.8489 0.3344 -0.4093
vn 0.0704 0.3093 -0.9484
vn 0.7480 0.6625 -0.0396
vn 0.8892 0.4423 0.1174
vn -0.9097 0.0405 0.4132
vn -0.9222 -0.0532 0.3831
vn 0.7409 0.3298 0.5850
vn -0.0128 0.2275 0.9737
vn 0.9038 0.3265 0.2766
vn 0.7352 0.3147 0.6004
vn -0.2693 0.2257 0.9362
vn 0.3603 -0.1077 0.9266
vn 0.3690 0.3989 0.8395
vn -0.8201 -0.5722 0.0056
vn -0.0591 -0.6191 -0.7831
vn 0.2457 -0.3567 -0.9013
vn -0.1892 -0.6996 -0.6890
vn -0.6703 0.0255 -0.7417
vn 0.6650 0.0258 -0.7464
vn 0.0618 -0.1163 -0.9913
vn -0.0766 0.1768 -0.9813
vn -0.6400 -0.6391 0.4266
vn -0.7361 0.0636 0.6739
vn -0.5819 -0.4612 0.6698
vn -0.7241 0.3292 0.6060
vn 0.1459 0.1501 0.9778
vn -0.8016 -0.1724 0.5725
vn -0.8089 -0.1394 0.5712
vn 0.8124 0.5540 0.1817
vn 0.9700 0.2373 0.0536
vn 0.1643 0.1251 0.9784
vn 0.9985 0.0098 0.0542
vn 0.9509 0.2603 0.1676
vn 0.2583 0.0270 0.9657
vn 0.7549 -0.3283 0.5677
vn -0.2275 0.0547 0.9722
vn 0.7467 0.0636 0.6621
vn -0.2138 -0.1005 0.9717
vn 0.8065 -0.1749 0.5648
vn -0.1441 0.1491 0.9783
vn 0.8148 -0.1375 0.5632
vn -0.1249 0.2262 0.9660
vn -0.1643 0.1214 0.9789
vn -0.8125 0.5532 0.1838
vn -0.9683 0.2393 0.0723
vn -0.2726 -0.1814 0.9449
vn -0.9970 0.0263 0.0735
vn -0.9408 0.2746 0.1989
vn -0.2534 0.0315 0.9668
vn -0.0948 0.6392 0.7631
vn -0.9375 0.2802 0.2062
vn -0.9627 0.2108 0.1696
vn -0.0951 0.6732 0.7333
vn -0.9524 0.2870 0.1028
vn -0.1842 0.1248 0.9749
vn 0.8184 -0.0916 0.5672
vn 0.8844 0.0336 0.4655
vn 0.0942 0.4539 0.8860
vn -0.8347 0.0236 0.5502
vn -0.8486 0.0504 0.5267
vn 0.1394 0.3357 0.9316
vn 0.9529 0.2909 0.0860
vn 0.9664 0.1898 0.1736
vn 0.7610 0.6366 0.1251
vn 0.0981 0.6372 0.7645
vn 0.9343 0.2902 0.2070
vn -0.1728 0.4361 -0.8832
vn -0.1625 0.4009 -0.9016
vn -0.9662 0.2413 0.0904
vn -0.9712 0.2107 0.1110
vn -0.9371 0.0607 0.3436
vn -0.9258 -0.0104 0.3778
vn 0.1622 0.4026 -0.9009
vn 0.1613 0.3995 -0.9024
vn 0.9678 0.2390 0.0789
vn 0.9755 0.1895 0.1120
vn 0.7610 0.2840 -0.5833
vn -0.7634 0.3987 -0.5082
vn -0.7630 0.2866 -0.5793
vn 0.9404 0.0543 0.3357
vn 0.9326 0.0063 0.3608
vn 0.8805 0.0281 -0.4733
vn 0.8032 0.3083 -0.5097
vn -0.8808 0.0142 -0.4733
vn -0.8075 0.3028 -0.5061
vn -0.1706 0.2355 -0.9568
vn 0.1686 0.2334 -0.9576
vn -0.7620 0.3496 -0.5451
vn 0.1064 0.3628 -0.9258
vn -0.7944 0.2600 -0.5489
vn -0.9036 0.0066 0.4283
vn -0.6055 0.0026 0.7959
vn -0.6887 -0.1144 0.7160
vn 0.9516 -0.0701 0.2991
vn 0.7490 0.3650 -0.5530
vn 0.5978 0.0183 0.8015
vn 0.1148 -0.1204 0.9861
vn -0.1482 -0.1532 0.9770
vn -0.1114 -0.1207 0.9864
vn -0.3549 0.4002 0.8449
vn 0.1548 -0.9182 0.3645
vn -0.2004 0.3328 0.9215
vn 0.0002 -0.8896 0.4568
vn -0.0089 0.8702 0.4926
vn 0.8174 0.5752 0.0310
vn 0.8497 0.5061 0.1479
vn 0.8715 -0.4903 -0.0011
vn -0.1371 -0.8965 -0.4214
vn -0.0242 -0.9111 -0.4115
vn -0.0002 -0.9820 0.1887
vn -0.5883 -0.7754 0.2295
vn -0.7806 -0.6073 0.1480
vn -0.6624 -0.7488 0.0249
vn 0.0265 -0.8995 -0.4361
vn -0.0265 -0.8996 -0.4359
vn 0.4799 -0.6055 -0.6349
vn -0.5170 -0.5681 -0.6404
vn -0.2610 0.9009 0.3468
vn -0.3578 0.6210 0.6974
vn 0.2600 0.9010 0.3473
vn 0.8443 -0.2424 0.4778
vn 0.6809 -0.7315 0.0357
vn -0.8167 0.5743 0.0561
vn -0.1097 0.9936 -0.0251
vn -0.6020 0.7367 0.3079
vn -0.1097 0.9871 -0.1165
vn -0.0730 0.8761 0.4766
vn 0.1113 0.9934 -0.0285
vn 0.2793 0.9602 -0.0107
vn 0.3463 0.9339 -0.0887
vn 0.5252 0.3828 0.7600
vn 0.0133 -0.8571 -0.5150
vn -0.0104 -0.9126 -0.4087
vn 0.0304 -0.9203 -0.3901
vn 0.5717 -0.7956 0.2004
vn -0.8873 -0.1961 0.4175
vn -0.5714 0.2514 0.7812
vn 0.5973 0.2511 0.7617
vn 0.8547 0.0006 0.5191
vn 0.3635 0.6187 0.6965
vn -0.3498 0.6295 0.6938
vn -0.3570 0.7775 0.5178
vn -0.8254 0.5263 0.2043
vn -0.3343 -0.7463 -0.5756
vn 0.1397 -0.8967 -0.4201
vn 0.1794 -0.9179 -0.3539
vn 0.2409 -0.0379 0.9698
vn 0.2013 -0.2609 0.9441
vn 0.2837 -0.2794 0.9173
vn 0.0527 0.9975 0.0464
vn 0.1126 0.9658 0.2334
vn 0.2477 -0.0409 0.9680
vn 0.0894 -0.2112 0.9733
vn 0.2987 -0.2303 0.9262
vn 0.1002 -0.4026 0.9099
vn -0.2483 -0.0398 0.9679
vn -0.0982 -0.4011 0.9107
vn -0.0544 -0.1835 0.9815
vn -0.2961 -0.2288 0.9273
vn -0.3451 -0.2597 0.9019
vn 0.2160 -0.0233 0.9761
vn -0.5970 -0.3623 0.7158
vn 0.2220 -0.0685 0.9726
vn 0.3393 -0.0875 0.9366
vn -0.4123 -0.2186 0.8844
vn -0.9630 -0.1466 0.2260
vn 0.7984 0.4181 -0.4333
vn 0.3268 -0.1955 -0.9247
vn 0.2776 -0.2525 -0.9269
vn 0.3342 -0.2622 -0.9053
vn 0.4005 -0.2231 -0.8887
vn -0.4001 -0.2264 -0.8881
vn -0.3296 -0.1980 -0.9231
vn 0.4476 0.1399 0.8832
vn -0.3937 0.9077 -0.1453
vn -0.5006 0.8545 -0.1389
vn -0.4872 0.5551 -0.6741
vn 0.7614 -0.6421 -0.0891
vn 0.3218 -0.3253 -0.8892
vn -0.2794 -0.0199 0.9600
vn 0.8992 0.2653 -0.3478
vn 0.0542 0.3380 -0.9396
vn -0.9577 0.1876 0.2180
vn -0.9271 0.1696 0.3344
vn -0.8458 -0.0161 -0.5332
vn -0.8762 0.3584 -0.3221
vn -0.6159 0.7105 0.3403
vn 0.0303 0.5964 -0.8021
vn 0.0607 0.4099 0.9101
vn -0.1732 -0.0745 0.9821
vn -0.2178 -0.0690 0.9735
vn 0.6239 -0.2851 0.7277
vn 0.6347 0.7642 -0.1143
vn 0.1294 -0.1094 -0.9855
vn 0.0206 -0.1074 -0.9940
vn -0.8254 0.5645 0.0126
vn -0.7360 0.6770 -0.0047
vn -0.8504 0.2390 -0.4688
vn -0.3910 0.2002 -0.8984
vn 0.9041 0.0232 0.4266
vn -0.7293 -0.4286 0.5333
vn -0.6554 -0.5645 0.5018
vn -0.0667 0.0358 -0.9971
vn 0.5566 0.5798 -0.5949
vn 0.3471 0.6912 -0.6338
vn 0.3256 0.3184 -0.8903
vn -0.3579 -0.3540 -0.8640
vn -0.4087 -0.3281 -0.8517
vn -0.5337 -0.2821 -0.7972
vn 0.4865 0.5514 -0.6777
vn -0.0080 -1.0000 0.0052
vn -0.0089 -1.0000 -0.0007
vn -0.2075 0.1834 -0.9609
vn -0.8585 -0.1768 0.4815
vn -0.2255 -0.1069 -0.9684
vn -0.2381 0.0277 -0.9708
vn -0.7362 -0.0328 -0.6760
vn 0.8593 -0.0393 -0.5099
vn 0.8597 -0.0410 -0.5091
vn -0.2643 -0.8719 0.4122
vn -0.6792 0.2179 -0.7009
vn -0.6893 -0.0570 -0.7222
vn 0.8113 -0.1105 0.5741
vn 0.8421 -0.0322 0.5384
vn 0.4737 -0.0637 -0.8784
vn 0.6106 -0.2807 0.7405
vn 0.8339 0.0218 0.5515
vn 0.6791 -0.2658 0.6842
vn 0.0097 -1.0000 0.0002
vn -0.0070 -0.9739 0.2268
vn -0.8020 0.1205 -0.5850
vn -0.7619 0.0784 -0.6429
vn 0.9988 0.0254 0.0415
vn -0.5354 -0.0676 0.8419
vn -0.4078 0.2667 -0.8732
vn -0.4038 0.2146 -0.8893
vn -0.1956 -0.9574 0.2126
vn -0.7823 -0.0288 0.6222
vn 0.3508 -0.1794 0.9191
vn 0.3991 -0.1215 0.9088
vn 0.3872 -0.3097 0.8684
vn -0.1582 -0.1365 -0.9779
vn 0.0005 -0.0689 -0.9976
vn -0.9786 -0.2004 -0.0460
vn -0.0357 0.8792 0.4752
vn -0.0649 0.9946 0.0808
vn 0.4431 -0.1874 0.8767
vn 0.4531 -0.3152 0.8339
vn -0.0292 0.2741 -0.9613
vn 0.8507 0.0205 -0.5253
vn -0.1584 0.2498 -0.9552
vn -0.0995 0.1703 -0.9803
vn 0.9102 -0.2142 0.3545
vn 0.9518 -0.2674 0.1504
vn 0.9530 -0.2994 0.0471
vn 0.4172 -0.2016 0.8862
vn 0.9160 -0.2174 -0.3370
vn 0.6521 -0.3699 -0.6618
vn 0.6917 -0.2586 -0.6743
vn 0.8888 -0.3995 0.2247
vn 0.0107 -0.9127 -0.4086
vn -0.0301 -0.9201 -0.3904
vn -0.0131 -0.8573 -0.5147
vn 0.1592 -0.0185 -0.9871
vn -0.1852 -0.0818 -0.9793
vn 0.2193 0.6854 -0.6944
vn -0.1758 0.0065 -0.9844
vn -0.0243 -0.1083 -0.9938
vn -0.1151 -0.0241 -0.9931
vn -0.0336 -0.0321 -0.9989
vn -0.6892 -0.2624 -0.6754
vn -0.6503 -0.3713 -0.6628
vn -0.7973 -0.1579 -0.5826
vn -0.8678 -0.1057 0.4855
vn -0.9180 -0.2163 -0.3324
vn -0.6348 -0.2797 0.7203
vn 0.9421 0.3258 -0.0799
vn -0.0265 -0.0070 -0.9996
vn -0.5541 0.5874 -0.5899
vn -0.0560 -0.0051 -0.9984
vn -0.7199 0.2843 0.6331
vn 0.0735 0.2531 0.9647
vn 0.0589 0.2688 0.9614
vn -0.7004 0.5310 0.4769
vn -0.3358 -0.0875 0.9378
vn 0.9204 -0.3253 0.2170
vn -0.6700 0.4683 0.5760
vn 0.7940 -0.0284 0.6073
vn 0.5027 0.3439 -0.7931
vn 0.6997 -0.2128 -0.6820
vn 0.9993 -0.0264 0.0262
vn 0.8032 0.1373 0.5797
vn 0.6699 0.4684 0.5760
vn -0.7913 -0.5299 -0.3050
vn -0.8594 0.3275 -0.3926
vn -0.3467 -0.1781 0.9209
vn -0.3776 -0.3101 0.8725
vn 0.2837 0.0798 -0.9556
vn 0.2615 0.2932 -0.9196
vn 0.8178 0.3339 -0.4686
vn 0.0974 0.1707 -0.9805
vn 0.8502 0.3300 -0.4102
vn -0.5692 0.8215 -0.0344
vn 0.9191 -0.2118 0.3322
vn 0.9217 -0.2163 0.3219
vn 0.9990 -0.0296 0.0331
vn 0.0187 0.8731 0.4871
vn 0.0604 0.8772 0.4763
vn 0.0004 0.2840 0.9588
vn -0.2793 0.9602 -0.0021
vn -0.3014 0.9531 -0.0267
vn -0.4681 0.6888 0.5536
vn -0.2712 0.7723 0.5744
vn -0.0278 0.8585 0.5120
vn -0.3159 0.6867 -0.6547
vn -0.0147 0.9179 -0.3965
vn -0.0876 0.9959 -0.0209
vn -0.4215 0.9046 -0.0639
vn -0.3870 0.9184 -0.0826
vn -0.3880 0.6415 -0.6618
vn 0.9420 -0.0170 0.3352
vn 0.1907 -0.6964 -0.6918
vn -0.2450 -0.3551 -0.9022
vn -0.0625 -0.1154 -0.9913
vn 0.0761 0.1764 -0.9814
vn 0.1529 0.4598 -0.8747
vn -0.7676 -0.0104 -0.6408
vn 0.1106 0.9774 -0.1801
vn -0.8931 0.2610 -0.3663
vn 0.7612 0.0777 0.6439
vn 0.5823 -0.4626 0.6685
vn 0.8871 0.0694 0.4564
vn 0.6832 0.5271 0.5054
vn 0.8042 -0.1785 0.5669
vn -0.1286 0.1969 -0.9719
vn 0.8505 -0.2987 -0.4329
vn -0.1092 0.1172 0.9871
vn -0.9469 0.2978 0.1214
vn -0.7293 -0.1871 -0.6581
vn 0.0555 -0.0053 -0.9984
vn 0.6827 0.7304 0.0200
vn 0.1357 0.3051 0.9426
vn 0.5170 0.0753 0.8526
vn 0.6374 -0.1180 0.7614
vn 0.5326 -0.0545 0.8446
vn 0.5880 -0.1831 0.7879
vn 0.2094 -0.8141 -0.5416
vn 0.3710 0.0096 0.9286
vn 0.5791 -0.1033 0.8087
vn 0.3572 0.0662 0.9317
vn 0.1639 0.4703 -0.8671
vn 0.6814 0.2249 -0.6965
vn -0.9574 0.1505 -0.2463
vn -0.6599 0.1895 -0.7271
vn 0.7891 0.2556 -0.5586
vn 0.2393 -0.2864 0.9278
vn 0.7279 0.2849 0.6237
vn -0.0722 0.2489 0.9658
vn -0.0542 0.2680 0.9619
vn 0.6988 0.5368 0.4728
vn 0.2045 0.3318 0.9209
vn 0.0281 0.8585 0.5120
vn 0.4629 0.6940 0.5515
vn 0.2747 0.7725 0.5725
vn -0.5459 0.5421 0.6388
vn -0.6667 0.6176 0.4172
vn -0.0010 -0.9996 0.0281
vn -0.0274 -0.9371 -0.3480
vn 0.0274 -0.9368 -0.3488
vn -0.0468 -0.9428 -0.3300
vn -0.7950 -0.4589 0.3966
vn -0.0894 -0.2394 0.9668
vn 0.2156 -0.8729 -0.4377
vn -0.8477 -0.0047 0.5305
vn -0.8595 0.2094 0.4664
vn -0.2241 -0.9532 0.2029
vn 0.7519 -0.6375 0.1680
vn -0.9766 0.0082 0.2148
vn -0.9767 0.0038 0.2148
vn -0.7682 0.0662 0.6368
vn -0.2498 0.8980 0.3623
vn -0.0490 -0.3715 0.9271
vn -0.4838 0.1744 0.8576
vn 0.3475 0.6355 0.6895
vn 0.4917 0.1620 0.8556
vn -0.8306 0.5215 0.1953
vn -0.6812 0.5666 0.4636
vn -0.0530 -0.9128 -0.4050
vn 0.0244 -0.9110 -0.4117
vn -0.7576 -0.6056 0.2434
vn -0.7797 -0.3459 0.5219
vn -0.6267 -0.7656 -0.1451
vn -0.7721 -0.1894 0.6066
vn -0.8494 -0.4534 0.2701
vn 0.6856 -0.7197 0.1089
vn 0.7988 -0.4525 0.3964
vn 0.3706 0.2577 0.8923
vn -0.3197 0.4039 0.8571
vn 0.6968 -0.7066 0.1234
vn 0.1677 -0.9713 0.1688
vn 0.3796 -0.8466 0.3731
vn -0.2251 -0.9743 0.0026
vn -0.1703 -0.9706 0.1699
vn -0.6955 -0.7070 0.1279
vn -0.7111 -0.4313 0.5552
vn 0.7876 0.4297 -0.4416
vn 0.7626 -0.3799 0.5236
vn 0.4965 -0.7082 0.5019
vn -0.1334 -0.8119 0.5684
vn -0.5055 -0.6973 0.5083
vn 0.9259 0.1779 0.3333
vn 0.8292 -0.1960 0.5234
vn 0.1265 0.2274 0.9656
vn 0.1106 0.1167 0.9870
vn 0.9387 0.3214 0.1247
vn -0.2110 0.1944 -0.9580
vn 0.1341 0.9616 -0.2396
vn -0.8577 -0.4674 0.2142
vn -0.8578 -0.4668 0.2151
vn -0.7585 -0.3256 0.5645
vn -0.7616 -0.3395 0.5520
vn -0.3752 -0.7244 0.5783
vn 0.3215 0.9186 0.2299
vn 0.4445 -0.1858 0.8763
vn 0.1818 0.6789 0.7113
vn 0.9404 0.0346 0.3384
vn 0.0372 0.9296 0.3668
vn 0.0807 0.7024 0.7072
vn -0.1729 0.1927 0.9659
vn 0.8143 -0.1421 0.5628
vn -0.7771 0.6160 0.1292
vn -0.6930 0.7208 0.0112
vn -0.9591 -0.1817 0.2171
vn -0.8364 0.4067 0.3675
vn 0.2864 0.0912 0.9538
vn 0.3328 0.4659 0.8199
vn -0.1271 0.5835 0.8021
vn 0.8577 0.5139 -0.0117
vn 0.2288 -0.0421 0.9726
vn -0.7478 -0.0023 0.6639
vn -0.3886 0.3954 0.8323
vn 0.2452 0.4208 0.8734
vn 0.2516 0.5007 0.8282
vn 0.0956 0.5756 0.8121
vn -0.0197 -0.3284 0.9443
vn -0.2433 0.5150 0.8219
vn 0.3792 0.9253 0.0007
vn 0.1284 -0.1589 0.9789
vn -0.9427 0.0854 -0.3227
vn -0.5613 0.7505 -0.3487
vn -0.6354 0.6704 -0.3831
vn -0.4796 0.7593 0.4398
vn -0.7544 -0.0714 0.6525
vn 0.3803 0.7337 0.5630
vn 0.2955 0.7652 0.5720
vn -0.0903 0.9953 -0.0356
vn 0.2924 0.8418 0.4537
vn -0.5961 0.7541 -0.2758
vn 0.4546 -0.6277 -0.6320
vn -0.6787 -0.1642 0.7158
vn -0.5395 -0.3861 0.7482
vn -0.2406 -0.0325 0.9701
vn -0.6880 -0.3647 -0.6274
vn -0.7070 -0.2144 -0.6739
vn 0.3643 0.9223 -0.1292
vn 0.6339 0.7343 0.2428
vn -0.0115 -0.8571 -0.5150
vn 0.0951 -0.9006 -0.4242
vn -0.0197 -0.9734 -0.2284
vn -0.9190 -0.1455 0.3665
vn 0.9791 0.1480 -0.1395
vn 0.1837 -0.0942 0.9785
vn -0.3156 0.0065 0.9489
vn -0.9185 -0.2767 0.2824
vn -0.0424 0.3134 0.9487
vn 0.0228 0.1477 -0.9888
vn -0.9875 -0.1323 0.0851
vn -0.6998 0.0078 -0.7143
vn 0.7514 0.5026 -0.4275
vn 0.6096 0.4288 0.6667
vn -0.2159 0.6221 -0.7526
vn 0.8772 -0.2742 0.3942
vn -0.0982 0.1796 0.9788
vn 0.6106 0.5711 0.5486
vn 0.9226 0.3432 -0.1761
vn 0.0164 -0.0643 -0.9978
vn 0.1211 -0.0445 -0.9916
vn 0.9569 0.2891 0.0275
vn -0.5830 0.6906 -0.4280
vn -0.7293 -0.1328 -0.6712
vn -0.3325 -0.8883 -0.3168
vn -0.0308 0.1445 -0.9890
vn -0.3694 0.2430 -0.8970
vn -0.3579 -0.2763 0.8919
vn -0.5268 -0.8153 -0.2403
vn -0.8565 -0.3049 0.4163
vn -0.2619 0.5167 0.8151
vn -0.2658 0.5921 0.7607
vn -0.8324 0.1143 0.5423
vn -0.9806 0.0911 0.1736
vn -0.8228 -0.1888 0.5361
vn -0.2147 -0.6310 -0.7455
vn 0.5998 0.4122 -0.6859
vn -0.8835 0.3560 0.3045
vn -0.4684 0.2626 0.8436
vn -0.8697 0.4074 -0.2787
vn -0.3788 0.2735 0.8842
vn 0.5968 -0.5240 -0.6077
vn 0.5048 0.4440 -0.7403
vn 0.4944 -0.2363 -0.8365
vn 0.8723 -0.4889 0.0050
vn 0.2580 0.5217 0.8132
vn 0.8465 0.2170 0.4862
vn -0.7645 -0.1835 -0.6180
vn 0.7898 0.0441 -0.6118
vn -0.8925 0.1683 0.4184
vn 0.0086 0.1386 -0.9903
vn 0.9905 -0.0757 -0.1148
vn 0.7915 0.1294 -0.5973
vn 0.9491 0.3044 -0.0812
vn 0.6599 -0.2987 0.6895
vn 0.5347 -0.8098 -0.2414
vn 0.8895 -0.4567 -0.0145
vn 0.8608 -0.3030 0.4089
vn 0.6882 -0.2159 -0.6926
vn -0.8398 0.4119 -0.3536
vn -0.6233 0.4760 -0.6205
vn -0.8220 0.4957 -0.2805
vn -0.0053 -0.1788 -0.9839
vn -0.0914 0.3546 -0.9306
vn 0.1404 -0.5984 0.7888
vn 0.0611 0.0350 -0.9975
vn 0.9897 -0.0279 -0.1402
vn 0.1718 -0.0381 -0.9844
vn 0.5217 -0.6198 0.5862
vn 0.8497 -0.2476 -0.4654
vn 0.6883 0.1859 0.7012
vn 0.5192 0.8519 0.0687
vn -0.1350 0.2492 0.9590
vn -0.1353 0.2498 0.9588
vn -0.0561 0.3370 -0.9398
vn -0.9261 0.0739 -0.3699
vn 0.7765 0.0742 -0.6257
vn -0.0809 0.9955 0.0493
vn 0.0730 0.9961 0.0501
vn -0.7655 0.2761 -0.5812
vn -0.3716 -0.6672 0.6455
vn -0.8748 -0.4844 0.0051
vn -0.3538 0.0652 0.9331
vn -0.5743 0.1909 0.7961
vn 0.3898 0.9093 -0.1458
vn -0.7608 0.0880 0.6430
vn 0.2744 -0.1869 0.9433
vn 0.2252 0.0565 0.9727
vn 0.2153 -0.1047 0.9709
vn -0.7467 -0.3332 0.5756
vn -0.6596 0.2907 -0.6931
vn -0.4294 -0.2022 0.8802
vn 0.9635 -0.1872 0.1913
vn 0.9376 -0.0249 -0.3469
vn 0.7544 -0.6266 -0.1957
vn 0.7812 -0.1811 0.5975
vn -0.7860 0.0965 -0.6107
vn 0.2234 -0.1074 -0.9688
vn 0.8736 0.1479 0.4636
vn -0.5171 0.8470 -0.1235
vn 0.2575 0.0118 -0.9662
vn -0.5964 0.3592 -0.7178
vn -0.4414 0.0118 0.8972
vn -0.5642 0.0660 -0.8230
vn -0.4754 0.1286 -0.8703
vn -0.6869 0.1833 0.7033
vn -0.4801 0.8394 0.2548
vn 0.0562 0.9709 0.2326
vn 0.7286 0.6748 -0.1172
vn 0.4481 0.4212 -0.7886
vn 0.8438 0.2392 -0.4804
vn 0.5191 0.3278 -0.7894
vn 0.2131 -0.2672 0.9398
vn -0.2145 -0.2672 0.9395
vn -0.2027 -0.2610 0.9438
vn 0.6053 0.7939 0.0578
vn -0.1066 0.5209 0.8470
vn -0.6268 0.7720 -0.1056
vn 0.6208 0.7154 0.3207
vn 0.8396 0.5395 -0.0631
vn 0.8755 0.3483 -0.3349
vn 0.0849 -0.1065 0.9907
vn 0.3149 0.7102 -0.6296
vn 0.1406 -0.2296 -0.9631
vn 0.5850 0.4911 -0.6455
vn -0.3372 -0.2623 -0.9042
vn -0.8577 0.3295 -0.3947
vn -0.0715 0.3101 -0.9480
vn 0.0588 0.9974 -0.0426
vn 0.1044 0.9290 -0.3551
vn 0.7621 0.3920 -0.5153
vn 0.6943 -0.1157 0.7103
vn 0.4050 -0.3257 -0.8543
vn 0.0820 0.9946 0.0639
vn 0.5835 -0.3334 -0.7405
vn -0.1495 0.2576 -0.9546
vn 0.1430 0.0010 0.9897
vn 0.2128 -0.0143 0.9770
vn 0.1887 -0.4504 0.8726
vn -0.1982 -0.5045 0.8404
vn 0.0326 -0.0317 -0.9990
vn 0.7977 0.2950 -0.5260
vn -0.9807 0.0593 0.1862
vn -0.9519 -0.0920 0.2923
vn -0.7592 -0.6483 -0.0575
vn 0.5012 -0.6047 -0.6190
vn 0.0667 0.1539 0.9858
vn -0.8444 0.2014 0.4964
vn -0.8634 0.1739 0.4736
vn 0.1995 -0.8536 0.4813
vn 0.2262 -0.8695 0.4392
vn -0.2175 -0.6137 0.7590
vn -0.6746 0.7305 0.1064
vn -0.0059 0.9998 0.0201
vn -0.1514 0.8348 -0.5294
vn 0.3600 -0.7305 -0.5803
vn 0.0117 -0.8569 -0.5153
vn -0.0183 0.9920 -0.1249
vn -0.8528 0.5211 0.0360
vn -0.3276 0.5995 0.7302
vn -0.2069 -0.8767 -0.4343
vn 0.1565 -0.9855 0.0658
vn 0.0440 -0.9844 -0.1702
vn -0.2668 0.5195 -0.8117
vn -0.1736 0.1942 -0.9655
vn 0.7945 -0.1660 -0.5841
vn -0.8650 -0.0377 -0.5003
vn 0.1546 0.2485 -0.9562
vn 0.4190 -0.0173 -0.9078
vn -0.3879 -0.1381 -0.9113
vn 0.1526 0.6862 -0.7112
vn -0.1602 0.6878 -0.7080
vn 0.7612 -0.6444 -0.0728
vn -0.5063 -0.6102 -0.6094
vn -0.0626 0.1586 0.9854
vn -0.1740 -0.2591 0.9500
vn 0.9646 -0.1529 0.2147
vn -0.0844 -0.1074 0.9906
vn 0.5577 -0.0768 0.8265
vn 0.7846 -0.2608 0.5625
vn -0.1769 0.9431 -0.2815
vn 0.3777 0.9183 0.1182
vn 0.3806 0.7715 0.5098
vn 0.1864 0.9513 -0.2454
vn 0.4648 0.4621 -0.7553
vn 0.3387 0.6305 -0.6984
vn -0.3909 0.1412 -0.9095
vn -0.2674 0.2999 -0.9157
vn -0.0461 0.9977 0.0487
vn -0.7980 -0.1782 0.5758
vn 0.2396 -0.0338 0.9703
vn -0.2097 0.3190 0.9243
vn -0.5536 0.5517 0.6238
vn 0.0972 -0.8407 0.5328
vn -0.8366 0.0367 0.5467
vn -0.1654 -0.5373 0.8270
vn 0.5376 -0.3951 0.7449
vn 0.1992 -0.0791 0.9768
vn -0.5795 0.4234 0.6963
vn 0.1062 -0.0901 0.9903
vn -0.3582 0.9337 -0.0030
vn -0.2444 -0.0334 0.9691
vn 0.5891 -0.3667 0.7200
vn -0.2644 -0.8234 0.5021
vn -0.7553 -0.6247 -0.1983
vn -0.3792 0.7329 0.5648
vn -0.3175 -0.7945 -0.5176
vn 0.9723 0.2195 -0.0800
vn -0.0946 -0.9011 -0.4233
vn 0.3577 0.3999 0.8438
vn -0.1458 -0.3047 0.9412
vn -0.7512 -0.3878 0.5342
vn -0.5163 -0.0611 0.8542
vn 0.0993 -0.1154 0.9883
vn 0.0001 0.9368 0.3497
vn 0.2358 0.9064 0.3505
vn 0.2184 0.9077 0.3582
vn -0.1132 0.3152 0.9422
vn 0.2299 -0.0619 0.9713
vn 0.8336 0.5377 0.1265
vn 0.8883 0.3695 -0.2727
vn 0.0126 0.2824 -0.9592
vn 0.0032 0.7331 0.6801
vn 0.5988 0.7438 0.2969
vn 0.8225 0.5331 0.1984
vn 0.8483 0.4985 -0.1783
vn 0.1637 -0.0569 -0.9849
vn -0.6581 -0.2966 0.6920
vn -0.4537 -0.3900 -0.8013
vn -0.4963 -0.2231 -0.8390
vn 0.5578 -0.8296 0.0272
vn 0.2383 -0.5979 -0.7653
vn 0.2131 -0.6277 -0.7488
vn 0.3872 -0.9194 -0.0692
vn 0.8265 -0.1905 0.5297
vn -0.4839 0.1951 -0.8531
vn -0.6042 0.4131 -0.6814
vn -0.9874 0.1569 -0.0199
vn 0.0306 0.9574 0.2872
vn -0.8531 -0.4320 -0.2926
vn 0.8791 0.2963 -0.3733
vn 0.9427 0.1173 -0.3122
vn -0.5213 0.3654 0.7712
vn -0.9638 0.2453 0.1049
vn -0.9711 0.2266 -0.0747
vn -0.6874 0.2306 -0.6887
vn -0.7497 -0.0253 -0.6613
vn 0.2371 -0.4809 -0.8441
vn -0.8544 0.4278 0.2948
vn -0.3008 0.0216 -0.9534
vn 0.4220 0.9039 -0.0699
vn 0.4514 0.8631 0.2266
vn 0.4793 0.8607 0.1715
vn -0.3708 0.9095 0.1876
vn 0.1534 -0.1538 0.9761
vn -0.1566 -0.9179 0.3646
vn -0.1783 -0.9190 -0.3517
vn 0.0524 -0.9125 -0.4056
vn 0.0001 -0.9808 -0.1950
vn -0.9330 -0.2806 0.2254
vn -0.9211 -0.3334 0.2010
vn 0.6773 0.7275 0.1100
vn -0.7959 -0.2733 0.5403
vn -0.2403 -0.6014 -0.7619
vn -0.8101 -0.1808 0.5578
vn -0.9201 -0.3275 0.2147
vn 0.7668 -0.3363 0.5468
vn 0.7656 -0.3308 0.5518
vn 0.8582 -0.4665 0.2142
vn 0.0180 -0.7533 -0.6574
vn 0.3808 -0.7279 0.5702
vn 0.2258 -0.9742 -0.0010
vn 0.3559 0.7785 0.5170
vn 0.6853 0.5642 0.4605
vn 0.1440 -0.8331 0.5340
vn 0.9053 -0.1075 0.4109
vn 0.9362 -0.2506 0.2463
vn -0.2893 -0.0773 -0.9541
vn 0.5275 -0.5249 -0.6680
vn 0.4260 -0.0764 -0.9015
vn 0.2747 -0.0356 0.9609
vn 0.8641 0.1429 -0.4825
vn 0.1859 -0.0814 -0.9792
vn 0.1741 0.0035 -0.9847
vn 0.3647 -0.1645 -0.9165
vn -0.9440 0.2006 0.2618
vn -0.5778 0.3748 0.7250
vn -0.6482 0.4993 0.5748
vn 0.2210 -0.9554 0.1959
vn -0.9512 -0.2636 0.1601
vn -0.9537 -0.2945 0.0616
vn -0.5858 -0.3329 -0.7389
vn -0.8875 -0.4598 0.0312
vn -0.2375 -0.2373 -0.9419
vn -0.4720 -0.0607 -0.8795
vn 0.0333 -0.9628 0.2683
vn -0.8809 0.2470 -0.4038
vn -0.7227 -0.1012 -0.6837
vn 0.9502 0.1494 -0.2735
vn 0.6498 0.1868 -0.7367
vn 0.9659 0.0393 0.2558
vn 0.6986 -0.2333 0.6764
vn 0.7237 0.6816 -0.1077
vn -0.3486 -0.8420 -0.4116
vn -0.0813 -0.0255 -0.9964
vn 0.5842 0.1396 -0.7995
vn -0.8542 -0.1259 -0.5045
vn -0.6071 -0.5134 -0.6065
vn -0.5430 0.4727 -0.6941
vn -0.4708 -0.3839 0.7943
vn 0.7560 0.4557 -0.4700
vn -0.8793 0.1747 -0.4431
vn 0.9472 0.0659 -0.3137
vn 0.9349 -0.3310 0.1282
vn 0.6638 0.0135 0.7478
vn -0.1760 0.3398 0.9239
vn -0.8545 0.4795 0.1997
vn 0.5694 -0.8201 -0.0572
vn 0.9171 -0.3549 0.1815
vn -0.2099 0.8982 0.3862
vn -0.1996 -0.8531 0.4821
vn 0.6908 -0.1701 0.7028
vn 0.2375 -0.0329 0.9708
vn 0.2393 -0.0356 0.9703
vn -0.1202 -0.1658 0.9788
vn -0.1336 -0.2143 0.9676
vn -0.3441 0.4590 0.8191
vn -0.2772 0.8336 0.4777
vn -0.0154 0.2942 -0.9556
vn 0.3713 0.1273 -0.9198
vn -0.8982 0.0985 0.4284
vn 0.1033 -0.3206 0.9416
vn 0.3453 -0.3465 0.8722
vn -0.1083 0.3638 -0.9252
vn -0.8070 -0.5863 -0.0713
vn 0.5548 0.5522 0.6223
vn 0.3765 -0.6664 0.6435
vn 0.7009 0.6356 0.3236
vn 0.9778 0.0296 0.2073
vn -0.7180 0.6926 0.0684
vn -0.7526 0.6175 0.2286
vn -0.2187 0.9757 -0.0118
vn -0.9290 -0.2894 0.2308
vn -0.7272 -0.6547 -0.2064
vn -0.9492 -0.2820 0.1397
vn -0.4203 0.1172 0.8998
vn 0.7179 -0.4461 0.5344
vn 0.7965 -0.5988 -0.0837
vn -0.4501 0.8603 0.2395
vn 0.6796 0.5324 0.5046
vn 0.8503 0.1994 0.4871
vn 0.8012 0.2905 0.5231
vn 0.8658 0.2459 0.4357
vn 0.4049 0.0235 0.9141
vn 0.5386 -0.0525 0.8409
vn -0.8858 -0.1991 0.4192
vn -0.8847 -0.1994 0.4213
vn -0.7526 -0.3571 0.5532
vn -0.7033 -0.0632 0.7081
vn -0.5277 -0.0196 0.8492
vn 0.1716 0.9425 -0.2867
vn 0.6621 0.7349 0.1466
vn 0.4858 0.7333 -0.4757
vn -0.8305 0.0238 0.5565
vn 0.7878 -0.5332 -0.3085
vn 0.8522 -0.0028 0.5233
vn 0.7072 -0.1423 0.6925
vn 0.7081 -0.0666 0.7029
vn 0.6462 -0.1407 0.7501
vn -0.6553 0.7382 0.1605
vn -0.3499 0.6937 -0.6296
vn 0.1072 0.5306 0.8408
vn 0.2999 0.0238 -0.9537
vn -0.5340 0.3152 0.7845
vn 0.8506 0.4165 -0.3210
vn -0.6692 0.3228 0.6693
vn 0.8511 -0.3389 0.4009
vn 0.5776 0.5438 -0.6088
vn -0.3012 -0.6524 0.6955
vn 0.7003 -0.1887 -0.6885
vn -0.9805 0.1485 -0.1284
vn -0.2641 -0.9476 0.1799
vn -0.4193 -0.2036 0.8847
vn -0.2798 -0.8731 -0.3992
vn 0.4073 0.9022 0.1417
vn 0.2796 -0.2837 0.9172
vn -0.0714 -0.1237 0.9897
vn 0.2364 -0.0515 0.9703
vn -0.2395 -0.0315 0.9704
vn -0.2408 -0.0363 0.9699
vn 0.7782 -0.6149 0.1279
vn 0.8380 -0.4958 0.2279
vn 0.3077 0.0078 0.9514
vn -0.0411 0.0553 0.9976
vn 0.2900 0.9386 0.1868
vn -0.3251 0.9184 0.2254
vn -0.2889 0.0920 0.9529
vn 0.5193 0.8444 -0.1312
vn 0.5473 -0.7326 0.4047
vn -0.9725 0.0761 0.2201
vn 0.8872 -0.4611 0.0185
vn 0.8557 -0.2115 0.4723
vn 0.9347 -0.2864 0.2104
vn 0.5755 -0.0668 0.8150
vn 0.2446 -0.6129 0.7514
vn 0.7121 -0.0204 0.7017
vn 0.3943 0.6270 0.6719
vn 0.3188 0.6137 0.7223
vn 0.5463 0.5392 0.6409
vn 0.9033 -0.2920 -0.3143
vn 0.1464 0.9601 0.2384
vn -0.1697 0.9434 0.2851
vn 0.1701 0.9447 0.2803
vn 0.6401 0.1356 0.7562
vn 0.7021 -0.0045 0.7120
vn 0.1819 -0.8775 -0.4436
vn 0.3669 -0.8391 -0.4017
vn -0.6322 0.1328 0.7633
vn -0.2411 -0.0312 0.9700
vn 0.6490 -0.3176 0.6913
vn 0.9391 -0.1427 0.3127
vn 0.9489 -0.1554 0.2745
vn 0.5557 0.8007 -0.2240
vn 0.6872 0.1489 -0.7111
vn 0.7220 -0.6079 0.3304
vn 0.2366 -0.2381 -0.9420
vn -0.6485 -0.1542 0.7454
vn 0.0733 -0.0144 0.9972
vn -0.3408 0.0927 0.9356
vn 0.8397 0.4065 0.3602
vn -0.2619 -0.1236 -0.9571
vn -0.1924 -0.0970 -0.9765
vn 0.3443 0.8625 -0.3709
vn 0.2576 -0.1230 -0.9584
vn 0.1946 -0.0987 -0.9759
vn -0.0267 -0.9071 -0.4201
vn 0.0266 -0.9069 -0.4205
vn -0.9865 -0.0633 0.1508
vn -0.7488 -0.2363 0.6193
vn 0.4155 -0.8909 -0.1832
vn 0.2515 0.8987 0.3592
vn 0.9824 0.0071 0.1865
vn 0.1625 0.2919 0.9425
vn 0.9477 -0.2849 0.1437
vn 0.9140 -0.3538 0.1985
vn 0.2435 -0.0330 0.9693
vn -0.2380 0.4301 0.8709
vn -0.3411 -0.8082 0.4800
vn -0.1075 0.9319 0.3464
vn -0.1603 0.9853 0.0599
vn 0.0233 -0.8880 -0.4593
vn 0.2207 0.9752 -0.0188
vn 0.7581 0.6152 0.2163
vn -0.5335 0.3208 0.7826
vn -0.0260 -0.8225 0.5682
vn 0.3074 0.9404 -0.1451
vn 0.3267 -0.7888 -0.5207
vn 0.9587 -0.2718 0.0836
vn -0.2971 0.3308 -0.8957
vn 0.8135 -0.3025 0.4967
vn 0.4156 -0.1910 -0.8892
vn 0.2874 -0.0782 -0.9546
vn -0.2450 -0.0312 0.9690
vn 0.7533 -0.2385 0.6129
vn -0.2289 0.8547 0.4660
vn 0.0467 -0.9423 -0.3314
vn -0.4024 -0.8975 -0.1804
vn -0.2403 -0.0354 0.9701
vn -0.7010 -0.2295 0.6752
vn 0.0169 0.2874 -0.9577
vn -0.3703 0.1279 -0.9201
vn -0.6769 0.1985 -0.7088
vn -0.9958 -0.0908 -0.0123
vn 0.7180 0.6926 0.0697
vn 0.0012 0.9669 0.2550
vn -0.7356 0.5935 0.3265
vn 0.8019 -0.5817 0.1362
vn 0.9367 -0.3276 0.1235
vn 0.1057 0.8254 0.5546
vn -0.2743 -0.2833 0.9190
vn -0.9598 -0.1766 0.2180
vn -0.0010 0.3663 -0.9305
vn 0.5756 -0.0486 0.8163
vn 0.1714 0.1938 -0.9660
vn 0.3883 0.1389 -0.9110
vn 0.2645 0.5201 -0.8121
vn 0.7162 0.5371 0.4456
vn -0.2597 0.2960 -0.9192
vn 0.8963 0.2912 -0.3345
vn -0.4471 0.4240 -0.7876
vn -0.0016 0.2556 -0.9668
vn -0.3142 0.0082 0.9493
vn 0.1312 -0.3158 0.9397
vn 0.2534 -0.2687 0.9293
vn 0.4075 -0.1867 0.8939
vn 0.4435 -0.0768 0.8930
vn -0.1232 -0.0575 0.9907
vn -0.0749 -0.1729 0.9821
vn -0.0547 0.1416 0.9884
vn 0.1230 0.2195 0.9678
vn 0.7282 0.2586 0.6347
vn 0.3919 0.0079 0.9200
vn -0.0757 -0.3191 0.9447
vn -0.2604 -0.2849 0.9225
vn -0.3937 -0.1661 0.9041
vn 0.1083 -0.2549 0.9609
vn 0.1212 -0.0592 0.9909
vn -0.4385 -0.0785 0.8953
vn -0.3808 0.0196 0.9245
vn 0.0544 0.1355 0.9893
vn -0.4877 0.1824 0.8538
vn -0.1356 0.2220 0.9656
vt 0.600854 0.994200
vt 0.727574 0.993200
vt 0.594774 0.991700
vt 0.729894 0.996500
vt 0.739014 0.992300
vt 0.742134 0.995900
vt 0.730454 0.997200
vt 0.743094 0.997000
vt 0.726294 0.985000
vt 0.741974 0.996900
vt 0.712534 0.986900
vt 0.713574 0.988200
vt 0.742294 0.997300
vt 0.713734 0.988300
vt 0.713494 0.988100
vt 0.741974 0.996800
vt 0.712374 0.986800
vt 0.726134 0.984900
vt 0.743014 0.996900
vt 0.730374 0.997000
vt 0.742054 0.995800
vt 0.729734 0.996300
vt 0.727494 0.993100
vt 0.600694 0.994000
vt 0.594614 0.991600
vt 0.766454 0.879702
vt 0.760134 0.965517
vt 0.753414 0.965200
vt 0.772454 0.909718
vt 0.788214 0.919854
vt 0.788934 0.920740
vt 0.787094 0.918476
vt 0.760294 0.932549
vt 0.759734 0.931073
vt 0.760374 0.932648
vt 0.759894 0.931467
vt 0.759894 0.931368
vt 0.759174 0.929597
vt 0.759254 0.929794
vt 0.760134 0.932155
vt 0.757814 0.926152
vt 0.758054 0.926645
vt 0.758534 0.927825
vt 0.759094 0.929302
vt 0.759494 0.930483
vt 0.759574 0.930679
vt 0.759974 0.931762
vt 0.760214 0.932254
vt 0.760134 0.932057
vt 0.761014 0.934419
vt 0.761094 0.934419
vt 0.761254 0.934911
vt 0.761254 0.935009
vt 0.761654 0.935994
vt 0.761734 0.936289
vt 0.755094 0.995827
vt 0.771894 0.987659
vt 0.764374 0.994056
vt 0.762614 0.989529
vt 0.779654 0.894070
vt 0.799521 0.995729
vt 0.799281 0.894169
vt 0.779574 0.995729
vt 0.780854 0.987856
vt 0.801601 0.975555
vt 0.798961 0.987758
vt 0.786214 0.979590
vt 0.782534 0.980377
vt 0.777734 0.989234
vt 0.776694 0.995729
vt 0.776454 0.894070
vt 0.773414 0.894070
vt 0.752214 0.998400
vt 0.752214 0.894169
vt 0.763974 0.995827
vt 0.771894 0.988151
vt 0.751254 0.993300
vt 0.763974 0.994056
vt 0.755414 0.980672
vt 0.784134 0.942193
vt 0.757574 0.905092
vt 0.777494 0.943374
vt 0.767654 0.922019
vt 0.760454 0.894070
vt 0.775494 0.923495
vt 0.775094 0.917787
vt 0.775254 0.918083
vt 0.777414 0.926349
vt 0.776774 0.887280
vt 0.785334 0.916016
vt 0.788214 0.896039
vt 0.768454 0.912965
vt 0.768134 0.912375
vt 0.767254 0.911096
vt 0.768614 0.913162
vt 0.768854 0.913457
vt 0.767894 0.911292
vt 0.768694 0.912473
vt 0.776374 0.924775
vt 0.766134 0.955774
vt 0.769894 0.950460
vt 0.773494 0.955282
vt 0.779974 0.972799
vt 0.782374 0.950755
vt 0.789094 0.948197
vt 0.786774 0.972799
vt 0.801121 0.936978
vt 0.790614 0.960400
vt 0.801041 0.936387
vt 0.788934 0.947311
vt 0.782214 0.949574
vt 0.776134 0.923298
vt 0.773414 0.955282
vt 0.765974 0.955774
vt 0.769974 0.950362
vt 0.795121 0.929597
vt 0.767094 0.995040
vt 0.767094 0.929597
vt 0.795121 0.994942
vt 0.770214 0.915524
vt 0.767814 0.911981
vt 0.771254 0.917099
vt 0.774214 0.921626
vt 0.767254 0.917394
vt 0.776774 0.917492
vt 0.767254 0.887280
vt 0.795121 0.995040
vt 0.761094 0.831678
vt 0.767414 0.856576
vt 0.761094 0.856576
vt 0.767414 0.831678
vt 0.771974 0.806700
vt 0.797841 0.915032
vt 0.771974 0.915032
vt 0.797841 0.806700
vt 0.797841 0.883836
vt 0.782214 0.994351
vt 0.763654 0.980082
vt 0.779814 0.996320
vt 0.772774 0.978212
vt 0.784294 0.988545
vt 0.777334 0.975850
vt 0.789494 0.976441
vt 0.795681 0.988742
vt 0.799841 0.966206
vt 0.790854 0.948885
vt 0.801521 0.947606
vt 0.785734 0.946524
vt 0.786694 0.949279
vt 0.785414 0.946622
vt 0.774614 0.943571
vt 0.780134 0.949771
vt 0.765494 0.941209
vt 0.756374 0.944654
vt 0.767254 0.955676
vt 0.756934 0.963057
vt 0.758134 0.905388
vt 0.760374 0.931664
vt 0.769494 0.923003
vt 0.592614 0.977200
vt 0.721334 0.963300
vt 0.593494 0.963600
vt 0.721574 0.984800
vt 0.592294 0.988300
vt 0.734134 0.988500
vt 0.592214 0.988200
vt 0.592534 0.977100
vt 0.593414 0.963500
vt 0.798721 0.995729
vt 0.779014 0.894070
vt 0.798481 0.894169
vt 0.778854 0.995729
vt 0.800801 0.974472
vt 0.780134 0.986872
vt 0.798081 0.986675
vt 0.785414 0.978606
vt 0.781814 0.979491
vt 0.777014 0.988348
vt 0.754774 0.979787
vt 0.750614 0.992400
vt 0.771334 0.987364
vt 0.763334 0.993170
vt 0.754534 0.995040
vt 0.762054 0.989332
vt 0.759654 0.930778
vt 0.759014 0.929302
vt 0.758934 0.929006
vt 0.758374 0.927530
vt 0.757734 0.925857
vt 0.758294 0.927333
vt 0.757894 0.926349
vt 0.758774 0.928514
vt 0.758694 0.928416
vt 0.759494 0.930384
vt 0.759414 0.930187
vt 0.758054 0.926841
vt 0.758294 0.927235
vt 0.758134 0.926940
vt 0.758294 0.927432
vt 0.758454 0.927727
vt 0.758214 0.927137
vt 0.758134 0.926841
vt 0.758134 0.927038
vt 0.757974 0.926546
vt 0.771974 0.913654
vt 0.768774 0.920937
vt 0.768134 0.920051
vt 0.772694 0.917492
vt 0.774374 0.909324
vt 0.775494 0.909127
vt 0.775334 0.923298
vt 0.773094 0.919854
vt 0.768534 0.912965
vt 0.771414 0.917394
vt 0.775734 0.923889
vt 0.775414 0.923397
vt 0.772774 0.919362
vt 0.772054 0.918280
vt 0.769734 0.914835
vt 0.768374 0.912769
vt 0.768934 0.913654
vt 0.770374 0.915819
vt 0.770774 0.916410
vt 0.775174 0.831678
vt 0.775174 0.856576
vt 0.782134 0.831678
vt 0.782134 0.856576
vt 0.790854 0.856576
vt 0.774934 0.917591
vt 0.775094 0.917886
vt 0.777334 0.926152
vt 0.794401 0.896334
vt 0.773094 0.906470
vt 0.773574 0.907159
vt 0.794641 0.896728
vt 0.770934 0.906273
vt 0.764774 0.938749
vt 0.772294 0.932254
vt 0.761094 0.923397
vt 0.755494 0.933730
vt 0.763174 0.979688
vt 0.781654 0.993859
vt 0.779334 0.995926
vt 0.772134 0.977720
vt 0.756454 0.962663
vt 0.766534 0.955085
vt 0.755894 0.944260
vt 0.773894 0.942981
vt 0.764934 0.940717
vt 0.779494 0.949279
vt 0.784534 0.946032
vt 0.784854 0.945835
vt 0.785734 0.948492
vt 0.800481 0.946819
vt 0.789814 0.948098
vt 0.798641 0.965222
vt 0.788534 0.975653
vt 0.794801 0.988053
vt 0.783574 0.987955
vt 0.776614 0.975161
vt 0.756134 0.934025
vt 0.755014 0.930975
vt 0.755254 0.931565
vt 0.756054 0.933730
vt 0.775094 0.909324
vt 0.773734 0.907356
vt 0.789974 0.882852
vt 0.779894 0.920149
vt 0.778854 0.916410
vt 0.777814 0.885410
vt 0.784534 0.917591
vt 0.777654 0.917591
vt 0.777654 0.887083
vt 0.784534 0.887083
vt 0.795041 0.887280
vt 0.795041 0.919657
vt 0.775654 0.910111
vt 0.755654 0.932648
vt 0.755814 0.933140
vt 0.757014 0.936387
vt 0.754374 0.929203
vt 0.754774 0.930384
vt 0.778534 0.939143
vt 0.777734 0.938060
vt 0.777974 0.938355
vt 0.778534 0.939241
vt 0.777254 0.937371
vt 0.778134 0.938651
vt 0.777174 0.937174
vt 0.779014 0.939930
vt 0.781574 0.943670
vt 0.781974 0.944260
vt 0.781494 0.943571
vt 0.781494 0.943473
vt 0.780054 0.944063
vt 0.778774 0.942390
vt 0.778774 0.942292
vt 0.779974 0.943965
vt 0.782454 0.947508
vt 0.782294 0.947212
vt 0.789094 0.950854
vt 0.786614 0.947311
vt 0.786614 0.947409
vt 0.779254 0.942981
vt 0.781254 0.945835
vt 0.779414 0.943178
vt 0.777574 0.940521
vt 0.777654 0.940717
vt 0.783654 0.940816
vt 0.781894 0.938454
vt 0.779414 0.935206
vt 0.782614 0.939438
vt 0.779814 0.935698
vt 0.781974 0.938552
vt 0.781814 0.938355
vt 0.783414 0.940422
vt 0.784614 0.942095
vt 0.785094 0.942686
vt 0.766854 0.988840
vt 0.762214 0.988939
vt 0.760054 0.967091
vt 0.767654 0.967387
vt 0.764294 0.948000
vt 0.767974 0.948295
vt 0.783494 0.966895
vt 0.783414 0.938552
vt 0.798561 0.963844
vt 0.794801 0.940127
vt 0.800401 0.964434
vt 0.795441 0.991891
vt 0.783734 0.994155
vt 0.778054 0.938651
vt 0.777814 0.938355
vt 0.778614 0.939438
vt 0.778694 0.939536
vt 0.781574 0.943768
vt 0.778294 0.938946
vt 0.782054 0.944555
vt 0.781654 0.943965
vt 0.779094 0.940127
vt 0.777254 0.937470
vt 0.777334 0.937667
vt 0.778214 0.941505
vt 0.778294 0.941603
vt 0.779494 0.943276
vt 0.781894 0.946720
vt 0.781654 0.946425
vt 0.786054 0.946622
vt 0.786054 0.946524
vt 0.788534 0.949968
vt 0.779414 0.943276
vt 0.781734 0.946425
vt 0.778694 0.942193
vt 0.780694 0.945047
vt 0.778854 0.942390
vt 0.777014 0.939733
vt 0.777094 0.939930
vt 0.784774 0.944752
vt 0.775254 0.995729
vt 0.760134 0.989136
vt 0.759414 0.972012
vt 0.777414 0.963844
vt 0.769254 0.949476
vt 0.787254 0.939635
vt 0.788374 0.965418
vt 0.799921 0.943473
vt 0.799921 0.961285
vt 0.797761 0.980180
vt 0.767654 0.987856
vt 0.761894 0.990120
vt 0.759494 0.968666
vt 0.768534 0.968469
vt 0.768054 0.949870
vt 0.772854 0.949279
vt 0.786614 0.964828
vt 0.787494 0.937470
vt 0.796961 0.966304
vt 0.799601 0.943079
vt 0.799681 0.966304
vt 0.795201 0.985888
vt 0.781414 0.992482
vt 0.773174 0.985593
vt 0.768054 0.988348
vt 0.761414 0.970142
vt 0.769654 0.968469
vt 0.769334 0.943079
vt 0.775654 0.943473
vt 0.786054 0.964041
vt 0.788374 0.936190
vt 0.797681 0.963155
vt 0.798241 0.938651
vt 0.800321 0.961187
vt 0.796801 0.988643
vt 0.786534 0.992088
vt 0.779974 0.937962
vt 0.780534 0.938749
vt 0.782934 0.942193
vt 0.782694 0.941800
vt 0.783974 0.943571
vt 0.783414 0.942784
vt 0.781654 0.940324
vt 0.783094 0.942292
vt 0.780934 0.939340
vt 0.782294 0.941209
vt 0.780214 0.938355
vt 0.778694 0.936190
vt 0.779014 0.936584
vt 0.772774 0.972799
vt 0.764774 0.972799
vt 0.781014 0.830890
vt 0.788934 0.918870
vt 0.781174 0.918870
vt 0.774694 0.830890
vt 0.774854 0.918870
vt 0.788774 0.830890
vt 0.797441 0.830890
vt 0.797601 0.918870
vt 0.768934 0.921133
vt 0.772134 0.913851
vt 0.768294 0.920346
vt 0.772934 0.917787
vt 0.774534 0.909619
vt 0.775654 0.909423
vt 0.773174 0.920051
vt 0.771494 0.917492
vt 0.775894 0.924086
vt 0.775574 0.923594
vt 0.772854 0.919559
vt 0.772134 0.918476
vt 0.769814 0.914934
vt 0.769014 0.913753
vt 0.778774 0.934321
vt 0.781254 0.937568
vt 0.783094 0.940028
vt 0.784374 0.941800
vt 0.783974 0.941209
vt 0.781334 0.937667
vt 0.782694 0.939536
vt 0.781094 0.937470
vt 0.779094 0.934813
vt 0.760214 0.929597
vt 0.760214 0.995040
vt 0.771974 0.806500
vt 0.797841 0.806200
vt 0.773174 0.906569
vt 0.775094 0.909423
vt 0.773654 0.907257
vt 0.775414 0.909816
vt 0.755014 0.955184
vt 0.756134 0.960793
vt 0.754134 0.972602
vt 0.754934 0.955184
vt 0.755974 0.960695
vt 0.760054 0.931959
vt 0.759334 0.929990
vt 0.759414 0.930286
vt 0.759094 0.929400
vt 0.759014 0.929105
vt 0.760134 0.929597
vt 0.760134 0.995040
vt 0.758774 0.928613
vt 0.758854 0.928810
vt 0.758454 0.927629
vt 0.758214 0.927038
vt 0.758214 0.927235
vt 0.758534 0.928022
vt 0.758054 0.926743
vt 0.760214 0.932352
vt 0.759654 0.856477
vt 0.768934 0.915032
vt 0.752134 0.915032
vt 0.768934 0.806400
vt 0.752054 0.915032
vt 0.797841 0.806500
vt 0.777494 0.960596
vt 0.796801 0.957054
vt 0.796321 0.956365
vt 0.797041 0.957349
vt 0.797521 0.958038
vt 0.799281 0.960596
vt 0.800641 0.962466
vt 0.799361 0.960695
vt 0.800481 0.962269
vt 0.802401 0.965025
vt 0.799041 0.960203
vt 0.800241 0.961876
vt 0.802081 0.964533
vt 0.802401 0.964926
vt 0.761174 0.934813
vt 0.761574 0.935895
vt 0.761654 0.936092
vt 0.761174 0.934714
vt 0.760934 0.934222
vt 0.760054 0.931860
vt 0.759894 0.931565
vt 0.761974 0.971028
vt 0.768614 0.989234
vt 0.773734 0.986479
vt 0.770294 0.969453
vt 0.787094 0.992974
vt 0.786694 0.964926
vt 0.797441 0.989529
vt 0.798321 0.964041
vt 0.800961 0.961974
vt 0.798801 0.939438
vt 0.789014 0.936978
vt 0.776214 0.944359
vt 0.769894 0.943866
vt 0.760054 0.972898
vt 0.760774 0.990120
vt 0.775974 0.996713
vt 0.778134 0.964828
vt 0.798481 0.981164
vt 0.789094 0.966304
vt 0.800561 0.962171
vt 0.800561 0.944359
vt 0.787894 0.940521
vt 0.783494 0.942981
vt 0.781094 0.939536
vt 0.783254 0.942587
vt 0.784534 0.944359
vt 0.784054 0.943670
vt 0.782214 0.941111
vt 0.783654 0.943178
vt 0.781494 0.940028
vt 0.782854 0.942095
vt 0.780854 0.939143
vt 0.779334 0.936978
vt 0.779574 0.937371
vt 0.771974 0.806400
vt 0.797841 0.806300
vt 0.779414 0.929400
vt 0.779094 0.928908
vt 0.775814 0.923889
vt 0.779814 0.929892
vt 0.775974 0.924184
vt 0.773334 0.920248
vt 0.770854 0.916508
vt 0.772774 0.919460
vt 0.765174 0.939241
vt 0.771094 0.906470
vt 0.772614 0.932549
vt 0.761494 0.923889
vt 0.755974 0.934321
vt 0.773094 0.919953
vt 0.773254 0.920149
vt 0.775734 0.923791
vt 0.779334 0.929302
vt 0.779014 0.928711
vt 0.779734 0.929892
vt 0.753734 0.927530
vt 0.754054 0.928317
vt 0.753254 0.926349
vt 0.754294 0.929105
vt 0.803281 0.869960
vt 0.795441 0.916508
vt 0.803281 0.916508
vt 0.795441 0.869960
vt 0.784134 0.869960
vt 0.784134 0.916508
vt 0.776134 0.869960
vt 0.776134 0.916508
vt 0.767574 0.869960
vt 0.767574 0.916508
vt 0.756774 0.904699
vt 0.783174 0.941701
vt 0.769094 0.942882
vt 0.766774 0.921527
vt 0.751654 0.894169
vt 0.763414 0.995827
vt 0.759974 0.894070
vt 0.751574 0.998400
vt 0.772774 0.894070
vt 0.776054 0.995729
vt 0.775814 0.894070
vt 0.755014 0.931073
vt 0.756054 0.933829
vt 0.754854 0.930483
vt 0.755894 0.933336
vt 0.754374 0.929400
vt 0.755654 0.932746
vt 0.757094 0.936584
vt 0.775734 0.910308
vt 0.794481 0.882852
vt 0.780054 0.920149
vt 0.780534 0.885410
vt 0.794641 0.915130
vt 0.773814 0.907454
vt 0.767734 0.911883
vt 0.770054 0.915327
vt 0.768694 0.913359
vt 0.768534 0.913064
vt 0.771174 0.917000
vt 0.774134 0.921429
vt 0.776694 0.960006
vt 0.759974 0.967190
vt 0.762134 0.989136
vt 0.766774 0.989037
vt 0.767334 0.966993
vt 0.783654 0.994351
vt 0.783254 0.966698
vt 0.795361 0.992088
vt 0.798481 0.963942
vt 0.800401 0.964336
vt 0.794801 0.939832
vt 0.783334 0.938257
vt 0.767894 0.948098
vt 0.764214 0.947803
vt 0.760054 0.969552
vt 0.762454 0.991005
vt 0.768134 0.988742
vt 0.768934 0.969060
vt 0.781974 0.993269
vt 0.787094 0.965517
vt 0.795761 0.986774
vt 0.797601 0.967190
vt 0.800241 0.967190
vt 0.800161 0.943866
vt 0.788054 0.938257
vt 0.773414 0.950066
vt 0.768534 0.950657
vt 0.754054 0.928416
vt 0.753734 0.927629
vt 0.760054 0.931762
vt 0.767974 0.912277
vt 0.767174 0.910997
vt 0.767734 0.911096
vt 0.796561 0.956660
vt 0.795841 0.955676
vt 0.796401 0.956463
vt 0.797121 0.957447
vt 0.798881 0.959907
vt 0.800161 0.961777
vt 0.798881 0.960006
vt 0.800001 0.961580
vt 0.801921 0.964336
vt 0.798561 0.959514
vt 0.799841 0.961285
vt 0.801681 0.963844
vt 0.775174 0.898991
vt 0.777974 0.884328
vt 0.786614 0.885115
vt 0.773414 0.884229
vt 0.770214 0.899286
vt 0.766374 0.884820
vt 0.763094 0.900369
vt 0.768854 0.985494
vt 0.767654 0.995729
vt 0.761894 0.986479
vt 0.767334 0.996615
vt 0.769574 0.995926
vt 0.773414 0.996123
vt 0.773734 0.985101
vt 0.783014 0.985593
vt 0.782054 0.996615
vt 0.797761 0.994548
vt 0.798001 0.984707
vt 0.784694 0.899483
vt 0.800241 0.885312
vt 0.799921 0.898597
vt 0.589894 0.903100
vt 0.589334 0.902600
vt 0.586774 0.900200
vt 0.590614 0.903800
vt 0.591014 0.904200
vt 0.589734 0.903000
vt 0.589174 0.902500
vt 0.586534 0.900000
vt 0.586934 0.900400
vt 0.580854 0.894700
vt 0.575254 0.889400
vt 0.742374 0.996200
vt 0.743254 0.997200
vt 0.796081 0.885312
vt 0.780374 0.905683
vt 0.796961 0.899089
vt 0.799761 0.887772
vt 0.781334 0.899385
vt 0.784054 0.908143
vt 0.788934 0.887871
vt 0.783894 0.886788
vt 0.777974 0.886394
vt 0.798961 0.905585
vt 0.788214 0.886394
vt 0.786774 0.905486
vt 0.780294 0.905486
vt 0.771654 0.886394
vt 0.763014 0.903419
vt 0.764694 0.884525
vt 0.754054 0.916902
vt 0.781894 0.933041
vt 0.776694 0.925267
vt 0.781334 0.932254
vt 0.778854 0.928514
vt 0.781254 0.932155
vt 0.781814 0.933041
vt 0.787174 0.918575
vt 0.780854 0.910603
vt 0.778694 0.907750
vt 0.790374 0.922610
vt 0.752694 0.830300
vt 0.766614 0.849589
vt 0.752694 0.849589
vt 0.766614 0.830300
vt 0.781414 0.963647
vt 0.799281 0.985002
vt 0.783974 0.995434
vt 0.800801 0.962663
vt 0.800001 0.963746
vt 0.794641 0.982148
vt 0.596934 0.978000
vt 0.604374 0.978300
vt 0.594694 0.978600
vt 0.625334 0.978000
vt 0.612694 0.977900
vt 0.630134 0.977900
vt 0.645414 0.977900
vt 0.647254 0.977500
vt 0.668454 0.977500
vt 0.664294 0.977400
vt 0.684774 0.977400
vt 0.696054 0.977300
vt 0.716854 0.977000
vt 0.743014 0.976400
vt 0.736694 0.976400
vt 0.602854 0.991100
vt 0.728214 0.993100
vt 0.671734 0.996300
vt 0.603574 0.989300
vt 0.714534 0.991500
vt 0.637414 0.990100
vt 0.712934 0.991500
vt 0.656774 0.992500
vt 0.716774 0.994000
vt 0.579654 0.893500
vt 0.575654 0.889800
vt 0.609574 0.888600
vt 0.576934 0.891000
vt 0.574614 0.888700
vt 0.573014 0.887400
vt 0.573014 0.887300
vt 0.574294 0.888600
vt 0.573894 0.907200
vt 0.609734 0.887900
vt 0.609654 0.907200
vt 0.573894 0.887900
vt 0.609654 0.887900
vt 0.587094 0.900600
vt 0.581094 0.894900
vt 0.581174 0.894900
vt 0.575494 0.889700
vt 0.576054 0.890200
vt 0.575174 0.889400
vt 0.575094 0.889300
vt 0.577254 0.891300
vt 0.577094 0.891200
vt 0.580374 0.894200
vt 0.580614 0.894500
vt 0.582534 0.896200
vt 0.583014 0.896700
vt 0.583734 0.897300
vt 0.583974 0.897600
vt 0.582934 0.896600
vt 0.582454 0.896100
vt 0.580214 0.894100
vt 0.580534 0.894300
vt 0.574854 0.889100
vt 0.575014 0.889100
vt 0.575814 0.890000
vt 0.685174 0.977400
vt 0.679254 0.973500
vt 0.682294 0.975500
vt 0.687094 0.978600
vt 0.691734 0.981600
vt 0.690294 0.980700
vt 0.695734 0.984200
vt 0.696294 0.984600
vt 0.701894 0.988200
vt 0.701334 0.987800
vt 0.711174 0.994200
vt 0.702374 0.988500
vt 0.697494 0.985300
vt 0.696534 0.984700
vt 0.693654 0.982900
vt 0.694694 0.983500
vt 0.693574 0.982800
vt 0.701814 0.988100
vt 0.711094 0.994200
vt 0.701254 0.987800
vt 0.574854 0.889000
vt 0.573254 0.887600
vt 0.574694 0.888800
vt 0.573254 0.887500
vt 0.578454 0.892400
vt 0.579814 0.893600
vt 0.580854 0.894600
vt 0.582614 0.896300
vt 0.581414 0.895200
vt 0.583334 0.896900
vt 0.580774 0.894600
vt 0.578294 0.892300
vt 0.576374 0.890400
vt 0.577814 0.891700
vt 0.578054 0.892000
vt 0.577814 0.891800
vt 0.576534 0.890600
vt 0.609814 0.888800
vt 0.605334 0.978300
vt 0.597894 0.978000
vt 0.595654 0.978500
vt 0.626294 0.978000
vt 0.613654 0.977900
vt 0.630854 0.977800
vt 0.646134 0.977800
vt 0.647814 0.977500
vt 0.669094 0.977500
vt 0.664614 0.977400
vt 0.685334 0.977400
vt 0.696214 0.977300
vt 0.717094 0.977000
vt 0.743094 0.976400
vt 0.609734 0.907200
vt 0.762934 0.934419
vt 0.762214 0.932549
vt 0.762614 0.933632
vt 0.762934 0.934321
vt 0.799441 0.985199
vt 0.781734 0.963942
vt 0.784214 0.995827
vt 0.800961 0.962860
vt 0.800081 0.963844
vt 0.794641 0.982247
vt 0.761014 0.930187
vt 0.761974 0.932549
vt 0.762214 0.933238
vt 0.761094 0.930384
vt 0.725334 0.992000
vt 0.603254 0.991000
vt 0.591414 0.989900
vt 0.719654 0.993100
vt 0.637014 0.991700
vt 0.604294 0.989700
vt 0.641654 0.994000
vt 0.720614 0.993500
vt 0.696134 0.984400
vt 0.695574 0.984100
vt 0.690054 0.980600
vt 0.691574 0.981500
vt 0.684854 0.977200
vt 0.686854 0.978500
vt 0.678934 0.973400
vt 0.681974 0.975300
vt 0.762854 0.934813
vt 0.762614 0.934222
vt 0.762694 0.934419
vt 0.762854 0.935009
vt 0.762854 0.934911
vt 0.761894 0.932549
vt 0.762134 0.933041
vt 0.789974 0.887280
vt 0.776854 0.925464
vt 0.781974 0.933238
vt 0.781414 0.932352
vt 0.779014 0.908143
vt 0.787494 0.918968
vt 0.781414 0.911292
vt 0.781094 0.910800
vt 0.790614 0.922905
vt 0.783174 0.927727
vt 0.796481 0.926841
vt 0.755494 0.928613
vt 0.754054 0.965123
vt 0.752774 0.997100
vt 0.760854 0.915229
vt 0.771814 0.928022
vt 0.690934 0.981100
vt 0.685014 0.977300
vt 0.679014 0.973400
vt 0.677734 0.972600
vt 0.775254 0.898991
vt 0.786694 0.885213
vt 0.778054 0.884426
vt 0.783014 0.985691
vt 0.773494 0.996123
vt 0.768934 0.985494
vt 0.767414 0.996713
vt 0.767734 0.995729
vt 0.761974 0.986577
vt 0.770294 0.899385
vt 0.766454 0.884918
vt 0.763254 0.900369
vt 0.773494 0.884229
vt 0.720214 1.000000
vt 0.710774 0.993900
vt 0.762694 0.934517
vt 0.762934 0.935009
vt 0.761094 0.930483
vt 0.761094 0.930286
vt 0.762214 0.933140
vt 0.691094 0.981200
vt 0.685254 0.977400
vt 0.679254 0.973600
vt 0.678054 0.972800
vt 0.781014 0.910800
vt 0.637414 0.990300
vt 0.604214 0.989900
vt 0.603494 0.989600
vt 0.656774 0.992700
vt 0.785974 0.887575
vt 0.789574 0.843979
vt 0.790774 0.889937
vt 0.785494 0.802300
vt 0.789654 0.808100
vt 0.789574 0.844176
vt 0.785974 0.887871
vt 0.790694 0.890232
vt 0.728214 0.993400
vt 0.602774 0.991400
vt 0.671734 0.996600
vt 0.714454 0.991800
vt 0.712934 0.991800
vt 0.716774 0.994200
vt 0.765894 0.980771
vt 0.769334 0.982148
vt 0.767734 0.981558
vt 0.774214 0.984117
vt 0.774294 0.984117
vt 0.784934 0.988348
vt 0.784774 0.988250
vt 0.797121 0.991891
vt 0.774054 0.984018
vt 0.769174 0.982148
vt 0.767654 0.981459
vt 0.782934 0.927432
vt 0.796321 0.926645
vt 0.755174 0.928219
vt 0.753814 0.964828
vt 0.752454 0.996700
vt 0.789254 0.921232
vt 0.788534 0.920346
vt 0.787494 0.919067
vt 0.725334 0.992200
vt 0.591334 0.990100
vt 0.603174 0.991300
vt 0.719654 0.993200
vt 0.637014 0.991900
vt 0.720534 0.993600
vt 0.641574 0.994200
vt 0.981836 0.792414
vt 0.981063 0.809783
vt 0.985469 0.808285
vt 0.978164 0.797294
vt 0.969815 0.791762
vt 0.970878 0.787559
vt 0.961138 0.792076
vt 0.960849 0.789419
vt 0.950722 0.791617
vt 0.952809 0.795144
vt 0.943765 0.802657
vt 0.947379 0.804517
vt 0.945021 0.817127
vt 0.948055 0.816450
vt 0.950838 0.828746
vt 0.952925 0.826161
vt 0.966008 0.829350
vt 0.966356 0.831910
vt 0.979807 0.826234
vt 0.977159 0.823166
vt 0.976270 0.811087
vt 0.974318 0.820074
vt 0.974164 0.802150
vt 0.968617 0.796038
vt 0.961448 0.794758
vt 0.954896 0.798574
vt 0.951031 0.806474
vt 0.951031 0.815798
vt 0.955051 0.823649
vt 0.965757 0.826789
vt 0.152854 0.068100
vt 0.153254 0.068400
vt 0.151574 0.067500
vt 0.153814 0.068600
vt 0.153894 0.068700
vt 0.153094 0.068300
vt 0.154214 0.068800
vt 0.152374 0.067900
vt 0.153974 0.068700
vt 0.154454 0.069000
vt 0.154774 0.069100
vt 0.154054 0.068800
vt 0.154614 0.069100
vt 0.153734 0.068600
vt 0.944770 0.791762
vt 0.946239 0.795869
vt 0.953524 0.794589
vt 0.935880 0.797125
vt 0.940615 0.801811
vt 0.932924 0.809300
vt 0.938489 0.810580
vt 0.936963 0.822369
vt 0.940499 0.819349
vt 0.949234 0.825895
vt 0.948558 0.828359
vt 0.962027 0.825267
vt 0.154134 0.068800
vt 0.154374 0.068900
vt 0.154694 0.069100
vt 0.154614 0.069000
vt 0.212854 0.073400
vt 0.213334 0.073500
vt 0.213574 0.073600
vt 0.213254 0.073500
vt 0.212294 0.073200
vt 0.213014 0.073400
vt 0.156214 0.072900
vt 0.154134 0.071900
vt 0.154054 0.071800
vt 0.155494 0.072600
vt 0.156374 0.073000
vt 0.153974 0.071800
vt 0.156054 0.072800
vt 0.157974 0.073800
vt 0.157894 0.073800
vt 0.156454 0.073000
vt 0.125654 0.417600
vt 0.212614 0.073500
vt 0.211974 0.073300
vt 0.211734 0.073400
vt 0.213174 0.073500
vt 0.212774 0.073600
vt 0.213654 0.073700
vt 0.212214 0.073300
vt 0.210294 0.072600
vt 0.004454 0.490900
vt 0.125654 0.490900
vt 0.004534 0.417600
vt 0.119654 0.452600
vt 0.118534 0.448600
vt 0.118854 0.449700
vt 0.119254 0.451000
vt 0.117494 0.445100
vt 0.117814 0.446200
vt 0.119654 0.452500
vt 0.118534 0.448500
vt 0.119174 0.451000
vt 0.118774 0.449600
vt 0.004454 0.417600
vt 0.145254 0.490900
vt 0.036934 0.417600
vt 0.145254 0.417600
vt 0.036934 0.490900
vt 0.004534 0.490900
vt 0.209894 0.072900
vt 0.210214 0.073000
vt 0.208294 0.072300
vt 0.210294 0.073100
vt 0.208454 0.072300
vt 0.209974 0.072900
vt 0.211814 0.073400
vt 0.211414 0.073200
vt 0.931049 0.792342
vt 0.943321 0.787559
vt 0.927203 0.807826
vt 0.933310 0.825340
vt 0.947881 0.830920
vt 0.963960 0.827756
vt 0.967110 0.815774
vt 0.970009 0.816450
vt 0.967767 0.804203
vt 0.971284 0.802319
vt 0.962240 0.794975
vt 0.964231 0.791545
vt 0.953737 0.792004
vt 0.953969 0.789419
vt 0.960230 0.798405
vt 0.964172 0.806063
vt 0.964114 0.815146
vt 0.960134 0.822828
vt 0.153814 0.068700
vt 0.153574 0.068500
vt 0.153334 0.068400
vt 0.152934 0.068200
vt 0.151734 0.067600
vt 0.153174 0.068300
vt 0.154294 0.068900
vt 0.120294 0.454700
vt 0.119894 0.453200
vt 0.120454 0.455400
vt 0.120054 0.453800
vt 0.119814 0.453200
vt 0.120294 0.454600
vt 0.117494 0.444900
vt 0.117814 0.446100
vt 0.213494 0.073600
vt 0.212934 0.073400
vt 0.212374 0.073400
vt 0.212054 0.073300
vt 0.212694 0.073500
vt 0.212854 0.073600
vt 0.213734 0.073700
vt 0.212294 0.073400
vt 0.213094 0.073500
vt 0.210454 0.072700
vt 0.152294 0.067900
vt 0.564534 0.863600
vt 0.563894 0.855400
vt 0.557494 0.864500
vt 0.571174 0.855000
vt 0.569174 0.863400
vt 0.575574 0.856300
vt 0.579654 0.866400
vt 0.661894 0.849400
vt 0.657894 0.847600
vt 0.658854 0.848000
vt 0.657094 0.833900
vt 0.659574 0.832100
vt 0.655414 0.835100
vt 0.666134 0.827200
vt 0.663014 0.829600
vt 0.675654 0.820300
vt 0.659814 0.831900
vt 0.667574 0.826200
vt 0.662694 0.829800
vt 0.598934 0.857700
vt 0.587494 0.866000
vt 0.663814 0.850200
vt 0.666454 0.851400
vt 0.669574 0.852800
vt 0.663414 0.850000
vt 0.661974 0.849400
vt 0.659014 0.848100
vt 0.662134 0.849500
vt 0.657574 0.847500
vt 0.661174 0.849100
vt 0.657334 0.847400
vt 0.654454 0.846100
vt 0.654374 0.846100
vt 0.654294 0.846000
vt 0.656694 0.847100
vt 0.656614 0.847100
vt 0.657654 0.847500
vt 0.654134 0.846000
vt 0.651174 0.844700
vt 0.648374 0.843400
vt 0.644614 0.841800
vt 0.645494 0.842200
vt 0.644934 0.841900
vt 0.643654 0.841300
vt 0.644694 0.841800
vt 0.645094 0.842000
vt 0.648214 0.843400
vt 0.612854 0.857000
vt 0.605494 0.862600
vt 0.620614 0.862400
vt 0.620534 0.857100
vt 0.618214 0.870900
vt 0.623334 0.871200
vt 0.618374 0.870900
vt 0.620214 0.871100
vt 0.614614 0.870700
vt 0.614454 0.870700
vt 0.618774 0.837100
vt 0.628534 0.837200
vt 0.616134 0.837100
vt 0.627174 0.837200
vt 0.616854 0.837100
vt 0.615094 0.837000
vt 0.612374 0.837000
vt 0.606694 0.837000
vt 0.608134 0.837000
vt 0.604054 0.836900
vt 0.613494 0.837000
vt 0.621974 0.837100
vt 0.614774 0.837000
vt 0.619974 0.837100
vt 0.622614 0.837100
vt 0.624854 0.837100
vt 0.630134 0.837200
vt 0.625014 0.837100
vt 0.628454 0.837200
vt 0.636294 0.837300
vt 0.635414 0.837300
vt 0.616934 0.870900
vt 0.620614 0.871100
vt 0.600134 0.936300
vt 0.587174 0.925000
vt 0.595974 0.923100
vt 0.587654 0.936000
vt 0.641334 0.837300
vt 0.637574 0.837300
vt 0.650534 0.837400
vt 0.643974 0.837300
vt 0.641174 0.837300
vt 0.653334 0.837400
vt 0.643014 0.837300
vt 0.634134 0.837200
vt 0.626774 0.837200
vt 0.611334 0.837000
vt 0.649094 0.837400
vt 0.640054 0.837300
vt 0.648374 0.837400
vt 0.640614 0.837300
vt 0.639494 0.837300
vt 0.635814 0.837300
vt 0.637414 0.837300
vt 0.648534 0.876300
vt 0.559414 0.857400
vt 0.559494 0.876700
vt 0.648534 0.857500
vt 0.559414 0.836400
vt 0.648534 0.836800
vt 0.648534 0.867000
vt 0.569094 0.850300
vt 0.569094 0.866000
vt 0.648534 0.851300
vt 0.648534 0.835100
vt 0.569094 0.833700
vt 0.599494 0.869800
vt 0.599574 0.869800
vt 0.597574 0.869700
vt 0.598134 0.869700
vt 0.599894 0.869800
vt 0.599654 0.869800
vt 0.593814 0.869400
vt 0.590534 0.869200
vt 0.572534 0.874200
vt 0.677894 0.854300
vt 0.671014 0.874300
vt 0.573974 0.854100
vt 0.573174 0.872800
vt 0.671014 0.872800
vt 0.622934 0.837100
vt 0.619254 0.837100
vt 0.618694 0.837100
vt 0.621734 0.837100
vt 0.675654 0.852700
vt 0.574614 0.872300
vt 0.672774 0.872600
vt 0.573814 0.852400
vt 0.671014 0.871300
vt 0.573574 0.871200
vt 0.622214 0.871200
vt 0.617174 0.870900
vt 0.617334 0.870900
vt 0.619094 0.871000
vt 0.613494 0.870600
vt 0.613334 0.870600
vt 0.617734 0.870900
vt 0.609094 0.870400
vt 0.611414 0.870500
vt 0.608374 0.870300
vt 0.615814 0.870800
vt 0.619494 0.871000
vt 0.644054 0.837300
vt 0.641894 0.837300
vt 0.645574 0.837400
vt 0.638214 0.837300
vt 0.636214 0.837300
vt 0.634454 0.837200
vt 0.639174 0.837300
vt 0.647494 0.837400
vt 0.638534 0.837300
vt 0.646774 0.837400
vt 0.559414 0.856700
vt 0.648534 0.875500
vt 0.559494 0.875900
vt 0.648534 0.856700
vt 0.559414 0.835700
vt 0.648534 0.836100
vt 0.677814 0.854100
vt 0.572454 0.874000
vt 0.670934 0.874100
vt 0.573894 0.853900
vt 0.573094 0.872600
vt 0.670934 0.872600
vt 0.637254 0.819100
vt 0.634614 0.819100
vt 0.632534 0.819100
vt 0.638854 0.819100
vt 0.627414 0.837200
vt 0.617094 0.837100
vt 0.614934 0.837000
vt 0.625574 0.837200
vt 0.640134 0.837300
vt 0.636374 0.837300
vt 0.642614 0.837300
vt 0.652054 0.837400
vt 0.605414 0.836900
vt 0.602534 0.836900
vt 0.611094 0.837000
vt 0.615494 0.837000
vt 0.613894 0.837000
vt 0.598294 0.869700
vt 0.598374 0.869700
vt 0.596694 0.869600
vt 0.597094 0.869600
vt 0.598854 0.869700
vt 0.598534 0.869700
vt 0.592694 0.869400
vt 0.589574 0.869200
vt 0.640214 0.839900
vt 0.640134 0.839800
vt 0.640374 0.839900
vt 0.640054 0.839800
vt 0.631654 0.836100
vt 0.632774 0.836600
vt 0.627094 0.834100
vt 0.628614 0.834700
vt 0.631494 0.836000
vt 0.630934 0.835800
vt 0.636214 0.838100
vt 0.632934 0.836600
vt 0.665094 0.828000
vt 0.672854 0.822300
vt 0.666774 0.826800
vt 0.663654 0.829100
vt 0.664134 0.828700
vt 0.636454 0.838200
vt 0.643414 0.841300
vt 0.644534 0.841700
vt 0.650374 0.844300
vt 0.574694 0.872500
vt 0.675734 0.852900
vt 0.672854 0.872800
vt 0.573894 0.852600
vt 0.671174 0.871500
vt 0.573654 0.871400
vt 0.601334 0.869900
vt 0.596614 0.869600
vt 0.609574 0.870400
vt 0.610294 0.870400
vt 0.604134 0.870100
vt 0.569094 0.849400
vt 0.648534 0.866300
vt 0.569094 0.865200
vt 0.648534 0.850500
vt 0.648534 0.834300
vt 0.569094 0.832900
vt 0.626934 0.837200
vt 0.634694 0.837200
vt 0.633814 0.837200
vt 0.628774 0.837200
vt 0.623414 0.837100
vt 0.623254 0.837100
vt 0.620614 0.837100
vt 0.621094 0.837100
vt 0.618454 0.837100
vt 0.611894 0.837000
vt 0.613254 0.837000
vt 0.609814 0.837000
vt 0.617814 0.837100
vt 0.621414 0.837100
vt 0.617174 0.837100
vt 0.620214 0.837100
vt 0.621014 0.871100
vt 0.614134 0.870700
vt 0.625414 0.837100
vt 0.633014 0.837200
vt 0.664054 0.828800
vt 0.669654 0.824700
vt 0.657814 0.833400
vt 0.656694 0.834200
vt 0.586454 0.924500
vt 0.599414 0.935800
vt 0.595174 0.922600
vt 0.587014 0.935400
vt 0.600134 0.869800
vt 0.595414 0.869500
vt 0.602934 0.870000
vt 0.629174 0.863900
vt 0.643734 0.855100
vt 0.645734 0.863200
vt 0.655174 0.848700
vt 0.639094 0.864000
vt 0.645094 0.866000
vt 0.639094 0.863900
vt 0.634214 0.862800
vt 0.625334 0.852400
vt 0.630854 0.867300
vt 0.619974 0.863700
vt 0.613254 0.855600
vt 0.612294 0.863000
vt 0.612774 0.854100
vt 0.599574 0.865800
vt 0.598534 0.853900
vt 0.593814 0.863600
vt 0.582854 0.868300
vt 0.580534 0.854000
vt 0.572534 0.859800
vt 0.575574 0.847500
vt 0.564694 0.856700
vt 0.571094 0.846000
vt 0.559494 0.862000
vt 0.564854 0.852900
vt 0.567414 0.849200
vt 0.565574 0.848700
vt 0.611094 0.868400
vt 0.599814 0.866500
vt 0.612374 0.863100
vt 0.613174 0.861600
vt 0.674134 0.854800
vt 0.670694 0.853300
vt 0.669334 0.852700
vt 0.646694 0.837400
vt 0.645334 0.837400
vt 0.637974 0.837300
vt 0.618934 0.871000
vt 0.612614 0.870600
vt 0.615014 0.870700
vt 0.637574 0.819100
vt 0.639974 0.819100
vt 0.635414 0.819100
vt 0.641654 0.819100
vt 0.623174 0.832300
vt 0.628934 0.834900
vt 0.626294 0.833700
vt 0.623094 0.832300
vt 0.628054 0.834500
vt 0.623734 0.832600
vt 0.628534 0.834700
vt 0.627174 0.834100
vt 0.671734 0.853700
vt 0.661254 0.849100
vt 0.666934 0.851600
vt 0.673414 0.854400
vt 0.666294 0.851300
vt 0.670294 0.853100
vt 0.611014 0.858900
vt 0.611014 0.872300
vt 0.717734 0.876600
vt 0.575094 0.875600
vt 0.575094 0.860300
vt 0.575174 0.840200
vt 0.611014 0.839800
vt 0.714934 0.834700
vt 0.736454 0.854900
vt 0.611014 0.858200
vt 0.716614 0.875700
vt 0.611014 0.871600
vt 0.735414 0.854100
vt 0.713894 0.834000
vt 0.611014 0.839100
vt 0.575094 0.839600
vt 0.575094 0.859600
vt 0.575094 0.874900
vt 0.002694 0.025300
vt 0.116934 0.020200
vt 0.114054 0.025300
vt 0.002774 0.020200
vt 0.002854 0.033100
vt 0.117094 0.076400
vt 0.117094 0.033100
vt 0.002934 0.076400
vt 0.002934 0.072200
vt 0.117094 0.061000
vt 0.117094 0.072200
vt 0.002854 0.061000
vt 0.002774 0.026100
vt 0.117254 0.029400
vt 0.116534 0.026200
vt 0.002774 0.029400
vt 0.002934 0.061000
vt 0.115654 0.019800
vt 0.002774 0.023100
vt 0.002694 0.019900
vt 0.116054 0.022000
vt 0.002774 0.025300
vt 0.117014 0.025300
vt 0.002614 0.024000
vt 0.112134 0.018800
vt 0.113014 0.024000
vt 0.002614 0.018800
vt 0.002534 0.023300
vt 0.111094 0.018500
vt 0.110774 0.023300
vt 0.002534 0.018500
vt 0.019574 0.002200
vt 0.064854 0.014500
vt 0.019574 0.014500
vt 0.064854 0.002200
vt 0.002614 0.023600
vt 0.111094 0.018600
vt 0.111734 0.023600
vt 0.064934 0.002200
vt 0.110694 0.023300
vt 0.002534 0.023200
vt 0.064934 0.014500
vt 0.217414 0.011200
vt 0.170454 0.019700
vt 0.174534 0.011200
vt 0.213334 0.019900
vt 0.312854 0.273400
vt 0.228134 0.267800
vt 0.230454 0.279000
vt 0.331574 0.264500
vt 0.386214 0.264200
vt 0.332534 0.248700
vt 0.386294 0.251800
vt 0.319974 0.244200
vt 0.228294 0.245100
vt 0.230774 0.238200
vt 0.199654 0.009200
vt 0.196534 0.014600
vt 0.167734 0.012000
vt 0.019574 0.007900
vt 0.064934 0.007900
vt 0.103334 0.527900
vt 0.005334 0.675100
vt 0.005334 0.527900
vt 0.103334 0.675100
vt 0.195734 0.527900
vt 0.195734 0.675100
vt 0.292534 0.025600
vt 0.169334 0.018200
vt 0.167734 0.025400
vt 0.294454 0.020800
vt 0.171334 0.010900
vt 0.297894 0.010900
vt 0.296774 0.026700
vt 0.147494 0.020900
vt 0.147494 0.025700
vt 0.297094 0.010900
vt 0.147574 0.011000
vt 0.005414 0.675100
vt 0.195734 0.528000
vt 0.227334 0.482800
vt 0.333734 0.441200
vt 0.254134 0.482800
vt 0.278294 0.441100
vt 0.227334 0.345900
vt 0.277734 0.346100
vt 0.227334 0.218300
vt 0.277734 0.218300
vt 0.227334 0.093600
vt 0.325254 0.218200
vt 0.298534 0.093500
vt 0.382934 0.218200
vt 0.325254 0.346200
vt 0.383014 0.346200
vt 0.146694 0.025400
vt 0.290134 0.008300
vt 0.144774 0.009000
vt 0.294134 0.025600
vt 0.004054 0.287500
vt 0.214774 0.207800
vt 0.214694 0.287400
vt 0.004054 0.208000
vt 0.214774 0.095300
vt 0.004054 0.095900
vt 0.004054 0.120500
vt 0.214694 0.287300
vt 0.214694 0.120500
vt 0.004054 0.287400
vt 0.148214 0.009400
vt 0.294454 0.015400
vt 0.292934 0.009600
vt 0.149574 0.015400
vt 0.297494 0.027100
vt 0.151014 0.027100
vt 0.258374 0.007300
vt 0.195494 0.022100
vt 0.197494 0.007200
vt 0.256214 0.022300
vt 0.253574 0.008600
vt 0.141574 0.024400
vt 0.253414 0.024100
vt 0.144054 0.009200
vt 0.282614 0.011800
vt 0.272294 0.016600
vt 0.281894 0.016700
vt 0.272854 0.009200
vt 0.177014 0.010500
vt 0.296374 0.010600
vt 0.178054 0.027000
vt 0.115974 0.001300
vt 0.069974 0.015900
vt 0.070454 0.001400
vt 0.115094 0.015300
vt 0.115734 0.001300
vt 0.070454 0.016300
vt 0.070294 0.001300
vt 0.116054 0.015600
vt 0.116134 0.001400
vt 0.070454 0.016200
vt 0.070534 0.001400
vt 0.115974 0.015600
vt 0.163174 0.023500
vt 0.233974 0.015700
vt 0.166534 0.009500
vt 0.260054 0.024400
vt 0.148294 0.009700
vt 0.148694 0.025100
vt 0.264614 0.010600
vt 0.146774 0.008500
vt 0.252694 0.024000
vt 0.200134 0.008000
vt 0.147894 0.024800
vt 0.295974 0.026700
vt 0.209014 0.008600
vt 0.213094 0.026700
vt 0.290054 0.008600
vt 0.116054 0.001400
vt 0.070534 0.016300
vt 0.116134 0.015700
vt 0.115094 0.001200
vt 0.069734 0.015800
vt 0.069974 0.001200
vt 0.114694 0.015200
vt 0.053014 0.001600
vt 0.103974 0.015500
vt 0.052934 0.015500
vt 0.103974 0.001700
vt 0.052934 0.001700
vt 0.114614 0.001200
vt 0.069894 0.015900
vt 0.069734 0.001200
vt 0.114934 0.015300
vt 0.053014 0.015500
vt 0.167974 0.026700
vt 0.235894 0.016500
vt 0.164934 0.008600
vt 0.213334 0.014700
vt 0.170054 0.019500
vt 0.171174 0.009400
vt 0.053014 0.007700
vt 0.103974 0.007700
vt 0.114454 0.019500
vt 0.002614 0.024500
vt 0.111734 0.024600
vt 0.002694 0.019400
vt 0.117174 0.029400
vt 0.113334 0.019200
vt 0.002694 0.024800
vt 0.115174 0.024700
vt 0.002614 0.019200
vt 0.111014 0.018500
vt 0.117094 0.033000
vt 0.002854 0.076300
vt 0.117094 0.076300
vt 0.002854 0.033000
vt 0.002614 0.023500
vt 0.111654 0.023600
vt 0.231174 0.023400
vt 0.205494 0.006900
vt 0.229734 0.006800
vt 0.206454 0.023400
vt 0.197334 0.023400
vt 0.292374 0.009600
vt 0.288854 0.023900
vt 0.202054 0.009400
vt 0.112054 0.018800
vt 0.331494 0.264400
vt 0.386134 0.264100
vt 0.312774 0.273300
vt 0.332374 0.248600
vt 0.386134 0.251600
vt 0.319814 0.244000
vt 0.169174 0.018100
vt 0.292374 0.025500
vt 0.167574 0.025400
vt 0.294214 0.020700
vt 0.171254 0.010800
vt 0.297654 0.010900
vt 0.294214 0.015400
vt 0.148134 0.009400
vt 0.292774 0.009600
vt 0.149494 0.015300
vt 0.297254 0.027000
vt 0.150934 0.027100
vt 0.289974 0.008200
vt 0.146614 0.025300
vt 0.144774 0.008900
vt 0.293894 0.025500
vt 0.115894 0.001300
vt 0.115014 0.015300
vt 0.115894 0.015600
vt 0.196454 0.014600
vt 0.199574 0.009100
vt 0.167654 0.011900
vt 0.233814 0.015600
vt 0.163094 0.023400
vt 0.166454 0.009400
vt 0.235814 0.016400
vt 0.167974 0.026600
vt 0.164854 0.008600
vt 0.213254 0.014700
vt 0.214134 0.009800
vt 0.170454 0.014400
vt 0.171494 0.009600
vt 0.212374 0.019500
vt 0.190934 0.019200
vt 0.114934 0.001200
vt 0.070294 0.016100
vt 0.069894 0.001200
vt 0.115734 0.015500
vt 0.053014 0.015700
vt 0.104294 0.015200
vt 0.103414 0.001000
vt 0.053254 0.001000
vt 0.114694 0.001200
vt 0.114614 0.015200
vt 0.195494 0.022000
vt 0.258294 0.007300
vt 0.197414 0.007100
vt 0.256134 0.022300
vt 0.148214 0.009700
vt 0.259974 0.024300
vt 0.148614 0.025100
vt 0.264534 0.010500
vt 0.170374 0.014400
vt 0.214054 0.009700
vt 0.171414 0.009600
vt 0.190854 0.019200
vt 0.212374 0.019400
vt 0.208934 0.008500
vt 0.295894 0.026700
vt 0.213014 0.026600
vt 0.289974 0.008600
vt 0.115654 0.015500
vt 0.103414 0.000900
vt 0.116134 0.015600
vt 0.252534 0.023900
vt 0.146694 0.008500
vt 0.200054 0.008000
vt 0.147814 0.024800
vt 0.297334 0.027100
vt 0.296294 0.010500
vt 0.177974 0.027000
vt 0.115654 0.001300
vt 0.115014 0.001200
vt 0.103974 0.001600
vt 0.002694 0.019500
vt 0.113414 0.019200
vt 0.115254 0.024700
vt 0.393574 0.941200
vt 0.337494 0.994600
vt 0.393574 0.994800
vt 0.337494 0.940100
vt 0.337494 0.860600
vt 0.393574 0.895100
vt 0.337494 0.795200
vt 0.393574 0.825400
vt 0.393574 0.795200
vt 0.337494 0.770700
vt 0.393574 0.770800
vt 0.337574 0.702300
vt 0.393574 0.702400
vt 0.366374 0.686400
vt 0.002774 0.020100
vt 0.115574 0.019800
vt 0.002694 0.019800
vt 0.115974 0.022000
vt 0.116934 0.025300
vt 0.205574 0.006900
vt 0.231254 0.023500
vt 0.229814 0.006800
vt 0.206534 0.023500
vt 0.239414 0.016900
vt 0.227094 0.012300
vt 0.240214 0.012100
vt 0.281654 0.016600
vt 0.282614 0.014300
vt 0.292534 0.009600
vt 0.197414 0.023500
vt 0.289014 0.024000
vt 0.202214 0.009500
vt 0.283094 0.011900
vt 0.235814 0.017400
vt 0.282614 0.016900
vt 0.236134 0.012400
vt 0.283334 0.012000
vt 0.273174 0.016900
vt 0.273334 0.009400
vt 0.393574 0.825500
vt 0.366294 0.686400
vt 0.170374 0.019700
vt 0.174454 0.011200
vt 0.213254 0.019900
vt 0.005414 0.527900
vt 0.228134 0.267700
vt 0.230454 0.278900
vt 0.228214 0.245000
vt 0.230694 0.238000
vt 0.227014 0.012200
vt 0.239334 0.016900
vt 0.240054 0.012000
vt 0.282454 0.014300
vt 0.281574 0.016500
vt 0.235654 0.017400
vt 0.283014 0.011900
vt 0.282454 0.016900
vt 0.236054 0.012400
vt 0.273094 0.016900
vt 0.283254 0.012000
vt 0.282534 0.016900
vt 0.273254 0.009300
vt 0.253894 0.482800
vt 0.296694 0.026700
vt 0.147414 0.025700
vt 0.297014 0.010900
vt 0.147494 0.011000
vt 0.004054 0.207900
vt 0.214774 0.095200
vt 0.004054 0.095800
vt 0.253494 0.008600
vt 0.253334 0.024100
vt 0.143974 0.009200
vt 0.272214 0.016500
vt 0.282534 0.011700
vt 0.281814 0.016600
vt 0.272694 0.009100
vt 0.054134 0.683700
vt 0.132934 0.772600
vt 0.132934 0.683700
vt 0.054134 0.772600
vt 0.146134 0.770400
vt 0.003094 0.687200
vt 0.003094 0.770400
vt 0.146134 0.687200
vt 0.221494 0.770400
vt 0.221494 0.687200
vt 0.132854 0.683700
vt 0.099414 0.730300
vt 0.099414 0.772600
vt 0.292534 0.772600
vt 0.167014 0.683700
vt 0.292534 0.683700
vt 0.223494 0.730300
vt 0.223494 0.772600
vt 0.223254 0.730300
vt 0.167014 0.772600
vt 0.223254 0.683700
vt 0.788854 0.513600
vt 0.637414 0.591500
vt 0.661814 0.513500
vt 0.707894 0.650200
vt 0.790694 0.650100
vt 0.788854 0.777200
vt 0.706454 0.777100
vt 0.707974 0.650200
vt 0.637494 0.591700
vt 0.661974 0.513500
vt 0.322934 0.770400
vt 0.322934 0.687200
vt 0.132934 0.730400
vt 0.160214 0.331900
vt 0.203974 0.334700
vt 0.200694 0.327200
vt 0.207014 0.336500
vt 0.204534 0.329400
vt 0.205494 0.335600
vt 0.208454 0.331600
vt 0.201094 0.333000
vt 0.206054 0.330200
vt 0.195974 0.330100
vt 0.201654 0.327800
vt 0.200134 0.332500
vt 0.197574 0.325500
vt 0.160294 0.331900
vt 0.200854 0.327300
vt 0.204134 0.334800
vt 0.481334 0.827400
vt 0.405094 0.608900
vt 0.481334 0.608700
vt 0.405094 0.827500
vt 0.405094 0.990100
vt 0.214374 0.539300
vt 0.276374 0.672200
vt 0.214374 0.672200
vt 0.344694 0.584700
vt 0.214374 0.503900
vt 0.330454 0.503800
vt 0.392134 0.503800
vt 0.392134 0.608600
vt 0.392134 0.672200
vt 0.207894 0.337000
vt 0.207574 0.331100
vt 0.323014 0.770400
vt 0.206134 0.330300
vt 0.201174 0.333100
vt 0.196214 0.330200
vt 0.196774 0.325000
vt 0.197174 0.330800
vt 0.323014 0.687200
vt 0.214374 0.539400
vt 0.344694 0.584800
vt 0.392134 0.608700
vt 0.197014 0.330700
vt 0.196534 0.324900
vt 0.204694 0.329500
vt 0.207174 0.336600
vt 0.207734 0.331200
vt 0.207974 0.337000
vt 0.208534 0.331600
vt 0.205574 0.335600
vt 0.546934 0.777200
vt 0.492374 0.777200
vt 0.548854 0.650100
vt 0.548934 0.650100
vt 0.623254 0.777100
vt 0.624694 0.650200
vt 0.624774 0.650200
vt 0.197734 0.325600
vt 0.200374 0.332600
vt 0.054294 0.901400
vt 0.005894 0.901300
vt 0.005894 0.875300
vt 0.054294 0.933300
vt 0.005894 0.933200
vt 0.054294 0.962100
vt 0.005894 0.962200
vt 0.031734 0.981400
vt 0.282934 0.962100
vt 0.304854 0.981600
vt 0.328454 0.962100
vt 0.282934 0.933200
vt 0.328454 0.933200
vt 0.328454 0.901300
vt 0.282934 0.901400
vt 0.031734 0.981300
vt 0.304774 0.981600
vt 0.282934 0.875300
vt 0.328454 0.875300
vt 0.328454 0.836400
vt 0.282934 0.836400
vt 0.328454 0.784600
vt 0.282934 0.784700
vt 0.054294 0.836400
vt 0.054294 0.784800
vt 0.005894 0.784700
vt 0.005894 0.836400
vt 0.054294 0.875300
vt 0.126214 0.082900
vt 0.123574 0.002800
vt 0.124774 0.083000
vt 0.125414 0.002800
vt 0.133494 0.083200
vt 0.126134 0.002900
vt 0.133494 0.002900
vt 0.126374 0.083100
vt 0.126934 0.002900
vt 0.135014 0.083200
vt 0.127014 0.083100
vt 0.134854 0.002900
vt 0.123654 0.002800
vt 0.126294 0.082900
vt 0.124854 0.083000
vt 0.125654 0.002800
vt 0.126294 0.002900
vt 0.133574 0.083200
vt 0.133654 0.002900
vt 0.126454 0.083100
vt 0.129094 0.002900
vt 0.124214 0.083100
vt 0.129254 0.083100
vt 0.124054 0.083100
vt 0.128934 0.002900
vt 0.129094 0.083100
vt 0.126934 0.083100
vt 0.134774 0.002900
vt 0.129734 0.083000
vt 0.122694 0.002800
vt 0.124134 0.083000
vt 0.129734 0.002900
vt 0.122854 0.002800
vt 0.129814 0.083000
vt 0.124214 0.083000
vt 0.222614 0.388700
vt 0.222534 0.291300
vt 0.222534 0.291400
vt 0.180134 0.291400
vt 0.180214 0.388700
vt 0.085734 0.291400
vt 0.000614 0.388700
vt 0.000694 0.291300
vt 0.085734 0.388700
vt 0.795281 0.785000
vt 0.728454 0.785200
vt 0.766774 0.786700
vt 0.699094 0.786200
vt 0.669014 0.785500
vt 0.701494 0.783800
vt 0.653814 0.784900
vt 0.677734 0.783800
vt 0.701254 0.783700
vt 0.574054 0.791700
vt 0.728054 0.785100
vt 0.561894 0.789700
vt 0.766134 0.786600
vt 0.554454 0.788500
vt 0.794401 0.784900
vt 0.574934 0.792100
vt 0.589334 0.794500
vt 0.698614 0.786100
vt 0.599174 0.795900
vt 0.668774 0.785500
vt 0.603894 0.796700
vt 0.597014 0.813000
vt 0.783654 0.810300
vt 0.780774 0.810300
vt 0.752774 0.812900
vt 0.780294 0.810200
vt 0.596614 0.812900
vt 0.527494 0.815200
vt 0.592214 0.815900
vt 0.574454 0.819400
vt 0.559014 0.818700
vt 0.574694 0.819500
vt 0.592534 0.815900
vt 0.576134 0.824900
vt 0.578294 0.823700
vt 0.578374 0.823700
vt 0.540134 0.818400
vt 0.597654 0.817200
vt 0.579894 0.820800
vt 0.601734 0.814100
vt 0.765414 0.815900
vt 0.602054 0.814200
vt 0.597974 0.817300
vt 0.580134 0.820900
vt 0.588934 0.820200
vt 0.724214 0.815900
vt 0.752934 0.813000
vt 0.574614 0.791800
vt 0.552614 0.794300
vt 0.546054 0.793200
vt 0.584534 0.793500
vt 0.589494 0.794300
vt 0.556774 0.795000
vt 0.552374 0.794200
vt 0.584294 0.793400
vt 0.545494 0.793100
vt 0.533734 0.791100
vt 0.526374 0.789800
vt 0.529414 0.790400
vt 0.546774 0.793300
vt 0.566534 0.796600
vt 0.575814 0.798200
vt 0.580534 0.799000
vt 0.782854 0.810800
vt 0.779414 0.810300
vt 0.795841 0.812300
vt 0.782374 0.810700
vt 0.779014 0.810200
vt 0.752454 0.812900
vt 0.723814 0.815900
vt 0.588694 0.820200
vt 0.580934 0.824100
vt 0.575414 0.823000
vt 0.573254 0.824100
vt 0.577894 0.824900
vt 0.581094 0.824100
vt 0.575574 0.823000
vt 0.570854 0.821700
vt 0.562534 0.789800
vt 0.534374 0.791200
vt 0.555254 0.788600
vt 0.527174 0.790000
vt 0.530294 0.790500
vt 0.555334 0.788600
vt 0.547574 0.793400
vt 0.575734 0.792300
vt 0.567174 0.796700
vt 0.589974 0.794600
vt 0.576134 0.798200
vt 0.599414 0.795900
vt 0.954570 0.879947
vt 0.945459 0.841322
vt 0.846679 0.859961
vt 0.955267 0.897857
vt 0.955536 0.857412
vt 0.841932 0.877523
vt 0.968407 0.796505
vt 0.961540 0.795279
vt 0.955219 0.798940
vt 0.951478 0.806590
vt 0.973758 0.802387
vt 0.973927 0.819780
vt 0.975813 0.811098
vt 0.965689 0.826253
vt 0.955290 0.823237
vt 0.951535 0.815718
vt 0.953473 0.794889
vt 0.946375 0.796134
vt 0.940854 0.801963
vt 0.938775 0.810576
vt 0.960028 0.798624
vt 0.963902 0.806128
vt 0.940740 0.819175
vt 0.959946 0.822585
vt 0.963842 0.815073
vt 0.949294 0.825586
vt 0.921735 0.815244
vt 0.891289 0.809808
vt 0.863264 0.826040
vt 0.846929 0.900429
vt 0.863579 0.933765
vt 0.909684 0.947141
vt 0.946209 0.918438
vt 0.938021 0.823485
vt 0.908385 0.806601
vt 0.876295 0.812229
vt 0.851333 0.838582
vt 0.850819 0.916399
vt 0.889491 0.945384
vt 0.937652 0.931818
s 1
usemtl mat_0-crash.jpg
f 1/1/1 2382/2/1 2386/3/1
f 2383/2/4 4/1/4 3906/4/4
f 3909/5/1651 2384/2/1651 3907/4/1651
f 5661/6/2082 3912/5/2082 3908/4/2082
f 5665/7/5 5663/6/5 5/4/5
f 2395/8/1657 5664/6/1657 5666/7/1657
f 2396/9/8 2391/8/8 8/7/8
f 2398/10/1655 2392/8/1655 2397/9/1655
f 3916/11/10 2399/10/10 10/9/10
f 4690/12/12 2400/10/12 12/11/12
f 4692/13/1658 2401/10/1658 4691/12/1658
f 5667/14/13 4693/13/13 13/12/13
f 6011/15/15 4694/13/15 15/14/15
f 2407/16/1660 4695/13/1660 6012/15/1660
f 2408/17/16 2403/16/16 16/15/16
f 2409/18/18 2404/16/18 18/17/18
f 2411/19/1659 2405/16/1659 2410/18/1659
f 4697/20/19 2414/19/19 19/18/19
f 5307/21/1662 2415/19/1662 4698/20/1662
f 5668/22/20 5310/21/20 21/20/20
f 3910/5/2083 5309/21/2083 5669/22/2083
f 6013/23/2084 3913/5/2084 5670/22/2084
f 25/24/22 6014/23/22 23/22/22
f 2417/25/1663 6015/23/1663 2416/24/1663
f 705/26/542 5523/27/2369 867/28/670
f 702/29/539 5523/27/2369 705/26/542
f 702/30/539 832/31/645 5523/32/2369
f 3927/33/27 3929/34/27 29/35/27
f 3928/33/2086 3933/36/2086 3931/34/2086
f 3938/37/25 3934/36/25 27/33/25
f 3939/37/2088 5671/38/2088 3935/36/2088
f 3940/37/2089 6017/39/2089 5672/38/2089
f 34/40/29 6018/39/29 31/37/29
f 3943/41/33 6019/39/33 36/42/33
f 3946/41/31 5673/38/31 33/39/31
f 3947/43/2090 5674/38/2090 3944/41/2090
f 5313/44/34 5675/38/34 37/43/34
f 5314/44/30 3936/36/30 32/38/30
f 4701/45/35 3937/36/35 38/44/35
f 4700/45/28 3932/34/28 30/36/28
f 4702/45/26 4703/46/26 28/34/26
f 6020/47/36 4706/46/36 39/45/36
f 6021/47/1666 2425/48/1666 4707/46/1666
f 6022/47/1664 2426/33/1664 2422/48/1664
f 3950/49/38 2427/33/38 41/47/38
f 3951/40/41 2428/33/41 44/49/41
f 3952/40/1667 3953/50/1667 2429/33/1667
f 5315/51/42 3955/50/42 45/40/42
f 5316/51/2091 5676/52/2091 3956/50/2091
f 6023/53/44 5678/52/44 47/51/44
f 6024/53/47 50/54/47 5679/52/47
f 51/55/46 2440/54/46 49/53/46
f 4710/56/49 4711/57/49 54/58/49
f 52/56/48 55/59/48 53/57/48
f 6249/60/52 6252/61/52 58/62/52
f 59/63/51 57/61/51 6250/60/51
f 4712/64/55 4715/65/55 62/66/55
f 4713/64/54 4716/67/54 61/65/54
f 4714/64/56 4717/68/56 63/67/56
f 60/64/53 4719/69/53 64/68/53
f 6251/60/58 66/70/58 3958/63/58
f 2448/71/50 2445/70/50 56/60/50
f 2449/72/59 2446/70/59 67/71/59
f 2450/72/1670 2451/73/1670 2447/70/1670
f 4721/74/60 2452/73/60 68/72/60
f 5317/75/61 69/73/61 4722/74/61
f 6253/76/64 6254/77/64 74/78/64
f 6180/79/63 73/77/63 72/76/63
f 75/79/65 4720/69/65 6255/77/65
f 4718/68/57 65/69/57 6179/79/57
f 4724/80/67 4725/81/67 78/82/67
f 76/80/66 79/83/66 77/81/66
f 70/74/62 80/84/62 71/75/62
f 6323/85/69 2454/86/69 82/87/69
f 2455/88/68 81/86/68 6324/85/68
f 5318/89/72 85/90/72 5321/91/72
f 87/92/73 544/93/422 6256/94/2454
f 3894/95/2079 544/93/422 87/92/73
f 3894/95/2079 3964/96/2093 544/93/422
f 3894/95/2079 459/97/357 3964/96/2093
f 3966/98/2094 459/97/357 3894/95/2079
f 6027/99/2430 6032/100/2431 4742/101/2249
f 2458/102/1673 6030/100/1673 6028/99/1673
f 2459/103/1671 2456/102/1671 6029/99/1671
f 3967/104/74 2461/103/74 88/99/74
f 3968/105/77 2462/103/77 91/104/77
f 3970/106/1674 2463/103/1674 3969/105/1674
f 5322/107/78 3971/106/78 92/105/78
f 5680/108/80 3972/106/80 94/107/80
f 5681/109/81 3973/106/81 95/108/81
f 97/110/82 3974/106/82 96/109/82
f 2464/103/79 93/106/79 2469/110/79
f 2470/111/1675 2465/103/1675 2468/110/1675
f 3975/112/83 2467/103/83 98/111/83
f 3978/113/1676 2466/103/1676 3976/112/1676
f 4735/114/2095 3980/113/2095 3977/112/2095
f 225/115/181 4737/114/2247 99/112/84
f 6257/116/87 6258/117/87 103/118/87
f 101/116/86 104/119/86 102/117/86
f 4738/120/2248 4742/121/2249 3964/96/2093
f 4743/95/89 106/121/89 4739/120/89
f 4744/122/90 107/95/90 4740/120/90
f 4741/120/91 4745/123/91 108/122/91
f 110/85/88 109/123/88 105/120/88
f 5319/89/93 2471/124/93 112/125/93
f 113/126/92 111/124/92 5320/89/92
f 5323/127/95 5324/118/95 116/116/95
f 114/127/94 117/117/94 115/118/94
f 6342/116/97 2472/117/97 120/118/97
f 118/116/96 121/127/96 119/117/96
f 5325/128/2335 5326/129/2336 122/130/98
f 5325/128/2335 5327/131/2337 5326/129/2336
f 5325/128/2335 5328/129/2338 5327/131/2337
f 6042/130/2433 5328/129/2338 5325/128/2335
f 3996/132/2098 4001/133/2098 4002/134/2098
f 3997/132/100 4004/135/100 124/133/100
f 3998/132/101 4005/136/101 126/135/101
f 4006/134/102 127/136/102 3999/132/102
f 6343/127/105 2473/118/105 130/116/105
f 129/127/104 2475/117/104 2474/118/104
f 5329/137/2339 4234/138/2150 4236/139/2152
f 5330/137/108 5331/140/108 133/138/108
f 5337/141/107 5333/140/107 132/137/107
f 5338/141/1679 2479/142/1679 5334/140/1679
f 5339/141/1678 2480/143/1678 2477/142/1678
f 4013/144/110 2481/143/110 135/141/110
f 4014/145/113 2482/143/113 138/144/113
f 4015/145/1680 4016/146/1680 2483/143/1680
f 5340/147/114 4017/146/114 139/145/114
f 5341/147/2102 5682/148/2102 4018/146/2102
f 143/149/118 5683/148/2395 141/147/116
f 2485/150/1681 5683/148/2395 143/149/118
f 2485/150/1681 2486/151/1682 5683/148/2395
f 5524/152/2370 2486/151/1682 2485/150/1681
f 4023/153/2104 2486/151/1682 5524/152/2370
f 408/154/315 2486/151/1682 4023/153/2104
f 408/154/315 4024/155/2105 2486/151/1682
f 542/156/420 4024/155/2105 408/154/315
f 542/156/420 5335/140/2340 4024/155/2105
f 4234/138/2150 134/140/109 542/156/420
f 6344/118/120 2487/127/120 146/116/120
f 144/118/119 147/117/119 145/127/119
f 5342/117/122 5343/116/122 150/118/122
f 148/117/121 151/127/121 149/116/121
f 6345/157/2459 647/158/496 201/159/162
f 4755/160/125 4757/161/125 154/162/125
f 4760/163/2250 4758/161/2250 4756/160/2250
f 4765/164/123 4761/163/123 152/160/123
f 3986/165/127 4762/163/127 156/164/127
f 2387/3/1652 3984/165/1652 4766/164/1652
f 2385/2/3 3983/165/3 3/3/3
f 3911/5/2 3985/165/2 2/2/2
f 6016/23/6 3987/165/6 6/5/6
f 2418/25/23 3982/165/23 24/23/23
f 2489/166/24 3988/165/24 26/25/24
f 4763/163/128 157/165/128 158/166/128
f 2490/167/1683 4764/163/1683 2488/166/1683
f 4759/161/126 155/163/126 159/167/126
f 160/168/124 153/161/124 2491/167/124
f 5345/169/131 5346/170/131 163/171/131
f 161/169/129 5349/172/129 5347/170/129
f 6346/173/134 2502/174/134 167/175/134
f 2505/176/132 2503/174/132 165/173/132
f 2506/177/135 2504/174/135 168/176/135
f 2507/177/133 2508/178/133 166/174/133
f 5350/179/136 2509/178/136 169/177/136
f 5351/179/137 5684/180/137 170/178/137
f 6034/181/138 5685/180/138 171/179/138
f 6035/181/139 174/182/139 172/180/139
f 6036/181/1686 2511/183/1686 2510/182/1686
f 176/184/140 175/183/140 173/181/140
f 5352/185/143 5356/48/143 179/48/143
f 5358/34/2341 5357/48/2341 5353/185/2341
f 5359/34/142 5688/34/142 178/48/142
f 5360/34/1690 2516/186/1690 5690/34/1690
f 2517/187/1687 2512/186/1687 5361/34/1687
f 2519/188/1688 2513/186/1688 2518/187/1688
f 2520/188/1689 2522/189/1689 2514/186/1689
f 4771/190/1691 2525/189/1691 2521/188/1691
f 4772/190/148 5363/191/148 185/189/148
f 5691/192/2251 5364/191/2251 4773/190/2251
f 5693/192/150 5366/193/150 187/191/150
f 2531/194/152 189/193/152 5694/192/152
f 2530/194/1696 5354/185/1696 5365/193/1696
f 2532/195/1692 5355/185/1692 2526/194/1692
f 191/195/141 5362/34/141 177/185/141
f 183/187/144 180/34/144 2533/195/144
f 4778/196/147 4774/190/147 184/188/147
f 4779/196/2252 4780/197/2252 4775/190/2252
f 4784/198/154 4782/197/154 192/196/154
f 4785/198/2253 5367/199/2253 4783/197/2253
f 5695/196/156 5368/199/156 194/198/156
f 5696/196/2342 6037/200/2342 5369/199/2342
f 198/199/158 6039/200/158 196/196/158
f 2536/196/1697 6040/200/1697 2535/199/1697
f 2537/196/1698 4038/201/1698 6041/200/1698
f 4044/202/160 4042/201/160 199/196/160
f 202/202/163 4787/203/2254 4043/201/2110
f 202/202/163 647/204/496 4787/203/2254
f 201/188/162 647/204/496 202/202/163
f 571/205/444 201/206/162 202/207/163
f 571/205/444 2538/208/1699 201/206/162
f 4789/209/2255 2538/208/1699 571/205/444
f 4790/210/2256 2538/208/1699 203/209/164
f 4792/211/2257 2538/208/1699 4790/210/2256
f 2539/212/1700 2538/208/1699 4792/211/2257
f 2539/212/1700 201/206/162 2538/208/1699
f 2539/212/1700 6345/213/2459 201/206/162
f 2539/212/1700 2540/214/1701 6345/213/2459
f 4792/211/2257 2540/214/1701 2539/212/1700
f 697/215/534 2540/214/1701 4792/211/2257
f 4811/216/2262 2540/214/1701 697/215/534
f 4810/217/2261 2540/214/1701 4811/216/2262
f 2541/218/1702 2540/214/1701 4810/217/2261
f 204/219/165 2540/214/1701 2541/218/1702
f 204/219/165 6345/213/2459 2540/214/1701
f 204/219/165 4246/220/2157 6345/213/2459
f 204/219/165 6325/121/2457 4246/220/2157
f 204/219/165 5977/221/2428 6325/121/2457
f 204/219/165 4136/222/2133 5977/221/2428
f 204/219/165 205/223/166 4136/222/2133
f 5234/129/2325 3183/128/1877 441/130/340
f 5235/129/2326 5237/131/2328 3183/128/1877
f 5236/129/2327 5238/224/2329 5237/131/2328
f 207/225/167 5239/224/167 206/129/167
f 2546/225/1704 2548/226/1704 5240/224/1704
f 2552/227/1705 2549/226/1705 2547/225/1705
f 3765/228/169 2550/226/169 209/227/169
f 3766/227/170 2551/226/170 210/228/170
f 211/227/168 5241/224/168 208/226/168
f 443/225/342 5238/224/2329 3767/227/2052
f 443/225/342 5237/131/2328 5238/224/2329
f 5697/129/2396 5237/131/2328 443/225/342
f 5697/129/2396 3183/128/1877 5237/131/2328
f 5849/130/2408 3183/128/1877 5697/129/2396
f 2553/118/173 2555/127/173 214/116/173
f 2554/118/172 2556/117/172 213/127/172
f 5698/229/2397 4792/211/2257 4790/230/2256
f 216/229/175 217/231/175 4791/211/175
f 6314/89/178 2559/91/178 220/90/178
f 4803/232/2259 4805/233/2259 4807/234/2259
f 4809/235/2260 4806/233/2260 4804/232/2260
f 4737/236/2247 646/237/495 4245/238/2156
f 225/239/181 646/237/495 4737/236/2247
f 225/239/181 440/240/339 646/237/495
f 5242/241/2330 5244/242/2331 547/243/425
f 5243/241/182 5246/244/182 226/242/182
f 545/245/423 5248/244/2332 5242/241/2330
f 5252/245/1708 2564/246/1708 5249/244/1708
f 2541/247/1702 2565/246/1709 545/245/423
f 2541/247/1702 2567/248/1710 2562/246/1706
f 4810/249/2261 2567/248/1710 2541/247/1702
f 4811/250/2262 2567/248/1710 4810/249/2261
f 442/251/341 2567/248/1710 4811/250/2262
f 442/251/341 4812/252/2263 2567/248/1710
f 501/253/389 4812/252/2263 442/251/341
f 230/254/186 4812/252/2263 501/253/389
f 2568/254/1711 2570/255/1711 4813/252/1711
f 2574/256/1712 2571/255/1712 2569/254/1712
f 2575/256/1713 3772/257/1713 2572/255/1713
f 4814/258/188 3774/257/188 232/256/188
f 5254/259/190 3775/257/190 234/258/190
f 5256/259/2054 5257/260/2054 3776/257/2054
f 235/259/191 5250/244/191 5259/260/191
f 5245/242/183 227/244/183 5255/259/183
f 6330/261/195 2576/262/195 239/263/195
f 2578/264/193 2577/262/193 237/261/193
f 241/265/196 4808/234/196 242/266/196
f 221/232/179 223/234/179 4815/265/179
f 5978/267/198 5979/268/198 245/269/198
f 246/270/197 244/268/197 243/267/197
f 3784/271/200 248/272/200 3787/273/200
f 3788/274/201 3785/271/201 249/273/201
f 3789/275/202 3786/271/202 250/274/202
f 252/276/199 247/271/199 251/275/199
f 222/233/180 224/235/180 253/277/180
f 2585/278/205 2586/279/205 256/280/205
f 2589/281/203 2587/279/203 254/278/203
f 2591/282/206 2588/279/206 257/281/206
f 2579/264/204 255/279/204 258/282/204
f 238/262/194 240/264/194 2590/282/194
f 5980/283/208 260/284/208 5982/285/208
f 2596/286/1718 5981/283/1718 5983/285/1718
f 2592/286/209 261/285/209 2597/287/209
f 2599/288/1716 2593/286/1716 2598/287/1716
f 2600/288/210 263/287/210 3790/289/210
f 4823/285/1719 2601/288/1719 3791/289/1719
f 4824/285/212 265/289/212 5262/290/212
f 4825/285/214 267/290/214 5699/291/214
f 4826/285/215 268/291/215 4834/292/215
f 2602/288/213 266/285/213 4833/292/213
f 2603/288/216 269/292/216 270/293/216
f 2594/286/211 264/288/211 2604/293/211
f 2595/286/1717 2605/293/1717 2606/294/1717
f 259/283/207 262/286/207 271/294/207
f 4835/295/218 273/296/218 4837/297/218
f 4836/295/2264 4838/297/2264 4840/298/2264
f 4843/299/217 272/295/217 4841/298/217
f 5984/300/220 276/299/220 4842/298/220
f 278/301/222 279/302/222 280/303/222
f 5265/300/221 277/300/221 5267/298/221
f 5266/300/2333 5269/298/2333 5272/304/2333
f 5276/305/223 281/300/223 5273/304/223
f 5985/306/225 284/305/225 5274/304/225
f 286/307/226 285/306/226 5275/304/226
f 2612/307/224 283/304/224 5270/298/224
f 2613/308/1720 2611/307/1720 5271/298/1720
f 4839/297/227 287/308/227 5268/298/227
f 274/297/219 282/298/219 275/298/219
f 4848/309/229 289/310/229 4850/311/229
f 4852/312/2266 4849/309/2266 4851/311/2266
f 4853/312/230 290/311/230 5705/313/230
f 5989/314/2267 4854/312/2267 5706/313/2267
f 5990/314/231 292/313/231 294/315/231
f 5991/314/1723 2618/315/1723 2619/316/1723
f 5992/314/233 295/316/233 3794/317/233
f 4855/312/232 293/314/232 296/317/232
f 4856/312/2061 3795/317/2061 4857/318/2061
f 288/309/228 291/312/228 297/318/228
f 5707/319/235 299/320/235 5709/321/235
f 5711/322/2398 5708/319/2398 5710/321/2398
f 5713/322/236 300/321/236 302/323/236
f 5714/322/1724 2620/323/1724 2621/324/1724
f 3812/325/1725 5715/322/1725 2622/324/1725
f 3813/325/237 303/324/237 3817/326/237
f 4864/327/2066 3814/325/2066 3818/326/2066
f 4865/327/239 305/326/239 5280/328/239
f 4866/327/241 307/328/241 5716/329/241
f 4867/327/242 308/329/242 4869/330/242
f 3815/325/240 306/327/240 4868/330/240
f 3816/325/243 309/330/243 4870/331/243
f 5712/322/238 304/325/238 310/331/238
f 301/322/234 4871/331/234 298/319/234
f 3819/332/245 312/333/245 3821/334/245
f 3823/335/2067 3820/332/2067 3822/334/2067
f 3824/335/246 313/334/246 5281/336/246
f 3825/335/247 315/336/247 5717/336/247
f 5719/337/2068 3826/335/2068 5718/336/2068
f 5720/337/248 316/336/248 318/338/248
f 2628/332/1726 5721/337/1726 2626/338/1726
f 2629/332/1727 2627/338/1727 2632/339/1727
f 2630/332/251 320/339/251 3829/340/251
f 2631/332/252 321/340/252 3830/341/252
f 5722/337/250 319/332/250 322/341/250
f 5723/337/2070 3831/341/2070 3833/342/2070
f 3827/335/249 317/337/249 323/342/249
f 314/335/244 3832/342/244 311/332/244
f 6281/343/254 325/344/254 326/345/254
f 2635/306/1728 6282/343/1728 2633/345/1728
f 2636/306/1729 2634/345/1729 2637/346/1729
f 327/306/255 328/346/255 3834/347/255
f 5724/348/258 5725/349/258 332/350/258
f 5282/351/256 329/347/256 334/352/256
f 2640/353/1730 5284/351/1730 2638/352/1730
f 2641/353/1731 2639/352/1731 2644/354/1731
f 2642/353/261 336/354/261 3837/355/261
f 2643/353/262 337/355/262 3838/356/262
f 5285/351/260 335/353/260 338/356/260
f 333/351/259 3839/356/259 5726/357/259
f 5283/351/253 339/357/253 324/343/253
f 331/349/257 330/348/257 340/358/257
f 6332/359/264 342/360/264 2652/361/264
f 3840/362/263 341/359/263 2653/361/263
f 3841/362/265 343/361/265 3845/363/265
f 3842/362/267 345/363/267 4881/364/267
f 4883/365/2071 3843/362/2071 4882/364/2071
f 4884/365/268 346/364/268 5727/366/268
f 4885/365/270 348/366/270 5997/367/270
f 4886/365/271 349/367/271 4888/368/271
f 3844/362/269 347/365/269 4887/368/269
f 344/362/266 350/368/266 6331/359/266
f 3846/369/273 352/370/273 3848/371/273
f 3850/372/2072 3847/369/2072 3849/371/2072
f 3852/372/274 353/371/274 5289/373/274
f 3853/372/275 355/373/275 5728/374/275
f 5730/375/2073 3854/372/2073 5729/374/2073
f 5731/375/276 356/374/276 358/376/276
f 2664/377/1734 5732/375/1734 2662/376/1734
f 2665/377/1735 2663/376/1735 2668/378/1735
f 2666/377/279 360/378/279 3855/379/279
f 2667/377/280 361/379/280 3856/380/280
f 5733/375/278 359/377/278 362/380/278
f 5734/375/281 3857/380/281 363/381/281
f 3851/372/277 357/375/277 3859/381/277
f 354/372/272 3858/381/272 351/369/272
f 6283/382/283 365/383/283 366/384/283
f 2679/385/1737 6284/382/1737 2677/384/1737
f 2680/385/1738 2678/384/1738 2684/386/1738
f 2681/385/284 368/386/284 3860/387/284
f 3862/388/1739 2682/385/1739 3861/387/1739
f 3863/388/285 369/387/285 5290/389/285
f 5735/390/2074 3864/388/2074 5291/389/2074
f 5736/390/287 371/389/287 5998/391/287
f 5737/390/289 373/391/289 374/392/289
f 5738/390/1740 2685/392/1740 2686/393/1740
f 3865/388/288 372/390/288 375/393/288
f 3866/388/1741 2687/393/1741 3867/394/1741
f 2683/385/286 370/388/286 3868/394/286
f 367/385/282 376/394/282 364/382/282
f 5292/395/291 378/396/291 5295/397/291
f 5297/398/2334 5293/395/2334 5296/397/2334
f 5298/398/292 379/397/292 6001/399/292
f 5299/398/293 381/399/293 382/400/293
f 2690/401/1742 5300/398/1742 2688/400/1742
f 2691/401/1743 2689/400/1743 2696/402/1743
f 3869/403/1744 2692/401/1744 2697/402/1744
f 3870/403/294 384/402/294 4889/404/294
f 3871/403/296 386/404/296 5301/405/296
f 3872/403/297 387/405/297 3874/406/297
f 2693/401/295 385/403/295 3873/406/295
f 2694/401/298 388/406/298 3875/407/298
f 2695/401/299 389/407/299 5294/395/299
f 380/398/290 383/401/290 377/395/290
f 2457/102/1672 2698/408/1672 6031/100/1672
f 2460/103/75 2700/408/75 89/102/75
f 3979/113/76 2701/408/76 90/103/76
f 4736/114/85 2702/408/85 100/113/85
f 2703/409/1746 2699/408/1745 4737/114/2247
f 6032/100/2431 390/408/300 2703/409/1746
f 4890/410/2268 4892/411/2268 4895/412/2268
f 4897/413/2269 4891/410/2269 4896/412/2269
f 4898/413/302 393/412/302 5739/414/302
f 4899/413/304 395/414/304 6002/412/304
f 397/410/303 394/413/303 6003/412/303
f 2706/415/1747 2705/410/1747 6004/412/1747
f 2707/415/305 396/412/305 3884/411/305
f 3886/416/306 398/415/306 3885/411/306
f 3888/416/307 399/411/307 4900/417/307
f 3887/416/309 401/417/309 4893/411/309
f 402/415/308 400/416/308 4894/411/308
f 4901/415/301 392/411/301 391/410/301
f 3965/418/311 6338/419/311 404/420/311
f 3891/421/2078 6339/419/2458 3966/418/2094
f 3889/421/310 3892/422/310 403/419/310
f 3890/421/312 3893/423/312 405/422/312
f 3891/421/2078 6322/85/2456 406/423/313
f 3891/421/2078 407/424/314 6322/85/2456
f 3966/418/2094 407/424/314 3891/421/2078
f 3894/95/2079 407/424/314 3966/418/2094
f 3895/425/2080 407/424/314 3894/95/2079
f 3895/425/2080 6322/85/2456 407/424/314
f 3895/425/2080 4902/426/2270 6322/85/2456
f 3895/425/2080 5524/427/2370 4902/426/2270
f 3895/425/2080 4023/428/2104 5524/427/2370
f 3895/425/2080 408/429/315 4023/428/2104
f 3895/425/2080 3896/430/2081 408/429/315
f 3894/95/2079 3896/430/2081 3895/425/2080
f 87/92/73 3896/430/2081 3894/95/2079
f 642/121/492 3896/430/2081 87/92/73
f 422/431/325 3896/430/2081 642/121/492
f 6285/222/2455 3896/430/2081 422/431/325
f 6279/432/317 410/433/317 411/434/317
f 2715/314/316 409/432/316 2713/434/316
f 2716/314/1750 2714/434/1750 2720/435/1750
f 2717/314/319 413/435/319 3898/436/319
f 3900/437/1751 2718/314/1751 3899/436/1751
f 3901/437/320 414/436/320 5304/438/320
f 3902/437/322 416/438/322 5746/439/322
f 3903/437/323 417/439/323 3905/440/323
f 2719/314/321 415/437/321 3904/440/321
f 412/314/318 418/440/318 6278/432/318
f 2476/117/1677 122/441/98 5326/118/2336
f 131/117/106 4236/442/2152 122/441/98
f 4903/116/2271 6238/117/2452 143/118/118
f 419/116/324 421/127/324 420/117/324
f 6228/443/2451 6285/133/2455 422/134/325
f 6228/443/2451 423/444/326 6285/133/2455
f 6228/443/2451 4136/133/2133 423/444/326
f 5977/134/2428 4136/133/2133 6228/443/2451
f 143/116/118 5328/117/2338 2485/118/1681
f 143/116/118 6238/127/2452 5328/117/2338
f 2728/445/1757 2730/446/1757 2732/447/1757
f 2734/448/1758 2731/446/1758 2729/445/1758
f 6032/100/2431 6239/449/2453 6256/450/2454
f 2703/409/1746 6239/449/2453 6032/100/2431
f 428/451/330 6239/449/2453 2703/409/1746
f 4137/452/2134 428/451/330 2703/409/1746
f 4737/114/2247 4137/452/2134 2703/409/1746
f 4245/453/2156 4137/452/2134 4737/114/2247
f 4138/117/332 4139/116/332 431/118/332
f 429/117/331 432/119/331 430/116/331
f 2527/194/1693 2737/36/1693 2534/195/1693
f 2528/194/1694 2740/454/1694 2738/36/1694
f 2529/194/1695 2744/455/1695 2741/454/1695
f 5692/192/153 2748/455/153 190/194/153
f 4776/190/151 2746/455/151 188/192/151
f 4781/197/149 2745/455/149 186/190/149
f 5370/199/155 2747/455/155 193/197/155
f 5371/199/1760 2754/456/1760 2749/455/1760
f 6038/200/157 2755/456/157 195/199/157
f 4039/201/159 2753/456/159 197/200/159
f 4040/201/1761 2756/457/1761 2751/456/1761
f 4041/201/1762 4140/186/1762 2757/457/1762
f 4788/203/161 4144/186/161 200/201/161
f 4787/203/2254 4546/458/2217 4141/186/2135
f 4787/203/2254 440/199/339 4546/458/2217
f 647/204/496 440/199/339 4787/203/2254
f 2765/459/171 2557/117/171 212/118/171
f 441/459/340 547/442/425 215/117/174
f 5849/460/2408 442/118/341 4811/459/2262
f 5849/460/2408 5697/117/2396 442/118/341
f 5697/117/2396 501/116/389 442/118/341
f 5697/117/2396 443/127/342 501/116/389
f 4704/46/2087 4549/461/2087 3930/34/2087
f 6070/462/2218 4550/461/2218 4705/46/2218
f 6071/462/343 4162/42/343 444/461/343
f 2771/463/345 446/42/345 6072/462/345
f 2769/463/1769 3945/41/1769 4161/42/1769
f 2770/463/32 3948/43/32 35/41/32
f 2766/463/1767 2772/464/1767 3949/43/1767
f 2774/188/1768 2773/464/1768 2767/463/1768
f 2775/188/347 4163/465/347 448/464/347
f 4551/463/1770 4164/465/1770 2776/188/1770
f 4552/463/349 5174/464/349 450/465/349
f 5760/466/2219 5175/464/2219 4553/463/2219
f 5761/466/351 6074/463/351 452/464/351
f 5762/466/353 455/464/353 454/463/353
f 2780/190/1771 2778/464/1771 5763/466/1771
f 2781/190/1772 2786/464/1772 2779/464/1772
f 4165/201/1773 2787/464/1773 2782/190/1773
f 4166/201/355 4556/200/355 457/464/355
f 4167/201/2138 459/467/357 3966/200/2094
f 4168/201/2139 3964/188/2093 459/467/357
f 4169/201/358 2789/44/358 460/188/358
f 4170/201/1776 2795/457/1776 2790/44/1776
f 2783/190/356 2794/457/356 458/201/356
f 2784/190/1774 2796/38/1774 2791/457/1774
f 2785/190/1775 4045/45/1775 2797/38/1775
f 5764/466/354 4049/45/354 456/190/354
f 4554/463/352 4048/45/352 453/466/352
f 4555/463/1778 2807/456/1778 4046/45/1778
f 2777/188/350 2808/456/350 451/463/350
f 2768/463/348 2805/456/348 449/188/348
f 6073/462/346 2810/456/346 447/463/346
f 4708/46/344 2811/456/344 445/462/344
f 2424/48/37 2806/456/37 40/46/37
f 2423/48/1665 2812/47/1665 2809/456/1665
f 2430/33/39 2814/47/39 42/48/39
f 2431/33/1668 2819/49/1668 2816/47/1668
f 3954/50/40 2820/49/40 43/33/40
f 3957/50/1779 2824/468/1779 2821/49/1779
f 5677/52/43 2825/468/43 46/50/43
f 2442/54/45 2822/468/45 48/52/45
f 2788/44/1669 2826/468/1669 2441/54/1669
f 2793/457/359 2823/468/359 461/44/359
f 2792/457/364 2817/49/364 468/468/364
f 2799/38/360 2818/49/360 462/457/360
f 2798/38/363 2813/47/363 467/49/363
f 4047/45/361 2815/47/361 463/38/361
f 464/45/362 465/456/362 466/47/362
f 428/469/330 642/470/492 6239/471/2453
f 428/469/330 6347/472/2460 642/470/492
f 428/469/330 6325/470/2457 6347/472/2460
f 4137/473/2134 6325/470/2457 428/469/330
f 5176/133/2099 4173/474/2099 4003/134/2099
f 6075/134/365 4175/474/365 469/133/365
f 423/443/326 4176/474/2140 6285/134/2455
f 4136/134/2133 4177/474/2141 423/443/326
f 4179/133/366 4178/474/366 471/134/366
f 4007/134/367 4174/474/367 472/133/367
f 4000/132/103 4172/474/103 128/134/103
f 123/132/99 125/134/99 470/474/99
f 2839/475/1782 4025/155/1782 5332/140/1782
f 2836/475/1781 2486/151/1682 4024/155/2105
f 2840/475/1783 5683/148/2395 2486/151/1682
f 2838/475/117 4019/146/117 142/148/117
f 2837/475/115 2484/143/115 140/146/115
f 2835/475/112 2478/142/112 137/143/112
f 5336/140/111 136/142/111 473/475/111
f 5765/476/2400 5767/477/2400 5769/478/2400
f 5766/476/2401 5770/478/2401 5774/479/2401
f 478/480/368 474/476/368 5775/479/368
f 2841/480/1784 5776/479/1784 2843/481/1784
f 2848/482/1785 2842/480/1785 2844/481/1785
f 2849/482/1786 2845/481/1786 4180/483/1786
f 5768/477/373 480/482/373 4183/483/373
f 5771/478/369 475/477/369 4184/483/369
f 5772/478/2142 4181/483/2142 5177/484/2142
f 5773/478/2317 5178/484/2317 5779/485/2317
f 5777/479/370 476/478/370 5782/485/370
f 5778/479/2143 5780/485/2143 4186/486/2143
f 2846/481/371 477/479/371 4185/486/371
f 2847/481/1787 4187/486/1787 4189/487/1787
f 4182/483/372 479/481/372 4190/487/372
f 5179/484/374 481/483/374 4191/487/374
f 5783/488/2144 5180/484/2144 4192/487/2144
f 5785/488/377 485/487/377 4188/486/377
f 5784/488/376 484/486/376 5781/485/376
f 482/484/375 486/488/375 483/485/375
f 4193/489/380 4195/490/380 489/491/380
f 4194/489/2145 4198/492/2145 4196/490/2145
f 4202/493/378 4199/492/378 487/489/378
f 4203/493/2147 5786/493/2147 4200/492/2147
f 6076/494/382 5787/493/382 491/493/382
f 6077/494/1788 2856/48/1788 5788/493/1788
f 2858/47/384 2852/48/384 493/494/384
f 2739/36/386 2855/48/386 495/47/386
f 2743/454/333 2857/48/333 433/36/333
f 2742/454/1759 2859/495/1759 2853/48/1759
f 2750/455/334 2863/495/334 434/454/334
f 2752/456/335 2860/495/335 435/455/335
f 2758/457/336 2861/495/336 436/456/336
f 2759/457/1763 2865/494/1763 2862/495/1763
f 4143/186/337 2866/494/337 437/457/337
f 4142/186/1789 4565/40/1789 2867/494/1789
f 439/458/338 4567/40/338 438/186/338
f 4197/490/2146 4566/40/2146 4547/458/2146
f 4201/492/379 4568/40/379 488/490/379
f 5790/493/381 4569/40/381 490/492/381
f 5789/493/387 2868/494/387 498/40/387
f 2854/48/383 2864/494/383 492/493/383
f 494/48/385 496/495/385 497/494/385
f 443/117/342 6078/116/2438 501/118/389
f 499/117/388 502/127/388 500/116/388
f 4211/496/391 504/497/391 4213/498/391
f 4215/499/2148 4212/496/2148 4214/498/2148
f 4216/499/392 505/498/392 5181/500/392
f 5791/501/2149 4217/499/2149 5182/500/2149
f 5792/501/393 507/500/393 6079/502/393
f 2882/503/1791 5793/501/1791 6080/502/1791
f 2879/503/395 509/502/395 2883/504/395
f 2880/503/397 511/504/397 2884/505/397
f 2881/503/398 512/505/398 2885/506/398
f 5794/501/396 510/503/396 513/506/396
f 5795/501/1792 2886/506/1792 5183/507/1792
f 4218/499/394 508/501/394 514/507/394
f 4219/499/399 5184/507/399 515/508/399
f 503/496/390 506/499/390 4220/508/390
f 6197/509/401 517/510/401 518/511/401
f 2894/512/400 516/509/400 2892/511/400
f 2895/512/1794 2893/511/1794 2899/513/1794
f 4223/514/1795 2896/512/1795 2900/513/1795
f 4224/514/403 520/513/403 4573/515/403
f 4225/514/405 522/515/405 5185/516/405
f 4226/514/406 523/516/406 4228/517/406
f 2897/512/404 521/514/404 4227/517/404
f 2898/512/407 524/517/407 4229/115/407
f 6196/509/402 519/512/402 525/115/402
f 2908/518/409 527/519/409 2910/396/409
f 2909/518/1797 2911/396/1797 2913/520/1797
f 2917/521/408 526/518/408 2914/520/408
f 5186/522/411 530/521/411 2915/520/411
f 5187/522/1799 2916/520/1799 4576/523/1799
f 6081/524/412 531/522/412 4577/523/412
f 6082/524/1800 4578/523/1800 2922/525/1800
f 2923/526/413 533/524/413 2919/525/413
f 2924/527/415 535/526/415 2920/525/415
f 2925/528/416 536/527/416 2921/525/416
f 537/528/414 534/525/414 4579/523/414
f 538/529/417 2926/528/417 4580/523/417
f 2912/396/1798 4581/529/1798 4575/523/1798
f 528/396/410 532/523/410 529/520/410
f 642/133/492 6228/530/2451 422/134/325
f 6347/531/2460 6228/530/2451 642/133/492
f 6325/133/2457 6228/530/2451 6347/531/2460
f 6325/133/2457 5977/134/2428 6228/530/2451
f 4234/85/2150 4235/532/2151 4236/533/2152
f 4237/534/2153 4235/532/2151 4234/85/2150
f 4237/534/2153 4582/535/2220 4235/532/2151
f 4238/534/418 5805/536/418 539/535/418
f 4237/534/2153 3963/424/2092 5806/536/2402
f 4234/85/2150 3963/424/2092 4237/534/2153
f 542/537/420 3963/424/2092 4234/85/2150
f 408/429/315 3963/424/2092 542/537/420
f 408/429/315 4241/538/2154 3963/424/2092
f 3896/430/2081 4241/538/2154 408/429/315
f 6285/222/2455 4241/538/2154 3896/430/2081
f 4242/539/2155 4241/538/2154 6285/222/2455
f 543/539/421 3963/424/2092 4241/538/2154
f 540/536/419 541/424/419 4243/539/419
f 544/540/422 6032/541/2431 6256/542/2454
f 4742/543/2249 6032/541/2431 544/540/422
f 3964/544/2093 4742/543/2249 544/540/422
f 2541/218/1702 205/223/166 204/219/165
f 2541/218/1702 2966/545/1818 205/223/166
f 545/546/423 2966/545/1818 2541/218/1702
f 5242/216/2330 2966/545/1818 545/546/423
f 5242/216/2330 2967/547/1819 2966/545/1818
f 5242/216/2330 4585/548/2223 2968/547/1820
f 547/549/425 4585/548/2223 5242/216/2330
f 5191/550/1821 2969/547/1821 4586/548/1821
f 2972/536/1822 2970/547/1822 5192/550/1822
f 2971/536/424 2964/545/424 546/547/424
f 2973/217/427 2965/545/427 549/536/427
f 2974/217/1823 205/223/166 2966/545/1818
f 4136/222/2133 205/223/166 550/217/428
f 4245/551/2156 6325/552/2457 4137/553/2134
f 4245/551/2156 4246/554/2157 6325/552/2457
f 6083/555/431 6084/556/431 553/557/431
f 554/558/429 6085/556/429 551/555/429
f 2976/559/1824 6086/556/1824 2975/558/1824
f 4247/560/430 552/556/430 2977/559/430
f 4249/561/432 4248/560/432 555/559/432
f 4589/562/433 556/560/433 4250/561/433
f 5194/563/434 4590/562/434 557/561/434
f 5807/564/435 558/562/435 5195/563/435
f 6087/562/437 560/564/437 5196/563/437
f 562/561/436 6088/562/436 559/563/436
f 3007/560/438 561/562/438 3005/561/438
f 3009/559/1830 3008/560/1830 3006/561/1830
f 4254/556/439 563/560/439 3010/559/439
f 4591/558/440 4255/556/440 564/559/440
f 5197/555/442 4256/556/442 566/558/442
f 568/557/441 565/556/441 567/555/441
f 202/565/163 3014/566/1832 571/567/444
f 572/568/443 570/566/443 569/565/443
f 5202/569/447 5204/570/447 575/571/447
f 5203/569/446 5205/572/446 574/570/446
f 5207/573/445 5206/572/445 573/569/445
f 5208/573/448 3017/574/448 576/572/448
f 3018/575/449 3015/574/449 577/573/449
f 5348/170/450 3016/574/450 579/575/450
f 162/170/130 164/172/130 578/574/130
f 4594/576/453 4596/261/453 582/263/453
f 4597/577/452 581/261/452 4595/576/452
f 4599/578/451 4598/577/451 580/576/451
f 6090/579/454 583/577/454 4600/578/454
f 586/580/455 6091/579/455 584/578/455
f 3035/581/1839 6092/579/1839 3034/580/1839
f 588/582/456 585/579/456 587/581/456
f 427/448/327 424/445/327 589/583/327
f 5813/275/459 5814/271/459 592/276/459
f 5815/271/457 590/275/457 5817/274/457
f 594/273/460 5816/271/460 593/274/460
f 595/272/458 591/271/458 3043/273/458
f 4602/584/462 4603/585/462 598/586/462
f 599/587/461 597/585/461 596/584/461
f 2733/447/328 425/446/328 4281/446/328
f 601/588/329 426/447/329 600/446/329
f 225/589/181 4546/590/2217 440/591/339
f 3047/592/1842 4546/590/2217 225/589/181
f 4287/593/464 3045/590/464 603/592/464
f 4288/594/465 3046/590/465 604/593/465
f 605/594/463 606/211/463 602/590/463
f 6327/124/466 6313/89/466 608/125/466
f 609/126/176 218/89/176 607/124/176
f 2563/246/1707 3050/595/1707 5247/244/1707
f 2566/248/184 3052/595/184 228/246/184
f 4812/252/2263 3054/595/1843 2567/248/1710
f 2573/255/185 3051/595/185 229/252/185
f 3773/257/187 3053/595/187 231/255/187
f 5258/260/189 3055/595/189 233/257/189
f 236/260/192 5251/244/192 610/595/192
f 5216/596/468 612/597/468 5218/598/468
f 5220/599/2323 5217/596/2323 5219/598/2323
f 5221/599/469 613/598/469 6094/600/469
f 3070/601/1847 5222/599/1847 6095/600/1847
f 3066/601/470 615/600/470 3071/602/470
f 3073/603/1846 3067/601/1846 3072/602/1846
f 3074/603/472 617/602/472 4290/604/2163
f 3075/603/474 619/604/474 4612/605/474
f 3076/603/475 620/605/475 3078/606/475
f 3068/601/473 618/603/473 3077/606/473
f 3069/601/476 621/606/476 3079/607/476
f 5223/599/471 616/601/471 622/607/471
f 5224/599/477 3080/607/477 623/608/477
f 611/596/467 614/599/467 5225/608/467
f 3081/609/479 625/610/479 3083/611/479
f 3085/612/1848 3082/609/1848 3084/611/1848
f 3088/612/480 626/611/480 4613/613/480
f 5229/614/1849 3089/612/1849 4614/613/1849
f 5232/614/481 628/613/481 5819/615/481
f 6096/616/2324 5233/614/2324 5820/615/2324
f 6097/616/483 630/615/483 632/617/483
f 6098/616/1850 3090/617/1850 3091/618/1850
f 6099/616/485 633/618/485 4051/619/485
f 5230/614/484 631/616/484 634/619/484
f 5231/614/2111 4052/619/2111 4615/620/2111
f 3086/612/482 629/614/482 4616/620/482
f 3087/612/486 635/620/486 636/621/486
f 624/609/478 627/612/478 3092/621/478
f 2485/118/1681 6042/442/2433 5524/459/2370
f 2485/118/1681 5328/117/2338 6042/442/2433
f 6238/225/2452 5327/131/2337 5328/129/2338
f 6238/225/2452 3095/224/1852 5327/131/2337
f 3096/227/1853 3095/224/1852 6238/225/2452
f 3097/227/1851 3098/226/1851 3093/224/1851
f 4111/228/487 3099/226/487 637/227/487
f 4617/227/489 3100/226/489 639/228/489
f 3103/225/490 3101/226/490 640/227/490
f 3102/225/488 3094/224/488 638/226/488
f 5326/129/2336 3095/224/1852 641/225/491
f 5326/129/2336 5327/131/2337 3095/224/1852
f 642/622/492 6256/623/2454 6239/553/2453
f 642/622/492 87/281/73 6256/623/2454
f 5689/34/493 3110/457/493 644/624/493
f 2515/186/145 3109/457/145 181/34/145
f 2523/189/146 643/457/146 182/186/146
f 2524/189/494 645/191/494 3111/457/494
f 646/625/495 4246/220/2157 4245/626/2156
f 646/625/495 6345/213/2459 4246/220/2157
f 440/591/339 6345/213/2459 646/625/495
f 440/591/339 647/627/496 6345/213/2459
f 3112/412/1856 3114/411/1856 3117/410/1856
f 3113/412/1857 3118/410/1857 3119/413/1857
f 3122/414/497 648/412/497 3120/413/497
f 5112/412/500 652/414/500 3121/413/500
f 5113/412/499 651/413/499 5115/410/499
f 5114/412/502 654/410/502 6043/415/502
f 656/411/501 653/412/501 6044/415/501
f 3128/411/503 655/415/503 3130/416/503
f 3133/417/1859 3129/411/1859 3132/416/1859
f 3115/411/505 658/417/505 3131/416/505
f 3116/411/504 657/416/504 4065/415/504
f 650/410/498 649/411/498 659/415/498
f 5825/628/2403 5830/629/2403 5832/630/2403
f 5834/631/2404 5826/628/2404 5833/630/2404
f 5835/631/508 662/630/508 664/632/508
f 3136/633/1860 5836/631/1860 3134/632/1860
f 3137/633/1861 3135/632/1861 3141/634/1861
f 4067/635/1862 3138/633/1862 3142/634/1862
f 4071/635/511 666/634/511 5831/629/511
f 4070/635/507 661/629/507 5827/628/507
f 5118/636/2114 4068/635/2114 5828/628/2114
f 5700/637/2304 5119/636/2304 5829/628/2304
f 5703/637/506 660/628/506 5837/631/506
f 4073/638/2115 5701/637/2115 5838/631/2115
f 4072/638/509 663/631/509 3139/633/509
f 4076/639/1863 4074/638/1863 3140/633/1863
f 4077/639/510 665/633/510 4069/635/510
f 4078/639/512 667/635/512 5120/636/512
f 5840/636/2116 4079/639/2116 5121/636/2116
f 5841/636/513 668/636/513 5702/637/513
f 5842/636/514 669/637/514 4075/638/514
f 671/639/515 672/636/515 670/638/515
f 4080/640/2117 4081/641/2117 4082/642/2117
f 678/640/520 4084/643/2118 674/641/517
f 3150/644/1868 4084/643/2118 678/640/520
f 3150/644/1868 705/645/542 4084/643/2118
f 3150/644/1868 702/646/539 705/645/542
f 3150/647/1868 701/648/538 702/649/539
f 3150/647/1868 894/650/692 701/648/538
f 3150/647/1868 676/651/518 894/650/692
f 3150/647/1868 5063/652/2289 676/651/518
f 678/653/520 5063/652/2289 3150/647/1868
f 6050/654/2434 5063/652/2289 678/653/520
f 6051/654/519 680/655/519 677/652/519
f 6052/654/1869 3152/656/1869 3151/655/1869
f 679/654/521 682/657/521 3153/656/521
f 683/658/523 5126/659/523 685/660/523
f 4087/658/524 4083/642/524 684/659/524
f 673/640/516 675/642/516 4086/658/516
f 6241/661/527 6244/662/527 688/663/527
f 6242/661/526 689/664/526 687/662/526
f 4091/665/2120 4088/664/2120 6243/661/2120
f 4092/666/528 4089/664/528 690/665/528
f 4093/666/2121 4095/667/2121 4090/664/2121
f 4094/666/530 5129/668/530 692/667/530
f 5131/669/529 5130/668/529 691/666/529
f 5132/669/531 6056/670/531 693/668/531
f 3231/670/1897 6057/670/2436 694/669/532
f 3231/670/1897 3163/671/1874 6057/670/2436
f 3164/672/1656 5662/6/1656 2393/8/1656
f 3914/5/7 7/6/7 3168/672/7
f 5308/21/1875 3915/5/1875 3167/672/1875
f 2412/19/21 22/21/21 3166/672/21
f 3171/673/1661 2413/19/1661 3165/672/1661
f 2394/8/533 3169/673/533 695/672/533
f 2402/10/9 3172/673/9 9/8/9
f 4696/13/11 3173/673/11 11/10/11
f 2406/16/14 3170/673/14 14/13/14
f 20/19/17 696/673/17 17/16/17
f 3768/231/2053 697/215/534 4792/211/2257
f 819/674/634 697/675/534 698/676/535
f 819/677/634 4811/678/2262 697/679/534
f 4633/680/2229 4811/678/2262 819/677/634
f 4634/681/2230 4811/678/2262 4633/680/2229
f 5848/682/2407 4811/683/2262 4634/684/2230
f 5848/682/2407 5849/685/2408 4811/683/2262
f 5848/682/2407 3183/686/1877 5849/685/2408
f 704/687/541 3183/686/1877 5848/682/2407
f 704/687/541 3184/688/1878 3183/686/1877
f 705/689/542 3184/688/1878 704/687/541
f 867/28/670 3184/690/1878 705/26/542
f 867/691/670 3183/692/1877 3184/693/1878
f 867/691/670 441/694/340 3183/692/1877
f 700/695/537 441/694/340 867/691/670
f 700/695/537 547/549/425 441/694/340
f 700/695/537 4585/548/2223 547/549/425
f 700/695/537 5193/550/2318 4585/548/2223
f 700/695/537 699/696/536 548/550/426
f 5135/697/2309 699/698/536 700/699/537
f 5135/697/2309 5137/700/2311 699/698/536
f 832/701/645 3196/702/1885 5479/703/2352
f 832/701/645 4358/704/2182 3196/702/1885
f 5136/705/2310 5137/706/2311 5135/707/2309
f 5896/708/2419 5137/706/2311 5136/705/2310
f 5510/709/2367 5137/706/2311 5896/708/2419
f 5510/709/2367 3335/710/1926 5137/706/2311
f 701/701/538 833/702/646 702/703/539
f 701/701/538 4109/704/2129 833/702/646
f 701/701/538 703/702/540 4109/704/2129
f 701/701/538 894/703/692 703/702/540
f 3460/703/1976 6210/704/2449 6348/702/2461
f 3460/703/1976 799/701/619 6210/704/2449
f 715/711/551 5848/712/2407 4634/713/2230
f 715/711/551 704/714/541 5848/712/2407
f 826/715/640 704/714/541 715/711/551
f 824/716/638 704/714/541 826/715/640
f 824/716/638 705/717/542 704/714/541
f 822/718/636 705/717/542 824/716/638
f 822/718/636 4084/719/2118 705/717/542
f 4646/720/2232 4084/719/2118 822/718/636
f 4647/720/543 5138/721/543 706/719/543
f 5851/722/544 5139/721/544 707/720/544
f 5852/722/545 6058/723/545 708/721/545
f 5853/722/547 711/724/547 710/723/547
f 3222/725/546 3221/724/546 709/722/546
f 3460/703/1976 4298/704/2167 5493/701/2363
f 3460/703/1976 6348/702/2461 4298/704/2167
f 4298/704/2167 713/703/549 5493/701/2363
f 4298/704/2167 834/702/647 713/703/549
f 4634/726/2230 714/727/550 715/728/551
f 4633/729/2229 714/727/550 4634/726/2230
f 4633/729/2229 5144/730/2314 714/727/550
f 4653/731/2234 5144/730/2314 4633/729/2229
f 4653/731/2234 4654/732/2235 5144/730/2314
f 5140/733/2312 4654/732/2235 4653/731/2234
f 5143/733/552 718/734/552 716/732/552
f 6318/735/1893 3223/736/1893 3226/737/1893
f 3228/738/1894 3224/736/1894 6319/735/1894
f 3229/739/556 3225/736/556 722/738/556
f 3230/739/1896 4654/740/2235 720/736/555
f 3230/739/1896 5144/741/2314 4654/740/2235
f 841/742/652 5144/741/2314 3230/739/1896
f 841/743/652 3231/744/1897 836/745/649
f 841/743/652 3163/746/1874 3231/744/1897
f 3230/747/1896 5145/743/2315 742/746/572
f 723/747/557 725/745/557 724/743/557
f 3232/663/525 3234/748/525 686/661/525
f 3236/749/1898 3235/748/1898 3233/663/1898
f 5850/749/2409 5490/750/2361 726/748/558
f 5850/749/2409 3237/751/1899 5490/750/2361
f 4793/752/2258 3237/751/1899 5850/749/2409
f 4531/753/2212 3237/751/1899 4793/752/2258
f 4531/753/2212 879/754/680 3237/751/1899
f 5862/755/2412 879/754/680 4531/753/2212
f 5863/755/559 6059/756/559 727/754/559
f 5864/755/561 730/757/561 729/756/561
f 3241/758/560 3238/757/560 728/755/560
f 3242/759/562 3239/757/562 731/758/562
f 3244/760/1900 3240/757/1900 3243/759/1900
f 4658/761/563 3245/760/563 732/759/563
f 5146/762/564 733/760/564 4659/761/564
f 5865/763/566 735/762/566 4660/761/566
f 5867/764/565 5866/763/565 734/761/565
f 738/765/567 736/763/567 5868/764/567
f 3249/766/568 3246/765/568 737/764/568
f 3250/756/569 3247/765/569 739/766/569
f 3251/756/1901 3253/738/1901 3248/765/1901
f 3252/756/571 4114/767/571 741/738/571
f 2361/768/1634 742/767/572 740/756/570
f 2361/768/1634 3163/671/1874 742/767/572
f 3185/769/1879 3163/671/1874 2361/768/1634
f 6057/670/2436 3163/671/1874 3185/769/1879
f 782/770/607 6206/771/2446 6207/772/2447
f 782/770/607 743/773/573 6206/771/2446
f 782/770/607 4661/774/2236 743/773/573
f 3293/775/1915 4662/774/2237 782/770/607
f 5147/775/2238 5148/776/2238 4663/774/2238
f 5869/777/575 5149/776/575 745/775/575
f 5870/777/2316 6060/778/2316 5150/776/2316
f 749/779/577 6061/778/577 747/777/577
f 3255/780/1902 6062/778/1902 3254/779/1902
f 4115/781/1903 6063/778/1903 3256/780/1903
f 4668/782/2131 6064/778/2131 4116/781/2131
f 5154/783/2241 6065/778/2241 4669/782/2241
f 5157/783/578 5151/776/578 748/778/578
f 5155/783/576 4665/774/576 746/776/576
f 5156/783/2239 5158/784/2239 4664/774/2239
f 4674/782/581 5159/784/581 753/783/581
f 4670/782/582 5161/785/582 754/784/582
f 4671/782/583 5162/786/583 755/785/583
f 4672/782/584 3261/783/584 756/786/584
f 4673/782/1905 3262/787/1905 3258/783/1905
f 4117/781/580 3267/787/580 752/782/580
f 4120/788/1906 3263/787/1906 4118/781/1906
f 4123/789/1907 3264/787/1907 4121/788/1907
f 873/790/674 5872/791/2413 5521/792/2368
f 873/790/674 5873/793/2414 5872/791/2413
f 5871/790/590 763/769/590 762/793/590
f 3274/756/589 3270/769/589 761/790/589
f 3276/794/1910 3271/769/1910 3275/756/1910
f 4124/795/591 3277/794/591 764/756/591
f 4681/796/1911 3278/794/1911 4125/795/1911
f 5165/797/593 4684/796/593 766/795/593
f 5874/798/2244 4685/796/2244 5166/797/2244
f 6066/799/595 5875/798/595 768/797/595
f 3284/759/597 5876/798/597 770/799/597
f 3285/800/1912 5877/798/1912 3283/759/1912
f 6317/735/598 3289/800/598 771/759/598
f 4126/801/1913 3286/800/1913 6320/735/1913
f 721/737/554 4127/801/554 719/735/554
f 4130/802/1895 4128/801/1895 3227/737/1895
f 4132/803/601 4129/801/601 774/802/601
f 3287/800/600 773/801/600 4131/803/600
f 4133/804/602 3288/800/602 775/803/602
f 5878/798/599 772/800/599 776/804/599
f 4682/796/596 769/798/596 4134/804/596
f 4687/805/2132 4683/796/2132 4135/804/2132
f 3279/794/594 767/796/594 4686/805/594
f 3291/806/603 3280/794/603 777/805/603
f 3272/769/592 765/794/592 3290/806/592
f 779/807/604 3273/769/604 778/806/604
f 3196/704/1885 828/703/642 5479/701/2352
f 3196/704/1885 780/702/605 828/703/642
f 781/808/606 6207/809/2447 899/810/695
f 3292/811/1914 6207/809/2447 781/808/606
f 3292/811/1914 782/812/607 6207/809/2447
f 3292/811/1914 3293/813/1915 782/812/607
f 783/814/608 3293/813/1915 3292/811/1914
f 783/814/608 4688/815/2245 3293/813/1915
f 5201/816/2322 4689/815/2246 783/814/608
f 5167/816/609 5879/817/609 784/815/609
f 6068/818/610 786/817/610 785/816/610
f 6069/818/612 788/819/612 5880/817/612
f 3297/820/611 3294/819/611 787/818/611
f 3298/821/613 3295/819/613 789/820/613
f 790/821/548 712/725/548 3296/819/548
f 5054/746/2287 5489/822/2360 5490/744/2361
f 791/746/614 5491/743/614 792/822/614
f 6311/745/617 3304/746/617 796/743/617
f 797/747/616 795/746/616 794/745/616
f 3460/823/1976 5492/823/2362 829/824/643
f 3460/823/1976 798/825/618 5492/823/2362
f 5493/825/2363 798/825/618 3460/823/1976
f 5493/825/2363 3344/826/1931 798/825/618
f 713/826/549 3344/826/1931 5493/825/2363
f 828/701/642 6210/702/2449 799/703/619
f 828/701/642 780/704/605 6210/702/2449
f 6192/743/622 6195/744/622 802/746/622
f 803/745/621 801/744/621 6193/743/621
f 4353/744/2180 4352/745/2180 6194/743/2180
f 805/746/620 804/744/620 800/743/620
f 5530/746/2374 5531/822/2374 5534/744/2374
f 5535/743/623 5532/822/623 806/746/623
f 810/746/626 5533/822/626 809/743/626
f 3318/746/624 3319/744/624 807/822/624
f 4236/533/2152 812/693/628 122/549/98
f 4235/532/2151 812/693/628 4236/533/2152
f 4583/535/2221 812/693/628 4235/532/2151
f 4584/535/2222 5499/691/2364 812/693/628
f 5903/827/2421 5904/828/2422 6198/829/2443
f 5903/827/2421 3320/830/1920 5904/828/2422
f 5903/827/2421 3828/831/2069 3320/830/1920
f 5500/832/2365 3828/831/2069 5903/827/2421
f 5499/833/2364 5500/834/2365 5903/835/2421
f 5499/833/2364 881/836/682 5500/834/2365
f 1024/703/792 813/704/629 3336/701/1927
f 1024/703/792 831/702/644 813/704/629
f 5501/837/632 5502/838/632 816/839/632
f 5505/840/630 5503/838/630 814/837/630
f 5536/841/2366 5504/838/2366 5506/840/2366
f 5538/841/631 5507/842/631 815/838/631
f 5537/841/2313 5141/733/2313 5508/842/2313
f 5539/841/635 820/843/635 5142/733/635
f 5540/841/2181 4355/844/2181 4354/843/2181
f 817/840/633 821/844/633 818/841/633
f 4356/845/588 3265/787/588 760/789/588
f 4357/845/1908 3325/846/1908 3266/787/1908
f 824/847/638 3326/846/1921 822/845/636
f 5509/847/1922 3329/848/1922 3327/846/1922
f 826/849/640 3330/848/1923 824/847/638
f 826/849/640 827/850/641 3331/848/1924
f 826/849/640 714/851/550 827/850/641
f 715/852/551 714/851/550 826/849/640
f 828/853/642 5510/854/2367 5896/855/2419
f 799/856/619 5510/854/2367 828/853/642
f 3460/857/1976 5510/854/2367 799/856/619
f 3460/857/1976 3335/858/1926 5510/854/2367
f 829/859/643 3335/858/1926 3460/857/1976
f 84/89/71 86/91/71 830/860/71
f 5325/861/2335 900/862/696 901/863/697
f 122/549/98 900/862/696 5325/861/2335
f 812/693/628 900/862/696 122/549/98
f 812/864/628 6198/865/2443 900/866/696
f 5499/867/2364 6198/865/2443 812/864/628
f 5499/867/2364 5903/868/2421 6198/865/2443
f 3336/869/1927 3320/830/1920 1024/870/792
f 3336/869/1927 5904/828/2422 3320/830/1920
f 903/871/699 5904/828/2422 3336/869/1927
f 902/872/698 5904/828/2422 903/871/699
f 902/872/698 6198/829/2443 5904/828/2422
f 900/873/696 6198/829/2443 902/872/698
f 1024/701/792 5482/702/2355 831/704/644
f 1024/701/792 857/703/662 5482/702/2355
f 5544/702/2375 5545/701/2376 3349/703/1933
f 5544/702/2375 5546/704/2377 5545/701/2376
f 5545/701/2376 3337/702/1928 853/703/660
f 5545/701/2376 5546/704/2377 3337/702/1928
f 5492/703/2362 5482/704/2355 857/701/662
f 5492/703/2362 1022/702/790 5482/704/2355
f 3344/874/1931 713/874/549 4376/875/2184
f 702/701/539 4358/702/2182 832/703/645
f 702/701/539 833/704/646 4358/702/2182
f 713/701/549 703/702/540 894/703/692
f 713/701/549 834/704/647 703/702/540
f 3324/846/586 3259/783/586 758/787/586
f 3328/848/637 3260/783/637 823/846/637
f 3334/848/585 5163/786/585 757/783/585
f 3332/848/1925 6202/876/1925 5164/786/1925
f 3333/848/648 3341/877/648 835/876/648
f 827/850/641 836/877/649 825/848/639
f 714/851/550 836/877/649 827/850/641
f 714/851/550 841/878/652 836/877/649
f 5144/879/2314 841/878/652 714/851/550
f 5511/745/651 5512/746/651 839/744/651
f 840/743/650 838/746/650 837/745/650
f 841/747/652 742/743/572 3163/746/1874
f 841/747/652 3230/745/1896 742/743/572
f 819/842/634 4653/731/2234 4633/729/2229
f 819/842/634 717/733/553 4653/731/2234
f 219/91/177 6312/89/177 842/860/177
f 5199/880/2320 5513/881/2320 5515/882/2320
f 5516/658/2321 5514/881/2321 5200/880/2321
f 5517/658/654 5547/659/654 844/881/654
f 846/658/655 848/660/655 847/659/655
f 4359/883/657 3154/656/657 850/657/657
f 4360/883/522 4362/655/522 681/656/522
f 4361/883/658 4363/884/658 851/655/658
f 4365/653/656 4364/884/656 849/883/656
f 5548/885/2378 889/884/687 852/653/659
f 5548/885/2378 6208/651/2448 889/884/687
f 5548/885/2378 853/886/660 6208/651/2448
f 5548/885/2378 5545/887/2376 853/886/660
f 5548/885/2378 3349/888/1933 5545/887/2376
f 5548/889/2378 783/890/608 3349/891/1933
f 5548/889/2378 5201/892/2322 783/890/608
f 5198/880/2319 5201/892/2322 5548/889/2378
f 843/880/653 845/882/653 854/892/653
f 4366/893/1904 4367/894/1904 3257/780/1904
f 4122/788/661 4368/894/661 855/893/661
f 4119/781/587 4369/894/587 759/788/587
f 751/781/579 750/780/579 856/894/579
f 3828/854/2069 1024/857/792 3320/895/1920
f 3828/854/2069 857/896/662 1024/857/792
f 3828/854/2069 5492/857/2362 857/896/662
f 5500/834/2365 5492/857/2362 3828/854/2069
f 5500/834/2365 829/859/643 5492/857/2362
f 881/836/682 829/859/643 5500/834/2365
f 883/897/684 829/859/643 881/836/682
f 3343/898/1930 829/859/643 883/897/684
f 3343/898/1930 3335/858/1926 829/859/643
f 699/833/536 3335/858/1926 3343/898/1930
f 699/833/536 5137/899/2311 3335/858/1926
f 903/701/699 813/702/629 868/704/671
f 903/701/699 3336/703/1927 813/702/629
f 3344/701/1931 3337/702/1928 3345/704/1932
f 3344/701/1931 853/703/660 3337/702/1928
f 858/704/663 3344/703/1931 3345/702/1932
f 858/704/663 798/701/618 3344/703/1931
f 5518/900/2240 4666/774/2240 5160/784/2240
f 5053/901/664 4667/774/664 859/900/664
f 5054/901/2287 743/773/573 744/774/574
f 5054/901/2287 6206/771/2446 743/773/573
f 5521/902/2368 6206/771/2446 5054/901/2287
f 5521/902/2368 5872/903/2413 6206/771/2446
f 860/746/665 3346/822/665 3347/743/665
f 836/746/649 3231/744/1897 861/822/666
f 5519/745/669 5520/746/669 865/747/669
f 863/745/668 866/743/668 864/746/668
f 5135/697/2309 700/699/537 867/904/670
f 3349/701/1933 868/702/671 5544/704/2375
f 3349/701/1933 903/703/699 868/702/671
f 858/704/663 5492/703/2362 798/701/618
f 858/704/663 1022/702/790 5492/703/2362
f 5549/745/673 5550/746/673 871/743/673
f 872/744/672 870/746/672 869/745/672
f 5521/747/2368 879/743/680 873/745/674
f 5521/747/2368 3237/746/1899 879/743/680
f 5551/905/2373 5555/906/2373 5527/907/2373
f 5558/908/676 875/906/676 5552/905/676
f 3350/747/679 3351/743/679 878/745/679
f 873/747/674 879/746/680 877/743/678
f 5563/909/2380 881/910/682 5499/911/2364
f 5565/912/681 5564/910/681 880/909/681
f 5566/912/2381 883/913/684 881/910/682
f 5567/912/2382 3343/914/1930 883/913/684
f 4371/915/683 3352/914/683 882/912/683
f 884/915/685 699/916/536 3343/914/1930
f 4372/822/627 4373/746/627 811/744/627
f 885/822/667 862/743/667 886/746/667
f 6206/917/2446 899/918/695 6207/919/2447
f 6206/917/2446 5526/907/2372 899/918/695
f 5872/920/2413 5526/907/2372 6206/917/2446
f 5872/920/2413 5554/905/2379 5526/907/2372
f 5057/921/2288 5553/905/2288 6203/920/2288
f 5560/908/675 874/905/675 887/921/675
f 888/922/686 5561/908/686 5056/921/686
f 5521/743/2368 5490/744/2361 3237/746/1899
f 5521/743/2368 5054/745/2287 5490/744/2361
f 3344/923/1931 6208/924/2448 853/925/660
f 3344/923/1931 889/926/687 6208/924/2448
f 4376/927/2184 889/926/687 3344/923/1931
f 4376/927/2184 4379/928/2186 889/926/687
f 5058/929/2185 4380/928/2185 4377/927/2185
f 5059/929/688 5522/930/688 890/928/688
f 5060/929/690 5062/928/690 892/930/690
f 4378/927/689 5061/928/689 891/929/689
f 4376/927/2184 5063/931/2289 893/928/691
f 713/923/549 5063/931/2289 4376/927/2184
f 713/923/549 676/932/518 5063/931/2289
f 894/933/692 676/932/518 713/923/549
f 5896/708/2419 5479/934/2352 828/935/642
f 5136/705/2310 5479/934/2352 5896/708/2419
f 5136/705/2310 832/936/645 5479/934/2352
f 5136/705/2310 5523/937/2369 832/936/645
f 5135/707/2309 5523/937/2369 5136/705/2310
f 5135/707/2309 867/938/670 5523/937/2369
f 4902/426/2270 83/88/70 6322/85/2456
f 895/674/693 896/676/693 897/675/693
f 5524/678/2370 5525/677/2371 4902/679/2270
f 5524/678/2370 5526/680/2372 898/677/694
f 5524/678/2370 899/681/695 5526/680/2372
f 5524/683/2370 781/682/606 899/684/695
f 6042/685/2433 781/682/606 5524/683/2370
f 5325/686/2335 781/682/606 6042/685/2433
f 5325/686/2335 3292/687/1914 781/682/606
f 901/688/697 3292/687/1914 5325/686/2335
f 901/688/697 783/689/608 3292/687/1914
f 900/27/696 783/26/608 901/29/697
f 902/28/698 783/26/608 900/27/696
f 902/28/698 3349/690/1933 783/26/608
f 903/939/699 3349/940/1933 902/941/698
f 3365/942/701 905/943/701 3366/944/701
f 3369/945/700 904/942/700 3367/944/700
f 5066/946/1938 3370/945/1938 3368/944/1938
f 5462/947/703 907/945/703 5067/946/703
f 5569/948/704 909/947/704 5068/946/704
f 5559/908/705 910/948/705 5070/946/705
f 5557/906/677 876/908/677 5069/946/677
f 906/944/702 5556/906/702 908/946/702
f 6209/822/615 912/746/615 793/743/615
f 911/822/625 808/744/625 6100/746/625
f 833/949/646 913/950/706 4358/951/2182
f 833/949/646 914/952/707 913/950/706
f 833/949/646 4296/953/2165 914/952/707
f 4109/954/2129 4296/953/2165 833/949/646
f 4109/954/2129 915/955/708 4296/953/2165
f 703/956/540 915/955/708 4109/954/2129
f 834/957/647 915/955/708 703/956/540
f 834/957/647 4297/958/2166 915/955/708
f 4298/959/2167 4297/958/2166 834/957/647
f 4298/959/2167 5071/960/2291 4297/958/2166
f 6348/961/2461 5071/960/2291 4298/959/2167
f 6348/961/2461 5572/962/2383 5071/960/2291
f 6210/963/2449 5572/962/2383 6348/961/2461
f 6210/963/2449 3371/964/1939 5572/962/2383
f 6210/963/2449 3372/965/1940 3371/964/1939
f 780/966/605 3372/965/1940 6210/963/2449
f 3196/967/1885 3372/965/1940 780/966/605
f 3196/967/1885 4299/968/2168 3372/965/1940
f 3196/967/1885 913/950/706 4299/968/2168
f 4358/951/2182 913/950/706 3196/967/1885
f 4299/968/2168 6353/969/2466 6355/970/2468
f 913/950/706 6353/969/2466 4299/968/2168
f 913/950/706 6354/971/2467 6353/969/2466
f 914/952/707 6354/971/2467 913/950/706
f 4296/953/2165 6354/971/2467 914/952/707
f 4296/953/2165 6349/972/2462 6354/971/2467
f 4296/953/2165 6350/973/2463 6349/972/2462
f 915/955/708 6350/973/2463 4296/953/2165
f 4297/958/2166 6350/973/2463 915/955/708
f 4297/958/2166 6351/974/2464 6350/973/2463
f 5071/960/2291 6351/974/2464 4297/958/2166
f 5071/960/2291 6352/975/2465 6351/974/2464
f 5572/962/2383 6352/975/2465 5071/960/2291
f 5572/962/2383 6358/976/2471 6352/975/2465
f 3371/964/1939 6358/976/2471 5572/962/2383
f 3371/964/1939 6357/977/2470 6358/976/2471
f 3371/964/1939 6356/978/2469 6357/977/2470
f 3372/965/1940 6356/978/2469 3371/964/1939
f 4299/968/2168 6356/978/2469 3372/965/1940
f 4299/968/2168 6355/970/2468 6356/978/2469
f 3429/979/1962 3375/980/1943 1021/981/789
f 3376/982/1944 3375/980/1943 918/983/711
f 919/984/712 3375/980/1943 3376/982/1944
f 919/984/712 1021/981/789 3375/980/1943
f 6213/985/715 6215/986/715 922/987/715
f 6214/985/1945 3377/987/1945 3378/988/1945
f 4302/989/2169 920/985/713 3379/988/1946
f 4302/989/2169 923/988/716 4303/990/2170
f 4302/989/2169 4303/990/2170 5074/991/2294
f 4302/989/2169 5074/991/2294 5075/985/2295
f 4302/989/2169 5075/985/2295 5600/990/2392
f 4302/989/2169 5600/990/2392 5956/985/2426
f 4302/989/2169 5956/985/2426 1048/992/810
f 920/985/713 4302/989/2169 1048/992/810
f 920/985/713 1048/992/810 921/986/714
f 4036/993/2108 6359/994/2472 6360/995/2473
f 4305/996/2172 6359/994/2472 4036/993/2108
f 4305/996/2172 6362/997/2475 6359/994/2472
f 5573/998/2384 6362/997/2475 4305/996/2172
f 5573/998/2384 6363/999/2476 6362/997/2475
f 925/1000/718 6363/999/2476 5573/998/2384
f 925/1000/718 6366/1001/2479 6363/999/2476
f 925/1000/718 6368/1002/2481 6366/1001/2479
f 3380/1003/1947 6368/1002/2481 925/1000/718
f 3380/1003/1947 5076/1004/2296 6368/1002/2481
f 5883/1005/2416 5887/1006/2416 5889/983/2416
f 3382/1007/1949 5888/1006/1949 5884/1005/1949
f 3381/1007/1948 3383/990/1950 928/1006/721
f 3384/1008/1951 3383/990/1950 3381/1007/1948
f 5469/1009/2350 930/1010/722 3439/1011/1969
f 5469/1009/2350 3439/1011/1969 4303/1012/2170
f 5469/1009/2350 4303/1012/2170 3828/1013/2069
f 5492/1014/2362 5469/1009/2350 3828/1013/2069
f 3803/1015/2063 4313/1016/2063 4315/1017/2063
f 4317/1018/2064 4314/1016/2064 3804/1015/2064
f 4318/1018/724 5078/1016/724 932/1016/724
f 4319/1018/726 5574/1016/726 935/1016/726
f 5576/1015/2174 5575/1016/2174 4320/1018/2174
f 5577/1015/727 938/1017/727 936/1016/727
f 3388/1019/1952 3386/1017/1952 5578/1015/1952
f 3389/1019/1953 3393/1020/1953 3387/1017/1953
f 3390/1019/1954 4323/1021/1954 3394/1020/1954
f 3391/1019/1955 4326/1022/1955 4324/1021/1955
f 3392/1019/1956 3807/1023/1956 4327/1022/1956
f 5579/1015/729 3810/1023/729 939/1019/729
f 4321/1018/728 3808/1023/728 937/1015/728
f 3802/1015/725 3806/1023/725 934/1018/725
f 4329/1024/2065 3809/1023/2065 3805/1015/2065
f 4333/1024/733 4328/1022/733 943/1023/733
f 4332/1024/732 4325/1021/732 942/1022/732
f 4330/1024/731 3395/1020/731 941/1021/731
f 4331/1024/730 4316/1017/730 940/1020/730
f 931/1015/723 933/1017/723 944/1024/723
f 945/1025/734 3396/1025/1957 946/1025/735
f 945/1025/734 3397/1025/1958 3396/1025/1957
f 5080/1025/2297 3397/1025/1958 945/1025/734
f 5081/1025/736 5082/1025/736 947/1025/736
f 5470/1025/737 5083/1025/737 948/1025/737
f 5471/1025/738 5580/1025/738 949/1025/738
f 5890/1025/739 5581/1025/739 950/1025/739
f 5891/1025/740 953/1025/740 951/1025/740
f 5892/1025/1959 3399/1025/1959 3398/1025/1959
f 4334/1025/741 3400/1025/741 952/1025/741
f 4335/1025/743 3401/1025/743 955/1025/743
f 4336/1025/742 4338/1025/742 954/1025/742
f 4337/1025/745 5472/1025/745 957/1025/745
f 5474/1025/744 5473/1025/744 956/1025/744
f 5475/1025/746 5893/1025/746 958/1025/746
f 961/1025/747 5894/1025/747 959/1025/747
f 3402/1025/748 3404/1025/748 960/1025/748
f 962/1025/749 1045/1025/807 3403/1025/1960
f 962/1025/749 4339/1025/2175 1045/1025/807
f 963/1025/750 4339/1025/2175 962/1025/749
f 5895/1026/2418 5896/1027/2419 3376/1028/1944
f 5895/1026/2418 5510/1013/2367 5896/1027/2419
f 3408/1029/1961 5510/1013/2367 5895/1026/2418
f 3408/1029/1961 3383/1029/1950 5510/1013/2367
f 4340/1030/2176 3383/1029/1950 3408/1029/1961
f 4340/1030/2176 5084/1031/2298 3383/1029/1950
f 5476/1032/2351 5085/1031/2299 4340/1030/2176
f 5477/1032/751 5582/1014/751 964/1031/751
f 967/1033/752 966/1014/752 965/1032/752
f 3409/1034/755 3410/1025/755 970/1035/755
f 968/1034/753 971/1036/754 969/1025/754
f 5583/1037/2385 5585/1038/2385 5587/1039/2385
f 5584/1037/2386 5589/1040/2386 5586/1038/2386
f 976/1041/757 5588/1039/757 973/1038/757
f 3411/1041/758 977/1042/760 974/1039/758
f 4906/1043/2273 5086/1044/2273 5088/1045/2273
f 978/1043/761 5090/1046/761 5087/1044/761
f 6220/1025/2450 983/1034/765 984/1035/766
f 982/1025/764 3453/1047/1973 983/1034/765
f 5092/1048/769 5095/1049/769 987/1050/769
f 5093/1048/768 5096/1051/768 986/1049/768
f 5094/1048/770 5097/1049/770 988/1051/770
f 5100/1050/767 5098/1049/767 985/1048/767
f 991/1048/772 5099/1049/772 990/1050/772
f 3413/1048/771 3416/1051/771 989/1049/771
f 3414/1048/773 3417/1049/773 992/1051/773
f 994/1050/774 993/1049/774 3415/1048/774
f 5591/1051/776 5592/1050/776 997/1048/776
f 995/1051/775 998/1049/775 996/1050/775
f 3418/1052/779 3419/1025/779 1001/1035/779
f 3422/1036/777 3420/1025/777 999/1052/777
f 4341/1052/780 3421/1025/780 1002/1036/780
f 1003/1052/778 1004/1035/778 1000/1025/778
f 6221/1052/782 6222/1025/782 1007/1036/782
f 1005/1052/781 1008/1035/781 1006/1025/781
f 5101/1050/784 5102/1051/784 1011/1049/784
f 1009/1050/783 1012/1048/783 1010/1051/783
f 6223/1050/786 6224/1051/786 1015/1048/786
f 1013/1050/785 1016/1049/785 1014/1051/785
f 5103/1051/2300 1045/1050/807 1019/1049/788
f 1017/1051/787 1020/1048/787 1018/1050/787
f 3429/1053/1962 919/1054/712 3376/1028/1944
f 1021/1055/789 919/1054/712 3429/1053/1962
f 3438/1056/1968 1025/1057/793 5480/1058/2353
f 5481/1059/2354 3438/1056/1968 5480/1058/2353
f 5481/1059/2354 5480/1058/2353 5902/1060/2420
f 5544/1061/2375 4036/993/2108 5546/1062/2377
f 5544/1061/2375 4305/996/2172 4036/993/2108
f 868/1063/671 4305/996/2172 5544/1061/2375
f 868/1063/671 5573/998/2384 4305/996/2172
f 813/1064/629 5573/998/2384 868/1063/671
f 813/1064/629 925/1000/718 5573/998/2384
f 831/1065/644 925/1000/718 813/1064/629
f 831/1065/644 3380/1003/1947 925/1000/718
f 5482/1066/2355 3380/1003/1947 831/1065/644
f 5482/1066/2355 5076/1004/2296 3380/1003/1947
f 5482/1066/2355 5593/1067/2387 5076/1004/2296
f 1022/1068/790 5593/1067/2387 5482/1066/2355
f 1022/1068/790 3430/1069/1963 5593/1067/2387
f 858/1070/663 3430/1069/1963 1022/1068/790
f 858/1070/663 3431/1071/1964 3430/1069/1963
f 3345/1072/1932 3431/1071/1964 858/1070/663
f 3345/1072/1932 4037/1073/2109 3431/1071/1964
f 3337/1074/1928 4037/1073/2109 3345/1072/1932
f 5546/1062/2377 4037/1073/2109 3337/1074/1928
f 4036/993/2108 4037/1073/2109 5546/1062/2377
f 6360/995/2473 4037/1073/2109 4036/993/2108
f 6360/995/2473 3431/1071/1964 4037/1073/2109
f 6361/1075/2474 3431/1071/1964 6360/995/2473
f 6361/1075/2474 3430/1069/1963 3431/1071/1964
f 6364/1076/2477 3430/1069/1963 6361/1075/2474
f 6364/1076/2477 5593/1067/2387 3430/1069/1963
f 6365/1077/2478 5593/1067/2387 6364/1076/2477
f 6365/1077/2478 5076/1004/2296 5593/1067/2387
f 6367/1078/2480 5076/1004/2296 6365/1077/2478
f 6368/1002/2481 5076/1004/2296 6367/1078/2480
f 5104/1006/2301 1024/1079/792 5902/1080/2420
f 5105/987/2302 5104/1006/2301 5902/1080/2420
f 5595/1081/2389 5105/987/2302 5902/1080/2420
f 5595/1081/2389 5902/1080/2420 5480/1082/2353
f 5595/1081/2389 5480/1082/2353 1025/1083/793
f 5595/1081/2389 1025/1083/793 3438/1084/1968
f 5595/1081/2389 3438/1084/1968 5481/1079/2354
f 5105/987/2302 5595/1081/2389 5481/1079/2354
f 5104/1006/2301 5105/987/2302 5481/1079/2354
f 5104/1006/2301 5481/1079/2354 1026/1005/794
f 5104/1006/2301 1026/1005/794 5600/990/2392
f 5104/1006/2301 5600/990/2392 5075/985/2295
f 1024/1079/792 5104/1006/2301 5075/985/2295
f 857/983/662 1024/1079/792 5075/985/2295
f 5492/983/2362 857/983/662 5075/985/2295
f 5492/983/2362 5075/985/2295 5483/985/2356
f 5469/982/2350 5492/983/2362 5483/985/2356
f 930/1005/722 5469/982/2350 5483/985/2356
f 3439/1085/1969 930/1005/722 5483/985/2356
f 4303/990/2170 3439/1085/1969 5483/985/2356
f 4303/990/2170 5483/985/2356 5075/985/2295
f 4303/990/2170 5075/985/2295 5074/991/2294
f 5106/1052/796 5107/1025/796 1029/1035/796
f 1027/1052/795 1030/1036/795 1028/1025/795
f 5596/1086/756 5590/1040/756 972/1037/756
f 5597/1086/759 6225/1087/759 975/1040/759
f 1033/1088/797 6226/1087/797 1031/1086/797
f 3445/1088/798 3448/1089/798 1032/1087/798
f 3446/1088/799 3449/1090/799 1034/1089/799
f 3451/1091/1972 3450/1090/1972 3447/1088/1972
f 5598/1025/2390 5599/1034/2391 968/1047/753
f 1037/1025/801 977/1035/760 5599/1034/2391
f 3453/1034/1973 3454/1025/803 1040/1036/803
f 1038/1034/802 1041/1035/802 1039/1025/802
f 1036/1091/800 5089/1045/800 1035/1090/800
f 3452/1091/763 4905/1043/763 980/1045/763
f 1042/1092/804 5091/1046/804 984/1093/766
f 5485/1092/762 979/1044/762 981/1046/762
f 3396/1050/1957 6227/1051/806 1044/1049/806
f 3396/1050/1957 3397/1048/1958 1043/1051/805
f 4339/1050/2175 1019/1051/788 1045/1048/807
f 4339/1050/2175 1046/1049/808 1019/1051/788
f 3455/1009/1974 1052/1094/813 4904/1012/2272
f 3455/1009/1974 3383/1029/1950 1052/1094/813
f 3455/1009/1974 5510/1013/2367 3383/1029/1950
f 3460/1095/1976 5510/1013/2367 3455/1009/1974
f 5902/1060/2420 1024/1096/792 3320/1097/1920
f 5481/1059/2354 5902/1060/2420 3320/1097/1920
f 1026/1098/794 5481/1059/2354 3320/1097/1920
f 1026/1098/794 3320/1097/1920 3828/1013/2069
f 5600/1029/2392 1026/1098/794 3828/1013/2069
f 5600/1029/2392 3828/1013/2069 4303/1012/2170
f 5956/1099/2426 5600/1029/2392 4303/1012/2170
f 5956/1099/2426 4303/1012/2170 6101/1100/2439
f 1048/1101/810 5956/1099/2426 6102/1100/2440
f 3456/1101/809 1047/1100/809 3458/1102/809
f 1050/1103/811 3457/1101/811 1049/1102/811
f 1051/1085/812 3376/982/1944 918/983/711
f 1051/1085/812 5895/990/2418 3376/982/1944
f 1051/1085/812 3408/990/1961 5895/990/2418
f 1051/1085/812 3459/985/1975 3408/990/1961
f 3460/983/1976 3459/985/1975 799/983/619
f 3460/983/1976 4375/1005/2183 3459/985/1975
f 3455/992/1974 4375/1005/2183 3460/983/1976
f 4904/1005/2272 4375/1005/2183 3455/992/1974
f 1052/1085/813 4375/1005/2183 4904/1005/2272
f 3383/990/1950 4375/1005/2183 1052/1085/813
f 3383/990/1950 3459/985/1975 4375/1005/2183
f 3384/1008/1951 3459/985/1975 3383/990/1950
f 3381/1007/1948 3459/985/1975 3384/1008/1951
f 3381/1007/1948 3408/990/1961 3459/985/1975
f 3381/1007/1948 4340/985/2176 3408/990/1961
f 3381/1007/1948 5476/992/2351 4340/985/2176
f 5885/1005/2417 5476/992/2351 3381/1007/1948
f 5886/1005/814 5957/1104/814 1053/992/814
f 927/1005/720 929/983/720 1054/1104/720
f 4529/1105/2211 4907/1106/2274 3703/1107/2036
f 4529/1105/2211 4908/1108/2275 4907/1106/2274
f 4529/1105/2211 5601/1109/2393 4908/1108/2275
f 5000/1110/2282 5601/1109/2393 4529/1105/2211
f 5000/1110/2282 5958/1111/2427 5601/1109/2393
f 3461/1112/1977 3464/1113/1977 3469/1114/1977
f 5407/1115/820 5409/1116/820 1061/1117/820
f 5408/1115/2344 5411/1118/2344 5410/1116/2344
f 5416/1119/818 5412/1118/818 1059/1115/818
f 5417/1119/1982 3476/1120/1982 5413/1118/1982
f 3477/1121/821 3474/1120/821 1063/1119/821
f 3480/1122/823 3475/1120/823 1065/1121/823
f 1066/1122/822 5414/1118/822 1064/1120/822
f 4909/1123/1985 5415/1118/1985 3481/1122/1985
f 1067/1123/819 1060/1116/819 1062/1118/819
f 5602/1124/815 1055/1111/815 1069/1125/815
f 6107/1126/827 6111/1127/827 1072/1128/827
f 6108/1126/826 1073/1129/826 1071/1127/826
f 6109/1126/1986 3488/1130/1986 3483/1129/1986
f 6110/1126/1987 4424/1131/1987 3489/1130/1987
f 5418/1132/825 4425/1131/825 1070/1126/825
f 5419/1132/2189 5425/1133/2189 4426/1131/2189
f 5420/1132/2345 5603/1134/2345 5426/1133/2345
f 5606/1135/2346 5604/1134/2346 5421/1132/2346
f 1080/1136/833 5605/1134/833 1079/1135/833
f 3493/1136/832 5427/1133/832 1078/1134/832
f 3494/1137/1988 5428/1133/1988 3490/1136/1988
f 4429/1138/834 5429/1133/834 1081/1137/834
f 1082/1138/831 4427/1131/831 1077/1133/831
f 4430/1138/2190 4436/1139/2190 4428/1131/2190
f 4439/1140/2191 4437/1139/2191 4431/1138/2191
f 3467/1113/1979 4435/1139/1979 4438/1140/1979
f 3466/1113/835 4423/1131/835 1083/1139/835
f 3465/1113/829 3487/1130/829 1075/1131/829
f 3463/1112/1978 3486/1130/1978 3468/1113/1978
f 3462/1112/828 3482/1129/828 1074/1130/828
f 3470/1114/816 3485/1129/816 1056/1112/816
f 3471/1114/1980 4442/1141/1980 3484/1129/1980
f 3472/1114/837 4918/1142/837 1085/1141/837
f 3473/1114/1981 4440/1140/1981 4920/1142/1981
f 1058/1114/817 1057/1113/817 4441/1140/817
f 4434/1138/836 4919/1142/836 1084/1140/836
f 4432/1138/2192 4922/1143/2192 4921/1142/2192
f 2949/1144/1809 4923/1143/1809 4433/1138/1809
f 2947/1144/1807 3495/1145/1807 4924/1143/1807
f 3498/1146/1808 3496/1145/1808 2948/1144/1808
f 4447/1147/1989 3497/1145/1989 3499/1146/1989
f 4450/1147/840 4925/1143/840 1089/1145/840
f 4448/1147/2195 5430/1148/2195 4926/1143/2195
f 4449/1147/2196 4929/1149/2196 5431/1148/2196
f 3500/1146/842 4928/1149/842 1091/1147/842
f 4932/1150/1990 4930/1149/1990 3501/1146/1990
f 5608/1151/2276 4931/1149/2276 4933/1150/2276
f 5607/1151/844 5432/1148/844 1093/1149/844
f 1095/1151/843 4927/1143/843 1092/1148/843
f 1086/1142/838 1087/1143/838 5609/1151/838
f 3509/1152/824 1068/1124/824 1097/1153/824
f 1096/1152/846 1098/1154/846 3510/1155/846
f 5610/1156/849 5614/1157/849 1101/1158/849
f 5611/1156/848 5615/1159/848 1100/1157/848
f 1103/1160/851 5616/1159/851 5612/1156/851
f 3511/1160/850 1104/1161/850 1102/1159/850
f 4936/1162/854 4938/1163/854 1107/1164/854
f 4937/1162/2277 4940/1165/2277 4939/1163/2277
f 4947/1166/852 4941/1165/852 1105/1162/852
f 4948/1166/2278 5959/1167/2278 4942/1165/2278
f 4949/1166/1995 3517/1168/1995 5960/1167/1995
f 3518/1169/856 3513/1168/856 1109/1166/856
f 3519/1169/1993 3520/1170/1993 3514/1168/1993
f 1114/1171/859 3521/1170/859 1112/1169/859
f 5617/1172/1996 3524/1173/1996 3534/1174/1996
f 5618/1175/861 3525/1173/861 1115/1172/861
f 1119/1176/863 3526/1173/863 1118/1175/863
f 3536/1177/1997 3527/1173/1997 3535/1176/1997
f 3537/1177/1998 4453/1178/1998 3528/1173/1998
f 4459/1179/864 4455/1178/864 1120/1177/864
f 4950/1180/866 4456/1178/866 1122/1179/866
f 4951/1180/2197 4952/1181/2197 4457/1178/2197
f 1125/1182/867 4954/1181/867 1123/1180/867
f 3540/1183/869 5613/1156/869 1127/1184/869
f 3539/1183/847 3512/1160/847 1099/1156/847
f 4460/1185/871 4461/1186/871 1130/1187/871
f 1128/1185/870 1131/1188/870 1129/1186/870
f 4943/1165/853 5433/1189/853 1106/1163/853
f 5963/1190/872 1132/1189/872 4944/1165/872
f 5964/1190/2348 5968/1191/2348 5434/1189/2348
f 5965/1190/874 1135/1192/874 1134/1191/874
f 3544/1193/2000 3542/1192/2000 5966/1190/2000
f 3545/1193/2001 3548/1194/2001 3543/1192/2001
f 3546/1193/2002 4462/1195/2002 3549/1194/2002
f 3547/1193/2003 4468/1196/2003 4465/1195/2003
f 5967/1190/875 4472/1196/875 1136/1193/875
f 4945/1165/873 4471/1196/873 1133/1190/873
f 4946/1165/2199 5619/1197/2199 4470/1196/2199
f 5962/1167/855 5623/1197/855 1108/1165/855
f 5961/1167/1999 3529/1173/1999 5622/1197/1999
f 3515/1168/857 3523/1173/857 1110/1167/857
f 3516/1168/1994 3532/1174/1994 3531/1173/1994
f 3522/1170/858 3533/1174/858 1111/1168/858
f 1113/1170/860 1141/1198/860 1117/1174/860
f 6303/1199/882 3551/1200/882 1144/1201/882
f 6304/1199/2004 3554/1202/2004 3552/1200/2004
f 4956/1203/880 3556/1202/880 1142/1199/880
f 4958/1203/2005 4649/1204/2005 3557/1202/2005
f 5435/1205/2233 4650/1204/2233 4959/1203/2233
f 6121/1206/888 6122/1207/888 1151/1208/888
f 1152/1209/886 6123/1207/886 1149/1206/886
f 4473/1209/887 4475/1210/887 1150/1207/887
f 1154/1211/889 1153/1210/889 4474/1209/889
f 5626/1212/892 5627/1213/892 1157/1214/892
f 5630/1215/890 5628/1213/890 1155/1212/890
f 1159/1216/893 5629/1213/893 1158/1215/893
f 3559/1216/891 1160/1217/891 1156/1213/891
f 4961/1218/896 4963/1219/896 1163/1220/896
f 4962/1218/895 4964/1221/895 1162/1219/895
f 4968/1222/894 4965/1221/894 1161/1218/894
f 5969/1223/898 4966/1221/898 1165/1222/898
f 3562/1224/2006 4967/1221/2006 5970/1223/2006
f 3560/1224/897 1168/1225/897 1164/1221/897
f 4969/1226/903 4970/1227/903 1171/1228/903
f 4973/1229/901 4971/1227/901 1169/1226/901
f 5439/1230/904 4972/1227/904 1172/1229/904
f 1173/1230/902 1174/1231/902 1170/1227/902
f 3563/1232/906 3564/1233/906 1177/1234/906
f 1175/1232/905 1178/1235/905 1176/1233/905
f 5631/1236/909 5633/1237/909 1181/1238/909
f 5632/1236/908 5634/1239/908 1180/1237/908
f 1183/1240/907 5635/1239/907 1179/1236/907
f 3565/1240/910 1184/1241/910 1182/1239/910
f 4974/1242/913 4975/1243/913 1187/1244/913
f 4979/1245/911 4977/1243/911 1185/1242/911
f 4980/1245/2279 5440/1246/2279 4978/1243/2279
f 1190/1247/914 5441/1246/914 1188/1245/914
f 3566/1248/917 3570/1249/917 1193/1250/917
f 3567/1248/916 3573/1251/916 1192/1249/916
f 3568/1248/2007 3576/1252/2007 3575/1251/2007
f 3579/1253/2008 3578/1252/2008 3569/1248/2008
f 4976/1243/2010 3577/1252/2010 3580/1253/2010
f 1186/1243/912 1189/1246/912 1195/1252/912
f 6133/1254/922 6134/1255/922 1199/1256/922
f 1200/1257/920 6137/1255/920 1197/1254/920
f 4477/1257/2200 4481/1258/2200 6138/1255/2200
f 4478/1257/2201 4485/1259/2201 4482/1258/2201
f 4479/1257/2202 4490/1260/2202 4489/1259/2202
f 4495/1261/2203 4491/1260/2203 4480/1257/2203
f 4496/1261/2204 5636/1262/2204 4492/1260/2204
f 1206/1263/926 5637/1262/926 1204/1261/926
f 3582/1264/930 3584/1265/930 1209/1266/930
f 3583/1264/929 3585/1267/929 1208/1265/929
f 3587/1268/928 3586/1267/928 1207/1264/928
f 1211/1268/931 1212/1269/931 1210/1267/931
f 6140/1270/934 6143/1271/934 1215/1272/934
f 6141/1270/933 1216/1273/933 1214/1271/933
f 6142/1270/2205 4498/1274/2205 4497/1273/2205
f 1218/1275/932 1217/1274/932 1213/1270/932
f 5639/1276/936 5640/1277/936 1221/1278/936
f 1219/1276/935 1222/1279/935 1220/1277/935
f 3590/1280/939 3592/1281/939 1225/1282/939
f 3591/1280/2011 3594/1283/2011 3593/1281/2011
f 3601/1284/937 3598/1283/937 1223/1280/937
f 3602/1284/2014 5443/1285/2014 3599/1283/2014
f 5641/1199/941 5445/1285/941 1227/1284/941
f 5972/1286/943 5446/1285/943 1229/1199/943
f 5973/1286/2015 3605/1200/2015 5447/1285/2015
f 3607/1287/944 3603/1200/944 1230/1286/944
f 1232/1287/946 6136/1255/946 3606/1200/946
f 3608/1287/2016 3611/1256/2016 6139/1255/2016
f 1233/1287/947 3610/1256/947 3609/1287/947
f 5448/1288/950 5450/1169/950 1236/1289/950
f 5449/1288/2349 5453/1290/2349 5451/1169/2349
f 4501/1291/948 5454/1290/948 1234/1288/948
f 1238/1291/952 3655/1292/952 5455/1290/952
f 4500/1291/2012 3595/1283/2012 3654/1292/2012
f 1224/1281/938 3600/1283/938 4499/1291/938
f 4502/1293/956 4503/1294/956 1242/1295/956
f 4505/1296/954 4504/1294/954 1240/1293/954
f 4506/1296/955 4983/1297/955 1241/1294/955
f 4507/1296/958 5459/1298/958 1244/1297/958
f 4508/1296/2206 5642/1299/2206 5460/1298/2206
f 1247/1300/957 5644/1299/957 1243/1296/957
f 4934/1150/2207 4514/1301/2207 4517/1302/2207
f 4935/1150/2208 4520/1303/2208 4515/1301/2208
f 3502/1146/845 4521/1303/845 1094/1150/845
f 4987/1304/1991 4522/1303/1991 3503/1146/1991
f 4526/1305/2210 4523/1303/2210 4988/1304/2210
f 4524/1305/962 4516/1301/962 1250/1303/962
f 4525/1305/960 4518/1302/960 1248/1301/960
f 4993/1306/2209 4519/1302/2209 4527/1305/2209
f 4994/1306/961 4997/1305/961 1249/1302/961
f 3616/1307/2019 4998/1305/2019 4995/1306/2019
f 3613/1307/2017 3617/1308/2020 4999/1305/2281
f 3619/1309/2022 3617/1308/2020 3614/1307/2018
f 3619/1309/2022 4529/1310/2211 3617/1308/2020
f 3619/1309/2022 5000/1311/2282 4529/1310/2211
f 3619/1309/2022 4989/1304/2280 5000/1311/2282
f 3618/1309/2021 3621/1312/2021 4990/1304/2021
f 3615/1307/966 3620/1312/966 1255/1309/966
f 4996/1306/965 3623/1312/965 1254/1307/965
f 4528/1305/964 3622/1312/964 1253/1306/964
f 1252/1305/963 1251/1304/963 1257/1312/963
f 6154/1313/970 6155/1314/970 1260/1315/970
f 1261/1316/968 6156/1314/968 1258/1313/968
f 1262/1317/971 6157/1314/971 4530/1316/971
f 3625/1317/969 3624/1315/969 1259/1314/969
f 5000/1311/2282 5004/1318/2283 5958/1319/2427
f 4991/1304/967 5005/1318/967 1256/1311/967
f 3504/1146/1992 5003/1318/1992 4992/1304/1992
f 3505/1146/972 5006/1319/972 1263/1318/972
f 2950/1320/1806 2946/1144/1806 3491/1136/1806
f 2951/1320/839 3506/1146/839 1088/1144/839
f 2952/1320/841 1265/1321/841 1090/1146/841
f 3492/1136/973 3626/1321/973 1264/1320/973
f 6305/1322/976 3627/1323/976 1268/1324/976
f 3629/1325/974 3628/1323/974 1266/1322/974
f 3630/1325/975 3631/1326/975 1267/1323/975
f 1271/1327/977 1270/1326/977 1269/1325/977
f 3561/1224/978 3632/1328/978 1273/1329/978
f 5971/1223/900 1272/1328/900 1167/1224/900
f 5974/1330/899 3635/1328/899 1166/1223/899
f 3638/1331/2023 3633/1328/2023 5975/1330/2023
f 3636/1331/981 1276/1332/981 3634/1328/981
f 5007/1333/984 5010/1334/984 1279/1335/984
f 5008/1333/983 5011/1336/983 1278/1334/983
f 5009/1333/985 5012/1337/985 1280/1336/985
f 1282/1338/982 1281/1337/982 1277/1333/982
f 3639/1339/987 3641/1340/987 1285/1341/987
f 3640/1339/2024 3645/1342/2024 3642/1340/2024
f 3651/1343/986 3647/1342/986 1283/1339/986
f 5377/1344/989 3648/1342/989 1287/1343/989
f 5378/1344/2025 3658/1345/2025 3649/1342/2025
f 5913/1346/990 3660/1345/990 1288/1344/990
f 1291/1347/992 3661/1345/992 1290/1346/992
f 3666/1348/2028 3662/1345/2028 3665/1347/2028
f 4381/1349/993 3663/1345/993 1292/1348/993
f 1293/1349/994 5456/1290/994 3659/1345/994
f 4383/1349/951 5452/1169/951 1237/1290/951
f 1294/1350/949 1235/1169/949 4382/1349/949
f 5645/1351/996 5646/1352/996 1297/1353/996
f 1295/1351/995 1298/1354/995 1296/1352/995
f 3667/1355/915 3581/1253/915 1191/1248/915
f 1299/1355/919 1300/1356/919 1196/1253/919
f 3652/1292/2026 3656/1345/2026 5457/1290/2026
f 3653/1292/2027 3668/1357/2027 3664/1345/2027
f 3596/1283/953 3672/1357/953 1239/1292/953
f 3597/1283/2013 3674/1358/2013 3670/1357/2013
f 5444/1285/940 3676/1358/940 1226/1283/940
f 3604/1200/942 3673/1358/942 1228/1285/942
f 6135/1255/945 3677/1358/945 1231/1200/945
f 4484/1258/921 3675/1358/921 1198/1255/921
f 4483/1258/998 3669/1357/998 1302/1358/998
f 4488/1259/923 3671/1357/923 1201/1258/923
f 4487/1259/997 3657/1345/997 1301/1357/997
f 4486/1259/991 3646/1342/991 1289/1345/991
f 4494/1260/924 3650/1342/924 1202/1259/924
f 4493/1260/988 3644/1340/988 1286/1342/988
f 5638/1262/925 1284/1340/925 1203/1260/925
f 1205/1262/927 1303/1285/927 3643/1340/927
f 1304/1359/999 4386/1360/999 5914/1361/999
f 3478/1121/1983 4385/1360/1983 4384/1359/1983
f 4388/1362/1984 4387/1360/1984 3479/1121/1984
f 1307/1362/1000 1306/1361/1000 1305/1360/1000
f 4389/1363/1002 4390/1364/1002 1310/1365/1002
f 1308/1363/1001 1311/1366/1001 1309/1364/1001
f 4393/1367/1003 5643/1299/1003 1313/1368/1003
f 1312/1367/959 1245/1298/959 1246/1299/959
f 4392/1367/2009 3574/1251/2009 5458/1298/2009
f 4391/1367/918 3571/1249/918 1194/1251/918
f 1314/1369/1004 3572/1249/1004 4394/1367/1004
f 1315/1370/1005 1317/1371/1007 1355/1155/1036
f 5013/1372/2284 1317/1373/1007 1315/1374/1005
f 5014/1375/2285 1317/1373/1007 1316/1372/1006
f 5014/1375/2285 5384/1376/2343 1317/1373/1007
f 5915/1377/2423 5384/1376/2343 5014/1375/2285
f 5916/1377/1008 1320/1378/1008 1318/1376/1008
f 3682/1379/1009 3678/1378/1009 1319/1377/1009
f 3683/1380/1010 3679/1378/1010 1321/1379/1010
f 3684/1380/2029 3685/1381/2029 3680/1378/2029
f 5015/1382/1011 3686/1381/1011 1322/1380/1011
f 3689/1383/2030 3687/1381/2030 5016/1382/2030
f 3688/1383/1012 3681/1378/1012 1323/1381/1012
f 5647/1384/1013 3690/1383/1013 1324/1382/1013
f 5648/1384/1014 5917/1385/1014 1325/1383/1014
f 1328/1386/1015 5918/1385/1015 1326/1384/1015
f 3692/1387/2031 5919/1385/2031 3691/1386/2031
f 3693/1387/1016 4395/1388/1016 1327/1385/1016
f 4999/1389/2281 1330/1388/1018 1329/1387/1017
f 4999/1389/2281 1331/1390/1019 1330/1388/1018
f 6168/1391/2442 1331/1390/1019 4999/1389/2281
f 6168/1391/2442 1332/1392/1020 1331/1390/1019
f 1353/1393/1035 1332/1392/1020 6168/1391/2442
f 1353/1393/1035 3694/1394/2032 1332/1392/1020
f 4907/1395/2274 3694/1394/2032 1353/1393/1035
f 3695/1396/2033 3694/1394/2032 4907/1395/2274
f 3695/1396/2033 1332/1392/1020 3694/1394/2032
f 5385/1397/1022 5386/1398/1022 1335/1399/1022
f 1333/1397/1021 1336/1400/1021 1334/1398/1021
f 1337/1401/1023 3697/1402/1023 3698/1403/1023
f 6289/1401/1024 6112/1127/1024 1338/1402/1024
f 3550/1194/1026 4985/1404/1026 1341/1194/1026
f 4463/1195/876 1340/1404/876 1137/1194/876
f 4464/1195/2198 5017/1405/2198 4986/1404/2198
f 4466/1195/1027 4957/1203/1027 1342/1405/1027
f 4467/1195/883 5436/1205/883 1146/1203/883
f 4469/1196/877 5437/1205/877 1138/1195/877
f 5621/1197/878 5438/1205/878 1139/1196/878
f 5620/1197/885 4651/1204/885 1148/1205/885
f 3530/1173/879 4652/1204/879 1140/1197/879
f 4454/1178/862 4648/1204/862 1116/1173/862
f 4458/1178/884 3555/1202/884 1147/1204/884
f 1124/1181/865 3558/1202/865 1121/1178/865
f 4955/1181/881 1143/1200/881 1145/1202/881
f 1343/1406/1028 3553/1200/1028 4953/1181/1028
f 3637/1331/1029 2436/1407/1029 1345/1408/1029
f 5976/1330/980 2438/1407/980 1275/1331/980
f 3541/1183/979 1344/1407/979 1274/1330/979
f 2432/1184/868 2435/1407/868 1126/1183/868
f 2433/1184/1030 1346/1242/1030 2437/1407/1030
f 1347/1409/1031 3538/1242/1031 2434/1184/1031
f 5018/1410/1033 5019/1411/1033 1350/1412/1033
f 1348/1410/1032 1351/1413/1032 1349/1411/1032
f 4999/1305/2281 6167/1414/2441 6168/1415/2442
f 4999/1305/2281 3702/1416/2035 6167/1414/2441
f 3617/1308/2020 3702/1416/2035 4999/1305/2281
f 3617/1308/2020 1352/1417/1034 3702/1416/2035
f 4529/1310/2211 1352/1417/1034 3617/1308/2020
f 3703/1418/2036 1352/1417/1034 4529/1310/2211
f 3703/1418/2036 3702/1416/2035 1352/1417/1034
f 3703/1418/2036 3704/1419/2037 3702/1416/2035
f 4907/1420/2274 3704/1419/2037 3703/1418/2036
f 1353/1421/1035 3704/1419/2037 4907/1420/2274
f 1353/1421/1035 3702/1416/2035 3704/1419/2037
f 1353/1421/1035 6167/1414/2441 3702/1416/2035
f 6168/1415/2442 6167/1414/2441 1353/1421/1035
f 5649/1422/2347 5652/1423/2347 5422/1132/2347
f 5650/1422/2394 1315/1424/1005 1355/1423/1036
f 3707/1425/2038 3705/1424/2038 5651/1422/2038
f 3708/1425/2034 3700/1403/2034 3706/1424/2034
f 4101/1402/1037 3699/1403/1037 1356/1425/1037
f 4102/1402/1025 4397/1426/1025 1339/1403/1025
f 1357/1402/1038 5423/1132/1038 1358/1426/1038
f 5020/1427/2124 5424/1132/2124 4103/1402/2124
f 1359/1427/830 1354/1422/830 1076/1132/830
f 5920/1428/2424 5927/1429/2424 5928/1430/2424
f 5921/1428/1040 1363/1431/1040 1361/1429/1040
f 5922/1428/2039 3710/1432/2039 3709/1431/2039
f 5923/1428/1041 4398/1433/1041 1364/1432/1041
f 5924/1428/1042 5022/1434/1042 1365/1433/1042
f 5925/1428/1043 5387/1435/1043 1366/1434/1043
f 5926/1428/1044 5653/1436/1044 1367/1435/1044
f 1362/1430/1039 1368/1436/1039 1360/1428/1039
f 6169/1437/1047 6176/1438/1047 1371/1439/1047
f 6170/1437/1046 1372/1440/1046 1370/1438/1046
f 6171/1437/2187 4400/1441/2187 4399/1440/2187
f 6172/1437/1048 5023/1442/1048 1373/1441/1048
f 6173/1437/1049 5388/1443/1049 1374/1442/1049
f 6174/1437/1050 5654/1444/1050 1375/1443/1050
f 6175/1437/1051 1377/1445/1051 1376/1444/1051
f 3711/1439/1045 3712/1445/1045 1369/1437/1045
f 6291/1446/1053 3713/1447/1053 1380/1448/1053
f 1378/1446/1052 1381/1449/1052 1379/1447/1052
f 5389/1450/1055 5390/1451/1055 1384/1452/1055
f 1382/1450/1054 1385/1453/1054 1383/1451/1054
f 6292/1454/1057 3714/1455/1057 1388/1456/1057
f 1386/1454/1056 1389/1457/1056 1387/1455/1056
f 5391/1458/1059 5392/1459/1059 1392/1460/1059
f 1390/1458/1058 1393/1461/1058 1391/1459/1058
f 6293/1454/1061 3715/1455/1061 1396/1456/1061
f 1394/1454/1060 1397/1462/1060 1395/1455/1060
f 5393/1463/1064 5394/1464/1064 1400/1465/1064
f 5396/1466/1062 5395/1464/1062 1398/1463/1062
f 5397/1466/1063 5655/1467/1063 1399/1464/1063
f 1403/1468/1065 1402/1467/1065 1401/1466/1065
f 4402/1469/1067 4403/1470/1067 1406/1471/1067
f 1404/1469/1066 1407/1472/1066 1405/1470/1066
f 5929/1473/1069 5930/1474/1069 1410/1475/1069
f 1408/1473/1068 1411/1476/1068 1409/1474/1068
f 4405/1477/1071 4406/1478/1071 1414/1479/1071
f 1412/1477/1070 1415/1480/1070 1413/1478/1070
f 5931/1480/2425 5934/1479/2425 5936/1478/2425
f 5932/1480/1075 1419/1477/1075 5935/1479/1075
f 4407/1477/1077 4408/1478/1077 1422/1479/1077
f 1420/1477/1076 1423/1480/1076 1421/1478/1076
f 5938/1481/1079 5939/1482/1079 1426/1483/1079
f 1424/1481/1078 1427/1476/1078 1425/1482/1078
f 4409/1477/1081 4410/1478/1081 1430/1479/1081
f 1428/1477/1080 1431/1484/1080 1429/1478/1080
f 5940/1472/1083 5941/1485/1083 1434/1486/1083
f 1432/1472/1082 1435/1470/1082 1433/1485/1082
f 4411/1484/1085 4412/1479/1085 1438/1477/1085
f 1436/1484/1084 1439/1487/1084 1437/1479/1084
f 5942/1478/1087 5943/1477/1087 1442/1480/1087
f 1440/1478/1086 1443/1479/1086 1441/1477/1086
f 4414/1488/1089 4415/1489/1089 1446/1490/1089
f 1444/1488/1088 1447/1491/1088 1445/1489/1088
f 5944/1492/1092 5946/1493/1092 1450/1494/1092
f 5945/1492/2045 3735/1495/2045 5947/1493/2045
f 3736/1496/1090 3732/1495/1090 1448/1492/1090
f 3737/1496/2044 3738/1497/2044 3733/1495/2044
f 4416/1498/1094 3739/1497/1094 1452/1496/1094
f 5027/1499/1095 3740/1497/1095 1454/1498/1095
f 5028/1499/2046 3743/1500/2046 3741/1497/2046
f 1457/1501/1096 3744/1500/1096 1455/1499/1096
f 1458/1502/1097 1459/1503/1097 1460/1504/1097
f 5030/1477/1099 5031/1478/1099 1463/1479/1099
f 1461/1477/1098 1464/1480/1098 1462/1478/1098
f 6181/1484/1101 6182/1479/1101 1467/1477/1101
f 1465/1484/1100 1468/1487/1100 1466/1479/1100
f 5933/1480/2047 3746/1505/2047 3745/1477/2047
f 5032/1506/1072 3747/1505/1072 1416/1480/1072
f 5033/1506/1102 5034/1479/1102 1469/1505/1102
f 1472/1487/1103 1471/1479/1103 1470/1506/1103
f 3734/1495/1091 3742/1500/1091 1449/1493/1091
f 1451/1495/1093 1453/1497/1093 1456/1500/1093
f 6185/1507/1106 6187/1508/1106 1475/1509/1106
f 6186/1507/1105 1476/1510/1105 1474/1508/1105
f 4419/1511/1104 4417/1510/1104 1473/1507/1104
f 1477/1511/1107 1478/1512/1107 4418/1510/1107
f 5656/1513/1110 5657/1514/1110 1481/1515/1110
f 5659/1516/1108 5658/1514/1108 1479/1513/1108
f 5660/1516/1109 1483/1517/1109 1480/1514/1109
f 1484/1518/1111 3748/1517/1111 1482/1516/1111
f 5035/1519/1114 5036/1520/1114 1487/1521/1114
f 5038/1522/1112 5037/1520/1112 1485/1519/1112
f 1488/1522/1113 1489/1523/1113 1486/1520/1113
f 6298/1507/1117 3749/1524/1117 1492/1509/1117
f 6299/1507/1116 3750/1510/1116 1491/1524/1116
f 5039/1525/1115 3751/1510/1115 1490/1507/1115
f 1494/1525/1118 1495/1512/1118 1493/1510/1118
f 5951/1526/1121 5953/1527/1121 1498/1528/1121
f 5952/1526/1120 3719/1529/1120 1497/1527/1120
f 3752/1530/1119 3717/1529/1119 1496/1526/1119
f 3753/1530/2041 3754/1531/2041 3718/1529/2041
f 4420/1532/1123 3755/1531/1123 1500/1530/1123
f 4421/1532/2048 5041/1533/2048 3756/1531/2048
f 5403/1534/1125 5042/1533/1125 1502/1532/1125
f 5404/1534/2286 5045/1535/2286 5043/1533/2286
f 5955/1536/1127 5046/1535/1127 1504/1534/1127
f 1507/1537/1129 5047/1535/1129 1506/1536/1129
f 3761/1537/2042 3722/1538/2042 5048/1535/2042
f 3726/1539/2043 3723/1538/2043 3762/1537/2043
f 3725/1539/2040 3716/1529/2040 3721/1538/2040
f 5954/1527/1122 1499/1529/1122 1509/1539/1122
f 5405/1540/1131 5406/1541/1131 1512/1542/1131
f 1510/1540/1130 1513/1543/1130 1511/1541/1130
f 6335/1544/1654 2389/1545/1654 2443/1546/1654
f 3214/1547/1132 1515/1545/1132 1514/1544/1132
f 3215/1547/1653 2390/1548/1653 2388/1545/1653
f 1519/1549/1134 1518/1548/1134 1517/1547/1134
f 5909/1550/1136 5910/1551/1136 1522/1552/1136
f 1520/1550/1135 1523/1553/1135 1521/1551/1135
f 1524/1554/1137 4300/1555/1137 1526/1556/1137
f 3918/1557/2085 4301/1555/2085 3917/1554/2085
f 3919/1557/1138 4723/1558/1138 1525/1555/1138
f 1529/1559/1139 1528/1558/1139 1527/1557/1139
f 6315/1560/1141 2558/1561/1141 1532/1562/1141
f 1530/1560/1140 1533/1563/1140 1531/1561/1140
f 5124/1564/1143 5125/1565/1143 1536/1566/1143
f 1534/1564/1142 1537/1567/1142 1535/1565/1142
f 6287/1568/1145 1539/1569/1145 1540/1570/1145
f 1538/1568/1144 1541/1571/1144 2419/1569/1144
f 5116/1572/1147 5117/1558/1147 1544/1573/1147
f 1542/1572/1146 1545/1574/1146 1543/1558/1146
f 6340/1575/1149 2420/1576/1149 1548/1577/1149
f 1546/1575/1148 1549/1578/1148 1547/1576/1148
f 5311/1579/1151 5312/1580/1151 1552/1581/1151
f 1550/1579/1150 1553/1582/1150 1551/1580/1150
f 6321/1583/1153 2421/1584/1153 1556/1585/1153
f 1554/1583/1152 1557/1586/1152 1555/1584/1152
f 1558/1587/1154 1559/1588/1154 1560/1589/1154
f 6105/1590/1156 6106/1591/1156 1563/1592/1156
f 1561/1590/1155 1564/1593/1155 1562/1591/1155
f 4709/1594/1158 4982/1595/1158 1567/1596/1158
f 1565/1594/1157 1568/1597/1157 1566/1595/1157
f 6162/1598/1160 6163/1599/1160 1571/1600/1160
f 1569/1598/1159 1572/1601/1159 1570/1599/1159
f 1573/1602/1161 4981/1603/1161 1575/1577/1161
f 4680/1602/1162 1576/1604/1162 1574/1603/1162
f 6158/1605/1164 6263/1606/1164 1579/1607/1164
f 1577/1605/1163 1580/1608/1163 1578/1606/1163
f 5025/1609/1166 5026/1610/1166 1583/1611/1166
f 1581/1609/1165 1584/1612/1165 1582/1610/1165
f 6183/1611/1168 6184/1612/1168 1587/1610/1168
f 1585/1611/1167 1588/1613/1167 1586/1612/1167
f 4796/1613/1170 5024/1612/1170 1591/1610/1170
f 1589/1613/1169 1592/1611/1169 1590/1612/1169
f 6177/1614/1172 6178/1615/1172 1595/1616/1172
f 1593/1614/1171 1596/1617/1171 1594/1615/1171
f 4733/1618/1174 5052/1612/1174 1599/1610/1174
f 1597/1618/1173 1600/1613/1173 1598/1612/1173
f 1601/1619/1175 1602/1620/1175 1603/1621/1175
f 1604/1622/1176 1605/1623/1176 1606/1624/1176
f 1607/1625/1177 1608/1626/1177 1609/1626/1177
f 1610/1625/1178 1611/1612/1178 1612/1610/1178
f 4732/1627/1180 5051/1628/1180 1615/1629/1180
f 1613/1627/1179 1616/1630/1179 1614/1628/1179
f 6165/1631/1182 6166/1458/1182 1619/1460/1182
f 1617/1631/1181 1620/1461/1181 1618/1458/1181
f 4734/1455/1184 5040/1454/1184 1623/1456/1184
f 1621/1455/1183 1624/1462/1183 1622/1454/1183
f 6216/1451/1186 6217/1450/1186 1627/1452/1186
f 1625/1451/1185 1628/1453/1185 1626/1450/1185
f 1629/1632/1187 4960/1633/1187 1631/1634/1187
f 4548/1632/1188 1632/1635/1188 1630/1633/1188
f 6234/1636/1190 6280/1486/1190 1635/1485/1190
f 1633/1636/1189 1636/1476/1189 1634/1486/1189
f 4532/1478/1192 4699/1477/1192 1639/1479/1192
f 1637/1478/1191 1640/1480/1191 1638/1477/1191
f 6259/1479/1195 6273/1480/1195 1643/1478/1195
f 6260/1479/1196 1644/1477/1196 6274/1480/1196
f 4746/1478/1198 4747/1477/1198 1647/1479/1198
f 1645/1478/1197 1648/1480/1197 1646/1477/1197
f 1649/1478/1199 6261/1477/1199 1651/1479/1199
f 6240/1478/1200 1652/1480/1200 1650/1477/1200
f 4748/1480/1202 4749/1479/1202 1655/1478/1202
f 1653/1480/1201 1656/1477/1201 1654/1479/1201
f 6211/1637/1204 6212/1638/1204 1659/1639/1204
f 1657/1637/1203 1660/1640/1203 1658/1638/1203
f 4657/1474/1206 5021/1641/1206 1663/1642/1206
f 1661/1474/1205 1664/1476/1205 1662/1641/1205
f 1665/1478/1207 6262/1477/1207 1667/1479/1207
f 6246/1478/1208 1668/1484/1208 1666/1477/1208
f 4750/1478/1210 4751/1477/1210 1671/1479/1210
f 1669/1478/1209 1672/1480/1209 1670/1477/1209
f 6232/1479/1212 6233/1484/1212 1675/1477/1212
f 1673/1479/1211 1676/1487/1211 1674/1484/1211
f 4752/1479/1214 5055/1484/1214 1679/1477/1214
f 1677/1479/1213 1680/1487/1213 1678/1484/1213
f 4021/1505/2103 6275/1480/2103 4020/1477/2103
f 4022/1505/1194 6266/1506/1194 1642/1480/1194
f 1683/1479/1215 6267/1506/1215 1681/1505/1215
f 2453/1479/1216 1684/1487/1216 1682/1506/1216
f 4753/1643/1218 5050/1644/1218 1687/1645/1218
f 1685/1643/1217 1688/1646/1217 1686/1644/1217
f 6131/1647/1220 6132/1648/1220 1691/1649/1220
f 1689/1647/1219 1692/1650/1219 1690/1648/1219
f 4754/1485/1222 4827/1472/1222 1695/1486/1222
f 1693/1485/1221 1696/1651/1221 1694/1472/1221
f 6264/1477/1224 6265/1478/1224 1699/1480/1224
f 1697/1477/1223 1700/1479/1223 1698/1478/1223
f 4816/1509/1227 4817/1510/1227 1703/1508/1227
f 4819/1507/1225 4818/1510/1225 1701/1509/1225
f 4820/1507/1226 5344/1512/1226 1702/1510/1226
f 1706/1511/1228 1705/1512/1228 1704/1507/1228
f 2492/1652/1684 2735/1653/1684 2496/1654/1684
f 2498/1655/1685 2736/1653/1685 2493/1652/1685
f 2500/1655/1230 4026/1656/1230 1708/1653/1230
f 5127/1657/1233 1711/1656/1233 2499/1655/1233
f 6270/1658/1237 6272/1659/1237 1715/1660/1237
f 6271/1658/1236 1716/1661/1236 1714/1659/1236
f 4029/1662/1235 4027/1661/1235 1713/1658/1235
f 1717/1662/1238 1718/1663/1238 4028/1661/1238
f 5570/1664/1241 5759/1665/1241 1721/1666/1241
f 5571/1664/1240 5686/1667/1240 1720/1665/1240
f 1723/1668/1239 5687/1667/1239 1719/1664/1239
f 3044/1668/1242 1724/1669/1242 1722/1667/1242
f 4769/1670/1244 4770/1671/1244 1727/1672/1244
f 1725/1670/1243 1728/1673/1243 1726/1671/1243
f 6103/1576/1246 6104/1674/1246 1731/1577/1246
f 1729/1576/1245 1732/1675/1245 1730/1674/1245
f 1733/1584/1247 4984/1583/1247 1735/1585/1247
f 4777/1584/1248 1736/1676/1248 1734/1583/1248
f 6164/1612/1250 6245/1611/1250 1739/1610/1250
f 1737/1612/1249 1740/1613/1249 1738/1611/1249
f 1741/1610/1251 5029/1609/1251 1743/1611/1251
f 4786/1610/1252 1744/1612/1252 1742/1609/1252
f 6188/1612/1254 6189/1613/1254 1747/1610/1254
f 1745/1612/1253 1748/1611/1253 1746/1613/1253
f 1749/1677/1255 1750/1678/1255 1751/1679/1255
f 1752/1680/1256 1753/1681/1256 1754/1682/1256
f 1755/1683/1257 1756/1684/1257 1757/1685/1257
f 1758/1623/1258 1759/1686/1258 1760/1624/1258
f 6113/1687/1261 6204/1688/1261 1763/1689/1261
f 1764/1690/1259 6205/1688/1259 1761/1687/1259
f 3981/1690/1260 1765/1691/1260 1762/1688/1260
f 5373/1692/1263 5374/1693/1263 1768/1694/1263
f 1766/1692/1262 1769/1695/1262 1767/1693/1262
f 6326/1696/1265 1771/1697/1265 1772/1698/1265
f 1770/1696/1264 1773/1699/1264 2545/1697/1264
f 5277/1700/1267 5468/1606/1267 1776/1616/1267
f 1774/1700/1266 1777/1701/1266 1775/1606/1266
f 4794/1613/1269 4797/1610/1269 1779/1611/1269
f 4795/1613/1268 1780/1612/1268 1778/1610/1268
f 4798/1702/1271 5077/1703/1271 1783/1704/1271
f 1781/1702/1270 1784/1705/1270 1782/1703/1270
f 6218/1706/1273 6219/1707/1273 1787/1708/1273
f 1785/1706/1272 1788/1709/1272 1786/1707/1272
f 4799/1710/1276 4800/1711/1276 1791/1712/1276
f 4802/1713/1274 4801/1711/1274 1789/1710/1274
f 1792/1713/1275 1793/1714/1275 1790/1711/1275
f 1794/1715/1277 1795/1716/1277 1796/1717/1277
f 6329/1715/1278 1797/1718/1278 2560/1716/1278
f 5212/1693/1280 5213/1692/1280 1800/1694/1280
f 1801/1719/1279 1799/1692/1279 1798/1693/1279
f 6341/1697/1282 2561/1696/1282 1804/1720/1282
f 1805/1699/1281 1803/1696/1281 1802/1697/1281
f 5375/1603/1284 5376/1602/1284 1808/1577/1284
f 1806/1603/1283 1809/1721/1283 1807/1602/1283
f 6288/1615/1286 3612/1614/1286 1812/1616/1286
f 1810/1615/1285 1813/1617/1285 1811/1614/1285
f 5253/1606/1288 5461/1614/1288 1816/1616/1288
f 1814/1606/1287 1817/1701/1287 1815/1614/1287
f 6286/1722/1290 3731/1723/1290 1820/1724/1290
f 1818/1722/1289 1821/1725/1289 1819/1723/1289
f 5401/1726/1292 5402/1572/1292 1824/1727/1292
f 1822/1726/1291 1825/1728/1291 1823/1572/1291
f 6301/1584/1294 3727/1729/1294 1828/1581/1294
f 1826/1584/1293 1829/1582/1293 1827/1729/1293
f 5260/1606/1296 5400/1730/1296 1832/1607/1296
f 1830/1606/1295 1833/1701/1295 1831/1730/1295
f 6333/1612/1298 2580/1618/1298 1836/1610/1298
f 1834/1612/1297 1837/1613/1297 1835/1618/1297
f 1838/1610/1299 6190/1613/1299 1839/1611/1299
f 5261/1610/1300 1840/1731/1300 6191/1613/1300
f 6276/1628/1302 6277/1627/1302 1843/1629/1302
f 1841/1628/1301 1844/1732/1301 1842/1627/1301
f 4821/1638/1304 4822/1637/1304 1847/1639/1304
f 1845/1638/1303 1848/1640/1303 1846/1637/1303
f 6268/1633/1306 6269/1733/1306 1851/1734/1306
f 1849/1633/1305 1852/1635/1305 1850/1733/1305
f 4829/1735/1309 4863/1736/1309 1855/1737/1309
f 4830/1735/1308 4872/1738/1308 1854/1736/1308
f 4828/1735/1310 4831/1739/1310 1856/1738/1310
f 4878/1740/1307 1857/1739/1307 1853/1735/1307
f 1858/1740/1311 1859/1741/1311 4832/1739/1311
f 2584/1742/1714 2581/1741/1714 4879/1740/1714
f 2607/1743/1312 2582/1741/1312 1860/1742/1312
f 2608/1743/1715 2609/1744/1715 2583/1741/1715
f 4846/1745/1313 1862/1744/1313 1861/1743/1313
f 1863/1745/1314 5263/1746/1314 2610/1744/1314
f 5704/1747/2265 5264/1746/2265 4847/1745/2265
f 1865/1747/1315 1866/1748/1315 1864/1746/1315
f 1867/1477/1073 5937/1478/1073 1417/1479/1073
f 3385/1477/1074 1868/1480/1074 1418/1478/1074
f 4844/1477/1317 4845/1478/1317 1871/1479/1317
f 1869/1477/1316 1872/1480/1316 1870/1478/1316
f 6236/1479/1319 6237/1480/1319 1875/1478/1319
f 1873/1479/1318 1876/1477/1318 1874/1480/1318
f 4910/1447/1321 5079/1446/1321 1879/1448/1321
f 1877/1447/1320 1880/1749/1320 1878/1446/1320
f 6114/1455/1323 6115/1454/1323 1883/1456/1323
f 1881/1455/1322 1884/1457/1322 1882/1454/1322
f 4858/1464/1326 4880/1750/1326 1887/1751/1326
f 4859/1464/1325 4860/1752/1325 1886/1750/1325
f 4862/1467/1324 4861/1752/1324 1885/1464/1324
f 1889/1467/1327 1890/1753/1327 1888/1752/1327
f 2623/1651/1329 3049/1469/1329 1893/1471/1329
f 1891/1651/1328 1894/1472/1328 1892/1469/1328
f 5744/1484/1331 5745/1479/1331 1897/1477/1331
f 1895/1484/1330 1898/1487/1330 1896/1479/1330
f 2624/1754/1333 2625/1755/1333 1901/1756/1333
f 1899/1754/1332 1902/1757/1332 1900/1755/1332
f 5528/1758/1336 5624/1759/1336 1905/1760/1336
f 5529/1761/1334 5625/1759/1334 1903/1758/1334
f 1906/1761/1335 1907/1762/1335 1904/1759/1335
f 5044/1535/1126 3757/1531/1126 1503/1533/1126
f 3724/1538/1128 3758/1531/1128 1505/1535/1128
f 1508/1538/1124 3720/1529/1124 1501/1531/1124
f 4322/1763/1338 4413/1764/1338 1910/1765/1338
f 1908/1763/1337 1911/1766/1337 1909/1764/1337
f 5993/1767/1340 5994/1768/1340 1914/1769/1340
f 1912/1767/1339 1915/1770/1339 1913/1768/1339
f 1916/1771/1341 4476/1772/1341 1918/1769/1341
f 3835/1771/1342 1919/1773/1342 1917/1772/1342
f 3836/1550/1343 2444/1546/1343 1921/1552/1343
f 1920/1550/1133 6334/1544/1133 1516/1546/1133
f 6328/1736/1345 2647/1735/1345 1924/1737/1345
f 3342/1738/1344 1923/1735/1344 1922/1736/1344
f 2648/1739/1346 2645/1735/1346 1925/1738/1346
f 2649/1739/1732 2650/1740/1732 2646/1735/1732
f 5286/1741/1347 1927/1740/1347 1926/1739/1347
f 5287/1741/1347 5562/1774/1347 2651/1740/1347
f 5288/1741/1349 5995/1743/1349 1929/1774/1349
f 1931/1744/1348 5996/1743/1348 1928/1741/1348
f 2655/1744/1350 3405/1745/1350 1930/1743/1350
f 2656/1746/1733 3406/1745/1733 2654/1744/1733
f 2657/1746/1351 3811/1747/1351 1932/1745/1351
f 1935/1775/1352 1934/1747/1352 1933/1746/1352
f 2658/1478/1193 2660/1477/1193 1641/1479/1193
f 2659/1478/1353 1937/1480/1353 1936/1477/1353
f 6337/1479/1355 2661/1484/1355 1940/1477/1355
f 1938/1479/1354 1941/1487/1354 1939/1484/1354
f 5278/1776/1357 5279/1488/1357 1944/1777/1357
f 1942/1776/1356 1945/1778/1356 1943/1488/1356
f 6336/1779/1359 2670/1510/1359 1948/1508/1359
f 3507/1507/1358 1947/1510/1358 1946/1779/1358
f 3508/1507/1736 2671/1512/1736 2669/1510/1736
f 1951/1511/1360 1950/1512/1360 1949/1507/1360
f 2673/1780/1362 2497/1654/1362 1953/1781/1362
f 2672/1780/1231 2494/1652/1231 1709/1654/1231
f 2674/1782/1361 2495/1652/1361 1952/1780/1361
f 2675/1782/1229 2501/1655/1229 1707/1652/1229
f 2676/1782/1232 5128/1657/1232 1710/1655/1232
f 1955/1783/1234 1712/1657/1234 1954/1782/1234
f 1956/1784/1363 3941/1785/1363 1958/1786/1363
f 3793/1787/2060 3942/1785/2060 3792/1784/2060
f 1959/1787/1364 1960/1788/1364 1957/1785/1364
f 6144/1531/1748 6149/1535/1748 2710/1533/1748
f 6145/1531/2077 3879/1538/2077 6150/1535/2077
f 4053/1529/2076 3878/1538/2076 6146/1531/2076
f 5382/1789/1371 5383/1790/1371 1968/1791/1371
f 1966/1789/1370 1969/1792/1370 1967/1790/1370
f 6290/1793/1373 1971/1794/1373 1972/1795/1373
f 1970/1793/1372 1973/1796/1372 3407/1794/1372
f 5303/1546/1375 5379/1550/1375 1976/1552/1375
f 1974/1546/1374 5380/1544/1374 1975/1550/1374
f 6316/1551/1378 1979/1550/1378 1980/1552/1378
f 1978/1551/1377 1981/1553/1377 2704/1550/1377
f 4643/1527/1380 4645/1526/1380 1984/1797/1380
f 4642/1527/2112 4054/1529/2112 4644/1526/2112
f 3881/1539/1379 4056/1529/1379 1982/1527/1379
f 3880/1539/2075 3876/1538/2075 4057/1529/2075
f 3882/1537/1381 3877/1538/1381 1985/1539/1381
f 1986/1537/1368 6151/1535/1368 1964/1538/1368
f 1987/1536/1382 6152/1535/1382 3883/1537/1382
f 3339/1534/1929 6153/1535/1929 3338/1536/1929
f 3340/1534/1366 2709/1533/1366 1962/1535/1366
f 2711/1532/1383 2708/1533/1383 1988/1534/1383
f 1989/1532/1367 6147/1531/1367 1963/1533/1367
f 4656/1530/1749 6148/1531/1749 2712/1532/1749
f 4655/1530/1365 4055/1529/1365 1961/1531/1365
f 1983/1526/1369 1965/1529/1369 1990/1530/1369
f 5740/1520/1386 5742/1798/1386 1993/1799/1386
f 5741/1520/1385 5743/1800/1385 1992/1798/1385
f 1995/1801/1384 1994/1800/1384 1991/1520/1384
f 1996/1545/1387 5381/1544/1387 5302/1546/1387
f 4252/1545/1376 4350/1802/1376 1977/1544/1376
f 4253/1803/2158 4351/1802/2158 4251/1545/2158
f 1998/1803/1388 1999/1804/1388 1997/1802/1388
f 5911/1565/1390 5912/1805/1390 2002/1806/1390
f 2000/1565/1389 2003/1807/1389 2001/1805/1389
f 3897/1808/1392 4401/1809/1392 2006/1810/1392
f 2004/1808/1391 2007/1811/1391 2005/1809/1391
f 2008/1626/1393 2009/1625/1393 2010/1626/1393
f 2011/1612/1394 2012/1625/1394 2013/1610/1394
f 2014/1812/1395 5478/1813/1395 2016/1814/1395
f 5305/1812/1396 5306/1815/1396 2015/1813/1396
f 6306/1816/1721 2614/1817/1721 2616/1818/1721
f 6309/1816/1722 2721/1819/1722 2615/1817/1722
f 4873/1820/1754 2724/1819/1754 6310/1816/1754
f 4876/1820/1755 4911/1821/1755 2725/1819/1755
f 6005/1822/2429 6006/1815/2429 6010/1812/2429
f 2027/1823/1403 6007/1815/1403 2024/1822/1403
f 2726/1823/1756 2727/1824/1756 6008/1815/1756
f 4533/1825/2213 4560/1826/2213 4535/1827/2213
f 2029/1825/1407 4563/1828/1407 4561/1826/1407
f 4537/1829/2214 4564/1828/2214 4534/1825/2214
f 2033/1829/1410 2034/1829/1410 2032/1828/1410
f 2827/1830/1413 3426/1825/1413 2037/1831/1413
f 2834/1832/1411 3428/1825/1411 2035/1830/1411
f 4452/1832/1412 2036/1825/1412 2038/1832/1412
f 2039/1832/1414 2040/1827/1414 3427/1825/1414
f 6229/1815/1416 6235/1822/1416 2043/1812/1416
f 2041/1815/1415 2044/1813/1415 2042/1822/1415
f 2045/1833/1417 4619/1834/1417 2047/1835/1417
f 4538/1833/2215 4540/1836/2215 4620/1834/2215
f 4545/1837/2216 4542/1836/2216 4539/1833/2216
f 5986/1838/1420 4543/1836/1420 2049/1837/1420
f 2050/1838/1421 2996/1839/1421 4544/1836/1421
f 5987/1838/1829 3104/1840/1829 2994/1839/1829
f 3769/1837/1854 3105/1840/1854 5988/1838/1854
f 4145/1833/1423 3106/1840/1423 2053/1837/1423
f 4146/1833/1855 4147/1841/1855 3107/1840/1855
f 2056/1842/1424 4149/1841/1424 2054/1833/1424
f 2057/1813/1426 6231/1812/1426 2059/1814/1426
f 6230/1813/1397 2017/1815/1397 2058/1812/1397
f 4150/1818/1429 4152/1819/1429 2062/1817/1429
f 4151/1818/1428 4154/1816/1428 2061/1819/1428
f 4159/1817/1427 4155/1816/1427 2060/1818/1427
f 5749/1819/2136 4156/1816/2136 4160/1817/2136
f 5752/1819/2137 5754/1820/2137 4157/1816/2137
f 2940/1821/1804 5755/1820/1804 5753/1819/1804
f 2937/1821/1803 3268/1843/1803 5756/1820/1803
f 3281/1844/1434 2068/1843/1434 2938/1821/1434
f 3770/1845/1406 6009/1815/1406 2028/1824/1406
f 3771/1845/1404 5484/1812/1404 2025/1815/1404
f 2072/1814/1436 2071/1812/1436 2070/1845/1436
f 2073/1831/1437 6247/1827/1437 2075/1825/1437
f 6159/1831/1439 2076/1826/1439 6248/1827/1439
f 6160/1831/2106 4033/1814/2106 4030/1826/2106
f 4767/1813/2107 4035/1814/2107 6161/1831/2107
f 4768/1815/1440 2077/1814/1440 2078/1813/1440
f 2079/1815/1441 4557/1812/1441 4034/1814/1441
f 4171/1844/1909 5757/1820/1909 3269/1843/1909
f 2082/1821/1443 5758/1820/1443 2081/1844/1443
f 4559/1821/1432 4158/1816/1432 2066/1820/1432
f 4153/1819/1430 2063/1816/1430 4558/1821/1430
f 2083/1815/1442 3348/1822/1442 2080/1812/1442
f 2800/1815/1444 2804/1823/1444 2084/1822/1444
f 3048/1824/1445 2085/1823/1445 2803/1815/1445
f 4031/1826/1438 4342/1825/1438 2074/1827/1438
f 4346/1828/1447 2087/1825/1447 4032/1826/1447
f 4347/1828/2177 5568/1829/2177 4343/1825/2177
f 2090/1829/1448 2089/1829/1448 2088/1828/1448
f 2829/1825/1450 3412/1830/1450 2093/1831/1450
f 2091/1825/1449 3588/1832/1449 2092/1830/1449
f 2830/1827/1780 3589/1832/1780 2828/1825/1780
f 2095/1827/1451 2096/1832/1451 2094/1832/1451
f 2801/1815/1446 2831/1845/1446 2086/1824/1446
f 2833/1812/1777 2832/1845/1777 2802/1815/1777
f 2098/1812/1452 2099/1814/1452 2097/1845/1452
f 3921/1846/1454 2101/1847/1454 2102/1848/1454
f 3922/1846/1455 2103/1849/1455 2104/1850/1455
f 3923/1846/1456 2105/1851/1456 2106/1852/1456
f 3924/1846/1457 2107/1853/1457 2108/1854/1457
f 3920/1846/1458 2109/1855/1458 2110/1856/1458
f 3925/1846/1459 2111/1857/1459 2112/1858/1459
f 6124/1859/1461 2114/1860/1461 2115/1861/1461
f 3989/1820/2096 4204/1844/2096 3994/1843/2096
f 3993/1820/1463 4912/1821/1463 2117/1844/1463
f 4206/1816/2097 4913/1821/2097 3990/1820/2097
f 4207/1816/1752 2722/1819/1752 4915/1821/1752
f 2851/1818/1753 2723/1819/1753 4208/1816/1753
f 2850/1818/1399 2019/1817/1399 2021/1819/1399
f 6116/1862/1469 6118/1863/1469 2123/1864/1469
f 2121/1862/1467 4308/1865/1467 6120/1863/1467
f 4309/1866/2173 4306/1865/2173 6117/1862/2173
f 4311/1862/1471 4307/1865/1471 2125/1866/1471
f 2126/1862/1470 6119/1863/1470 2124/1865/1470
f 2127/1864/1468 2122/1863/1468 4312/1862/1468
f 5897/1867/1474 5899/1868/1474 2130/1869/1474
f 2873/1870/1790 5900/1868/1790 5898/1867/1790
f 2874/1871/1472 2869/1870/1472 2128/1867/1472
f 2875/1872/1476 2870/1870/1476 2132/1871/1476
f 2876/1873/1477 2871/1870/1477 2133/1872/1477
f 2877/1874/1478 2872/1870/1478 2134/1873/1478
f 5901/1868/1475 2131/1870/1475 2135/1874/1475
f 2136/1875/1473 2129/1868/1473 2878/1874/1473
f 3926/1846/1479 2137/1876/1479 2138/1877/1479
f 4209/1816/1466 2139/1817/1466 2120/1818/1466
f 4210/1816/1793 3029/1819/1793 2888/1817/1793
f 3991/1820/1465 3030/1819/1465 2119/1816/1465
f 3992/1820/1838 4268/1821/1838 3033/1819/1838
f 3995/1843/1462 4273/1821/1462 2116/1820/1462
f 5049/1844/1464 4272/1821/1464 2118/1843/1464
f 4570/1878/1482 4269/1821/1482 2142/1844/1482
f 4571/1820/1483 4270/1821/1483 2143/1878/1483
f 4222/1816/1484 4271/1821/1484 2144/1820/1484
f 4221/1816/1481 3031/1819/1481 2141/1821/1481
f 2890/1818/1485 3032/1819/1485 2145/1816/1485
f 2889/1818/1480 2887/1817/1480 2140/1819/1480
f 3316/1819/1487 2617/1818/1487 2148/1817/1487
f 2147/1819/1400 6307/1816/1400 2020/1818/1400
f 3759/1821/1919 6308/1816/1919 3317/1819/1919
f 2149/1821/1398 4874/1820/1398 2018/1816/1398
f 4618/1844/2049 4875/1820/2049 3760/1821/2049
f 5002/1843/1488 4877/1820/1488 2150/1844/1488
f 2151/1843/1401 4914/1821/1401 2022/1820/1401
f 4205/1844/1402 2023/1821/1402 5001/1843/1402
f 5905/1825/1490 5906/1826/1490 2154/1827/1490
f 2152/1825/1489 2155/1831/1489 2153/1826/1489
f 6127/1859/1491 2156/1879/1491 2157/1880/1491
f 6125/1859/1492 2158/1856/1492 2159/1881/1492
f 6128/1859/1493 2160/1882/1493 2161/1883/1493
f 4536/1827/1495 5189/1831/1495 2163/1825/1495
f 4562/1826/1409 5188/1831/1409 2031/1827/1409
f 4232/1814/1408 5190/1831/1408 2030/1826/1408
f 4231/1814/1494 4374/1813/1494 2162/1831/1494
f 4230/1814/1496 4233/1815/1496 2165/1813/1496
f 2026/1812/1405 2166/1815/1405 2164/1814/1405
f 5796/1817/1966 3434/1816/1966 5798/1818/1966
f 5797/1817/1967 5800/1819/1967 3435/1816/1967
f 2891/1818/1497 5803/1819/1497 2167/1817/1497
f 2171/1816/1486 5802/1819/1486 2146/1818/1486
f 2927/1816/1801 2929/1821/1801 5801/1819/1801
f 2935/1820/1802 2930/1821/1802 2928/1816/1802
f 4370/1878/1501 2933/1821/1501 2173/1820/1501
f 4422/1884/1502 2934/1821/1502 2174/1878/1502
f 4239/1843/1503 2931/1821/1503 2175/1884/1503
f 2942/1820/1504 2932/1821/1504 2176/1843/1504
f 2945/1820/1500 5804/1819/1500 2172/1821/1500
f 3436/1816/1499 2170/1819/1499 2944/1820/1499
f 3282/1844/1805 2943/1820/1805 4240/1843/1805
f 2936/1821/1435 2941/1820/1435 2069/1844/1435
f 2939/1821/1505 3433/1816/1505 2177/1820/1505
f 5750/1819/1433 3437/1816/1433 2067/1821/1433
f 5751/1819/1498 2169/1818/1498 2168/1816/1498
f 2064/1817/1431 5799/1818/1431 2065/1819/1431
f 6297/1826/1507 2963/1825/1507 2180/1827/1507
f 2178/1826/1506 2181/1831/1506 2179/1825/1506
f 5398/1822/1509 5399/1815/1509 2184/1812/1509
f 2182/1822/1508 2185/1813/1508 2183/1815/1508
f 6294/1868/1512 2901/1885/1512 2188/1869/1512
f 2903/1886/1796 2902/1885/1796 6295/1868/1796
f 2907/1886/1511 2918/1871/1511 2187/1885/1511
f 2904/1886/1514 4572/1872/1514 2190/1871/1514
f 2905/1886/1515 4574/1873/1515 2191/1872/1515
f 2906/1886/1516 4587/1887/1516 2192/1873/1516
f 6296/1868/1513 2193/1887/1513 2189/1886/1513
f 2194/1875/1510 4588/1887/1510 2186/1868/1510
f 2100/1846/1453 2195/1888/1453 2196/1889/1453
f 6129/1859/1517 2197/1890/1517 2198/1891/1517
f 6130/1859/1518 2199/1892/1518 2200/1893/1518
f 2113/1859/1460 2201/1894/1460 2202/1895/1460
f 2978/1896/1825 3162/1897/1825 2981/1898/1825
f 2979/1896/1520 2984/1899/1520 2204/1897/1520
f 2980/1896/1826 2987/1900/1826 2986/1899/1826
f 2983/1898/1519 2989/1900/1519 2203/1896/1519
f 2982/1898/1827 2998/1901/1827 2991/1900/1827
f 4621/1834/1521 2999/1901/1521 2205/1898/1521
f 4541/1836/1418 3000/1901/1418 2046/1834/1418
f 2992/1839/1419 2997/1901/1419 2048/1836/1419
f 2995/1839/1524 2988/1900/1524 2208/1901/1524
f 3001/1902/1828 2990/1900/1828 2993/1839/1828
f 3003/1902/1523 2985/1899/1523 2207/1900/1523
f 3004/1902/1522 4148/1841/1522 2206/1899/1522
f 3002/1902/1425 3108/1840/1425 2055/1841/1425
f 2051/1839/1422 2052/1840/1422 2209/1902/1422
f 6126/1859/1525 2210/1903/1525 2211/1904/1525
f 3777/1905/2055 3782/1906/2055 4293/1907/2055
f 4257/1908/1527 2213/1906/1527 3779/1905/1527
f 4261/1908/2059 4592/1909/2059 3783/1906/2059
f 5808/1910/2159 4593/1909/2159 4258/1908/2159
f 5809/1910/1530 6089/1911/1530 2216/1909/1530
f 5810/1910/1531 2219/1912/1531 2218/1911/1531
f 3311/1913/1916 3309/1912/1916 5811/1910/1916
f 3312/1913/1917 3701/1914/1917 3310/1912/1917
f 3313/1913/1532 4262/1915/1532 2221/1914/1532
f 3797/1916/1918 4263/1915/1918 3314/1913/1918
f 3798/1916/1533 5498/1917/1533 2222/1915/1533
f 3799/1916/1535 5541/1918/1535 2224/1917/1535
f 3801/1916/2062 4265/1919/2062 5543/1918/2062
f 3796/1916/2056 3778/1905/2056 4264/1919/2056
f 3800/1916/2058 4260/1908/2058 3781/1905/2058
f 3315/1913/1534 4259/1908/1534 2223/1916/1534
f 2220/1913/1529 2217/1910/1529 2215/1908/1529
f 3019/1906/1833 3299/1905/1833 3021/1907/1833
f 3020/1906/1834 3024/1908/1834 3301/1905/1834
f 3305/1909/1538 3027/1908/1538 2227/1906/1538
f 3306/1909/1837 5494/1910/1837 3028/1908/1837
f 5812/1911/1542 5495/1910/1542 2231/1909/1542
f 6025/1920/1544 5496/1910/1544 2233/1911/1544
f 2234/1920/1545 3040/1913/1545 5497/1910/1545
f 3356/1921/1840 3037/1913/1840 6026/1920/1840
f 3041/1915/1547 3036/1913/1547 2236/1921/1547
f 3042/1915/1841 3357/1916/1841 3038/1913/1841
f 4601/1917/1548 3359/1916/1548 2237/1915/1548
f 5209/1918/1550 3360/1916/1550 2239/1917/1550
f 5211/1918/1936 3960/1919/1936 3362/1916/1936
f 2240/1918/1551 6045/1922/1551 3962/1919/1551
f 2243/1923/1554 6046/1922/1554 5210/1918/1554
f 3354/1924/1934 6047/1922/1934 3353/1923/1934
f 3355/1924/1935 4275/1925/1935 6048/1922/1935
f 4280/1926/1555 4276/1925/1555 2244/1924/1555
f 4916/1927/1557 4279/1925/1557 2246/1926/1557
f 4917/1927/2161 4727/1928/2161 4277/1925/2161
f 5818/1929/1558 4728/1928/1558 2247/1927/1558
f 6093/1930/1559 4729/1928/1559 2249/1929/1559
f 2251/1931/1560 4730/1928/1560 2250/1930/1560
f 3022/1907/1835 4726/1928/1835 4604/1931/1835
f 3023/1907/1836 4283/1932/1836 4731/1928/1836
f 3303/1905/1540 4282/1932/1540 2229/1907/1540
f 3039/1913/1543 3025/1908/1543 2232/1910/1543
f 3361/1916/1546 3026/1908/1546 2235/1913/1546
f 3358/1916/1541 3302/1905/1541 2230/1908/1541
f 3959/1919/1549 3300/1905/1549 2238/1916/1549
f 3961/1919/1539 4285/1932/1539 2228/1905/1539
f 6049/1922/1552 4286/1932/1552 2241/1919/1552
f 4278/1925/1553 4284/1932/1553 2242/1922/1553
f 2245/1925/1556 2248/1928/1556 2252/1932/1556
f 3780/1905/2057 4509/1932/2057 4266/1919/2057
f 4294/1907/1526 4513/1932/1526 2212/1905/1526
f 2214/1907/1528 4605/1928/1528 4510/1932/1528
f 5442/1931/2164 4610/1928/2164 4295/1907/2164
f 5214/1930/1562 4607/1928/1562 2255/1931/1562
f 5215/1929/1563 4608/1928/1563 2256/1930/1563
f 5152/1927/1564 4606/1928/1564 2257/1929/1564
f 5153/1927/1845 3060/1925/1845 4609/1928/1845
f 3423/1926/1565 3057/1925/1565 2258/1927/1565
f 3424/1924/1566 3058/1925/1566 2260/1926/1566
f 3425/1924/1844 3061/1922/1844 3056/1925/1844
f 4611/1923/1567 3063/1922/1567 2261/1924/1567
f 5542/1918/1569 3064/1922/1569 2263/1923/1569
f 4267/1919/1536 3065/1922/1536 2225/1918/1536
f 4512/1932/1537 3062/1922/1537 2226/1919/1537
f 4511/1932/1568 3059/1925/1568 2262/1922/1568
f 2254/1928/1561 2259/1925/1561 2253/1932/1561
f 5948/1933/1571 5949/1934/1571 2266/1935/1571
f 2264/1933/1570 2267/1936/1570 2265/1934/1570
f 4244/1937/1573 4451/1938/1573 2270/1939/1573
f 2268/1937/1572 2271/1940/1572 2269/1938/1572
f 5999/1941/1575 6000/1942/1575 2274/1943/1575
f 2272/1941/1574 2275/1944/1574 2273/1942/1574
f 4009/1945/1577 4310/1946/1577 2278/1947/1577
f 2276/1945/1576 2279/1948/1576 2277/1946/1576
f 5907/1949/1579 5908/1950/1579 2282/1951/1579
f 2280/1949/1578 2283/1952/1578 2281/1950/1578
f 2284/1953/1580 2285/1954/1580 2286/1955/1580
f 4050/1953/2100 4008/1945/2100 4010/1954/2100
f 5821/1956/1582 5822/1957/1582 2289/1958/1582
f 2287/1956/1581 5950/1934/1581 2288/1957/1581
f 6302/1942/1584 3696/1941/1584 2292/1959/1584
f 2290/1942/1583 2293/1960/1583 2291/1941/1583
f 5108/1961/1586 5372/1962/1586 2296/1963/1586
f 2294/1961/1585 2297/1964/1585 2295/1962/1585
f 6300/1965/1588 2299/1966/1588 2300/1967/1588
f 2298/1965/1587 2301/1964/1587 2439/1966/1587
f 2302/1968/1589 5169/1969/1589 5172/1969/1589
f 5111/1968/2303 5170/1969/2303 5109/1968/2303
f 5823/1968/1592 5171/1969/1592 2305/1968/1592
f 2307/1969/1590 2303/1969/1590 2306/1968/1590
f 5173/1969/1593 2308/1968/1593 5110/1968/1593
f 4066/1970/1591 4060/1968/1591 2304/1969/1591
f 4061/1970/1594 4058/1968/1594 2309/1970/1594
f 4063/1968/2113 4059/1968/2113 4062/1970/2113
f 5168/1971/1595 4064/1968/1595 2310/1970/1595
f 2313/1972/1596 2311/1968/1596 2312/1971/1596
f 3125/1968/1858 3123/1969/1858 5824/1968/1858
f 2315/1970/1598 3124/1969/1598 3126/1968/1598
f 2543/1970/1703 2542/1970/1703 3127/1968/1703
f 4011/1968/1597 2544/1970/1597 2314/1968/1597
f 4291/1971/1599 2316/1970/1599 2317/1968/1599
f 4622/1972/2101 4292/1971/2101 4012/1968/2101
f 5228/1973/1602 5882/1974/1602 2322/1975/1602
f 2323/1976/1601 2321/1974/1601 2320/1973/1601
f 4623/1972/2224 5839/1976/2224 5227/1973/2224
f 2318/1971/1600 2319/1972/1600 5226/1973/1600
f 3763/1977/2050 2324/1978/1603 4289/1979/2162
f 2325/1980/1604 2324/1978/1603 3763/1977/2050
f 5064/1981/2290 2324/1978/1603 2325/1980/1604
f 5064/1981/2290 2326/1982/1605 2324/1978/1603
f 2327/1983/1606 2326/1982/1605 5064/1981/2290
f 2327/1983/1606 2956/1984/1812 2326/1982/1605
f 3143/1985/1864 2956/1984/1812 2327/1983/1606
f 3143/1985/1864 3144/1986/1865 2956/1984/1812
f 4349/1987/2179 3149/1986/1867 3143/1985/1864
f 4348/1987/1866 4675/1988/1866 3148/1986/1866
f 5122/1989/2305 4676/1988/2242 4349/1987/2179
f 5122/1989/2305 5747/1990/2399 4678/1988/2243
f 5123/1991/2306 5747/1990/2399 5122/1989/2305
f 5123/1991/2306 2331/1990/1610 5747/1990/2399
f 5123/1991/2306 3182/1992/1876 2331/1990/1610
f 5123/1991/2306 4344/1993/2178 3182/1992/1876
f 4624/1994/2225 4344/1993/2178 5123/1991/2306
f 4624/1994/2225 4625/1995/2226 4344/1993/2178
f 4624/1994/2225 4085/1996/2119 4626/1995/2227
f 4349/1987/2179 4085/1996/2119 4624/1994/2225
f 3143/1985/1864 4085/1996/2119 4349/1987/2179
f 2327/1983/1606 4085/1996/2119 3143/1985/1864
f 2327/1983/1606 5845/1997/2406 4085/1996/2119
f 5064/1981/2290 5844/1997/2405 2327/1983/1606
f 3186/1998/1880 2336/1999/1613 2365/2000/1638
f 3155/2001/1870 2336/1999/1613 3186/1998/1880
f 3155/2001/1870 2337/2002/1614 2336/1999/1613
f 3155/2001/1870 2338/2003/1615 2337/2002/1614
f 4630/2004/2228 2338/2003/1615 3155/2001/1870
f 4630/2004/2228 2339/2005/1616 2338/2003/1615
f 4630/2004/2228 6053/2006/2435 2339/2005/1616
f 4631/2004/1872 3158/2007/1872 6055/2006/1872
f 4632/2004/1871 3159/2008/1871 3156/2007/1871
f 4630/2004/2228 2350/2009/1625 3160/2008/1873
f 4630/2004/2228 3186/1998/1880 2350/2009/1625
f 3155/2001/1870 3186/1998/1880 4630/2004/2228
f 6054/2006/1619 2343/2010/1619 2344/2011/1619
f 3157/2007/1617 3728/2010/1617 2340/2006/1617
f 2342/2008/1618 3729/2010/1618 2341/2007/1618
f 3161/2008/1620 2345/2012/1620 3730/2010/1620
f 6199/2013/2444 6201/2014/2445 3193/2015/1884
f 6199/2013/2444 4096/2016/2122 6201/2014/2445
f 6199/2013/2444 4097/2017/2123 4096/2016/2122
f 6199/2013/2444 4641/2018/2231 4097/2017/2123
f 6199/2013/2444 5133/2019/2307 4641/2018/2231
f 5854/2020/2410 5133/2019/2307 6199/2013/2444
f 5859/2021/2308 5134/2019/2308 5855/2020/2308
f 2350/2022/1625 5133/2019/2307 5860/2021/2411
f 3186/2023/1880 5133/2019/2307 2350/2022/1625
f 3186/2023/1880 4641/2018/2231 5133/2019/2307
f 2958/2024/1813 4098/2025/1813 4112/2026/1813
f 2959/2024/1814 3175/2027/1814 4099/2025/1814
f 2953/1984/1810 3174/2027/1810 2957/2024/1810
f 3177/2028/1811 3176/2027/1811 2955/1984/1811
f 3178/2028/1629 4100/2025/1629 2354/2027/1629
f 3179/2028/1627 4635/2029/1627 2352/2025/1627
f 3180/2028/1631 4637/2030/1631 2356/2029/1631
f 3181/2028/1831 3013/2031/1831 4638/2030/1831
f 2954/1984/1630 3011/2031/1630 2355/2028/1630
f 3146/1986/1607 3012/2031/1607 2328/1984/1607
f 3145/1986/1633 4636/2030/1633 2358/2031/1633
f 3147/1986/1632 4444/2032/1632 2357/2030/1632
f 4677/1988/1608 2359/2032/1608 2329/1986/1608
f 4679/1988/2193 4445/2033/2193 4443/2032/2193
f 5748/1990/1609 2360/2033/1609 2330/1988/1609
f 5747/1990/2399 2361/2034/1634 4446/2033/2194
f 5747/1990/2399 3185/2035/1879 2361/2034/1634
f 2331/1990/1610 3185/2035/1879 5747/1990/2399
f 2331/1990/1610 6057/2036/2436 3185/2035/1879
f 3182/1992/1876 6057/2036/2436 2331/1990/1610
f 3182/1992/1876 4104/2037/2125 6057/2036/2436
f 4344/1993/2178 4105/2037/2126 3182/1992/1876
f 4345/1993/1635 4639/2038/1635 2362/2037/1635
f 4627/1995/1611 4640/2038/1611 2332/1993/1611
f 4629/1995/1636 2761/2039/1636 2363/2038/1636
f 4628/1995/1765 5843/1997/1765 2762/2039/1765
f 2334/1996/1612 2335/1997/1612 2333/1995/1612
f 3373/2040/1941 3186/2023/1880 2365/2041/1638
f 3373/2040/1941 4641/2018/2231 3186/2023/1880
f 4106/2042/2127 4641/2018/2231 3373/2040/1941
f 4106/2042/2127 4097/2017/2123 4641/2018/2231
f 4107/2043/2128 4096/2016/2122 4097/2017/2123
f 2337/2044/1614 4096/2016/2122 4107/2043/2128
f 2338/2045/1615 4096/2016/2122 2337/2044/1614
f 2339/2046/1616 4096/2016/2122 2338/2045/1615
f 2339/2046/1616 6201/2014/2445 4096/2016/2122
f 2339/2046/1616 3187/2015/1881 6201/2014/2445
f 3195/2047/1882 3188/2015/1882 3194/2046/1882
f 3321/2048/1639 3192/2015/1639 2366/2047/1639
f 3322/2048/1883 3307/2049/1883 3191/2015/1883
f 3323/2048/1886 3198/2050/1886 3308/2049/1886
f 4108/2051/1640 3200/2050/1640 2367/2048/1640
f 5463/2052/1641 3201/2050/1641 2370/2051/1641
f 5464/2052/1888 5465/2053/1888 3202/2050/1888
f 5861/2021/1642 5467/2053/1642 2371/2052/1642
f 5856/2020/1624 5466/2053/1624 2349/2021/1624
f 5857/2020/1643 3203/2050/1643 2372/2053/1643
f 5858/2020/1887 3205/2054/1887 3199/2050/1887
f 6200/2013/1623 3206/2054/1623 2348/2020/1623
f 3190/2015/1621 3204/2054/1621 2346/2013/1621
f 3189/2015/1644 3197/2050/1644 2373/2054/1644
f 2368/2049/1622 2369/2050/1622 2347/2015/1622
f 2962/2024/1817 2326/1982/1605 2956/1984/1812
f 2961/2024/1816 2324/1978/1603 2326/1982/1605
f 2960/2024/1815 3209/2055/1815 4396/1978/1815
f 4113/2026/1626 3210/2055/1626 2351/2024/1626
f 3212/2056/1628 3207/2055/1628 2353/2026/1628
f 3213/2056/1889 3363/2057/1889 3208/2055/1889
f 4531/2058/2212 3364/2057/1937 2375/2056/1646
f 4793/2059/2258 3364/2057/1937 4531/2058/2212
f 4793/2059/2258 3764/2060/2051 3364/2057/1937
f 5850/2061/2409 3764/2060/2051 4793/2059/2258
f 5850/2061/2409 4110/2062/2130 3764/2060/2051
f 2376/2063/1647 4110/2062/2130 5850/2061/2409
f 3440/2063/1970 3442/2064/1971 4110/2062/2130
f 2764/2065/1766 3443/2064/1766 3441/2063/1766
f 2377/2065/1648 3217/2066/1648 3444/2064/1648
f 2760/2039/1764 3216/2066/1764 2763/2065/1764
f 5846/1997/1637 3220/2066/1637 2364/2039/1637
f 5065/1981/1892 3219/2066/1892 5847/1997/1892
f 2325/1980/1604 3218/2066/1891 5064/1981/2290
f 2325/1980/1604 3442/2064/1971 2378/2066/1649
f 3763/1977/2050 3442/2064/1971 2325/1980/1604
f 3763/1977/2050 4110/2062/2130 3442/2064/1971
f 3763/1977/2050 3764/2060/2051 4110/2062/2130
f 3763/1977/2050 3364/2057/1937 3764/2060/2051
f 4289/1979/2162 3364/2057/1937 3763/1977/2050
f 4289/1979/2162 3211/2055/1890 3364/2057/1937
f 4289/1979/2162 2324/1978/1603 2374/2055/1645
f 4349/1987/2179 5123/1991/2306 5122/1989/2305
f 4349/1987/2179 4624/1994/2225 5123/1991/2306
f 4107/2043/2128 4097/2017/2123 4106/2042/2127
f 916/2067/709 5072/2068/2292 917/2069/710
f 5594/2070/2388 1023/2071/791 5488/2072/2359
f 5881/2073/2415 6350/973/2463 2381/2074/1650
f 5073/2075/2293 6352/975/2465 917/2076/710
f 5072/2077/2292 6353/969/2466 6354/971/2467
f 5881/2073/2415 6354/971/2467 6349/972/2462
f 5073/2075/2293 6350/973/2463 6351/974/2464
f 4274/2078/2160 6353/969/2466 916/2079/709
f 3374/2080/1942 6355/970/2468 4274/2078/2160
f 4404/2081/2188 6358/976/2471 6357/977/2470
f 4404/2081/2188 6356/978/2469 3374/2080/1942
f 917/2076/710 6358/976/2471 5486/2082/2357
f 4304/2083/2171 6359/994/2472 924/2084/717
f 4304/2083/2171 6361/1075/2474 6360/995/2473
f 5487/2085/2358 6363/999/2476 5488/2086/2359
f 3432/2087/1965 6364/1076/2477 6361/1075/2474
f 1023/2088/791 6365/1077/2478 6364/1076/2477
f 6067/2089/2437 6363/999/2476 6366/1001/2479
f 6033/2090/2432 6365/1077/2478 5594/2091/2388
f 926/2092/719 6366/1001/2479 6368/1002/2481
f 924/2084/717 6362/997/2475 5487/2085/2358
f 926/2092/719 6367/1078/2480 6033/2090/2432
f 5881/2093/2415 2381/2094/1650 5072/2068/2292
f 2381/2094/1650 5073/2095/2293 5072/2068/2292
f 5073/2095/2293 917/2069/710 5072/2068/2292
f 917/2069/710 5486/2096/2357 916/2067/709
f 5486/2096/2357 4404/2097/2188 3374/2098/1942
f 3374/2098/1942 4274/2099/2160 5486/2096/2357
f 4274/2099/2160 916/2067/709 5486/2096/2357
f 5881/2073/2415 6349/972/2462 6350/973/2463
f 5073/2075/2293 6351/974/2464 6352/975/2465
f 5072/2077/2292 916/2079/709 6353/969/2466
f 5881/2073/2415 5072/2077/2292 6354/971/2467
f 5073/2075/2293 2381/2074/1650 6350/973/2463
f 4274/2078/2160 6355/970/2468 6353/969/2466
f 3374/2080/1942 6356/978/2469 6355/970/2468
f 4404/2081/2188 5486/2082/2357 6358/976/2471
f 4404/2081/2188 6357/977/2470 6356/978/2469
f 917/2076/710 6352/975/2465 6358/976/2471
f 3432/2100/1965 4304/2101/2171 924/2102/717
f 924/2102/717 5487/2103/2358 3432/2100/1965
f 5487/2103/2358 5488/2072/2359 1023/2071/791
f 3432/2100/1965 5487/2103/2358 1023/2071/791
f 5488/2072/2359 6067/2104/2437 5594/2070/2388
f 6067/2104/2437 926/2105/719 5594/2070/2388
f 926/2105/719 6033/2106/2432 5594/2070/2388
f 4304/2083/2171 6360/995/2473 6359/994/2472
f 4304/2083/2171 3432/2087/1965 6361/1075/2474
f 5487/2085/2358 6362/997/2475 6363/999/2476
f 3432/2087/1965 1023/2088/791 6364/1076/2477
f 1023/2088/791 5594/2091/2388 6365/1077/2478
f 6067/2089/2437 5488/2086/2359 6363/999/2476
f 6033/2090/2432 6367/1078/2480 6365/1077/2478
f 926/2092/719 6067/2089/2437 6366/1001/2479
f 924/2084/717 6359/994/2472 6362/997/2475
f 926/2092/719 6368/1002/2481 6367/1078/2480
