# Blender 4.3.0
# www.blender.org
mtllib 2k_poly_crash_body.mtl
o body
v 0.182964 1.583467 -0.125863
v 0.073194 1.392987 -0.138153
v 0.152978 1.422654 -0.160482
v 0.182964 1.583467 -0.125863
v 0.117029 1.558393 -0.101784
v 0.005151 1.367927 -0.130570
v 0.053637 1.546087 -0.090908
v 0.126360 1.629960 -0.093508
v 0.062130 1.607992 -0.078256
v 0.129133 1.677753 -0.092454
v 0.060310 1.651019 -0.075974
v 0.128310 1.684628 -0.086041
v 0.064065 1.661779 -0.071626
v 0.006046 1.647596 -0.071511
v 0.005151 1.658731 -0.069243
v -0.052926 1.661779 -0.071626
v -0.049301 1.651019 -0.075974
v -0.116709 1.684628 -0.086011
v -0.117720 1.677753 -0.092424
v -0.051179 1.607977 -0.078227
v -0.115885 1.629960 -0.093464
v -0.043062 1.546087 -0.090908
v -0.105876 1.558378 -0.101754
v -0.062214 1.392987 -0.138110
v -0.172561 1.582557 -0.125745
v -0.142693 1.422639 -0.160366
v 0.237112 1.750779 -0.137013
v 0.195948 1.686029 -0.119767
v 0.237112 1.750779 -0.137013
v 0.174152 1.873274 -0.395420
v 0.196323 1.533478 -0.393456
v 0.096373 1.513416 -0.424537
v 0.003285 1.375756 -0.428336
v 0.156185 1.411879 -0.369248
v 0.114949 1.288647 -0.356148
v 0.003647 1.285152 -0.405429
v 0.090294 1.183586 -0.343120
v 0.003214 1.188063 -0.374881
v -0.082869 1.183586 -0.342990
v -0.107957 1.288633 -0.356018
v -0.148687 1.411850 -0.369074
v -0.189606 1.533449 -0.393281
v -0.089687 1.512477 -0.424465
v 0.469939 2.307950 -0.264058
v 0.400856 2.290040 -0.205518
v 0.399022 2.275394 -0.205070
v 0.499231 2.328676 -0.275989
v 0.210723 1.666011 -0.415193
v 0.196323 1.533478 -0.393456
v 0.240809 1.549510 -0.317123
v 0.249504 1.574281 -0.230664
v 0.249504 1.574281 -0.230664
v 0.182964 1.583467 -0.125863
v 0.400856 2.290040 -0.205518
v 0.348947 2.250710 -0.167301
v 0.399022 2.275394 -0.205070
v 0.330618 2.264489 -0.161639
v 0.499231 2.328676 -0.275989
v 0.422175 2.189976 -0.257774
v 0.440475 2.188401 -0.265906
v 0.469939 2.307950 -0.264058
v 0.247959 2.111331 -0.088396
v 0.005366 2.221361 -0.168759
v 0.104651 2.220032 -0.062845
v 0.090972 2.216133 -0.172904
v 0.005382 2.220003 -0.049542
v -0.093383 2.220032 -0.062830
v -0.081266 2.215237 -0.172904
v 0.330618 2.264489 -0.161639
v 0.348947 2.250710 -0.167301
v 0.260467 2.222574 -0.112358
v 0.260467 2.222574 -0.112358
v 0.199428 2.184834 -0.187984
v 0.281149 2.228714 -0.203453
v 0.330618 2.264489 -0.161639
v 0.331557 2.255650 -0.219413
v 0.409421 2.284999 -0.247043
v 0.400856 2.290040 -0.205518
v 0.499231 2.328676 -0.275989
v 0.430827 2.247821 -0.293132
v 0.440475 2.188401 -0.265906
v 0.383120 2.157420 -0.281288
v 0.405666 2.120315 -0.253441
v -0.339081 2.249800 -0.167241
v -0.391279 2.289101 -0.205457
v -0.388492 2.273574 -0.205024
v -0.320579 2.263594 -0.161637
v -0.413248 2.188128 -0.257656
v -0.490000 2.327724 -0.275855
v -0.430869 2.187462 -0.265802
v -0.460334 2.306996 -0.263924
v 0.060367 1.114402 -0.193977
v 0.005280 1.011680 -0.182032
v 0.047570 1.020115 -0.187347
v 0.004427 1.112322 -0.178060
v 0.086986 1.226887 -0.199696
v 0.005308 1.209728 -0.179663
v -0.077900 1.226887 -0.199639
v -0.050169 1.114387 -0.193905
v -0.038094 1.020100 -0.187289
v -0.156848 1.988186 -0.355930
v -0.149005 2.080307 -0.324530
v -0.272048 2.200635 -0.120646
v -0.339081 2.249800 -0.167241
v -0.393807 2.239314 -0.250506
v -0.388492 2.273574 -0.205024
v -0.460334 2.306996 -0.263924
v -0.413248 2.188128 -0.257656
v -0.272048 2.200635 -0.120646
v -0.320579 2.263594 -0.161637
v -0.339081 2.249800 -0.167241
v -0.249805 2.222574 -0.112341
v -0.227100 1.749870 -0.136924
v -0.184448 1.686015 -0.119664
v -0.227100 1.749870 -0.136924
v -0.138548 1.253405 -0.249959
v -0.197434 1.432634 -0.304699
v -0.149323 1.266650 -0.292177
v -0.197376 1.445662 -0.241524
v -0.203761 1.665029 -0.415004
v -0.249805 2.222574 -0.112341
v -0.271486 2.227788 -0.203407
v -0.289208 2.168484 -0.277791
v -0.374005 2.156452 -0.281142
v -0.430869 2.187462 -0.265802
v -0.421177 2.245944 -0.292985
v -0.490000 2.327724 -0.275855
v -0.400206 2.284046 -0.246924
v -0.391279 2.289101 -0.205457
v -0.320579 2.263594 -0.161637
v -0.321474 2.254725 -0.219324
v -0.125304 1.158873 -0.288017
v -0.107957 1.288633 -0.356018
v -0.082869 1.183586 -0.342990
v -0.149323 1.266650 -0.292177
v -0.109994 1.140356 -0.250089
v -0.125304 1.158873 -0.288017
v -0.050169 1.114387 -0.193905
v -0.138548 1.253405 -0.249959
v -0.109994 1.140356 -0.250089
v -0.077900 1.226887 -0.199639
v -0.197376 1.445662 -0.241524
v -0.138548 1.253405 -0.249959
v -0.077900 1.226887 -0.199639
v -0.142693 1.422639 -0.160366
v -0.172561 1.582557 -0.125745
v -0.197434 1.432634 -0.304699
v -0.148687 1.411850 -0.369074
v 0.002953 1.500720 -0.449062
v 0.223375 0.589556 -0.313685
v 0.263803 0.320041 -0.320416
v 0.254039 0.317803 -0.355557
v 0.177604 0.584154 -0.355427
v 0.219635 0.314582 -0.376644
v 0.198894 0.311780 -0.348349
v 0.141394 0.584920 -0.314753
v 0.136903 0.591607 -0.248400
v 0.202288 0.313499 -0.307445
v 0.181446 0.594712 -0.226331
v 0.234656 0.315940 -0.298158
v 0.227968 0.596070 -0.255276
v 0.283114 1.847262 -0.258944
v 0.213568 2.056908 -0.287499
v 0.440475 2.188401 -0.265906
v 0.397534 2.124316 -0.243663
v 0.422175 2.189976 -0.257774
v 0.097949 2.003280 -0.378058
v 0.003532 2.108327 -0.348911
v 0.206000 1.432663 -0.304874
v 0.146984 1.253420 -0.250104
v 0.157383 1.266664 -0.292351
v 0.206968 1.445691 -0.241684
v 0.002751 1.775550 -0.460790
v -0.391279 2.289101 -0.205457
v -0.460334 2.306996 -0.263924
v -0.388492 2.273574 -0.205024
v -0.490000 2.327724 -0.275855
v -0.257057 1.634596 -0.347293
v -0.252146 1.677205 -0.386333
v -0.236517 2.110435 -0.088409
v -0.352889 2.037568 -0.227586
v -0.388160 2.122468 -0.243559
v 0.091377 2.180313 -0.266497
v 0.004716 2.188054 -0.271726
v -0.087476 2.099820 -0.336577
v -0.082710 2.180298 -0.266468
v 0.345379 2.212984 -0.279454
v -0.388160 2.122468 -0.243559
v -0.430869 2.187462 -0.265802
v -0.396595 2.119376 -0.253366
v -0.413248 2.188128 -0.257656
v 0.104651 2.220032 -0.062845
v 0.090972 2.216133 -0.172904
v 0.151418 2.156481 -0.255491
v 0.201219 2.145288 -0.250957
v 0.091377 2.180313 -0.266497
v 0.216356 1.759330 -0.407062
v -0.192076 2.144363 -0.250897
v -0.144008 2.188170 -0.179879
v -0.202402 2.174333 -0.084610
v -0.093383 2.220032 -0.062830
v -0.081266 2.215237 -0.172904
v -0.082710 2.180298 -0.266468
v 0.047570 1.020115 -0.187347
v 0.118444 1.140371 -0.250205
v 0.060367 1.114402 -0.193977
v 0.115743 1.067186 -0.246320
v 0.131645 1.099323 -0.289376
v 0.134433 1.158888 -0.288162
v 0.082855 1.123689 -0.347149
v 0.090294 1.183586 -0.343120
v 0.003517 1.126130 -0.355310
v 0.003214 1.188063 -0.374881
v -0.082869 1.183586 -0.342990
v -0.075575 1.123674 -0.347019
v -0.125304 1.158873 -0.288017
v -0.123484 1.099308 -0.289230
v -0.109994 1.140356 -0.250089
v -0.107163 1.067172 -0.246203
v -0.038094 1.020100 -0.187289
v -0.050169 1.114387 -0.193905
v 0.114949 1.288647 -0.356148
v 0.134433 1.158888 -0.288162
v 0.090294 1.183586 -0.343120
v 0.157383 1.266664 -0.292351
v 0.156185 1.411879 -0.369248
v 0.206000 1.432663 -0.304874
v 0.196323 1.533478 -0.393456
v 0.240809 1.549510 -0.317123
v 0.249504 1.574281 -0.230664
v 0.249504 1.574281 -0.230664
v 0.182964 1.583467 -0.125863
v 0.206968 1.445691 -0.241684
v 0.249504 1.574281 -0.230664
v 0.152978 1.422654 -0.160482
v 0.086986 1.226887 -0.199696
v 0.146984 1.253420 -0.250104
v 0.060367 1.114402 -0.193977
v 0.146984 1.253420 -0.250104
v 0.086986 1.226887 -0.199696
v 0.118444 1.140371 -0.250205
v 0.118444 1.140371 -0.250205
v 0.134433 1.158888 -0.288162
v -0.232633 1.548571 -0.316904
v -0.240504 1.574252 -0.230489
v -0.172561 1.582557 -0.125745
v -0.336221 2.212031 -0.279336
v 0.422175 2.189976 -0.257774
v 0.402936 2.240253 -0.250610
v 0.469939 2.307950 -0.264058
v 0.399022 2.275394 -0.205070
v 0.348947 2.250710 -0.167301
v 0.097443 1.888815 -0.412376
v -0.209177 1.758377 -0.406843
v -0.247018 0.317817 -0.355193
v -0.255699 0.320070 -0.320067
v -0.215041 0.589571 -0.313394
v -0.170555 0.584169 -0.355179
v -0.212340 0.314596 -0.376339
v -0.191642 0.311794 -0.348058
v -0.134013 0.584934 -0.314550
v -0.128366 0.591621 -0.248225
v -0.194690 0.313528 -0.307155
v -0.172245 0.594727 -0.226141
v -0.226783 0.316893 -0.297839
v -0.219663 0.596070 -0.254999
v -0.108980 1.946127 0.176137
v -0.120145 1.919999 0.167746
v -0.061230 1.879153 0.284549
v -0.070850 1.967041 0.140360
v -0.060913 1.952887 0.187344
v -0.108980 1.946127 0.176137
v -0.051062 1.900962 0.287423
v -0.032589 1.918424 0.291092
v 0.008344 1.904891 0.376539
v -0.011863 1.891704 0.380684
v -0.051062 1.900962 0.287423
v -0.011834 1.868421 0.382446
v -0.011863 1.891704 0.380684
v 0.076227 1.831345 0.060647
v 0.076140 1.824715 0.054970
v 0.142002 1.840950 0.026257
v 0.006364 1.817508 0.069240
v 0.006436 1.819978 0.074093
v -0.062864 1.831359 0.060603
v -0.063875 1.824715 0.054941
v -0.129708 1.840950 0.026229
v -0.136092 1.847868 0.030750
v 0.005800 1.542014 -0.087399
v 0.005974 1.601463 -0.076277
v -0.244375 1.880597 -0.180731
v -0.227100 1.749870 -0.136924
v -0.099795 2.203769 -0.001879
v -0.174670 2.165162 -0.018502
v -0.131094 1.980156 0.116890
v -0.180924 2.003092 0.051476
v -0.077813 1.996115 0.107299
v -0.250599 1.996101 -0.046999
v -0.188680 1.985500 0.026157
v -0.157020 1.950417 0.108167
v -0.090840 1.855090 0.157432
v -0.120145 1.919999 0.167746
v -0.039276 1.825539 0.274467
v -0.061230 1.879153 0.284549
v -0.011834 1.868421 0.382446
v 0.008430 1.852172 0.382013
v -0.004108 1.995032 0.108238
v -0.240446 1.929358 -0.105625
v -0.244504 1.949045 -0.069618
v -0.189099 1.798746 -0.121036
v -0.163072 1.726529 -0.106839
v -0.164719 1.733924 -0.093565
v -0.117070 1.691677 -0.050379
v -0.164719 1.733924 -0.093565
v -0.163072 1.726529 -0.106839
v -0.160805 1.746417 -0.079439
v -0.189749 1.808857 -0.104195
v -0.150680 1.757929 -0.079309
v -0.160805 1.746417 -0.079439
v 0.148531 1.847854 0.030778
v 0.191630 1.817118 -0.100948
v 0.151463 1.763779 -0.077505
v 0.161573 1.757929 -0.079310
v 0.124352 1.714353 -0.044054
v 0.119803 1.722571 -0.040804
v 0.070392 1.708244 -0.019876
v 0.068629 1.693324 -0.014835
v 0.006118 1.701484 -0.006530
v 0.006147 1.687055 -0.004147
v -0.057577 1.693324 -0.014849
v -0.057649 1.708244 -0.019876
v -0.112376 1.713457 -0.044067
v -0.107710 1.722571 -0.040818
v -0.139602 1.762897 -0.077518
v -0.150680 1.757929 -0.079309
v -0.180491 1.817118 -0.100946
v 0.204947 1.889205 -0.012655
v 0.152401 1.860073 0.043112
v 0.195428 1.931481 0.026227
v 0.126418 1.833930 0.090285
v 0.158771 1.894390 0.097290
v 0.054794 1.806242 0.163397
v 0.105360 1.855075 0.157461
v 0.054678 1.825524 0.274482
v 0.006986 1.799064 0.169579
v 0.007028 1.795222 0.111906
v 0.061191 1.807788 0.100525
v 0.075403 1.837975 0.066323
v 0.006508 1.823300 0.078990
v -0.062777 1.837975 0.066280
v -0.047496 1.807788 0.100510
v -0.040085 1.806242 0.163397
v -0.039276 1.825539 0.274467
v -0.090840 1.855090 0.157432
v 0.200787 1.808857 -0.104226
v 0.200527 1.798746 -0.121053
v 0.175164 1.733924 -0.093566
v 0.171698 1.746417 -0.079455
v 0.129552 1.681855 -0.064910
v 0.128859 1.691677 -0.050366
v 0.066420 1.656189 -0.038681
v 0.068557 1.668741 -0.019673
v 0.005728 1.649820 -0.032254
v 0.006046 1.663859 -0.011672
v -0.055801 1.668741 -0.019673
v -0.055165 1.655308 -0.038710
v -0.118211 1.681870 -0.064967
v -0.116709 1.684628 -0.086011
v -0.052926 1.661779 -0.071626
v 0.005151 1.658731 -0.069243
v 0.064065 1.661779 -0.071626
v 0.128310 1.684628 -0.086041
v 0.174038 1.726543 -0.106883
v -0.102005 2.163703 0.093665
v 0.253867 1.989602 -0.123942
v 0.248811 1.952106 -0.035475
v 0.201856 1.985485 0.026198
v 0.158771 1.894390 0.097290
v 0.170889 1.950402 0.108223
v 0.105360 1.855075 0.157461
v 0.134059 1.920836 0.167802
v 0.054678 1.825524 0.274482
v 0.076935 1.879138 0.284592
v 0.028709 1.868421 0.382461
v 0.193551 1.891213 -0.034710
v 0.148531 1.847854 0.030778
v 0.154120 1.854772 0.035197
v 0.128859 1.691677 -0.050366
v 0.161573 1.757929 -0.079310
v 0.124352 1.714353 -0.044054
v 0.171698 1.746417 -0.079455
v 0.012199 2.046263 0.091599
v -0.036317 2.163183 0.112036
v 0.006147 1.687055 -0.004147
v 0.068557 1.668741 -0.019673
v 0.068629 1.693324 -0.014835
v 0.006046 1.663859 -0.011672
v -0.055801 1.668741 -0.019673
v -0.057577 1.693324 -0.014849
v 0.075403 1.837975 0.066323
v 0.006436 1.819978 0.074093
v 0.076227 1.831345 0.060647
v 0.006508 1.823300 0.078990
v -0.062777 1.837975 0.066280
v -0.062864 1.831359 0.060603
v 0.187326 2.165147 -0.018476
v 0.171178 2.143439 0.068807
v -0.105876 1.558378 -0.101754
v -0.184448 1.686015 -0.119664
v -0.172561 1.582557 -0.125745
v -0.115885 1.629960 -0.093464
v -0.151185 1.715075 -0.112385
v -0.193952 1.770697 -0.138137
v -0.116709 1.684628 -0.086011
v -0.117720 1.677753 -0.092424
v -0.145191 1.894405 0.097262
v -0.113993 1.833945 0.090257
v -0.183149 1.931496 0.026200
v -0.139587 1.859221 0.043055
v -0.237528 1.951240 -0.035488
v -0.192956 1.888324 -0.012682
v -0.104533 2.172643 0.108701
v 0.006277 2.163891 0.066655
v 0.203950 1.770711 -0.138212
v 0.115383 2.163688 0.093708
v -0.196494 2.077013 0.057658
v -0.169731 2.010443 0.060778
v -0.034684 2.005345 0.097217
v -0.141551 1.853920 0.035140
v -0.181314 1.890346 -0.034722
v -0.055801 1.668741 -0.019673
v -0.112376 1.713457 -0.044067
v -0.117070 1.691677 -0.050379
v -0.057577 1.693324 -0.014849
v -0.221106 1.922209 -0.105510
v -0.193952 1.770697 -0.138137
v 0.123126 1.946950 0.176194
v 0.076935 1.879138 0.284592
v 0.134059 1.920836 0.167802
v 0.066839 1.901785 0.287481
v 0.028709 1.868421 0.382461
v 0.028680 1.891704 0.380713
v 0.066839 1.901785 0.287481
v 0.028680 1.891704 0.380713
v 0.048467 1.918424 0.291092
v 0.123126 1.946950 0.176194
v 0.092866 1.991812 0.125743
v 0.170889 1.950402 0.108223
v 0.008430 1.852172 0.382013
v 0.007636 1.802342 0.269744
v 0.050257 2.163183 0.112036
v 0.018626 2.049037 0.090790
v 0.154120 1.854772 0.035197
v -0.181314 1.890346 -0.034722
v -0.136092 1.847868 0.030750
v -0.141551 1.853920 0.035140
v -0.117070 1.691677 -0.050379
v -0.150680 1.757929 -0.079309
v -0.160805 1.746417 -0.079439
v -0.112376 1.713457 -0.044067
v -0.202026 2.090691 -0.001358
v 0.198664 2.074081 0.058999
v 0.068557 1.668741 -0.019673
v 0.124352 1.714353 -0.044054
v 0.068629 1.693324 -0.014835
v 0.128859 1.691677 -0.050366
v 0.200787 1.808857 -0.104226
v 0.199400 1.789488 -0.133460
v 0.203950 1.770711 -0.138212
v 0.174038 1.726543 -0.106883
v 0.161573 1.757929 -0.079310
v 0.171698 1.746417 -0.079455
v 0.191630 1.817118 -0.100948
v 0.104651 2.220032 -0.062845
v 0.049463 2.212305 0.002165
v 0.005382 2.220003 -0.049542
v 0.006219 2.203798 0.004577
v -0.093383 2.220032 -0.062830
v -0.062777 1.837975 0.066280
v -0.136092 1.847868 0.030750
v 0.200527 1.798746 -0.121053
v 0.175164 1.733924 -0.093566
v 0.075419 1.952872 0.187373
v 0.048467 1.918424 0.291092
v 0.007925 1.929575 0.289532
v 0.008344 1.904891 0.376539
v -0.032589 1.918424 0.291092
v -0.079372 1.991812 0.125700
v 0.203950 1.770711 -0.138212
v 0.237112 1.750779 -0.137013
v 0.254848 1.881507 -0.180805
v 0.203950 1.770711 -0.138212
v 0.261679 1.945621 -0.156006
v 0.214306 2.091558 -0.001302
v 0.222337 2.025523 -0.018230
v 0.216862 2.082863 0.044483
v 0.209699 2.076999 0.057699
v 0.117029 1.558393 -0.101784
v 0.182964 1.583467 -0.125863
v 0.195948 1.686029 -0.119767
v 0.126360 1.629960 -0.093508
v 0.161977 1.715956 -0.112429
v 0.129133 1.677753 -0.092454
v 0.128310 1.684628 -0.086041
v 0.075403 1.837975 0.066323
v 0.148531 1.847854 0.030778
v -0.161700 2.077736 0.103646
v -0.149755 2.030968 0.101580
v -0.061203 2.005793 0.109884
v -0.100930 2.065820 0.127384
v -0.023972 2.054729 0.108034
v -0.148672 2.185151 0.113265
v -0.189663 2.198107 0.084234
v 0.156316 2.243821 0.121468
v 0.216126 2.239964 0.057468
v 0.154366 2.258509 0.114939
v 0.103049 2.253844 0.131593
v 0.090549 2.023041 0.120159
v 0.161602 2.129068 0.104511
v 0.083374 2.112630 0.121431
v -0.143039 2.243835 0.121411
v -0.089467 2.253007 0.131521
v -0.140382 2.258524 0.114883
v 0.037489 2.222646 0.120558
v 0.056571 1.878676 0.457032
v 0.028709 1.868421 0.382461
v 0.028680 1.891704 0.380713
v 0.008287 1.828514 0.431525
v 0.008430 1.852172 0.382013
v -0.011834 1.868421 0.382446
v -0.039232 1.877882 0.456989
v -0.011863 1.891704 0.380684
v -0.039102 1.910639 0.465279
v 0.008344 1.904891 0.376539
v 0.008590 1.948351 0.452179
v 0.009673 1.908892 0.521479
v 0.009616 1.877030 0.517926
v 0.057626 1.910625 0.465337
v 0.123283 1.811312 -0.112256
v 0.130937 1.845370 -0.153376
v 0.151044 1.815991 -0.104312
v 0.104521 1.783653 -0.074876
v 0.136904 1.791510 -0.064997
v 0.084748 1.769700 -0.043288
v 0.103510 1.772661 -0.021869
v 0.052698 1.762089 -0.030910
v 0.062404 1.764082 0.000215
v 0.006378 1.759388 0.011178
v 0.005829 1.758247 -0.024570
v -0.041242 1.762074 -0.030896
v -0.049980 1.764082 0.000215
v -0.091765 1.772661 -0.021869
v -0.073667 1.768819 -0.043303
v -0.125591 1.791510 -0.065010
v -0.093498 1.783653 -0.074876
v -0.112506 1.810416 -0.112284
v -0.120523 1.844460 -0.153361
v -0.089467 2.253007 0.131521
v -0.144180 2.235790 0.107054
v -0.140382 2.258524 0.114883
v -0.202979 2.239112 0.057398
v 0.167784 1.920172 -0.034305
v 0.125898 1.772661 -0.003482
v 0.154669 1.801649 -0.049022
v 0.132643 1.887342 0.016796
v 0.125898 1.772661 -0.003482
v 0.133206 1.805867 -0.066167
v 0.154669 1.801649 -0.049022
v 0.111700 1.778236 -0.028094
v 0.155377 1.864955 -0.121702
v 0.176825 1.858672 -0.103965
v -0.113589 1.771780 -0.003496
v -0.121923 1.805867 -0.066166
v -0.100142 1.778251 -0.028122
v -0.142851 1.801649 -0.049007
v -0.142851 1.801649 -0.049007
v -0.179408 1.950706 -0.089246
v -0.165816 1.858657 -0.103950
v 0.062404 1.764082 0.000215
v 0.113375 1.717011 -0.039302
v 0.103510 1.772661 -0.021869
v 0.066680 1.707608 -0.021233
v 0.006032 1.700690 -0.011932
v 0.006378 1.759388 0.011178
v -0.049980 1.764082 0.000215
v -0.054905 1.707608 -0.021248
v -0.102150 1.717025 -0.039344
v -0.091765 1.772661 -0.021869
v 0.146898 1.734054 -0.074862
v 0.151044 1.815991 -0.104312
v 0.136904 1.791510 -0.064997
v 0.161876 1.791091 -0.118365
v 0.068745 1.870862 0.053829
v 0.005930 1.756369 0.040873
v 0.065611 1.760370 0.028958
v 0.006248 1.868161 0.062539
v -0.056523 1.870862 0.053815
v -0.053215 1.760370 0.028929
v -0.120652 1.886490 0.016754
v -0.053215 1.760370 0.028929
v -0.056523 1.870862 0.053815
v -0.113589 1.771780 -0.003496
v 0.136904 1.791510 -0.064997
v 0.113375 1.717011 -0.039302
v 0.146898 1.734054 -0.074862
v 0.103510 1.772661 -0.021869
v -0.125591 1.791510 -0.065010
v -0.102150 1.717025 -0.039344
v -0.091765 1.772661 -0.021869
v -0.135875 1.734068 -0.074875
v -0.135875 1.734068 -0.074875
v -0.140930 1.815991 -0.104311
v -0.150362 1.791091 -0.118364
v -0.125591 1.791510 -0.065010
v -0.222680 2.170997 0.032902
v 0.024187 2.105193 0.093534
v 0.037242 2.054595 0.107892
v 0.117448 2.173481 0.108758
v 0.235090 2.171849 0.032972
v 0.120351 2.212016 0.118666
v 0.132643 1.887342 0.016796
v 0.065611 1.760370 0.028958
v 0.125898 1.772661 -0.003482
v 0.068745 1.870862 0.053829
v 0.065611 1.760370 0.028958
v 0.059747 1.765512 0.006484
v 0.005930 1.756369 0.040873
v 0.006465 1.761858 0.016536
v -0.047106 1.765512 0.006484
v -0.053215 1.760370 0.028929
v 0.154669 1.801649 -0.049022
v -0.156443 1.920186 -0.034332
v -0.113589 1.771780 -0.003496
v -0.120652 1.886490 0.016754
v -0.142851 1.801649 -0.049007
v -0.143978 1.864940 -0.121686
v 0.161876 1.791091 -0.118365
v 0.164865 1.805087 -0.163342
v -0.140930 1.815991 -0.104311
v -0.154754 1.804177 -0.163298
v 0.103049 2.253844 0.131593
v 0.157933 2.236642 0.107111
v 0.154366 2.258509 0.114939
v 0.216126 2.239964 0.057468
v -0.105182 2.184992 0.126726
v -0.044389 2.236223 0.127260
v -0.144180 2.235790 0.107054
v -0.202979 2.239112 0.057398
v 0.082090 2.167704 -0.271018
v -0.040765 2.366272 -0.054381
v -0.093079 2.494342 -0.099026
v -0.056061 2.381062 -0.089637
v 0.039685 2.287931 -0.033510
v 0.060397 2.267017 -0.005764
v 0.077151 2.253743 -0.053384
v 0.056959 2.332503 0.070107
v 0.026007 2.348218 0.034172
v 0.028247 2.469282 0.180455
v -0.019692 2.320270 -0.001937
v 0.037850 2.293506 0.085504
v 0.043455 2.231082 0.029622
v 0.083346 2.199811 -0.189933
v 0.033661 2.231645 -0.245728
v 0.039685 2.287931 -0.033510
v -0.019692 2.320270 -0.001937
v 0.026007 2.348218 0.034172
v -0.036822 2.270671 -0.038017
v -0.016832 2.367890 -0.053846
v -0.001681 2.383965 -0.087442
v 0.077151 2.253743 -0.053384
v 0.050546 2.307328 -0.105828
v 0.147895 2.420132 -0.062903
v 0.085499 2.208405 -0.109439
v 0.054590 2.277979 -0.141850
v 0.046300 2.299775 -0.142804
v 0.026021 2.275798 -0.143786
v -0.006722 2.375949 -0.114726
v -0.029745 2.374375 -0.115491
v -0.041531 2.263204 -0.104254
v -0.000713 2.277040 -0.144999
v 0.028201 2.309163 -0.179764
v 0.027710 2.256415 -0.212045
v 0.072167 2.382261 -0.254798
v 0.033661 2.231645 -0.245728
v 0.010537 2.313611 -0.251389
v -0.043135 2.399968 -0.265298
v -0.010709 2.306231 -0.254495
v -0.003271 2.240253 -0.250624
v -0.026640 2.252414 -0.214096
v 0.085499 2.208405 -0.109439
v 0.054590 2.277979 -0.141850
v 0.077151 2.253743 -0.053384
v 0.000484 2.256834 -0.306289
v -0.008759 2.198367 -0.308571
v 0.028115 2.255664 -0.305336
v 0.044638 2.201371 -0.309524
v -0.033299 2.312196 -0.405096
v 0.011115 2.216147 -0.392762
v -0.016618 2.231963 -0.458277
v 0.027465 2.127349 -0.408910
v 0.072499 2.107980 -0.355252
v 0.035986 2.213128 -0.391953
v 0.141497 2.309350 0.057325
v 0.180625 2.433203 0.146512
v 0.122460 2.311589 0.076635
v 0.102557 2.318334 0.041206
v 0.090670 2.319447 0.046362
v 0.117693 2.237177 -0.351266
v 0.112681 2.313396 -0.257225
v 0.083346 2.199811 -0.189933
v 0.005930 2.210283 0.045380
v -0.198473 2.396603 0.112442
v -0.071631 2.254003 -0.025407
v -0.036822 2.270671 -0.038017
v 0.076154 2.201212 0.001140
v 0.043455 2.231082 0.029622
v 0.004414 2.153766 0.065673
v -0.063831 2.202065 0.001197
v -0.071631 2.254003 -0.025407
v -0.076253 2.207683 -0.086460
v -0.036822 2.270671 -0.038017
v -0.041531 2.263204 -0.104254
v -0.048622 2.212724 -0.146212
v -0.000713 2.277040 -0.144999
v -0.047771 2.207683 -0.150935
v -0.026640 2.252414 -0.214096
v -0.042557 2.186610 -0.230302
v -0.003271 2.240253 -0.250624
v -0.008759 2.198367 -0.308571
v -0.046832 2.107431 -0.329630
v -0.043453 1.924028 -0.410166
v -0.031061 1.832746 -0.443198
v 0.046300 2.299775 -0.142804
v 0.027710 2.256415 -0.212045
v 0.026021 2.275798 -0.143786
v 0.054590 2.277979 -0.141850
v 0.037850 2.293506 0.085504
v 0.005930 2.210283 0.045380
v 0.043455 2.231082 0.029622
v 0.060034 2.046018 -0.507009
v -0.023969 1.918237 -0.460112
v 0.141497 2.309350 0.057325
v 0.110140 2.205575 -0.065112
v 0.122460 2.311589 0.076635
v 0.090670 2.319447 0.046362
v 0.060397 2.267017 -0.005764
v 0.102557 2.318334 0.041206
v 0.164345 -0.003867 -0.258727
v 0.144949 0.063584 -0.083745
v 0.167219 0.082794 -0.250812
v 0.144833 -0.002856 -0.090995
v 0.160360 -0.003029 -0.040458
v 0.212255 0.082851 0.098718
v 0.158554 0.060507 -0.038537
v 0.213165 0.030364 0.097635
v 0.356213 0.034986 0.115661
v 0.424140 0.076930 0.042071
v 0.354378 0.085581 0.116599
v 0.426986 0.023807 0.047560
v 0.144833 -0.002856 -0.090995
v 0.158554 0.060507 -0.038537
v 0.144949 0.063584 -0.083745
v 0.160360 -0.003029 -0.040458
v 0.213165 0.030364 0.097635
v 0.354378 0.085581 0.116599
v 0.212255 0.082851 0.098718
v 0.356213 0.034986 0.115661
v 0.413393 0.068105 -0.175158
v 0.422797 -0.005326 -0.104226
v 0.403442 -0.005297 -0.163964
v 0.425354 0.066213 -0.117312
v 0.444679 -0.005210 -0.058758
v 0.441053 0.064840 -0.055465
v 0.341956 -0.005658 -0.327970
v 0.318571 0.063165 -0.410673
v 0.344816 0.063382 -0.321860
v 0.314729 -0.005427 -0.420205
v 0.265853 0.011703 -0.483323
v 0.177488 0.080410 -0.479481
v 0.271500 0.074171 -0.475582
v 0.171840 0.017914 -0.487107
v 0.167219 0.082794 -0.250812
v 0.158422 0.082678 -0.403334
v 0.144513 0.081147 -0.408939
v 0.181013 0.085393 -0.252185
v 0.402359 0.067209 -0.175187
v 0.344816 0.063382 -0.321860
v 0.333781 0.067252 -0.320156
v 0.413393 0.068105 -0.175158
v 0.271500 0.074171 -0.475582
v 0.313097 0.067339 -0.406686
v 0.318571 0.063165 -0.410673
v 0.269868 0.075586 -0.462106
v 0.314729 -0.005427 -0.420205
v 0.271500 0.074171 -0.475582
v 0.318571 0.063165 -0.410673
v 0.265853 0.011703 -0.483323
v 0.144949 0.063584 -0.083745
v 0.181013 0.085393 -0.252185
v 0.167219 0.082794 -0.250812
v 0.157832 0.066169 -0.084467
v 0.139747 -0.003434 -0.419266
v 0.177488 0.080410 -0.479481
v 0.171840 0.017914 -0.487107
v 0.144513 0.081147 -0.408939
v 0.350464 0.092557 0.101232
v 0.212255 0.082851 0.098718
v 0.354378 0.085581 0.116599
v 0.215693 0.089813 0.082932
v 0.416658 0.081364 0.034647
v 0.441053 0.064840 -0.055465
v 0.430900 0.063815 -0.056823
v 0.424140 0.076930 0.042071
v 0.169010 0.123466 -0.254597
v 0.158422 0.082678 -0.403334
v 0.181013 0.085393 -0.252185
v 0.163219 0.154924 -0.390942
v 0.171046 0.151284 -0.420436
v 0.184146 0.082649 -0.466944
v 0.158422 0.082678 -0.403334
v 0.183467 0.153148 -0.451158
v 0.187266 0.175535 -0.443358
v 0.266257 0.147804 -0.458018
v 0.261780 0.174928 -0.450233
v 0.293497 0.144308 -0.424625
v 0.269868 0.075586 -0.462106
v 0.313097 0.067339 -0.406686
v 0.293497 0.144308 -0.424625
v 0.311365 0.145651 -0.400288
v 0.313097 0.067339 -0.406686
v 0.177488 0.080410 -0.479481
v 0.269868 0.075586 -0.462106
v 0.271500 0.074171 -0.475582
v 0.184146 0.082649 -0.466944
v 0.215693 0.089813 0.082932
v 0.158554 0.060507 -0.038537
v 0.212255 0.082851 0.098718
v 0.166556 0.063916 -0.055984
v 0.425354 0.066213 -0.117312
v 0.414290 0.065259 -0.117803
v 0.441053 0.064840 -0.055465
v 0.430900 0.063815 -0.056823
v 0.302410 0.221783 -0.383952
v 0.323685 0.106163 -0.318697
v 0.311365 0.145651 -0.400288
v 0.327946 0.196882 -0.282227
v 0.280470 0.285955 -0.373120
v 0.297254 0.289970 -0.301654
v 0.404366 0.119509 -0.165048
v 0.414290 0.065259 -0.117803
v 0.402359 0.067209 -0.175187
v 0.413278 0.118079 -0.124649
v 0.430900 0.063815 -0.056823
v 0.430048 0.118946 -0.052317
v 0.160649 0.120563 -0.080986
v 0.211778 0.179911 -0.111462
v 0.210145 0.195727 -0.156280
v 0.170326 0.114656 -0.051160
v 0.218350 0.177889 -0.043434
v 0.177315 0.204783 -0.253398
v 0.163219 0.154924 -0.390942
v 0.169010 0.123466 -0.254597
v 0.169877 0.227026 -0.376716
v 0.177994 0.278387 -0.270369
v 0.172881 0.275527 -0.362663
v 0.430048 0.118946 -0.052317
v 0.416658 0.081364 0.034647
v 0.430900 0.063815 -0.056823
v 0.414738 0.128522 0.028596
v 0.358235 0.169339 -0.050453
v 0.356617 0.164457 0.022284
v 0.218350 0.177889 -0.043434
v 0.219231 0.174972 0.013285
v 0.170326 0.114656 -0.051160
v 0.215476 0.145290 0.068488
v 0.166556 0.063916 -0.055984
v 0.215693 0.089813 0.082932
v 0.350233 0.148699 0.086571
v 0.350464 0.092557 0.101232
v 0.326733 0.188202 -0.181383
v 0.327946 0.196882 -0.282227
v 0.310484 0.218446 -0.219846
v 0.404366 0.119509 -0.165048
v 0.210145 0.195727 -0.156280
v 0.340439 0.173932 -0.128953
v 0.326733 0.188202 -0.181383
v 0.211778 0.179911 -0.111462
v 0.358235 0.169339 -0.050453
v 0.218350 0.177889 -0.043434
v 0.209654 0.283557 -0.248747
v 0.310484 0.218446 -0.219846
v 0.281294 0.288122 -0.261790
v 0.207661 0.227459 -0.197704
v 0.326733 0.188202 -0.181383
v 0.413278 0.118079 -0.124649
v 0.404366 0.119509 -0.165048
v 0.340439 0.173932 -0.128953
v 0.430048 0.118946 -0.052317
v 0.358235 0.169339 -0.050453
v 0.172881 0.275527 -0.362663
v 0.190342 0.241050 -0.424567
v 0.169877 0.227026 -0.376716
v 0.186948 0.277159 -0.405358
v 0.177315 0.204783 -0.253398
v 0.209654 0.283557 -0.248747
v 0.177994 0.278387 -0.270369
v 0.207661 0.227459 -0.197704
v 0.190342 0.241050 -0.424567
v 0.261780 0.174928 -0.450233
v 0.187266 0.175535 -0.443358
v 0.251106 0.236284 -0.425434
v 0.157832 0.066169 -0.084467
v 0.170326 0.114656 -0.051160
v 0.160649 0.120563 -0.080986
v 0.166556 0.063916 -0.055984
v 0.173170 0.311361 -0.283758
v 0.172881 0.275527 -0.362663
v 0.177994 0.278387 -0.270369
v 0.169198 0.307129 -0.362634
v 0.293527 0.323840 -0.304297
v 0.281294 0.288122 -0.261790
v 0.297254 0.289970 -0.301654
v 0.268237 0.322237 -0.271409
v 0.212182 0.316330 -0.263465
v 0.177994 0.278387 -0.270369
v 0.209654 0.283557 -0.248747
v 0.173170 0.311361 -0.283758
v 0.333781 0.067252 -0.320156
v 0.323685 0.106163 -0.318697
v 0.402359 0.067209 -0.175187
v 0.177315 0.204783 -0.253398
v 0.210145 0.195727 -0.156280
v 0.207661 0.227459 -0.197704
v 0.160649 0.120563 -0.080986
v 0.281294 0.288122 -0.261790
v 0.327946 0.196882 -0.282227
v 0.297254 0.289970 -0.301654
v 0.310484 0.218446 -0.219846
v 0.160649 0.120563 -0.080986
v 0.169010 0.123466 -0.254597
v 0.157832 0.066169 -0.084467
v 0.177315 0.204783 -0.253398
v 0.268237 0.322237 -0.271409
v 0.209654 0.283557 -0.248747
v 0.281294 0.288122 -0.261790
v 0.212182 0.316330 -0.263465
v 0.169198 0.307129 -0.362634
v 0.186948 0.277159 -0.405358
v 0.172881 0.275527 -0.362663
v 0.183367 0.308458 -0.399147
v 0.234656 0.315940 -0.298158
v 0.293527 0.323840 -0.304297
v 0.263803 0.320041 -0.320416
v 0.268237 0.322237 -0.271409
v 0.202288 0.313499 -0.307445
v 0.169198 0.307129 -0.362634
v 0.173170 0.311361 -0.283758
v 0.198894 0.311780 -0.348349
v 0.219635 0.314582 -0.376644
v 0.277726 0.319493 -0.372773
v 0.236706 0.313759 -0.403798
v 0.254039 0.317803 -0.355557
v 0.236706 0.313759 -0.403798
v 0.280470 0.285955 -0.373120
v 0.239378 0.281463 -0.410586
v 0.277726 0.319493 -0.372773
v 0.234656 0.315940 -0.298158
v 0.173170 0.311361 -0.283758
v 0.212182 0.316330 -0.263465
v 0.202288 0.313499 -0.307445
v 0.157832 0.066169 -0.084467
v 0.169010 0.123466 -0.254597
v 0.181013 0.085393 -0.252185
v 0.163219 0.154924 -0.390942
v 0.171046 0.151284 -0.420436
v 0.158422 0.082678 -0.403334
v 0.219635 0.314582 -0.376644
v 0.236706 0.313759 -0.403798
v 0.183367 0.308458 -0.399147
v 0.234656 0.315940 -0.298158
v 0.212182 0.316330 -0.263465
v 0.268237 0.322237 -0.271409
v -0.158841 0.082822 -0.250609
v -0.132887 -0.003419 -0.419062
v -0.138246 0.081162 -0.408735
v -0.155288 -0.003853 -0.258495
v -0.147257 0.060522 -0.038391
v -0.134257 -0.002842 -0.090835
v -0.134142 0.063598 -0.083614
v -0.150059 -0.002134 -0.040283
v -0.341044 0.086448 0.116832
v -0.200408 0.030378 0.097782
v -0.198545 0.082866 0.098850
v -0.342893 0.035015 0.115908
v -0.198545 0.082866 0.098850
v -0.150059 -0.002134 -0.040283
v -0.147257 0.060522 -0.038391
v -0.200408 0.030378 0.097782
v -0.336784 0.063425 -0.321367
v -0.393287 -0.005239 -0.163485
v -0.403585 0.069058 -0.174707
v -0.334112 -0.005600 -0.327477
v -0.171596 0.080439 -0.479176
v -0.260076 0.012700 -0.482888
v -0.265478 0.074214 -0.475146
v -0.166194 0.017943 -0.486831
v -0.151996 0.082693 -0.403088
v -0.158841 0.082822 -0.250609
v -0.138246 0.081162 -0.408735
v -0.172664 0.085422 -0.251966
v -0.336784 0.063425 -0.321367
v -0.392536 0.068148 -0.174722
v -0.326616 0.067296 -0.319677
v -0.403585 0.069058 -0.174707
v -0.306772 0.068321 -0.406237
v -0.265478 0.074214 -0.475146
v -0.312362 0.064147 -0.410194
v -0.263427 0.075630 -0.461685
v -0.178760 0.082678 -0.466682
v -0.138246 0.081162 -0.408735
v -0.171596 0.080439 -0.479176
v -0.151996 0.082693 -0.403088
v -0.155822 0.063930 -0.055839
v -0.134142 0.063598 -0.083614
v -0.147054 0.066184 -0.084321
v -0.147257 0.060522 -0.038391
v -0.429351 0.064884 -0.055058
v -0.413955 0.023850 0.047909
v -0.411268 0.077839 0.042392
v -0.434031 -0.004286 -0.058337
v -0.265478 0.074214 -0.475146
v -0.308837 -0.005369 -0.419741
v -0.312362 0.064147 -0.410194
v -0.260076 0.012700 -0.482888
v -0.172664 0.085422 -0.251966
v -0.134142 0.063598 -0.083614
v -0.158841 0.082822 -0.250609
v -0.147054 0.066184 -0.084321
v -0.263427 0.075630 -0.461685
v -0.171596 0.080439 -0.479176
v -0.265478 0.074214 -0.475146
v -0.178760 0.082678 -0.466682
v -0.147257 0.060522 -0.038391
v -0.203398 0.089828 0.083064
v -0.198545 0.082866 0.098850
v -0.155822 0.063930 -0.055839
v -0.341044 0.086448 0.116832
v -0.404018 0.081393 0.034997
v -0.411268 0.077839 0.042392
v -0.337592 0.093438 0.101450
v -0.414662 0.066256 -0.116861
v -0.404538 0.065303 -0.117381
v -0.429351 0.064884 -0.055058
v -0.420165 0.063858 -0.056416
v -0.326616 0.067296 -0.319677
v -0.304821 0.145695 -0.399795
v -0.306772 0.068321 -0.406237
v -0.315553 0.106206 -0.318233
v -0.315553 0.106206 -0.318233
v -0.394212 0.119552 -0.164568
v -0.319582 0.196911 -0.281821
v -0.392536 0.068148 -0.174722
v -0.171596 0.080439 -0.479176
v -0.132887 -0.003419 -0.419062
v -0.166194 0.017943 -0.486831
v -0.138246 0.081162 -0.408735
v -0.429351 0.064884 -0.055058
v -0.404018 0.081393 0.034997
v -0.420165 0.063858 -0.056416
v -0.411268 0.077839 0.042392
v -0.315553 0.106206 -0.318233
v -0.295361 0.221826 -0.383517
v -0.304821 0.145695 -0.399795
v -0.319582 0.196911 -0.281821
v -0.274013 0.285984 -0.372713
v -0.289482 0.290909 -0.301276
v -0.177590 0.153176 -0.450910
v -0.181157 0.175549 -0.443067
v -0.165154 0.151299 -0.420189
v -0.260596 0.147847 -0.457612
v -0.255873 0.175910 -0.449798
v -0.286782 0.144352 -0.424175
v -0.404538 0.065303 -0.117381
v -0.394212 0.119552 -0.164568
v -0.392536 0.068148 -0.174722
v -0.403715 0.118122 -0.124227
v -0.420165 0.063858 -0.056416
v -0.418244 0.118974 -0.051924
v -0.403715 0.118122 -0.124227
v -0.317084 0.189126 -0.181049
v -0.394212 0.119552 -0.164568
v -0.330097 0.174842 -0.128576
v -0.418244 0.118974 -0.051924
v -0.346374 0.170263 -0.050134
v -0.319582 0.196911 -0.281821
v -0.317084 0.189126 -0.181049
v -0.301109 0.218475 -0.219469
v -0.394212 0.119552 -0.164568
v -0.166092 0.275541 -0.362415
v -0.165774 0.311375 -0.283554
v -0.169255 0.278401 -0.270165
v -0.162394 0.308068 -0.362386
v -0.169255 0.278401 -0.270165
v -0.204150 0.316358 -0.263189
v -0.201146 0.284496 -0.248485
v -0.165774 0.311375 -0.283554
v -0.162394 0.308068 -0.362386
v -0.194690 0.313528 -0.307155
v -0.165774 0.311375 -0.283554
v -0.191642 0.311794 -0.348058
v -0.285828 0.323869 -0.303890
v -0.226783 0.316893 -0.297839
v -0.255699 0.320070 -0.320067
v -0.259526 0.322266 -0.271089
v -0.270316 0.319522 -0.372338
v -0.212340 0.314596 -0.376339
v -0.230265 0.313787 -0.403420
v -0.247018 0.317817 -0.355193
v -0.304821 0.145695 -0.399795
v -0.286782 0.144352 -0.424175
v -0.306772 0.068321 -0.406237
v -0.315553 0.106206 -0.318233
v -0.326616 0.067296 -0.319677
v -0.392536 0.068148 -0.174722
v -0.159809 0.123481 -0.254393
v -0.147054 0.066184 -0.084321
v -0.172664 0.085422 -0.251966
v -0.165154 0.151299 -0.420189
v -0.156386 0.154953 -0.390695
v -0.151996 0.082693 -0.403088
v 0.169877 0.227026 -0.376716
v 0.171046 0.151284 -0.420436
v 0.163219 0.154924 -0.390942
v 0.190342 0.241050 -0.424567
v 0.187266 0.175535 -0.443358
v 0.277726 0.319493 -0.372773
v 0.297254 0.289970 -0.301654
v 0.280470 0.285955 -0.373120
v 0.293527 0.323840 -0.304297
v 0.254039 0.317803 -0.355557
v 0.293527 0.323840 -0.304297
v 0.277726 0.319493 -0.372773
v 0.263803 0.320041 -0.320416
v 0.183367 0.308458 -0.399147
v 0.239378 0.281463 -0.410586
v 0.186948 0.277159 -0.405358
v 0.236706 0.313759 -0.403798
v 0.169198 0.307129 -0.362634
v 0.198894 0.311780 -0.348349
v 0.183367 0.308458 -0.399147
v -0.183613 0.241079 -0.424276
v -0.166092 0.275541 -0.362415
v -0.163535 0.227040 -0.376440
v -0.180565 0.277188 -0.405081
v -0.200655 0.195756 -0.156076
v -0.168085 0.204797 -0.253194
v -0.198517 0.227474 -0.197486
v -0.149741 0.120578 -0.080840
v -0.165154 0.151299 -0.420189
v -0.163535 0.227040 -0.376440
v -0.156386 0.154953 -0.390695
v -0.181157 0.175549 -0.443067
v -0.183613 0.241079 -0.424276
v -0.159809 0.123481 -0.254393
v -0.149741 0.120578 -0.080840
v -0.147054 0.066184 -0.084321
v -0.168085 0.204797 -0.253194
v -0.289482 0.290909 -0.301276
v -0.270316 0.319522 -0.372338
v -0.274013 0.285984 -0.372713
v -0.285828 0.323869 -0.303890
v -0.285828 0.323869 -0.303890
v -0.247018 0.317817 -0.355193
v -0.270316 0.319522 -0.372338
v -0.255699 0.320070 -0.320067
v -0.201146 0.284496 -0.248485
v -0.259526 0.322266 -0.271089
v -0.273190 0.288150 -0.261441
v -0.204150 0.316358 -0.263189
v -0.274013 0.285984 -0.372713
v -0.230265 0.313787 -0.403420
v -0.233139 0.281492 -0.410223
v -0.270316 0.319522 -0.372338
v -0.233139 0.281492 -0.410223
v -0.176780 0.308472 -0.398870
v -0.180565 0.277188 -0.405081
v -0.230265 0.313787 -0.403420
v -0.319582 0.196911 -0.281821
v -0.273190 0.288150 -0.261441
v -0.289482 0.290909 -0.301276
v -0.301109 0.218475 -0.219469
v -0.159418 0.114670 -0.051029
v -0.147054 0.066184 -0.084321
v -0.149741 0.120578 -0.080840
v -0.155822 0.063930 -0.055839
v -0.273190 0.288150 -0.261441
v -0.285828 0.323869 -0.303890
v -0.289482 0.290909 -0.301276
v -0.259526 0.322266 -0.271089
v -0.180565 0.277188 -0.405081
v -0.162394 0.308068 -0.362386
v -0.166092 0.275541 -0.362415
v -0.176780 0.308472 -0.398870
v -0.165774 0.311375 -0.283554
v -0.226783 0.316893 -0.297839
v -0.204150 0.316358 -0.263189
v -0.194690 0.313528 -0.307155
v -0.162394 0.308068 -0.362386
v -0.191642 0.311794 -0.348058
v -0.176780 0.308472 -0.398870
v 0.139747 -0.003434 -0.419266
v 0.167219 0.082794 -0.250812
v 0.144513 0.081147 -0.408939
v 0.164345 -0.003867 -0.258727
v 0.426986 0.023807 0.047560
v 0.441053 0.064840 -0.055465
v 0.424140 0.076930 0.042071
v 0.444679 -0.005210 -0.058758
v 0.403442 -0.005297 -0.163964
v 0.344816 0.063382 -0.321860
v 0.413393 0.068105 -0.175158
v 0.341956 -0.005658 -0.327970
v 0.314729 -0.005427 -0.420205
v 0.171840 0.017914 -0.487107
v 0.265853 0.011703 -0.483323
v 0.139747 -0.003434 -0.419266
v 0.164345 -0.003867 -0.258727
v 0.341956 -0.005658 -0.327970
v 0.144833 -0.002856 -0.090995
v 0.403442 -0.005297 -0.163964
v 0.422797 -0.005326 -0.104226
v 0.160360 -0.003029 -0.040458
v 0.444679 -0.005210 -0.058758
v 0.213165 0.030364 0.097635
v 0.426986 0.023807 0.047560
v 0.356213 0.034986 0.115661
v 0.318571 0.063165 -0.410673
v 0.313097 0.067339 -0.406686
v 0.144513 0.081147 -0.408939
v 0.184146 0.082649 -0.466944
v 0.177488 0.080410 -0.479481
v 0.158422 0.082678 -0.403334
v 0.144949 0.063584 -0.083745
v 0.166556 0.063916 -0.055984
v 0.157832 0.066169 -0.084467
v 0.158554 0.060507 -0.038537
v -0.134142 0.063598 -0.083614
v -0.155288 -0.003853 -0.258495
v -0.158841 0.082822 -0.250609
v -0.134257 -0.002842 -0.090835
v -0.411268 0.077839 0.042392
v -0.342893 0.035015 0.115908
v -0.341044 0.086448 0.116832
v -0.413955 0.023850 0.047909
v -0.412626 -0.004373 -0.103761
v -0.403585 0.069058 -0.174707
v -0.393287 -0.005239 -0.163485
v -0.414662 0.066256 -0.116861
v -0.434031 -0.004286 -0.058337
v -0.429351 0.064884 -0.055058
v -0.312362 0.064147 -0.410194
v -0.334112 -0.005600 -0.327477
v -0.336784 0.063425 -0.321367
v -0.308837 -0.005369 -0.419741
v 0.416658 0.081364 0.034647
v 0.354378 0.085581 0.116599
v 0.424140 0.076930 0.042071
v 0.350464 0.092557 0.101232
v 0.311365 0.145651 -0.400288
v 0.333781 0.067252 -0.320156
v 0.313097 0.067339 -0.406686
v 0.323685 0.106163 -0.318697
v 0.293497 0.144308 -0.424625
v 0.302410 0.221783 -0.383952
v 0.311365 0.145651 -0.400288
v 0.261780 0.174928 -0.450233
v 0.251106 0.236284 -0.425434
v 0.404366 0.119509 -0.165048
v 0.323685 0.106163 -0.318697
v 0.327946 0.196882 -0.282227
v 0.402359 0.067209 -0.175187
v 0.239378 0.281463 -0.410586
v 0.302410 0.221783 -0.383952
v 0.251106 0.236284 -0.425434
v 0.280470 0.285955 -0.373120
v 0.186948 0.277159 -0.405358
v 0.251106 0.236284 -0.425434
v 0.190342 0.241050 -0.424567
v 0.239378 0.281463 -0.410586
v 0.207661 0.227459 -0.197704
v 0.310484 0.218446 -0.219846
v -0.166194 0.017943 -0.486831
v -0.308837 -0.005369 -0.419741
v -0.260076 0.012700 -0.482888
v -0.132887 -0.003419 -0.419062
v -0.155288 -0.003853 -0.258495
v -0.334112 -0.005600 -0.327477
v -0.134257 -0.002842 -0.090835
v -0.393287 -0.005239 -0.163485
v -0.412626 -0.004373 -0.103761
v -0.150059 -0.002134 -0.040283
v -0.434031 -0.004286 -0.058337
v -0.200408 0.030378 0.097782
v -0.413955 0.023850 0.047909
v -0.342893 0.035015 0.115908
v -0.312362 0.064147 -0.410194
v -0.306772 0.068321 -0.406237
v -0.198545 0.082866 0.098850
v -0.337592 0.093438 0.101450
v -0.341044 0.086448 0.116832
v -0.203398 0.089828 0.083064
v -0.151996 0.082693 -0.403088
v -0.159809 0.123481 -0.254393
v -0.172664 0.085422 -0.251966
v -0.156386 0.154953 -0.390695
v -0.156386 0.154953 -0.390695
v -0.168085 0.204797 -0.253194
v -0.159809 0.123481 -0.254393
v -0.163535 0.227040 -0.376440
v -0.169255 0.278401 -0.270165
v -0.166092 0.275541 -0.362415
v -0.178760 0.082678 -0.466682
v -0.151996 0.082693 -0.403088
v -0.263427 0.075630 -0.461685
v -0.306772 0.068321 -0.406237
v -0.295361 0.221826 -0.383517
v -0.286782 0.144352 -0.424175
v -0.304821 0.145695 -0.399795
v -0.245344 0.236313 -0.425042
v -0.255873 0.175910 -0.449798
v -0.344337 0.164486 0.022575
v -0.203615 0.145305 0.068649
v -0.207240 0.174986 0.013461
v -0.337809 0.148713 0.086833
v -0.402270 0.129431 0.028902
v -0.295361 0.221826 -0.383517
v -0.233139 0.281492 -0.410223
v -0.245344 0.236313 -0.425042
v -0.274013 0.285984 -0.372713
v -0.245344 0.236313 -0.425042
v -0.180565 0.277188 -0.405081
v -0.183613 0.241079 -0.424276
v -0.233139 0.281492 -0.410223
v -0.317084 0.189126 -0.181049
v -0.198517 0.227474 -0.197486
v -0.301109 0.218475 -0.219469
v -0.200655 0.195756 -0.156076
v -0.301109 0.218475 -0.219469
v -0.201146 0.284496 -0.248485
v -0.273190 0.288150 -0.261441
v -0.198517 0.227474 -0.197486
v -0.404018 0.081393 0.034997
v -0.418244 0.118974 -0.051924
v -0.420165 0.063858 -0.056416
v -0.337592 0.093438 0.101450
v -0.203398 0.089828 0.083064
v -0.155822 0.063930 -0.055839
v -0.159418 0.114670 -0.051029
v -0.207182 0.178785 -0.043230
v -0.346374 0.170263 -0.050134
v -0.201795 0.179926 -0.111258
v -0.149741 0.120578 -0.080840
v -0.200655 0.195756 -0.156076
v -0.159418 0.114670 -0.051029
v -0.207182 0.178785 -0.043230
v -0.330097 0.174842 -0.128576
v -0.201795 0.179926 -0.111258
v -0.346374 0.170263 -0.050134
v -0.207182 0.178785 -0.043230
v -0.201146 0.284496 -0.248485
v -0.168085 0.204797 -0.253194
v -0.169255 0.278401 -0.270165
v -0.198517 0.227474 -0.197486
v -0.255873 0.175910 -0.449798
v -0.183613 0.241079 -0.424276
v -0.181157 0.175549 -0.443067
v -0.245344 0.236313 -0.425042
v -0.230265 0.313787 -0.403420
v -0.212340 0.314596 -0.376339
v -0.176780 0.308472 -0.398870
v -0.204150 0.316358 -0.263189
v -0.226783 0.316893 -0.297839
v -0.259526 0.322266 -0.271089
v -0.028850 0.763599 -0.304570
v -0.062431 0.893807 -0.212219
v -0.099652 0.793541 -0.177352
v 0.004182 0.810700 -0.313410
v -0.157282 0.540838 -0.449538
v -0.079821 0.614283 -0.324661
v -0.087288 0.527348 -0.330540
v -0.140369 0.632525 -0.428364
v -0.228835 0.567645 -0.430660
v -0.196381 0.668302 -0.416463
v -0.132020 0.701738 -0.185902
v -0.079821 0.614283 -0.324661
v -0.063818 0.694589 -0.301970
v -0.104259 0.654566 -0.237581
v -0.114355 0.615482 -0.235270
v -0.236662 0.670526 -0.341169
v -0.207703 0.722551 -0.196749
v -0.212412 0.757345 -0.321396
v -0.235391 0.702807 -0.259722
v -0.246701 0.648817 -0.276477
v -0.249402 0.649756 -0.271811
v -0.249098 0.607047 -0.252371
v -0.274649 0.560944 -0.356248
v -0.270345 0.538571 -0.255924
v -0.249402 0.649756 -0.271811
v -0.246701 0.648817 -0.276477
v -0.236662 0.670526 -0.341169
v -0.087288 0.527348 -0.330540
v -0.137032 0.486257 -0.212319
v -0.086537 0.460316 -0.342398
v -0.139805 0.522481 -0.212435
v -0.129189 1.068833 -0.300799
v -0.117013 0.967945 -0.346730
v -0.142506 0.980814 -0.268706
v -0.054054 1.041520 -0.384933
v -0.082132 1.087118 -0.354848
v 0.003301 1.090844 -0.369161
v 0.003893 1.050230 -0.390408
v 0.061089 1.041520 -0.384991
v 0.089181 1.087118 -0.354949
v 0.137914 1.068847 -0.301003
v 0.124308 0.967960 -0.346889
v 0.151317 0.981739 -0.268866
v 0.072052 0.893807 -0.212306
v 0.037460 0.763599 -0.304512
v 0.109446 0.793541 -0.177381
v 0.095089 0.527348 -0.330453
v 0.173198 0.474384 -0.461225
v 0.093991 0.462179 -0.342152
v 0.163261 0.540838 -0.449467
v 0.087809 0.614283 -0.324545
v 0.146998 0.632525 -0.428264
v 0.236301 0.567645 -0.430691
v 0.203370 0.668302 -0.416436
v 0.281669 0.560944 -0.356293
v 0.245055 0.670526 -0.341185
v -0.142621 0.583085 -0.216421
v -0.087288 0.527348 -0.330540
v -0.139805 0.522481 -0.212435
v 0.173719 0.853351 -0.190510
v 0.220501 0.758255 -0.321499
v 0.194330 0.878064 -0.287037
v 0.216905 0.722551 -0.196621
v 0.141553 0.701738 -0.185715
v 0.109446 0.793541 -0.177381
v 0.037460 0.763599 -0.304512
v 0.071589 0.694589 -0.301826
v 0.318428 0.488380 -0.361334
v 0.258270 0.488380 -0.439820
v 0.087809 0.614283 -0.324545
v 0.141553 0.701738 -0.185715
v 0.113114 0.654566 -0.237509
v 0.123282 0.615482 -0.235040
v 0.245055 0.670526 -0.341185
v 0.244477 0.702807 -0.259681
v 0.255281 0.648817 -0.276464
v 0.258126 0.649756 -0.271785
v 0.281669 0.560944 -0.356293
v 0.257491 0.607047 -0.252358
v 0.279546 0.538571 -0.255911
v 0.258126 0.649756 -0.271785
v 0.245055 0.670526 -0.341185
v 0.255281 0.648817 -0.276464
v 0.152126 0.583085 -0.216379
v 0.095089 0.527348 -0.330453
v 0.148501 0.522481 -0.212378
v -0.185157 0.634056 -0.286760
v -0.306352 0.459883 -0.261138
v -0.322745 0.440702 -0.368178
v -0.290262 0.482169 -0.174318
v -0.306352 0.459883 -0.261138
v -0.131601 0.431632 -0.218689
v -0.175668 0.462396 -0.150140
v -0.085656 0.409331 -0.343784
v -0.131601 0.431632 -0.218689
v -0.163406 0.420236 -0.487799
v -0.085656 0.409331 -0.343784
v -0.322745 0.440702 -0.368178
v -0.262416 0.442435 -0.457453
v 0.193405 0.634056 -0.286661
v 0.330300 0.442565 -0.368151
v 0.314456 0.460807 -0.261010
v -0.180261 0.762675 -0.386810
v -0.236662 0.670526 -0.341169
v -0.212412 0.757345 -0.321396
v -0.123310 0.746888 -0.396271
v -0.063818 0.694589 -0.301970
v -0.062431 0.893807 -0.212219
v 0.005178 0.971441 -0.188358
v -0.036318 0.979746 -0.192027
v 0.004832 0.872936 -0.211020
v 0.004182 0.810700 -0.313410
v 0.072052 0.893807 -0.212306
v 0.045663 0.979746 -0.192056
v -0.164315 0.853351 -0.190452
v -0.142506 0.980814 -0.268706
v -0.186082 0.878064 -0.286890
v -0.104895 0.973867 -0.219310
v -0.099652 0.793541 -0.177352
v -0.062431 0.893807 -0.212219
v -0.036318 0.979746 -0.192027
v -0.101559 1.023206 -0.241798
v -0.129189 1.068833 -0.300799
v -0.175668 0.462396 -0.150140
v -0.290262 0.482169 -0.174318
v -0.028850 0.763599 -0.304570
v -0.098309 0.805630 -0.388949
v -0.144990 0.872243 -0.369276
v -0.186082 0.878064 -0.286890
v -0.142506 0.980814 -0.268706
v -0.117013 0.967945 -0.346730
v -0.070736 0.868242 -0.391982
v 0.004182 0.810700 -0.313410
v -0.166685 0.472492 -0.461338
v -0.086537 0.460316 -0.342398
v -0.251092 0.486488 -0.439904
v -0.310671 0.486517 -0.361419
v -0.274649 0.560944 -0.356248
v -0.310671 0.486517 -0.361419
v -0.270345 0.538571 -0.255924
v -0.274649 0.560944 -0.356248
v -0.296242 0.507330 -0.262727
v 0.141033 0.431617 -0.218863
v 0.093962 0.411180 -0.343625
v 0.093962 0.411180 -0.343625
v 0.169168 0.427082 -0.483092
v 0.169168 0.427082 -0.483092
v 0.269045 0.444327 -0.457397
v -0.164315 0.853351 -0.190452
v -0.186082 0.878064 -0.286890
v -0.132020 0.701738 -0.185902
v -0.099652 0.793541 -0.177352
v -0.028850 0.763599 -0.304570
v 0.037460 0.763599 -0.304512
v 0.129984 0.746888 -0.396257
v 0.071589 0.694589 -0.301826
v 0.105243 0.805630 -0.388992
v 0.077554 0.868242 -0.391982
v 0.152516 0.872243 -0.369392
v 0.124308 0.967960 -0.346889
v 0.151317 0.981739 -0.268866
v 0.194330 0.878064 -0.287037
v 0.220501 0.758255 -0.321499
v 0.187252 0.762675 -0.386855
v 0.279546 0.538571 -0.255911
v 0.318428 0.488380 -0.361334
v 0.281669 0.560944 -0.356293
v 0.305241 0.509164 -0.262570
v 0.146666 0.482631 -0.212508
v 0.095089 0.527348 -0.330453
v 0.093991 0.462179 -0.342152
v 0.148501 0.522481 -0.212378
v 0.151317 0.981739 -0.268866
v 0.173719 0.853351 -0.190510
v 0.194330 0.878064 -0.287037
v 0.114327 0.973867 -0.219441
v 0.109446 0.793541 -0.177381
v 0.072052 0.893807 -0.212306
v 0.045663 0.979746 -0.192056
v 0.111193 1.024116 -0.241943
v 0.137914 1.068847 -0.301003
v -0.262416 0.442435 -0.457453
v -0.163406 0.420236 -0.487799
v 0.314456 0.460807 -0.261010
v 0.300142 0.482169 -0.174638
v 0.300142 0.482169 -0.174638
v 0.185389 0.462396 -0.150344
v 0.185389 0.462396 -0.150344
v 0.141033 0.431617 -0.218863
v 0.003272 0.868603 -0.371949
v 0.004182 0.810700 -0.313410
v -0.070736 0.868242 -0.391982
v 0.077554 0.868242 -0.391982
v 0.003633 0.957604 -0.407075
v -0.055238 0.954628 -0.403017
v 0.061724 0.954628 -0.403103
v 0.269045 0.444327 -0.457397
v 0.330300 0.442565 -0.368151
v 0.182125 0.594510 -0.182452
v 0.152126 0.583085 -0.216379
v 0.148501 0.522481 -0.212378
v 0.163840 0.628842 -0.174695
v 0.123282 0.615482 -0.235040
v 0.152718 0.665716 -0.178696
v 0.113114 0.654566 -0.237509
v 0.141553 0.701738 -0.185715
v 0.241805 0.685518 -0.195032
v 0.216905 0.722551 -0.196621
v 0.244477 0.702807 -0.259681
v 0.253822 0.649410 -0.192432
v 0.258126 0.649756 -0.271785
v 0.257491 0.607047 -0.252358
v 0.247279 0.609618 -0.198412
v -0.142621 0.583085 -0.216421
v -0.172476 0.594510 -0.182508
v -0.139805 0.522481 -0.212435
v -0.153959 0.628842 -0.174882
v -0.114355 0.615482 -0.235270
v -0.142953 0.665716 -0.178882
v -0.104259 0.654566 -0.237581
v -0.132020 0.701738 -0.185902
v -0.232546 0.685518 -0.195102
v -0.207703 0.722551 -0.196749
v -0.235391 0.702807 -0.259722
v -0.243566 0.649410 -0.192474
v -0.249402 0.649756 -0.271811
v -0.249098 0.607047 -0.252371
v -0.237211 0.608722 -0.198453
v -0.256594 0.544493 -0.201443
v -0.270345 0.538571 -0.255924
v -0.296242 0.507330 -0.262727
v -0.279386 0.522336 -0.185714
v -0.306352 0.459883 -0.261138
v -0.290262 0.482169 -0.174318
v -0.168374 0.503502 -0.154025
v -0.175668 0.462396 -0.150140
v -0.131601 0.431632 -0.218689
v -0.137032 0.486257 -0.212319
v -0.170584 0.529760 -0.178420
v 0.180348 0.529760 -0.178278
v 0.179655 0.500527 -0.163228
v 0.146666 0.482631 -0.212508
v 0.141033 0.431617 -0.218863
v 0.185389 0.462396 -0.150344
v 0.300142 0.482169 -0.174638
v 0.288905 0.522336 -0.186019
v 0.314456 0.460807 -0.261010
v 0.305241 0.509164 -0.262570
v 0.265651 0.544493 -0.201503
v 0.279546 0.538571 -0.255911
v -0.166685 0.472492 -0.461338
v -0.262416 0.442435 -0.457453
v -0.251092 0.486488 -0.439904
v -0.163406 0.420236 -0.487784
v -0.296242 0.507330 -0.262727
v -0.322745 0.440702 -0.368178
v -0.306352 0.459883 -0.261138
v -0.310671 0.486517 -0.361419
v 0.093962 0.411180 -0.343625
v 0.146666 0.482631 -0.212508
v 0.093991 0.462179 -0.342152
v 0.141033 0.431617 -0.218863
v 0.269045 0.444327 -0.457397
v 0.173198 0.474384 -0.461225
v 0.258270 0.488380 -0.439820
v 0.169168 0.427082 -0.483092
v 0.330300 0.442565 -0.368151
v 0.305241 0.509164 -0.262570
v 0.314456 0.460807 -0.261010
v 0.318428 0.488380 -0.361334
v 0.330300 0.442565 -0.368151
v 0.258270 0.488380 -0.439820
v 0.318428 0.488380 -0.361334
v -0.251092 0.486488 -0.439904
v -0.322745 0.440702 -0.368178
v -0.310671 0.486517 -0.361419
v -0.137032 0.486257 -0.212319
v -0.085656 0.409331 -0.343784
v -0.086537 0.460316 -0.342398
v -0.131601 0.431632 -0.218689
v -0.086537 0.460316 -0.342398
v -0.163406 0.420236 -0.487784
v -0.166685 0.472492 -0.461338
v -0.085656 0.409331 -0.343784
v 0.169168 0.427082 -0.483092
v 0.093991 0.462179 -0.342152
v 0.173198 0.474384 -0.461225
v 0.093962 0.411180 -0.343625
v -0.075575 1.123674 -0.347019
v 0.003301 1.090844 -0.369161
v -0.082132 1.087118 -0.354848
v 0.003517 1.126130 -0.355310
v 0.082855 1.123689 -0.347149
v 0.089181 1.087118 -0.354949
v -0.123484 1.099308 -0.289230
v -0.129189 1.068833 -0.300799
v -0.101559 1.023206 -0.241798
v -0.107163 1.067172 -0.246203
v -0.036318 0.979746 -0.192027
v -0.038094 1.020100 -0.187289
v 0.131645 1.099323 -0.289376
v 0.137914 1.068847 -0.301003
v 0.111193 1.024116 -0.241943
v 0.115743 1.067186 -0.246320
v 0.045663 0.979746 -0.192056
v 0.047570 1.020115 -0.187347
v 0.005178 0.971441 -0.188358
v -0.038094 1.020100 -0.187289
v -0.036318 0.979746 -0.192027
v 0.005280 1.011680 -0.182032
v 0.113938 1.926412 -0.179793
v 0.044161 1.814215 -0.224987
v 0.004976 1.939079 -0.196750
v -0.106252 1.721864 -0.066180
v -0.142765 1.775752 -0.103343
v -0.193764 1.909412 -0.124994
v -0.120262 1.867439 -0.017607
v -0.057173 1.843839 0.012073
v -0.040073 1.935164 -0.191160
v 0.006609 1.835707 0.026329
v 0.004514 1.793893 -0.228020
v -0.085757 1.788491 -0.228309
v -0.082392 1.795828 -0.190366
v -0.067861 1.791365 -0.143295
v -0.054977 1.771275 -0.084351
v 0.005829 1.773022 -0.084264
v 0.066622 1.771275 -0.084351
v 0.006190 1.732942 -0.001561
v -0.014305 1.732147 -0.016294
v 0.025314 1.732147 -0.016294
v 0.005555 1.820844 -0.101799
v -0.051020 1.790947 -0.066701
v 0.062289 1.790947 -0.066716
v 0.066622 1.771275 -0.084351
v 0.077671 1.791365 -0.143309
v 0.117564 1.721864 -0.066167
v 0.070392 1.708244 -0.019876
v 0.119803 1.722571 -0.040804
v 0.063704 1.705701 -0.035128
v 0.005916 1.701137 -0.019399
v 0.006118 1.701484 -0.006530
v -0.057649 1.708244 -0.019876
v -0.052363 1.704835 -0.035128
v -0.107710 1.722571 -0.040818
v -0.139602 1.762897 -0.077518
v -0.170352 1.818707 -0.099992
v -0.129708 1.840950 0.026229
v -0.063875 1.824715 0.054941
v 0.006364 1.817508 0.069240
v 0.094771 1.788491 -0.228323
v -0.054977 1.771275 -0.084351
v -0.014305 1.732147 -0.016294
v -0.019042 1.762753 -0.025191
v 0.006046 1.760890 -0.010661
v 0.006190 1.732942 -0.001561
v 0.025314 1.732147 -0.016294
v 0.030687 1.762753 -0.025176
v 0.005497 1.799252 -0.045744
v 0.152907 1.775752 -0.103330
v 0.151463 1.763779 -0.077505
v 0.142002 1.840950 0.026257
v 0.076140 1.824715 0.054970
v 0.069944 1.843839 0.012088
v 0.184957 2.009707 0.060010
v -0.077740 1.994296 0.107443
v -0.055867 2.020836 0.114644
v 0.073194 1.392987 -0.138153
v 0.073194 1.392987 -0.138153
v 0.073194 1.392987 -0.138153
v 0.073194 1.392987 -0.138153
v 0.152978 1.422654 -0.160482
v 0.152978 1.422654 -0.160482
v 0.340439 0.173932 -0.128953
v 0.340439 0.173932 -0.128953
v 0.358235 0.169339 -0.050453
v 0.062130 1.607992 -0.078256
v 0.062130 1.607992 -0.078256
v 0.062130 1.607992 -0.078256
v 0.062130 1.607992 -0.078256
v 0.062130 1.607992 -0.078256
v 0.129133 1.677753 -0.092454
v 0.129133 1.677753 -0.092454
v 0.060310 1.651019 -0.075974
v 0.060310 1.651019 -0.075974
v 0.060310 1.651019 -0.075974
v 0.060310 1.651019 -0.075974
v 0.060310 1.651019 -0.075974
v -0.049301 1.651019 -0.075974
v -0.049301 1.651019 -0.075974
v -0.049301 1.651019 -0.075974
v -0.049301 1.651019 -0.075974
v -0.049301 1.651019 -0.075974
v -0.116709 1.684628 -0.086011
v -0.117720 1.677753 -0.092424
v -0.117720 1.677753 -0.092424
v -0.051179 1.607977 -0.078227
v -0.051179 1.607977 -0.078227
v -0.051179 1.607977 -0.078227
v -0.051179 1.607977 -0.078227
v -0.051179 1.607977 -0.078227
v -0.172561 1.582557 -0.125745
v -0.142693 1.422639 -0.160366
v -0.142693 1.422639 -0.160366
v 0.261780 0.174928 -0.450233
v 0.172881 0.275527 -0.362663
v 0.177994 0.278387 -0.270369
v 0.093991 0.462179 -0.342152
v 0.295203 1.674460 -0.193804
v 0.326733 0.188202 -0.181383
v 0.326733 0.188202 -0.181383
v -0.429351 0.064884 -0.055058
v 0.237112 1.750779 -0.137013
v 0.096373 1.513416 -0.424537
v 0.096373 1.513416 -0.424537
v 0.096373 1.513416 -0.424537
v 0.003285 1.375756 -0.428336
v 0.003285 1.375756 -0.428336
v 0.003285 1.375756 -0.428336
v 0.003285 1.375756 -0.428336
v 0.003285 1.375756 -0.428336
v 0.003285 1.375756 -0.428336
v 0.003285 1.375756 -0.428336
v 0.003285 1.375756 -0.428336
v 0.003285 1.375756 -0.428336
v -0.107957 1.288633 -0.356018
v -0.107957 1.288633 -0.356018
v -0.148687 1.411850 -0.369074
v 0.249504 1.574281 -0.230664
v 0.422175 2.189976 -0.257774
v 0.283374 2.201530 -0.120634
v 0.283374 2.201530 -0.120634
v 0.260467 2.222574 -0.112358
v 0.260467 2.222574 -0.112358
v 0.331557 2.255650 -0.219413
v 0.331557 2.255650 -0.219413
v 0.331557 2.255650 -0.219413
v 0.409421 2.284999 -0.247043
v 0.409421 2.284999 -0.247043
v 0.409421 2.284999 -0.247043
v 0.409421 2.284999 -0.247043
v 0.409421 2.284999 -0.247043
v 0.362784 2.038507 -0.227660
v 0.337132 2.083253 -0.278327
v -0.391279 2.289101 -0.205457
v -0.077900 1.226887 -0.199639
v -0.077900 1.226887 -0.199639
v -0.050169 1.114387 -0.193905
v -0.050169 1.114387 -0.193905
v -0.177590 0.153176 -0.450910
v -0.177590 0.153176 -0.450910
v -0.177590 0.153176 -0.450910
v -0.177590 0.153176 -0.450910
v -0.165154 0.151299 -0.420189
v -0.165154 0.151299 -0.420189
v -0.260596 0.147847 -0.457612
v -0.260596 0.147847 -0.457612
v -0.260596 0.147847 -0.457612
v -0.260596 0.147847 -0.457612
v -0.274129 1.846323 -0.258755
v -0.203038 1.957870 -0.305739
v -0.205522 2.055984 -0.287425
v 0.137914 1.068847 -0.301003
v 0.111193 1.024116 -0.241943
v 0.111193 1.024116 -0.241943
v 0.293527 0.323840 -0.304297
v -0.339081 2.249800 -0.167241
v -0.339081 2.249800 -0.167241
v -0.393807 2.239314 -0.250506
v -0.393807 2.239314 -0.250506
v -0.393807 2.239314 -0.250506
v -0.393807 2.239314 -0.250506
v -0.388492 2.273574 -0.205024
v -0.272048 2.200635 -0.120646
v -0.272048 2.200635 -0.120646
v -0.320579 2.263594 -0.161637
v -0.249805 2.222574 -0.112341
v -0.249805 2.222574 -0.112341
v 0.190342 0.241050 -0.424567
v -0.227100 1.749870 -0.136924
v -0.149741 0.120578 -0.080840
v -0.247018 0.317817 -0.355193
v -0.289208 2.168484 -0.277791
v -0.289208 2.168484 -0.277791
v -0.289208 2.168484 -0.277791
v -0.289208 2.168484 -0.277791
v -0.328812 2.082300 -0.278239
v -0.328812 2.082300 -0.278239
v -0.430869 2.187462 -0.265802
v -0.430869 2.187462 -0.265802
v -0.421177 2.245944 -0.292985
v -0.421177 2.245944 -0.292985
v -0.421177 2.245944 -0.292985
v -0.421177 2.245944 -0.292985
v -0.490000 2.327724 -0.275855
v -0.490000 2.327724 -0.275855
v -0.107957 1.288633 -0.356018
v -0.107957 1.288633 -0.356018
v -0.149323 1.266650 -0.292177
v -0.149323 1.266650 -0.292177
v -0.226783 0.316893 -0.297839
v 0.144833 -0.002856 -0.090995
v 0.144833 -0.002856 -0.090995
v 0.144833 -0.002856 -0.090995
v 0.403442 -0.005297 -0.163964
v -0.197434 1.432634 -0.304699
v -0.197434 1.432634 -0.304699
v -0.197434 1.432634 -0.304699
v -0.148687 1.411850 -0.369074
v -0.148687 1.411850 -0.369074
v 0.422797 -0.005326 -0.104226
v 0.422797 -0.005326 -0.104226
v 0.160360 -0.003029 -0.040458
v 0.160360 -0.003029 -0.040458
v -0.079821 0.614283 -0.324661
v -0.079821 0.614283 -0.324661
v -0.087288 0.527348 -0.330540
v -0.087288 0.527348 -0.330540
v -0.312362 0.064147 -0.410194
v 0.311365 0.145651 -0.400288
v 0.333781 0.067252 -0.320156
v -0.308837 -0.005369 -0.419741
v -0.308837 -0.005369 -0.419741
v -0.308837 -0.005369 -0.419741
v -0.155288 -0.003853 -0.258495
v -0.155288 -0.003853 -0.258495
v -0.334112 -0.005600 -0.327477
v -0.334112 -0.005600 -0.327477
v -0.150059 -0.002134 -0.040283
v -0.150059 -0.002134 -0.040283
v -0.200408 0.030378 0.097782
v -0.200408 0.030378 0.097782
v -0.326616 0.067296 -0.319677
v -0.326616 0.067296 -0.319677
v -0.312362 0.064147 -0.410194
v -0.337592 0.093438 0.101450
v -0.168085 0.204797 -0.253194
v -0.168085 0.204797 -0.253194
v -0.169255 0.278401 -0.270165
v -0.178760 0.082678 -0.466682
v -0.178760 0.082678 -0.466682
v -0.263427 0.075630 -0.461685
v -0.263427 0.075630 -0.461685
v -0.263427 0.075630 -0.461685
v 0.002953 1.500720 -0.449062
v 0.002953 1.500720 -0.449062
v 0.002953 1.500720 -0.449062
v 0.002953 1.500720 -0.449062
v 0.002953 1.500720 -0.449062
v 0.003574 1.636734 -0.468142
v -0.201146 0.284496 -0.248485
v 0.141394 0.584920 -0.314753
v 0.136903 0.591607 -0.248400
v 0.136903 0.591607 -0.248400
v -0.207240 0.174986 0.013461
v -0.207240 0.174986 0.013461
v -0.207240 0.174986 0.013461
v -0.207182 0.178785 -0.043230
v -0.207182 0.178785 -0.043230
v -0.140369 0.632525 -0.428364
v -0.140369 0.632525 -0.428364
v -0.140369 0.632525 -0.428364
v -0.140369 0.632525 -0.428364
v -0.140369 0.632525 -0.428364
v -0.104259 0.654566 -0.237581
v -0.114355 0.615482 -0.235270
v 0.206000 1.432663 -0.304874
v 0.206000 1.432663 -0.304874
v 0.146984 1.253420 -0.250104
v 0.146984 1.253420 -0.250104
v 0.157383 1.266664 -0.292351
v 0.157383 1.266664 -0.292351
v 0.206968 1.445691 -0.241684
v -0.181157 0.175549 -0.443067
v -0.181157 0.175549 -0.443067
v 0.006364 1.817508 0.069240
v 0.006364 1.817508 0.069240
v 0.006364 1.817508 0.069240
v 0.076140 1.824715 0.054970
v 0.076140 1.824715 0.054970
v -0.236517 2.110435 -0.088409
v 0.087809 0.614283 -0.324545
v 0.087809 0.614283 -0.324545
v 0.087809 0.614283 -0.324545
v 0.087809 0.614283 -0.324545
v 0.113114 0.654566 -0.237509
v -0.249098 0.607047 -0.252371
v 0.281669 0.560944 -0.356293
v 0.281669 0.560944 -0.356293
v 0.245055 0.670526 -0.341185
v 0.152126 0.583085 -0.216379
v 0.152126 0.583085 -0.216379
v 0.095089 0.527348 -0.330453
v -0.249402 0.649756 -0.271811
v 0.345379 2.212984 -0.279454
v 0.345379 2.212984 -0.279454
v 0.345379 2.212984 -0.279454
v 0.345379 2.212984 -0.279454
v 0.345379 2.212984 -0.279454
v 0.345379 2.212984 -0.279454
v -0.063818 0.694589 -0.301970
v -0.063818 0.694589 -0.301970
v -0.104895 0.973867 -0.219310
v -0.104895 0.973867 -0.219310
v -0.104895 0.973867 -0.219310
v -0.104895 0.973867 -0.219310
v -0.104895 0.973867 -0.219310
v -0.099652 0.793541 -0.177352
v -0.062431 0.893807 -0.212219
v -0.036318 0.979746 -0.192027
v -0.101559 1.023206 -0.241798
v -0.101559 1.023206 -0.241798
v -0.028850 0.763599 -0.304570
v -0.028850 0.763599 -0.304570
v 0.004182 0.810700 -0.313410
v 0.004182 0.810700 -0.313410
v 0.004182 0.810700 -0.313410
v 0.173719 0.853351 -0.190510
v 0.173719 0.853351 -0.190510
v 0.114327 0.973867 -0.219441
v 0.114327 0.973867 -0.219441
v 0.114327 0.973867 -0.219441
v 0.114327 0.973867 -0.219441
v 0.114327 0.973867 -0.219441
v 0.109446 0.793541 -0.177381
v 0.077554 0.868242 -0.391982
v 0.077554 0.868242 -0.391982
v 0.152516 0.872243 -0.369392
v 0.152516 0.872243 -0.369392
v 0.152516 0.872243 -0.369392
v 0.152516 0.872243 -0.369392
v 0.152516 0.872243 -0.369392
v 0.152516 0.872243 -0.369392
v 0.124308 0.967960 -0.346889
v 0.203370 0.668302 -0.416436
v 0.203370 0.668302 -0.416436
v 0.203370 0.668302 -0.416436
v 0.203370 0.668302 -0.416436
v 0.203370 0.668302 -0.416436
v 0.187252 0.762675 -0.386855
v 0.187252 0.762675 -0.386855
v 0.187252 0.762675 -0.386855
v 0.187252 0.762675 -0.386855
v 0.187252 0.762675 -0.386855
v 0.027710 2.256415 -0.212045
v 0.027710 2.256415 -0.212045
v 0.027710 2.256415 -0.212045
v 0.027710 2.256415 -0.212045
v 0.112681 2.313396 -0.257225
v 0.112681 2.313396 -0.257225
v 0.112681 2.313396 -0.257225
v 0.004572 1.812150 -0.223672
v 0.117564 1.721864 -0.066167
v 0.117564 1.721864 -0.066167
v 0.117564 1.721864 -0.066167
v 0.117564 1.721864 -0.066167
v 0.117564 1.721864 -0.066167
v 0.117564 1.721864 -0.066167
v 0.318428 0.488380 -0.361334
v -0.142419 2.155557 -0.255447
v -0.142419 2.155557 -0.255447
v -0.142419 2.155557 -0.255447
v -0.144008 2.188170 -0.179879
v -0.144008 2.188170 -0.179879
v -0.144008 2.188170 -0.179879
v -0.144008 2.188170 -0.179879
v -0.081266 2.215237 -0.172904
v -0.081266 2.215237 -0.172904
v -0.082710 2.180298 -0.266468
v -0.082710 2.180298 -0.266468
v 0.115743 1.067186 -0.246320
v 0.131645 1.099323 -0.289376
v 0.131645 1.099323 -0.289376
v 0.003272 0.868603 -0.371949
v 0.003272 0.868603 -0.371949
v 0.003272 0.868603 -0.371949
v -0.070736 0.868242 -0.391982
v -0.070736 0.868242 -0.391982
v -0.070736 0.868242 -0.391982
v 0.077554 0.868242 -0.391982
v 0.077554 0.868242 -0.391982
v 0.077554 0.868242 -0.391982
v 0.003633 0.957604 -0.407075
v 0.003633 0.957604 -0.407075
v 0.003633 0.957604 -0.407075
v 0.003633 0.957604 -0.407075
v 0.003633 0.957604 -0.407075
v 0.003893 1.050230 -0.390408
v 0.003893 1.050230 -0.390408
v 0.003893 1.050230 -0.390408
v 0.003893 1.050230 -0.390408
v 0.003893 1.050230 -0.390408
v -0.055238 0.954628 -0.403017
v -0.055238 0.954628 -0.403017
v -0.055238 0.954628 -0.403017
v -0.055238 0.954628 -0.403017
v 0.061724 0.954628 -0.403103
v 0.061724 0.954628 -0.403103
v 0.061724 0.954628 -0.403103
v 0.061724 0.954628 -0.403103
v -0.075575 1.123674 -0.347019
v -0.075575 1.123674 -0.347019
v -0.125304 1.158873 -0.288017
v -0.125304 1.158873 -0.288017
v -0.123484 1.099308 -0.289230
v -0.123484 1.099308 -0.289230
v -0.052363 1.704835 -0.035128
v -0.052363 1.704835 -0.035128
v -0.052363 1.704835 -0.035128
v -0.142621 0.583085 -0.216421
v -0.142621 0.583085 -0.216421
v -0.139805 0.522481 -0.212435
v -0.139805 0.522481 -0.212435
v -0.139805 0.522481 -0.212435
v -0.153959 0.628842 -0.174882
v -0.153959 0.628842 -0.174882
v -0.153959 0.628842 -0.174882
v -0.153959 0.628842 -0.174882
v -0.153959 0.628842 -0.174882
v -0.098309 0.805630 -0.388949
v -0.098309 0.805630 -0.388949
v -0.098309 0.805630 -0.388949
v -0.098309 0.805630 -0.388949
v -0.098309 0.805630 -0.388949
v 0.196323 1.533478 -0.393456
v 0.240809 1.549510 -0.317123
v -0.232546 0.685518 -0.195102
v -0.232546 0.685518 -0.195102
v -0.232546 0.685518 -0.195102
v -0.232546 0.685518 -0.195102
v -0.232546 0.685518 -0.195102
v -0.235391 0.702807 -0.259722
v -0.235391 0.702807 -0.259722
v 0.086986 1.226887 -0.199696
v -0.418244 0.118974 -0.051924
v 0.123282 0.615482 -0.235040
v -0.334112 -0.005600 -0.327477
v -0.336221 2.212031 -0.279336
v -0.336221 2.212031 -0.279336
v -0.336221 2.212031 -0.279336
v -0.336221 2.212031 -0.279336
v -0.336221 2.212031 -0.279336
v -0.336221 2.212031 -0.279336
v 0.288905 0.522336 -0.186019
v 0.288905 0.522336 -0.186019
v 0.288905 0.522336 -0.186019
v 0.288905 0.522336 -0.186019
v 0.288905 0.522336 -0.186019
v 0.265651 0.544493 -0.201503
v 0.265651 0.544493 -0.201503
v 0.265651 0.544493 -0.201503
v 0.265651 0.544493 -0.201503
v 0.265651 0.544493 -0.201503
v 0.344368 2.169263 -0.226475
v 0.344368 2.169263 -0.226475
v 0.344368 2.169263 -0.226475
v 0.422175 2.189976 -0.257774
v 0.422175 2.189976 -0.257774
v 0.402936 2.240253 -0.250610
v 0.402936 2.240253 -0.250610
v 0.402936 2.240253 -0.250610
v 0.402936 2.240253 -0.250610
v 0.348947 2.250710 -0.167301
v 0.348947 2.250710 -0.167301
v 0.061089 1.041520 -0.384991
v 0.061089 1.041520 -0.384991
v 0.061089 1.041520 -0.384991
v 0.061089 1.041520 -0.384991
v 0.061089 1.041520 -0.384991
v -0.247018 0.317817 -0.355193
v -0.247018 0.317817 -0.355193
v -0.255699 0.320070 -0.320067
v -0.255699 0.320070 -0.320067
v -0.255699 0.320070 -0.320067
v -0.215041 0.589571 -0.313394
v -0.215041 0.589571 -0.313394
v -0.170555 0.584169 -0.355179
v -0.170555 0.584169 -0.355179
v -0.170555 0.584169 -0.355179
v -0.212340 0.314596 -0.376339
v 0.089181 1.087118 -0.354949
v 0.089181 1.087118 -0.354949
v 0.131645 1.099323 -0.289376
v 0.131645 1.099323 -0.289376
v 0.131645 1.099323 -0.289376
v -0.194690 0.313528 -0.307155
v -0.194690 0.313528 -0.307155
v -0.172245 0.594727 -0.226141
v -0.172245 0.594727 -0.226141
v -0.172245 0.594727 -0.226141
v -0.226783 0.316893 -0.297839
v -0.035047 1.814215 -0.224958
v -0.106252 1.721864 -0.066180
v -0.106252 1.721864 -0.066180
v -0.106252 1.721864 -0.066180
v -0.106252 1.721864 -0.066180
v -0.106252 1.721864 -0.066180
v -0.106252 1.721864 -0.066180
v -0.132856 1.967821 0.122061
v -0.032589 1.918424 0.291092
v 0.008344 1.904891 0.376539
v 0.008344 1.904891 0.376539
v 0.008344 1.904891 0.376539
v 0.005106 1.801201 -0.190120
v 0.005829 1.773022 -0.084264
v 0.005829 1.773022 -0.084264
v 0.005829 1.773022 -0.084264
v 0.066622 1.771275 -0.084351
v 0.066622 1.771275 -0.084351
v 0.066622 1.771275 -0.084351
v 0.004182 0.810700 -0.313410
v -0.208988 1.908574 -0.095818
v 0.005800 1.542014 -0.087399
v 0.005800 1.542014 -0.087399
v 0.005800 1.542014 -0.087399
v 0.005800 1.542014 -0.087399
v 0.005800 1.542014 -0.087399
v 0.005974 1.601463 -0.076277
v 0.005974 1.601463 -0.076277
v 0.005974 1.601463 -0.076277
v 0.005974 1.601463 -0.076277
v 0.005974 1.601463 -0.076277
v 0.063704 1.705701 -0.035128
v 0.063704 1.705701 -0.035128
v 0.063704 1.705701 -0.035128
v 0.005916 1.701137 -0.019399
v 0.005916 1.701137 -0.019399
v 0.005916 1.701137 -0.019399
v 0.005916 1.701137 -0.019399
v 0.005916 1.701137 -0.019399
v -0.165166 1.893423 -0.061833
v -0.253157 2.051521 -0.151555
v -0.209652 2.024656 -0.018286
v -0.193216 1.892152 -0.089579
v 0.091680 1.795828 -0.190380
v -0.051020 1.790947 -0.066701
v -0.051020 1.790947 -0.066701
v -0.051020 1.790947 -0.066701
v -0.051020 1.790947 -0.066701
v -0.051020 1.790947 -0.066701
v -0.051020 1.790947 -0.066701
v -0.051020 1.790947 -0.066701
v -0.067861 1.791365 -0.143295
v -0.054977 1.771275 -0.084351
v -0.157656 2.143453 0.068765
v 0.006046 1.760890 -0.010661
v 0.006046 1.760890 -0.010661
v 0.006046 1.760890 -0.010661
v 0.006046 1.760890 -0.010661
v 0.006046 1.760890 -0.010661
v 0.006046 1.760890 -0.010661
v 0.006046 1.760890 -0.010661
v 0.005497 1.799252 -0.045744
v 0.005497 1.799252 -0.045744
v 0.005497 1.799252 -0.045744
v 0.152907 1.775752 -0.103330
v 0.152907 1.775752 -0.103330
v 0.152907 1.775752 -0.103330
v 0.152907 1.775752 -0.103330
v 0.152907 1.775752 -0.103330
v 0.151463 1.763779 -0.077505
v 0.151463 1.763779 -0.077505
v 0.211778 0.179911 -0.111462
v 0.211778 0.179911 -0.111462
v 0.069944 1.843839 0.012088
v 0.069944 1.843839 0.012088
v 0.069944 1.843839 0.012088
v 0.069944 1.843839 0.012088
v 0.069944 1.843839 0.012088
v -0.011834 1.868421 0.382446
v 0.008430 1.852172 0.382013
v -0.164719 1.733924 -0.093565
v -0.164719 1.733924 -0.093565
v -0.164719 1.733924 -0.093565
v -0.163072 1.726529 -0.106839
v -0.163072 1.726529 -0.106839
v -0.160805 1.746417 -0.079439
v -0.189749 1.808857 -0.104195
v -0.189749 1.808857 -0.104195
v -0.176721 1.883341 -0.034852
v 0.142002 1.840950 0.026257
v 0.142002 1.840950 0.026257
v 0.148531 1.847854 0.030778
v 0.148531 1.847854 0.030778
v 0.182502 1.870227 -0.035230
v 0.220242 1.909455 -0.095820
v 0.124352 1.714353 -0.044054
v 0.124352 1.714353 -0.044054
v 0.124352 1.714353 -0.044054
v 0.119803 1.722571 -0.040804
v 0.070392 1.708244 -0.019876
v 0.070392 1.708244 -0.019876
v 0.068629 1.693324 -0.014835
v 0.068629 1.693324 -0.014835
v -0.112376 1.713457 -0.044067
v -0.112376 1.713457 -0.044067
v -0.112376 1.713457 -0.044067
v -0.107710 1.722571 -0.040818
v -0.139602 1.762897 -0.077518
v -0.139602 1.762897 -0.077518
v -0.139602 1.762897 -0.077518
v -0.150680 1.757929 -0.079309
v 0.105360 1.855075 0.157461
v 0.054678 1.825524 0.274482
v 0.054678 1.825524 0.274482
v 0.054678 1.825524 0.274482
v -0.047496 1.807788 0.100510
v -0.047496 1.807788 0.100510
v -0.047496 1.807788 0.100510
v -0.047496 1.807788 0.100510
v -0.040085 1.806242 0.163397
v -0.040085 1.806242 0.163397
v -0.040085 1.806242 0.163397
v -0.040085 1.806242 0.163397
v -0.040085 1.806242 0.163397
v -0.040085 1.806242 0.163397
v 0.281669 0.560944 -0.356293
v 0.281669 0.560944 -0.356293
v 0.175164 1.733924 -0.093566
v 0.175164 1.733924 -0.093566
v 0.175164 1.733924 -0.093566
v 0.175164 1.733924 -0.093566
v 0.171698 1.746417 -0.079455
v 0.171698 1.746417 -0.079455
v 0.129552 1.681855 -0.064910
v 0.129552 1.681855 -0.064910
v 0.129552 1.681855 -0.064910
v 0.129552 1.681855 -0.064910
v 0.129552 1.681855 -0.064910
v 0.245055 0.670526 -0.341185
v 0.245055 0.670526 -0.341185
v -0.055801 1.668741 -0.019673
v -0.055801 1.668741 -0.019673
v -0.055165 1.655308 -0.038710
v -0.055165 1.655308 -0.038710
v -0.055165 1.655308 -0.038710
v -0.055165 1.655308 -0.038710
v -0.055165 1.655308 -0.038710
v 0.128310 1.684628 -0.086041
v 0.128310 1.684628 -0.086041
v 0.261522 1.996982 -0.046944
v 0.195428 1.931481 0.026227
v 0.054678 1.825524 0.274482
v 0.054678 1.825524 0.274482
v 0.054678 1.825524 0.274482
v 0.076935 1.879138 0.284592
v 0.028709 1.868421 0.382461
v -0.172476 0.594510 -0.182508
v -0.172476 0.594510 -0.182508
v -0.172476 0.594510 -0.182508
v -0.172476 0.594510 -0.182508
v -0.172476 0.594510 -0.182508
v 0.161573 1.757929 -0.079310
v -0.114355 0.615482 -0.235270
v -0.114355 0.615482 -0.235270
v -0.019042 1.762753 -0.025191
v -0.019042 1.762753 -0.025191
v 0.141553 0.701738 -0.185715
v 0.141553 0.701738 -0.185715
v 0.241805 0.685518 -0.195032
v 0.241805 0.685518 -0.195032
v 0.241805 0.685518 -0.195032
v 0.241805 0.685518 -0.195032
v 0.241805 0.685518 -0.195032
v -0.166685 0.472492 -0.461338
v -0.166685 0.472492 -0.461338
v -0.062777 1.837975 0.066280
v -0.062864 1.831359 0.060603
v 0.118228 2.198049 0.100453
v -0.014305 1.732147 -0.016294
v -0.014305 1.732147 -0.016294
v -0.014305 1.732147 -0.016294
v -0.113993 1.833945 0.090257
v -0.113993 1.833945 0.090257
v -0.113993 1.833945 0.090257
v -0.113993 1.833945 0.090257
v -0.139587 1.859221 0.043055
v -0.139587 1.859221 0.043055
v -0.139587 1.859221 0.043055
v -0.139587 1.859221 0.043055
v -0.139587 1.859221 0.043055
v -0.139587 1.859221 0.043055
v -0.139587 1.859221 0.043055
v -0.037212 2.191478 0.054032
v 0.179844 2.150155 0.092797
v 0.091667 1.996115 0.107313
v -0.155822 0.063930 -0.055839
v -0.159418 0.114670 -0.051029
v -0.159418 0.114670 -0.051029
v -0.181314 1.890346 -0.034722
v -0.132887 -0.003419 -0.419062
v -0.037111 2.212320 0.002151
v 0.017991 1.995032 0.108223
v 0.048221 2.005332 0.097246
v -0.136092 1.847868 0.030750
v -0.141551 1.853920 0.035140
v 0.141553 0.701738 -0.185715
v 0.193031 2.003959 0.051532
v 0.200787 1.808857 -0.104226
v 0.161573 1.757929 -0.079310
v -0.037111 2.212320 0.002151
v -0.270345 0.538571 -0.255924
v -0.296242 0.507330 -0.262727
v -0.296242 0.507330 -0.262727
v -0.207703 0.722551 -0.196749
v -0.243566 0.649410 -0.192474
v -0.243566 0.649410 -0.192474
v -0.243566 0.649410 -0.192474
v -0.243566 0.649410 -0.192474
v -0.243566 0.649410 -0.192474
v -0.243566 0.649410 -0.192474
v 0.178342 1.824643 -0.125703
v 0.178342 1.824643 -0.125703
v 0.117029 1.558393 -0.101784
v 0.195948 1.686029 -0.119767
v 0.195948 1.686029 -0.119767
v 0.195948 1.686029 -0.119767
v 0.126360 1.629960 -0.093508
v 0.126360 1.629960 -0.093508
v -0.044737 2.140319 0.104150
v -0.099954 2.152480 0.106982
v 0.093948 1.811846 -0.222113
v -0.069906 2.111179 0.121312
v -0.190486 2.180168 0.090054
v -0.152427 2.206816 0.109351
v 0.154366 2.258509 0.114939
v 0.103049 2.253844 0.131593
v 0.103049 2.253844 0.131593
v 0.113751 2.152480 0.107024
v -0.091128 2.234519 0.142613
v -0.091128 2.234519 0.142613
v -0.035320 2.212955 0.118319
v -0.054355 2.206051 0.137413
v 0.318571 0.063165 -0.410673
v -0.011863 1.891704 0.380684
v -0.011863 1.891704 0.380684
v -0.039102 1.910639 0.465279
v -0.039102 1.910639 0.465279
v -0.039102 1.910639 0.465279
v -0.039102 1.910639 0.465279
v -0.039102 1.910639 0.465279
v 0.008344 1.904891 0.376539
v 0.008344 1.904891 0.376539
v 0.008344 1.904891 0.376539
v 0.154033 1.850757 -0.148928
v 0.151044 1.815991 -0.104312
v 0.062404 1.764082 0.000215
v 0.006378 1.759388 0.011178
v 0.006378 1.759388 0.011178
v 0.006378 1.759388 0.011178
v -0.093498 1.783653 -0.074876
v -0.093498 1.783653 -0.074876
v -0.140930 1.815991 -0.104311
v -0.434031 -0.004286 -0.058337
v -0.434031 -0.004286 -0.058337
v -0.180565 0.277188 -0.405081
v -0.085988 2.214024 0.117626
v 0.167784 1.920172 -0.034305
v 0.125898 1.772661 -0.003482
v 0.155377 1.864955 -0.121702
v 0.257491 0.607047 -0.252358
v -0.049980 1.764082 0.000215
v -0.049980 1.764082 0.000215
v -0.049980 1.764082 0.000215
v -0.054905 1.707608 -0.021248
v -0.102150 1.717025 -0.039344
v 0.068745 1.870862 0.053829
v 0.005930 1.756369 0.040873
v 0.005930 1.756369 0.040873
v 0.005930 1.756369 0.040873
v 0.006248 1.868161 0.062539
v 0.314456 0.460807 -0.261010
v 0.305241 0.509164 -0.262570
v 0.305241 0.509164 -0.262570
v -0.274649 0.560944 -0.356248
v -0.274649 0.560944 -0.356248
v -0.274649 0.560944 -0.356248
v -0.187019 2.170304 0.075163
v 0.027076 2.049296 0.100395
v 0.046488 2.019037 0.104742
v 0.049036 2.032185 0.110003
v 0.129984 0.746888 -0.396257
v 0.129984 0.746888 -0.396257
v 0.129984 0.746888 -0.396257
v 0.129984 0.746888 -0.396257
v 0.129984 0.746888 -0.396257
v 0.203647 2.198093 0.084261
v 0.058766 2.236209 0.127289
v 0.142002 1.840950 0.026257
v 0.142002 1.840950 0.026257
v 0.132108 1.867439 -0.017608
v 0.132108 1.867439 -0.017608
v 0.132108 1.867439 -0.017608
v 0.005930 1.756369 0.040873
v 0.005930 1.756369 0.040873
v 0.005930 1.756369 0.040873
v 0.006465 1.761858 0.016536
v -0.047106 1.765512 0.006484
v -0.047106 1.765512 0.006484
v -0.053215 1.760370 0.028929
v -0.053215 1.760370 0.028929
v -0.156443 1.920186 -0.034332
v -0.113589 1.771780 -0.003496
v -0.006000 2.175532 0.107501
v 0.157933 2.236642 0.107111
v 0.157933 2.236642 0.107111
v 0.154366 2.258509 0.114939
v -0.029716 2.176745 0.122320
v -0.007776 2.116271 0.110895
v -0.040765 2.366272 -0.054381
v -0.040765 2.366272 -0.054381
v -0.040765 2.366272 -0.054381
v -0.093079 2.494342 -0.099026
v -0.093079 2.494342 -0.099026
v -0.093079 2.494342 -0.099026
v -0.093079 2.494342 -0.099026
v -0.093079 2.494342 -0.099026
v -0.056061 2.381062 -0.089637
v -0.056061 2.381062 -0.089637
v -0.056061 2.381062 -0.089637
v -0.056061 2.381062 -0.089637
v -0.056061 2.381062 -0.089637
v 0.028247 2.469282 0.180455
v 0.028247 2.469282 0.180455
v 0.028247 2.469282 0.180455
v -0.019692 2.320270 -0.001937
v -0.019692 2.320270 -0.001937
v -0.019692 2.320270 -0.001937
v 0.037850 2.293506 0.085504
v 0.037850 2.293506 0.085504
v -0.036822 2.270671 -0.038017
v -0.036822 2.270671 -0.038017
v -0.036822 2.270671 -0.038017
v -0.036822 2.270671 -0.038017
v -0.016832 2.367890 -0.053846
v -0.016832 2.367890 -0.053846
v -0.016832 2.367890 -0.053846
v -0.016832 2.367890 -0.053846
v 0.054590 2.277979 -0.141850
v 0.054590 2.277979 -0.141850
v 0.054590 2.277979 -0.141850
v 0.054590 2.277979 -0.141850
v 0.046300 2.299775 -0.142804
v 0.072167 2.382261 -0.254798
v 0.072167 2.382261 -0.254798
v 0.072167 2.382261 -0.254798
v 0.033661 2.231645 -0.245728
v 0.033661 2.231645 -0.245728
v 0.033661 2.231645 -0.245728
v 0.033661 2.231645 -0.245728
v 0.033661 2.231645 -0.245728
v 0.033661 2.231645 -0.245728
v 0.033661 2.231645 -0.245728
v 0.033661 2.231645 -0.245728
v 0.033661 2.231645 -0.245728
v -0.163535 0.227040 -0.376440
v -0.163535 0.227040 -0.376440
v 0.085499 2.208405 -0.109439
v 0.110140 2.205575 -0.065112
v 0.258126 0.649756 -0.271785
v 0.258126 0.649756 -0.271785
v -0.230265 0.313787 -0.403420
v -0.016618 2.231963 -0.458277
v -0.016618 2.231963 -0.458277
v -0.016618 2.231963 -0.458277
v -0.016618 2.231963 -0.458277
v 0.002982 2.097711 -0.442649
v 0.027465 2.127349 -0.408910
v 0.027465 2.127349 -0.408910
v 0.035986 2.213128 -0.391953
v 0.035986 2.213128 -0.391953
v 0.035986 2.213128 -0.391953
v 0.035986 2.213128 -0.391953
v 0.122460 2.311589 0.076635
v 0.090670 2.319447 0.046362
v 0.083346 2.199811 -0.189933
v -0.076253 2.207683 -0.086460
v -0.076253 2.207683 -0.086460
v -0.076253 2.207683 -0.086460
v -0.076253 2.207683 -0.086460
v -0.036822 2.270671 -0.038017
v -0.041531 2.263204 -0.104254
v -0.041531 2.263204 -0.104254
v -0.048622 2.212724 -0.146212
v -0.048622 2.212724 -0.146212
v -0.048622 2.212724 -0.146212
v -0.047771 2.207683 -0.150935
v -0.047771 2.207683 -0.150935
v -0.047771 2.207683 -0.150935
v -0.003271 2.240253 -0.250624
v -0.008759 2.198367 -0.308571
v -0.008759 2.198367 -0.308571
v -0.009670 1.857487 -0.429780
v 0.007488 1.803267 -0.452124
v -0.085656 0.409331 -0.343784
v 0.005930 2.210283 0.045380
v 0.043455 2.231082 0.029622
v 0.043455 2.231082 0.029622
v 0.043455 2.231082 0.029622
v 0.216905 0.722551 -0.196621
v -0.004789 1.976213 -0.470236
v 0.030526 1.926628 -0.450304
v 0.012255 1.917875 -0.500466
v 0.076154 2.201212 0.001140
v 0.076154 2.201212 0.001140
v 0.122460 2.311589 0.076635
v 0.122460 2.311589 0.076635
v 0.144949 0.063584 -0.083745
v 0.424140 0.076930 0.042071
v 0.354378 0.085581 0.116599
v 0.414738 0.128522 0.028596
v 0.414738 0.128522 0.028596
v 0.414738 0.128522 0.028596
v 0.414738 0.128522 0.028596
v 0.414738 0.128522 0.028596
v 0.350233 0.148699 0.086571
v 0.350233 0.148699 0.086571
v 0.350233 0.148699 0.086571
v 0.350233 0.148699 0.086571
v 0.350464 0.092557 0.101232
v 0.350464 0.092557 0.101232
v -0.285828 0.323869 -0.303890
v 0.006190 1.732942 -0.001561
v 0.006190 1.732942 -0.001561
v 0.006190 1.732942 -0.001561
v -0.273190 0.288150 -0.261441
v 0.183467 0.153148 -0.451158
v 0.183467 0.153148 -0.451158
v 0.183467 0.153148 -0.451158
v 0.183467 0.153148 -0.451158
v 0.187266 0.175535 -0.443358
v 0.187266 0.175535 -0.443358
v 0.266257 0.147804 -0.458018
v 0.266257 0.147804 -0.458018
v 0.266257 0.147804 -0.458018
v 0.266257 0.147804 -0.458018
v 0.269868 0.075586 -0.462106
v 0.269868 0.075586 -0.462106
v 0.269868 0.075586 -0.462106
v 0.413393 0.068105 -0.175158
v 0.425354 0.066213 -0.117312
v 0.425354 0.066213 -0.117312
v 0.430900 0.063815 -0.056823
v 0.163219 0.154924 -0.390942
v 0.169877 0.227026 -0.376716
v 0.169877 0.227026 -0.376716
v 0.358235 0.169339 -0.050453
v 0.358235 0.169339 -0.050453
v 0.356617 0.164457 0.022284
v 0.356617 0.164457 0.022284
v 0.356617 0.164457 0.022284
v 0.356617 0.164457 0.022284
v 0.356617 0.164457 0.022284
v -0.251092 0.486488 -0.439904
v -0.251092 0.486488 -0.439904
v 0.215693 0.089813 0.082932
v 0.215693 0.089813 0.082932
v 0.171538 1.941216 -0.206701
v 0.205048 1.909412 -0.125010
v -0.460334 2.306996 -0.263924
v -0.413248 2.188128 -0.257656
v -0.413248 2.188128 -0.257656
v -0.227100 1.749870 -0.136924
v 0.089181 1.087118 -0.354949
v -0.142621 0.583085 -0.216421
v -0.142621 0.583085 -0.216421
v -0.400206 2.284046 -0.246924
v -0.400206 2.284046 -0.246924
v -0.400206 2.284046 -0.246924
v -0.400206 2.284046 -0.246924
v -0.400206 2.284046 -0.246924
v 0.182125 0.594510 -0.182452
v 0.182125 0.594510 -0.182452
v 0.182125 0.594510 -0.182452
v 0.182125 0.594510 -0.182452
v 0.182125 0.594510 -0.182452
v 0.152126 0.583085 -0.216379
v 0.152126 0.583085 -0.216379
v -0.197376 1.445662 -0.241524
v -0.197376 1.445662 -0.241524
v -0.197376 1.445662 -0.241524
v -0.077900 1.226887 -0.199639
v -0.142693 1.422639 -0.160366
v -0.172561 1.582557 -0.125745
v -0.295361 0.221826 -0.383517
v -0.245344 0.236313 -0.425042
v 0.253822 0.649410 -0.192432
v 0.253822 0.649410 -0.192432
v 0.253822 0.649410 -0.192432
v 0.253822 0.649410 -0.192432
v 0.253822 0.649410 -0.192432
v 0.253822 0.649410 -0.192432
v 0.056571 1.878676 0.457032
v 0.056571 1.878676 0.457032
v 0.056571 1.878676 0.457032
v 0.056571 1.878676 0.457032
v 0.009616 1.877030 0.517926
v 0.009616 1.877030 0.517926
v 0.009616 1.877030 0.517926
v 0.009616 1.877030 0.517926
v 0.009616 1.877030 0.517926
v -0.413955 0.023850 0.047909
v 0.049044 2.197227 0.093910
v 0.186948 0.277159 -0.405358
v 0.207661 0.227459 -0.197704
v -0.337809 0.148713 0.086833
v -0.337809 0.148713 0.086833
v -0.337809 0.148713 0.086833
v -0.337809 0.148713 0.086833
v -0.337592 0.093438 0.101450
v -0.337592 0.093438 0.101450
v -0.203398 0.089828 0.083064
v -0.203398 0.089828 0.083064
v 0.202288 0.313499 -0.307445
v 0.202288 0.313499 -0.307445
v 0.181446 0.594712 -0.226331
v 0.181446 0.594712 -0.226331
v 0.181446 0.594712 -0.226331
v 0.262647 1.816425 -0.391564
v 0.211460 1.958823 -0.305828
v 0.164620 1.988201 -0.356032
v -0.255873 0.175910 -0.449798
v 0.117029 1.558393 -0.101784
v 0.117029 1.558393 -0.101784
v 0.117029 1.558393 -0.101784
v 0.005151 1.367927 -0.130570
v 0.005151 1.367927 -0.130570
v 0.005151 1.367927 -0.130570
v 0.005151 1.367927 -0.130570
v 0.005151 1.367927 -0.130570
v 0.005151 1.367927 -0.130570
v 0.005151 1.367927 -0.130570
v 0.128310 1.684628 -0.086041
v 0.326733 0.188202 -0.181383
v 0.340439 0.173932 -0.128953
v 0.340439 0.173932 -0.128953
v -0.185157 0.634056 -0.286760
v -0.185157 0.634056 -0.286760
v -0.185157 0.634056 -0.286760
v -0.185157 0.634056 -0.286760
v -0.185157 0.634056 -0.286760
v -0.185157 0.634056 -0.286760
v -0.185157 0.634056 -0.286760
v -0.286782 0.144352 -0.424175
v -0.286782 0.144352 -0.424175
v -0.237211 0.608722 -0.198453
v -0.237211 0.608722 -0.198453
v -0.237211 0.608722 -0.198453
v -0.237211 0.608722 -0.198453
v 0.151418 2.156481 -0.255491
v 0.259051 1.678172 -0.386581
v 0.156185 1.411879 -0.369248
v 0.114949 1.288647 -0.356148
v 0.114949 1.288647 -0.356148
v 0.003647 1.285152 -0.405429
v 0.003647 1.285152 -0.405429
v 0.003647 1.285152 -0.405429
v 0.003647 1.285152 -0.405429
v 0.003647 1.285152 -0.405429
v -0.089687 1.512477 -0.424465
v -0.089687 1.512477 -0.424465
v -0.089687 1.512477 -0.424465
v 0.190342 0.241050 -0.424567
v 0.005308 1.209728 -0.179663
v 0.005308 1.209728 -0.179663
v 0.005308 1.209728 -0.179663
v 0.005308 1.209728 -0.179663
v 0.005308 1.209728 -0.179663
v 0.005308 1.209728 -0.179663
v 0.005308 1.209728 -0.179663
v -0.180261 0.762675 -0.386810
v -0.180261 0.762675 -0.386810
v -0.180261 0.762675 -0.386810
v -0.180261 0.762675 -0.386810
v -0.180261 0.762675 -0.386810
v -0.212412 0.757345 -0.321396
v -0.212412 0.757345 -0.321396
v 0.005366 2.221361 -0.168759
v 0.005366 2.221361 -0.168759
v 0.005366 2.221361 -0.168759
v 0.005366 2.221361 -0.168759
v 0.005366 2.221361 -0.168759
v 0.104651 2.220032 -0.062845
v 0.090972 2.216133 -0.172904
v 0.090972 2.216133 -0.172904
v 0.005382 2.220003 -0.049542
v -0.093383 2.220032 -0.062830
v -0.081266 2.215237 -0.172904
v -0.081266 2.215237 -0.172904
v 0.269045 0.444327 -0.457397
v 0.269045 0.444327 -0.457397
v 0.258270 0.488380 -0.439820
v 0.115743 1.067186 -0.246320
v 0.115743 1.067186 -0.246320
v 0.400856 2.290040 -0.205518
v 0.499231 2.328676 -0.275989
v 0.499231 2.328676 -0.275989
v 0.430827 2.247821 -0.293132
v 0.430827 2.247821 -0.293132
v 0.430827 2.247821 -0.293132
v 0.430827 2.247821 -0.293132
v -0.403585 0.069058 -0.174707
v -0.414662 0.066256 -0.116861
v -0.414662 0.066256 -0.116861
v 0.253490 2.010010 -0.266917
v 0.297528 2.169423 -0.277880
v 0.297528 2.169423 -0.277880
v -0.255873 0.175910 -0.449798
v -0.403715 0.118122 -0.124227
v -0.403715 0.118122 -0.124227
v -0.420165 0.063858 -0.056416
v 0.216905 0.722551 -0.196621
v 0.216905 0.722551 -0.196621
v 0.216905 0.722551 -0.196621
v 0.141553 0.701738 -0.185715
v 0.141553 0.701738 -0.185715
v 0.141553 0.701738 -0.185715
v 0.114747 2.005388 0.111617
v 0.075115 2.006660 0.109928
v 0.330300 0.442565 -0.368151
v -0.402270 0.129431 0.028902
v -0.402270 0.129431 0.028902
v -0.402270 0.129431 0.028902
v -0.402270 0.129431 0.028902
v -0.402270 0.129431 0.028902
v -0.123484 1.099308 -0.289230
v -0.123484 1.099308 -0.289230
v -0.123484 1.099308 -0.289230
v -0.101559 1.023206 -0.241798
v -0.101559 1.023206 -0.241798
v -0.107163 1.067172 -0.246203
v -0.107163 1.067172 -0.246203
v -0.219663 0.596070 -0.254999
v -0.129189 1.068833 -0.300799
v -0.108980 1.946127 0.176137
v -0.120145 1.919999 0.167746
v -0.061230 1.879153 0.284549
v -0.061230 1.879153 0.284549
v -0.157020 1.950417 0.108167
v -0.040073 1.935164 -0.191160
v -0.051062 1.900962 0.287423
v -0.051062 1.900962 0.287423
v 0.006364 1.817508 0.069240
v 0.006364 1.817508 0.069240
v 0.006364 1.817508 0.069240
v 0.006436 1.819978 0.074093
v -0.062864 1.831359 0.060603
v -0.062864 1.831359 0.060603
v -0.062864 1.831359 0.060603
v -0.063875 1.824715 0.054941
v -0.076629 1.821596 -0.174204
v 0.004760 1.827243 -0.152524
v 0.070392 1.708244 -0.019876
v 0.070392 1.708244 -0.019876
v 0.070392 1.708244 -0.019876
v 0.090670 2.319447 0.046362
v 0.090670 2.319447 0.046362
v 0.090670 2.319447 0.046362
v -0.129708 1.840950 0.026229
v -0.129708 1.840950 0.026229
v 0.004904 1.821610 -0.202137
v -0.083822 1.811846 -0.222084
v 0.006190 1.732942 -0.001561
v -0.121273 1.989327 0.095803
v 0.176551 1.893423 -0.061849
v 0.469939 2.307950 -0.264058
v 0.119803 1.722571 -0.040804
v 0.119803 1.722571 -0.040804
v -0.180491 1.817118 -0.100946
v 0.006986 1.799064 0.169579
v 0.006986 1.799064 0.169579
v 0.006986 1.799064 0.169579
v 0.006986 1.799064 0.169579
v 0.006986 1.799064 0.169579
v -0.039276 1.825539 0.274467
v -0.039276 1.825539 0.274467
v -0.039276 1.825539 0.274467
v -0.090840 1.855090 0.157432
v 0.128859 1.691677 -0.050366
v 0.128859 1.691677 -0.050366
v -0.118211 1.681870 -0.064967
v -0.118211 1.681870 -0.064967
v -0.118211 1.681870 -0.064967
v -0.118211 1.681870 -0.064967
v -0.116709 1.684628 -0.086011
v -0.052926 1.661779 -0.071626
v -0.052926 1.661779 -0.071626
v 0.005151 1.658731 -0.069243
v 0.005151 1.658731 -0.069243
v 0.005151 1.658731 -0.069243
v -0.087476 2.099820 -0.336577
v -0.077367 1.776185 -0.459115
v -0.391279 2.289101 -0.205457
v -0.460334 2.306996 -0.263924
v 0.137914 1.068847 -0.301003
v 0.137914 1.068847 -0.301003
v 0.124308 0.967960 -0.346889
v 0.124308 0.967960 -0.346889
v 0.124308 0.967960 -0.346889
v 0.095089 0.527348 -0.330453
v 0.095089 0.527348 -0.330453
v 0.173198 0.474384 -0.461225
v 0.173198 0.474384 -0.461225
v 0.163261 0.540838 -0.449467
v 0.163261 0.540838 -0.449467
v 0.163261 0.540838 -0.449467
v 0.163261 0.540838 -0.449467
v 0.163261 0.540838 -0.449467
v 0.087809 0.614283 -0.324545
v 0.087809 0.614283 -0.324545
v 0.318428 0.488380 -0.361334
v 0.004716 2.188054 -0.271726
v 0.004716 2.188054 -0.271726
v 0.004716 2.188054 -0.271726
v 0.004716 2.188054 -0.271726
v 0.004716 2.188054 -0.271726
v 0.004716 2.188054 -0.271726
v 0.004716 2.188054 -0.271726
v -0.082710 2.180298 -0.266468
v -0.236662 0.670526 -0.341169
v -0.236662 0.670526 -0.341169
v -0.123310 0.746888 -0.396271
v -0.123310 0.746888 -0.396271
v -0.123310 0.746888 -0.396271
v -0.123310 0.746888 -0.396271
v -0.123310 0.746888 -0.396271
v -0.070736 0.868242 -0.391982
v -0.070736 0.868242 -0.391982
v -0.132020 0.701738 -0.185902
v -0.132020 0.701738 -0.185902
v -0.132020 0.701738 -0.185902
v -0.028850 0.763599 -0.304570
v 0.199428 2.184834 -0.187984
v 0.168968 2.189181 -0.073446
v 0.213930 2.175229 -0.084598
v 0.153498 2.188170 -0.179880
v 0.153498 2.188170 -0.179880
v 0.220501 0.758255 -0.321499
v 0.220501 0.758255 -0.321499
v 0.157730 2.080321 -0.324589
v 0.091377 2.180313 -0.266497
v 0.091377 2.180313 -0.266497
v -0.296242 0.507330 -0.262727
v -0.158914 1.766595 -0.431902
v -0.166655 1.873245 -0.395274
v 0.134433 1.158888 -0.288162
v 0.134433 1.158888 -0.288162
v 0.082855 1.123689 -0.347149
v 0.082855 1.123689 -0.347149
v -0.330097 0.174842 -0.128576
v -0.330097 0.174842 -0.128576
v -0.346374 0.170263 -0.050134
v -0.109994 1.140356 -0.250089
v -0.109994 1.140356 -0.250089
v -0.109994 1.140356 -0.250089
v 0.163840 0.628842 -0.174695
v 0.163840 0.628842 -0.174695
v 0.163840 0.628842 -0.174695
v 0.163840 0.628842 -0.174695
v 0.163840 0.628842 -0.174695
v 0.244477 0.702807 -0.259681
v 0.244477 0.702807 -0.259681
v 0.247279 0.609618 -0.198412
v 0.247279 0.609618 -0.198412
v 0.247279 0.609618 -0.198412
v 0.247279 0.609618 -0.198412
v -0.144990 0.872243 -0.369276
v -0.144990 0.872243 -0.369276
v -0.144990 0.872243 -0.369276
v -0.144990 0.872243 -0.369276
v -0.144990 0.872243 -0.369276
v -0.144990 0.872243 -0.369276
v -0.095562 2.091536 0.126925
v -0.279386 0.522336 -0.185714
v -0.279386 0.522336 -0.185714
v -0.279386 0.522336 -0.185714
v -0.279386 0.522336 -0.185714
v -0.279386 0.522336 -0.185714
v -0.306352 0.459883 -0.261138
v 0.118444 1.140371 -0.250205
v -0.170584 0.529760 -0.178420
v -0.170584 0.529760 -0.178420
v -0.170584 0.529760 -0.178420
v -0.170584 0.529760 -0.178420
v -0.170584 0.529760 -0.178420
v 0.138939 1.814764 -0.171532
v 0.045663 0.979746 -0.192056
v 0.045663 0.979746 -0.192056
v 0.148501 0.522481 -0.212378
v 0.148501 0.522481 -0.212378
v 0.148501 0.522481 -0.212378
v -0.100778 2.004551 0.111532
v -0.033645 2.018185 0.104728
v -0.005321 2.049051 0.090761
v -0.147892 2.128230 0.104440
v 0.413278 0.118079 -0.124649
v 0.413278 0.118079 -0.124649
v 0.105071 2.234504 0.142671
v 0.048510 2.212955 0.118363
v 0.068917 2.020196 0.114594
v 0.162468 2.031488 0.099384
v 0.004832 0.872936 -0.211020
v 0.004832 0.872936 -0.211020
v 0.004832 0.872936 -0.211020
v 0.004182 0.810700 -0.313410
v 0.173198 0.474384 -0.461225
v 0.072052 0.893807 -0.212306
v 0.072052 0.893807 -0.212306
v 0.028709 1.868421 0.382461
v 0.028709 1.868421 0.382461
v 0.028680 1.891704 0.380713
v 0.028680 1.891704 0.380713
v 0.008287 1.828514 0.431525
v 0.008287 1.828514 0.431525
v 0.008287 1.828514 0.431525
v 0.008287 1.828514 0.431525
v 0.008287 1.828514 0.431525
v 0.404366 0.119509 -0.165048
v 0.008590 1.948351 0.452179
v 0.008590 1.948351 0.452179
v 0.008590 1.948351 0.452179
v 0.009673 1.908892 0.521479
v 0.009673 1.908892 0.521479
v 0.009673 1.908892 0.521479
v 0.057626 1.910625 0.465337
v 0.057626 1.910625 0.465337
v 0.057626 1.910625 0.465337
v 0.057626 1.910625 0.465337
v 0.057626 1.910625 0.465337
v 0.005829 1.758247 -0.024570
v -0.041242 1.762074 -0.030896
v -0.041242 1.762074 -0.030896
v -0.041242 1.762074 -0.030896
v -0.049980 1.764082 0.000215
v -0.143473 1.849861 -0.148883
v -0.100633 2.225348 0.123188
v -0.056523 1.870862 0.053815
v 0.245055 0.670526 -0.341185
v 0.245055 0.670526 -0.341185
v -0.120262 1.867439 -0.017607
v -0.120262 1.867439 -0.017607
v 0.244477 0.702807 -0.259681
v 0.244477 0.702807 -0.259681
v -0.083461 1.811875 -0.198570
v -0.201795 0.179926 -0.111258
v -0.201795 0.179926 -0.111258
v 0.006046 1.663859 -0.011672
v -0.055801 1.668741 -0.019673
v -0.116709 1.684628 -0.086011
v -0.117720 1.677753 -0.092424
v -0.145191 1.894405 0.097262
v -0.145191 1.894405 0.097262
v -0.185416 2.073244 0.058914
v 0.066839 1.901785 0.287481
v 0.066839 1.901785 0.287481
v 0.066839 1.901785 0.287481
v 0.048467 1.918424 0.291092
v 0.075419 1.952872 0.187373
v 0.075419 1.952872 0.187373
v 0.123126 1.946950 0.176194
v 0.008430 1.852172 0.382013
v 0.007636 1.802342 0.269744
v 0.007636 1.802342 0.269744
v 0.007636 1.802342 0.269744
v 0.151317 0.981739 -0.268866
v -0.093383 2.220032 -0.062830
v -0.062777 1.837975 0.066280
v -0.136092 1.847868 0.030750
v -0.099652 0.793541 -0.177352
v -0.027882 2.214486 0.122190
v 0.007275 1.968558 0.189164
v 0.007275 1.968558 0.189164
v 0.007275 1.968558 0.189164
v 0.048467 1.918424 0.291092
v 0.048467 1.918424 0.291092
v 0.005930 2.210283 0.045380
v -0.198473 2.396603 0.112442
v -0.198473 2.396603 0.112442
v -0.198473 2.396603 0.112442
v -0.036822 2.270671 -0.038017
v -0.046832 2.107431 -0.329630
v 0.093385 1.811875 -0.198599
v 0.060397 2.267017 -0.005764
v -0.183613 0.241079 -0.424276
v 0.341956 -0.005658 -0.327970
v 0.318571 0.063165 -0.410673
v -0.032765 2.104174 0.112941
v 0.167219 0.082794 -0.250812
v 0.158422 0.082678 -0.403334
v 0.271500 0.074171 -0.475582
v 0.313097 0.067339 -0.406686
v 0.144949 0.063584 -0.083745
v 0.181013 0.085393 -0.252185
v 0.350464 0.092557 0.101232
v 0.212255 0.082851 0.098718
v 0.323685 0.106163 -0.318697
v 0.169010 0.123466 -0.254597
v 0.158422 0.082678 -0.403334
v 0.261780 0.174928 -0.450233
v 0.327946 0.196882 -0.282227
v 0.327946 0.196882 -0.282227
v 0.280470 0.285955 -0.373120
v 0.218350 0.177889 -0.043434
v 0.218350 0.177889 -0.043434
v 0.194330 0.878064 -0.287037
v -0.001681 2.383965 -0.087442
v -0.001681 2.383965 -0.087442
v -0.001681 2.383965 -0.087442
v -0.001681 2.383965 -0.087442
v -0.001681 2.383965 -0.087442
v -0.001681 2.383965 -0.087442
v 0.026021 2.275798 -0.143786
v 0.026021 2.275798 -0.143786
v 0.026021 2.275798 -0.143786
v 0.026021 2.275798 -0.143786
v 0.026021 2.275798 -0.143786
v 0.026021 2.275798 -0.143786
v -0.006722 2.375949 -0.114726
v -0.006722 2.375949 -0.114726
v -0.006722 2.375949 -0.114726
v -0.029745 2.374375 -0.115491
v -0.029745 2.374375 -0.115491
v -0.029745 2.374375 -0.115491
v -0.029745 2.374375 -0.115491
v -0.041531 2.263204 -0.104254
v -0.107710 1.722571 -0.040818
v -0.107710 1.722571 -0.040818
v -0.139602 1.762897 -0.077518
v -0.139602 1.762897 -0.077518
v 0.010537 2.313611 -0.251389
v 0.010537 2.313611 -0.251389
v 0.010537 2.313611 -0.251389
v 0.010537 2.313611 -0.251389
v -0.322745 0.440702 -0.368178
v -0.246701 0.648817 -0.276477
v 0.251106 0.236284 -0.425434
v 0.180348 0.529760 -0.178278
v 0.180348 0.529760 -0.178278
v 0.180348 0.529760 -0.178278
v 0.180348 0.529760 -0.178278
v 0.180348 0.529760 -0.178278
v 0.000484 2.256834 -0.306289
v 0.000484 2.256834 -0.306289
v 0.000484 2.256834 -0.306289
v -0.008759 2.198367 -0.308571
v -0.008759 2.198367 -0.308571
v -0.008759 2.198367 -0.308571
v 0.028115 2.255664 -0.305336
v 0.028115 2.255664 -0.305336
v 0.028115 2.255664 -0.305336
v 0.028115 2.255664 -0.305336
v -0.033299 2.312196 -0.405096
v -0.033299 2.312196 -0.405096
v -0.033299 2.312196 -0.405096
v -0.033299 2.312196 -0.405096
v -0.033299 2.312196 -0.405096
v 0.027364 2.000478 -0.416565
v 0.102557 2.318334 0.041206
v 0.181490 1.819588 -0.099965
v -0.151996 0.082693 -0.403088
v -0.236662 0.670526 -0.341169
v -0.236662 0.670526 -0.341169
v -0.212412 0.757345 -0.321396
v -0.212412 0.757345 -0.321396
v -0.246701 0.648817 -0.276477
v -0.129189 1.068833 -0.300799
v -0.129189 1.068833 -0.300799
v -0.054054 1.041520 -0.384933
v -0.054054 1.041520 -0.384933
v -0.054054 1.041520 -0.384933
v -0.054054 1.041520 -0.384933
v -0.054054 1.041520 -0.384933
v -0.082132 1.087118 -0.354848
v -0.336784 0.063425 -0.321367
v 0.071589 0.694589 -0.301826
v 0.258270 0.488380 -0.439820
v 0.258270 0.488380 -0.439820
v -0.207703 0.722551 -0.196749
v -0.207703 0.722551 -0.196749
v -0.207703 0.722551 -0.196749
v -0.235391 0.702807 -0.259722
v -0.235391 0.702807 -0.259722
v -0.142506 0.980814 -0.268706
v -0.117013 0.967945 -0.346730
v 0.072052 0.893807 -0.212306
v 0.045663 0.979746 -0.192056
v 0.104651 2.220032 -0.062845
v 0.104651 2.220032 -0.062845
v 0.104651 2.220032 -0.062845
v -0.158017 2.189167 -0.073431
v -0.158017 2.189167 -0.073431
v 0.111193 1.024116 -0.241943
v 0.111193 1.024116 -0.241943
v 0.090294 1.183586 -0.343120
v 0.090294 1.183586 -0.343120
v -0.107163 1.067172 -0.246203
v 0.123282 0.615482 -0.235040
v 0.123282 0.615482 -0.235040
v 0.114949 1.288647 -0.356148
v 0.114949 1.288647 -0.356148
v 0.134433 1.158888 -0.288162
v 0.157383 1.266664 -0.292351
v 0.157383 1.266664 -0.292351
v 0.156185 1.411879 -0.369248
v 0.156185 1.411879 -0.369248
v -0.249402 0.649756 -0.271811
v 0.060367 1.114402 -0.193977
v 0.146984 1.253420 -0.250104
v -0.137032 0.486257 -0.212319
v 0.179655 0.500527 -0.163228
v 0.179655 0.500527 -0.163228
v 0.179655 0.500527 -0.163228
v 0.179655 0.500527 -0.163228
v 0.179655 0.500527 -0.163228
v 0.179655 0.500527 -0.163228
v 0.279546 0.538571 -0.255911
v 0.399022 2.275394 -0.205070
v -0.310671 0.486517 -0.361419
v -0.117013 0.967945 -0.346730
v -0.117013 0.967945 -0.346730
v -0.117013 0.967945 -0.346730
v 0.047570 1.020115 -0.187347
v 0.047570 1.020115 -0.187347
v -0.104361 1.926412 -0.179778
v -0.057173 1.843839 0.012073
v -0.057173 1.843839 0.012073
v -0.057173 1.843839 0.012073
v -0.057173 1.843839 0.012073
v -0.057173 1.843839 0.012073
v 0.004919 1.794919 -0.143150
v 0.004919 1.794919 -0.143150
v 0.004919 1.794919 -0.143150
v -0.218045 1.893134 -0.145605
v -0.250442 1.944711 -0.155961
v 0.006118 1.701484 -0.006530
v -0.057649 1.708244 -0.019876
v -0.057649 1.708244 -0.019876
v -0.057649 1.708244 -0.019876
v -0.063875 1.824715 0.054941
v -0.063875 1.824715 0.054941
v 0.086394 1.821596 -0.174218
v -0.404018 0.081393 0.034997
v -0.404018 0.081393 0.034997
v -0.418244 0.118974 -0.051924
v -0.418244 0.118974 -0.051924
v -0.090840 1.855090 0.157432
v -0.090840 1.855090 0.157432
v -0.189287 1.789488 -0.133400
v -0.189099 1.798746 -0.121036
v -0.346374 0.170263 -0.050134
v -0.346374 0.170263 -0.050134
v -0.265478 0.074214 -0.475146
v 0.006118 1.701484 -0.006530
v 0.006118 1.701484 -0.006530
v 0.006118 1.701484 -0.006530
v 0.152401 1.860073 0.043112
v 0.152401 1.860073 0.043112
v 0.152401 1.860073 0.043112
v 0.152401 1.860073 0.043112
v 0.152401 1.860073 0.043112
v 0.152401 1.860073 0.043112
v 0.152401 1.860073 0.043112
v 0.007028 1.795222 0.111906
v 0.007028 1.795222 0.111906
v 0.007028 1.795222 0.111906
v 0.007028 1.795222 0.111906
v 0.007028 1.795222 0.111906
v 0.007028 1.795222 0.111906
v 0.007028 1.795222 0.111906
v -0.142765 1.775752 -0.103343
v -0.142765 1.775752 -0.103343
v -0.142765 1.775752 -0.103343
v -0.142765 1.775752 -0.103343
v -0.142765 1.775752 -0.103343
v 0.268237 0.322237 -0.271409
v 0.066420 1.656189 -0.038681
v 0.066420 1.656189 -0.038681
v 0.066420 1.656189 -0.038681
v 0.066420 1.656189 -0.038681
v 0.066420 1.656189 -0.038681
v 0.064065 1.661779 -0.071626
v 0.064065 1.661779 -0.071626
v 0.158771 1.894390 0.097290
v 0.158771 1.894390 0.097290
v 0.064065 1.661779 -0.071626
v 0.064065 1.661779 -0.071626
v 0.006046 1.647596 -0.071511
v 0.006046 1.647596 -0.071511
v 0.006046 1.647596 -0.071511
v 0.006046 1.647596 -0.071511
v 0.006046 1.647596 -0.071511
v -0.115885 1.629960 -0.093464
v -0.115885 1.629960 -0.093464
v -0.158841 0.082822 -0.250609
v 0.281294 0.288122 -0.261790
v 0.430048 0.118946 -0.052317
v -0.168374 0.503502 -0.154025
v -0.168374 0.503502 -0.154025
v -0.168374 0.503502 -0.154025
v -0.168374 0.503502 -0.154025
v -0.168374 0.503502 -0.154025
v -0.168374 0.503502 -0.154025
v -0.158841 0.082822 -0.250609
v 0.234656 0.315940 -0.298158
v -0.341044 0.086448 0.116832
v -0.118617 1.627794 -0.447126
v 0.265189 1.634625 -0.347512
v 0.210723 1.666011 -0.415193
v 0.196323 1.533478 -0.393456
v 0.240809 1.549510 -0.317123
v 0.249504 1.574281 -0.230664
v -0.306772 0.068321 -0.406237
v -0.265478 0.074214 -0.475146
v -0.155822 0.063930 -0.055839
v -0.134142 0.063598 -0.083614
v -0.263427 0.075630 -0.461685
v -0.171596 0.080439 -0.479176
v -0.341044 0.086448 0.116832
v -0.326616 0.067296 -0.319677
v -0.171596 0.080439 -0.479176
v 0.060367 1.114402 -0.193977
v 0.060367 1.114402 -0.193977
v 0.005280 1.011680 -0.182032
v 0.005280 1.011680 -0.182032
v 0.005280 1.011680 -0.182032
v 0.004427 1.112322 -0.178060
v 0.004427 1.112322 -0.178060
v 0.004427 1.112322 -0.178060
v 0.004427 1.112322 -0.178060
v 0.004427 1.112322 -0.178060
v 0.086986 1.226887 -0.199696
v 0.086986 1.226887 -0.199696
v 0.109446 0.793541 -0.177381
v 0.037460 0.763599 -0.304512
v -0.319582 0.196911 -0.281821
v -0.317084 0.189126 -0.181049
v -0.169255 0.278401 -0.270165
v -0.285828 0.323869 -0.303890
v -0.279531 1.821437 -0.191910
v 0.203762 1.893033 -0.089581
v 0.219635 0.314582 -0.376644
v 0.219635 0.314582 -0.376644
v 0.219635 0.314582 -0.376644
v 0.169198 0.307129 -0.362634
v -0.183613 0.241079 -0.424276
v -0.165154 0.151299 -0.420189
v -0.163535 0.227040 -0.376440
v -0.163535 0.227040 -0.376440
v -0.181157 0.175549 -0.443067
v -0.138548 1.253405 -0.249959
v -0.138548 1.253405 -0.249959
v -0.197434 1.432634 -0.304699
v -0.197434 1.432634 -0.304699
v -0.149323 1.266650 -0.292177
v -0.149323 1.266650 -0.292177
v -0.197376 1.445662 -0.241524
v -0.243884 2.009996 -0.266857
v -0.270287 1.967128 -0.188516
v -0.374005 2.156452 -0.281142
v -0.374005 2.156452 -0.281142
v -0.391279 2.289101 -0.205457
v -0.109994 1.140356 -0.250089
v -0.315553 0.106206 -0.318233
v -0.295361 0.221826 -0.383517
v -0.295361 0.221826 -0.383517
v -0.319582 0.196911 -0.281821
v -0.319582 0.196911 -0.281821
v 0.426986 0.023807 0.047560
v 0.441053 0.064840 -0.055465
v -0.132887 -0.003419 -0.419062
v 0.314729 -0.005427 -0.420205
v 0.314729 -0.005427 -0.420205
v 0.314729 -0.005427 -0.420205
v 0.164345 -0.003867 -0.258727
v 0.164345 -0.003867 -0.258727
v 0.144513 0.081147 -0.408939
v 0.184146 0.082649 -0.466944
v 0.444679 -0.005210 -0.058758
v 0.444679 -0.005210 -0.058758
v -0.412626 -0.004373 -0.103761
v -0.412626 -0.004373 -0.103761
v -0.414662 0.066256 -0.116861
v -0.414662 0.066256 -0.116861
v -0.434031 -0.004286 -0.058337
v 0.171840 0.017914 -0.487107
v 0.139747 -0.003434 -0.419266
v -0.228835 0.567645 -0.430660
v -0.228835 0.567645 -0.430660
v -0.228835 0.567645 -0.430660
v -0.228835 0.567645 -0.430660
v -0.228835 0.567645 -0.430660
v 0.341956 -0.005658 -0.327970
v 0.341956 -0.005658 -0.327970
v -0.403585 0.069058 -0.174707
v 0.223375 0.589556 -0.313685
v 0.223375 0.589556 -0.313685
v 0.263803 0.320041 -0.320416
v 0.263803 0.320041 -0.320416
v 0.263803 0.320041 -0.320416
v 0.254039 0.317803 -0.355557
v 0.254039 0.317803 -0.355557
v 0.177604 0.584154 -0.355427
v 0.177604 0.584154 -0.355427
v 0.177604 0.584154 -0.355427
v 0.234656 0.315940 -0.298158
v 0.227968 0.596070 -0.255276
v 0.254848 1.881507 -0.180805
v 0.440475 2.188401 -0.265906
v -0.023303 2.222646 0.120544
v -0.113589 1.771780 -0.003496
v -0.113589 1.771780 -0.003496
v 0.024156 1.835144 -0.445943
v 0.056973 1.922743 -0.408505
v 0.043455 2.231082 0.029622
v -0.134142 0.063598 -0.083614
v -0.196381 0.668302 -0.416463
v -0.196381 0.668302 -0.416463
v -0.196381 0.668302 -0.416463
v -0.196381 0.668302 -0.416463
v -0.196381 0.668302 -0.416463
v -0.290262 0.482169 -0.174318
v -0.290262 0.482169 -0.174318
v -0.000713 2.277040 -0.144999
v -0.000713 2.277040 -0.144999
v -0.000713 2.277040 -0.144999
v -0.000713 2.277040 -0.144999
v 0.028201 2.309163 -0.179764
v 0.028201 2.309163 -0.179764
v 0.028201 2.309163 -0.179764
v 0.028201 2.309163 -0.179764
v 0.028201 2.309163 -0.179764
v 0.028201 2.309163 -0.179764
v -0.010709 2.306231 -0.254495
v -0.010709 2.306231 -0.254495
v -0.010709 2.306231 -0.254495
v -0.010709 2.306231 -0.254495
v -0.003271 2.240253 -0.250624
v -0.003271 2.240253 -0.250624
v -0.003271 2.240253 -0.250624
v -0.003271 2.240253 -0.250624
v -0.393287 -0.005239 -0.163485
v 0.209654 0.283557 -0.248747
v 0.327946 0.196882 -0.282227
v -0.204150 0.316358 -0.263189
v 0.044638 2.201371 -0.309524
v 0.044638 2.201371 -0.309524
v 0.044638 2.201371 -0.309524
v 0.044638 2.201371 -0.309524
v 0.044638 2.201371 -0.309524
v 0.044638 2.201371 -0.309524
v 0.011115 2.216147 -0.392762
v 0.011115 2.216147 -0.392762
v 0.011115 2.216147 -0.392762
v 0.011115 2.216147 -0.392762
v -0.021325 2.081072 -0.407638
v -0.021325 2.081072 -0.407638
v -0.021325 2.081072 -0.407638
v 0.072499 2.107980 -0.355252
v -0.274649 0.560944 -0.356248
v -0.274649 0.560944 -0.356248
v 0.117693 2.237177 -0.351266
v 0.117693 2.237177 -0.351266
v 0.117693 2.237177 -0.351266
v 0.082090 2.167704 -0.271018
v 0.043455 2.231082 0.029622
v 0.005930 2.210283 0.045380
v -0.000713 2.277040 -0.144999
v -0.000713 2.277040 -0.144999
v 0.102557 2.318334 0.041206
v -0.308837 -0.005369 -0.419741
v 0.277726 0.319493 -0.372773
v 0.234656 0.315940 -0.298158
v 0.293527 0.323840 -0.304297
v 0.293497 0.144308 -0.424625
v 0.293497 0.144308 -0.424625
v -0.226783 0.316893 -0.297839
v 0.177488 0.080410 -0.479481
v 0.269868 0.075586 -0.462106
v 0.414290 0.065259 -0.117803
v 0.414290 0.065259 -0.117803
v 0.441053 0.064840 -0.055465
v 0.160649 0.120563 -0.080986
v 0.211778 0.179911 -0.111462
v 0.211778 0.179911 -0.111462
v 0.170326 0.114656 -0.051160
v 0.177994 0.278387 -0.270369
v -0.200408 0.030378 0.097782
v 0.219231 0.174972 0.013285
v 0.219231 0.174972 0.013285
v 0.219231 0.174972 0.013285
v 0.215476 0.145290 0.068488
v 0.215476 0.145290 0.068488
v 0.215476 0.145290 0.068488
v 0.215476 0.145290 0.068488
v 0.215476 0.145290 0.068488
v -0.186082 0.878064 -0.286890
v -0.304821 0.145695 -0.399795
v -0.132887 -0.003419 -0.419062
v 0.173170 0.311361 -0.283758
v 0.193551 1.891213 -0.034710
v 0.193551 1.891213 -0.034710
v -0.404018 0.081393 0.034997
v 0.200527 1.798746 -0.121053
v 0.200527 1.798746 -0.121053
v 0.007925 1.929575 0.289532
v 0.007925 1.929575 0.289532
v 0.007925 1.929575 0.289532
v -0.032589 1.918424 0.291092
v -0.032589 1.918424 0.291092
v -0.060913 1.952887 0.187344
v 0.050199 1.935164 -0.191175
v 0.050199 1.935164 -0.191175
v 0.161977 1.715956 -0.112429
v 0.161977 1.715956 -0.112429
v 0.161977 1.715956 -0.112429
v 0.161977 1.715956 -0.112429
v 0.161977 1.715956 -0.112429
v -0.013453 2.049311 0.100366
v -0.093806 2.039816 0.124818
v -0.035524 2.031777 0.110108
v 0.068139 2.206051 0.137442
v 0.043050 2.176745 0.122349
v 0.057522 2.140319 0.104165
v -0.166092 0.275541 -0.362415
v 0.008430 1.852172 0.382013
v -0.155288 -0.003853 -0.258495
v 0.104521 1.783653 -0.074876
v 0.104521 1.783653 -0.074876
v 0.136904 1.791510 -0.064997
v 0.136904 1.791510 -0.064997
v -0.089467 2.253007 0.131521
v -0.089467 2.253007 0.131521
v -0.121923 1.805867 -0.066166
v -0.121923 1.805867 -0.066166
v -0.100142 1.778251 -0.028122
v -0.100142 1.778251 -0.028122
v -0.142851 1.801649 -0.049007
v -0.142851 1.801649 -0.049007
v 0.062404 1.764082 0.000215
v 0.062404 1.764082 0.000215
v 0.062404 1.764082 0.000215
v 0.113375 1.717011 -0.039302
v 0.066680 1.707608 -0.021233
v 0.006032 1.700690 -0.011932
v 0.006032 1.700690 -0.011932
v 0.006032 1.700690 -0.011932
v 0.006378 1.759388 0.011178
v 0.136904 1.791510 -0.064997
v 0.113375 1.717011 -0.039302
v -0.135875 1.734068 -0.074875
v 0.118648 2.184978 0.126740
v 0.161732 2.185137 0.113336
v 0.132643 1.887342 0.016796
v 0.065611 1.760370 0.028958
v -0.086537 0.460316 -0.342398
v -0.075575 1.123674 -0.347019
v -0.075575 1.123674 -0.347019
v 0.003517 1.126130 -0.355310
v -0.191642 0.311794 -0.348058
v -0.191642 0.311794 -0.348058
v -0.191642 0.311794 -0.348058
v -0.134013 0.584934 -0.314550
v 0.157832 0.066169 -0.084467
v 0.170326 0.114656 -0.051160
v -0.129088 1.814750 -0.171487
v -0.161889 1.941202 -0.206657
v 0.177315 0.204783 -0.253398
v 0.209654 0.283557 -0.248747
v -0.011834 1.868421 0.382446
v -0.286782 0.144352 -0.424175
v -0.286782 0.144352 -0.424175
v -0.129708 1.840950 0.026229
v -0.129708 1.840950 0.026229
v -0.136092 1.847868 0.030750
v -0.136092 1.847868 0.030750
v 0.074248 1.811312 -0.126035
v 0.074248 1.811312 -0.126035
v -0.168156 2.162591 0.045092
v -0.169514 2.159673 0.076131
v -0.101471 2.193471 0.069241
v -0.120145 1.919999 0.167746
v -0.120145 1.919999 0.167746
v -0.163072 1.726529 -0.106839
v -0.163072 1.726529 -0.106839
v -0.163072 1.726529 -0.106839
v -0.163072 1.726529 -0.106839
v -0.230537 1.903909 -0.120098
v -0.150680 1.757929 -0.079309
v 0.006147 1.687055 -0.004147
v 0.195428 1.931481 0.026227
v 0.126418 1.833930 0.090285
v 0.126418 1.833930 0.090285
v 0.126418 1.833930 0.090285
v 0.126418 1.833930 0.090285
v 0.300142 0.482169 -0.174638
v 0.300142 0.482169 -0.174638
v 0.061191 1.807788 0.100525
v 0.061191 1.807788 0.100525
v 0.061191 1.807788 0.100525
v 0.061191 1.807788 0.100525
v 0.075403 1.837975 0.066323
v 0.075403 1.837975 0.066323
v 0.075403 1.837975 0.066323
v 0.006508 1.823300 0.078990
v -0.062777 1.837975 0.066280
v -0.062777 1.837975 0.066280
v -0.062777 1.837975 0.066280
v 0.068557 1.668741 -0.019673
v 0.068557 1.668741 -0.019673
v 0.170889 1.950402 0.108223
v -0.036318 0.979746 -0.192027
v 0.003301 1.090844 -0.369161
v 0.003301 1.090844 -0.369161
v 0.003301 1.090844 -0.369161
v -0.082132 1.087118 -0.354848
v -0.082132 1.087118 -0.354848
v 0.091377 2.180313 -0.266497
v -0.164315 0.853351 -0.190452
v -0.164315 0.853351 -0.190452
v -0.164315 0.853351 -0.190452
v -0.093383 2.220032 -0.062830
v -0.093383 2.220032 -0.062830
v -0.093383 2.220032 -0.062830
v 0.003517 1.126130 -0.355310
v 0.003517 1.126130 -0.355310
v 0.003517 1.126130 -0.355310
v -0.038094 1.020100 -0.187289
v 0.123126 1.946950 0.176194
v 0.123126 1.946950 0.176194
v 0.123126 1.946950 0.176194
v 0.170889 1.950402 0.108223
v -0.249098 0.607047 -0.252371
v -0.249098 0.607047 -0.252371
v -0.249098 0.607047 -0.252371
v -0.289482 0.290909 -0.301276
v -0.270316 0.319522 -0.372338
v 0.141033 0.431617 -0.218863
v 0.185389 0.462396 -0.150344
v 0.005178 0.971441 -0.188358
v 0.005178 0.971441 -0.188358
v 0.005178 0.971441 -0.188358
v -0.272048 2.200635 -0.120646
v -0.272048 2.200635 -0.120646
v -0.272048 2.200635 -0.120646
v -0.290724 2.120358 -0.197861
v -0.334459 2.168325 -0.226401
v -0.334459 2.168325 -0.226401
v -0.334459 2.168325 -0.226401
v -0.334459 2.168325 -0.226401
v -0.190183 2.183939 -0.187967
v -0.190183 2.183939 -0.187967
v -0.249805 2.222574 -0.112341
v -0.249805 2.222574 -0.112341
v -0.271486 2.227788 -0.203407
v -0.271486 2.227788 -0.203407
v -0.271486 2.227788 -0.203407
v -0.271486 2.227788 -0.203407
v -0.271486 2.227788 -0.203407
v -0.271486 2.227788 -0.203407
v -0.192076 2.144363 -0.250897
v -0.233139 0.281492 -0.410223
v -0.320579 2.263594 -0.161637
v -0.320579 2.263594 -0.161637
v -0.320579 2.263594 -0.161637
v -0.321474 2.254725 -0.219324
v -0.321474 2.254725 -0.219324
v -0.321474 2.254725 -0.219324
v -0.180565 0.277188 -0.405081
v -0.162394 0.308068 -0.362386
v 0.213165 0.030364 0.097635
v 0.213165 0.030364 0.097635
v 0.183367 0.308458 -0.399147
v -0.151996 0.082693 -0.403088
v -0.159809 0.123481 -0.254393
v -0.134257 -0.002842 -0.090835
v -0.134257 -0.002842 -0.090835
v -0.134257 -0.002842 -0.090835
v -0.317084 0.189126 -0.181049
v -0.317084 0.189126 -0.181049
v -0.028850 0.763599 -0.304570
v 0.004182 0.810700 -0.313410
v -0.043062 1.546087 -0.090908
v -0.043062 1.546087 -0.090908
v -0.043062 1.546087 -0.090908
v -0.043062 1.546087 -0.090908
v 0.293527 0.323840 -0.304297
v 0.281294 0.288122 -0.261790
v 0.195948 1.686029 -0.119767
v 0.195948 1.686029 -0.119767
v 0.195948 1.686029 -0.119767
v 0.237112 1.750779 -0.137013
v 0.090294 1.183586 -0.343120
v 0.400856 2.290040 -0.205518
v 0.348947 2.250710 -0.167301
v 0.263572 2.052416 -0.151586
v 0.283374 2.201530 -0.120634
v 0.300604 2.121282 -0.197906
v 0.355605 2.045743 -0.215773
v 0.260467 2.222574 -0.112358
v 0.260467 2.222574 -0.112358
v 0.281149 2.228714 -0.203453
v 0.281149 2.228714 -0.203453
v 0.281149 2.228714 -0.203453
v 0.281149 2.228714 -0.203453
v 0.281149 2.228714 -0.203453
v 0.281149 2.228714 -0.203453
v 0.330618 2.264489 -0.161639
v 0.330618 2.264489 -0.161639
v 0.330618 2.264489 -0.161639
v 0.440475 2.188401 -0.265906
v 0.440475 2.188401 -0.265906
v -0.413248 2.188128 -0.257656
v -0.490000 2.327724 -0.275855
v -0.274013 0.285984 -0.372713
v -0.163406 0.420236 -0.487784
v 0.277726 0.319493 -0.372773
v 0.297254 0.289970 -0.301654
v -0.201146 0.284496 -0.248485
v -0.259526 0.322266 -0.271089
v -0.198517 0.227474 -0.197486
v -0.200655 0.195756 -0.156076
v -0.200655 0.195756 -0.156076
v -0.295361 0.221826 -0.383517
v -0.233139 0.281492 -0.410223
v -0.063831 2.202065 0.001197
v 0.046300 2.299775 -0.142804
v 0.027710 2.256415 -0.212045
v 0.160360 -0.003029 -0.040458
v 0.212255 0.082851 0.098718
v 0.144833 -0.002856 -0.090995
v 0.158554 0.060507 -0.038537
v 0.413393 0.068105 -0.175158
v 0.422797 -0.005326 -0.104226
v 0.422797 -0.005326 -0.104226
v 0.425354 0.066213 -0.117312
v 0.425354 0.066213 -0.117312
v 0.146666 0.482631 -0.212508
v 0.095089 0.527348 -0.330453
v -0.162394 0.308068 -0.362386
v -0.159418 0.114670 -0.051029
v -0.147054 0.066184 -0.084321
v 0.170326 0.114656 -0.051160
v 0.170326 0.114656 -0.051160
v 0.326733 0.188202 -0.181383
v 0.327946 0.196882 -0.282227
v 0.039685 2.287931 -0.033510
v 0.039685 2.287931 -0.033510
v 0.060397 2.267017 -0.005764
v 0.060397 2.267017 -0.005764
v 0.056959 2.332503 0.070107
v 0.056959 2.332503 0.070107
v 0.056959 2.332503 0.070107
v 0.056959 2.332503 0.070107
v 0.056959 2.332503 0.070107
v 0.026007 2.348218 0.034172
v 0.026007 2.348218 0.034172
v 0.077151 2.253743 -0.053384
v 0.077151 2.253743 -0.053384
v 0.077151 2.253743 -0.053384
v 0.077151 2.253743 -0.053384
v 0.077151 2.253743 -0.053384
v 0.077151 2.253743 -0.053384
v 0.077151 2.253743 -0.053384
v 0.050546 2.307328 -0.105828
v 0.050546 2.307328 -0.105828
v 0.050546 2.307328 -0.105828
v 0.050546 2.307328 -0.105828
v 0.050546 2.307328 -0.105828
v -0.043135 2.399968 -0.265298
v -0.043135 2.399968 -0.265298
v -0.043135 2.399968 -0.265298
v 0.146666 0.482631 -0.212508
v -0.176780 0.308472 -0.398870
v 0.129133 1.677753 -0.092454
v 0.025314 1.732147 -0.016294
v 0.025314 1.732147 -0.016294
v 0.030687 1.762753 -0.025176
v 0.030687 1.762753 -0.025176
v 0.030687 1.762753 -0.025176
v 0.239378 0.281463 -0.410586
v 0.018872 2.175532 0.107516
v 0.084748 1.769700 -0.043288
v 0.084748 1.769700 -0.043288
v -0.091765 1.772661 -0.021869
v -0.091765 1.772661 -0.021869
v -0.073667 1.768819 -0.043303
v -0.073667 1.768819 -0.043303
v -0.144180 2.235790 0.107054
v -0.144180 2.235790 0.107054
v -0.062431 0.893807 -0.212219
v -0.166481 2.149317 0.092712
v 0.199834 2.170290 0.075233
v 0.166267 2.207669 0.109393
v 0.049030 2.151108 0.092465
v 0.042111 2.214486 0.122205
v -0.087288 0.527348 -0.330540
v -0.143978 1.864940 -0.121686
v -0.024899 2.082139 0.109128
v 0.108643 2.040369 0.124943
v 0.115011 2.065771 0.127541
v 0.148531 1.847854 0.030778
v 0.188033 1.884208 -0.034811
v 0.154120 1.854772 0.035197
v 0.020778 2.116271 0.110895
v 0.001150 2.046263 0.091599
v -0.142953 0.665716 -0.178882
v -0.142953 0.665716 -0.178882
v -0.142953 0.665716 -0.178882
v -0.142953 0.665716 -0.178882
v 0.258126 0.649756 -0.271785
v 0.112046 2.203754 -0.001836
v 0.050272 2.191478 0.054046
v -0.105876 1.558378 -0.101754
v -0.184448 1.686015 -0.119664
v -0.184448 1.686015 -0.119664
v -0.184448 1.686015 -0.119664
v -0.115885 1.629960 -0.093464
v -0.115885 1.629960 -0.093464
v -0.193952 1.770697 -0.138137
v -0.193952 1.770697 -0.138137
v -0.183149 1.931496 0.026200
v -0.035695 2.196388 0.093852
v -0.055801 1.668741 -0.019673
v -0.112376 1.713457 -0.044067
v 0.076935 1.879138 0.284592
v 0.076935 1.879138 0.284592
v 0.134059 1.920836 0.167802
v 0.066839 1.901785 0.287481
v 0.066839 1.901785 0.287481
v 0.154120 1.854772 0.035197
v -0.117070 1.691677 -0.050379
v -0.150680 1.757929 -0.079309
v 0.232057 1.923104 -0.105512
v 0.008344 1.904891 0.376539
v -0.204063 2.082877 0.044442
v 0.280514 1.968052 -0.188547
v 0.203950 1.770711 -0.138212
v 0.228676 1.893148 -0.145636
v 0.228676 1.893148 -0.145636
v 0.293497 0.144308 -0.424625
v 0.261780 0.174928 -0.450233
v 0.075403 1.837975 0.066323
v 0.006436 1.819978 0.074093
v 0.006436 1.819978 0.074093
v 0.006436 1.819978 0.074093
v 0.076227 1.831345 0.060647
v 0.006508 1.823300 0.078990
v -0.151185 1.715075 -0.112385
v -0.151185 1.715075 -0.112385
v -0.151185 1.715075 -0.112385
v -0.151185 1.715075 -0.112385
v -0.151185 1.715075 -0.112385
v 0.257491 0.607047 -0.252358
v 0.257491 0.607047 -0.252358
v 0.257491 0.607047 -0.252358
v 0.183050 2.011296 0.060848
v 0.145237 1.980993 0.116947
v 0.134780 1.989313 0.095860
v 0.028709 1.868421 0.382461
v 0.146248 1.968673 0.122132
v 0.068557 1.668741 -0.019673
v 0.124352 1.714353 -0.044054
v 0.199400 1.789488 -0.133460
v 0.199400 1.789488 -0.133460
v 0.199400 1.789488 -0.133460
v 0.199400 1.789488 -0.133460
v 0.203950 1.770711 -0.138212
v 0.203950 1.770711 -0.138212
v 0.203950 1.770711 -0.138212
v 0.174038 1.726543 -0.106883
v 0.174038 1.726543 -0.106883
v 0.174038 1.726543 -0.106883
v 0.174038 1.726543 -0.106883
v -0.393287 -0.005239 -0.163485
v 0.104651 2.220032 -0.062845
v 0.049463 2.212305 0.002165
v 0.005382 2.220003 -0.049542
v 0.005382 2.220003 -0.049542
v 0.005382 2.220003 -0.049542
v 0.255281 0.648817 -0.276464
v 0.128310 1.684628 -0.086041
v -0.403715 0.118122 -0.124227
v -0.403715 0.118122 -0.124227
v -0.016168 2.093826 0.104569
v 0.174485 2.078559 0.103717
v -0.011834 1.868421 0.382446
v -0.011834 1.868421 0.382446
v -0.039232 1.877882 0.456989
v -0.039232 1.877882 0.456989
v -0.039232 1.877882 0.456989
v -0.039232 1.877882 0.456989
v 0.103510 1.772661 -0.021869
v 0.103510 1.772661 -0.021869
v -0.140382 2.258524 0.114883
v 0.125898 1.772661 -0.003482
v 0.125898 1.772661 -0.003482
v 0.133206 1.805867 -0.066167
v 0.133206 1.805867 -0.066167
v 0.154669 1.801649 -0.049022
v 0.154669 1.801649 -0.049022
v 0.111700 1.778236 -0.028094
v 0.111700 1.778236 -0.028094
v 0.146898 1.734054 -0.074862
v 0.151044 1.815991 -0.104312
v 0.029892 2.093812 0.104569
v 0.038167 2.082205 0.109000
v 0.203748 2.181021 0.090096
v 0.065611 1.760370 0.028958
v 0.065611 1.760370 0.028958
v 0.154669 1.801649 -0.049022
v 0.190864 1.951587 -0.089277
v 0.099163 2.214009 0.117684
v 0.065595 1.993790 -0.385901
v 0.083346 2.199811 -0.189933
v 0.147895 2.420132 -0.062903
v 0.147895 2.420132 -0.062903
v 0.147895 2.420132 -0.062903
v 0.085499 2.208405 -0.109439
v -0.026640 2.252414 -0.214096
v -0.026640 2.252414 -0.214096
v -0.026640 2.252414 -0.214096
v 0.302410 0.221783 -0.383952
v 0.302410 0.221783 -0.383952
v -0.026640 2.252414 -0.214096
v -0.026640 2.252414 -0.214096
v 0.141497 2.309350 0.057325
v 0.141497 2.309350 0.057325
v 0.141497 2.309350 0.057325
v 0.110140 2.205575 -0.065112
v 0.444679 -0.005210 -0.058758
v 0.404366 0.119509 -0.165048
v 0.414290 0.065259 -0.117803
v 0.414290 0.065259 -0.117803
v 0.413278 0.118079 -0.124649
v 0.413278 0.118079 -0.124649
v 0.053637 1.546087 -0.090908
v 0.053637 1.546087 -0.090908
v 0.053637 1.546087 -0.090908
v 0.053637 1.546087 -0.090908
v 0.126360 1.629960 -0.093508
v 0.126360 1.629960 -0.093508
v 0.005151 1.658731 -0.069243
v -0.105876 1.558378 -0.101754
v -0.105876 1.558378 -0.101754
v -0.105876 1.558378 -0.101754
v 0.003214 1.188063 -0.374881
v -0.082869 1.183586 -0.342990
v 0.383120 2.157420 -0.281288
v 0.383120 2.157420 -0.281288
v -0.330097 0.174842 -0.128576
v -0.330097 0.174842 -0.128576
v -0.346259 2.044833 -0.215713
v -0.285077 1.673521 -0.193644
v 0.426986 0.023807 0.047560
v 0.219635 0.314582 -0.376644
v -0.201795 0.179926 -0.111258
v -0.201795 0.179926 -0.111258
v -0.149741 0.120578 -0.080840
v -0.159418 0.114670 -0.051029
v 0.416658 0.081364 0.034647
v 0.354378 0.085581 0.116599
v -0.167997 1.824643 -0.125702
v -0.167997 1.824643 -0.125702
v 0.146998 0.632525 -0.428264
v 0.146998 0.632525 -0.428264
v 0.146998 0.632525 -0.428264
v 0.146998 0.632525 -0.428264
v 0.146998 0.632525 -0.428264
v 0.236301 0.567645 -0.430691
v 0.236301 0.567645 -0.430691
v 0.236301 0.567645 -0.430691
v 0.236301 0.567645 -0.430691
v 0.236301 0.567645 -0.430691
v -0.317084 0.189126 -0.181049
v 0.037460 0.763599 -0.304512
v 0.037460 0.763599 -0.304512
v 0.071589 0.694589 -0.301826
v 0.071589 0.694589 -0.301826
v 0.105243 0.805630 -0.388992
v 0.105243 0.805630 -0.388992
v 0.105243 0.805630 -0.388992
v 0.105243 0.805630 -0.388992
v 0.105243 0.805630 -0.388992
v 0.090972 2.216133 -0.172904
v 0.090972 2.216133 -0.172904
v 0.003214 1.188063 -0.374881
v 0.152718 0.665716 -0.178696
v 0.152718 0.665716 -0.178696
v 0.152718 0.665716 -0.178696
v 0.152718 0.665716 -0.178696
v -0.104259 0.654566 -0.237581
v 0.182964 1.583467 -0.125863
v 0.206968 1.445691 -0.241684
v 0.206968 1.445691 -0.241684
v 0.206968 1.445691 -0.241684
v 0.152978 1.422654 -0.160482
v -0.175668 0.462396 -0.150140
v -0.251092 0.486488 -0.439904
v -0.322745 0.440702 -0.368178
v 0.082855 1.123689 -0.347149
v 0.082855 1.123689 -0.347149
v 0.005280 1.011680 -0.182032
v 0.006609 1.835707 0.026329
v 0.006609 1.835707 0.026329
v 0.006609 1.835707 0.026329
v 0.006609 1.835707 0.026329
v 0.006609 1.835707 0.026329
v -0.242583 1.988721 -0.123940
v -0.270937 1.993675 -0.169913
v 0.182502 1.870227 -0.035230
v -0.039276 1.825539 0.274467
v -0.039276 1.825539 0.274467
v -0.039276 1.825539 0.274467
v 0.062289 1.790947 -0.066716
v 0.062289 1.790947 -0.066716
v 0.062289 1.790947 -0.066716
v 0.062289 1.790947 -0.066716
v 0.062289 1.790947 -0.066716
v 0.066622 1.771275 -0.084351
v 0.066622 1.771275 -0.084351
v 0.066622 1.771275 -0.084351
v 0.151463 1.763779 -0.077505
v 0.151463 1.763779 -0.077505
v 0.151463 1.763779 -0.077505
v -0.057577 1.693324 -0.014849
v -0.057577 1.693324 -0.014849
v -0.057649 1.708244 -0.019876
v -0.057649 1.708244 -0.019876
v 0.158771 1.894390 0.097290
v 0.158771 1.894390 0.097290
v 0.200787 1.808857 -0.104226
v 0.241041 1.903923 -0.120114
v 0.200527 1.798746 -0.121053
v 0.005728 1.649820 -0.032254
v 0.005728 1.649820 -0.032254
v 0.005728 1.649820 -0.032254
v 0.005728 1.649820 -0.032254
v 0.005728 1.649820 -0.032254
v 0.105360 1.855075 0.157461
v 0.105360 1.855075 0.157461
v -0.076970 2.023594 0.120108
v -0.038094 1.020100 -0.187289
v -0.143039 2.243835 0.121411
v -0.143039 2.243835 0.121411
v -0.143039 2.243835 0.121411
v -0.143039 2.243835 0.121411
v -0.089467 2.253007 0.131521
v -0.089467 2.253007 0.131521
v -0.140382 2.258524 0.114883
v 0.052698 1.762089 -0.030910
v 0.052698 1.762089 -0.030910
v 0.052698 1.762089 -0.030910
v -0.125591 1.791510 -0.065010
v -0.125591 1.791510 -0.065010
v -0.106237 2.211164 0.118624
v -0.104677 2.197197 0.100410
v -0.164315 0.853351 -0.190452
v -0.164315 0.853351 -0.190452
v -0.142506 0.980814 -0.268706
v -0.142506 0.980814 -0.268706
v -0.142506 0.980814 -0.268706
v 0.158728 2.171170 0.097997
v 0.114993 2.194337 0.069284
v 0.182328 2.159659 0.076201
v -0.310671 0.486517 -0.361419
v -0.270345 0.538571 -0.255924
v 0.330300 0.442565 -0.368151
v 0.305241 0.509164 -0.262570
v 0.209654 0.283557 -0.248747
v 0.310484 0.218446 -0.219846
v -0.201146 0.284496 -0.248485
v -0.168085 0.204797 -0.253194
v -0.071631 2.254003 -0.025407
v -0.071631 2.254003 -0.025407
v -0.071631 2.254003 -0.025407
v -0.042557 2.186610 -0.230302
v -0.042557 2.186610 -0.230302
v -0.042557 2.186610 -0.230302
v 0.265853 0.011703 -0.483323
v 0.177488 0.080410 -0.479481
v 0.402359 0.067209 -0.175187
v 0.402359 0.067209 -0.175187
v 0.402359 0.067209 -0.175187
v 0.344816 0.063382 -0.321860
v 0.344816 0.063382 -0.321860
v 0.333781 0.067252 -0.320156
v 0.333781 0.067252 -0.320156
v 0.314729 -0.005427 -0.420205
v 0.271500 0.074171 -0.475582
v 0.139747 -0.003434 -0.419266
v 0.177488 0.080410 -0.479481
v 0.416658 0.081364 0.034647
v 0.441053 0.064840 -0.055465
v 0.171046 0.151284 -0.420436
v 0.171046 0.151284 -0.420436
v 0.184146 0.082649 -0.466944
v 0.184146 0.082649 -0.466944
v -0.166685 0.472492 -0.461338
v -0.262416 0.442435 -0.457453
v -0.262416 0.442435 -0.457453
v 0.430048 0.118946 -0.052317
v 0.430048 0.118946 -0.052317
v 0.416658 0.081364 0.034647
v 0.416658 0.081364 0.034647
v 0.166556 0.063916 -0.055984
v 0.113982 2.225333 0.123230
v -0.202979 2.239112 0.057398
v 0.082090 2.167704 -0.271018
v -0.089946 2.003265 -0.378001
v -0.050169 1.114387 -0.193905
v -0.138548 1.253405 -0.249959
v 0.003301 1.090844 -0.369161
v 0.003301 1.090844 -0.369161
v 0.003301 1.090844 -0.369161
v 0.239378 0.281463 -0.410586
v 0.302410 0.221783 -0.383952
v -0.412626 -0.004373 -0.103761
v -0.412626 -0.004373 -0.103761
v 0.093962 0.411180 -0.343625
v 0.146666 0.482631 -0.212508
v 0.198894 0.311780 -0.348349
v 0.198894 0.311780 -0.348349
v 0.198894 0.311780 -0.348349
v -0.132020 0.701738 -0.185902
v -0.079821 0.614283 -0.324661
v -0.079821 0.614283 -0.324661
v -0.079821 0.614283 -0.324661
v -0.079821 0.614283 -0.324661
v -0.063818 0.694589 -0.301970
v -0.052926 1.661779 -0.071626
v -0.052926 1.661779 -0.071626
v -0.062214 1.392987 -0.138110
v -0.062214 1.392987 -0.138110
v -0.062214 1.392987 -0.138110
v -0.062214 1.392987 -0.138110
v -0.132020 0.701738 -0.185902
v -0.132020 0.701738 -0.185902
v 0.196323 1.533478 -0.393456
v 0.196323 1.533478 -0.393456
v 0.196323 1.533478 -0.393456
v 0.124567 1.627808 -0.447257
v 0.124567 1.627808 -0.447257
v 0.124567 1.627808 -0.447257
v 0.050861 2.104695 0.112860
v 0.281712 1.994585 -0.169944
v -0.128366 0.591621 -0.248225
v -0.128366 0.591621 -0.248225
v -0.256594 0.544493 -0.201443
v -0.256594 0.544493 -0.201443
v -0.256594 0.544493 -0.201443
v -0.256594 0.544493 -0.201443
v -0.256594 0.544493 -0.201443
v -0.051062 1.900962 0.287423
v -0.051062 1.900962 0.287423
v -0.051062 1.900962 0.287423
v -0.054977 1.771275 -0.084351
v -0.054977 1.771275 -0.084351
v -0.054977 1.771275 -0.084351
v -0.171189 1.869345 -0.035257
v -0.171189 1.869345 -0.035257
v -0.061230 1.879153 0.284549
v 0.161573 1.757929 -0.079310
v 0.054794 1.806242 0.163397
v 0.054794 1.806242 0.163397
v 0.054794 1.806242 0.163397
v 0.054794 1.806242 0.163397
v 0.054794 1.806242 0.163397
v 0.054794 1.806242 0.163397
v 0.006046 1.663859 -0.011672
v 0.109591 2.091878 0.127118
v 0.134059 1.920836 0.167802
v 0.134059 1.920836 0.167802
v 0.094901 2.100758 -0.336606
v -0.430869 2.187462 -0.265802
v 0.047570 1.020115 -0.187347
v 0.118444 1.140371 -0.250205
v 0.118444 1.140371 -0.250205
v 0.118444 1.140371 -0.250205
v -0.082869 1.183586 -0.342990
v -0.082869 1.183586 -0.342990
v 0.113114 0.654566 -0.237509
v 0.206000 1.432663 -0.304874
v 0.206000 1.432663 -0.304874
v 0.206000 1.432663 -0.304874
v -0.131601 0.431632 -0.218689
v 0.148531 1.847854 0.030778
v 0.103049 2.253844 0.131593
v 0.103049 2.253844 0.131593
v -0.166092 0.275541 -0.362415
v -0.165774 0.311375 -0.283554
v 0.177315 0.204783 -0.253398
v 0.210145 0.195727 -0.156280
v 0.039685 2.287931 -0.033510
v 0.039685 2.287931 -0.033510
v 0.039685 2.287931 -0.033510
v 0.039685 2.287931 -0.033510
v -0.019692 2.320270 -0.001937
v -0.019692 2.320270 -0.001937
v 0.169877 0.227026 -0.376716
v -0.411268 0.077839 0.042392
v -0.342893 0.035015 0.115908
v -0.062431 0.893807 -0.212219
v -0.062431 0.893807 -0.212219
v 0.005178 0.971441 -0.188358
v 0.005178 0.971441 -0.188358
v 0.005178 0.971441 -0.188358
v 0.193405 0.634056 -0.286661
v 0.193405 0.634056 -0.286661
v 0.193405 0.634056 -0.286661
v 0.193405 0.634056 -0.286661
v 0.193405 0.634056 -0.286661
v 0.193405 0.634056 -0.286661
v 0.193405 0.634056 -0.286661
v -0.315553 0.106206 -0.318233
v -0.394212 0.119552 -0.164568
v -0.344337 0.164486 0.022575
v -0.344337 0.164486 0.022575
v -0.344337 0.164486 0.022575
v -0.344337 0.164486 0.022575
v -0.344337 0.164486 0.022575
v -0.203615 0.145305 0.068649
v -0.203615 0.145305 0.068649
v -0.203615 0.145305 0.068649
v -0.203615 0.145305 0.068649
v -0.203615 0.145305 0.068649
v 0.141497 2.309350 0.057325
v 0.180625 2.433203 0.146512
v 0.180625 2.433203 0.146512
v 0.180625 2.433203 0.146512
v 0.169198 0.307129 -0.362634
v 0.173719 0.853351 -0.190510
v 0.173719 0.853351 -0.190510
v 0.173719 0.853351 -0.190510
v 0.160649 0.120563 -0.080986
v 0.169010 0.123466 -0.254597
v -0.162394 0.308068 -0.362386
v -0.147257 0.060522 -0.038391
v -0.134257 -0.002842 -0.090835
v -0.076269 2.000954 -0.505926
v -0.032867 1.946127 -0.439689
v 0.236706 0.313759 -0.403798
v 0.280470 0.285955 -0.373120
v 0.215693 0.089813 0.082932
v 0.158554 0.060507 -0.038537
v 0.202288 0.313499 -0.307445
v 0.169198 0.307129 -0.362634
v 0.302410 0.221783 -0.383952
v 0.302410 0.221783 -0.383952
v 0.323685 0.106163 -0.318697
v -0.270316 0.319522 -0.372338
v -0.212340 0.314596 -0.376339
v -0.212340 0.314596 -0.376339
v -0.212340 0.314596 -0.376339
v 0.006147 1.687055 -0.004147
v 0.006147 1.687055 -0.004147
v 0.006147 1.687055 -0.004147
v 0.068557 1.668741 -0.019673
v 0.180942 2.163443 0.045148
v 0.005555 1.820844 -0.101799
v 0.005555 1.820844 -0.101799
v -0.063904 1.811312 -0.126064
v -0.141551 1.853920 0.035140
v 0.241041 1.903923 -0.120114
v 0.171046 0.151284 -0.420436
v 0.171046 0.151284 -0.420436
v 0.251411 1.930254 -0.105613
v 0.255643 1.949045 -0.069591
v 0.084807 1.967041 0.140403
v 0.075403 1.837975 0.066323
v -0.035710 2.151108 0.092465
v -0.429351 0.064884 -0.055058
v -0.413955 0.023850 0.047909
v 0.156316 2.243821 0.121468
v 0.156316 2.243821 0.121468
v 0.216126 2.239964 0.057468
v -0.198545 0.082866 0.098850
v -0.150059 -0.002134 -0.040283
v -0.200655 0.195756 -0.156076
v -0.168085 0.204797 -0.253194
v -0.142851 1.801649 -0.049007
v -0.120652 1.886490 0.016754
v -0.053215 1.760370 0.028929
v -0.125591 1.791510 -0.065010
v -0.102150 1.717025 -0.039344
v 0.059747 1.765512 0.006484
v 0.059747 1.765512 0.006484
v 0.161876 1.791091 -0.118365
v 0.003691 2.013303 -0.398091
v -0.087288 0.527348 -0.330540
v 0.072052 0.893807 -0.212306
v 0.037460 0.763599 -0.304512
v -0.147257 0.060522 -0.038391
v -0.203398 0.089828 0.083064
v -0.171596 0.080439 -0.479176
v -0.137032 0.486257 -0.212319
v 0.144949 0.063584 -0.083745
v 0.166556 0.063916 -0.055984
v 0.397534 2.124316 -0.243663
v 0.083822 1.776200 -0.459173
v -0.178760 0.082678 -0.466682
v 0.076227 1.831345 0.060647
v 0.076227 1.831345 0.060647
v 0.076227 1.831345 0.060647
v 0.076140 1.824715 0.054970
v -0.194690 0.313528 -0.307155
v -0.172664 0.085422 -0.251966
v 0.220501 0.758255 -0.321499
v 0.220501 0.758255 -0.321499
v 0.166236 1.766624 -0.432033
v 0.469939 2.307950 -0.264058
v 0.400856 2.290040 -0.205518
v -0.336784 0.063425 -0.321367
v -0.336784 0.063425 -0.321367
v -0.138246 0.081162 -0.408735
v -0.134142 0.063598 -0.083614
v 0.186948 0.277159 -0.405358
v -0.429351 0.064884 -0.055058
v -0.404018 0.081393 0.034997
v -0.404538 0.065303 -0.117381
v -0.404538 0.065303 -0.117381
v 0.403442 -0.005297 -0.163964
v 0.344816 0.063382 -0.321860
v -0.404538 0.065303 -0.117381
v -0.404538 0.065303 -0.117381
v -0.394212 0.119552 -0.164568
v -0.392536 0.068148 -0.174722
v -0.392536 0.068148 -0.174722
v -0.392536 0.068148 -0.174722
v 0.139747 -0.003434 -0.419266
v 0.167219 0.082794 -0.250812
v -0.260076 0.012700 -0.482888
v 0.094901 2.100758 -0.336606
v -0.319582 0.196911 -0.281821
v 0.190342 0.241050 -0.424567
v -0.274013 0.285984 -0.372713
v 0.037850 2.293506 0.085504
v -0.245344 0.236313 -0.425042
v 0.164345 -0.003867 -0.258727
v 0.356213 0.034986 0.115661
v 0.213165 0.030364 0.097635
v 0.151317 0.981739 -0.268866
v 0.151317 0.981739 -0.268866
v 0.151317 0.981739 -0.268866
v 0.279546 0.538571 -0.255911
v 0.177315 0.204783 -0.253398
v 0.177315 0.204783 -0.253398
v 0.169168 0.427082 -0.483092
v -0.273190 0.288150 -0.261441
v -0.137032 0.486257 -0.212319
v -0.157282 0.540838 -0.449538
v -0.157282 0.540838 -0.449538
v -0.157282 0.540838 -0.449538
v -0.157282 0.540838 -0.449538
v -0.157282 0.540838 -0.449538
v 0.128859 1.691677 -0.050366
v -0.184448 1.686015 -0.119664
v -0.184448 1.686015 -0.119664
v -0.184448 1.686015 -0.119664
v 0.172881 0.275527 -0.362663
v -0.301109 0.218475 -0.219469
v -0.117070 1.691677 -0.050379
v -0.117070 1.691677 -0.050379
v -0.117070 1.691677 -0.050379
v -0.117070 1.691677 -0.050379
v 0.212182 0.316330 -0.263465
v 0.288761 1.821451 -0.192042
v -0.090466 1.888801 -0.412304
v 0.254039 0.317803 -0.355557
v -0.166194 0.017943 -0.486831
v -0.159809 0.123481 -0.254393
v -0.125304 1.158873 -0.288017
v -0.165774 0.311375 -0.283554
v 0.210145 0.195727 -0.156280
v 0.210145 0.195727 -0.156280
v -0.156386 0.154953 -0.390695
v -0.198545 0.082866 0.098850
v 0.173170 0.311361 -0.283758
v -0.285828 0.323869 -0.303890
v 0.499231 2.328676 -0.275989
v 0.330618 2.264489 -0.161639
v -0.339081 2.249800 -0.167241
v -0.255006 1.815428 -0.391345
v 0.003098 1.896716 -0.437666
v -0.010809 2.105207 0.093534
v -0.077610 2.022215 0.120211
v -0.055618 2.019341 0.114525
v -0.034482 2.030708 0.109812
v -0.022552 2.054410 0.107674
v -0.102380 2.065763 0.127737
v -0.095058 2.039027 0.125093
v -0.096827 2.092367 0.127266
v -0.070244 2.112718 0.121453
v -0.031724 2.105454 0.112736
v -0.023499 2.082439 0.108797
v 0.090930 2.022215 0.120226
v 0.068745 2.019297 0.114521
v 0.048409 2.031560 0.109826
v 0.109398 2.039903 0.125115
v 0.115877 2.065745 0.127755
v 0.036392 2.054395 0.107674
v 0.037331 2.082458 0.108801
v 0.110350 2.092367 0.127323
v 0.050311 2.105454 0.112750
v 0.083564 2.113570 0.121511
vn 0.3484 -0.2589 0.9009
vn 0.2107 -0.2895 0.9337
vn 0.3668 -0.3327 0.8688
vn 0.4259 -0.3005 0.8534
vn 0.1934 -0.1375 0.9714
vn -0.2123 -0.2898 0.9332
vn 0.0913 -0.2400 0.9665
vn 0.2424 -0.0354 0.9695
vn 0.0411 -0.0512 0.9978
vn 0.3990 -0.5995 0.6939
vn 0.0880 -0.1025 0.9908
vn 0.3455 -0.4527 0.8220
vn 0.0497 -0.1955 0.9794
vn -0.0862 -0.1022 0.9910
vn -0.0508 -0.2032 0.9778
vn -0.3467 -0.4495 0.8233
vn -0.0398 -0.0505 0.9979
vn -0.3998 -0.5931 0.6989
vn -0.2389 -0.0303 0.9706
vn -0.1950 -0.1397 0.9708
vn -0.0875 -0.2110 0.9736
vn -0.4171 -0.2988 0.8583
vn -0.3629 -0.3312 0.8710
vn -0.2779 -0.2765 0.9200
vn 0.5874 0.1843 0.7880
vn 0.0874 0.2041 0.9750
vn 0.2638 0.2997 -0.9168
vn 0.4052 -0.3053 -0.8618
vn 0.2707 -0.1568 -0.9498
vn -0.2721 -0.1582 -0.9492
vn 0.3973 -0.2275 -0.8890
vn 0.4016 -0.2049 -0.8926
vn -0.4002 -0.2261 -0.8881
vn 0.3153 -0.2861 -0.9048
vn -0.3202 -0.2830 -0.9041
vn -0.4015 -0.2065 -0.8923
vn -0.4083 -0.3084 -0.8592
vn -0.6354 -0.2931 -0.7144
vn -0.2781 -0.2519 -0.9269
vn 0.6181 -0.5507 0.5610
vn 0.6542 -0.0589 0.7540
vn 0.7209 -0.1877 -0.6672
vn 0.8310 -0.3823 -0.4040
vn 0.9597 -0.2806 -0.0161
vn 0.9176 -0.3898 -0.0781
vn 0.8307 -0.1372 0.5395
vn 0.4486 0.2434 0.8599
vn 0.6180 -0.0534 0.7844
vn 0.4556 -0.1376 0.8795
vn 0.3968 -0.1006 0.9124
vn 0.8753 0.0219 0.4831
vn 0.0431 0.9505 -0.3077
vn 0.0012 0.9999 0.0114
vn -0.0012 0.9999 0.0114
vn -0.0680 0.9964 -0.0509
vn -0.0525 0.9502 -0.3070
vn 0.4847 0.1920 0.8533
vn 0.4423 0.2323 0.8663
vn 0.3874 0.1523 0.9092
vn -0.5464 0.8348 -0.0678
vn -0.4798 0.8760 -0.0499
vn -0.4844 0.7346 -0.4751
vn -0.4417 0.8752 -0.1973
vn -0.5202 0.6351 -0.5710
vn -0.4594 0.6707 -0.5823
vn -0.4803 0.8534 -0.2027
vn 0.5314 -0.2800 -0.7995
vn -0.3672 0.6332 -0.6813
vn 0.4207 -0.3670 -0.8296
vn -0.1344 -0.0587 -0.9892
vn 0.8528 -0.4967 -0.1613
vn -0.4447 0.2467 0.8610
vn -0.6324 -0.0921 0.7691
vn -0.4470 -0.1304 0.8850
vn -0.4137 -0.1096 0.9038
vn 0.2742 -0.0160 0.9615
vn -0.1095 0.0556 0.9924
vn 0.1138 0.0543 0.9920
vn -0.2799 -0.0402 0.9592
vn 0.2354 0.0139 0.9718
vn -0.2299 0.0181 0.9731
vn -0.5229 0.3281 -0.7867
vn -0.4655 0.4660 -0.7525
vn -0.7074 -0.4411 0.5522
vn -0.3667 0.0093 0.9303
vn -0.6661 -0.5563 0.4969
vn -0.2405 -0.0441 0.9697
vn -0.4592 0.1330 0.8783
vn -0.4919 0.1760 0.8527
vn -0.4356 0.2307 0.8701
vn -0.3815 0.1495 0.9122
vn -0.7115 0.0184 0.7024
vn -0.8275 -0.1272 0.5469
vn -0.0915 0.2024 0.9750
vn -0.9557 -0.2416 0.1681
vn -0.9442 -0.3225 0.0674
vn -0.4924 -0.1005 -0.8645
vn 0.4832 0.8731 -0.0651
vn 0.5414 0.8368 -0.0810
vn 0.0264 -0.0069 -0.9996
vn 0.1351 -0.0597 -0.9890
vn -0.4225 -0.3643 -0.8299
vn 0.3620 0.6306 -0.6865
vn 0.4811 0.8518 -0.2074
vn 0.4551 0.6689 -0.5877
vn 0.4405 0.8748 -0.2015
vn 0.5037 0.8526 -0.1389
vn 0.5223 0.6290 -0.5758
vn -0.7899 -0.1984 -0.5802
vn -0.7460 -0.3091 -0.5898
vn -0.7084 -0.2510 -0.6597
vn -0.9387 -0.1983 0.2821
vn -0.6656 -0.1266 0.7355
vn -0.7139 -0.1811 0.6764
vn -0.7863 -0.3096 0.5346
vn -0.6797 -0.2384 0.6936
vn -0.8177 -0.3607 0.4486
vn -0.8332 -0.2611 0.4874
vn -0.8073 -0.2734 -0.5230
vn 0.1586 -0.1379 -0.9777
vn 0.9842 0.1500 -0.0941
vn 0.5070 0.1459 -0.8495
vn -0.7455 -0.0755 -0.6622
vn -0.8004 -0.0780 -0.5944
vn -0.9650 -0.2461 0.0904
vn -0.4103 -0.2807 0.8677
vn -0.2444 -0.2854 0.9267
vn 0.5265 -0.1299 0.8402
vn 0.6123 -0.0856 0.7860
vn 0.9418 0.3318 -0.0538
vn 0.3888 0.2025 -0.8988
vn 0.4088 0.0425 0.9116
vn 0.2966 0.3290 -0.8965
vn -0.0039 0.5833 -0.8123
vn 0.9469 -0.3176 0.0510
vn 0.9571 -0.2418 0.1598
vn 0.9346 -0.1873 0.3023
vn -0.0007 0.1777 -0.9841
vn -0.6148 -0.5608 0.5545
vn -0.6577 -0.0972 0.7470
vn -0.9095 -0.2488 -0.3330
vn -0.7827 -0.1878 -0.5934
vn -0.8829 0.0189 0.4691
vn -0.7547 -0.6493 -0.0941
vn -0.5746 -0.0466 0.8171
vn 0.1039 0.6602 -0.7439
vn -0.1032 0.6568 -0.7470
vn -0.1036 0.9323 -0.3465
vn -0.4204 0.0340 0.9067
vn -0.8523 -0.4975 -0.1613
vn 0.3992 0.9132 -0.0820
vn 0.3998 0.8566 -0.3261
vn -0.0913 0.6095 -0.7875
vn 0.3767 0.6394 -0.6703
vn 0.3737 0.0646 -0.9253
vn 0.0461 0.5896 -0.8064
vn -0.3305 0.8640 -0.3798
vn -0.3897 0.7663 0.5109
vn -0.4819 0.8579 0.1782
vn -0.4123 0.8556 -0.3131
vn -0.3368 0.6298 -0.7000
vn 0.6476 0.0165 0.7618
vn 0.9290 -0.0510 0.3665
vn 0.7054 -0.0460 0.7073
vn 0.7592 -0.0223 -0.6505
vn 0.7670 -0.0522 -0.6395
vn 0.1038 0.0539 -0.9931
vn 0.3155 -0.2845 -0.9053
vn -0.1058 0.0539 -0.9929
vn -0.3196 -0.2869 -0.9031
vn -0.7789 -0.0528 -0.6250
vn -0.9327 -0.0358 0.3590
vn -0.9393 -0.0181 0.3427
vn -0.6928 -0.0382 0.7201
vn -0.6426 0.0158 0.7660
vn 0.7386 -0.3107 -0.5983
vn 0.7859 -0.1902 -0.5883
vn 0.6982 -0.2472 -0.6719
vn 0.8013 -0.2748 -0.5314
vn 0.7906 -0.3596 -0.4957
vn 0.9579 -0.2868 -0.0142
vn 0.8365 -0.2598 0.4825
vn 0.6848 -0.2437 0.6868
vn 0.7910 -0.3070 0.5292
vn 0.8197 -0.3648 0.4415
vn 0.7249 -0.1836 0.6639
vn 0.6694 -0.1211 0.7330
vn -0.9274 -0.3186 -0.1959
vn -0.8920 -0.3486 0.2879
vn 0.2410 -0.0459 0.9694
vn 0.7340 -0.4257 0.5291
vn 0.6661 -0.5618 0.4907
vn 0.6551 -0.5699 0.4961
vn 0.7155 -0.4365 0.5454
vn 0.2572 0.2951 -0.9202
vn -0.3757 0.0650 -0.9245
vn -0.5053 0.1451 -0.8507
vn -0.9840 0.1508 -0.0947
vn 0.7421 -0.0749 -0.6661
vn 0.8009 -0.0775 -0.5938
vn 0.9653 -0.2477 0.0824
vn 0.9780 -0.1986 -0.0633
vn 0.4153 -0.2823 0.8648
vn -0.5181 -0.1316 0.8452
vn -0.6131 -0.0824 0.7857
vn -0.7915 0.2988 0.5332
vn -0.8017 0.1574 0.5766
vn -0.1104 0.8232 0.5570
vn -0.6719 0.6284 0.3922
vn -0.4438 0.7199 0.5337
vn -0.4822 0.8284 0.2849
vn 0.6555 0.6352 0.4084
vn -0.9205 0.0283 0.3897
vn -0.8289 0.3266 0.4541
vn 0.3954 -0.7348 0.5511
vn 0.2171 -0.6365 0.7401
vn 0.4407 -0.5872 0.6790
vn -0.2287 -0.8662 0.4443
vn -0.3929 -0.7289 0.5606
vn -0.4448 -0.5408 0.7140
vn -0.6846 -0.7171 0.1307
vn -0.8688 -0.3534 0.3469
vn 0.0560 -0.1838 0.9814
vn -0.9509 0.0562 0.3045
vn -0.1515 0.2960 0.9431
vn -0.2928 0.9361 0.1950
vn -0.6912 0.6817 0.2399
vn -0.3821 0.6328 0.6734
vn -0.8142 -0.1508 0.5606
vn -0.1875 0.6862 0.7029
vn -0.9228 0.1814 0.3400
vn -0.8732 -0.0674 0.4827
vn -0.8489 -0.4317 0.3050
vn -0.8607 -0.4315 0.2702
vn -0.8643 -0.4090 0.2929
vn -0.5608 -0.7107 0.4248
vn -0.8313 -0.4108 0.3744
vn 0.5622 -0.7132 0.4186
vn -0.0802 0.7018 0.7078
vn -0.8062 -0.5754 0.1378
vn -0.9450 -0.3053 0.1171
vn -0.9428 -0.3270 0.0652
vn -0.7120 -0.0002 0.7022
vn -0.8059 -0.4603 0.3725
vn -0.9448 -0.2956 0.1410
vn -0.8680 -0.2273 0.4415
vn -0.2822 0.2377 0.9294
vn 0.8745 -0.3558 0.3295
vn 0.2829 0.1993 0.9382
vn 0.6937 0.1020 0.7130
vn 0.3684 0.3740 0.8511
vn 0.4174 -0.1249 0.9001
vn 0.1639 0.2983 0.9403
vn 0.1506 0.1614 0.9753
vn -0.1624 0.3144 0.9353
vn -0.1481 0.1609 0.9758
vn -0.3625 0.2960 0.8837
vn -0.4107 -0.1123 0.9048
vn -0.6935 0.1007 0.7134
vn -0.1364 0.3045 0.9427
vn -0.2505 0.2186 0.9431
vn -0.2465 0.0327 0.9686
vn 0.6471 -0.7447 0.1636
vn 0.2761 -0.9338 -0.2277
vn 0.8561 -0.4802 0.1910
vn 0.3071 -0.8940 -0.3263
vn 0.6954 -0.7007 0.1595
vn 0.3740 -0.9273 0.0153
vn 0.4397 -0.8977 0.0265
vn -0.1588 -0.9851 0.0655
vn 0.0386 -0.7571 -0.6522
vn 0.0426 -0.7598 -0.6488
vn -0.0422 -0.7605 -0.6480
vn -0.0386 -0.7579 -0.6512
vn -0.0086 -0.7519 -0.6592
vn -0.3687 -0.9293 0.0206
vn -0.4404 -0.8972 0.0322
vn -0.6937 -0.7001 0.1691
vn 0.8732 -0.2381 0.4253
vn 0.9402 -0.2981 0.1646
vn 0.8191 -0.4565 0.3473
vn 0.7082 -0.6934 -0.1326
vn 0.5050 -0.7453 0.4353
vn 0.3052 -0.9350 -0.1805
vn 0.1353 -0.8195 0.5569
vn 0.0768 -0.9690 -0.2346
vn -0.1369 -0.8174 0.5596
vn -0.5092 -0.7111 0.4848
vn -0.0628 -0.9705 -0.2328
vn -0.3069 -0.9297 -0.2036
vn -0.3045 -0.9414 -0.1451
vn -0.0434 -0.9797 -0.1956
vn 0.3034 -0.9423 -0.1415
vn 0.7152 -0.6352 0.2916
vn -0.1978 -0.2699 0.9424
vn 0.9872 -0.0574 0.1491
vn 0.8652 -0.2787 0.4170
vn 0.8750 -0.0669 0.4794
vn 0.8013 -0.2769 0.5304
vn 0.8501 -0.4208 0.3167
vn 0.8678 -0.4125 0.2772
vn 0.8665 -0.4205 0.2691
vn 0.8334 -0.4148 0.3652
vn 0.7496 -0.6570 0.0804
vn 0.3872 -0.6978 0.6027
vn 0.3009 0.2531 0.9194
vn 0.7175 -0.0508 0.6947
vn 0.0396 0.0554 0.9977
vn -0.1113 -0.1797 0.9774
vn -0.1815 -0.2020 0.9624
vn 0.1443 -0.3059 0.9411
vn 0.1841 -0.1903 0.9643
vn 0.2691 -0.7989 0.5380
vn -0.2468 -0.6292 0.7370
vn 0.4224 -0.5586 0.7138
vn -0.2682 -0.7954 0.5435
vn -0.4154 -0.5892 0.6930
vn 0.6922 0.6833 0.2324
vn 0.0698 -0.3661 0.9280
vn -0.4675 -0.1659 0.8683
vn -0.3447 0.1630 0.9245
vn -0.3678 -0.0966 0.9249
vn -0.5437 -0.0391 0.8384
vn -0.5233 0.0968 0.8466
vn -0.6815 -0.7303 0.0477
vn -0.8666 -0.3380 0.3672
vn -0.3047 -0.8985 -0.3159
vn -0.8292 -0.2080 0.5187
vn -0.2709 -0.9350 -0.2289
vn -0.8618 -0.2819 0.4217
vn -0.6418 -0.7486 0.1666
vn -0.1145 -0.2505 0.9613
vn 0.0013 0.7419 0.6705
vn 0.1641 -0.2103 0.9638
vn -0.6188 -0.0999 0.7792
vn -0.7008 -0.0095 0.7133
vn 0.1818 0.1904 0.9647
vn -0.8922 -0.2405 0.3824
vn -0.6003 -0.7995 -0.0185
vn -0.5173 -0.2006 0.8320
vn -0.4862 -0.1450 0.8618
vn -0.5474 -0.7323 0.4051
vn 0.8049 0.1527 0.5734
vn 0.8369 0.3161 0.4470
vn 0.9239 0.0298 0.3814
vn 0.2145 0.8624 0.4585
vn 0.4794 0.8297 0.2859
vn 0.6599 0.6449 0.3856
vn 0.2116 0.8722 0.4410
vn 0.0958 0.7822 0.6156
vn -0.3796 -0.8446 0.3776
vn 0.1184 -0.2816 0.9522
vn -0.1946 -0.0754 0.9780
vn 0.8927 -0.2600 0.3680
vn -0.7226 -0.6894 0.0518
vn -0.8151 -0.5384 0.2137
vn -0.3712 -0.7409 0.5597
vn -0.7079 -0.0516 0.7044
vn -0.2975 0.2513 0.9211
vn -0.9610 0.1785 0.2114
vn 0.5047 -0.0692 0.8605
vn 0.4913 -0.1416 0.8594
vn 0.5068 -0.1679 0.8456
vn 0.6858 -0.1472 0.7127
vn 0.9374 -0.3145 0.1496
vn 0.7230 0.0004 0.6908
vn 0.7019 -0.6619 -0.2630
vn 0.4239 0.1133 0.8986
vn 0.2828 0.2370 0.9295
vn 0.2536 0.0346 0.9667
vn 0.0175 0.9910 0.1326
vn -0.0368 0.9293 0.3674
vn -0.0176 0.9910 0.1328
vn -0.0007 0.9035 0.4287
vn -0.1464 0.9595 0.2406
vn 0.9403 -0.3252 0.1007
vn 0.1979 0.9159 0.3493
vn 0.2464 0.9327 0.2634
vn -0.2356 0.9054 0.3532
vn -0.2463 0.9321 0.2656
vn -0.2180 0.9068 0.3608
vn -0.1046 0.7827 0.6136
vn 0.1442 0.2967 0.9440
vn 0.7187 -0.1034 0.6876
vn 0.9240 -0.3345 0.1854
vn 0.9622 0.1821 0.2025
vn 0.8656 0.2067 0.4560
vn 0.9750 0.0745 0.2094
vn 0.6303 -0.1045 0.7693
vn 0.4593 -0.1609 0.8736
vn 0.3753 -0.1023 0.9212
vn 0.3474 0.1681 0.9225
vn 0.5614 -0.0508 0.8260
vn 0.7646 -0.3883 0.5144
vn 0.6675 -0.7439 -0.0315
vn -0.6994 0.0171 0.7146
vn -0.5781 -0.3702 0.7272
vn 0.2062 -0.5190 0.8295
vn 0.2382 -0.0314 0.9707
vn 0.2391 -0.0315 0.9705
vn -0.3835 0.0994 0.9182
vn -0.3383 0.9311 -0.1361
vn 0.3916 -0.7273 0.5637
vn 0.4230 -0.7905 0.4429
vn 0.6902 0.3685 0.6228
vn -0.4857 0.3957 0.7794
vn -0.2392 -0.0264 0.9706
vn 0.5925 0.4089 0.6941
vn -0.2423 -0.0342 0.9696
vn -0.6847 0.3958 0.6120
vn 0.4931 0.4146 0.7648
vn -0.7166 0.6891 -0.1079
vn 0.9408 0.0558 -0.3343
vn 0.5913 -0.7283 -0.3463
vn 0.5483 -0.7327 0.4030
vn -0.5907 -0.7274 -0.3493
vn -0.9394 -0.0270 -0.3418
vn -0.5362 -0.7325 0.4195
vn -0.7721 -0.1530 0.6168
vn 0.5586 0.7480 -0.3583
vn 0.6249 0.6761 -0.3905
vn 0.4753 0.7677 0.4297
vn 0.7595 -0.0734 0.6464
vn -0.2847 0.8028 0.5238
vn -0.2893 0.7630 0.5781
vn -0.3313 0.8498 0.4100
vn -0.2943 0.9286 0.2260
vn -0.3252 0.9327 0.1559
vn -0.2121 0.9759 0.0509
vn -0.2038 0.9790 0.0009
vn -0.0858 0.9959 -0.0305
vn 0.0904 0.9951 -0.0388
vn 0.0854 0.9958 -0.0331
vn 0.2046 0.9788 -0.0027
vn 0.2041 0.9789 -0.0059
vn 0.3509 0.9273 0.1300
vn 0.3008 0.9219 0.2442
vn 0.3324 0.8533 0.4018
vn 0.2984 0.8091 0.5063
vn 0.2921 0.7636 0.5759
vn 0.3253 0.2589 -0.9095
vn 0.6428 0.1512 -0.7510
vn 0.9195 -0.1422 0.3664
vn 0.8553 -0.1386 0.4992
vn 0.8766 -0.1536 0.4560
vn 0.0604 -0.9654 -0.2535
vn 0.3507 -0.7079 -0.6132
vn 0.3051 -0.7196 -0.6238
vn 0.0764 -0.9674 -0.2413
vn 0.8150 -0.5338 -0.2254
vn -0.1923 -0.8726 -0.4490
vn -0.3577 -0.7070 -0.6101
vn -0.0356 -0.9616 -0.2721
vn -0.9390 -0.1462 0.3114
vn -0.9474 -0.1571 0.2787
vn -0.8160 -0.5364 -0.2155
vn 0.2081 -0.3594 0.9097
vn 0.3962 -0.2996 0.8679
vn 0.4943 -0.1788 0.8507
vn 0.1802 -0.3373 0.9240
vn -0.1795 -0.3358 0.9247
vn -0.2069 -0.3574 0.9108
vn -0.3926 -0.2966 0.8706
vn -0.4881 -0.1773 0.8546
vn 0.8786 0.1215 0.4619
vn 0.9171 0.0929 0.3877
vn 0.1436 -0.1887 0.9715
vn -0.2074 -0.2209 0.9530
vn 0.2052 -0.2205 0.9536
vn -0.1431 -0.1879 0.9717
vn -0.4917 -0.1807 0.8518
vn -0.5265 -0.2018 0.8259
vn 0.7995 -0.0459 0.5990
vn 0.7257 0.0081 0.6880
vn -0.7227 0.0107 0.6911
vn -0.7950 -0.0417 0.6051
vn -0.9069 0.0918 0.4111
vn -0.9360 0.1560 0.3155
vn -0.5518 -0.1807 -0.8142
vn 0.3091 0.0022 0.9510
vn -0.2405 -0.0330 0.9701
vn 0.0641 -0.6513 0.7562
vn 0.5421 -0.1736 -0.8222
vn 0.0993 0.9301 0.3536
vn 0.5295 -0.2006 0.8243
vn 0.4943 -0.1795 0.8506
vn 0.0198 -0.9735 -0.2279
vn 0.0255 -0.9753 -0.2194
vn -0.0251 -0.9751 -0.2205
vn -0.0745 -0.9674 -0.2419
vn 0.9627 -0.1777 0.2038
vn -0.8744 -0.1571 0.4591
vn -0.8522 -0.1414 0.5038
vn -0.2991 -0.7219 -0.6240
vn 0.9302 0.2566 0.2623
vn 0.9736 0.1917 0.1244
vn -0.4845 0.6632 0.5705
vn -0.9698 0.1919 0.1507
vn -0.3193 0.2728 -0.9075
vn 0.3768 -0.8575 0.3504
vn -0.6458 0.1618 -0.7462
vn -0.0799 0.2546 0.9638
vn -0.6238 0.7422 0.2450
vn -0.4369 -0.7694 0.4659
vn 0.7144 0.6467 -0.2672
vn -0.9119 0.0324 0.4092
vn -0.7076 -0.2848 -0.6466
vn 0.7250 0.5805 -0.3706
vn 0.9479 -0.2187 0.2317
vn 0.6845 0.7281 0.0379
vn 0.0330 0.7697 -0.6375
vn 0.8431 -0.2192 0.4911
vn -0.8372 -0.2946 0.4608
vn 0.9228 0.3796 -0.0652
vn 0.7231 0.5478 0.4208
vn -0.0902 0.6060 -0.7903
vn 0.0598 0.7514 -0.6572
vn -0.0333 0.1673 0.9853
vn 0.6149 0.5667 0.5484
vn 0.4048 0.7009 -0.5873
vn 0.4776 0.4990 -0.7231
vn -0.4927 0.6467 -0.5822
vn 0.6796 -0.0393 -0.7325
vn -0.7619 0.6462 -0.0445
vn 0.7479 0.5867 -0.3106
vn 0.0573 0.3053 -0.9505
vn -0.7066 0.0007 -0.7076
vn -0.7274 0.6856 0.0286
vn -0.6488 0.5538 -0.5219
vn -0.7207 0.6579 0.2186
vn 0.4533 -0.5381 -0.7106
vn 0.1531 -0.0250 -0.9879
vn -0.6507 0.1830 0.7370
vn -0.6690 -0.3093 -0.6759
vn 0.1673 0.9198 0.3550
vn 0.7242 0.5849 -0.3652
vn -0.9138 0.1294 0.3850
vn -0.9533 0.2480 -0.1727
vn 0.0204 0.8752 0.4834
vn 0.8197 0.5727 -0.0044
vn 0.0178 -0.1192 -0.9927
vn 0.1123 0.9757 0.1880
vn 0.7887 0.0429 -0.6133
vn -0.5634 0.2216 -0.7959
vn 0.4282 0.4351 -0.7920
vn -0.6974 -0.0759 0.7126
vn 0.5347 -0.5985 0.5965
vn -0.2110 0.7346 -0.6449
vn 0.7335 0.3180 0.6007
vn 0.8869 0.0434 0.4599
vn -0.6195 -0.7559 0.2119
vn -0.4664 0.3643 -0.8061
vn 0.7379 -0.5210 0.4289
vn 0.2069 0.3257 0.9226
vn 0.0603 0.1742 0.9829
vn -0.9877 -0.0792 0.1349
vn -0.5145 0.7014 -0.4932
vn -0.8478 0.5303 0.0005
vn -0.6852 0.5201 -0.5099
vn -0.8926 0.2186 -0.3943
vn -0.8266 0.5511 0.1137
vn -0.9554 0.2638 -0.1328
vn -0.7443 0.3239 -0.5840
vn -0.8518 0.4269 -0.3037
vn -0.8043 0.4314 -0.4087
vn -0.8519 0.3440 -0.3948
vn -0.9479 0.0568 -0.3134
vn 0.0829 0.2050 -0.9753
vn 0.8538 0.3063 -0.4210
vn -0.7441 0.6375 -0.1995
vn 0.5600 -0.5241 0.6417
vn -0.8276 0.0478 0.5593
vn -0.8847 0.4637 0.0474
vn 0.5832 0.3660 -0.7252
vn -0.7551 -0.2468 -0.6073
vn 0.7182 -0.6136 0.3280
vn -0.6474 0.2069 0.7335
vn -0.5636 0.7229 -0.3998
vn -0.9932 0.0144 -0.1156
vn -0.9909 0.0445 -0.1270
vn -0.9319 -0.0236 0.3620
vn -0.9285 -0.0376 0.3694
vn 0.6981 0.1105 0.7074
vn 0.7308 0.0139 0.6825
vn -0.9553 -0.0360 0.2934
vn -0.9577 -0.0296 0.2862
vn -0.1243 -0.0229 0.9920
vn -0.1244 -0.0226 0.9920
vn 0.9763 -0.0722 -0.2042
vn 0.8956 -0.1108 -0.4308
vn 0.9369 -0.1733 -0.3036
vn 0.9677 0.0616 -0.2443
vn 0.9590 -0.0144 -0.2831
vn 0.9589 -0.0146 -0.2833
vn 0.0476 0.1167 -0.9920
vn 0.0490 0.1185 -0.9917
vn -0.1842 0.9828 0.0099
vn -0.1117 0.9937 0.0057
vn -0.0881 0.9947 0.0521
vn 0.3162 0.9438 -0.0957
vn 0.5405 0.8315 -0.1284
vn -0.0810 0.9967 0.0058
vn 0.2705 0.9603 -0.0681
vn 0.4901 0.8454 -0.2121
vn 0.7912 0.0043 -0.6115
vn 0.8119 0.0355 -0.5827
vn -0.1914 0.9778 0.0856
vn -0.1759 0.9804 0.0893
vn -0.9007 0.1023 -0.4221
vn -0.9115 0.1300 -0.3903
vn -0.0716 0.9183 0.3894
vn -0.0711 0.9013 0.4273
vn 0.5210 0.8534 -0.0154
vn -0.0721 0.9774 -0.1987
vn -0.9969 0.0567 0.0554
vn -0.9461 -0.2890 0.1466
vn -0.8975 0.2730 -0.3463
vn 0.0729 0.2186 -0.9731
vn -0.9243 0.0769 -0.3738
vn -0.0791 0.0524 -0.9955
vn -0.0866 0.2616 -0.9613
vn 0.7557 0.2929 -0.5858
vn 0.7914 0.0597 -0.6084
vn 0.8026 0.0662 -0.5929
vn 0.0925 0.9705 -0.2225
vn 0.0699 0.9929 -0.0958
vn -0.4253 0.9049 -0.0183
vn -0.6952 0.7013 0.1579
vn -0.0878 0.9952 0.0444
vn -0.1073 0.9928 0.0527
vn 0.9277 0.3423 -0.1491
vn 0.9715 0.0477 -0.2322
vn 0.9874 0.1342 -0.0841
vn 0.9367 0.2599 -0.2346
vn 0.9764 -0.0093 -0.2157
vn 0.9646 -0.0156 -0.2631
vn 0.9791 0.0019 -0.2035
vn 0.9735 0.0335 -0.2261
vn -0.6186 0.7079 0.3409
vn -0.7983 0.5947 0.0948
vn -0.6553 0.7045 0.2725
vn -0.9976 0.0241 0.0645
vn -0.9943 0.0772 0.0739
vn -0.9928 0.1004 0.0653
vn -0.9975 0.0462 0.0538
vn 0.5746 0.8184 0.0119
vn 0.9820 0.0629 0.1784
vn 0.9882 0.0027 0.1533
vn 0.7141 0.1176 0.6901
vn 0.0643 0.9956 0.0683
vn 0.4887 0.8349 0.2532
vn -0.7982 0.6009 0.0433
vn 0.0362 0.8792 0.4752
vn -0.9381 0.0369 0.3445
vn -0.0558 0.9710 0.2325
vn -0.9443 0.0794 0.3192
vn 0.6523 0.7545 0.0728
vn 0.8484 0.5264 0.0555
vn 0.0884 0.9403 0.3286
vn 0.1781 0.7863 0.5916
vn 0.0622 0.9978 0.0237
vn 0.2137 0.6533 0.7263
vn 0.1160 0.5475 0.8287
vn 0.6720 0.7304 -0.1224
vn 0.6072 0.7803 -0.1501
vn 0.5711 0.8168 -0.0817
vn -0.9479 0.0755 -0.3094
vn -0.9238 0.1583 -0.3487
vn -0.8770 0.3400 0.3394
vn -0.5747 0.1889 0.7963
vn 0.0164 0.3771 -0.9260
vn -0.0860 0.2784 -0.9566
vn -0.9543 0.0428 0.2957
vn -0.9491 0.0291 0.3137
vn -0.9917 -0.1156 0.0561
vn -0.9909 -0.1212 0.0587
vn 0.7058 0.4291 0.5637
vn 0.9184 0.1302 0.3737
vn -0.4711 0.2718 0.8391
vn -0.5639 0.3741 0.7362
vn 0.8769 0.2431 -0.4147
vn -0.6450 0.7094 0.2842
vn -0.8728 0.3608 0.3287
vn 0.8948 0.4351 0.1001
vn 0.8606 0.3591 0.3612
vn -0.9937 0.1022 -0.0461
vn -0.9974 0.0547 -0.0471
vn 0.1498 0.3210 0.9352
vn 0.0867 0.4026 0.9113
vn -0.9313 -0.0346 -0.3626
vn -0.9428 -0.1096 -0.3148
vn -0.1388 0.9886 -0.0585
vn -0.1320 0.9912 0.0098
vn -0.1406 0.9896 -0.0299
vn -0.1116 0.9926 -0.0476
vn -0.0831 0.9964 -0.0166
vn -0.0787 0.9937 -0.0796
vn 0.5972 0.0571 -0.8001
vn 0.6466 0.2078 -0.7340
vn -0.0747 0.9972 -0.0018
vn -0.0903 0.9935 -0.0697
vn -0.9377 -0.3060 -0.1647
vn -0.9573 0.1094 -0.2676
vn -0.1068 0.9895 -0.0971
vn -0.1165 0.9894 -0.0866
vn 0.9900 0.0280 0.1382
vn 0.9906 0.0471 0.1285
vn 0.9530 -0.0516 0.2986
vn 0.9605 -0.0317 0.2764
vn 0.1255 -0.0223 0.9918
vn 0.1246 -0.0246 0.9919
vn 0.9356 -0.0403 0.3507
vn 0.9326 -0.0525 0.3571
vn -0.8970 -0.1850 -0.4015
vn -0.9406 -0.0064 -0.3394
vn -0.0482 0.1173 -0.9919
vn -0.0505 0.1203 -0.9914
vn 0.1841 0.9829 0.0074
vn 0.1124 0.9937 0.0042
vn -0.3419 0.9358 -0.0864
vn 0.0970 0.9928 0.0696
vn -0.3289 0.9316 -0.1550
vn 0.0821 0.9966 -0.0009
vn -0.2454 0.9673 -0.0644
vn -0.4815 0.8495 -0.2159
vn 0.1588 0.9836 -0.0853
vn 0.0943 0.9947 -0.0399
vn 0.1599 0.9806 0.1131
vn 0.1875 0.9730 0.1347
vn -0.9836 0.0585 0.1704
vn -0.9826 0.0666 0.1735
vn -0.7925 0.0072 -0.6099
vn -0.8131 0.0386 -0.5809
vn 0.1759 0.9806 0.0869
vn 0.1913 0.9780 0.0830
vn -0.0941 0.9692 -0.2276
vn -0.0699 0.9931 -0.0938
vn 0.4163 0.9088 -0.0269
vn 0.6582 0.7424 0.1251
vn -0.4415 0.8501 0.2872
vn -0.2919 0.9418 0.1665
vn 0.0959 0.9944 0.0449
vn 0.1187 0.9915 0.0539
vn -0.9619 0.2733 0.0057
vn -0.9739 0.0431 -0.2228
vn -0.8863 0.0618 -0.4590
vn -0.8754 0.1461 -0.4608
vn 0.8980 0.1089 -0.4263
vn 0.9055 0.1278 -0.4047
vn -0.4655 0.8845 -0.0312
vn 0.0793 0.9763 -0.2013
vn -0.9742 0.0454 -0.2209
vn -0.9322 0.3338 -0.1402
vn -0.9886 0.1365 -0.0640
vn -0.9411 0.2555 -0.2214
vn 0.0770 0.0531 -0.9956
vn 0.0880 0.2534 -0.9633
vn 0.9262 0.0676 -0.3708
vn -0.7889 0.0654 -0.6110
vn -0.7682 0.2884 -0.5715
vn -0.7903 0.0640 -0.6094
vn -0.9684 -0.0171 -0.2486
vn -0.9731 -0.0146 -0.2298
vn -0.9788 0.0085 -0.2045
vn -0.9790 0.0502 -0.1973
vn -0.6099 0.7815 -0.1318
vn -0.6066 0.7923 0.0653
vn -0.6794 0.7213 -0.1345
vn -0.5782 0.8127 -0.0725
vn -0.6592 0.7483 0.0742
vn -0.8400 0.5390 0.0625
vn 0.9925 -0.1129 0.0473
vn 0.9953 -0.0901 0.0369
vn 0.5677 0.3885 0.7258
vn 0.4779 0.2867 0.8303
vn 0.1099 0.9934 -0.0339
vn 0.1044 0.9938 -0.0372
vn 0.1186 0.9929 -0.0123
vn 0.1222 0.9913 -0.0495
vn 0.0837 0.9964 -0.0146
vn 0.0788 0.9935 -0.0818
vn -0.8001 0.0698 -0.5958
vn -0.8773 0.2643 -0.4005
vn 0.9286 -0.3251 -0.1792
vn 0.9492 0.1084 -0.2956
vn -0.9222 0.1825 -0.3409
vn -0.8799 0.1687 -0.4442
vn -0.9524 0.1413 -0.2702
vn 0.9693 0.0888 -0.2293
vn 0.9692 0.0817 -0.2322
vn -0.1091 0.9935 -0.0330
vn -0.1000 0.9942 -0.0400
vn -0.1045 0.1963 -0.9750
vn -0.1123 0.1810 -0.9770
vn -0.1524 0.9880 -0.0232
vn -0.1493 0.9887 -0.0115
vn 0.9443 0.0887 -0.3169
vn 0.9266 0.1487 -0.3453
vn 0.6401 0.7150 0.2812
vn 0.8710 0.3673 0.3263
vn 0.8919 0.2117 -0.3995
vn 0.9272 0.1350 -0.3495
vn 0.9420 0.1525 -0.2989
vn 0.9970 0.0529 -0.0569
vn 0.9932 0.1019 -0.0559
vn -0.9701 0.0897 -0.2255
vn -0.9699 0.1093 -0.2176
vn 0.1050 0.9938 -0.0378
vn 0.1022 0.9940 -0.0400
vn -0.0857 0.4108 0.9077
vn -0.1514 0.3247 0.9336
vn -0.6046 0.0755 -0.7930
vn -0.6481 0.2118 -0.7316
vn 0.1025 0.1963 -0.9752
vn 0.1104 0.1807 -0.9773
vn -0.8956 0.4293 0.1169
vn -0.8575 0.3522 0.3751
vn 0.9541 0.0395 0.2968
vn 0.9492 0.0268 0.3134
vn -0.6903 0.4391 0.5750
vn -0.9143 0.1317 0.3831
vn 0.9294 -0.0396 -0.3669
vn 0.9403 -0.1066 -0.3231
vn 0.0964 0.9950 -0.0273
vn 0.1018 0.9935 -0.0512
vn 0.1284 0.9917 0.0043
vn 0.1418 0.9889 -0.0450
vn -0.9883 0.0189 0.1515
vn -0.9892 0.0384 0.1416
vn 0.9874 0.0439 0.1523
vn 0.9843 0.0695 0.1621
vn 0.9363 -0.0077 -0.3510
vn 0.8927 -0.1838 -0.4114
vn -0.0099 -1.0000 0.0004
vn -0.0125 -0.9521 -0.3055
vn -0.0554 -0.9736 -0.2213
vn -0.0114 -0.9999 -0.0010
vn -0.0081 -1.0000 0.0051
vn -0.0088 -1.0000 0.0024
vn -0.0073 -1.0000 0.0061
vn 0.0075 -0.9726 0.2323
vn 0.0101 -0.9850 0.1722
vn -0.0940 0.9948 -0.0385
vn -0.1654 0.9823 -0.0876
vn -0.1642 0.9796 0.1161
vn -0.1877 0.9730 0.1345
vn 0.9921 0.0118 -0.1245
vn 0.9887 0.0533 -0.1401
vn -0.6961 0.1072 0.7099
vn -0.7281 0.0139 0.6853
vn -0.8997 -0.1045 -0.4238
vn -0.9796 -0.0636 -0.1907
vn -0.9374 -0.1754 -0.3010
vn -0.9704 0.0765 -0.2289
vn -0.9644 -0.0126 -0.2642
vn -0.9641 -0.0138 -0.2652
vn 0.4279 0.8590 0.2810
vn 0.3369 0.9181 0.2088
vn 0.9674 0.2519 -0.0242
vn 0.9718 0.0405 -0.2323
vn 0.7407 0.2435 -0.6262
vn 0.6441 0.3803 -0.6637
vn 0.7810 0.2175 -0.5854
vn 0.8819 0.0569 -0.4680
vn 0.8703 0.1480 -0.4698
vn 0.6157 0.3312 -0.7150
vn 0.6437 0.3845 -0.6617
vn 0.0244 0.4713 -0.8816
vn -0.1181 0.2822 -0.9520
vn 0.1906 0.8092 0.5558
vn 0.0117 -0.9520 -0.3059
vn 0.0439 -0.9689 -0.2434
vn 0.0111 -0.9999 -0.0012
vn 0.0078 -1.0000 0.0050
vn 0.0048 -0.9999 0.0155
vn 0.0048 -0.9999 0.0160
vn 0.0072 -1.0000 0.0053
vn -0.0316 -0.9647 0.2614
vn -0.0101 -0.9850 0.1723
vn -0.5412 0.8331 -0.1142
vn 0.0772 0.9208 0.3824
vn 0.0765 0.9012 0.4267
vn 0.9978 0.0542 0.0376
vn 0.9414 -0.3094 0.1343
vn 0.9947 0.0882 0.0526
vn 0.9938 0.1004 0.0481
vn 0.9985 0.0431 0.0329
vn -0.0756 0.2189 -0.9728
vn 0.9188 0.0798 -0.3867
vn -0.7778 0.2223 -0.5878
vn -0.7828 0.3479 -0.5159
vn -0.5093 0.8566 0.0823
vn 0.8598 0.4711 0.1969
vn -0.0718 0.9952 0.0666
vn 0.1363 0.2496 0.9587
vn -0.5810 0.8138 0.0095
vn -0.6194 0.3263 -0.7140
vn -0.6525 0.3895 -0.6500
vn 0.1162 0.2811 -0.9526
vn -0.0254 0.4709 -0.8818
vn -0.1721 0.7863 0.5934
vn -0.1885 0.8167 0.5455
vn -0.0818 0.9404 0.3301
vn -0.2137 0.6457 0.7330
vn -0.1212 0.5474 0.8281
vn -0.7129 0.1137 0.6920
vn -0.9852 0.0205 0.1701
vn 0.1380 0.2537 0.9574
vn 0.9474 0.0840 0.3088
vn 0.8036 0.5937 0.0406
vn 0.8040 0.5900 0.0736
vn 0.6135 0.7126 0.3404
vn 0.6525 0.7092 0.2671
vn -0.1058 0.9658 0.2367
vn -0.0617 0.9980 0.0119
vn 0.8760 0.3434 0.3388
vn 0.5766 0.1923 0.7941
vn -0.0180 0.3819 -0.9240
vn 0.0875 0.2776 -0.9567
vn 0.1068 0.9892 -0.1003
vn 0.1143 0.9917 -0.0593
vn 0.8509 -0.1398 0.5064
vn 0.6463 -0.3235 0.6911
vn -0.6420 -0.3221 0.6958
vn -0.1940 0.1634 -0.9673
vn 0.8611 -0.0281 -0.5077
vn 0.8600 -0.0304 -0.5093
vn -0.8168 0.3301 -0.4732
vn -0.8226 0.3471 -0.4503
vn 0.8687 0.4951 0.0148
vn 0.8731 -0.1072 0.4757
vn 0.7869 -0.3804 0.4858
vn 0.7983 -0.5131 0.3153
vn 0.1784 0.9138 -0.3650
vn -0.1420 -0.0005 0.9899
vn -0.9439 0.3072 0.1214
vn -0.7879 0.3270 -0.5219
vn -0.9756 0.0851 0.2022
vn -0.6104 0.6300 -0.4801
vn -0.9513 0.2897 0.1054
vn -0.9428 0.3316 -0.0350
vn 0.9103 0.0710 0.4077
vn 0.9270 -0.0552 0.3709
vn -0.9487 0.0288 -0.3147
vn -0.6448 0.1642 -0.7465
vn -0.1224 0.2038 -0.9713
vn -0.1657 0.4700 -0.8670
vn -0.1515 0.4565 -0.8768
vn 0.1230 0.2034 -0.9714
vn 0.7399 -0.0126 -0.6726
vn 0.9435 0.0232 -0.3307
vn 0.6403 0.1612 -0.7511
vn -0.8476 -0.1377 0.5124
vn -0.8652 -0.0385 -0.5000
vn -0.8650 -0.0409 -0.5001
vn -0.8327 0.1114 -0.5425
vn 0.2079 0.2005 -0.9574
vn -0.8655 -0.0334 -0.4998
vn 0.1888 0.1638 -0.9683
vn 0.0283 0.2733 -0.9615
vn 0.8191 0.3376 -0.4637
vn 0.8336 0.2898 -0.4703
vn 0.9105 0.0691 0.4077
vn 0.9603 0.1404 0.2410
vn 0.9638 0.2476 0.0986
vn 0.9449 0.3066 0.1149
vn -0.7888 -0.3233 0.5228
vn -0.7858 -0.3693 0.4962
vn -0.8070 -0.3059 0.5051
vn 0.7623 0.2786 -0.5843
vn -0.8661 0.4995 0.0206
vn -0.9073 -0.2131 0.3624
vn -0.7916 -0.5201 0.3207
vn -0.1764 0.9147 -0.3635
vn 0.7785 0.3231 -0.5382
vn 0.9781 0.0740 0.1947
vn 0.9495 0.3013 0.0872
vn -0.7259 0.6093 0.3191
vn -0.9068 0.0815 0.4136
vn 0.0715 -0.6794 0.7303
vn 0.8191 -0.5733 -0.0227
vn 0.8205 -0.5717 -0.0053
vn -0.8507 -0.3553 -0.3874
vn -0.9034 -0.3308 -0.2728
vn -0.7980 -0.4539 0.3964
vn 0.6445 -0.6368 0.4232
vn 0.8500 -0.3513 -0.3924
vn -0.8179 -0.5749 -0.0231
vn -0.8552 0.3382 -0.3928
vn -0.8409 0.2877 -0.4584
vn -0.8419 0.3099 -0.4418
vn -0.1152 0.1710 -0.9785
vn 0.6803 -0.3686 -0.6336
vn -0.0865 -0.2231 0.9710
vn 0.1279 -0.1901 0.9734
vn -0.1243 -0.1910 0.9737
vn 0.0880 -0.2236 0.9707
vn 0.2656 -0.8246 0.4995
vn 0.0126 0.2270 0.9738
vn -0.7321 0.3284 0.5968
vn -0.8990 0.3304 0.2876
vn -0.7303 0.3236 0.6016
vn 0.2691 0.2257 0.9363
vn -0.3594 -0.1085 0.9268
vn -0.3677 0.4062 0.8366
vn 0.0582 -0.6197 -0.7827
vn 0.5297 -0.5001 -0.6851
vn -0.2875 0.0804 -0.9544
vn -0.8017 0.4160 -0.4293
vn -0.8771 0.3370 -0.3422
vn -0.2650 0.2938 -0.9184
vn 0.5769 -0.2910 -0.7632
vn -0.5819 -0.2936 -0.7584
vn 0.8296 0.1063 -0.5481
vn -0.7912 0.4142 -0.4499
vn -0.7672 0.6410 -0.0230
vn -0.8957 0.4243 0.1330
vn 0.9002 -0.3286 -0.2858
vn 0.8039 -0.4562 0.3815
vn -0.0694 -0.6824 0.7276
vn -0.2127 -0.0160 0.9770
vn -0.9581 0.1371 0.2514
vn 0.7909 -0.3270 0.5172
vn -0.5331 -0.5049 -0.6789
vn -0.8548 0.0180 -0.5186
vn 0.1141 0.1691 -0.9790
vn 0.1277 0.1955 -0.9724
vn 0.8682 0.3407 -0.3607
vn 0.8017 0.4090 -0.4359
vn 0.8381 0.3118 -0.4476
vn 0.8489 0.3344 -0.4093
vn 0.0704 0.3093 -0.9484
vn 0.7480 0.6625 -0.0396
vn 0.8892 0.4423 0.1174
vn -0.9097 0.0405 0.4132
vn -0.9222 -0.0532 0.3831
vn 0.7409 0.3298 0.5850
vn -0.0128 0.2275 0.9737
vn 0.9038 0.3265 0.2766
vn 0.7352 0.3147 0.6004
vn -0.2693 0.2257 0.9362
vn 0.3603 -0.1077 0.9266
vn 0.3690 0.3989 0.8395
vn -0.8201 -0.5722 0.0056
vn -0.0591 -0.6191 -0.7831
vn 0.2457 -0.3567 -0.9013
vn -0.1892 -0.6996 -0.6890
vn -0.6703 0.0255 -0.7417
vn 0.6650 0.0258 -0.7464
vn 0.0618 -0.1163 -0.9913
vn -0.0766 0.1768 -0.9813
vn -0.6400 -0.6391 0.4266
vn -0.7361 0.0636 0.6739
vn -0.5819 -0.4612 0.6698
vn -0.7241 0.3292 0.6060
vn 0.1459 0.1501 0.9778
vn -0.8016 -0.1724 0.5725
vn -0.8089 -0.1394 0.5712
vn 0.8124 0.5540 0.1817
vn 0.9700 0.2373 0.0536
vn 0.1643 0.1251 0.9784
vn 0.9985 0.0098 0.0542
vn 0.9509 0.2603 0.1676
vn 0.2583 0.0270 0.9657
vn 0.7549 -0.3283 0.5677
vn -0.2275 0.0547 0.9722
vn 0.7467 0.0636 0.6621
vn -0.2138 -0.1005 0.9717
vn 0.8065 -0.1749 0.5648
vn -0.1441 0.1491 0.9783
vn 0.8148 -0.1375 0.5632
vn -0.1249 0.2262 0.9660
vn -0.1643 0.1214 0.9789
vn -0.8125 0.5532 0.1838
vn -0.9683 0.2393 0.0723
vn -0.2726 -0.1814 0.9449
vn -0.9970 0.0263 0.0735
vn -0.9408 0.2746 0.1989
vn -0.2534 0.0315 0.9668
vn -0.0948 0.6392 0.7631
vn -0.9375 0.2802 0.2062
vn -0.9627 0.2108 0.1696
vn -0.0951 0.6732 0.7333
vn -0.9524 0.2870 0.1028
vn -0.1842 0.1248 0.9749
vn 0.8184 -0.0916 0.5672
vn 0.8844 0.0336 0.4655
vn 0.0942 0.4539 0.8860
vn -0.8347 0.0236 0.5502
vn -0.8486 0.0504 0.5267
vn 0.1394 0.3357 0.9316
vn 0.9529 0.2909 0.0860
vn 0.9664 0.1898 0.1736
vn 0.7610 0.6366 0.1251
vn 0.0981 0.6372 0.7645
vn 0.9343 0.2902 0.2070
vn -0.1728 0.4361 -0.8832
vn -0.1625 0.4009 -0.9016
vn -0.9662 0.2413 0.0904
vn -0.9712 0.2107 0.1110
vn -0.9371 0.0607 0.3436
vn -0.9258 -0.0104 0.3778
vn 0.1622 0.4026 -0.9009
vn 0.1613 0.3995 -0.9024
vn 0.9678 0.2390 0.0789
vn 0.9755 0.1895 0.1120
vn 0.7610 0.2840 -0.5833
vn -0.7634 0.3987 -0.5082
vn -0.7630 0.2866 -0.5793
vn 0.9404 0.0543 0.3357
vn 0.9326 0.0063 0.3608
vn 0.8805 0.0281 -0.4733
vn 0.8032 0.3083 -0.5097
vn -0.8808 0.0142 -0.4733
vn -0.8075 0.3028 -0.5061
vn -0.1706 0.2355 -0.9568
vn 0.1686 0.2334 -0.9576
vn -0.7620 0.3496 -0.5451
vn 0.1064 0.3628 -0.9258
vn -0.7944 0.2600 -0.5489
vn -0.9036 0.0066 0.4283
vn -0.6055 0.0026 0.7959
vn -0.6887 -0.1144 0.7160
vn 0.9516 -0.0701 0.2991
vn 0.7490 0.3650 -0.5530
vn 0.5978 0.0183 0.8015
vn 0.1148 -0.1204 0.9861
vn -0.1482 -0.1532 0.9770
vn -0.1114 -0.1207 0.9864
vn 0.1548 -0.9182 0.3645
vn -0.2004 0.3328 0.9215
vn 0.0002 -0.8896 0.4568
vn 0.8174 0.5752 0.0310
vn 0.8497 0.5061 0.1479
vn 0.8715 -0.4903 -0.0011
vn -0.1371 -0.8965 -0.4214
vn -0.0242 -0.9111 -0.4115
vn -0.0002 -0.9820 0.1887
vn -0.5883 -0.7754 0.2295
vn -0.7806 -0.6073 0.1480
vn -0.6624 -0.7488 0.0249
vn 0.0265 -0.8995 -0.4361
vn -0.0265 -0.8996 -0.4359
vn 0.4799 -0.6055 -0.6349
vn -0.5170 -0.5681 -0.6404
vn -0.2610 0.9009 0.3468
vn -0.3578 0.6210 0.6974
vn 0.2600 0.9010 0.3473
vn 0.8443 -0.2424 0.4778
vn 0.6809 -0.7315 0.0357
vn -0.8167 0.5743 0.0561
vn -0.1097 0.9936 -0.0251
vn -0.6020 0.7367 0.3079
vn -0.1097 0.9871 -0.1165
vn -0.0730 0.8761 0.4766
vn 0.1113 0.9934 -0.0285
vn 0.2793 0.9602 -0.0107
vn 0.3463 0.9339 -0.0887
vn 0.5252 0.3828 0.7600
vn 0.0133 -0.8571 -0.5150
vn -0.0104 -0.9126 -0.4087
vn 0.0304 -0.9203 -0.3901
vn 0.5717 -0.7956 0.2004
vn -0.8873 -0.1961 0.4175
vn -0.5714 0.2514 0.7812
vn 0.5973 0.2511 0.7617
vn 0.8547 0.0006 0.5191
vn 0.3635 0.6187 0.6965
vn -0.3498 0.6295 0.6938
vn -0.3570 0.7775 0.5178
vn -0.8254 0.5263 0.2043
vn -0.3343 -0.7463 -0.5756
vn 0.1397 -0.8967 -0.4201
vn 0.1794 -0.9179 -0.3539
vn 0.2409 -0.0379 0.9698
vn 0.2013 -0.2609 0.9441
vn 0.2837 -0.2794 0.9173
vn 0.0527 0.9975 0.0464
vn 0.1126 0.9658 0.2334
vn 0.2477 -0.0409 0.9680
vn 0.0894 -0.2112 0.9733
vn 0.2987 -0.2303 0.9262
vn 0.1002 -0.4026 0.9099
vn -0.2483 -0.0398 0.9679
vn -0.0982 -0.4011 0.9107
vn -0.0544 -0.1835 0.9815
vn -0.2961 -0.2288 0.9273
vn -0.3451 -0.2597 0.9019
vn 0.8942 -0.2448 0.3748
vn 0.7141 0.0229 0.6997
vn 0.3268 -0.1955 -0.9247
vn 0.2776 -0.2525 -0.9269
vn 0.3342 -0.2622 -0.9053
vn 0.4005 -0.2231 -0.8887
vn -0.4001 -0.2264 -0.8881
vn -0.3296 -0.1980 -0.9231
vn 0.4846 -0.4881 0.7259
vn 0.4476 0.1399 0.8832
vn -0.3937 0.9077 -0.1453
vn -0.5006 0.8545 -0.1389
vn -0.4872 0.5551 -0.6741
vn 0.7614 -0.6421 -0.0891
vn 0.3218 -0.3253 -0.8892
vn -0.2794 -0.0199 0.9600
vn 0.8992 0.2653 -0.3478
vn 0.0542 0.3380 -0.9396
vn -0.9431 0.3285 -0.0510
vn -0.8504 0.2390 -0.4688
vn -0.3910 0.2002 -0.8984
vn 0.9041 0.0232 0.4266
vn -0.7293 -0.4286 0.5333
vn -0.6554 -0.5645 0.5018
vn -0.5710 -0.1640 0.8044
vn -0.0667 0.0358 -0.9971
vn 0.5566 0.5798 -0.5949
vn 0.3471 0.6912 -0.6338
vn 0.3256 0.3184 -0.8903
vn -0.3579 -0.3540 -0.8640
vn -0.4087 -0.3281 -0.8517
vn -0.5337 -0.2821 -0.7972
vn 0.4865 0.5514 -0.6777
vn -0.0080 -1.0000 0.0052
vn -0.0089 -1.0000 -0.0007
vn -0.9568 -0.2906 -0.0008
vn -0.8545 -0.3038 -0.4213
vn -0.7953 -0.3641 -0.4847
vn 0.8593 -0.0393 -0.5099
vn 0.8597 -0.0410 -0.5091
vn 0.0097 -1.0000 0.0002
vn -0.0070 -0.9739 0.2268
vn 0.9988 0.0254 0.0415
vn -0.1582 -0.1365 -0.9779
vn 0.0005 -0.0689 -0.9976
vn -0.9786 -0.2004 -0.0460
vn -0.0357 0.8792 0.4752
vn -0.0649 0.9946 0.0808
vn -0.0292 0.2741 -0.9613
vn 0.8507 0.0205 -0.5253
vn -0.1584 0.2498 -0.9552
vn -0.0995 0.1703 -0.9803
vn 0.9102 -0.2142 0.3545
vn 0.9518 -0.2674 0.1504
vn 0.9530 -0.2994 0.0471
vn 0.0107 -0.9127 -0.4086
vn -0.0301 -0.9201 -0.3904
vn -0.0131 -0.8573 -0.5147
vn -0.8678 -0.1057 0.4855
vn 0.9421 0.3258 -0.0799
vn -0.0265 -0.0070 -0.9996
vn -0.5541 0.5874 -0.5899
vn -0.0560 -0.0051 -0.9984
vn -0.6700 0.4683 0.5760
vn 0.6997 -0.2128 -0.6820
vn 0.6699 0.4684 0.5760
vn 0.2837 0.0798 -0.9556
vn 0.2615 0.2932 -0.9196
vn 0.8178 0.3339 -0.4686
vn 0.0974 0.1707 -0.9805
vn 0.8502 0.3300 -0.4102
vn -0.5692 0.8215 -0.0344
vn 0.9191 -0.2118 0.3322
vn 0.9217 -0.2163 0.3219
vn 0.9990 -0.0296 0.0331
vn 0.0002 0.4263 0.9046
vn 0.0187 0.8731 0.4871
vn -0.2793 0.9602 -0.0021
vn -0.3014 0.9531 -0.0267
vn -0.4681 0.6888 0.5536
vn -0.2712 0.7723 0.5744
vn -0.0278 0.8585 0.5120
vn -0.3159 0.6867 -0.6547
vn -0.0147 0.9179 -0.3965
vn -0.0876 0.9959 -0.0209
vn -0.4215 0.9046 -0.0639
vn -0.3870 0.9184 -0.0826
vn -0.3880 0.6415 -0.6618
vn 0.9420 -0.0170 0.3352
vn 0.1907 -0.6964 -0.6918
vn -0.2450 -0.3551 -0.9022
vn -0.0625 -0.1154 -0.9913
vn 0.0761 0.1764 -0.9814
vn 0.1529 0.4598 -0.8747
vn -0.7676 -0.0104 -0.6408
vn -0.0089 0.8702 0.4926
vn 0.1106 0.9774 -0.1801
vn 0.7612 0.0777 0.6439
vn 0.5823 -0.4626 0.6685
vn 0.8871 0.0694 0.4564
vn 0.6832 0.5271 0.5054
vn 0.8042 -0.1785 0.5669
vn -0.1286 0.1969 -0.9719
vn 0.8505 -0.2987 -0.4329
vn -0.1092 0.1172 0.9871
vn -0.9469 0.2978 0.1214
vn 0.0555 -0.0053 -0.9984
vn 0.6827 0.7304 0.0200
vn 0.1357 0.3051 0.9426
vn 0.3710 0.0096 0.9286
vn 0.5791 -0.1033 0.8087
vn 0.3572 0.0662 0.9317
vn 0.1639 0.4703 -0.8671
vn 0.6814 0.2249 -0.6965
vn -0.9574 0.1505 -0.2463
vn -0.6599 0.1895 -0.7271
vn 0.7891 0.2556 -0.5586
vn 0.2393 -0.2864 0.9278
vn 0.2045 0.3318 0.9209
vn 0.0281 0.8585 0.5120
vn 0.4629 0.6940 0.5515
vn 0.2747 0.7725 0.5725
vn -0.5459 0.5421 0.6388
vn -0.6667 0.6176 0.4172
vn -0.0010 -0.9996 0.0281
vn -0.0274 -0.9371 -0.3480
vn 0.0274 -0.9368 -0.3488
vn -0.0468 -0.9428 -0.3300
vn -0.7950 -0.4589 0.3966
vn -0.0894 -0.2394 0.9668
vn 0.0604 0.8772 0.4763
vn 0.2156 -0.8729 -0.4377
vn -0.8477 -0.0047 0.5305
vn -0.8595 0.2094 0.4664
vn -0.2241 -0.9532 0.2029
vn 0.7519 -0.6375 0.1680
vn -0.9766 0.0082 0.2148
vn -0.9767 0.0038 0.2148
vn -0.7682 0.0662 0.6368
vn -0.2498 0.8980 0.3623
vn -0.0490 -0.3715 0.9271
vn -0.4838 0.1744 0.8576
vn 0.3475 0.6355 0.6895
vn 0.4917 0.1620 0.8556
vn -0.8306 0.5215 0.1953
vn -0.6812 0.5666 0.4636
vn -0.0530 -0.9128 -0.4050
vn 0.0244 -0.9110 -0.4117
vn -0.7576 -0.6056 0.2434
vn -0.7797 -0.3459 0.5219
vn -0.6267 -0.7656 -0.1451
vn -0.7721 -0.1894 0.6066
vn -0.8494 -0.4534 0.2701
vn 0.6856 -0.7197 0.1089
vn 0.7988 -0.4525 0.3964
vn 0.3706 0.2577 0.8923
vn -0.3197 0.4039 0.8571
vn 0.6968 -0.7066 0.1234
vn 0.1677 -0.9713 0.1688
vn 0.3796 -0.8466 0.3731
vn -0.2251 -0.9743 0.0026
vn -0.1703 -0.9706 0.1699
vn -0.6955 -0.7070 0.1279
vn -0.7111 -0.4313 0.5552
vn 0.7876 0.4297 -0.4416
vn 0.7626 -0.3799 0.5236
vn 0.4965 -0.7082 0.5019
vn -0.1334 -0.8119 0.5684
vn -0.5055 -0.6973 0.5083
vn 0.9259 0.1779 0.3333
vn 0.8292 -0.1960 0.5234
vn 0.1265 0.2274 0.9656
vn 0.1106 0.1167 0.9870
vn 0.9387 0.3214 0.1247
vn -0.2110 0.1944 -0.9580
vn 0.1341 0.9616 -0.2396
vn -0.8577 -0.4674 0.2142
vn -0.8578 -0.4668 0.2151
vn -0.7585 -0.3256 0.5645
vn -0.7616 -0.3395 0.5520
vn -0.3752 -0.7244 0.5783
vn 0.3215 0.9186 0.2299
vn 0.4445 -0.1858 0.8763
vn 0.1818 0.6789 0.7113
vn 0.9404 0.0346 0.3384
vn 0.0372 0.9296 0.3668
vn 0.0807 0.7024 0.7072
vn -0.1729 0.1927 0.9659
vn 0.8143 -0.1421 0.5628
vn -0.7771 0.6160 0.1292
vn -0.6930 0.7208 0.0112
vn -0.9591 -0.1817 0.2171
vn -0.8364 0.4067 0.3675
vn 0.2864 0.0912 0.9538
vn 0.3328 0.4659 0.8199
vn -0.1271 0.5835 0.8021
vn 0.8577 0.5139 -0.0117
vn 0.2288 -0.0421 0.9726
vn -0.7478 -0.0023 0.6639
vn -0.3886 0.3954 0.8323
vn 0.2452 0.4208 0.8734
vn 0.2516 0.5007 0.8282
vn 0.0956 0.5756 0.8121
vn -0.0197 -0.3284 0.9443
vn -0.2433 0.5150 0.8219
vn 0.3792 0.9253 0.0007
vn 0.1284 -0.1589 0.9789
vn -0.9427 0.0854 -0.3227
vn -0.5613 0.7505 -0.3487
vn -0.6354 0.6704 -0.3831
vn -0.4796 0.7593 0.4398
vn -0.7544 -0.0714 0.6525
vn 0.3803 0.7337 0.5630
vn 0.2955 0.7652 0.5720
vn -0.0903 0.9953 -0.0356
vn 0.2924 0.8418 0.4537
vn -0.5961 0.7541 -0.2758
vn 0.4546 -0.6277 -0.6320
vn -0.6787 -0.1642 0.7158
vn -0.5395 -0.3861 0.7482
vn -0.2406 -0.0325 0.9701
vn -0.6880 -0.3647 -0.6274
vn -0.7070 -0.2144 -0.6739
vn 0.3643 0.9223 -0.1292
vn 0.6339 0.7343 0.2428
vn -0.0115 -0.8571 -0.5150
vn 0.0951 -0.9006 -0.4242
vn -0.0197 -0.9734 -0.2284
vn -0.9190 -0.1455 0.3665
vn 0.9791 0.1480 -0.1395
vn 0.1837 -0.0942 0.9785
vn -0.3156 0.0065 0.9489
vn -0.9185 -0.2767 0.2824
vn -0.0424 0.3134 0.9487
vn 0.0228 0.1477 -0.9888
vn -0.9875 -0.1323 0.0851
vn -0.6998 0.0078 -0.7143
vn 0.7514 0.5026 -0.4275
vn 0.6096 0.4288 0.6667
vn -0.2159 0.6221 -0.7526
vn 0.8772 -0.2742 0.3942
vn -0.0982 0.1796 0.9788
vn 0.6106 0.5711 0.5486
vn 0.9226 0.3432 -0.1761
vn 0.0164 -0.0643 -0.9978
vn 0.1211 -0.0445 -0.9916
vn 0.9569 0.2891 0.0275
vn -0.5830 0.6906 -0.4280
vn -0.7645 -0.1835 -0.6180
vn 0.7898 0.0441 -0.6118
vn -0.8925 0.1683 0.4184
vn 0.0086 0.1386 -0.9903
vn 0.9905 -0.0757 -0.1148
vn 0.7915 0.1294 -0.5973
vn -0.8398 0.4119 -0.3536
vn -0.6233 0.4760 -0.6205
vn -0.8220 0.4957 -0.2805
vn -0.0053 -0.1788 -0.9839
vn -0.0914 0.3546 -0.9306
vn 0.1404 -0.5984 0.7888
vn 0.0611 0.0350 -0.9975
vn 0.9897 -0.0279 -0.1402
vn 0.1718 -0.0381 -0.9844
vn 0.5217 -0.6198 0.5862
vn 0.6883 0.1859 0.7012
vn 0.5192 0.8519 0.0687
vn -0.1350 0.2492 0.9590
vn -0.1353 0.2498 0.9588
vn -0.0561 0.3370 -0.9398
vn -0.9261 0.0739 -0.3699
vn 0.7765 0.0742 -0.6257
vn -0.0809 0.9955 0.0493
vn 0.0730 0.9961 0.0501
vn -0.7655 0.2761 -0.5812
vn -0.3716 -0.6672 0.6455
vn -0.8748 -0.4844 0.0051
vn -0.3538 0.0652 0.9331
vn -0.5743 0.1909 0.7961
vn 0.3898 0.9093 -0.1458
vn -0.7608 0.0880 0.6430
vn 0.2744 -0.1869 0.9433
vn 0.2252 0.0565 0.9727
vn 0.2153 -0.1047 0.9709
vn -0.7467 -0.3332 0.5756
vn -0.6596 0.2907 -0.6931
vn 0.9635 -0.1872 0.1913
vn 0.9376 -0.0249 -0.3469
vn 0.7544 -0.6266 -0.1957
vn 0.7812 -0.1811 0.5975
vn -0.5171 0.8470 -0.1235
vn -0.6869 0.1833 0.7033
vn -0.4801 0.8394 0.2548
vn 0.0562 0.9709 0.2326
vn 0.7175 0.1931 -0.6693
vn 0.8438 0.2392 -0.4804
vn 0.5191 0.3278 -0.7894
vn 0.2131 -0.2672 0.9398
vn -0.2145 -0.2672 0.9395
vn -0.2027 -0.2610 0.9438
vn 0.6053 0.7939 0.0578
vn 0.3149 0.7102 -0.6296
vn 0.7785 -0.1809 -0.6010
vn -0.3372 -0.2623 -0.9042
vn -0.8577 0.3295 -0.3947
vn -0.0715 0.3101 -0.9480
vn 0.0588 0.9974 -0.0426
vn 0.1044 0.9290 -0.3551
vn 0.7621 0.3920 -0.5153
vn 0.6943 -0.1157 0.7103
vn 0.4050 -0.3257 -0.8543
vn 0.0820 0.9946 0.0639
vn 0.5835 -0.3334 -0.7405
vn -0.1495 0.2576 -0.9546
vn 0.1430 0.0010 0.9897
vn 0.2128 -0.0143 0.9770
vn 0.1887 -0.4504 0.8726
vn -0.1982 -0.5045 0.8404
vn -0.9807 0.0593 0.1862
vn -0.9519 -0.0920 0.2923
vn -0.8444 0.2014 0.4964
vn -0.8634 0.1739 0.4736
vn 0.1995 -0.8536 0.4813
vn 0.2262 -0.8695 0.4392
vn -0.2175 -0.6137 0.7590
vn -0.6746 0.7305 0.1064
vn -0.0059 0.9998 0.0201
vn -0.1514 0.8348 -0.5294
vn 0.3600 -0.7305 -0.5803
vn 0.0117 -0.8569 -0.5153
vn -0.0183 0.9920 -0.1249
vn -0.8528 0.5211 0.0360
vn -0.3276 0.5995 0.7302
vn -0.2069 -0.8767 -0.4343
vn 0.1565 -0.9855 0.0658
vn 0.0440 -0.9844 -0.1702
vn -0.2668 0.5195 -0.8117
vn -0.1736 0.1942 -0.9655
vn -0.8650 -0.0377 -0.5003
vn 0.1546 0.2485 -0.9562
vn 0.1526 0.6862 -0.7112
vn -0.1602 0.6878 -0.7080
vn -0.1769 0.9431 -0.2815
vn 0.3777 0.9183 0.1182
vn 0.3806 0.7715 0.5098
vn 0.1864 0.9513 -0.2454
vn 0.4648 0.4621 -0.7553
vn 0.3387 0.6305 -0.6984
vn -0.3909 0.1412 -0.9095
vn -0.2674 0.2999 -0.9157
vn -0.0461 0.9977 0.0487
vn -0.7980 -0.1782 0.5758
vn 0.2396 -0.0338 0.9703
vn -0.2097 0.3190 0.9243
vn -0.5536 0.5517 0.6238
vn -0.8366 0.0367 0.5467
vn -0.1654 -0.5373 0.8270
vn 0.5376 -0.3951 0.7449
vn 0.1992 -0.0791 0.9768
vn -0.5795 0.4234 0.6963
vn 0.1062 -0.0901 0.9903
vn -0.3582 0.9337 -0.0030
vn -0.2444 -0.0334 0.9691
vn 0.5891 -0.3667 0.7200
vn -0.2644 -0.8234 0.5021
vn -0.7553 -0.6247 -0.1983
vn -0.3792 0.7329 0.5648
vn -0.3175 -0.7945 -0.5176
vn 0.9723 0.2195 -0.0800
vn -0.0946 -0.9011 -0.4233
vn 0.3686 0.4261 0.8262
vn -0.1458 -0.3047 0.9412
vn -0.7512 -0.3878 0.5342
vn -0.5163 -0.0611 0.8542
vn 0.0993 -0.1154 0.9883
vn 0.0001 0.9368 0.3497
vn 0.2358 0.9064 0.3505
vn 0.2184 0.9077 0.3582
vn -0.3662 0.4256 0.8275
vn 0.2299 -0.0619 0.9713
vn 0.8336 0.5377 0.1265
vn 0.8883 0.3695 -0.2727
vn 0.0126 0.2824 -0.9592
vn 0.0032 0.7331 0.6801
vn 0.5988 0.7438 0.2969
vn 0.8225 0.5331 0.1984
vn 0.8483 0.4985 -0.1783
vn 0.1637 -0.0569 -0.9849
vn -0.9874 0.1569 -0.0199
vn 0.0306 0.9574 0.2872
vn -0.8531 -0.4320 -0.2926
vn 0.8791 0.2963 -0.3733
vn 0.9427 0.1173 -0.3122
vn -0.5213 0.3654 0.7712
vn -0.9638 0.2453 0.1049
vn -0.9711 0.2266 -0.0747
vn -0.6874 0.2306 -0.6887
vn -0.7497 -0.0253 -0.6613
vn 0.4220 0.9039 -0.0699
vn 0.4514 0.8631 0.2266
vn 0.4793 0.8607 0.1715
vn -0.3708 0.9095 0.1876
vn 0.1534 -0.1538 0.9761
vn -0.1566 -0.9179 0.3646
vn -0.1783 -0.9190 -0.3517
vn 0.0524 -0.9125 -0.4056
vn 0.0001 -0.9808 -0.1950
vn -0.9330 -0.2806 0.2254
vn -0.9211 -0.3334 0.2010
vn 0.6773 0.7275 0.1100
vn -0.7959 -0.2733 0.5403
vn -0.8101 -0.1808 0.5578
vn -0.9201 -0.3275 0.2147
vn 0.7668 -0.3363 0.5468
vn 0.7656 -0.3308 0.5518
vn 0.8582 -0.4665 0.2142
vn 0.0180 -0.7533 -0.6574
vn 0.3808 -0.7279 0.5702
vn 0.2258 -0.9742 -0.0010
vn 0.3559 0.7785 0.5170
vn 0.6853 0.5642 0.4605
vn 0.1440 -0.8331 0.5340
vn 0.9053 -0.1075 0.4109
vn 0.9362 -0.2506 0.2463
vn -0.2960 -0.1195 -0.9477
vn 0.9065 -0.2440 -0.3446
vn 0.4260 -0.0764 -0.9015
vn 0.2747 -0.0356 0.9609
vn -0.8955 0.2240 0.3845
vn 0.2210 -0.9554 0.1959
vn -0.9512 -0.2636 0.1601
vn -0.9537 -0.2945 0.0616
vn -0.5858 -0.3329 -0.7389
vn -0.8875 -0.4598 0.0312
vn -0.2375 -0.2373 -0.9419
vn 0.0333 -0.9628 0.2683
vn 0.9502 0.1494 -0.2735
vn 0.6498 0.1868 -0.7367
vn 0.9659 0.0393 0.2558
vn 0.6986 -0.2333 0.6764
vn 0.7237 0.6816 -0.1077
vn -0.3486 -0.8420 -0.4116
vn -0.0813 -0.0255 -0.9964
vn 0.5842 0.1396 -0.7995
vn -0.8542 -0.1259 -0.5045
vn 0.7560 0.4557 -0.4700
vn -0.8793 0.1747 -0.4431
vn 0.9472 0.0659 -0.3137
vn 0.9349 -0.3310 0.1282
vn 0.6638 0.0135 0.7478
vn -0.1760 0.3398 0.9239
vn -0.8545 0.4795 0.1997
vn 0.5694 -0.8201 -0.0572
vn 0.9171 -0.3549 0.1815
vn -0.2099 0.8982 0.3862
vn -0.1996 -0.8531 0.4821
vn 0.6908 -0.1701 0.7028
vn 0.2375 -0.0329 0.9708
vn 0.2393 -0.0356 0.9703
vn -0.1202 -0.1658 0.9788
vn -0.1336 -0.2143 0.9676
vn -0.3441 0.4590 0.8191
vn -0.2772 0.8336 0.4777
vn -0.0154 0.2942 -0.9556
vn 0.3713 0.1273 -0.9198
vn -0.8982 0.0985 0.4284
vn 0.1033 -0.3206 0.9416
vn 0.3453 -0.3465 0.8722
vn -0.1083 0.3638 -0.9252
vn 0.5548 0.5522 0.6223
vn 0.3765 -0.6664 0.6435
vn 0.7009 0.6356 0.3236
vn 0.9778 0.0296 0.2073
vn -0.7180 0.6926 0.0684
vn -0.7526 0.6175 0.2286
vn -0.2187 0.9757 -0.0118
vn -0.9290 -0.2894 0.2308
vn -0.7272 -0.6547 -0.2064
vn -0.9492 -0.2820 0.1397
vn -0.4203 0.1172 0.8998
vn 0.7179 -0.4461 0.5344
vn -0.4501 0.8603 0.2395
vn 0.6796 0.5324 0.5046
vn 0.8503 0.1994 0.4871
vn 0.8012 0.2905 0.5231
vn 0.8658 0.2459 0.4357
vn -0.8858 -0.1991 0.4192
vn -0.8847 -0.1994 0.4213
vn -0.7526 -0.3571 0.5532
vn -0.7033 -0.0632 0.7081
vn -0.5277 -0.0196 0.8492
vn 0.1716 0.9425 -0.2867
vn 0.6621 0.7349 0.1466
vn 0.4858 0.7333 -0.4757
vn 0.5790 -0.1549 0.8005
vn 0.8522 -0.0028 0.5233
vn 0.7072 -0.1423 0.6925
vn 0.7081 -0.0666 0.7029
vn 0.6462 -0.1407 0.7501
vn -0.6553 0.7382 0.1605
vn -0.3499 0.6937 -0.6296
vn -0.5340 0.3152 0.7845
vn 0.8506 0.4165 -0.3210
vn -0.6692 0.3228 0.6693
vn 0.8511 -0.3389 0.4009
vn 0.5776 0.5438 -0.6088
vn -0.9805 0.1485 -0.1284
vn -0.2641 -0.9476 0.1799
vn -0.4193 -0.2036 0.8847
vn -0.2798 -0.8731 -0.3992
vn 0.4073 0.9022 0.1417
vn 0.2796 -0.2837 0.9172
vn -0.0714 -0.1237 0.9897
vn 0.2364 -0.0515 0.9703
vn -0.2395 -0.0315 0.9704
vn -0.2408 -0.0363 0.9699
vn 0.7782 -0.6149 0.1279
vn 0.8380 -0.4958 0.2279
vn 0.3077 0.0078 0.9514
vn -0.0411 0.0553 0.9976
vn 0.2900 0.9386 0.1868
vn -0.3251 0.9184 0.2254
vn -0.2889 0.0920 0.9529
vn 0.5193 0.8444 -0.1312
vn 0.5473 -0.7326 0.4047
vn -0.9725 0.0761 0.2201
vn 0.8872 -0.4611 0.0185
vn 0.8557 -0.2115 0.4723
vn 0.9347 -0.2864 0.2104
vn 0.5755 -0.0668 0.8150
vn 0.2446 -0.6129 0.7514
vn 0.7121 -0.0204 0.7017
vn 0.3943 0.6270 0.6719
vn 0.3188 0.6137 0.7223
vn 0.5463 0.5392 0.6409
vn 0.9033 -0.2920 -0.3143
vn 0.1464 0.9601 0.2384
vn -0.1697 0.9434 0.2851
vn 0.1701 0.9447 0.2803
vn 0.6401 0.1356 0.7562
vn 0.7021 -0.0045 0.7120
vn 0.1819 -0.8775 -0.4436
vn 0.3669 -0.8391 -0.4017
vn -0.6322 0.1328 0.7633
vn -0.2411 -0.0312 0.9700
vn 0.6490 -0.3176 0.6913
vn 0.9391 -0.1427 0.3127
vn 0.9489 -0.1554 0.2745
vn 0.5557 0.8007 -0.2240
vn 0.6872 0.1489 -0.7111
vn 0.7220 -0.6079 0.3304
vn 0.2366 -0.2381 -0.9420
vn -0.6485 -0.1542 0.7454
vn -0.8897 -0.2471 0.3838
vn 0.8397 0.4065 0.3602
vn 0.3443 0.8625 -0.3709
vn -0.0267 -0.9071 -0.4201
vn 0.0266 -0.9069 -0.4205
vn -0.9865 -0.0633 0.1508
vn -0.7488 -0.2363 0.6193
vn 0.4155 -0.8909 -0.1832
vn 0.2515 0.8987 0.3592
vn 0.9824 0.0071 0.1865
vn 0.1625 0.2919 0.9425
vn 0.9477 -0.2849 0.1437
vn 0.9140 -0.3538 0.1985
vn 0.2435 -0.0330 0.9693
vn -0.2380 0.4301 0.8709
vn -0.3411 -0.8082 0.4800
vn -0.1075 0.9319 0.3464
vn -0.1603 0.9853 0.0599
vn 0.0233 -0.8880 -0.4593
vn 0.2207 0.9752 -0.0188
vn 0.7581 0.6152 0.2163
vn -0.5335 0.3208 0.7826
vn 0.3074 0.9404 -0.1451
vn 0.3267 -0.7888 -0.5207
vn 0.9587 -0.2718 0.0836
vn -0.2971 0.3308 -0.8957
vn 0.8135 -0.3025 0.4967
vn 0.4156 -0.1910 -0.8892
vn 0.2874 -0.0782 -0.9546
vn -0.2450 -0.0312 0.9690
vn 0.7533 -0.2385 0.6129
vn -0.2289 0.8547 0.4660
vn 0.0467 -0.9423 -0.3314
vn -0.4024 -0.8975 -0.1804
vn -0.2403 -0.0354 0.9701
vn -0.7010 -0.2295 0.6752
vn 0.0169 0.2874 -0.9577
vn -0.3703 0.1279 -0.9201
vn -0.6769 0.1985 -0.7088
vn -0.9958 -0.0908 -0.0123
vn 0.7180 0.6926 0.0697
vn 0.0012 0.9669 0.2550
vn -0.7356 0.5935 0.3265
vn 0.8019 -0.5817 0.1362
vn 0.9367 -0.3276 0.1235
vn 0.1057 0.8254 0.5546
vn -0.2743 -0.2833 0.9190
vn -0.9598 -0.1766 0.2180
vn -0.0010 0.3663 -0.9305
vn 0.5756 -0.0486 0.8163
vn 0.1714 0.1938 -0.9660
vn 0.3883 0.1389 -0.9110
vn 0.2645 0.5201 -0.8121
vn -0.4777 -0.4861 0.7318
vn 0.8988 0.2211 0.3784
vn -0.2597 0.2960 -0.9192
vn -0.7205 0.1948 -0.6655
vn -0.0016 0.2556 -0.9668
vn -0.3142 0.0082 0.9493
vn 0.1312 -0.3158 0.9397
vn 0.2534 -0.2687 0.9293
vn 0.4075 -0.1867 0.8939
vn 0.4435 -0.0768 0.8930
vn -0.1232 -0.0575 0.9907
vn -0.0749 -0.1729 0.9821
vn -0.0547 0.1416 0.9884
vn 0.1230 0.2195 0.9678
vn 0.7282 0.2586 0.6347
vn 0.3919 0.0079 0.9200
vn -0.0757 -0.3191 0.9447
vn -0.2604 -0.2849 0.9225
vn -0.3937 -0.1661 0.9041
vn 0.1083 -0.2549 0.9609
vn 0.1212 -0.0592 0.9909
vn -0.4385 -0.0785 0.8953
vn -0.3808 0.0196 0.9245
vn 0.0544 0.1355 0.9893
vn -0.4877 0.1824 0.8538
vn -0.1356 0.2220 0.9656
vt 0.600854 0.994200
vt 0.727574 0.993200
vt 0.594774 0.991700
vt 0.729894 0.996500
vt 0.739014 0.992300
vt 0.742134 0.995900
vt 0.730454 0.997200
vt 0.743094 0.997000
vt 0.726294 0.985000
vt 0.741974 0.996900
vt 0.712534 0.986900
vt 0.713574 0.988200
vt 0.742294 0.997300
vt 0.713734 0.988300
vt 0.713494 0.988100
vt 0.741974 0.996800
vt 0.712374 0.986800
vt 0.726134 0.984900
vt 0.743014 0.996900
vt 0.730374 0.997000
vt 0.742054 0.995800
vt 0.729734 0.996300
vt 0.727494 0.993100
vt 0.600694 0.994000
vt 0.594614 0.991600
vt 0.766454 0.879702
vt 0.760134 0.965517
vt 0.753414 0.965200
vt 0.772454 0.909718
vt 0.788214 0.919854
vt 0.788934 0.920740
vt 0.787094 0.918476
vt 0.777414 0.926349
vt 0.775094 0.917787
vt 0.775494 0.923495
vt 0.776774 0.887280
vt 0.785334 0.916016
vt 0.788214 0.896039
vt 0.768454 0.912965
vt 0.768134 0.912375
vt 0.767254 0.911096
vt 0.768614 0.913162
vt 0.768854 0.913457
vt 0.776374 0.924775
vt 0.766134 0.955774
vt 0.769894 0.950460
vt 0.773494 0.955282
vt 0.779974 0.972799
vt 0.782374 0.950755
vt 0.789094 0.948197
vt 0.786774 0.972799
vt 0.801121 0.936978
vt 0.790614 0.960400
vt 0.801041 0.936387
vt 0.788934 0.947311
vt 0.782214 0.949574
vt 0.776134 0.923298
vt 0.773414 0.955282
vt 0.765974 0.955774
vt 0.769974 0.950362
vt 0.795121 0.929597
vt 0.767094 0.995040
vt 0.767094 0.929597
vt 0.795121 0.994942
vt 0.770214 0.915524
vt 0.767814 0.911981
vt 0.771254 0.917099
vt 0.774214 0.921626
vt 0.767254 0.917394
vt 0.776774 0.917492
vt 0.767254 0.887280
vt 0.795121 0.995040
vt 0.761094 0.831678
vt 0.767414 0.856576
vt 0.761094 0.856576
vt 0.767414 0.831678
vt 0.771974 0.806700
vt 0.797841 0.915032
vt 0.771974 0.915032
vt 0.797841 0.806700
vt 0.797841 0.883836
vt 0.782214 0.994351
vt 0.763654 0.980082
vt 0.779814 0.996320
vt 0.772774 0.978212
vt 0.784294 0.988545
vt 0.777334 0.975850
vt 0.789494 0.976441
vt 0.795681 0.988742
vt 0.799841 0.966206
vt 0.790854 0.948885
vt 0.801521 0.947606
vt 0.785734 0.946524
vt 0.786694 0.949279
vt 0.785414 0.946622
vt 0.774614 0.943571
vt 0.780134 0.949771
vt 0.765494 0.941209
vt 0.756374 0.944654
vt 0.767254 0.955676
vt 0.756934 0.963057
vt 0.592614 0.977200
vt 0.721334 0.963300
vt 0.593494 0.963600
vt 0.721574 0.984800
vt 0.592294 0.988300
vt 0.734134 0.988500
vt 0.592214 0.988200
vt 0.592534 0.977100
vt 0.593414 0.963500
vt 0.773094 0.919854
vt 0.771414 0.917394
vt 0.768534 0.912965
vt 0.775334 0.923298
vt 0.775734 0.923889
vt 0.775414 0.923397
vt 0.772774 0.919362
vt 0.772054 0.918280
vt 0.769734 0.914835
vt 0.768374 0.912769
vt 0.768934 0.913654
vt 0.770374 0.915819
vt 0.770774 0.916410
vt 0.775174 0.831678
vt 0.775174 0.856576
vt 0.782134 0.831678
vt 0.782134 0.856576
vt 0.790854 0.856576
vt 0.774934 0.917591
vt 0.777334 0.926152
vt 0.794401 0.896334
vt 0.773094 0.906470
vt 0.773574 0.907159
vt 0.794641 0.896728
vt 0.770934 0.906273
vt 0.764774 0.938749
vt 0.772294 0.932254
vt 0.761094 0.923397
vt 0.755494 0.933730
vt 0.763174 0.979688
vt 0.781654 0.993859
vt 0.779334 0.995926
vt 0.772134 0.977720
vt 0.756454 0.962663
vt 0.766534 0.955085
vt 0.755894 0.944260
vt 0.773894 0.942981
vt 0.764934 0.940717
vt 0.779494 0.949279
vt 0.784534 0.946032
vt 0.784854 0.945835
vt 0.785734 0.948492
vt 0.800481 0.946819
vt 0.789814 0.948098
vt 0.798641 0.965222
vt 0.788534 0.975653
vt 0.794801 0.988053
vt 0.783574 0.987955
vt 0.776614 0.975161
vt 0.756134 0.934025
vt 0.755014 0.930975
vt 0.755254 0.931565
vt 0.756054 0.933730
vt 0.775094 0.909324
vt 0.773734 0.907356
vt 0.789974 0.882852
vt 0.779894 0.920149
vt 0.778854 0.916410
vt 0.777814 0.885410
vt 0.784534 0.917591
vt 0.777654 0.917591
vt 0.777654 0.887083
vt 0.784534 0.887083
vt 0.795041 0.887280
vt 0.795041 0.919657
vt 0.775654 0.910111
vt 0.755654 0.932648
vt 0.755814 0.933140
vt 0.757014 0.936387
vt 0.754374 0.929203
vt 0.754774 0.930384
vt 0.772774 0.972799
vt 0.764774 0.972799
vt 0.781014 0.830890
vt 0.788934 0.918870
vt 0.781174 0.918870
vt 0.774694 0.830890
vt 0.774854 0.918870
vt 0.788774 0.830890
vt 0.797441 0.830890
vt 0.797601 0.918870
vt 0.771494 0.917492
vt 0.773174 0.920051
vt 0.775894 0.924086
vt 0.775574 0.923594
vt 0.772854 0.919559
vt 0.772134 0.918476
vt 0.769814 0.914934
vt 0.769014 0.913753
vt 0.760214 0.929597
vt 0.760214 0.995040
vt 0.771974 0.806500
vt 0.797841 0.806200
vt 0.773174 0.906569
vt 0.775094 0.909423
vt 0.773654 0.907257
vt 0.775414 0.909816
vt 0.755014 0.955184
vt 0.756134 0.960793
vt 0.754134 0.972602
vt 0.754934 0.955184
vt 0.755974 0.960695
vt 0.760134 0.929597
vt 0.760134 0.995040
vt 0.759654 0.856477
vt 0.768934 0.915032
vt 0.752134 0.915032
vt 0.768934 0.806400
vt 0.752054 0.915032
vt 0.797841 0.806500
vt 0.777494 0.960596
vt 0.771974 0.806400
vt 0.797841 0.806300
vt 0.779414 0.929400
vt 0.779094 0.928908
vt 0.775814 0.923889
vt 0.779814 0.929892
vt 0.775974 0.924184
vt 0.773334 0.920248
vt 0.770854 0.916508
vt 0.772774 0.919460
vt 0.765174 0.939241
vt 0.771094 0.906470
vt 0.772614 0.932549
vt 0.761494 0.923889
vt 0.755974 0.934321
vt 0.773094 0.919953
vt 0.773254 0.920149
vt 0.775734 0.923791
vt 0.779334 0.929302
vt 0.779014 0.928711
vt 0.779734 0.929892
vt 0.753734 0.927530
vt 0.754054 0.928317
vt 0.753254 0.926349
vt 0.754294 0.929105
vt 0.803281 0.869960
vt 0.795441 0.916508
vt 0.803281 0.916508
vt 0.795441 0.869960
vt 0.784134 0.869960
vt 0.784134 0.916508
vt 0.776134 0.869960
vt 0.776134 0.916508
vt 0.767574 0.869960
vt 0.767574 0.916508
vt 0.755014 0.931073
vt 0.756054 0.933829
vt 0.754854 0.930483
vt 0.755894 0.933336
vt 0.754374 0.929400
vt 0.755654 0.932746
vt 0.757094 0.936584
vt 0.775734 0.910308
vt 0.794481 0.882852
vt 0.780054 0.920149
vt 0.780534 0.885410
vt 0.794641 0.915130
vt 0.773814 0.907454
vt 0.767734 0.911883
vt 0.770054 0.915327
vt 0.768694 0.913359
vt 0.768534 0.913064
vt 0.771174 0.917000
vt 0.774134 0.921429
vt 0.776694 0.960006
vt 0.754054 0.928416
vt 0.753734 0.927629
vt 0.767974 0.912277
vt 0.767174 0.910997
vt 0.775174 0.898991
vt 0.777974 0.884328
vt 0.786614 0.885115
vt 0.773414 0.884229
vt 0.770214 0.899286
vt 0.766374 0.884820
vt 0.763094 0.900369
vt 0.768854 0.985494
vt 0.767654 0.995729
vt 0.761894 0.986479
vt 0.767334 0.996615
vt 0.769574 0.995926
vt 0.773414 0.996123
vt 0.773734 0.985101
vt 0.783014 0.985593
vt 0.782054 0.996615
vt 0.797761 0.994548
vt 0.798001 0.984707
vt 0.784694 0.899483
vt 0.800241 0.885312
vt 0.799921 0.898597
vt 0.589894 0.903100
vt 0.589334 0.902600
vt 0.586774 0.900200
vt 0.590614 0.903800
vt 0.591014 0.904200
vt 0.589734 0.903000
vt 0.589174 0.902500
vt 0.586534 0.900000
vt 0.586934 0.900400
vt 0.580854 0.894700
vt 0.575254 0.889400
vt 0.742374 0.996200
vt 0.743254 0.997200
vt 0.796081 0.885312
vt 0.780374 0.905683
vt 0.796961 0.899089
vt 0.799761 0.887772
vt 0.781334 0.899385
vt 0.784054 0.908143
vt 0.788934 0.887871
vt 0.783894 0.886788
vt 0.777974 0.886394
vt 0.798961 0.905585
vt 0.788214 0.886394
vt 0.786774 0.905486
vt 0.780294 0.905486
vt 0.771654 0.886394
vt 0.763014 0.903419
vt 0.764694 0.884525
vt 0.754054 0.916902
vt 0.781894 0.933041
vt 0.776694 0.925267
vt 0.781334 0.932254
vt 0.778854 0.928514
vt 0.781254 0.932155
vt 0.781814 0.933041
vt 0.787174 0.918575
vt 0.780854 0.910603
vt 0.778694 0.907750
vt 0.790374 0.922610
vt 0.752694 0.830300
vt 0.766614 0.849589
vt 0.752694 0.849589
vt 0.766614 0.830300
vt 0.781414 0.963647
vt 0.799281 0.985002
vt 0.783974 0.995434
vt 0.800801 0.962663
vt 0.800001 0.963746
vt 0.794641 0.982148
vt 0.596934 0.978000
vt 0.604374 0.978300
vt 0.594694 0.978600
vt 0.625334 0.978000
vt 0.612694 0.977900
vt 0.630134 0.977900
vt 0.645414 0.977900
vt 0.647254 0.977500
vt 0.668454 0.977500
vt 0.664294 0.977400
vt 0.684774 0.977400
vt 0.696054 0.977300
vt 0.716854 0.977000
vt 0.743014 0.976400
vt 0.736694 0.976400
vt 0.602854 0.991100
vt 0.728214 0.993100
vt 0.671734 0.996300
vt 0.603574 0.989300
vt 0.714534 0.991500
vt 0.637414 0.990100
vt 0.712934 0.991500
vt 0.656774 0.992500
vt 0.716774 0.994000
vt 0.579654 0.893500
vt 0.575654 0.889800
vt 0.609574 0.888600
vt 0.576934 0.891000
vt 0.574614 0.888700
vt 0.573014 0.887400
vt 0.573014 0.887300
vt 0.574294 0.888600
vt 0.573894 0.907200
vt 0.609734 0.887900
vt 0.609654 0.907200
vt 0.573894 0.887900
vt 0.609654 0.887900
vt 0.587094 0.900600
vt 0.581094 0.894900
vt 0.581174 0.894900
vt 0.575494 0.889700
vt 0.576054 0.890200
vt 0.575174 0.889400
vt 0.575094 0.889300
vt 0.577254 0.891300
vt 0.577094 0.891200
vt 0.580374 0.894200
vt 0.580614 0.894500
vt 0.582534 0.896200
vt 0.583014 0.896700
vt 0.583734 0.897300
vt 0.583974 0.897600
vt 0.582934 0.896600
vt 0.582454 0.896100
vt 0.580214 0.894100
vt 0.580534 0.894300
vt 0.574854 0.889100
vt 0.575014 0.889100
vt 0.575814 0.890000
vt 0.685174 0.977400
vt 0.679254 0.973500
vt 0.682294 0.975500
vt 0.687094 0.978600
vt 0.691734 0.981600
vt 0.690294 0.980700
vt 0.695734 0.984200
vt 0.696294 0.984600
vt 0.701894 0.988200
vt 0.701334 0.987800
vt 0.711174 0.994200
vt 0.702374 0.988500
vt 0.697494 0.985300
vt 0.696534 0.984700
vt 0.693654 0.982900
vt 0.694694 0.983500
vt 0.693574 0.982800
vt 0.701814 0.988100
vt 0.711094 0.994200
vt 0.701254 0.987800
vt 0.574854 0.889000
vt 0.573254 0.887600
vt 0.574694 0.888800
vt 0.573254 0.887500
vt 0.578454 0.892400
vt 0.579814 0.893600
vt 0.580854 0.894600
vt 0.582614 0.896300
vt 0.581414 0.895200
vt 0.583334 0.896900
vt 0.580774 0.894600
vt 0.578294 0.892300
vt 0.576374 0.890400
vt 0.577814 0.891700
vt 0.578054 0.892000
vt 0.577814 0.891800
vt 0.576534 0.890600
vt 0.609814 0.888800
vt 0.605334 0.978300
vt 0.597894 0.978000
vt 0.595654 0.978500
vt 0.626294 0.978000
vt 0.613654 0.977900
vt 0.630854 0.977800
vt 0.646134 0.977800
vt 0.647814 0.977500
vt 0.669094 0.977500
vt 0.664614 0.977400
vt 0.685334 0.977400
vt 0.696214 0.977300
vt 0.717094 0.977000
vt 0.743094 0.976400
vt 0.609734 0.907200
vt 0.762934 0.934419
vt 0.762214 0.932549
vt 0.762614 0.933632
vt 0.762934 0.934321
vt 0.799441 0.985199
vt 0.781734 0.963942
vt 0.784214 0.995827
vt 0.800961 0.962860
vt 0.800081 0.963844
vt 0.794641 0.982247
vt 0.761014 0.930187
vt 0.761974 0.932549
vt 0.762214 0.933238
vt 0.761094 0.930384
vt 0.725334 0.992000
vt 0.603254 0.991000
vt 0.591414 0.989900
vt 0.719654 0.993100
vt 0.637014 0.991700
vt 0.604294 0.989700
vt 0.641654 0.994000
vt 0.720614 0.993500
vt 0.696134 0.984400
vt 0.695574 0.984100
vt 0.690054 0.980600
vt 0.691574 0.981500
vt 0.684854 0.977200
vt 0.686854 0.978500
vt 0.678934 0.973400
vt 0.681974 0.975300
vt 0.762854 0.934813
vt 0.762614 0.934222
vt 0.762694 0.934419
vt 0.762854 0.935009
vt 0.762854 0.934911
vt 0.761894 0.932549
vt 0.762134 0.933041
vt 0.789974 0.887280
vt 0.776854 0.925464
vt 0.781974 0.933238
vt 0.781414 0.932352
vt 0.779014 0.908143
vt 0.787494 0.918968
vt 0.781414 0.911292
vt 0.781094 0.910800
vt 0.790614 0.922905
vt 0.783174 0.927727
vt 0.796481 0.926841
vt 0.755494 0.928613
vt 0.754054 0.965123
vt 0.752774 0.997100
vt 0.760854 0.915229
vt 0.771814 0.928022
vt 0.690934 0.981100
vt 0.685014 0.977300
vt 0.679014 0.973400
vt 0.677734 0.972600
vt 0.775254 0.898991
vt 0.786694 0.885213
vt 0.778054 0.884426
vt 0.783014 0.985691
vt 0.773494 0.996123
vt 0.768934 0.985494
vt 0.767414 0.996713
vt 0.767734 0.995729
vt 0.761974 0.986577
vt 0.770294 0.899385
vt 0.766454 0.884918
vt 0.763254 0.900369
vt 0.773494 0.884229
vt 0.720214 1.000000
vt 0.710774 0.993900
vt 0.762694 0.934517
vt 0.762934 0.935009
vt 0.761094 0.930483
vt 0.761094 0.930286
vt 0.762214 0.933140
vt 0.691094 0.981200
vt 0.685254 0.977400
vt 0.679254 0.973600
vt 0.678054 0.972800
vt 0.781014 0.910800
vt 0.637414 0.990300
vt 0.604214 0.989900
vt 0.603494 0.989600
vt 0.656774 0.992700
vt 0.785974 0.887575
vt 0.789574 0.843979
vt 0.790774 0.889937
vt 0.785494 0.802300
vt 0.789654 0.808100
vt 0.789574 0.844176
vt 0.785974 0.887871
vt 0.790694 0.890232
vt 0.728214 0.993400
vt 0.602774 0.991400
vt 0.671734 0.996600
vt 0.714454 0.991800
vt 0.712934 0.991800
vt 0.716774 0.994200
vt 0.765894 0.980771
vt 0.769334 0.982148
vt 0.767734 0.981558
vt 0.774214 0.984117
vt 0.774294 0.984117
vt 0.784934 0.988348
vt 0.784774 0.988250
vt 0.797121 0.991891
vt 0.774054 0.984018
vt 0.769174 0.982148
vt 0.767654 0.981459
vt 0.782934 0.927432
vt 0.796321 0.926645
vt 0.755174 0.928219
vt 0.753814 0.964828
vt 0.752454 0.996700
vt 0.789254 0.921232
vt 0.788534 0.920346
vt 0.787494 0.919067
vt 0.725334 0.992200
vt 0.591334 0.990100
vt 0.603174 0.991300
vt 0.719654 0.993200
vt 0.637014 0.991900
vt 0.720534 0.993600
vt 0.641574 0.994200
vt 0.981836 0.792414
vt 0.981063 0.809783
vt 0.985469 0.808285
vt 0.978164 0.797294
vt 0.969815 0.791762
vt 0.970878 0.787559
vt 0.961138 0.792076
vt 0.960849 0.789419
vt 0.950722 0.791617
vt 0.952809 0.795144
vt 0.943765 0.802657
vt 0.947379 0.804517
vt 0.945021 0.817127
vt 0.948055 0.816450
vt 0.950838 0.828746
vt 0.952925 0.826161
vt 0.966008 0.829350
vt 0.966356 0.831910
vt 0.979807 0.826234
vt 0.977159 0.823166
vt 0.976270 0.811087
vt 0.974318 0.820074
vt 0.974164 0.802150
vt 0.968617 0.796038
vt 0.961448 0.794758
vt 0.954896 0.798574
vt 0.951031 0.806474
vt 0.951031 0.815798
vt 0.955051 0.823649
vt 0.965757 0.826789
vt 0.152854 0.068100
vt 0.153254 0.068400
vt 0.151574 0.067500
vt 0.153814 0.068600
vt 0.153894 0.068700
vt 0.153094 0.068300
vt 0.154214 0.068800
vt 0.152374 0.067900
vt 0.153974 0.068700
vt 0.154454 0.069000
vt 0.154774 0.069100
vt 0.154054 0.068800
vt 0.154614 0.069100
vt 0.153734 0.068600
vt 0.944770 0.791762
vt 0.946239 0.795869
vt 0.953524 0.794589
vt 0.935880 0.797125
vt 0.940615 0.801811
vt 0.932924 0.809300
vt 0.938489 0.810580
vt 0.936963 0.822369
vt 0.940499 0.819349
vt 0.949234 0.825895
vt 0.948558 0.828359
vt 0.962027 0.825267
vt 0.154134 0.068800
vt 0.154374 0.068900
vt 0.154694 0.069100
vt 0.154614 0.069000
vt 0.212854 0.073400
vt 0.213334 0.073500
vt 0.213574 0.073600
vt 0.213254 0.073500
vt 0.212294 0.073200
vt 0.213014 0.073400
vt 0.156214 0.072900
vt 0.154134 0.071900
vt 0.154054 0.071800
vt 0.155494 0.072600
vt 0.156374 0.073000
vt 0.153974 0.071800
vt 0.156054 0.072800
vt 0.157974 0.073800
vt 0.157894 0.073800
vt 0.156454 0.073000
vt 0.125654 0.417600
vt 0.212614 0.073500
vt 0.211974 0.073300
vt 0.211734 0.073400
vt 0.213174 0.073500
vt 0.212774 0.073600
vt 0.213654 0.073700
vt 0.212214 0.073300
vt 0.210294 0.072600
vt 0.004454 0.490900
vt 0.125654 0.490900
vt 0.004534 0.417600
vt 0.119654 0.452600
vt 0.118534 0.448600
vt 0.118854 0.449700
vt 0.119254 0.451000
vt 0.117494 0.445100
vt 0.117814 0.446200
vt 0.119654 0.452500
vt 0.118534 0.448500
vt 0.119174 0.451000
vt 0.118774 0.449600
vt 0.004454 0.417600
vt 0.145254 0.490900
vt 0.036934 0.417600
vt 0.145254 0.417600
vt 0.036934 0.490900
vt 0.004534 0.490900
vt 0.209894 0.072900
vt 0.210214 0.073000
vt 0.208294 0.072300
vt 0.210294 0.073100
vt 0.208454 0.072300
vt 0.209974 0.072900
vt 0.211814 0.073400
vt 0.211414 0.073200
vt 0.931049 0.792342
vt 0.943321 0.787559
vt 0.927203 0.807826
vt 0.933310 0.825340
vt 0.947881 0.830920
vt 0.963960 0.827756
vt 0.967110 0.815774
vt 0.970009 0.816450
vt 0.967767 0.804203
vt 0.971284 0.802319
vt 0.962240 0.794975
vt 0.964231 0.791545
vt 0.953737 0.792004
vt 0.953969 0.789419
vt 0.960230 0.798405
vt 0.964172 0.806063
vt 0.964114 0.815146
vt 0.960134 0.822828
vt 0.153814 0.068700
vt 0.153574 0.068500
vt 0.153334 0.068400
vt 0.152934 0.068200
vt 0.151734 0.067600
vt 0.153174 0.068300
vt 0.154294 0.068900
vt 0.120294 0.454700
vt 0.119894 0.453200
vt 0.120454 0.455400
vt 0.120054 0.453800
vt 0.119814 0.453200
vt 0.120294 0.454600
vt 0.117494 0.444900
vt 0.117814 0.446100
vt 0.213494 0.073600
vt 0.212934 0.073400
vt 0.212374 0.073400
vt 0.212054 0.073300
vt 0.212694 0.073500
vt 0.212854 0.073600
vt 0.213734 0.073700
vt 0.212294 0.073400
vt 0.213094 0.073500
vt 0.210454 0.072700
vt 0.152294 0.067900
vt 0.564534 0.863600
vt 0.563894 0.855400
vt 0.557494 0.864500
vt 0.571174 0.855000
vt 0.569174 0.863400
vt 0.575574 0.856300
vt 0.579654 0.866400
vt 0.661894 0.849400
vt 0.657894 0.847600
vt 0.658854 0.848000
vt 0.657094 0.833900
vt 0.659574 0.832100
vt 0.655414 0.835100
vt 0.666134 0.827200
vt 0.663014 0.829600
vt 0.675654 0.820300
vt 0.659814 0.831900
vt 0.667574 0.826200
vt 0.662694 0.829800
vt 0.598934 0.857700
vt 0.587494 0.866000
vt 0.663814 0.850200
vt 0.666454 0.851400
vt 0.669574 0.852800
vt 0.663414 0.850000
vt 0.661974 0.849400
vt 0.659014 0.848100
vt 0.662134 0.849500
vt 0.657574 0.847500
vt 0.661174 0.849100
vt 0.657334 0.847400
vt 0.654454 0.846100
vt 0.654374 0.846100
vt 0.654294 0.846000
vt 0.656694 0.847100
vt 0.656614 0.847100
vt 0.657654 0.847500
vt 0.654134 0.846000
vt 0.651174 0.844700
vt 0.648374 0.843400
vt 0.644614 0.841800
vt 0.645494 0.842200
vt 0.644934 0.841900
vt 0.643654 0.841300
vt 0.644694 0.841800
vt 0.645094 0.842000
vt 0.648214 0.843400
vt 0.612854 0.857000
vt 0.605494 0.862600
vt 0.620614 0.862400
vt 0.620534 0.857100
vt 0.640214 0.839900
vt 0.640134 0.839800
vt 0.640374 0.839900
vt 0.640054 0.839800
vt 0.631654 0.836100
vt 0.632774 0.836600
vt 0.627094 0.834100
vt 0.628614 0.834700
vt 0.631494 0.836000
vt 0.630934 0.835800
vt 0.636214 0.838100
vt 0.632934 0.836600
vt 0.665094 0.828000
vt 0.672854 0.822300
vt 0.666774 0.826800
vt 0.663654 0.829100
vt 0.664134 0.828700
vt 0.636454 0.838200
vt 0.643414 0.841300
vt 0.644534 0.841700
vt 0.650374 0.844300
vt 0.664054 0.828800
vt 0.669654 0.824700
vt 0.657814 0.833400
vt 0.656694 0.834200
vt 0.629174 0.863900
vt 0.643734 0.855100
vt 0.645734 0.863200
vt 0.655174 0.848700
vt 0.639094 0.864000
vt 0.645094 0.866000
vt 0.639094 0.863900
vt 0.634214 0.862800
vt 0.625334 0.852400
vt 0.630854 0.867300
vt 0.619974 0.863700
vt 0.613254 0.855600
vt 0.612294 0.863000
vt 0.612774 0.854100
vt 0.599574 0.865800
vt 0.598534 0.853900
vt 0.593814 0.863600
vt 0.582854 0.868300
vt 0.580534 0.854000
vt 0.572534 0.859800
vt 0.575574 0.847500
vt 0.564694 0.856700
vt 0.571094 0.846000
vt 0.559494 0.862000
vt 0.564854 0.852900
vt 0.567414 0.849200
vt 0.565574 0.848700
vt 0.611094 0.868400
vt 0.599814 0.866500
vt 0.612374 0.863100
vt 0.613174 0.861600
vt 0.674134 0.854800
vt 0.670694 0.853300
vt 0.669334 0.852700
vt 0.623174 0.832300
vt 0.628934 0.834900
vt 0.626294 0.833700
vt 0.623094 0.832300
vt 0.628054 0.834500
vt 0.623734 0.832600
vt 0.628534 0.834700
vt 0.627174 0.834100
vt 0.671734 0.853700
vt 0.661254 0.849100
vt 0.666934 0.851600
vt 0.673414 0.854400
vt 0.666294 0.851300
vt 0.670294 0.853100
vt 0.002694 0.025300
vt 0.116934 0.020200
vt 0.114054 0.025300
vt 0.002774 0.020200
vt 0.002854 0.033100
vt 0.117094 0.076400
vt 0.117094 0.033100
vt 0.002934 0.076400
vt 0.002934 0.072200
vt 0.117094 0.061000
vt 0.117094 0.072200
vt 0.002854 0.061000
vt 0.002774 0.026100
vt 0.117254 0.029400
vt 0.116534 0.026200
vt 0.002774 0.029400
vt 0.002934 0.061000
vt 0.115654 0.019800
vt 0.002774 0.023100
vt 0.002694 0.019900
vt 0.116054 0.022000
vt 0.002774 0.025300
vt 0.117014 0.025300
vt 0.002614 0.024000
vt 0.112134 0.018800
vt 0.113014 0.024000
vt 0.002614 0.018800
vt 0.002534 0.023300
vt 0.111094 0.018500
vt 0.110774 0.023300
vt 0.002534 0.018500
vt 0.019574 0.002200
vt 0.064854 0.014500
vt 0.019574 0.014500
vt 0.064854 0.002200
vt 0.002614 0.023600
vt 0.111094 0.018600
vt 0.111734 0.023600
vt 0.064934 0.002200
vt 0.110694 0.023300
vt 0.002534 0.023200
vt 0.064934 0.014500
vt 0.217414 0.011200
vt 0.170454 0.019700
vt 0.174534 0.011200
vt 0.213334 0.019900
vt 0.312854 0.273400
vt 0.228134 0.267800
vt 0.230454 0.279000
vt 0.331574 0.264500
vt 0.386214 0.264200
vt 0.332534 0.248700
vt 0.386294 0.251800
vt 0.319974 0.244200
vt 0.228294 0.245100
vt 0.230774 0.238200
vt 0.199654 0.009200
vt 0.196534 0.014600
vt 0.167734 0.012000
vt 0.019574 0.007900
vt 0.064934 0.007900
vt 0.103334 0.527900
vt 0.005334 0.675100
vt 0.005334 0.527900
vt 0.103334 0.675100
vt 0.195734 0.527900
vt 0.195734 0.675100
vt 0.292534 0.025600
vt 0.169334 0.018200
vt 0.167734 0.025400
vt 0.294454 0.020800
vt 0.171334 0.010900
vt 0.297894 0.010900
vt 0.296774 0.026700
vt 0.147494 0.020900
vt 0.147494 0.025700
vt 0.297094 0.010900
vt 0.147574 0.011000
vt 0.005414 0.675100
vt 0.195734 0.528000
vt 0.227334 0.482800
vt 0.333734 0.441200
vt 0.254134 0.482800
vt 0.278294 0.441100
vt 0.227334 0.345900
vt 0.277734 0.346100
vt 0.227334 0.218300
vt 0.277734 0.218300
vt 0.227334 0.093600
vt 0.325254 0.218200
vt 0.298534 0.093500
vt 0.382934 0.218200
vt 0.325254 0.346200
vt 0.383014 0.346200
vt 0.146694 0.025400
vt 0.290134 0.008300
vt 0.144774 0.009000
vt 0.294134 0.025600
vt 0.004054 0.287500
vt 0.214774 0.207800
vt 0.214694 0.287400
vt 0.004054 0.208000
vt 0.214774 0.095300
vt 0.004054 0.095900
vt 0.004054 0.120500
vt 0.214694 0.287300
vt 0.214694 0.120500
vt 0.004054 0.287400
vt 0.148214 0.009400
vt 0.294454 0.015400
vt 0.292934 0.009600
vt 0.149574 0.015400
vt 0.297494 0.027100
vt 0.151014 0.027100
vt 0.258374 0.007300
vt 0.195494 0.022100
vt 0.197494 0.007200
vt 0.256214 0.022300
vt 0.253574 0.008600
vt 0.141574 0.024400
vt 0.253414 0.024100
vt 0.144054 0.009200
vt 0.282614 0.011800
vt 0.272294 0.016600
vt 0.281894 0.016700
vt 0.272854 0.009200
vt 0.177014 0.010500
vt 0.296374 0.010600
vt 0.178054 0.027000
vt 0.115974 0.001300
vt 0.069974 0.015900
vt 0.070454 0.001400
vt 0.115094 0.015300
vt 0.115734 0.001300
vt 0.070454 0.016300
vt 0.070294 0.001300
vt 0.116054 0.015600
vt 0.116134 0.001400
vt 0.070454 0.016200
vt 0.070534 0.001400
vt 0.115974 0.015600
vt 0.163174 0.023500
vt 0.233974 0.015700
vt 0.166534 0.009500
vt 0.260054 0.024400
vt 0.148294 0.009700
vt 0.148694 0.025100
vt 0.264614 0.010600
vt 0.146774 0.008500
vt 0.252694 0.024000
vt 0.200134 0.008000
vt 0.147894 0.024800
vt 0.295974 0.026700
vt 0.209014 0.008600
vt 0.213094 0.026700
vt 0.290054 0.008600
vt 0.116054 0.001400
vt 0.070534 0.016300
vt 0.116134 0.015700
vt 0.115094 0.001200
vt 0.069734 0.015800
vt 0.069974 0.001200
vt 0.114694 0.015200
vt 0.053014 0.001600
vt 0.103974 0.015500
vt 0.052934 0.015500
vt 0.103974 0.001700
vt 0.052934 0.001700
vt 0.114614 0.001200
vt 0.069894 0.015900
vt 0.069734 0.001200
vt 0.114934 0.015300
vt 0.053014 0.015500
vt 0.167974 0.026700
vt 0.235894 0.016500
vt 0.164934 0.008600
vt 0.213334 0.014700
vt 0.170054 0.019500
vt 0.171174 0.009400
vt 0.053014 0.007700
vt 0.103974 0.007700
vt 0.114454 0.019500
vt 0.002614 0.024500
vt 0.111734 0.024600
vt 0.002694 0.019400
vt 0.117174 0.029400
vt 0.113334 0.019200
vt 0.002694 0.024800
vt 0.115174 0.024700
vt 0.002614 0.019200
vt 0.111014 0.018500
vt 0.117094 0.033000
vt 0.002854 0.076300
vt 0.117094 0.076300
vt 0.002854 0.033000
vt 0.002614 0.023500
vt 0.111654 0.023600
vt 0.231174 0.023400
vt 0.205494 0.006900
vt 0.229734 0.006800
vt 0.206454 0.023400
vt 0.197334 0.023400
vt 0.292374 0.009600
vt 0.288854 0.023900
vt 0.202054 0.009400
vt 0.112054 0.018800
vt 0.331494 0.264400
vt 0.386134 0.264100
vt 0.312774 0.273300
vt 0.332374 0.248600
vt 0.386134 0.251600
vt 0.319814 0.244000
vt 0.169174 0.018100
vt 0.292374 0.025500
vt 0.167574 0.025400
vt 0.294214 0.020700
vt 0.171254 0.010800
vt 0.297654 0.010900
vt 0.294214 0.015400
vt 0.148134 0.009400
vt 0.292774 0.009600
vt 0.149494 0.015300
vt 0.297254 0.027000
vt 0.150934 0.027100
vt 0.289974 0.008200
vt 0.146614 0.025300
vt 0.144774 0.008900
vt 0.293894 0.025500
vt 0.115894 0.001300
vt 0.115014 0.015300
vt 0.115894 0.015600
vt 0.196454 0.014600
vt 0.199574 0.009100
vt 0.167654 0.011900
vt 0.233814 0.015600
vt 0.163094 0.023400
vt 0.166454 0.009400
vt 0.235814 0.016400
vt 0.167974 0.026600
vt 0.164854 0.008600
vt 0.213254 0.014700
vt 0.214134 0.009800
vt 0.170454 0.014400
vt 0.171494 0.009600
vt 0.212374 0.019500
vt 0.190934 0.019200
vt 0.114934 0.001200
vt 0.070294 0.016100
vt 0.069894 0.001200
vt 0.115734 0.015500
vt 0.053014 0.015700
vt 0.104294 0.015200
vt 0.103414 0.001000
vt 0.053254 0.001000
vt 0.114694 0.001200
vt 0.114614 0.015200
vt 0.195494 0.022000
vt 0.258294 0.007300
vt 0.197414 0.007100
vt 0.256134 0.022300
vt 0.148214 0.009700
vt 0.259974 0.024300
vt 0.148614 0.025100
vt 0.264534 0.010500
vt 0.170374 0.014400
vt 0.214054 0.009700
vt 0.171414 0.009600
vt 0.190854 0.019200
vt 0.212374 0.019400
vt 0.208934 0.008500
vt 0.295894 0.026700
vt 0.213014 0.026600
vt 0.289974 0.008600
vt 0.115654 0.015500
vt 0.103414 0.000900
vt 0.116134 0.015600
vt 0.252534 0.023900
vt 0.146694 0.008500
vt 0.200054 0.008000
vt 0.147814 0.024800
vt 0.297334 0.027100
vt 0.296294 0.010500
vt 0.177974 0.027000
vt 0.115654 0.001300
vt 0.115014 0.001200
vt 0.103974 0.001600
vt 0.002694 0.019500
vt 0.113414 0.019200
vt 0.115254 0.024700
vt 0.393574 0.941200
vt 0.337494 0.994600
vt 0.393574 0.994800
vt 0.337494 0.940100
vt 0.337494 0.860600
vt 0.393574 0.895100
vt 0.337494 0.795200
vt 0.393574 0.825400
vt 0.393574 0.795200
vt 0.337494 0.770700
vt 0.393574 0.770800
vt 0.337574 0.702300
vt 0.393574 0.702400
vt 0.366374 0.686400
vt 0.002774 0.020100
vt 0.115574 0.019800
vt 0.002694 0.019800
vt 0.115974 0.022000
vt 0.116934 0.025300
vt 0.205574 0.006900
vt 0.231254 0.023500
vt 0.229814 0.006800
vt 0.206534 0.023500
vt 0.239414 0.016900
vt 0.227094 0.012300
vt 0.240214 0.012100
vt 0.281654 0.016600
vt 0.282614 0.014300
vt 0.292534 0.009600
vt 0.197414 0.023500
vt 0.289014 0.024000
vt 0.202214 0.009500
vt 0.283094 0.011900
vt 0.235814 0.017400
vt 0.282614 0.016900
vt 0.236134 0.012400
vt 0.283334 0.012000
vt 0.273174 0.016900
vt 0.273334 0.009400
vt 0.393574 0.825500
vt 0.366294 0.686400
vt 0.170374 0.019700
vt 0.174454 0.011200
vt 0.213254 0.019900
vt 0.005414 0.527900
vt 0.228134 0.267700
vt 0.230454 0.278900
vt 0.228214 0.245000
vt 0.230694 0.238000
vt 0.227014 0.012200
vt 0.239334 0.016900
vt 0.240054 0.012000
vt 0.282454 0.014300
vt 0.281574 0.016500
vt 0.235654 0.017400
vt 0.283014 0.011900
vt 0.282454 0.016900
vt 0.236054 0.012400
vt 0.273094 0.016900
vt 0.283254 0.012000
vt 0.282534 0.016900
vt 0.273254 0.009300
vt 0.253894 0.482800
vt 0.296694 0.026700
vt 0.147414 0.025700
vt 0.297014 0.010900
vt 0.147494 0.011000
vt 0.004054 0.207900
vt 0.214774 0.095200
vt 0.004054 0.095800
vt 0.253494 0.008600
vt 0.253334 0.024100
vt 0.143974 0.009200
vt 0.272214 0.016500
vt 0.282534 0.011700
vt 0.281814 0.016600
vt 0.272694 0.009100
vt 0.054134 0.683700
vt 0.132934 0.772600
vt 0.132934 0.683700
vt 0.054134 0.772600
vt 0.146134 0.770400
vt 0.003094 0.687200
vt 0.003094 0.770400
vt 0.146134 0.687200
vt 0.221494 0.770400
vt 0.221494 0.687200
vt 0.132854 0.683700
vt 0.099414 0.730300
vt 0.099414 0.772600
vt 0.292534 0.772600
vt 0.167014 0.683700
vt 0.292534 0.683700
vt 0.223494 0.730300
vt 0.223494 0.772600
vt 0.223254 0.730300
vt 0.167014 0.772600
vt 0.223254 0.683700
vt 0.788854 0.513600
vt 0.637414 0.591500
vt 0.661814 0.513500
vt 0.707894 0.650200
vt 0.790694 0.650100
vt 0.788854 0.777200
vt 0.706454 0.777100
vt 0.707974 0.650200
vt 0.637494 0.591700
vt 0.661974 0.513500
vt 0.322934 0.770400
vt 0.322934 0.687200
vt 0.132934 0.730400
vt 0.160214 0.331900
vt 0.203974 0.334700
vt 0.200694 0.327200
vt 0.207014 0.336500
vt 0.204534 0.329400
vt 0.205494 0.335600
vt 0.208454 0.331600
vt 0.201094 0.333000
vt 0.206054 0.330200
vt 0.195974 0.330100
vt 0.201654 0.327800
vt 0.200134 0.332500
vt 0.197574 0.325500
vt 0.160294 0.331900
vt 0.200854 0.327300
vt 0.204134 0.334800
vt 0.481334 0.827400
vt 0.405094 0.608900
vt 0.481334 0.608700
vt 0.405094 0.827500
vt 0.405094 0.990100
vt 0.214374 0.539300
vt 0.276374 0.672200
vt 0.214374 0.672200
vt 0.344694 0.584700
vt 0.214374 0.503900
vt 0.330454 0.503800
vt 0.392134 0.503800
vt 0.392134 0.608600
vt 0.392134 0.672200
vt 0.207894 0.337000
vt 0.207574 0.331100
vt 0.323014 0.770400
vt 0.206134 0.330300
vt 0.201174 0.333100
vt 0.196214 0.330200
vt 0.196774 0.325000
vt 0.197174 0.330800
vt 0.323014 0.687200
vt 0.214374 0.539400
vt 0.344694 0.584800
vt 0.392134 0.608700
vt 0.197014 0.330700
vt 0.196534 0.324900
vt 0.204694 0.329500
vt 0.207174 0.336600
vt 0.207734 0.331200
vt 0.207974 0.337000
vt 0.208534 0.331600
vt 0.205574 0.335600
vt 0.546934 0.777200
vt 0.492374 0.777200
vt 0.548854 0.650100
vt 0.548934 0.650100
vt 0.623254 0.777100
vt 0.624694 0.650200
vt 0.624774 0.650200
vt 0.197734 0.325600
vt 0.200374 0.332600
vt 0.054294 0.901400
vt 0.005894 0.901300
vt 0.005894 0.875300
vt 0.054294 0.933300
vt 0.005894 0.933200
vt 0.054294 0.962100
vt 0.005894 0.962200
vt 0.031734 0.981400
vt 0.282934 0.962100
vt 0.304854 0.981600
vt 0.328454 0.962100
vt 0.282934 0.933200
vt 0.328454 0.933200
vt 0.328454 0.901300
vt 0.282934 0.901400
vt 0.031734 0.981300
vt 0.304774 0.981600
vt 0.282934 0.875300
vt 0.328454 0.875300
vt 0.328454 0.836400
vt 0.282934 0.836400
vt 0.328454 0.784600
vt 0.282934 0.784700
vt 0.054294 0.836400
vt 0.054294 0.784800
vt 0.005894 0.784700
vt 0.005894 0.836400
vt 0.054294 0.875300
vt 0.126214 0.082900
vt 0.123574 0.002800
vt 0.124774 0.083000
vt 0.125414 0.002800
vt 0.133494 0.083200
vt 0.126134 0.002900
vt 0.133494 0.002900
vt 0.126374 0.083100
vt 0.126934 0.002900
vt 0.135014 0.083200
vt 0.127014 0.083100
vt 0.134854 0.002900
vt 0.123654 0.002800
vt 0.126294 0.082900
vt 0.124854 0.083000
vt 0.125654 0.002800
vt 0.126294 0.002900
vt 0.133574 0.083200
vt 0.133654 0.002900
vt 0.126454 0.083100
vt 0.129094 0.002900
vt 0.124214 0.083100
vt 0.129254 0.083100
vt 0.124054 0.083100
vt 0.128934 0.002900
vt 0.129094 0.083100
vt 0.126934 0.083100
vt 0.134774 0.002900
vt 0.129734 0.083000
vt 0.122694 0.002800
vt 0.124134 0.083000
vt 0.129734 0.002900
vt 0.122854 0.002800
vt 0.129814 0.083000
vt 0.124214 0.083000
vt 0.222614 0.388700
vt 0.222534 0.291300
vt 0.222534 0.291400
vt 0.180134 0.291400
vt 0.180214 0.388700
vt 0.085734 0.291400
vt 0.000614 0.388700
vt 0.000694 0.291300
vt 0.085734 0.388700
vt 0.795281 0.785000
vt 0.728454 0.785200
vt 0.766774 0.786700
vt 0.699094 0.786200
vt 0.669014 0.785500
vt 0.701494 0.783800
vt 0.653814 0.784900
vt 0.677734 0.783800
vt 0.701254 0.783700
vt 0.574054 0.791700
vt 0.728054 0.785100
vt 0.561894 0.789700
vt 0.766134 0.786600
vt 0.554454 0.788500
vt 0.794401 0.784900
vt 0.574934 0.792100
vt 0.589334 0.794500
vt 0.698614 0.786100
vt 0.599174 0.795900
vt 0.668774 0.785500
vt 0.603894 0.796700
vt 0.597014 0.813000
vt 0.783654 0.810300
vt 0.780774 0.810300
vt 0.752774 0.812900
vt 0.780294 0.810200
vt 0.596614 0.812900
vt 0.527494 0.815200
vt 0.592214 0.815900
vt 0.574454 0.819400
vt 0.559014 0.818700
vt 0.574694 0.819500
vt 0.592534 0.815900
vt 0.576134 0.824900
vt 0.578294 0.823700
vt 0.578374 0.823700
vt 0.540134 0.818400
vt 0.597654 0.817200
vt 0.579894 0.820800
vt 0.601734 0.814100
vt 0.765414 0.815900
vt 0.602054 0.814200
vt 0.597974 0.817300
vt 0.580134 0.820900
vt 0.588934 0.820200
vt 0.724214 0.815900
vt 0.752934 0.813000
vt 0.574614 0.791800
vt 0.552614 0.794300
vt 0.546054 0.793200
vt 0.584534 0.793500
vt 0.589494 0.794300
vt 0.556774 0.795000
vt 0.552374 0.794200
vt 0.584294 0.793400
vt 0.545494 0.793100
vt 0.533734 0.791100
vt 0.526374 0.789800
vt 0.529414 0.790400
vt 0.546774 0.793300
vt 0.566534 0.796600
vt 0.575814 0.798200
vt 0.580534 0.799000
vt 0.782854 0.810800
vt 0.779414 0.810300
vt 0.795841 0.812300
vt 0.782374 0.810700
vt 0.779014 0.810200
vt 0.752454 0.812900
vt 0.723814 0.815900
vt 0.588694 0.820200
vt 0.580934 0.824100
vt 0.575414 0.823000
vt 0.573254 0.824100
vt 0.577894 0.824900
vt 0.581094 0.824100
vt 0.575574 0.823000
vt 0.570854 0.821700
vt 0.562534 0.789800
vt 0.534374 0.791200
vt 0.555254 0.788600
vt 0.527174 0.790000
vt 0.530294 0.790500
vt 0.555334 0.788600
vt 0.547574 0.793400
vt 0.575734 0.792300
vt 0.567174 0.796700
vt 0.589974 0.794600
vt 0.576134 0.798200
vt 0.599414 0.795900
vt 0.954570 0.879947
vt 0.945459 0.841322
vt 0.846679 0.859961
vt 0.955267 0.897857
vt 0.955536 0.857412
vt 0.841932 0.877523
vt 0.968407 0.796505
vt 0.961540 0.795279
vt 0.955219 0.798940
vt 0.951478 0.806590
vt 0.973758 0.802387
vt 0.973927 0.819780
vt 0.975813 0.811098
vt 0.965689 0.826253
vt 0.955290 0.823237
vt 0.951535 0.815718
vt 0.953473 0.794889
vt 0.946375 0.796134
vt 0.940854 0.801963
vt 0.938775 0.810576
vt 0.960028 0.798624
vt 0.963902 0.806128
vt 0.940740 0.819175
vt 0.959946 0.822585
vt 0.963842 0.815073
vt 0.949294 0.825586
vt 0.921735 0.815244
vt 0.891289 0.809808
vt 0.863264 0.826040
vt 0.846929 0.900429
vt 0.863579 0.933765
vt 0.909684 0.947141
vt 0.946209 0.918438
vt 0.938021 0.823485
vt 0.908385 0.806601
vt 0.876295 0.812229
vt 0.851333 0.838582
vt 0.850819 0.916399
vt 0.889491 0.945384
vt 0.937652 0.931818
s 1
usemtl mat_0-crash.jpg.001
f 1/1/1 1750/2/1 1754/3/1
f 1751/2/4 4/1/4 2705/4/4
f 2708/5/1176 1752/2/1176 2706/4/1176
f 3918/6/1485 2711/5/1485 2707/4/1485
f 3922/7/5 3920/6/5 5/4/5
f 1763/8/1182 3921/6/1182 3923/7/1182
f 1764/9/8 1759/8/8 8/7/8
f 1766/10/1180 1760/8/1180 1765/9/1180
f 2715/11/10 1767/10/10 10/9/10
f 3267/12/12 1768/10/12 12/11/12
f 3269/13/1183 1769/10/1183 3268/12/1183
f 3924/14/13 3270/13/13 13/12/13
f 4112/15/15 3271/13/15 15/14/15
f 1775/16/1185 3272/13/1185 4113/15/1185
f 1776/17/16 1771/16/16 16/15/16
f 1777/18/18 1772/16/18 18/17/18
f 1779/19/1184 1773/16/1184 1778/18/1184
f 3274/20/19 1782/19/19 19/18/19
f 3664/21/1187 1783/19/1187 3275/20/1187
f 3925/22/20 3667/21/20 21/20/20
f 2709/5/1486 3666/21/1486 3926/22/1486
f 4114/23/1487 2712/5/1487 3927/22/1487
f 25/24/22 4115/23/22 23/22/22
f 1785/25/1188 4116/23/1188 1784/24/1188
f 299/26/232 3817/27/1713 461/28/360
f 296/29/229 3817/27/1713 299/26/232
f 296/30/229 426/31/335 3817/32/1713
f 1795/33/1190 1791/34/1189 4348/35/1795
f 3670/36/1682 1791/37/1189 3673/38/1682
f 30/39/27 197/40/155 4291/41/1792
f 2701/42/1482 197/40/155 30/39/27
f 2701/42/1482 2733/43/1490 197/40/155
f 4120/44/1768 4125/45/1769 3290/46/1614
f 1798/47/1193 4123/45/1193 4121/44/1193
f 1799/48/1191 1796/47/1191 4122/44/1191
f 2734/49/28 1801/48/28 31/44/28
f 2735/50/31 1802/48/31 34/49/31
f 2737/51/1194 1803/48/1194 2736/50/1194
f 3674/52/32 2738/51/32 35/50/32
f 3928/53/34 2739/51/34 37/52/34
f 3929/54/35 2740/51/35 38/53/35
f 40/55/36 2741/51/36 39/54/36
f 1804/48/33 36/51/33 1809/55/33
f 1810/56/1195 1805/48/1195 1808/55/1195
f 42/57/38 1807/48/37 41/56/37
f 2742/58/1196 1806/48/1196 42/57/38
f 3288/59/1612 2744/58/1491 42/57/38
f 120/60/97 3288/59/1612 42/57/38
f 4292/61/41 4293/62/41 46/63/41
f 44/61/40 47/64/40 45/62/40
f 3289/65/1613 3290/66/1614 2733/43/1490
f 3291/42/42 48/66/42 3289/65/1613
f 3292/67/43 49/42/43 3289/65/1613
f 3289/65/1613 3293/68/44 50/67/44
f 1791/35/1189 51/68/45 3289/65/1613
f 3671/36/1197 1811/69/1197 1791/70/1189
f 53/71/46 52/69/46 3672/36/46
f 3675/72/48 3676/63/48 56/61/48
f 54/72/47 57/62/47 55/63/47
f 4361/61/50 1812/62/50 60/63/50
f 58/61/49 61/72/49 59/62/49
f 3677/73/1683 3678/74/1684 62/75/51
f 3677/73/1683 3679/76/1685 3678/74/1684
f 3677/73/1683 3680/74/1686 3679/76/1685
f 4127/75/1771 3680/74/1686 3677/73/1683
f 2760/77/1494 2765/78/1494 2766/79/1494
f 2761/77/53 2768/80/53 64/78/53
f 2762/77/54 2769/81/54 66/80/54
f 2770/79/55 67/81/55 2763/77/55
f 4362/72/58 1813/63/58 70/61/58
f 69/72/57 1815/62/57 1814/63/57
f 3681/82/1687 2915/83/1530 2917/84/1532
f 3682/82/61 3683/85/61 73/83/61
f 3689/86/60 3685/85/60 72/82/60
f 3690/86/1200 1819/87/1200 3686/85/1200
f 3691/86/1199 1820/88/1199 1817/87/1199
f 2777/89/63 1821/88/63 75/86/63
f 2778/90/66 1822/88/66 78/89/66
f 2779/90/1201 2780/91/1201 1823/88/1201
f 3692/92/67 2781/91/67 79/90/67
f 3693/92/1498 3930/93/1498 2782/91/1498
f 83/94/71 3931/93/1739 81/92/69
f 1825/95/1202 3931/93/1739 83/94/71
f 1825/95/1202 1826/96/1203 3931/93/1739
f 3818/97/1714 1826/96/1203 1825/95/1202
f 2787/98/1500 1826/96/1203 3818/97/1714
f 163/99/131 1826/96/1203 2787/98/1500
f 163/99/131 2788/100/1501 1826/96/1203
f 195/101/153 2788/100/1501 163/99/131
f 195/101/153 3687/85/1688 2788/100/1501
f 2915/83/1530 74/85/62 195/101/153
f 4363/63/73 1827/72/73 86/61/73
f 84/63/72 87/62/72 85/72/72
f 3694/62/75 3695/61/75 90/63/75
f 88/62/74 91/72/74 89/61/74
f 3303/102/78 3305/103/78 94/104/78
f 3308/105/1615 3306/103/1615 3304/102/1615
f 3313/106/76 3309/105/76 92/102/76
f 2750/107/80 3310/105/80 96/106/80
f 1755/3/1177 2748/107/1177 3314/106/1177
f 1753/2/3 2747/107/3 3/3/3
f 2710/5/2 2749/107/2 2/2/2
f 4117/23/6 2751/107/6 6/5/6
f 1786/25/23 2746/107/23 24/23/23
f 1829/108/24 2752/107/24 26/25/24
f 3311/105/81 97/107/81 98/108/81
f 1830/109/1204 3312/105/1204 1828/108/1204
f 3307/103/79 95/105/79 99/109/79
f 100/110/77 93/103/77 1831/109/77
f 1842/111/1207 1843/112/1208 4364/113/1797
f 3321/114/1616 1843/112/1208 1842/111/1207
f 291/115/224 1843/112/1208 3321/114/1616
f 3340/116/1621 1843/112/1208 291/115/224
f 3339/117/1620 1843/112/1208 3340/116/1621
f 1844/118/1209 1843/112/1208 3339/117/1620
f 101/119/82 1843/112/1208 1844/118/1209
f 101/119/82 4364/113/1797 1843/112/1208
f 101/119/82 2927/120/1537 4364/113/1797
f 101/119/82 4349/66/1796 2927/120/1537
f 101/119/82 4091/121/1766 4349/66/1796
f 101/119/82 2873/122/1524 4091/121/1766
f 101/119/82 102/123/83 2873/122/1524
f 3624/74/1674 2214/73/1321 180/75/143
f 3625/74/1675 3627/76/1677 2214/73/1321
f 3626/74/1676 3628/124/1678 3627/76/1677
f 104/125/84 3629/124/84 103/74/84
f 1849/125/1211 1851/126/1211 3630/124/1211
f 1855/127/1212 1852/126/1212 1850/125/1212
f 2642/128/86 1853/126/86 106/127/86
f 2643/127/87 1854/126/87 107/128/87
f 108/127/85 3631/124/85 105/126/85
f 182/125/145 3628/124/1678 2644/127/1465
f 182/125/145 3627/76/1677 3628/124/1678
f 3934/74/1740 3627/76/1677 182/125/145
f 3934/74/1740 2214/73/1321 3627/76/1677
f 3991/75/1747 2214/73/1321 3934/74/1740
f 1856/63/90 1858/72/90 111/61/90
f 1857/63/89 1859/62/89 110/72/89
f 3935/129/1741 113/130/92 3321/114/1616
f 4340/36/1213 1862/38/1213 3935/37/1741
f 3332/131/1618 3334/132/1618 3336/133/1618
f 3338/134/1619 3335/132/1619 3333/131/1619
f 3288/135/1612 254/136/196 2926/137/1536
f 120/138/97 254/136/196 3288/135/1612
f 120/138/97 179/139/142 254/136/196
f 3632/140/1679 3634/141/1680 200/142/158
f 3633/140/98 3636/143/98 121/141/98
f 198/144/156 3638/143/1681 3632/140/1679
f 3642/144/1216 1867/145/1216 3639/143/1216
f 1844/146/1209 1868/145/1217 198/144/156
f 1844/146/1209 1870/147/1218 1865/145/1214
f 3339/148/1620 1870/147/1218 1844/146/1209
f 3340/149/1621 1870/147/1218 3339/148/1620
f 181/150/144 1870/147/1218 3340/149/1621
f 181/150/144 3341/151/1622 1870/147/1218
f 190/152/150 3341/151/1622 181/150/144
f 125/153/102 3341/151/1622 190/152/150
f 1871/153/1219 1873/154/1219 3342/151/1219
f 1877/155/1220 1874/154/1220 1872/153/1220
f 1878/155/1221 2649/156/1221 1875/154/1221
f 3343/157/104 2651/156/104 127/155/104
f 3644/158/106 2652/156/106 129/157/106
f 3646/158/1467 3647/159/1467 2653/156/1467
f 130/158/107 3640/143/107 3649/159/107
f 3635/141/99 122/143/99 3645/158/99
f 4353/160/111 1879/161/111 134/162/111
f 1881/163/109 1880/161/109 132/160/109
f 136/164/112 3337/133/112 137/165/112
f 116/131/95 118/133/95 3344/164/95
f 4092/166/114 4093/167/114 140/168/114
f 141/169/113 139/167/113 138/166/113
f 2661/170/116 143/171/116 2664/172/116
f 2665/173/117 2662/170/117 144/172/117
f 2666/174/118 2663/170/118 145/173/118
f 245/175/189 142/170/115 146/174/115
f 117/132/96 119/134/96 245/176/189
f 244/177/188 1888/178/1224 245/179/189
f 42/180/38 1889/178/1225 244/177/188
f 1892/181/1226 1890/178/1226 42/180/38
f 1882/163/119 147/178/119 148/181/119
f 133/161/110 135/163/110 1891/181/110
f 1797/47/1192 1927/182/1192 4124/45/1192
f 1800/48/29 1929/182/29 32/47/29
f 2743/58/30 1930/182/30 33/48/30
f 3288/59/1612 1931/182/39 43/58/39
f 1932/183/1233 1928/182/1232 3288/59/1612
f 4125/45/1769 149/182/120 1932/183/1233
f 3377/184/1624 3379/185/1624 3382/186/1624
f 3384/187/1625 3378/184/1625 3383/186/1625
f 3385/187/122 152/186/122 3937/188/122
f 3386/187/124 154/188/124 4103/186/124
f 156/184/123 153/187/123 4104/186/123
f 1935/189/1234 1934/184/1234 4105/186/1234
f 1936/189/125 155/186/125 2696/185/125
f 2698/190/126 157/189/126 2697/185/126
f 2700/190/127 158/185/127 3387/191/127
f 2699/190/129 160/191/129 3380/185/129
f 161/189/128 159/190/128 3381/185/128
f 3388/189/121 151/185/121 150/184/121
f 2702/192/1483 162/193/130 2701/42/1482
f 2702/192/1483 4348/35/1795 162/193/130
f 2702/192/1483 3389/194/1626 4348/35/1795
f 2702/192/1483 3818/195/1714 3389/194/1626
f 2702/192/1483 2787/196/1500 3818/195/1714
f 2702/192/1483 163/197/131 2787/196/1500
f 2702/192/1483 2703/198/1484 163/197/131
f 2701/42/1482 2703/198/1484 2702/192/1483
f 30/39/27 2703/198/1484 2701/42/1482
f 253/66/195 2703/198/1484 30/39/27
f 167/199/133 2703/198/1484 253/66/195
f 4314/122/1793 2703/198/1484 167/199/133
f 1816/62/1198 62/200/51 3678/63/1684
f 71/62/59 2917/201/1532 62/200/51
f 3390/61/1627 4280/62/1790 83/63/71
f 164/61/132 166/72/132 165/62/132
f 4270/202/1789 4314/78/1793 167/79/133
f 4270/202/1789 168/203/134 4314/78/1793
f 4270/202/1789 2873/78/1524 168/203/134
f 4091/79/1766 2873/78/1524 4270/202/1789
f 83/61/71 3680/62/1686 1825/63/1202
f 83/61/71 4280/72/1790 3680/62/1686
f 1949/204/1242 1951/205/1242 1953/206/1242
f 1955/207/1243 1952/205/1243 1950/204/1243
f 4125/45/1769 4281/208/1791 4291/209/1792
f 1932/183/1233 4281/208/1791 4125/45/1769
f 173/210/138 4281/208/1791 1932/183/1233
f 2874/211/1525 173/210/138 1932/183/1233
f 3288/59/1612 2874/211/1525 1932/183/1233
f 2926/212/1536 2874/211/1525 3288/59/1612
f 2875/62/140 2876/61/140 176/63/140
f 174/62/139 177/64/139 175/61/139
f 1963/213/88 1860/62/88 109/63/88
f 180/213/143 200/201/158 112/62/91
f 3991/214/1747 181/63/144 3340/213/1621
f 3991/214/1747 3934/62/1740 181/63/144
f 3934/62/1740 190/61/150 181/63/144
f 3934/62/1740 182/72/145 190/61/150
f 173/215/138 253/216/195 4281/217/1791
f 173/215/138 4365/218/1798 253/216/195
f 173/215/138 4349/216/1796 4365/218/1798
f 2874/219/1525 4349/216/1796 173/215/138
f 3599/78/1495 2895/220/1495 2767/79/1495
f 4155/79/146 2897/220/146 183/78/146
f 168/202/134 2898/220/1528 4314/79/1793
f 2873/79/1524 2899/220/1529 168/202/134
f 2901/78/147 2900/220/147 185/79/147
f 2771/79/148 2896/220/148 186/78/148
f 2764/77/56 2894/220/56 68/79/56
f 63/77/52 65/79/52 184/220/52
f 1981/221/1250 2789/100/1250 3684/85/1250
f 1978/221/1249 1826/96/1203 2788/100/1501
f 1982/221/1251 3931/93/1739 1826/96/1203
f 1980/221/70 2783/91/70 82/93/70
f 1979/221/68 1824/88/68 80/91/68
f 1977/221/65 1818/87/65 77/88/65
f 3688/85/64 76/87/64 187/221/64
f 182/62/145 4156/61/1776 190/63/150
f 188/62/149 191/72/149 189/61/149
f 253/78/195 4270/222/1789 167/79/133
f 4365/223/1798 4270/222/1789 253/78/195
f 4349/78/1796 4270/222/1789 4365/223/1798
f 4349/78/1796 4091/79/1766 4270/222/1789
f 2915/35/1530 2916/224/1531 2917/225/1532
f 2918/226/1533 2916/224/1531 2915/35/1530
f 2918/226/1533 3169/227/1586 2916/224/1531
f 2919/226/151 3966/228/151 192/227/151
f 2918/226/1533 2732/193/1489 3967/228/1743
f 2915/35/1530 2732/193/1489 2918/226/1533
f 195/229/153 2732/193/1489 2915/35/1530
f 163/197/131 2732/193/1489 195/229/153
f 163/197/131 2922/230/1534 2732/193/1489
f 2703/198/1484 2922/230/1534 163/197/131
f 4314/122/1793 2922/230/1534 2703/198/1484
f 2923/231/1535 2922/230/1534 4314/122/1793
f 196/231/154 2732/193/1489 2922/230/1534
f 193/228/152 194/193/152 2924/231/152
f 197/232/155 4125/233/1769 4291/234/1792
f 3290/235/1614 4125/233/1769 197/232/155
f 2733/236/1490 3290/235/1614 197/232/155
f 1844/118/1209 102/123/83 101/119/82
f 1844/118/1209 2044/237/1271 102/123/83
f 198/238/156 2044/237/1271 1844/118/1209
f 3632/116/1679 2044/237/1271 198/238/156
f 3632/116/1679 2045/239/1272 2044/237/1271
f 3632/116/1679 3172/240/1589 2046/239/1273
f 200/241/158 3172/240/1589 3632/116/1679
f 3603/242/1274 2047/239/1274 3173/240/1274
f 2050/228/1275 2048/239/1275 3604/242/1275
f 2049/228/157 2042/237/157 199/239/157
f 2051/117/160 2043/237/160 202/228/160
f 2052/117/1276 102/123/83 2044/237/1271
f 2873/122/1524 102/123/83 203/117/161
f 2926/243/1536 4349/244/1796 2874/245/1525
f 2926/243/1536 2927/246/1537 4349/244/1796
f 4157/247/164 4158/248/164 206/249/164
f 207/250/162 4159/248/162 204/247/162
f 2054/251/1277 4160/248/1277 2053/250/1277
f 2928/252/163 205/248/163 2055/251/163
f 2930/253/165 2929/252/165 208/251/165
f 3176/254/166 209/252/166 2931/253/166
f 3606/255/167 3177/254/167 210/253/167
f 3968/256/168 211/254/168 3607/255/168
f 4161/254/170 213/256/170 3608/255/170
f 215/253/169 4162/254/169 212/255/169
f 2085/252/171 214/254/171 2083/253/171
f 2087/251/1283 2086/252/1283 2084/253/1283
f 2935/248/172 216/252/172 2088/251/172
f 3178/250/173 2936/248/173 217/251/173
f 3609/247/175 2937/248/175 219/250/175
f 221/249/174 218/248/174 220/247/174
f 3181/257/178 3183/160/178 224/162/178
f 3184/258/177 223/160/177 3182/257/177
f 3186/259/176 3185/258/176 222/257/176
f 4164/260/179 225/258/179 3187/259/179
f 228/261/180 4165/260/180 226/259/180
f 2108/262/1292 4166/260/1292 2107/261/1292
f 230/263/181 227/260/181 229/262/181
f 172/207/135 169/204/135 231/264/135
f 3974/174/184 3975/170/184 234/175/184
f 3976/170/182 232/174/182 3978/173/182
f 236/172/185 3977/170/185 235/173/185
f 237/171/183 233/170/183 2116/172/183
f 3189/265/187 3190/266/187 240/267/187
f 241/268/186 239/266/186 238/265/186
f 1954/206/136 170/205/136 2962/205/136
f 243/269/137 171/206/137 242/205/137
f 120/270/97 178/271/141 179/272/142
f 42/273/38 178/271/141 120/270/97
f 244/274/188 178/271/141 42/273/38
f 245/275/189 178/271/141 244/274/188
f 245/275/189 3935/114/1741 178/271/141
f 245/69/189 4339/36/1794 3935/70/1741
f 246/71/93 114/36/93 245/69/189
f 1866/145/1215 2120/276/1215 3637/143/1215
f 1869/147/100 2122/276/100 123/145/100
f 3341/151/1622 2124/276/1295 1870/147/1218
f 1876/154/101 2121/276/101 124/151/101
f 2650/156/103 2123/276/103 126/154/103
f 3648/159/105 2125/276/105 128/156/105
f 131/159/108 3641/143/108 247/276/108
f 1825/63/1202 4127/201/1771 3818/213/1714
f 1825/63/1202 3680/62/1686 4127/201/1771
f 4280/125/1790 3679/76/1685 3680/74/1686
f 4280/125/1790 2138/124/1299 3679/76/1685
f 2139/127/1300 2138/124/1299 4280/125/1790
f 2140/127/1298 2141/126/1298 2136/124/1298
f 2848/128/190 2142/126/190 248/127/190
f 3199/127/192 2143/126/192 250/128/192
f 2146/125/193 2144/126/193 251/127/193
f 2145/125/191 2137/124/191 249/126/191
f 3678/74/1684 2138/124/1299 252/125/194
f 3678/74/1684 3679/76/1685 2138/124/1299
f 253/277/195 4291/278/1792 4281/245/1791
f 253/277/195 30/180/27 4291/278/1792
f 254/279/196 2927/120/1537 2926/280/1536
f 254/279/196 4364/113/1797 2927/120/1537
f 179/272/142 4364/113/1797 254/279/196
f 2152/186/1303 2154/185/1303 2157/184/1303
f 2153/186/1304 2158/184/1304 2159/187/1304
f 2162/188/197 255/186/197 2160/187/197
f 3541/186/200 259/188/200 2161/187/200
f 3542/186/199 258/187/199 3544/184/199
f 3543/186/202 261/184/202 4128/189/202
f 263/185/201 260/186/201 4129/189/201
f 2168/185/203 262/189/203 2170/190/203
f 2173/191/1306 2169/185/1306 2172/190/1306
f 2155/185/205 265/191/205 2171/190/205
f 2156/185/204 264/190/204 2815/189/204
f 257/184/198 256/185/198 266/189/198
f 2817/281/1508 2818/282/1508 2819/283/1508
f 272/281/210 2821/284/1509 268/282/207
f 2181/285/1311 2821/284/1509 272/281/210
f 2181/285/1311 299/286/232 2821/284/1509
f 2181/285/1311 296/287/229 299/286/232
f 2181/288/1311 295/289/228 296/290/229
f 2181/288/1311 488/291/382 295/289/228
f 2181/288/1311 270/292/208 488/291/382
f 2181/288/1311 3492/293/1642 270/292/208
f 272/294/210 3492/293/1642 2181/288/1311
f 4135/295/1772 3492/293/1642 272/294/210
f 4136/295/209 274/296/209 271/293/209
f 4137/295/1312 2183/297/1312 2182/296/1312
f 273/295/211 276/298/211 2184/297/211
f 277/299/213 3551/300/213 279/301/213
f 2824/299/214 2820/283/214 278/300/214
f 267/281/206 269/283/206 2823/299/206
f 4283/302/217 4286/303/217 282/304/217
f 4284/302/216 283/305/216 281/303/216
f 2828/306/1511 2825/305/1511 4285/302/1511
f 2829/307/218 2826/305/218 284/306/218
f 2830/307/1512 2832/308/1512 2827/305/1512
f 2831/307/220 3554/309/220 286/308/220
f 3556/310/219 3555/309/219 285/307/219
f 3557/310/221 4141/311/221 287/309/221
f 2262/311/1341 4142/311/1774 288/310/222
f 2262/311/1341 2194/312/1317 4142/311/1774
f 2195/313/1181 3919/6/1181 1761/8/1181
f 2713/5/7 7/6/7 2199/313/7
f 3665/21/1318 2714/5/1318 2198/313/1318
f 1780/19/21 22/21/21 2197/313/21
f 2202/314/1186 1781/19/1186 2196/313/1186
f 1762/8/223 2200/314/223 289/313/223
f 1770/10/9 2203/314/9 9/8/9
f 3273/13/11 2204/314/11 11/10/11
f 1774/16/14 2201/314/14 14/13/14
f 20/19/17 290/314/17 17/16/17
f 2645/130/1466 291/115/224 3321/114/1616
f 413/315/324 291/316/224 292/317/225
f 413/318/324 3340/319/1621 291/320/224
f 3215/321/1595 3340/319/1621 413/318/324
f 3216/322/1596 3340/319/1621 3215/321/1595
f 3990/323/1746 3340/324/1621 3216/325/1596
f 3990/323/1746 3991/326/1747 3340/324/1621
f 3990/323/1746 2214/327/1321 3991/326/1747
f 298/328/231 2214/327/1321 3990/323/1746
f 298/328/231 2215/329/1322 2214/327/1321
f 299/330/232 2215/329/1322 298/328/231
f 461/28/360 2215/331/1322 299/26/232
f 461/332/360 2214/333/1321 2215/334/1322
f 461/332/360 180/335/143 2214/333/1321
f 294/336/227 180/335/143 461/332/360
f 294/336/227 200/241/158 180/335/143
f 294/336/227 3172/240/1589 200/241/158
f 294/336/227 3605/242/1669 3172/240/1589
f 294/336/227 293/337/226 201/242/159
f 3560/338/1661 293/339/226 294/340/227
f 3560/338/1661 3562/341/1663 293/339/226
f 426/342/335 2227/343/1329 3773/344/1696
f 426/342/335 3035/345/1561 2227/343/1329
f 3561/346/1662 3562/347/1663 3560/348/1661
f 4038/349/1758 3562/347/1663 3561/346/1662
f 3804/350/1711 3562/347/1663 4038/349/1758
f 3804/350/1711 2366/351/1370 3562/347/1663
f 295/342/228 427/343/336 296/344/229
f 295/342/228 2846/345/1520 427/343/336
f 295/342/228 297/343/230 2846/345/1520
f 295/342/228 488/344/382 297/343/230
f 2491/344/1420 4252/345/1787 4366/343/1799
f 2491/344/1420 393/342/309 4252/345/1787
f 309/352/241 3990/353/1746 3216/354/1596
f 309/352/241 298/355/231 3990/353/1746
f 420/356/330 298/355/231 309/352/241
f 418/357/328 298/355/231 420/356/330
f 418/357/328 299/358/232 298/355/231
f 416/359/326 299/358/232 418/357/328
f 416/359/326 2821/360/1509 299/358/232
f 3228/361/1598 2821/360/1509 416/359/326
f 3229/361/233 3563/362/233 300/360/233
f 3993/363/234 3564/362/234 301/361/234
f 3994/363/235 4143/364/235 302/362/235
f 3995/363/237 305/365/237 304/364/237
f 2253/366/236 2252/365/236 303/363/236
f 2491/344/1420 2976/345/1546 3787/342/1707
f 2491/344/1420 4366/343/1799 2976/345/1546
f 2976/345/1546 307/344/239 3787/342/1707
f 2976/345/1546 428/343/337 307/344/239
f 3216/367/1596 308/368/240 309/369/241
f 3215/370/1595 308/368/240 3216/367/1596
f 3215/370/1595 3569/371/1666 308/368/240
f 3230/372/1599 3569/371/1666 3215/370/1595
f 3230/372/1599 3231/373/1600 3569/371/1666
f 3565/374/1664 3231/373/1600 3230/372/1599
f 3568/374/242 312/375/242 310/373/242
f 4344/376/1337 2254/377/1337 2257/378/1337
f 2259/379/1338 2255/377/1338 4345/376/1338
f 2260/380/246 2256/377/246 316/379/246
f 2261/380/1340 3231/381/1600 314/377/245
f 2261/380/1340 3569/382/1666 3231/381/1600
f 435/383/342 3569/382/1666 2261/380/1340
f 435/384/342 2262/385/1341 430/386/339
f 435/384/342 2194/387/1317 2262/385/1341
f 2261/388/1340 3570/384/1667 336/387/262
f 317/388/247 319/386/247 318/384/247
f 2263/304/215 2265/389/215 280/302/215
f 2267/390/1342 2266/389/1342 2264/304/1342
f 3992/390/1748 3784/391/1705 320/389/248
f 3992/390/1748 2268/392/1343 3784/391/1705
f 3322/393/1617 2268/392/1343 3992/390/1748
f 3141/394/1581 2268/392/1343 3322/393/1617
f 3141/394/1581 473/395/370 2268/392/1343
f 4004/396/1751 473/395/370 3141/394/1581
f 4005/396/249 4144/397/249 321/395/249
f 4006/396/251 324/398/251 323/397/251
f 2272/399/250 2269/398/250 322/396/250
f 2273/400/252 2270/398/252 325/399/252
f 2275/401/1344 2271/398/1344 2274/400/1344
f 3235/402/253 2276/401/253 326/400/253
f 3571/403/254 327/401/254 3236/402/254
f 4007/404/256 329/403/256 3237/402/256
f 4009/405/255 4008/404/255 328/402/255
f 332/406/257 330/404/257 4010/405/257
f 2280/407/258 2277/406/258 331/405/258
f 2281/397/259 2278/406/259 333/407/259
f 2282/397/1345 2284/379/1345 2279/406/1345
f 2283/397/261 2851/408/261 335/379/261
f 1729/409/1159 336/408/262 334/397/260
f 1729/409/1159 2194/312/1317 336/408/262
f 2216/410/1323 2194/312/1317 1729/409/1159
f 4142/311/1774 2194/312/1317 2216/410/1323
f 376/411/297 4248/412/1784 4249/413/1785
f 376/411/297 337/414/263 4248/412/1784
f 376/411/297 3238/415/1601 337/414/263
f 2324/416/1359 3239/415/1602 376/411/297
f 3572/416/1603 3573/417/1603 3240/415/1603
f 4011/418/265 3574/417/265 339/416/265
f 4012/418/1668 4145/419/1668 3575/417/1668
f 343/420/267 4146/419/267 341/418/267
f 2286/421/1346 4147/419/1346 2285/420/1346
f 2852/422/1347 4148/419/1347 2287/421/1347
f 3245/423/1522 4149/419/1522 2853/422/1522
f 3579/424/1606 4150/419/1606 3246/423/1606
f 3582/424/268 3576/417/268 342/419/268
f 3580/424/266 3242/415/266 340/417/266
f 3581/424/1604 3583/425/1604 3241/415/1604
f 3251/423/271 3584/425/271 347/424/271
f 3247/423/272 3586/426/272 348/425/272
f 3248/423/273 3587/427/273 349/426/273
f 3249/423/274 2292/424/274 350/427/274
f 3250/423/1349 2293/428/1349 2289/424/1349
f 2854/422/270 2298/428/270 346/423/270
f 2857/429/1350 2294/428/1350 2855/422/1350
f 2860/430/1351 2295/428/1351 2858/429/1351
f 467/431/364 4014/432/1752 3815/433/1712
f 467/431/364 4015/434/1753 4014/432/1752
f 4013/431/280 357/410/280 356/434/280
f 2305/397/279 2301/410/279 355/431/279
f 2307/435/1354 2302/410/1354 2306/397/1354
f 2861/436/281 2308/435/281 358/397/281
f 3258/437/1355 2309/435/1355 2862/436/1355
f 3590/438/283 3261/437/283 360/436/283
f 4016/439/1609 3262/437/1609 3591/438/1609
f 4151/440/285 4017/439/285 362/438/285
f 2315/400/287 4018/439/287 364/440/287
f 2316/441/1356 4019/439/1356 2314/400/1356
f 4343/376/288 2320/441/288 365/400/288
f 2863/442/1357 2317/441/1357 4346/376/1357
f 315/378/244 2864/442/244 313/376/244
f 2867/443/1339 2865/442/1339 2258/378/1339
f 2869/444/291 2866/442/291 368/443/291
f 2318/441/290 367/442/290 2868/444/290
f 2870/445/292 2319/441/292 369/444/292
f 4020/439/289 366/441/289 370/445/289
f 3259/437/286 363/439/286 2871/445/286
f 3264/446/1523 3260/437/1523 2872/445/1523
f 2310/435/284 361/437/284 3263/446/284
f 2322/447/293 2311/435/293 371/446/293
f 2303/410/282 359/435/282 2321/447/282
f 373/448/294 2304/410/294 372/447/294
f 2227/345/1329 422/344/332 3773/342/1696
f 2227/345/1329 374/343/295 422/344/332
f 375/449/296 4249/450/1785 493/451/385
f 2323/452/1358 4249/450/1785 375/449/296
f 2323/452/1358 376/453/297 4249/450/1785
f 2323/452/1358 2324/454/1359 376/453/297
f 377/455/298 2324/454/1359 2323/452/1358
f 377/455/298 3265/456/1610 2324/454/1359
f 3613/457/1673 3266/456/1611 377/455/298
f 3592/457/299 4021/458/299 378/456/299
f 4153/459/300 380/458/300 379/457/300
f 4154/459/302 382/460/302 4022/458/302
f 2328/461/301 2325/460/301 381/459/301
f 2329/462/303 2326/460/303 383/461/303
f 384/462/238 306/366/238 2327/460/238
f 3483/387/1640 3783/463/1704 3784/385/1705
f 385/387/304 3785/384/304 386/463/304
f 4337/386/307 2335/387/307 390/384/307
f 391/388/306 389/387/306 388/386/306
f 2491/464/1420 3786/464/1706 423/465/333
f 2491/464/1420 392/466/308 3786/464/1706
f 3787/466/1707 392/466/308 2491/464/1420
f 3787/466/1707 2375/467/1375 392/466/308
f 307/467/239 2375/467/1375 3787/466/1707
f 422/342/332 4252/343/1787 393/344/309
f 422/342/332 374/345/295 4252/343/1787
f 4236/384/312 4239/385/312 396/387/312
f 397/386/311 395/385/311 4237/384/311
f 3030/385/1559 3029/386/1559 4238/384/1559
f 399/387/310 398/385/310 394/384/310
f 3824/387/1718 3825/463/1718 3828/385/1718
f 3829/384/313 3826/463/313 400/387/313
f 404/387/316 3827/463/316 403/384/316
f 2349/387/314 2350/385/314 401/463/314
f 2917/225/1532 406/334/318 62/241/51
f 2916/224/1531 406/334/318 2917/225/1532
f 3170/227/1587 406/334/318 2916/224/1531
f 3171/227/1588 3793/332/1708 406/334/318
f 4045/468/1760 4046/469/1761 4240/470/1781
f 4045/468/1760 2351/471/1364 4046/469/1761
f 4045/468/1760 2685/472/1478 2351/471/1364
f 3794/473/1709 2685/472/1478 4045/468/1760
f 3793/474/1708 3794/475/1709 4045/476/1760
f 3793/474/1708 475/477/372 3794/475/1709
f 618/344/482 407/345/319 2367/342/1371
f 618/344/482 425/343/334 407/345/319
f 3795/478/322 3796/479/322 410/480/322
f 3799/481/320 3797/479/320 408/478/320
f 3830/482/1710 3798/479/1710 3800/481/1710
f 3832/482/321 3801/483/321 409/479/321
f 3831/482/1665 3566/374/1665 3802/483/1665
f 3833/482/325 414/484/325 3567/374/325
f 3834/482/1560 3032/485/1560 3031/484/1560
f 411/481/323 415/485/323 412/482/323
f 3033/486/278 2296/428/278 354/430/278
f 3034/486/1352 2356/487/1352 2297/428/1352
f 418/488/328 2357/487/1365 416/486/326
f 3803/488/1366 2360/489/1366 2358/487/1366
f 420/490/330 2361/489/1367 418/488/328
f 420/490/330 421/491/331 2362/489/1368
f 420/490/330 308/492/240 421/491/331
f 309/493/241 308/492/240 420/490/330
f 422/494/332 3804/495/1711 4038/496/1758
f 393/497/309 3804/495/1711 422/494/332
f 2491/498/1420 3804/495/1711 393/497/309
f 2491/498/1420 2366/499/1370 3804/495/1711
f 423/500/333 2366/499/1370 2491/498/1420
f 28/36/26 29/38/26 424/501/26
f 3677/502/1683 494/503/386 495/504/387
f 62/241/51 494/503/386 3677/502/1683
f 406/334/318 494/503/386 62/241/51
f 406/505/318 4240/506/1781 494/507/386
f 3793/508/1708 4240/506/1781 406/505/318
f 3793/508/1708 4045/509/1760 4240/506/1781
f 2367/510/1371 2351/471/1364 618/511/482
f 2367/510/1371 4046/469/1761 2351/471/1364
f 497/512/389 4046/469/1761 2367/510/1371
f 496/513/388 4046/469/1761 497/512/389
f 496/513/388 4240/470/1781 4046/469/1761
f 494/514/386 4240/470/1781 496/513/388
f 618/342/482 3776/343/1699 425/345/334
f 618/342/482 451/344/352 3776/343/1699
f 3838/343/1719 3839/342/1720 2380/344/1377
f 3838/343/1719 3840/345/1721 3839/342/1720
f 3839/342/1720 2368/343/1372 447/344/350
f 3839/342/1720 3840/345/1721 2368/343/1372
f 3786/344/1706 3776/345/1699 451/342/352
f 3786/344/1706 616/343/480 3776/345/1699
f 2375/515/1375 307/515/239 3053/516/1563
f 296/342/229 3035/343/1561 426/344/335
f 296/342/229 427/345/336 3035/343/1561
f 307/342/239 297/343/230 488/344/382
f 307/342/239 428/345/337 297/343/230
f 2355/487/276 2290/424/276 352/428/276
f 2359/489/327 2291/424/327 417/487/327
f 2365/489/275 3588/427/275 351/424/275
f 2363/489/1369 4244/517/1369 3589/427/1369
f 2364/489/338 2372/518/338 429/517/338
f 421/491/331 430/518/339 419/489/329
f 308/492/240 430/518/339 421/491/331
f 308/492/240 435/519/342 430/518/339
f 3569/520/1666 435/519/342 308/492/240
f 3805/386/341 3806/387/341 433/385/341
f 434/384/340 432/387/340 431/386/340
f 435/388/342 336/384/262 2194/387/1317
f 435/388/342 2261/386/1340 336/384/262
f 413/483/324 3230/372/1599 3215/370/1595
f 413/483/324 311/374/243 3230/372/1599
f 115/38/94 4338/36/94 436/501/94
f 3611/521/1671 3807/522/1671 3809/523/1671
f 3810/299/1672 3808/522/1672 3612/521/1672
f 3811/299/344 3841/300/344 438/522/344
f 440/299/345 442/301/345 441/300/345
f 3036/524/347 2185/297/347 444/298/347
f 3037/524/212 3039/296/212 275/297/212
f 3038/524/348 3040/525/348 445/296/348
f 3042/294/346 3041/525/346 443/524/346
f 3842/526/1722 483/525/377 446/294/349
f 3842/526/1722 4250/292/1786 483/525/377
f 3842/526/1722 447/527/350 4250/292/1786
f 3842/526/1722 3839/528/1720 447/527/350
f 3842/526/1722 2380/529/1377 3839/528/1720
f 3842/530/1722 377/531/298 2380/532/1377
f 3842/530/1722 3613/533/1673 377/531/298
f 3610/521/1670 3613/533/1673 3842/530/1722
f 437/521/343 439/523/343 448/533/343
f 3043/534/1348 3044/535/1348 2288/421/1348
f 2859/429/351 3045/535/351 449/534/351
f 2856/422/277 3046/535/277 353/429/277
f 345/422/269 344/421/269 450/535/269
f 2685/495/1478 618/498/482 2351/536/1364
f 2685/495/1478 451/537/352 618/498/482
f 2685/495/1478 3786/498/1706 451/537/352
f 3794/475/1709 3786/498/1706 2685/495/1478
f 3794/475/1709 423/500/333 3786/498/1706
f 475/477/372 423/500/333 3794/475/1709
f 477/538/374 423/500/333 475/477/372
f 2374/539/1374 423/500/333 477/538/374
f 2374/539/1374 2366/499/1370 423/500/333
f 293/474/226 2366/499/1370 2374/539/1374
f 293/474/226 3562/540/1663 2366/499/1370
f 497/342/389 407/343/319 462/345/361
f 497/342/389 2367/344/1371 407/343/319
f 2375/342/1375 2368/343/1372 2376/345/1376
f 2375/342/1375 447/344/350 2368/343/1372
f 452/345/353 2375/344/1375 2376/343/1376
f 452/345/353 392/342/308 2375/344/1375
f 3812/541/1605 3243/415/1605 3585/425/1605
f 3482/542/354 3244/415/354 453/541/354
f 3483/542/1640 337/414/263 338/415/264
f 3483/542/1640 4248/412/1784 337/414/263
f 3815/543/1712 4248/412/1784 3483/542/1640
f 3815/543/1712 4014/544/1752 4248/412/1784
f 454/387/355 2377/463/355 2378/384/355
f 430/387/339 2262/385/1341 455/463/356
f 3813/386/359 3814/387/359 459/388/359
f 457/386/358 460/384/358 458/387/358
f 3560/338/1661 294/340/227 461/545/360
f 2380/342/1377 462/343/361 3838/345/1719
f 2380/342/1377 497/344/389 462/343/361
f 452/345/353 3786/344/1706 392/342/308
f 452/345/353 616/343/480 3786/344/1706
f 3843/386/363 3844/387/363 465/384/363
f 466/385/362 464/387/362 463/386/362
f 3815/388/1712 473/384/370 467/386/364
f 3815/388/1712 2268/387/1343 473/384/370
f 3845/546/1717 3849/547/1717 3821/548/1717
f 3852/549/366 469/547/366 3846/546/366
f 2381/388/369 2382/384/369 472/386/369
f 467/388/364 473/387/370 471/384/368
f 3857/550/1724 475/551/372 3793/552/1708
f 3859/553/371 3858/551/371 474/550/371
f 3860/553/1725 477/554/374 475/551/372
f 3861/553/1726 2374/555/1374 477/554/374
f 3048/556/373 2383/555/373 476/553/373
f 478/556/375 293/557/226 2374/555/1374
f 3049/463/317 3050/387/317 405/385/317
f 479/463/357 456/384/357 480/387/357
f 4248/558/1784 493/559/385 4249/560/1785
f 4248/558/1784 3820/548/1716 493/559/385
f 4014/561/1752 3820/548/1716 4248/558/1784
f 4014/561/1752 3848/546/1723 3820/548/1716
f 3486/562/1641 3847/546/1641 4245/561/1641
f 3854/549/365 468/546/365 481/562/365
f 482/563/376 3855/549/376 3485/562/376
f 3815/384/1712 3784/385/1705 2268/387/1343
f 3815/384/1712 3483/386/1640 3784/385/1705
f 2375/564/1375 4250/565/1786 447/566/350
f 2375/564/1375 483/567/377 4250/565/1786
f 3053/568/1563 483/567/377 2375/564/1375
f 3053/568/1563 3056/569/1565 483/567/377
f 3487/570/1564 3057/569/1564 3054/568/1564
f 3488/570/378 3816/571/378 484/569/378
f 3489/570/380 3491/569/380 486/571/380
f 3055/568/379 3490/569/379 485/570/379
f 3053/568/1563 3492/572/1642 487/569/381
f 307/564/239 3492/572/1642 3053/568/1563
f 307/564/239 270/573/208 3492/572/1642
f 488/574/382 270/573/208 307/564/239
f 4038/349/1758 3773/575/1696 422/576/332
f 3561/346/1662 3773/575/1696 4038/349/1758
f 3561/346/1662 426/577/335 3773/575/1696
f 3561/346/1662 3817/578/1713 426/577/335
f 3560/348/1661 3817/578/1713 3561/346/1662
f 3560/348/1661 461/579/360 3817/578/1713
f 3389/194/1626 27/33/25 4348/35/1795
f 489/315/383 490/317/383 491/316/383
f 3818/319/1714 3819/318/1715 3389/320/1626
f 3818/319/1714 3820/321/1716 492/318/384
f 3818/319/1714 493/322/385 3820/321/1716
f 3818/324/1714 375/323/296 493/325/385
f 4127/326/1771 375/323/296 3818/324/1714
f 3677/327/1683 375/323/296 4127/326/1771
f 3677/327/1683 2323/328/1358 375/323/296
f 495/329/387 2323/328/1358 3677/327/1683
f 495/329/387 377/330/298 2323/328/1358
f 494/27/386 377/26/298 495/29/387
f 496/28/388 377/26/298 494/27/386
f 496/28/388 2380/331/1377 377/26/298
f 497/580/389 2380/581/1377 496/582/388
f 2396/583/391 499/584/391 2397/585/391
f 2400/586/390 498/583/390 2398/585/390
f 3495/587/1382 2401/586/1382 2399/585/1382
f 3756/588/393 501/586/393 3496/587/393
f 3863/589/394 503/588/394 3497/587/394
f 3853/549/395 504/589/395 3499/587/395
f 3851/547/367 470/549/367 3498/587/367
f 500/585/392 3850/547/392 502/587/392
f 4251/463/305 506/387/305 387/384/305
f 505/463/315 402/385/315 4168/387/315
f 427/590/336 507/591/396 3035/592/1561
f 427/590/336 508/593/397 507/591/396
f 427/590/336 2974/594/1544 508/593/397
f 2846/595/1520 2974/594/1544 427/590/336
f 2846/595/1520 509/596/398 2974/594/1544
f 297/597/230 509/596/398 2846/595/1520
f 428/598/337 509/596/398 297/597/230
f 428/598/337 2975/599/1545 509/596/398
f 2976/600/1546 2975/599/1545 428/598/337
f 2976/600/1546 3500/601/1644 2975/599/1545
f 4366/602/1799 3500/601/1644 2976/600/1546
f 4366/602/1799 3866/603/1727 3500/601/1644
f 4252/604/1787 3866/603/1727 4366/602/1799
f 4252/604/1787 2402/605/1383 3866/603/1727
f 4252/604/1787 2403/606/1384 2402/605/1383
f 374/607/295 2403/606/1384 4252/604/1787
f 2227/608/1329 2403/606/1384 374/607/295
f 2227/608/1329 2977/609/1547 2403/606/1384
f 2227/608/1329 507/591/396 2977/609/1547
f 3035/592/1561 507/591/396 2227/608/1329
f 2977/609/1547 4371/610/1804 4373/611/1806
f 507/591/396 4371/610/1804 2977/609/1547
f 507/591/396 4372/612/1805 4371/610/1804
f 508/593/397 4372/612/1805 507/591/396
f 2974/594/1544 4372/612/1805 508/593/397
f 2974/594/1544 4367/613/1800 4372/612/1805
f 2974/594/1544 4368/614/1801 4367/613/1800
f 509/596/398 4368/614/1801 2974/594/1544
f 2975/599/1545 4368/614/1801 509/596/398
f 2975/599/1545 4369/615/1802 4368/614/1801
f 3500/601/1644 4369/615/1802 2975/599/1545
f 3500/601/1644 4370/616/1803 4369/615/1802
f 3866/603/1727 4370/616/1803 3500/601/1644
f 3866/603/1727 4376/617/1809 4370/616/1803
f 2402/605/1383 4376/617/1809 3866/603/1727
f 2402/605/1383 4375/618/1808 4376/617/1809
f 2402/605/1383 4374/619/1807 4375/618/1808
f 2403/606/1384 4374/619/1807 2402/605/1383
f 2977/609/1547 4374/619/1807 2403/606/1384
f 2977/609/1547 4373/611/1806 4374/619/1807
f 2460/620/1406 2406/621/1387 615/622/479
f 2407/623/1388 2406/621/1387 512/624/401
f 513/625/402 2406/621/1387 2407/623/1388
f 513/625/402 615/622/479 2406/621/1387
f 4255/626/405 4257/627/405 516/628/405
f 4256/626/1389 2408/628/1389 2409/629/1389
f 2980/630/1548 514/626/403 2410/629/1390
f 2980/630/1548 517/629/406 2981/631/1549
f 2980/630/1548 2981/631/1549 3503/632/1647
f 2980/630/1548 3503/632/1647 3504/626/1648
f 2980/630/1548 3504/626/1648 3894/631/1736
f 2980/630/1548 3894/631/1736 4088/626/1764
f 2980/630/1548 4088/626/1764 642/633/500
f 514/626/403 2980/630/1548 642/633/500
f 514/626/403 642/633/500 515/627/404
f 2800/634/1504 4377/635/1810 4378/636/1811
f 2983/637/1551 4377/635/1810 2800/634/1504
f 2983/637/1551 4380/638/1813 4377/635/1810
f 3867/639/1728 4380/638/1813 2983/637/1551
f 3867/639/1728 4381/640/1814 4380/638/1813
f 519/641/408 4381/640/1814 3867/639/1728
f 519/641/408 4384/642/1817 4381/640/1814
f 519/641/408 4386/643/1819 4384/642/1817
f 2411/644/1391 4386/643/1819 519/641/408
f 2411/644/1391 3505/645/1649 4386/643/1819
f 4025/646/1755 4029/647/1755 4031/624/1755
f 2413/648/1393 4030/647/1393 4026/646/1393
f 2412/648/1392 2414/631/1394 522/647/411
f 2415/649/1395 2414/631/1394 2412/648/1392
f 3763/650/1694 524/651/412 2470/652/1413
f 3763/650/1694 2470/652/1413 2981/653/1549
f 3763/650/1694 2981/653/1549 2685/654/1478
f 3786/655/1706 3763/650/1694 2685/654/1478
f 2676/656/1475 2991/657/1475 2993/658/1475
f 2995/659/1476 2992/657/1476 2677/656/1476
f 2996/659/414 3507/657/414 526/657/414
f 2997/659/416 3868/657/416 529/657/416
f 3870/656/1553 3869/657/1553 2998/659/1553
f 3871/656/417 532/658/417 530/657/417
f 2419/660/1396 2417/658/1396 3872/656/1396
f 2420/660/1397 2424/661/1397 2418/658/1397
f 2421/660/1398 3001/662/1398 2425/661/1398
f 2422/660/1399 3004/663/1399 3002/662/1399
f 2423/660/1400 2680/664/1400 3005/663/1400
f 3873/656/419 2683/664/419 533/660/419
f 2999/659/418 2681/664/418 531/656/418
f 2675/656/415 2679/664/415 528/659/415
f 3007/665/1477 2682/664/1477 2678/656/1477
f 3011/665/423 3006/663/423 537/664/423
f 3010/665/422 3003/662/422 536/663/422
f 3008/665/421 2426/661/421 535/662/421
f 3009/665/420 2994/658/420 534/661/420
f 525/656/413 527/658/413 538/665/413
f 539/666/424 2427/666/1401 540/666/425
f 539/666/424 2428/666/1402 2427/666/1401
f 3509/666/1650 2428/666/1402 539/666/424
f 3510/666/426 3511/666/426 541/666/426
f 3764/666/427 3512/666/427 542/666/427
f 3765/666/428 3874/666/428 543/666/428
f 4032/666/429 3875/666/429 544/666/429
f 4033/666/430 547/666/430 545/666/430
f 4034/666/1403 2430/666/1403 2429/666/1403
f 3012/666/431 2431/666/431 546/666/431
f 3013/666/433 2432/666/433 549/666/433
f 3014/666/432 3016/666/432 548/666/432
f 3015/666/435 3766/666/435 551/666/435
f 3768/666/434 3767/666/434 550/666/434
f 3769/666/436 4035/666/436 552/666/436
f 555/666/437 4036/666/437 553/666/437
f 2433/666/438 2435/666/438 554/666/438
f 556/666/439 639/666/497 2434/666/1404
f 556/666/439 3017/666/1554 639/666/497
f 557/666/440 3017/666/1554 556/666/439
f 4037/667/1757 4038/668/1758 2407/669/1388
f 4037/667/1757 3804/654/1711 4038/668/1758
f 2439/670/1405 3804/654/1711 4037/667/1757
f 2439/670/1405 2414/670/1394 3804/654/1711
f 3018/671/1555 2414/670/1394 2439/670/1405
f 3018/671/1555 3513/672/1651 2414/670/1394
f 3770/673/1695 3514/672/1652 3018/671/1555
f 3771/673/441 3876/655/441 558/672/441
f 561/674/442 560/655/442 559/673/442
f 2440/675/445 2441/666/445 564/676/445
f 562/675/443 565/677/444 563/666/444
f 3877/678/1729 3879/679/1729 3881/680/1729
f 3878/678/1730 3883/681/1730 3880/679/1730
f 570/682/447 3882/680/447 567/679/447
f 2442/682/448 571/683/450 568/680/448
f 3393/684/1629 3515/685/1629 3517/686/1629
f 572/684/451 3519/687/451 3516/685/451
f 4262/666/1788 577/675/455 578/676/456
f 576/666/454 2484/688/1417 577/675/455
f 3521/689/459 3524/690/459 581/691/459
f 3522/689/458 3525/692/458 580/690/458
f 3523/689/460 3526/690/460 582/692/460
f 3529/691/457 3527/690/457 579/689/457
f 585/689/462 3528/690/462 584/691/462
f 2444/689/461 2447/692/461 583/690/461
f 2445/689/463 2448/690/463 586/692/463
f 588/691/464 587/690/464 2446/689/464
f 3885/692/466 3886/691/466 591/689/466
f 589/692/465 592/690/465 590/691/465
f 2449/693/469 2450/666/469 595/676/469
f 2453/677/467 2451/666/467 593/693/467
f 3019/693/470 2452/666/470 596/677/470
f 597/693/468 598/676/468 594/666/468
f 4263/693/472 4264/666/472 601/677/472
f 599/693/471 602/676/471 600/666/471
f 3530/691/474 3531/692/474 605/690/474
f 603/691/473 606/689/473 604/692/473
f 4265/691/476 4266/692/476 609/689/476
f 607/691/475 610/690/475 608/692/475
f 3532/692/1653 639/691/497 613/690/478
f 611/692/477 614/689/477 612/691/477
f 2460/694/1406 513/695/402 2407/669/1388
f 615/696/479 513/695/402 2460/694/1406
f 2469/697/1412 619/698/483 3774/699/1697
f 3775/700/1698 2469/697/1412 3774/699/1697
f 3775/700/1698 3774/699/1697 4044/701/1759
f 3838/702/1719 2800/634/1504 3840/703/1721
f 3838/702/1719 2983/637/1551 2800/634/1504
f 462/704/361 2983/637/1551 3838/702/1719
f 462/704/361 3867/639/1728 2983/637/1551
f 407/705/319 3867/639/1728 462/704/361
f 407/705/319 519/641/408 3867/639/1728
f 425/706/334 519/641/408 407/705/319
f 425/706/334 2411/644/1391 519/641/408
f 3776/707/1699 2411/644/1391 425/706/334
f 3776/707/1699 3505/645/1649 2411/644/1391
f 3776/707/1699 3887/708/1731 3505/645/1649
f 616/709/480 3887/708/1731 3776/707/1699
f 616/709/480 2461/710/1407 3887/708/1731
f 452/711/353 2461/710/1407 616/709/480
f 452/711/353 2462/712/1408 2461/710/1407
f 2376/713/1376 2462/712/1408 452/711/353
f 2376/713/1376 2801/714/1505 2462/712/1408
f 2368/715/1372 2801/714/1505 2376/713/1376
f 3840/703/1721 2801/714/1505 2368/715/1372
f 2800/634/1504 2801/714/1505 3840/703/1721
f 4378/636/1811 2801/714/1505 2800/634/1504
f 4378/636/1811 2462/712/1408 2801/714/1505
f 4379/716/1812 2462/712/1408 4378/636/1811
f 4379/716/1812 2461/710/1407 2462/712/1408
f 4382/717/1815 2461/710/1407 4379/716/1812
f 4382/717/1815 3887/708/1731 2461/710/1407
f 4383/718/1816 3887/708/1731 4382/717/1815
f 4383/718/1816 3505/645/1649 3887/708/1731
f 4385/719/1818 3505/645/1649 4383/718/1816
f 4386/643/1819 3505/645/1649 4385/719/1818
f 3533/647/1654 618/720/482 4044/721/1759
f 3534/628/1655 3533/647/1654 4044/721/1759
f 3889/722/1733 3534/628/1655 4044/721/1759
f 3889/722/1733 4044/721/1759 3774/723/1697
f 3889/722/1733 3774/723/1697 619/724/483
f 3889/722/1733 619/724/483 2469/725/1412
f 3889/722/1733 2469/725/1412 3775/720/1698
f 3534/628/1655 3889/722/1733 3775/720/1698
f 3533/647/1654 3534/628/1655 3775/720/1698
f 3533/647/1654 3775/720/1698 620/646/484
f 3533/647/1654 620/646/484 3894/631/1736
f 3533/647/1654 3894/631/1736 3504/626/1648
f 618/720/482 3533/647/1654 3504/626/1648
f 451/624/352 618/720/482 3504/626/1648
f 3786/624/1706 451/624/352 3504/626/1648
f 3786/624/1706 3504/626/1648 3777/626/1700
f 3763/623/1694 3786/624/1706 3777/626/1700
f 524/646/412 3763/623/1694 3777/626/1700
f 2470/726/1413 524/646/412 3777/626/1700
f 2981/631/1549 2470/726/1413 3777/626/1700
f 2981/631/1549 3777/626/1700 3504/626/1648
f 2981/631/1549 3504/626/1648 3503/632/1647
f 3535/693/486 3536/666/486 623/676/486
f 621/693/485 624/677/485 622/666/485
f 3890/727/446 3884/681/446 566/678/446
f 3891/727/449 4267/728/449 569/681/449
f 627/729/487 4268/728/487 625/727/487
f 2476/729/488 2479/730/488 626/728/488
f 2477/729/489 2480/731/489 628/730/489
f 2482/732/1416 2481/731/1416 2478/729/1416
f 3892/666/1734 3893/675/1735 562/688/443
f 631/666/491 571/676/450 3893/675/1735
f 2484/675/1417 2485/666/493 634/677/493
f 632/675/492 635/676/492 633/666/492
f 630/732/490 3518/686/490 629/731/490
f 2483/732/453 3392/684/453 574/686/453
f 636/733/494 3520/687/494 578/734/456
f 3779/733/452 573/685/452 575/687/452
f 2427/691/1401 4269/692/496 638/690/496
f 2427/691/1401 2428/689/1402 637/692/495
f 3017/691/1554 613/692/478 639/689/497
f 3017/691/1554 640/690/498 613/692/478
f 2486/650/1418 646/735/503 3391/653/1628
f 2486/650/1418 2414/670/1394 646/735/503
f 2486/650/1418 3804/654/1711 2414/670/1394
f 2491/736/1420 3804/654/1711 2486/650/1418
f 4044/701/1759 618/737/482 2351/738/1364
f 3775/700/1698 4044/701/1759 2351/738/1364
f 620/739/484 3775/700/1698 2351/738/1364
f 620/739/484 2351/738/1364 2685/654/1478
f 3894/670/1736 620/739/484 2685/654/1478
f 3894/670/1736 2685/654/1478 2981/653/1549
f 4088/740/1764 3894/670/1736 2981/653/1549
f 4088/740/1764 2981/653/1549 4169/741/1777
f 642/742/500 4088/740/1764 4170/741/1778
f 2487/742/499 641/741/499 2489/743/499
f 644/744/501 2488/742/501 643/743/501
f 645/726/502 2407/623/1388 512/624/401
f 645/726/502 4037/631/1757 2407/623/1388
f 645/726/502 2439/631/1405 4037/631/1757
f 645/726/502 2490/626/1419 2439/631/1405
f 2491/624/1420 2490/626/1419 393/624/309
f 2491/624/1420 3052/646/1562 2490/626/1419
f 2486/633/1418 3052/646/1562 2491/624/1420
f 3391/646/1628 3052/646/1562 2486/633/1418
f 646/726/503 3052/646/1562 3391/646/1628
f 2414/631/1394 3052/646/1562 646/726/503
f 2414/631/1394 2490/626/1419 3052/646/1562
f 2415/649/1395 2490/626/1419 2414/631/1394
f 2412/648/1392 2490/626/1419 2415/649/1395
f 2412/648/1392 2439/631/1405 2490/626/1419
f 2412/648/1392 3018/626/1555 2439/631/1405
f 2412/648/1392 3770/633/1695 3018/626/1555
f 4027/646/1756 3770/633/1695 2412/648/1392
f 4028/646/504 4089/745/504 647/633/504
f 521/646/410 523/624/410 648/745/410
f 3139/746/1580 3394/747/1630 2584/748/1450
f 3139/746/1580 3395/749/1631 3394/747/1630
f 3139/746/1580 3895/750/1737 3395/749/1631
f 3440/751/1635 3895/750/1737 3139/746/1580
f 3440/751/1635 4090/752/1765 3895/750/1737
f 2492/753/1421 2495/754/1421 2500/755/1421
f 3728/756/510 3730/757/510 655/758/510
f 3729/756/1690 3732/759/1690 3731/757/1690
f 3737/760/508 3733/759/508 653/756/508
f 3738/760/1426 2507/761/1426 3734/759/1426
f 2508/762/511 2505/761/511 657/760/511
f 2511/763/513 2506/761/513 659/762/513
f 660/763/512 3735/759/512 658/761/512
f 3396/764/1429 3736/759/1429 2512/763/1429
f 661/764/509 654/757/509 656/759/509
f 3896/765/505 649/752/505 663/766/505
f 4175/767/517 4179/768/517 666/769/517
f 4176/767/516 667/770/516 665/768/516
f 4177/767/1430 2519/771/1430 2514/770/1430
f 4178/767/1431 3089/772/1431 2520/771/1431
f 3739/773/515 3090/772/515 664/767/515
f 3740/773/1568 3746/774/1568 3091/772/1568
f 3741/773/1691 3897/775/1691 3747/774/1691
f 3900/776/1692 3898/775/1692 3742/773/1692
f 674/777/523 3899/775/523 673/776/523
f 2524/777/522 3748/774/522 672/775/522
f 2525/778/1432 3749/774/1432 2521/777/1432
f 3094/779/524 3750/774/524 675/778/524
f 676/779/521 3092/772/521 671/774/521
f 3095/779/1569 3101/780/1569 3093/772/1569
f 3104/781/1570 3102/780/1570 3096/779/1570
f 2498/754/1423 3100/780/1423 3103/781/1423
f 2497/754/525 3088/772/525 677/780/525
f 2496/754/519 2518/771/519 669/772/519
f 2494/753/1422 2517/771/1422 2499/754/1422
f 2493/753/518 2513/770/518 668/771/518
f 2501/755/506 2516/770/506 650/753/506
f 2502/755/1424 3107/782/1424 2515/770/1424
f 2503/755/527 3405/783/527 679/782/527
f 2504/755/1425 3105/781/1425 3407/783/1425
f 652/755/507 651/754/507 3106/781/507
f 3099/779/526 3406/783/526 678/781/526
f 3097/779/1571 3409/784/1571 3408/783/1571
f 2030/785/1263 3410/784/1263 3098/779/1263
f 2028/785/1261 2526/786/1261 3411/784/1261
f 2529/787/1262 2527/786/1262 2029/785/1262
f 3112/788/1433 2528/786/1433 2530/787/1433
f 3115/788/530 3412/784/530 683/786/530
f 3113/788/1574 3751/789/1574 3413/784/1574
f 3114/788/1575 3416/790/1575 3752/789/1575
f 2531/787/532 3415/790/532 685/788/532
f 3419/791/1434 3417/790/1434 2532/787/1434
f 3902/792/1632 3418/790/1632 3420/791/1632
f 3901/792/534 3753/789/534 687/790/534
f 689/792/533 3414/784/533 686/789/533
f 680/783/528 681/784/528 3903/792/528
f 2540/793/514 662/765/514 691/794/514
f 690/793/536 692/795/536 2541/796/536
f 3421/791/1576 3124/797/1576 3127/798/1576
f 3422/791/1577 3130/799/1577 3125/797/1577
f 2533/787/535 3131/799/535 688/791/535
f 3427/800/1435 3132/799/1435 2534/787/1435
f 3136/801/1579 3133/799/1579 3428/800/1579
f 3134/801/539 3126/797/539 695/799/539
f 3135/801/537 3128/798/537 693/797/537
f 3433/802/1578 3129/798/1578 3137/801/1578
f 3434/802/538 3437/801/538 694/798/538
f 2548/803/1439 3438/801/1439 3435/802/1439
f 2545/803/1437 2549/804/1440 3439/801/1634
f 2551/805/1442 2549/804/1440 2546/803/1438
f 2551/805/1442 3139/806/1580 2549/804/1440
f 2551/805/1442 3440/807/1635 3139/806/1580
f 2551/805/1442 3429/800/1633 3440/807/1635
f 2550/805/1441 2553/808/1441 3430/800/1441
f 2547/803/543 2552/808/543 700/805/543
f 3436/802/542 2555/808/542 699/803/542
f 3138/801/541 2554/808/541 698/802/541
f 697/801/540 696/800/540 702/808/540
f 4208/809/547 4209/810/547 705/811/547
f 706/812/545 4210/810/545 703/809/545
f 707/813/548 4211/810/548 3140/812/548
f 2557/813/546 2556/811/546 704/810/546
f 3440/807/1635 3444/814/1636 4090/815/1765
f 3431/800/544 3445/814/544 701/807/544
f 2535/787/1436 3443/814/1436 3432/800/1436
f 2536/787/549 3446/815/549 708/814/549
f 2031/816/1260 2027/785/1260 2522/777/1260
f 2032/816/529 2537/787/529 682/785/529
f 2033/816/531 710/817/531 684/787/531
f 2523/777/550 2558/817/550 709/816/550
f 711/818/551 3060/819/551 4055/820/551
f 2509/762/1427 3059/819/1427 3058/818/1427
f 3062/821/1428 3061/819/1428 2510/762/1428
f 714/821/552 713/820/552 712/819/552
f 715/822/553 717/823/555 743/796/576
f 3447/824/1637 717/825/555 715/826/553
f 3448/827/1638 717/825/555 716/824/554
f 3448/827/1638 3707/828/1689 717/825/555
f 4056/829/1762 3707/828/1689 3448/827/1638
f 4057/829/556 720/830/556 718/828/556
f 2563/831/557 2559/830/557 719/829/557
f 2564/832/558 2560/830/558 721/831/558
f 2565/832/1443 2566/833/1443 2561/830/1443
f 3449/834/559 2567/833/559 722/832/559
f 2570/835/1444 2568/833/1444 3450/834/1444
f 2569/835/560 2562/830/560 723/833/560
f 3906/836/561 2571/835/561 724/834/561
f 3907/836/562 4058/837/562 725/835/562
f 728/838/563 4059/837/563 726/836/563
f 2573/839/1445 4060/837/1445 2572/838/1445
f 2574/839/564 3063/840/564 727/837/564
f 3439/841/1634 730/840/566 729/839/565
f 3439/841/1634 731/842/567 730/840/566
f 4222/843/1780 731/842/567 3439/841/1634
f 4222/843/1780 732/844/568 731/842/567
f 741/845/575 732/844/568 4222/843/1780
f 741/845/575 2575/846/1446 732/844/568
f 3394/847/1630 2575/846/1446 741/845/575
f 2576/848/1447 2575/846/1446 3394/847/1630
f 2576/848/1447 732/844/568 2575/846/1446
f 3708/849/570 3709/850/570 735/851/570
f 733/849/569 736/852/569 734/850/569
f 737/853/571 2578/854/571 2579/855/571
f 4318/853/572 4180/768/572 738/854/572
f 3439/801/1634 4221/856/1779 4222/857/1780
f 3439/801/1634 2583/858/1449 4221/856/1779
f 2549/804/1440 2583/858/1449 3439/801/1634
f 2549/804/1440 740/859/574 2583/858/1449
f 3139/806/1580 740/859/574 2549/804/1440
f 2584/860/1450 740/859/574 3139/806/1580
f 2584/860/1450 2583/858/1449 740/859/574
f 2584/860/1450 2585/861/1451 2583/858/1449
f 3394/862/1630 2585/861/1451 2584/860/1450
f 741/863/575 2585/861/1451 3394/862/1630
f 741/863/575 2583/858/1449 2585/861/1451
f 741/863/575 4221/856/1779 2583/858/1449
f 4222/857/1780 4221/856/1779 741/863/575
f 3908/864/1693 3911/865/1693 3743/773/1693
f 3909/864/1738 715/866/553 743/865/576
f 2588/867/1452 2586/866/1452 3910/864/1452
f 2589/867/1448 2581/855/1448 2587/866/1448
f 2838/854/577 2580/855/577 744/867/577
f 2839/854/573 3065/868/573 739/855/573
f 745/854/578 3744/773/578 746/868/578
f 3451/869/1515 3745/773/1515 2840/854/1515
f 747/869/520 742/864/520 670/773/520
f 4320/870/580 2590/871/580 750/872/580
f 748/870/579 751/873/579 749/871/579
f 3710/874/582 3711/875/582 754/876/582
f 752/874/581 755/877/581 753/875/581
f 4321/878/584 2591/879/584 758/880/584
f 756/878/583 759/881/583 757/879/583
f 3712/882/586 3713/883/586 762/884/586
f 760/882/585 763/885/585 761/883/585
f 4322/878/588 2592/879/588 766/880/588
f 764/878/587 767/886/587 765/879/587
f 3714/887/591 3715/888/591 770/889/591
f 3717/890/589 3716/888/589 768/887/589
f 3718/890/590 3912/891/590 769/888/590
f 773/892/592 772/891/592 771/890/592
f 3067/893/594 3068/894/594 776/895/594
f 774/893/593 777/896/593 775/894/593
f 4061/897/596 4062/898/596 780/899/596
f 778/897/595 781/900/595 779/898/595
f 3070/901/598 3071/902/598 784/903/598
f 782/901/597 785/904/597 783/902/597
f 4063/904/1763 4066/903/1763 4068/902/1763
f 4064/904/602 789/901/602 4067/903/602
f 3072/901/604 3073/902/604 792/903/604
f 790/901/603 793/904/603 791/902/603
f 4070/905/606 4071/906/606 796/907/606
f 794/905/605 797/900/605 795/906/605
f 3074/901/608 3075/902/608 800/903/608
f 798/901/607 801/908/607 799/902/607
f 4072/896/610 4073/909/610 804/910/610
f 802/896/609 805/894/609 803/909/609
f 3076/908/612 3077/903/612 808/901/612
f 806/908/611 809/911/611 807/903/611
f 4074/902/614 4075/901/614 812/904/614
f 810/902/613 813/903/613 811/901/613
f 3079/912/616 3080/913/616 816/914/616
f 814/912/615 817/915/615 815/913/615
f 4076/916/619 4078/917/619 820/918/619
f 4077/916/1458 2612/919/1458 4079/917/1458
f 2613/920/617 2609/919/617 818/916/617
f 2614/920/1457 2615/921/1457 2610/919/1457
f 3081/922/621 2616/921/621 822/920/621
f 3456/923/622 2617/921/622 824/922/622
f 3457/923/1459 2620/924/1459 2618/921/1459
f 827/925/623 2621/924/623 825/923/623
f 828/926/624 829/927/624 830/928/624
f 3459/901/626 3460/902/626 833/903/626
f 831/901/625 834/904/625 832/902/625
f 4225/908/628 4226/903/628 837/901/628
f 835/908/627 838/911/627 836/903/627
f 4065/904/1460 2623/929/1460 2622/901/1460
f 3461/930/599 2624/929/599 786/904/599
f 3462/930/629 3463/903/629 839/929/629
f 842/911/630 841/903/630 840/930/630
f 2611/919/618 2619/924/618 819/917/618
f 821/919/620 823/921/620 826/924/620
f 4229/931/633 4231/932/633 845/933/633
f 4230/931/632 846/934/632 844/932/632
f 3084/935/631 3082/934/631 843/931/631
f 847/935/634 848/936/634 3083/934/634
f 3913/937/637 3914/938/637 851/939/637
f 3916/940/635 3915/938/635 849/937/635
f 3917/940/636 853/941/636 850/938/636
f 854/942/638 2625/941/638 852/940/638
f 3464/943/641 3465/944/641 857/945/641
f 3467/946/639 3466/944/639 855/943/639
f 858/946/640 859/947/640 856/944/640
f 4327/931/644 2626/948/644 862/933/644
f 4328/931/643 2627/934/643 861/948/643
f 3468/949/642 2628/934/642 860/931/642
f 864/949/645 865/936/645 863/934/645
f 4083/950/648 4085/951/648 868/952/648
f 4084/950/647 2596/953/647 867/951/647
f 2629/954/646 2594/953/646 866/950/646
f 2630/954/1454 2631/955/1454 2595/953/1454
f 3085/956/650 2632/955/650 870/954/650
f 3086/956/1461 3470/957/1461 2633/955/1461
f 3724/958/652 3471/957/652 872/956/652
f 3725/958/1639 3474/959/1639 3472/957/1639
f 4087/960/654 3475/959/654 874/958/654
f 877/961/656 3476/959/656 876/960/656
f 2638/961/1455 2599/962/1455 3477/959/1455
f 2603/963/1456 2600/962/1456 2639/961/1456
f 2602/963/1453 2593/953/1453 2598/962/1453
f 4086/951/649 869/953/649 879/963/649
f 3726/964/658 3727/965/658 882/966/658
f 880/964/657 883/967/657 881/965/657
f 4356/968/1179 1757/969/1179 1792/970/1179
f 2245/971/659 885/969/659 884/968/659
f 2246/971/1178 1758/972/1178 1756/969/1178
f 889/973/661 888/972/661 887/971/661
f 4051/974/663 4052/975/663 892/976/663
f 890/974/662 893/977/662 891/975/662
f 894/978/664 2978/979/664 896/980/664
f 2717/981/1488 2979/979/1488 2716/978/1488
f 2718/981/665 3278/982/665 895/979/665
f 899/983/666 898/982/666 897/981/666
f 4341/984/668 1861/985/668 902/986/668
f 900/984/667 903/987/667 901/985/667
f 3549/988/670 3550/989/670 906/990/670
f 904/988/669 907/991/669 905/989/669
f 4316/992/672 909/993/672 910/994/672
f 908/992/671 911/995/671 1787/993/671
f 3545/996/674 3546/982/674 914/997/674
f 912/996/673 915/998/673 913/982/673
f 4359/999/676 1788/1000/676 918/1001/676
f 916/999/675 919/1002/675 917/1000/675
f 3668/1003/678 3669/1004/678 922/1005/678
f 920/1003/677 923/1006/677 921/1004/677
f 4347/1007/680 1789/1008/680 926/1009/680
f 924/1007/679 927/1010/679 925/1008/679
f 928/1011/681 929/1012/681 930/1013/681
f 4173/1014/683 4174/1015/683 933/1016/683
f 931/1014/682 934/1017/682 932/1015/682
f 3277/1018/685 3425/1019/685 937/1020/685
f 935/1018/684 938/1021/684 936/1019/684
f 4216/1022/687 4217/1023/687 941/1024/687
f 939/1022/686 942/1025/686 940/1023/686
f 943/1026/688 3424/1027/688 945/1001/688
f 3257/1026/689 946/1028/689 944/1027/689
f 4212/1029/691 4298/1030/691 949/1031/691
f 947/1029/690 950/1032/690 948/1030/690
f 3454/1033/693 3455/1034/693 953/1035/693
f 951/1033/692 954/1036/692 952/1034/692
f 4227/1035/695 4228/1036/695 957/1034/695
f 955/1035/694 958/1037/694 956/1036/694
f 3325/1037/697 3453/1036/697 961/1034/697
f 959/1037/696 962/1035/696 960/1036/696
f 4223/1038/699 4224/1039/699 965/1040/699
f 963/1038/698 966/1041/698 964/1039/698
f 3286/1042/701 3481/1036/701 969/1034/701
f 967/1042/700 970/1037/700 968/1036/700
f 971/1043/702 972/1044/702 973/1045/702
f 974/1046/703 975/1047/703 976/1048/703
f 977/1049/704 978/1050/704 979/1050/704
f 980/1049/705 981/1036/705 982/1034/705
f 3285/1051/707 3480/1052/707 985/1053/707
f 983/1051/706 986/1054/706 984/1052/706
f 4219/1055/709 4220/882/709 989/884/709
f 987/1055/708 990/885/708 988/882/708
f 3287/879/711 3469/878/711 993/880/711
f 991/879/710 994/886/710 992/878/710
f 4258/875/713 4259/874/713 997/876/713
f 995/875/712 998/877/712 996/874/712
f 999/1056/714 3423/1057/714 1001/1058/714
f 3156/1056/715 1002/1059/715 1000/1057/715
f 4276/1060/717 4313/910/717 1005/909/717
f 1003/1060/716 1006/900/716 1004/910/716
f 3142/902/719 3276/901/719 1009/903/719
f 1007/902/718 1010/904/718 1008/901/718
f 4294/903/722 4308/904/722 1013/902/722
f 4295/903/723 1014/901/723 4309/904/723
f 3294/902/725 3295/901/725 1017/903/725
f 1015/902/724 1018/904/724 1016/901/724
f 1019/902/726 4296/901/726 1021/903/726
f 4282/902/727 1022/904/727 1020/901/727
f 3296/904/729 3297/903/729 1025/902/729
f 1023/904/728 1026/901/728 1024/903/728
f 4253/1061/731 4254/1062/731 1029/1063/731
f 1027/1061/730 1030/1064/730 1028/1062/730
f 3234/898/733 3452/1065/733 1033/1066/733
f 1031/898/732 1034/900/732 1032/1065/732
f 1035/902/734 4297/901/734 1037/903/734
f 4288/902/735 1038/908/735 1036/901/735
f 3298/902/737 3299/901/737 1041/903/737
f 1039/902/736 1042/904/736 1040/901/736
f 4274/903/739 4275/908/739 1045/901/739
f 1043/903/738 1046/911/738 1044/908/738
f 3300/903/741 3484/908/741 1049/901/741
f 1047/903/740 1050/911/740 1048/908/740
f 2785/929/1499 4310/904/1499 2784/901/1499
f 2786/929/721 4301/930/721 1012/904/721
f 1053/903/742 4302/930/742 1051/929/742
f 1794/903/743 1054/911/743 1052/930/743
f 3301/1067/745 3479/1068/745 1057/1069/745
f 1055/1067/744 1058/1070/744 1056/1068/744
f 4196/1071/747 4197/1072/747 1061/1073/747
f 1059/1071/746 1062/1074/746 1060/1072/746
f 3302/909/749 3352/896/749 1065/910/749
f 1063/909/748 1066/1075/748 1064/896/748
f 4299/901/751 4300/902/751 1069/904/751
f 1067/901/750 1070/903/750 1068/902/750
f 3345/933/754 3346/934/754 1073/932/754
f 3348/931/752 3347/934/752 1071/933/752
f 3349/931/753 3696/936/753 1072/934/753
f 1076/935/755 1075/936/755 1074/931/755
f 1832/1076/1205 1956/1077/1205 1836/1078/1205
f 1838/1079/1206 1957/1077/1206 1833/1076/1206
f 1840/1079/757 2790/1080/757 1078/1077/757
f 3552/1081/760 1081/1080/760 1839/1079/760
f 4305/1082/764 4307/1083/764 1085/1084/764
f 4306/1082/763 1086/1085/763 1084/1083/763
f 2793/1086/762 2791/1085/762 1083/1082/762
f 1087/1086/765 1088/1087/765 2792/1085/765
f 3864/1088/768 3956/1089/768 1091/1090/768
f 3865/1088/767 3932/1091/767 1090/1089/767
f 1093/1092/766 3933/1091/766 1089/1088/766
f 2117/1092/769 1094/1093/769 1092/1091/769
f 3317/1094/771 3318/1095/771 1097/1096/771
f 1095/1094/770 1098/1097/770 1096/1095/770
f 4171/1000/773 4172/1098/773 1101/1001/773
f 1099/1000/772 1102/1099/772 1100/1098/772
f 1103/1008/774 3426/1007/774 1105/1009/774
f 3319/1008/775 1106/1100/775 1104/1007/775
f 4218/1036/777 4287/1035/777 1109/1034/777
f 1107/1036/776 1110/1037/776 1108/1035/776
f 1111/1034/778 3458/1033/778 1113/1035/778
f 3320/1034/779 1114/1036/779 1112/1033/779
f 4232/1036/781 4233/1037/781 1117/1034/781
f 1115/1036/780 1118/1035/780 1116/1037/780
f 1119/1101/782 1120/1102/782 1121/1103/782
f 1122/1104/783 1123/1105/783 1124/1106/783
f 1125/1107/784 1126/1108/784 1127/1109/784
f 1128/1047/785 1129/1110/785 1130/1048/785
f 4181/1111/788 4246/1112/788 1133/1113/788
f 1134/1114/786 4247/1112/786 1131/1111/786
f 2745/1114/787 1135/1115/787 1132/1112/787
f 3698/1116/790 3699/1117/790 1138/1118/790
f 1136/1116/789 1139/1119/789 1137/1117/789
f 4350/1120/792 1141/1121/792 1142/1122/792
f 1140/1120/791 1143/1123/791 1848/1121/791
f 3654/1124/794 3762/1030/794 1146/1040/794
f 1144/1124/793 1147/1125/793 1145/1030/793
f 3323/1037/796 3326/1034/796 1149/1035/796
f 3324/1037/795 1150/1036/795 1148/1034/795
f 3327/1126/798 3506/1127/798 1153/1128/798
f 1151/1126/797 1154/1129/797 1152/1127/797
f 4260/1130/800 4261/1131/800 1157/1132/800
f 1155/1130/799 1158/1133/799 1156/1131/799
f 3328/1134/803 3329/1135/803 1161/1136/803
f 3331/1137/801 3330/1135/801 1159/1134/801
f 1162/1137/802 1163/1138/802 1160/1135/802
f 1164/1139/804 1165/1140/804 1166/1141/804
f 4352/1139/805 1167/1142/805 1863/1140/805
f 3617/1117/807 3618/1116/807 1170/1118/807
f 1171/1143/806 1169/1116/806 1168/1117/806
f 4360/1121/809 1864/1120/809 1174/1144/809
f 1175/1123/808 1173/1120/808 1172/1121/808
f 3700/1027/811 3701/1026/811 1178/1001/811
f 1176/1027/810 1179/1145/810 1177/1026/810
f 4317/1039/813 2544/1038/813 1182/1040/813
f 1180/1039/812 1183/1041/812 1181/1038/812
f 3643/1030/815 3755/1038/815 1186/1040/815
f 1184/1030/814 1187/1125/814 1185/1038/814
f 4315/1146/817 2608/1147/817 1190/1148/817
f 1188/1146/816 1191/1149/816 1189/1147/816
f 3722/1150/819 3723/996/819 1194/1151/819
f 1192/1150/818 1195/1152/818 1193/996/818
f 4330/1008/821 2604/1153/821 1198/1005/821
f 1196/1008/820 1199/1006/820 1197/1153/820
f 3650/1030/823 3721/1154/823 1202/1031/823
f 1200/1030/822 1203/1125/822 1201/1154/822
f 4354/1036/825 1883/1042/825 1206/1034/825
f 1204/1036/824 1207/1037/824 1205/1042/824
f 1208/1034/826 4234/1037/826 1209/1035/826
f 3651/1034/827 1210/1155/827 4235/1037/827
f 4311/1052/829 4312/1051/829 1213/1053/829
f 1211/1052/828 1214/1156/828 1212/1051/828
f 3350/1062/831 3351/1061/831 1217/1063/831
f 1215/1062/830 1218/1064/830 1216/1061/830
f 4303/1057/833 4304/1157/833 1221/1158/833
f 1219/1057/832 1222/1059/832 1220/1157/832
f 3354/1159/836 3367/1160/836 1225/1161/836
f 3355/1159/835 3368/1162/835 1224/1160/835
f 3353/1159/837 3356/1163/837 1226/1162/837
f 3374/1164/834 1227/1163/834 1223/1159/834
f 1228/1164/838 1229/1165/838 3357/1163/838
f 1887/1166/1222 1884/1165/1222 3375/1164/1222
f 1893/1167/839 1885/1165/839 1230/1166/839
f 1894/1167/1223 1895/1168/1223 1886/1165/1223
f 3360/1169/840 1232/1168/840 1231/1167/840
f 1233/1169/841 3652/1170/841 1896/1168/841
f 3936/1171/1623 3653/1170/1623 3361/1169/1623
f 1235/1171/842 1236/1172/842 1234/1170/842
f 1237/901/600 4069/902/600 787/903/600
f 2416/901/601 1238/904/601 788/902/601
f 3358/901/844 3359/902/844 1241/903/844
f 1239/901/843 1242/904/843 1240/902/843
f 4278/903/846 4279/904/846 1245/902/846
f 1243/903/845 1246/901/845 1244/904/845
f 3397/871/848 3508/870/848 1249/872/848
f 1247/871/847 1250/1173/847 1248/870/847
f 4182/879/850 4183/878/850 1253/880/850
f 1251/879/849 1254/881/849 1252/878/849
f 3362/888/853 3376/1174/853 1257/1175/853
f 3363/888/852 3364/1176/852 1256/1174/852
f 3366/891/851 3365/1176/851 1255/888/851
f 1259/891/854 1260/1177/854 1258/1176/854
f 1901/1075/856 2119/893/856 1263/895/856
f 1261/1075/855 1264/896/855 1262/893/855
f 3942/908/858 3943/903/858 1267/901/858
f 1265/908/857 1268/911/857 1266/903/857
f 1902/1178/860 1903/1179/860 1271/1180/860
f 1269/1178/859 1272/1181/859 1270/1179/859
f 3822/1182/863 3904/1183/863 1275/1184/863
f 3823/1185/861 3905/1183/861 1273/1182/861
f 1276/1185/862 1277/1186/862 1274/1183/862
f 3473/959/653 2634/955/653 873/957/653
f 2601/962/655 2635/955/655 875/959/655
f 878/962/651 2597/953/651 871/955/651
f 3000/1187/865 3078/1188/865 1280/1189/865
f 1278/1187/864 1281/1190/864 1279/1188/864
f 4097/1191/867 4098/1192/867 1284/1193/867
f 1282/1191/866 1285/1194/866 1283/1192/866
f 1286/1195/868 3118/1196/868 1288/1193/868
f 2686/1195/869 1289/1197/869 1287/1196/869
f 2687/974/870 1793/970/870 1291/976/870
f 1290/974/660 4355/968/660 886/970/660
f 4351/1160/872 1906/1159/872 1294/1161/872
f 2373/1162/871 1293/1159/871 1292/1160/871
f 1907/1163/873 1904/1159/873 1295/1162/873
f 1908/1163/1229 1909/1164/1229 1905/1159/1229
f 3657/1165/874 1297/1164/874 1296/1163/874
f 3658/1165/874 3856/1198/874 1910/1164/874
f 3659/1165/876 4099/1167/876 1299/1198/876
f 1301/1168/875 4100/1167/875 1298/1165/875
f 1912/1168/877 2436/1169/877 1300/1167/877
f 1913/1170/1230 2437/1169/1230 1911/1168/1230
f 1914/1170/878 2684/1171/878 1302/1169/878
f 1305/1199/879 1304/1171/879 1303/1170/879
f 1915/902/720 1917/901/720 1011/903/720
f 1916/902/880 1307/904/880 1306/901/880
f 4358/903/882 1918/908/882 1310/901/882
f 1308/903/881 1311/911/881 1309/908/881
f 3655/1200/884 3656/912/884 1314/1201/884
f 1312/1200/883 1315/1202/883 1313/912/883
f 4357/1203/886 1920/934/886 1318/932/886
f 2538/931/885 1317/934/885 1316/1203/885
f 2539/931/1231 1921/936/1231 1919/934/1231
f 1321/935/887 1320/936/887 1319/931/887
f 1923/1204/889 1837/1078/889 1323/1205/889
f 1922/1204/758 1834/1076/758 1079/1078/758
f 1924/1206/888 1835/1076/888 1322/1204/888
f 1925/1206/756 1841/1079/756 1077/1076/756
f 1926/1206/759 3553/1081/759 1080/1079/759
f 1325/1207/761 1082/1081/761 1324/1206/761
f 1326/1208/890 2726/1209/890 1328/1210/890
f 2668/1211/1473 2727/1209/1473 2667/1208/1473
f 1329/1211/891 1330/1212/891 1327/1209/891
f 4198/955/1235 4203/959/1235 1939/957/1235
f 4199/955/1481 2691/962/1481 4204/959/1481
f 2803/953/1480 2690/962/1480 4200/955/1480
f 3705/1213/898 3706/1214/898 1338/1215/898
f 1336/1213/897 1339/1216/897 1337/1214/897
f 4319/1217/900 1341/1218/900 1342/1219/900
f 1340/1217/899 1343/1220/899 2438/1218/899
f 3661/970/902 3702/974/902 1346/976/902
f 1344/970/901 3703/968/901 1345/974/901
f 4342/975/905 1349/974/905 1350/976/905
f 1348/975/904 1351/977/904 1933/974/904
f 3225/951/907 3227/950/907 1354/1221/907
f 3224/951/1506 2804/953/1506 3226/950/1506
f 2693/963/906 2806/953/906 1352/951/906
f 2692/963/1479 2688/962/1479 2807/953/1479
f 2694/961/908 2689/962/908 1355/963/908
f 1356/961/895 4205/959/895 1334/962/895
f 1357/960/909 4206/959/909 2695/961/909
f 2370/958/1373 4207/959/1373 2369/960/1373
f 2371/958/893 1938/957/893 1332/959/893
f 1940/956/910 1937/957/910 1358/958/910
f 1359/956/894 4201/955/894 1333/957/894
f 3233/954/1236 4202/955/1236 1941/956/1236
f 3232/954/892 2805/953/892 1331/955/892
f 1353/950/896 1335/953/896 1360/954/896
f 3938/944/913 3940/1222/913 1363/1223/913
f 3939/944/912 3941/1224/912 1362/1222/912
f 1365/1225/911 1364/1224/911 1361/944/911
f 1366/969/914 3704/968/914 3660/970/914
f 2933/969/903 3027/1226/903 1347/968/903
f 2934/1227/1538 3028/1226/1538 2932/969/1538
f 1368/1227/915 1369/1228/915 1367/1226/915
f 4053/989/917 4054/1229/917 1372/1230/917
f 1370/989/916 1373/1231/916 1371/1229/916
f 2704/1232/919 3066/1233/919 1376/1234/919
f 1374/1232/918 1377/1235/918 1375/1233/918
f 1378/1050/920 1379/1049/920 1380/1050/920
f 1381/1036/921 1382/1049/921 1383/1034/921
f 1384/1236/922 3772/1237/922 1386/1238/922
f 3662/1236/923 3663/1239/923 1385/1237/923
f 4332/1240/1227 1897/1241/1227 1899/1242/1227
f 4335/1240/1228 1942/1243/1228 1898/1241/1228
f 3369/1244/1239 1945/1243/1239 4336/1240/1239
f 3372/1244/1240 3398/1245/1240 1946/1243/1240
f 4106/1246/1767 4107/1239/1767 4111/1236/1767
f 1397/1247/930 4108/1239/930 1394/1246/930
f 1947/1247/1241 1948/1248/1241 4109/1239/1241
f 3143/1249/1582 3160/1250/1582 3145/1251/1582
f 1399/1249/934 3163/1252/934 3161/1250/934
f 3147/1253/1583 3164/1252/1583 3144/1249/1583
f 1403/1253/937 1404/1253/937 1402/1252/937
f 1969/1254/940 2457/1249/940 1407/1255/940
f 1976/1256/938 2459/1249/938 1405/1254/938
f 3117/1256/939 1406/1249/939 1408/1256/939
f 1409/1256/941 1410/1251/941 2458/1249/941
f 4271/1239/943 4277/1246/943 1413/1236/943
f 1411/1239/942 1414/1237/942 1412/1246/942
f 1415/1257/944 3201/1258/944 1417/1259/944
f 3148/1257/1584 3150/1260/1584 3202/1258/1584
f 3155/1261/1585 3152/1260/1585 3149/1257/1585
f 4094/1262/947 3153/1260/947 1419/1261/947
f 1420/1262/948 2074/1263/948 3154/1260/948
f 4095/1262/1282 2147/1264/1282 2072/1263/1282
f 2646/1261/1301 2148/1264/1301 4096/1262/1301
f 2877/1257/950 2149/1264/950 1423/1261/950
f 2878/1257/1302 2879/1265/1302 2150/1264/1302
f 1426/1266/951 2881/1265/951 1424/1257/951
f 1427/1237/953 4273/1236/953 1429/1238/953
f 4272/1237/924 1387/1239/924 1428/1236/924
f 2882/1242/956 2884/1243/956 1432/1241/956
f 2883/1242/955 2886/1240/955 1431/1243/955
f 2891/1241/954 2887/1240/954 1430/1242/954
f 3946/1243/1526 2888/1240/1526 2892/1241/1526
f 3949/1243/1527 3951/1244/1527 2889/1240/1527
f 2021/1245/1258 3952/1244/1258 3950/1243/1258
f 2018/1245/1257 2299/1267/1257 3953/1244/1257
f 2312/1268/961 1438/1267/961 2019/1245/961
f 2647/1269/933 4110/1239/933 1398/1248/933
f 2648/1269/931 3778/1236/931 1395/1239/931
f 1442/1238/963 1441/1236/963 1440/1269/963
f 1443/1255/964 4289/1251/964 1445/1249/964
f 4213/1255/966 1446/1250/966 4290/1251/966
f 4214/1255/1502 2797/1238/1502 2794/1250/1502
f 3315/1237/1503 2799/1238/1503 4215/1255/1503
f 3316/1239/967 1447/1238/967 1448/1237/967
f 1449/1239/968 3157/1236/968 2798/1238/968
f 2893/1268/1353 3954/1244/1353 2300/1267/1353
f 1452/1245/970 3955/1244/970 1451/1268/970
f 3159/1245/959 2890/1240/959 1436/1244/959
f 2885/1243/957 1433/1240/957 3158/1245/957
f 1453/1239/969 2379/1246/969 1450/1236/969
f 1964/1239/971 1968/1247/971 1454/1246/971
f 2118/1248/972 1455/1247/972 1967/1239/972
f 2795/1250/965 3020/1249/965 1444/1251/965
f 3024/1252/974 1457/1249/974 2796/1250/974
f 3025/1252/1556 3862/1253/1556 3021/1249/1556
f 1460/1253/975 1459/1253/975 1458/1252/975
f 1971/1249/977 2443/1254/977 1463/1255/977
f 1461/1249/976 2542/1256/976 1462/1254/976
f 1972/1251/1248 2543/1256/1248 1970/1249/1248
f 1465/1251/978 1466/1256/978 1464/1256/978
f 1965/1239/973 1973/1269/973 1456/1248/973
f 1975/1236/1247 1974/1269/1247 1966/1239/1247
f 1468/1236/979 1469/1238/979 1467/1269/979
f 2720/1270/981 1471/1271/981 1472/1272/981
f 2721/1270/982 1473/1273/982 1474/1274/982
f 2722/1270/983 1475/1275/983 1476/1276/983
f 2723/1270/984 1477/1277/984 1478/1278/984
f 2719/1270/985 1479/1279/985 1480/1280/985
f 2724/1270/986 1481/1281/986 1482/1282/986
f 4189/1283/988 1484/1284/988 1485/1285/988
f 2753/1244/1492 2902/1268/1492 2758/1267/1492
f 2757/1244/990 3399/1245/990 1487/1268/990
f 2904/1240/1493 3400/1245/1493 2754/1244/1493
f 2905/1240/1237 1943/1243/1237 3402/1245/1237
f 1984/1242/1238 1944/1243/1238 2906/1240/1238
f 1983/1242/926 1389/1241/926 1391/1243/926
f 4184/1286/996 4186/1287/996 1493/1288/996
f 1491/1286/994 2986/1289/994 4188/1287/994
f 2987/1290/1552 2984/1289/1552 4185/1286/1552
f 2989/1286/998 2985/1289/998 1495/1290/998
f 1496/1286/997 4187/1287/997 1494/1289/997
f 1497/1288/995 1492/1287/995 2990/1286/995
f 4039/1291/1001 4041/1292/1001 1500/1293/1001
f 1989/1294/1252 4042/1292/1252 4040/1291/1252
f 1990/1295/999 1985/1294/999 1498/1291/999
f 1991/1296/1003 1986/1294/1003 1502/1295/1003
f 1992/1297/1004 1987/1294/1004 1503/1296/1004
f 1993/1298/1005 1988/1294/1005 1504/1297/1005
f 4043/1292/1002 1501/1294/1002 1505/1298/1002
f 1506/1299/1000 1499/1292/1000 1994/1298/1000
f 2725/1270/1006 1507/1300/1006 1508/1301/1006
f 2907/1240/993 1509/1241/993 1490/1242/993
f 2908/1240/1253 2102/1243/1253 1996/1241/1253
f 2755/1244/992 2103/1243/992 1489/1240/992
f 2756/1244/1291 2949/1245/1291 2106/1243/1291
f 2759/1267/989 2954/1245/989 1486/1244/989
f 3478/1268/991 2953/1245/991 1488/1267/991
f 3165/1302/1009 2950/1245/1009 1512/1268/1009
f 3166/1244/1010 2951/1245/1010 1513/1302/1010
f 2910/1240/1011 2952/1245/1011 1514/1244/1011
f 2909/1240/1008 2104/1243/1008 1511/1245/1008
f 1998/1242/1012 2105/1243/1012 1515/1240/1012
f 1997/1242/1007 1995/1241/1007 1510/1243/1007
f 2347/1243/1014 1900/1242/1014 1518/1241/1014
f 1517/1243/927 4333/1240/927 1390/1242/927
f 2636/1245/1363 4334/1240/1363 2348/1243/1363
f 1519/1245/925 3370/1244/925 1388/1240/925
f 3200/1268/1462 3371/1244/1462 2637/1245/1462
f 3442/1267/1015 3373/1244/1015 1520/1268/1015
f 1521/1267/928 3401/1245/928 1392/1244/928
f 2903/1268/929 1393/1245/929 3441/1267/929
f 4047/1249/1017 4048/1250/1017 1524/1251/1017
f 1522/1249/1016 1525/1255/1016 1523/1250/1016
f 4192/1283/1018 1526/1303/1018 1527/1304/1018
f 4190/1283/1019 1528/1280/1019 1529/1305/1019
f 4193/1283/1020 1530/1306/1020 1531/1307/1020
f 3146/1251/1022 3601/1255/1022 1533/1249/1022
f 3162/1250/936 3600/1255/936 1401/1251/936
f 2913/1238/935 3602/1255/935 1400/1250/935
f 2912/1238/1021 3051/1237/1021 1532/1255/1021
f 2911/1238/1023 2914/1239/1023 1535/1237/1023
f 1396/1236/932 1536/1239/932 1534/1238/932
f 3957/1241/1410 2465/1240/1410 3959/1242/1410
f 3958/1241/1411 3961/1243/1411 2466/1240/1411
f 1999/1242/1024 3964/1243/1024 1537/1241/1024
f 1541/1240/1013 3963/1243/1013 1516/1242/1013
f 2008/1240/1255 2010/1245/1255 3962/1243/1255
f 2016/1244/1256 2011/1245/1256 2009/1240/1256
f 3047/1302/1028 2014/1245/1028 1543/1244/1028
f 3087/1308/1029 2015/1245/1029 1544/1302/1029
f 2920/1267/1030 2012/1245/1030 1545/1308/1030
f 2023/1244/1031 2013/1245/1031 1546/1267/1031
f 2026/1244/1027 3965/1243/1027 1542/1245/1027
f 2467/1240/1026 1540/1243/1026 2025/1244/1026
f 2313/1268/1259 2024/1244/1259 2921/1267/1259
f 2017/1245/962 2022/1244/962 1439/1268/962
f 2020/1245/1032 2464/1240/1032 1547/1244/1032
f 3947/1243/960 2468/1240/960 1437/1245/960
f 3948/1243/1025 1539/1242/1025 1538/1240/1025
f 1434/1241/958 3960/1242/958 1435/1243/958
f 4326/1250/1034 2041/1249/1034 1550/1251/1034
f 1548/1250/1033 1551/1255/1033 1549/1249/1033
f 3719/1246/1036 3720/1239/1036 1554/1236/1036
f 1552/1246/1035 1555/1237/1035 1553/1239/1035
f 4323/1292/1039 2000/1309/1039 1558/1293/1039
f 2002/1310/1254 2001/1309/1254 4324/1292/1254
f 2006/1310/1038 2007/1295/1038 1557/1309/1038
f 2003/1310/1041 3167/1296/1041 1560/1295/1041
f 2004/1310/1042 3168/1297/1042 1561/1296/1042
f 2005/1310/1043 3174/1311/1043 1562/1297/1043
f 4325/1292/1040 1563/1311/1040 1559/1310/1040
f 1564/1299/1037 3175/1311/1037 1556/1292/1037
f 1470/1270/980 1565/1312/980 1566/1313/980
f 4194/1283/1044 1567/1314/1044 1568/1315/1044
f 4195/1283/1045 1569/1316/1045 1570/1317/1045
f 1483/1283/987 1571/1318/987 1572/1319/987
f 2056/1320/1278 2193/1321/1278 2059/1322/1278
f 2057/1320/1047 2062/1323/1047 1574/1321/1047
f 2058/1320/1279 2065/1324/1279 2064/1323/1279
f 2061/1322/1046 2067/1324/1046 1573/1320/1046
f 2060/1322/1280 2076/1325/1280 2069/1324/1280
f 3203/1258/1048 2077/1325/1048 1575/1322/1048
f 3151/1260/945 2078/1325/945 1416/1258/945
f 2070/1263/946 2075/1325/946 1418/1260/946
f 2073/1263/1051 2066/1324/1051 1578/1325/1051
f 2079/1326/1281 2068/1324/1281 2071/1263/1281
f 2081/1326/1050 2063/1323/1050 1577/1324/1050
f 2082/1326/1049 2880/1265/1049 1576/1323/1049
f 2080/1326/952 2151/1264/952 1425/1265/952
f 1421/1263/949 1422/1264/949 1579/1326/949
f 4191/1283/1052 1580/1327/1052 1581/1328/1052
f 2654/1329/1468 2659/1330/1468 2971/1331/1468
f 2938/1332/1054 1583/1330/1054 2656/1329/1054
f 2942/1332/1472 3179/1333/1472 2660/1330/1472
f 3969/1334/1539 3180/1333/1539 2939/1332/1539
f 3970/1334/1057 4163/1335/1057 1586/1333/1057
f 3971/1334/1058 1589/1336/1058 1588/1335/1058
f 2342/1337/1360 2340/1336/1360 3972/1334/1360
f 2343/1337/1361 2582/1338/1361 2341/1336/1361
f 2344/1337/1059 2943/1339/1059 1591/1338/1059
f 2670/1340/1362 2944/1339/1362 2345/1337/1362
f 2671/1340/1060 3792/1341/1060 1592/1339/1060
f 2672/1340/1062 3835/1342/1062 1594/1341/1062
f 2674/1340/1474 2946/1343/1474 3837/1342/1474
f 2669/1340/1469 2655/1329/1469 2945/1343/1469
f 2673/1340/1471 2941/1332/1471 2658/1329/1471
f 2346/1337/1061 2940/1332/1061 1593/1340/1061
f 1590/1337/1056 1587/1334/1056 1585/1332/1056
f 2092/1330/1286 2330/1329/1286 2094/1331/1286
f 2093/1330/1287 2097/1332/1287 2332/1329/1287
f 2336/1333/1065 2100/1332/1065 1597/1330/1065
f 2337/1333/1290 3788/1334/1290 2101/1332/1290
f 3973/1335/1069 3789/1334/1069 1601/1333/1069
f 4118/1344/1071 3790/1334/1071 1603/1335/1071
f 1604/1344/1072 2113/1337/1072 3791/1334/1072
f 2387/1345/1293 2110/1337/1293 4119/1344/1293
f 2114/1339/1074 2109/1337/1074 1606/1345/1074
f 2115/1339/1294 2388/1340/1294 2111/1337/1294
f 3188/1341/1075 2390/1340/1075 1607/1339/1075
f 3614/1342/1077 2391/1340/1077 1609/1341/1077
f 3616/1342/1380 2729/1343/1380 2393/1340/1380
f 1610/1342/1078 4130/1346/1078 2731/1343/1078
f 1613/1347/1081 4131/1346/1081 3615/1342/1081
f 2385/1348/1378 4132/1346/1378 2384/1347/1378
f 2386/1348/1379 2956/1349/1379 4133/1346/1379
f 2961/1350/1082 2957/1349/1082 1614/1348/1082
f 3403/1351/1084 2960/1349/1084 1616/1350/1084
f 3404/1351/1541 3280/1352/1541 2958/1349/1541
f 3979/1353/1085 3281/1352/1085 1617/1351/1085
f 4167/1354/1086 3282/1352/1086 1619/1353/1086
f 1621/1355/1087 3283/1352/1087 1620/1354/1087
f 2095/1331/1288 3279/1352/1288 3191/1355/1288
f 2096/1331/1289 2964/1356/1289 3284/1352/1289
f 2334/1329/1067 2963/1356/1067 1599/1331/1067
f 2112/1337/1070 2098/1332/1070 1602/1334/1070
f 2392/1340/1073 2099/1332/1073 1605/1337/1073
f 2389/1340/1068 2333/1329/1068 1600/1332/1068
f 2728/1343/1076 2331/1329/1076 1608/1340/1076
f 2730/1343/1066 2966/1356/1066 1598/1329/1066
f 4134/1346/1079 2967/1356/1079 1611/1343/1079
f 2959/1349/1080 2965/1356/1080 1612/1346/1080
f 1615/1349/1083 1618/1352/1083 1622/1356/1083
f 2657/1329/1470 3119/1356/1470 2947/1343/1470
f 2972/1331/1053 3123/1356/1053 1582/1329/1053
f 1584/1331/1055 3192/1352/1055 3120/1356/1055
f 3754/1355/1543 3197/1352/1543 2973/1331/1543
f 3619/1354/1089 3194/1352/1089 1625/1355/1089
f 3620/1353/1090 3195/1352/1090 1626/1354/1090
f 3577/1351/1091 3193/1352/1091 1627/1353/1091
f 3578/1351/1297 2130/1349/1297 3196/1352/1297
f 2454/1350/1092 2127/1349/1092 1628/1351/1092
f 2455/1348/1093 2128/1349/1093 1630/1350/1093
f 2456/1348/1296 2131/1346/1296 2126/1349/1296
f 3198/1347/1094 2133/1346/1094 1631/1348/1094
f 3836/1342/1096 2134/1346/1096 1633/1347/1096
f 2948/1343/1063 2135/1346/1063 1595/1342/1063
f 3122/1356/1064 2132/1346/1064 1596/1343/1064
f 3121/1356/1095 2129/1349/1095 1632/1346/1095
f 1624/1352/1088 1629/1349/1088 1623/1356/1088
f 4080/1357/1098 4081/1358/1098 1636/1359/1098
f 1634/1357/1097 1637/1360/1097 1635/1358/1097
f 2925/1361/1100 3116/1362/1100 1640/1363/1100
f 1638/1361/1099 1641/1364/1099 1639/1362/1099
f 4101/1365/1102 4102/1366/1102 1644/1367/1102
f 1642/1365/1101 1645/1368/1101 1643/1366/1101
f 2773/1369/1104 2988/1370/1104 1648/1371/1104
f 1646/1369/1103 1649/1372/1103 1647/1370/1103
f 4049/1373/1106 4050/1374/1106 1652/1375/1106
f 1650/1373/1105 1653/1376/1105 1651/1374/1105
f 1654/1377/1107 1655/1378/1107 1656/1379/1107
f 2802/1377/1496 2772/1369/1496 2774/1378/1496
f 3980/1380/1109 3981/1381/1109 1659/1382/1109
f 1657/1380/1108 4082/1358/1108 1658/1381/1108
f 4331/1366/1111 2577/1365/1111 1662/1383/1111
f 1660/1366/1110 1663/1384/1110 1661/1365/1110
f 3537/1385/1113 3697/1386/1113 1666/1387/1113
f 1664/1385/1112 1667/1388/1112 1665/1386/1112
f 4329/1389/1115 1669/1390/1115 1670/1391/1115
f 1668/1389/1114 1671/1388/1114 1790/1390/1114
f 1672/1392/1116 3594/1393/1116 3597/1393/1116
f 3540/1392/1656 3595/1393/1656 3538/1392/1656
f 3982/1392/1119 3596/1393/1119 1675/1392/1119
f 1677/1393/1117 1673/1393/1117 1676/1392/1117
f 3598/1393/1120 1678/1392/1120 3539/1392/1120
f 2816/1394/1118 2810/1392/1118 1674/1393/1118
f 2811/1394/1121 2808/1392/1121 1679/1394/1121
f 2813/1392/1507 2809/1392/1507 2812/1394/1507
f 3593/1395/1122 2814/1392/1122 1680/1394/1122
f 1683/1396/1123 1681/1392/1123 1682/1395/1123
f 2165/1392/1305 2163/1393/1305 3983/1392/1305
f 1685/1394/1125 2164/1393/1125 2166/1392/1125
f 1846/1394/1210 1845/1394/1210 2167/1392/1210
f 2775/1392/1124 1847/1394/1124 1684/1392/1124
f 2969/1395/1126 1686/1394/1126 1687/1392/1126
f 3204/1396/1497 2970/1395/1497 2776/1392/1497
f 3623/1397/1129 4024/1398/1129 1692/1399/1129
f 1693/1400/1128 1691/1398/1128 1690/1397/1128
f 3205/1396/1590 3984/1400/1590 3622/1397/1590
f 1688/1395/1127 1689/1396/1127 3621/1397/1127
f 2640/1401/1463 3064/1402/1566 2968/1403/1542
f 1694/1404/1130 3064/1402/1566 2640/1401/1463
f 3493/1405/1643 3064/1402/1566 1694/1404/1130
f 3493/1405/1643 1695/1406/1131 3064/1402/1566
f 1696/1407/1132 1695/1406/1131 3493/1405/1643
f 1696/1407/1132 2034/1408/1264 1695/1406/1131
f 2174/1409/1307 2034/1408/1264 1696/1407/1132
f 2174/1409/1307 2175/1410/1308 2034/1408/1264
f 3026/1411/1558 2180/1410/1310 2174/1409/1307
f 3026/1411/1558 3252/1412/1309 2179/1410/1309
f 3547/1413/1657 3253/1412/1607 3026/1411/1558
f 3547/1413/1657 3944/1414/1742 3255/1412/1608
f 3548/1415/1658 3944/1414/1742 3547/1413/1657
f 3548/1415/1658 1699/1414/1135 3944/1414/1742
f 3548/1415/1658 2213/1416/1320 1699/1414/1135
f 3548/1415/1658 3022/1417/1557 2213/1416/1320
f 3206/1418/1591 3022/1417/1557 3548/1415/1658
f 3206/1418/1591 3207/1419/1592 3022/1417/1557
f 3206/1418/1591 2822/1420/1510 3208/1419/1593
f 3026/1411/1558 2822/1420/1510 3206/1418/1591
f 2174/1409/1307 2822/1420/1510 3026/1411/1558
f 1696/1407/1132 2822/1420/1510 2174/1409/1307
f 1696/1407/1132 3987/1421/1745 2822/1420/1510
f 3493/1405/1643 3986/1421/1744 1696/1407/1132
f 2217/1422/1324 1704/1423/1138 1733/1424/1163
f 2186/1425/1313 1704/1423/1138 2217/1422/1324
f 2186/1425/1313 1705/1426/1139 1704/1423/1138
f 2186/1425/1313 1706/1427/1140 1705/1426/1139
f 3212/1428/1594 1706/1427/1140 2186/1425/1313
f 3212/1428/1594 1707/1429/1141 1706/1427/1140
f 3212/1428/1594 4138/1430/1773 1707/1429/1141
f 3213/1428/1315 2189/1431/1315 4140/1430/1315
f 3214/1428/1314 2190/1432/1314 2187/1431/1314
f 3212/1428/1594 1718/1433/1150 2191/1432/1316
f 3212/1428/1594 2217/1422/1324 1718/1433/1150
f 2186/1425/1313 2217/1422/1324 3212/1428/1594
f 4139/1430/1144 1711/1434/1144 1712/1435/1144
f 2188/1431/1142 2605/1434/1142 1708/1430/1142
f 1710/1432/1143 2606/1434/1143 1709/1431/1143
f 2192/1432/1145 1713/1436/1145 2607/1434/1145
f 4241/1437/1782 4243/1438/1783 2224/1439/1328
f 4241/1437/1782 2833/1440/1513 4243/1438/1783
f 4241/1437/1782 2834/1441/1514 2833/1440/1513
f 4241/1437/1782 3223/1442/1597 2834/1441/1514
f 4241/1437/1782 3558/1443/1659 3223/1442/1597
f 3996/1444/1749 3558/1443/1659 4241/1437/1782
f 4001/1445/1660 3559/1443/1660 3997/1444/1660
f 1718/1446/1150 3558/1443/1659 4002/1445/1750
f 2217/1447/1324 3558/1443/1659 1718/1446/1150
f 2217/1447/1324 3223/1442/1597 3558/1443/1659
f 2036/1448/1266 2835/1449/1266 2849/1450/1266
f 2037/1448/1267 2206/1451/1267 2836/1449/1267
f 2034/1408/1264 2205/1451/1265 2035/1448/1265
f 2208/1452/1319 2207/1451/1319 2034/1408/1264
f 2209/1452/1154 2837/1449/1154 1722/1451/1154
f 2210/1452/1152 3217/1453/1152 1720/1449/1152
f 2211/1452/1156 3219/1454/1156 1724/1453/1156
f 2212/1452/1285 2091/1455/1285 3220/1454/1285
f 2034/1408/1264 2089/1455/1155 1723/1452/1155
f 2177/1410/1284 2090/1455/1284 2034/1408/1264
f 2176/1410/1158 3218/1454/1158 1726/1455/1158
f 2178/1410/1157 3109/1456/1157 1725/1454/1157
f 3254/1412/1133 1727/1456/1133 1697/1410/1133
f 3256/1412/1572 3110/1457/1572 3108/1456/1572
f 3945/1414/1134 1728/1457/1134 1698/1412/1134
f 3944/1414/1742 1729/1458/1159 3111/1457/1573
f 3944/1414/1742 2216/1459/1323 1729/1458/1159
f 1699/1414/1135 2216/1459/1323 3944/1414/1742
f 1699/1414/1135 4142/1460/1774 2216/1459/1323
f 2213/1416/1320 4142/1460/1774 1699/1414/1135
f 2213/1416/1320 2841/1461/1516 4142/1460/1774
f 3022/1417/1557 2842/1461/1517 2213/1416/1320
f 3023/1417/1160 3221/1462/1160 1730/1461/1160
f 3209/1419/1136 3222/1462/1136 1700/1417/1136
f 3211/1419/1161 1959/1463/1161 1731/1462/1161
f 3210/1419/1245 3985/1421/1245 1960/1463/1245
f 1702/1420/1137 1703/1421/1137 1701/1419/1137
f 2404/1464/1385 2217/1447/1324 1733/1465/1163
f 2404/1464/1385 3223/1442/1597 2217/1447/1324
f 2843/1466/1518 3223/1442/1597 2404/1464/1385
f 2843/1466/1518 2834/1441/1514 3223/1442/1597
f 2844/1467/1519 2833/1440/1513 2834/1441/1514
f 1705/1468/1139 2833/1440/1513 2844/1467/1519
f 1706/1469/1140 2833/1440/1513 1705/1468/1139
f 1707/1470/1141 2833/1440/1513 1706/1469/1140
f 1707/1470/1141 4243/1438/1783 2833/1440/1513
f 1707/1470/1141 2218/1439/1325 4243/1438/1783
f 2226/1471/1326 2219/1439/1326 2225/1470/1326
f 2352/1472/1164 2223/1439/1164 1734/1471/1164
f 2353/1472/1327 2338/1473/1327 2222/1439/1327
f 2354/1472/1330 2229/1474/1330 2339/1473/1330
f 2845/1475/1165 2231/1474/1165 1735/1472/1165
f 3757/1476/1166 2232/1474/1166 1738/1475/1166
f 3758/1476/1332 3759/1477/1332 2233/1474/1332
f 4003/1445/1167 3761/1477/1167 1739/1476/1167
f 3998/1444/1149 3760/1477/1149 1717/1445/1149
f 3999/1444/1168 2234/1474/1168 1740/1477/1168
f 4000/1444/1331 2236/1478/1331 2230/1474/1331
f 4242/1437/1148 2237/1478/1148 1716/1444/1148
f 2221/1439/1146 2235/1478/1146 1714/1437/1146
f 2220/1439/1169 2228/1474/1169 1741/1478/1169
f 1736/1473/1147 1737/1474/1147 1715/1439/1147
f 2040/1448/1270 1695/1406/1131 2034/1408/1264
f 2039/1448/1269 3064/1402/1566 1695/1406/1131
f 2038/1448/1268 2240/1479/1268 3064/1402/1566
f 2850/1450/1151 2241/1479/1151 1719/1448/1151
f 2243/1480/1153 2238/1479/1153 1721/1450/1153
f 2244/1480/1333 2394/1481/1333 2239/1479/1333
f 3141/1482/1581 2395/1481/1381 1743/1480/1171
f 3322/1483/1617 2395/1481/1381 3141/1482/1581
f 3322/1483/1617 2641/1484/1464 2395/1481/1381
f 3992/1485/1748 2641/1484/1464 3322/1483/1617
f 3992/1485/1748 2847/1486/1521 2641/1484/1464
f 1744/1487/1172 2847/1486/1521 3992/1485/1748
f 2471/1487/1414 2473/1488/1415 2847/1486/1521
f 1962/1489/1246 2474/1488/1246 2472/1487/1246
f 1745/1489/1173 2248/1490/1173 2475/1488/1173
f 1958/1463/1244 2247/1490/1244 1961/1489/1244
f 3988/1421/1162 2251/1490/1162 1732/1463/1162
f 3494/1405/1336 2250/1490/1336 3989/1421/1336
f 1694/1404/1130 2249/1490/1335 3493/1405/1643
f 1694/1404/1130 2473/1488/1415 1746/1490/1174
f 2640/1401/1463 2473/1488/1415 1694/1404/1130
f 2640/1401/1463 2847/1486/1521 2473/1488/1415
f 2640/1401/1463 2641/1484/1464 2847/1486/1521
f 2640/1401/1463 2395/1481/1381 2641/1484/1464
f 2968/1403/1542 2395/1481/1381 2640/1401/1463
f 2968/1403/1542 2242/1479/1334 2395/1481/1381
f 2968/1403/1542 3064/1402/1566 1742/1479/1170
f 3026/1411/1558 3548/1415/1658 3547/1413/1657
f 3026/1411/1558 3206/1418/1591 3548/1415/1658
f 2844/1467/1519 2834/1441/1514 2843/1466/1518
f 510/1491/399 3501/1492/1645 511/1493/400
f 3888/1494/1732 617/1495/481 3782/1496/1703
f 4023/1497/1754 4368/614/1801 1749/1498/1175
f 3502/1499/1646 4370/616/1803 511/1500/400
f 3501/1501/1645 4371/610/1804 4372/612/1805
f 4023/1497/1754 4372/612/1805 4367/613/1800
f 3502/1499/1646 4368/614/1801 4369/615/1802
f 2955/1502/1540 4371/610/1804 510/1503/399
f 2405/1504/1386 4373/611/1806 2955/1502/1540
f 3069/1505/1567 4376/617/1809 4375/618/1808
f 3069/1505/1567 4374/619/1807 2405/1504/1386
f 511/1500/400 4376/617/1809 3780/1506/1701
f 2982/1507/1550 4377/635/1810 518/1508/407
f 2982/1507/1550 4379/716/1812 4378/636/1811
f 3781/1509/1702 4381/640/1814 3782/1510/1703
f 2463/1511/1409 4382/717/1815 4379/716/1812
f 617/1512/481 4383/718/1816 4382/717/1815
f 4152/1513/1775 4381/640/1814 4384/642/1817
f 4126/1514/1770 4383/718/1816 3888/1515/1732
f 520/1516/409 4384/642/1817 4386/643/1819
f 518/1508/407 4380/638/1813 3781/1509/1702
f 520/1516/409 4385/719/1818 4126/1514/1770
f 4023/1517/1754 1749/1518/1175 3501/1492/1645
f 1749/1518/1175 3502/1519/1646 3501/1492/1645
f 3502/1519/1646 511/1493/400 3501/1492/1645
f 511/1493/400 3780/1520/1701 510/1491/399
f 3780/1520/1701 3069/1521/1567 2405/1522/1386
f 2405/1522/1386 2955/1523/1540 3780/1520/1701
f 2955/1523/1540 510/1491/399 3780/1520/1701
f 4023/1497/1754 4367/613/1800 4368/614/1801
f 3502/1499/1646 4369/615/1802 4370/616/1803
f 3501/1501/1645 510/1503/399 4371/610/1804
f 4023/1497/1754 3501/1501/1645 4372/612/1805
f 3502/1499/1646 1749/1498/1175 4368/614/1801
f 2955/1502/1540 4373/611/1806 4371/610/1804
f 2405/1504/1386 4374/619/1807 4373/611/1806
f 3069/1505/1567 3780/1506/1701 4376/617/1809
f 3069/1505/1567 4375/618/1808 4374/619/1807
f 511/1500/400 4370/616/1803 4376/617/1809
f 2463/1524/1409 2982/1525/1550 518/1526/407
f 518/1526/407 3781/1527/1702 2463/1524/1409
f 3781/1527/1702 3782/1496/1703 617/1495/481
f 2463/1524/1409 3781/1527/1702 617/1495/481
f 3782/1496/1703 4152/1528/1775 3888/1494/1732
f 4152/1528/1775 520/1529/409 3888/1494/1732
f 520/1529/409 4126/1530/1770 3888/1494/1732
f 2982/1507/1550 4378/636/1811 4377/635/1810
f 2982/1507/1550 2463/1511/1409 4379/716/1812
f 3781/1509/1702 4380/638/1813 4381/640/1814
f 2463/1511/1409 617/1512/481 4382/717/1815
f 617/1512/481 3888/1515/1732 4383/718/1816
f 4152/1513/1775 3782/1510/1703 4381/640/1814
f 4126/1514/1770 4385/719/1818 4383/718/1816
f 520/1516/409 4152/1513/1775 4384/642/1817
f 518/1508/407 4377/635/1810 4380/638/1813
f 520/1516/409 4386/643/1819 4385/719/1818
f 162/193/130 1791/35/1189 2733/43/1490
f 3289/65/1613 2733/43/1490 1791/35/1189
f 2733/43/1490 2701/42/1482 162/193/130
f 162/193/130 4348/35/1795 1791/35/1189
f 1842/111/1207 179/272/142 3935/129/1741
f 3321/114/1616 1842/111/1207 3935/129/1741
f 1842/111/1207 4364/113/1797 179/272/142
f 3935/129/1741 179/272/142 178/271/141
