# Blender 4.3.0
# www.blender.org
mtllib cute_robot.mtl
o model
v -0.114841 1.244633 -0.248180
v -0.118268 1.158671 -0.284583
v -0.190250 1.181425 -0.245146
v -0.217672 1.055011 -0.245146
v -0.121696 1.052483 -0.300964
v -0.203961 0.941238 -0.244540
v -0.118268 0.948823 -0.293077
v 0.001701 1.055011 -0.321592
v 0.001701 0.948823 -0.313705
v 0.118243 0.948823 -0.293077
v 0.121670 1.052483 -0.300964
v 0.203935 0.941238 -0.244540
v 0.217646 1.055011 -0.245146
v 0.118243 1.158671 -0.284583
v 0.190224 1.181425 -0.245146
v 0.114815 1.244633 -0.248180
v 0.001701 1.166256 -0.304604
v 0.001701 1.262331 -0.251820
v -0.114887 1.239499 -0.213801
v -0.190296 1.176292 -0.210767
v -0.118315 1.153537 -0.250204
v 0.001655 0.943689 -0.279326
v 0.118197 0.943689 -0.258698
v 0.001655 1.161122 -0.270225
v 0.001655 1.257197 -0.217441
v -0.217718 1.049877 -0.210767
v -0.121742 1.047349 -0.266585
v 0.121624 1.047349 -0.266585
v 0.203889 0.936105 -0.210161
v 0.217600 1.049877 -0.210767
v 0.118197 1.153537 -0.250204
v -0.204007 0.936105 -0.210161
v -0.118315 0.943689 -0.258698
v 0.001655 1.049877 -0.287213
v 0.190178 1.176292 -0.210767
v 0.114769 1.239499 -0.213801
v -0.123563 0.933140 -0.044663
v -0.109029 0.933140 0.077651
v -0.152632 0.900673 -0.191440
v -0.070270 0.949373 -0.118051
v 0.002403 0.933140 -0.049555
v -0.191391 0.900673 -0.152299
v -0.196236 0.892557 -0.064233
v -0.297978 0.925023 -0.078911
v -0.297978 0.925023 0.092329
v -0.196236 0.892557 0.072759
v -0.268909 0.933140 -0.201225
v -0.201081 0.941257 -0.235473
v -0.278599 1.063007 -0.206118
v -0.307668 1.063007 -0.078911
v -0.215616 1.054890 -0.240366
v -0.118718 1.160407 -0.274614
v -0.186547 1.176640 -0.235473
v -0.118718 1.054890 -0.294184
v -0.239840 1.225340 -0.211010
v -0.113874 1.241573 -0.240366
v -0.138098 1.314623 -0.211010
v -0.264064 1.257807 -0.074018
v -0.142943 1.363323 -0.078911
v -0.264064 1.265923 0.097221
v -0.142943 1.363323 0.126577
v 0.002403 1.395790 -0.083803
v 0.002403 1.395790 0.131469
v 0.002403 1.338973 -0.211010
v 0.113835 1.241573 -0.240366
v 0.002403 1.257807 -0.245258
v 0.138059 1.314623 -0.211010
v 0.142904 1.363323 -0.078911
v 0.264026 1.265923 0.097222
v 0.142904 1.363323 0.126577
v 0.264026 1.257807 -0.074018
v 0.239802 1.225340 -0.211010
v 0.186508 1.176640 -0.235473
v 0.215577 1.054890 -0.240366
v 0.278561 1.063007 -0.206118
v 0.307630 1.063007 -0.078911
v 0.268871 0.933140 -0.201225
v 0.297940 0.925023 -0.078911
v 0.201043 0.941257 -0.235473
v 0.196198 0.892557 -0.064233
v 0.191353 0.900673 -0.152299
v 0.152594 0.900673 -0.191440
v 0.070231 0.949373 -0.118051
v 0.123525 0.933140 -0.044663
v 0.099301 0.908790 -0.225688
v 0.118680 0.949373 -0.284399
v 0.002403 1.054890 -0.313754
v 0.002403 0.949373 -0.303969
v 0.118680 1.054890 -0.294184
v 0.118680 1.160407 -0.274613
v 0.002403 1.160407 -0.299076
v -0.118718 0.949373 -0.284399
v -0.099339 0.908790 -0.225688
v 0.002403 0.908790 -0.240366
v 0.002403 0.957490 -0.127837
v 0.108990 0.933140 0.077651
v 0.002403 0.933140 0.058081
v 0.002403 0.900673 0.199965
v 0.196198 0.892557 0.072759
v 0.162284 0.892557 0.151040
v 0.099300 0.900673 0.185288
v 0.128370 0.949373 0.288032
v 0.002403 0.949373 0.307602
v -0.128408 1.095473 0.283139
v -0.128408 0.949373 0.288031
v 0.002403 1.111706 0.307602
v 0.128370 1.095473 0.283139
v -0.099339 0.900673 0.185288
v -0.162322 0.892557 0.151040
v -0.234995 0.933140 0.219536
v -0.244685 1.071123 0.219536
v -0.210771 1.233456 0.219536
v -0.307668 1.063007 0.092329
v -0.118718 1.257807 0.258676
v 0.002403 1.274040 0.273354
v 0.118680 1.257807 0.258676
v 0.244646 1.071123 0.219536
v 0.210732 1.233456 0.219536
v 0.307630 1.063007 0.092329
v 0.297940 0.925023 0.092329
v 0.234957 0.933140 0.219536
v -0.070270 0.470490 -0.240366
v 0.002403 0.462374 -0.235473
v 0.002403 0.787040 -0.264828
v -0.138098 0.511074 -0.240366
v -0.113874 0.787040 -0.250151
v -0.079960 0.389324 -0.137622
v 0.002403 0.381207 -0.137622
v 0.079921 0.389324 -0.137622
v 0.070231 0.470490 -0.240366
v 0.002403 0.364974 -0.000630
v 0.002403 0.373090 0.136362
v -0.046045 0.373090 -0.000630
v 0.046007 0.373090 -0.000630
v 0.084766 0.438024 0.097221
v 0.055697 0.438024 -0.000630
v 0.084766 0.389324 0.136362
v 0.171973 0.478607 0.195073
v 0.002403 0.462374 0.243998
v 0.070231 0.470490 0.243998
v 0.147749 0.502957 0.136362
v 0.142904 0.502957 -0.000630
v 0.205888 0.567890 0.097221
v 0.293095 0.624707 -0.000630
v 0.230112 0.600357 -0.000630
v 0.259181 0.576007 0.136362
v 0.244646 0.632823 0.190180
v 0.138059 0.511074 0.243998
v 0.288250 0.689640 -0.000630
v 0.205888 0.787040 0.195073
v 0.288250 0.787040 -0.000630
v 0.113835 0.787040 0.248891
v 0.152594 0.827623 0.136362
v 0.089611 0.827623 0.175503
v 0.002403 0.827623 0.190180
v 0.099300 0.803273 -0.000630
v 0.002403 0.803273 -0.000630
v 0.089611 0.827623 -0.176762
v 0.205888 0.827623 -0.000630
v 0.152594 0.827623 -0.137622
v 0.205888 0.787040 -0.196332
v 0.113835 0.787040 -0.250151
v 0.138059 0.511074 -0.240366
v 0.234957 0.632823 -0.186547
v 0.254336 0.584124 -0.137622
v 0.205888 0.576007 -0.098481
v 0.167129 0.486724 -0.196332
v 0.142904 0.502957 -0.137622
v 0.079921 0.446140 -0.098481
v 0.002403 0.827623 -0.191440
v -0.089649 0.827623 -0.176762
v -0.205926 0.827623 -0.000630
v -0.099339 0.803273 -0.000630
v -0.152632 0.827623 -0.137622
v -0.205926 0.787040 -0.196332
v -0.288289 0.787040 -0.000630
v -0.234995 0.632823 -0.186547
v -0.254375 0.584124 -0.137622
v -0.288289 0.689640 -0.000630
v -0.244685 0.632823 0.190180
v -0.205926 0.787040 0.195073
v -0.293134 0.624707 -0.000630
v -0.230150 0.600357 -0.000630
v -0.205926 0.567890 0.097221
v -0.259220 0.576007 0.136362
v -0.205926 0.576007 -0.098481
v -0.142943 0.502957 -0.137622
v -0.079960 0.446140 -0.098481
v -0.142943 0.502957 -0.000630
v -0.055735 0.438024 -0.000630
v -0.162322 0.486724 -0.196332
v -0.084804 0.438024 0.097221
v -0.147788 0.502957 0.136362
v -0.084804 0.389324 0.136362
v -0.172012 0.478607 0.195073
v -0.070270 0.470490 0.243998
v -0.138098 0.511074 0.243998
v -0.113874 0.787040 0.248891
v 0.002403 0.787040 0.268461
v -0.089649 0.827623 0.175502
v -0.152633 0.827623 0.136362
v -0.018642 0.125234 0.275471
v -0.063654 0.136351 0.245877
v -0.063654 0.098876 0.204718
v -0.033168 0.098359 0.322020
v -0.033168 0.033072 0.256732
v -0.018642 0.079620 0.229858
v -0.018642 0.187544 0.292167
v -0.018642 0.249853 0.275471
v -0.033168 0.187544 0.345917
v -0.063654 0.187544 0.260942
v -0.114585 0.187544 0.148494
v -0.063654 0.238736 0.245877
v -0.063654 0.276211 0.204718
v -0.018642 0.295467 0.229858
v -0.018642 0.312163 0.167548
v -0.033168 0.342016 0.256733
v -0.033168 0.276728 0.322020
v -0.074483 0.287978 0.341505
v -0.074483 0.187544 0.368417
v -0.074483 0.087109 0.341505
v -0.293459 0.187544 0.368417
v -0.293459 0.287978 0.341505
v -0.334774 0.276728 0.322020
v -0.293459 0.361501 0.267982
v -0.334774 0.187544 0.345917
v -0.334774 0.098359 0.322020
v -0.349300 0.187544 0.292167
v -0.349300 0.125234 0.275471
v -0.304288 0.187544 0.260942
v -0.304288 0.136351 0.245877
v -0.349300 0.079620 0.229858
v -0.334774 0.033072 0.256732
v -0.349300 0.062925 0.167548
v -0.304288 0.098876 0.204718
v -0.253357 0.187544 0.148494
v -0.304288 0.085159 0.148494
v -0.304288 0.085159 -0.147199
v -0.349300 0.062925 -0.166254
v -0.253357 0.187544 -0.147199
v -0.304288 0.289928 -0.147199
v -0.304288 0.136351 -0.244583
v -0.304288 0.276211 -0.203424
v -0.304288 0.098876 -0.203424
v -0.304288 0.238736 -0.244583
v -0.304288 0.187544 -0.259648
v -0.349300 0.187544 -0.290873
v -0.349300 0.249853 -0.274177
v -0.349300 0.295467 -0.228563
v -0.334774 0.276728 -0.320726
v -0.334774 0.187544 -0.344623
v -0.293459 0.187544 -0.367122
v -0.334774 0.098359 -0.320726
v -0.293459 0.087109 -0.340211
v -0.074483 0.187544 -0.367122
v -0.074483 0.087109 -0.340211
v -0.293459 0.013586 -0.266688
v -0.293459 -0.013325 -0.166254
v -0.334774 0.033072 -0.255438
v -0.074483 0.013586 -0.266688
v -0.033168 0.033072 -0.255438
v -0.033168 0.009175 -0.166254
v -0.074483 -0.013325 -0.166254
v -0.074483 -0.013325 0.167548
v -0.033168 0.009175 0.167548
v -0.018642 0.062925 0.167548
v -0.063654 0.085159 0.148494
v -0.063654 0.085159 -0.147199
v -0.018642 0.062925 -0.166254
v -0.063654 0.098876 -0.203424
v -0.018642 0.079620 -0.228563
v -0.063654 0.136351 -0.244583
v -0.018642 0.125234 -0.274177
v -0.033168 0.098359 -0.320726
v -0.033168 0.187544 -0.344623
v -0.018642 0.187544 -0.290873
v -0.033168 0.276728 -0.320726
v -0.074483 0.287978 -0.340211
v -0.074483 0.361501 -0.266688
v -0.293459 0.287978 -0.340211
v -0.293459 0.361501 -0.266688
v -0.074483 0.388412 -0.166254
v -0.293459 0.388412 -0.166254
v -0.334774 0.365913 -0.166254
v -0.334774 0.342016 -0.255438
v -0.349300 0.312163 -0.166254
v -0.349300 0.312163 0.167548
v -0.349300 0.295467 0.229858
v -0.304288 0.289928 0.148494
v -0.334774 0.365913 0.167548
v -0.293459 0.388412 0.167548
v -0.334774 0.342016 0.256732
v -0.349300 0.249853 0.275471
v -0.304288 0.238736 0.245877
v -0.304288 0.276211 0.204718
v -0.074483 0.361501 0.267982
v -0.074483 0.388412 0.167548
v -0.033168 0.365913 -0.166254
v -0.033168 0.365913 0.167548
v -0.018642 0.312163 -0.166254
v -0.018642 0.295467 -0.228563
v -0.063654 0.289928 -0.147199
v -0.063654 0.289928 0.148494
v -0.114585 0.187544 -0.147199
v -0.063654 0.187544 -0.259648
v -0.063654 0.238736 -0.244583
v -0.063654 0.276211 -0.203424
v -0.018642 0.249853 -0.274177
v -0.033168 0.342016 -0.255438
v -0.293459 0.013586 0.267982
v -0.293459 -0.013325 0.167548
v -0.074483 0.013586 0.267982
v -0.293459 0.087109 0.341505
v -0.334774 0.009175 -0.166254
v -0.334774 0.009175 0.167548
v -0.349300 0.079620 -0.228563
v -0.349300 0.125234 -0.274177
v 0.018641 0.125860 0.275750
v 0.062903 0.097390 0.206251
v 0.062903 0.135349 0.246792
v 0.018641 0.078410 0.229417
v 0.018641 0.189125 0.293125
v 0.034263 0.097390 0.322084
v 0.034263 0.034124 0.258375
v 0.073317 -0.013325 0.165709
v 0.034263 0.008818 0.165709
v 0.073317 0.015145 0.269959
v 0.073317 0.087900 0.339458
v 0.294624 0.015145 0.269959
v 0.294624 0.087900 0.339458
v 0.333678 0.097390 0.322084
v 0.333678 0.034124 0.258375
v 0.294624 0.189125 0.368417
v 0.294624 0.287187 0.339458
v 0.073317 0.189125 0.368417
v 0.333678 0.189125 0.345250
v 0.349300 0.125860 0.275750
v 0.349300 0.189125 0.293125
v 0.333678 0.277697 0.322084
v 0.333678 0.340963 0.258375
v 0.349300 0.249228 0.275750
v 0.294624 0.359943 0.269959
v 0.073317 0.359943 0.269959
v 0.073317 0.287187 0.339458
v 0.294624 0.388412 0.165709
v 0.073317 0.388412 0.165709
v 0.333678 0.366269 0.165709
v 0.294624 0.388412 -0.164415
v 0.073317 0.388412 -0.164415
v 0.294624 0.359943 -0.268664
v 0.073317 0.359943 -0.268664
v 0.333678 0.366269 -0.164415
v 0.333678 0.340963 -0.257081
v 0.349300 0.312494 -0.164415
v 0.349300 0.312494 0.165709
v 0.305038 0.290351 -0.147040
v 0.305038 0.290351 0.148334
v 0.349300 0.296677 0.229417
v 0.305038 0.277697 0.206251
v 0.305038 0.239738 0.246792
v 0.252966 0.189125 0.148334
v 0.305038 0.097390 0.206251
v 0.305038 0.135349 0.246792
v 0.305038 0.084737 0.148334
v 0.305038 0.189125 0.258375
v 0.252966 0.189125 -0.147040
v 0.305038 0.189125 -0.257081
v 0.305038 0.239738 -0.245498
v 0.305038 0.084737 -0.147040
v 0.305038 0.277697 -0.204956
v 0.305038 0.097390 -0.204956
v 0.305038 0.135350 -0.245498
v 0.349300 0.189125 -0.291831
v 0.349300 0.125860 -0.274456
v 0.349300 0.078410 -0.228123
v 0.333678 0.034124 -0.257081
v 0.333678 0.097390 -0.320789
v 0.333678 0.189125 -0.343956
v 0.294624 0.087900 -0.338164
v 0.294624 0.015145 -0.268664
v 0.073317 0.015145 -0.268664
v 0.073317 -0.013325 -0.164415
v 0.294624 -0.013325 -0.164415
v 0.294624 -0.013325 0.165709
v 0.333678 0.008818 -0.164415
v 0.333678 0.008818 0.165709
v 0.349300 0.062594 -0.164415
v 0.349300 0.062594 0.165709
v 0.349300 0.078410 0.229417
v 0.034263 0.008818 -0.164415
v 0.018641 0.062594 0.165709
v 0.018642 0.062594 -0.164415
v 0.034263 0.034124 -0.257081
v 0.034263 0.097390 -0.320789
v 0.073317 0.087900 -0.338164
v 0.018642 0.078410 -0.228123
v 0.062903 0.135350 -0.245498
v 0.062903 0.097390 -0.204956
v 0.018642 0.125860 -0.274456
v 0.034263 0.189125 -0.343956
v 0.018642 0.189125 -0.291831
v 0.062903 0.189125 -0.257081
v 0.062903 0.239738 -0.245498
v 0.114975 0.189125 -0.147040
v 0.114975 0.189125 0.148334
v 0.062903 0.290351 -0.147040
v 0.062903 0.277697 -0.204956
v 0.062903 0.084737 -0.147040
v 0.062903 0.290351 0.148334
v 0.062903 0.277697 0.206251
v 0.018641 0.312494 0.165709
v 0.018642 0.312494 -0.164415
v 0.034263 0.366269 0.165709
v 0.034263 0.366269 -0.164415
v 0.018642 0.296677 -0.228123
v 0.018642 0.249228 -0.274456
v 0.034263 0.340963 -0.257081
v 0.034263 0.277697 -0.320789
v 0.073317 0.287187 -0.338164
v 0.073317 0.189125 -0.367122
v 0.294624 0.287187 -0.338164
v 0.333678 0.277697 -0.320789
v 0.294624 0.189125 -0.367122
v 0.349300 0.249228 -0.274456
v 0.349300 0.296677 -0.228123
v 0.034263 0.340963 0.258375
v 0.018641 0.296677 0.229417
v 0.034263 0.277697 0.322084
v 0.034263 0.189125 0.345250
v 0.018641 0.249228 0.275750
v 0.062903 0.189125 0.258375
v 0.062903 0.239738 0.246792
v 0.062903 0.084737 0.148334
v 0.400727 0.669708 -0.234457
v 0.336785 0.669708 -0.262138
v 0.400727 0.733650 -0.262138
v 0.445941 0.714922 -0.262138
v 0.464669 0.669708 -0.262138
v 0.445941 0.624493 -0.262138
v 0.400727 0.605765 -0.262138
v 0.355513 0.624493 -0.262138
v 0.355513 0.714922 -0.262138
v 0.400727 0.774501 -0.233377
v 0.326627 0.743808 -0.233377
v 0.334758 0.735677 -0.047763
v 0.400727 0.763002 -0.047763
v 0.295933 0.669708 -0.233377
v 0.326627 0.595607 -0.233377
v 0.307432 0.669708 -0.047763
v 0.334758 0.603738 -0.047763
v 0.400727 0.576413 -0.047763
v 0.400727 0.564914 -0.233377
v 0.474827 0.595607 -0.233377
v 0.505521 0.669708 -0.233377
v 0.466696 0.603738 -0.047763
v 0.494022 0.669708 -0.047763
v 0.466696 0.735677 -0.047763
v 0.474827 0.743808 -0.233377
v 0.400727 0.669707 -0.080841
v 0.400727 0.548849 -0.155042
v 0.315267 0.584247 -0.155042
v 0.315267 0.755168 -0.155042
v 0.486187 0.755168 -0.155042
v 0.521586 0.669708 -0.155042
v 0.486187 0.584247 -0.155042
v 0.279868 0.669708 -0.155042
v 0.400727 0.790567 -0.155042
v 0.400727 0.852836 -0.130695
v 0.530218 0.799199 -0.130695
v 0.536194 0.805174 -0.043349
v 0.400727 0.861286 -0.043349
v 0.583855 0.669707 -0.130695
v 0.530218 0.540216 -0.130695
v 0.592306 0.669707 -0.043349
v 0.536194 0.534241 -0.043349
v 0.590188 0.669707 0.062622
v 0.534696 0.803676 0.062622
v 0.539886 0.669707 0.140330
v 0.499127 0.768107 0.140330
v 0.400727 0.859168 0.062622
v 0.400727 0.808866 0.140330
v 0.266758 0.803676 0.062621
v 0.302327 0.768107 0.140330
v 0.211266 0.669708 0.062621
v 0.265260 0.805174 -0.043349
v 0.209148 0.669708 -0.043349
v 0.271236 0.799199 -0.130695
v 0.217599 0.669708 -0.130695
v 0.271236 0.540216 -0.130695
v 0.265260 0.534241 -0.043349
v 0.266758 0.535739 0.062621
v 0.400727 0.478128 -0.043349
v 0.400727 0.480247 0.062621
v 0.534696 0.535739 0.062622
v 0.302327 0.571308 0.140330
v 0.400727 0.530549 0.140330
v 0.357938 0.626919 0.176368
v 0.400727 0.609195 0.176368
v 0.499127 0.571308 0.140330
v 0.443516 0.626919 0.176368
v 0.461239 0.669707 0.176368
v 0.400727 0.669707 0.183468
v 0.400727 0.730220 0.176368
v 0.443516 0.712496 0.176368
v 0.357938 0.712496 0.176368
v 0.340214 0.669707 0.176368
v 0.261568 0.669708 0.140330
v 0.400727 0.486579 -0.130695
v -0.316936 0.187544 -0.086052
v -0.279315 0.187544 -0.075971
v -0.316936 0.233619 -0.105137
v -0.316936 0.141468 -0.105137
v -0.279315 0.134340 -0.098009
v -0.354556 0.187544 -0.151212
v -0.316936 0.122383 -0.151212
v -0.316936 0.233619 -0.197288
v -0.316936 0.187544 -0.216373
v -0.316936 0.141468 -0.197288
v -0.316936 0.252704 -0.151212
v -0.279315 0.240747 -0.098009
v -0.279315 0.262785 -0.151212
v -0.279315 0.240747 -0.204416
v -0.279315 0.187544 -0.226453
v -0.279315 0.134340 -0.204416
v -0.279315 0.112303 -0.151212
v -0.088627 0.187544 -0.151212
v -0.018642 0.103068 -0.151212
v -0.018642 0.114386 -0.193450
v -0.018642 0.229781 -0.224370
v -0.018642 0.260701 -0.193450
v -0.018642 0.272019 -0.151212
v -0.018642 0.187544 -0.066737
v -0.018642 0.145306 -0.078054
v -0.018642 0.114386 -0.108974
v -0.018642 0.145306 -0.224370
v -0.018642 0.187544 -0.235687
v -0.018642 0.260701 -0.108974
v -0.018642 0.229781 -0.078054
v -0.041012 0.255153 -0.034109
v -0.041012 0.187544 -0.015993
v -0.326931 0.187544 -0.015993
v -0.326931 0.255153 -0.034109
v -0.041012 0.119934 -0.034109
v -0.041012 0.070440 -0.083602
v -0.326931 0.119934 -0.034109
v -0.326931 0.070440 -0.083602
v -0.349300 0.114386 -0.108974
v -0.349300 0.145306 -0.078054
v -0.279315 0.187544 -0.151212
v -0.349300 0.187544 -0.066737
v -0.349300 0.229781 -0.078054
v -0.349300 0.260701 -0.108974
v -0.326931 0.304647 -0.083602
v -0.326931 0.322763 -0.151212
v -0.041012 0.304647 -0.083602
v -0.041012 0.322763 -0.151212
v -0.326931 0.304647 -0.218822
v -0.041012 0.304647 -0.218822
v -0.041012 0.255153 -0.268316
v -0.041012 0.187544 -0.286432
v -0.326931 0.255153 -0.268316
v -0.326931 0.187544 -0.286432
v -0.326931 0.119934 -0.268316
v -0.349300 0.187544 -0.235687
v -0.349300 0.229781 -0.224370
v -0.349300 0.260701 -0.193450
v -0.349300 0.272019 -0.151212
v -0.349300 0.145306 -0.224370
v -0.349300 0.114386 -0.193450
v -0.326931 0.070440 -0.218822
v -0.326931 0.052324 -0.151212
v -0.041012 0.119934 -0.268316
v -0.041012 0.070440 -0.218822
v -0.041012 0.052324 -0.151212
v -0.349300 0.103068 -0.151212
v -0.316936 0.141468 0.197633
v -0.316936 0.187544 0.216718
v -0.316936 0.122383 0.151557
v -0.354556 0.187544 0.151557
v -0.279315 0.112303 0.151557
v -0.279315 0.134340 0.204761
v -0.279315 0.187544 0.226798
v -0.316936 0.233619 0.197633
v -0.279315 0.240747 0.204761
v -0.316936 0.252704 0.151557
v -0.279315 0.262785 0.151557
v -0.316936 0.233619 0.105482
v -0.279315 0.240747 0.098354
v -0.316936 0.187544 0.086397
v -0.279315 0.187544 0.076316
v -0.316936 0.141468 0.105482
v -0.279315 0.134340 0.098354
v -0.018642 0.145306 0.224715
v -0.088627 0.187544 0.151557
v -0.018642 0.114386 0.193795
v -0.018642 0.187544 0.236033
v -0.041012 0.070440 0.219167
v -0.041012 0.119934 0.268661
v -0.326931 0.119934 0.268661
v -0.041012 0.187544 0.286777
v -0.326931 0.187544 0.286777
v -0.349300 0.145306 0.224715
v -0.349300 0.187544 0.236033
v -0.326931 0.255153 0.268661
v -0.041012 0.255153 0.268661
v -0.326931 0.304647 0.219167
v -0.349300 0.229781 0.224715
v -0.279315 0.187544 0.151557
v -0.349300 0.260701 0.193795
v -0.349300 0.272019 0.151557
v -0.326931 0.322763 0.151557
v -0.041012 0.304647 0.219167
v -0.041012 0.322763 0.151557
v -0.326931 0.304647 0.083947
v -0.041012 0.255153 0.034454
v -0.326931 0.255153 0.034454
v -0.349300 0.260701 0.109320
v -0.041012 0.304647 0.083948
v -0.018642 0.260701 0.109320
v -0.018642 0.229781 0.078400
v -0.018642 0.187544 0.067082
v -0.018642 0.145306 0.078400
v -0.041012 0.187544 0.016338
v -0.326931 0.187544 0.016338
v -0.326931 0.119934 0.034454
v -0.041012 0.119934 0.034454
v -0.326931 0.070440 0.083947
v -0.041012 0.070440 0.083948
v -0.018642 0.114386 0.109320
v -0.018642 0.103068 0.151557
v -0.041012 0.052324 0.151557
v -0.326931 0.070440 0.219167
v -0.326931 0.052324 0.151557
v -0.349300 0.103068 0.151557
v -0.349300 0.114386 0.109320
v -0.349300 0.145306 0.078399
v -0.349300 0.187544 0.067082
v -0.349300 0.229781 0.078399
v -0.349300 0.114386 0.193795
v -0.018642 0.272019 0.151557
v -0.018642 0.260701 0.193795
v -0.018642 0.229781 0.224715
v 0.316936 0.187544 -0.086051
v 0.316936 0.141468 -0.105137
v 0.279315 0.134340 -0.098009
v 0.279315 0.187544 -0.075971
v 0.316936 0.233619 -0.105137
v 0.354556 0.187544 -0.151212
v 0.316936 0.233619 -0.197288
v 0.316936 0.187544 -0.216373
v 0.316936 0.141468 -0.197288
v 0.316936 0.122383 -0.151212
v 0.316936 0.252704 -0.151212
v 0.279315 0.240747 -0.098009
v 0.279315 0.262785 -0.151212
v 0.279315 0.240747 -0.204415
v 0.279315 0.187544 -0.226453
v 0.279315 0.134340 -0.204415
v 0.279315 0.112303 -0.151212
v 0.018642 0.145306 -0.078054
v 0.088627 0.187544 -0.151212
v 0.018642 0.187544 -0.066737
v 0.018642 0.114386 -0.108974
v 0.041012 0.070440 -0.083602
v 0.041012 0.119934 -0.034109
v 0.041012 0.187544 -0.015993
v 0.326931 0.119934 -0.034109
v 0.326931 0.070440 -0.083602
v 0.326931 0.052324 -0.151212
v 0.349300 0.114386 -0.108974
v 0.349300 0.103068 -0.151212
v 0.279315 0.187544 -0.151212
v 0.349300 0.114386 -0.193450
v 0.349300 0.145306 -0.224370
v 0.326931 0.070440 -0.218822
v 0.326931 0.119934 -0.268316
v 0.041012 0.052324 -0.151212
v 0.041012 0.070440 -0.218822
v 0.018642 0.114386 -0.193450
v 0.041012 0.119934 -0.268316
v 0.018642 0.103068 -0.151212
v 0.326931 0.187544 -0.286432
v 0.041012 0.187544 -0.286432
v 0.018642 0.145306 -0.224370
v 0.018642 0.187544 -0.235687
v 0.018642 0.229781 -0.224370
v 0.041012 0.255153 -0.268316
v 0.041012 0.304647 -0.218822
v 0.326931 0.255153 -0.268316
v 0.326931 0.304647 -0.218822
v 0.349300 0.260701 -0.193450
v 0.349300 0.229781 -0.224370
v 0.349300 0.187544 -0.235687
v 0.349300 0.272019 -0.151212
v 0.349300 0.260701 -0.108974
v 0.326931 0.322763 -0.151212
v 0.326931 0.304647 -0.083602
v 0.041012 0.322763 -0.151212
v 0.018642 0.272019 -0.151212
v 0.041012 0.304647 -0.083602
v 0.018642 0.260701 -0.193450
v 0.326931 0.255153 -0.034109
v 0.041012 0.255153 -0.034109
v 0.018642 0.260701 -0.108974
v 0.018642 0.229781 -0.078054
v 0.326931 0.187544 -0.015993
v 0.349300 0.145306 -0.078054
v 0.349300 0.187544 -0.066737
v 0.349300 0.229781 -0.078054
v 0.316936 0.187544 0.216718
v 0.279315 0.134340 0.204761
v 0.279315 0.187544 0.226798
v 0.316936 0.233619 0.197633
v 0.354556 0.187544 0.151557
v 0.316936 0.141468 0.197633
v 0.316936 0.122383 0.151557
v 0.279315 0.112303 0.151557
v 0.279315 0.134340 0.098354
v 0.316936 0.141468 0.105482
v 0.279315 0.187544 0.076316
v 0.279315 0.240747 0.098354
v 0.316936 0.187544 0.086397
v 0.316936 0.233619 0.105482
v 0.316936 0.252704 0.151557
v 0.279315 0.262785 0.151557
v 0.279315 0.240747 0.204761
v 0.018642 0.114386 0.193795
v 0.088627 0.187544 0.151557
v 0.018642 0.145306 0.224715
v 0.018642 0.103068 0.151557
v 0.041012 0.052324 0.151557
v 0.041012 0.070440 0.219167
v 0.041012 0.119934 0.268661
v 0.326931 0.070440 0.219167
v 0.326931 0.052324 0.151557
v 0.349300 0.103068 0.151557
v 0.349300 0.114386 0.109320
v 0.326931 0.070440 0.083948
v 0.041012 0.070440 0.083948
v 0.326931 0.119934 0.034454
v 0.349300 0.145306 0.078400
v 0.279315 0.187544 0.151557
v 0.349300 0.187544 0.067082
v 0.326931 0.187544 0.016338
v 0.349300 0.229781 0.078400
v 0.349300 0.260701 0.109320
v 0.326931 0.255153 0.034454
v 0.041012 0.304647 0.083948
v 0.041012 0.187544 0.016338
v 0.326931 0.304647 0.083948
v 0.041012 0.255153 0.034454
v 0.018642 0.187544 0.067082
v 0.018642 0.229781 0.078400
v 0.018642 0.260701 0.109320
v 0.018642 0.272019 0.151557
v 0.041012 0.322763 0.151557
v 0.041012 0.304647 0.219167
v 0.326931 0.322763 0.151557
v 0.326931 0.304647 0.219167
v 0.326931 0.255153 0.268661
v 0.349300 0.229781 0.224715
v 0.349300 0.260701 0.193795
v 0.349300 0.272019 0.151557
v 0.349300 0.187544 0.236033
v 0.349300 0.145306 0.224715
v 0.326931 0.187544 0.286777
v 0.041012 0.255153 0.268661
v 0.041012 0.187544 0.286777
v 0.326931 0.119934 0.268661
v 0.349300 0.114386 0.193795
v 0.018642 0.187544 0.236033
v 0.018642 0.229781 0.224715
v 0.018642 0.260701 0.193795
v 0.018642 0.145306 0.078400
v 0.041012 0.119934 0.034454
v 0.018642 0.114386 0.109320
v 0.000000 0.480607 -0.177645
v 0.000000 0.398891 -0.208331
v 0.000000 0.499505 -0.005649
v 0.183971 0.477773 -0.177414
v -0.183971 0.477773 -0.177414
v -0.327467 0.466056 -0.169783
v -0.183971 0.497651 -0.005551
v -0.183971 0.396027 -0.204602
v -0.303167 0.388412 -0.199116
v -0.000000 0.398891 0.209629
v -0.183971 0.396027 0.205901
v -0.303167 0.388412 0.200413
v -0.183971 0.477818 0.178639
v -0.000000 0.480650 0.178868
v 0.183971 0.396027 0.205901
v 0.183971 0.477818 0.178639
v 0.183971 0.497651 -0.005550
v 0.327474 0.466099 0.171010
v 0.303167 0.388412 0.200413
v 0.338534 0.365913 0.190055
v 0.183971 0.396027 -0.204602
v 0.303167 0.388412 -0.199116
v 0.338534 0.365913 -0.188602
v 0.327467 0.466056 -0.169783
v 0.414307 0.433863 -0.005165
v 0.399609 0.416440 -0.157829
v 0.328177 0.484954 -0.005371
v 0.399619 0.416473 0.159072
v 0.419477 0.277398 0.090764
v 0.420135 0.250862 -0.003780
v 0.349300 0.228728 0.110685
v 0.349300 0.202784 -0.004961
v 0.349300 0.228728 -0.109308
v 0.419493 0.277476 -0.089560
v -0.327474 0.466099 0.171009
v -0.328177 0.484954 -0.005371
v -0.399619 0.416473 0.159072
v -0.338534 0.365913 0.190055
v -0.349300 0.228728 0.110685
v -0.338534 0.365913 -0.188602
v -0.419477 0.277398 0.090764
v -0.349300 0.202784 -0.004961
v -0.420135 0.250862 -0.003780
v -0.419493 0.277476 -0.089560
v -0.399609 0.416440 -0.157829
v -0.414307 0.433863 -0.005165
v -0.349300 0.228728 -0.109308
v -0.398031 0.669708 -0.234457
v -0.443245 0.624493 -0.262139
v -0.443245 0.714922 -0.262138
v -0.461973 0.669708 -0.262139
v -0.398031 0.605765 -0.262138
v -0.352816 0.624493 -0.262138
v -0.334088 0.669708 -0.262138
v -0.352816 0.714922 -0.262138
v -0.398031 0.733650 -0.262138
v -0.472131 0.743808 -0.233377
v -0.398031 0.774501 -0.233377
v -0.398031 0.763002 -0.047763
v -0.323930 0.743808 -0.233377
v -0.332061 0.735677 -0.047763
v -0.293237 0.669708 -0.233377
v -0.304736 0.669708 -0.047763
v -0.323930 0.595607 -0.233377
v -0.398031 0.564914 -0.233377
v -0.332061 0.603738 -0.047763
v -0.398031 0.576413 -0.047763
v -0.464000 0.603738 -0.047763
v -0.491325 0.669708 -0.047763
v -0.464000 0.735677 -0.047763
v -0.472131 0.595607 -0.233377
v -0.502824 0.669708 -0.233377
v -0.398031 0.669707 -0.080841
v -0.518890 0.669708 -0.155042
v -0.277172 0.669708 -0.155042
v -0.312570 0.755168 -0.155042
v -0.483491 0.755168 -0.155042
v -0.483491 0.584247 -0.155042
v -0.398031 0.548849 -0.155042
v -0.312570 0.584247 -0.155042
v -0.398031 0.790567 -0.155042
v -0.398031 0.852836 -0.130695
v -0.527522 0.799199 -0.130695
v -0.581159 0.669707 -0.130695
v -0.398031 0.861286 -0.043349
v -0.533498 0.805174 -0.043349
v -0.532000 0.803676 0.062621
v -0.589610 0.669707 -0.043349
v -0.587491 0.669707 0.062621
v -0.533498 0.534241 -0.043349
v -0.527522 0.540216 -0.130695
v -0.398031 0.486579 -0.130695
v -0.268539 0.540216 -0.130695
v -0.398031 0.478128 -0.043349
v -0.398031 0.480247 0.062621
v -0.532000 0.535739 0.062621
v -0.262564 0.534241 -0.043349
v -0.264062 0.535739 0.062621
v -0.214902 0.669708 -0.130695
v -0.206452 0.669708 -0.043349
v -0.268539 0.799199 -0.130695
v -0.262564 0.805174 -0.043349
v -0.208570 0.669708 0.062621
v -0.264062 0.803676 0.062621
v -0.299631 0.768107 0.140330
v -0.258872 0.669708 0.140330
v -0.299631 0.571308 0.140330
v -0.337518 0.669707 0.176368
v -0.355242 0.712496 0.176368
v -0.398031 0.730220 0.176368
v -0.440820 0.712496 0.176368
v -0.398031 0.808866 0.140330
v -0.496431 0.768107 0.140330
v -0.398031 0.859168 0.062621
v -0.458543 0.669707 0.176368
v -0.537189 0.669707 0.140330
v -0.440820 0.626919 0.176368
v -0.496431 0.571308 0.140330
v -0.398031 0.609195 0.176368
v -0.398031 0.530549 0.140330
v -0.355242 0.626919 0.176368
v -0.398031 0.669707 0.183468
vn -0.3937 0.7900 -0.4700
vn -0.2768 0.2410 -0.9302
vn -0.7239 0.5269 -0.4454
vn -0.8762 0.0487 -0.4795
vn -0.3197 0.0375 -0.9468
vn -0.6497 -0.6135 -0.4488
vn -0.2300 -0.6487 -0.7255
vn 0.0036 0.0434 -0.9991
vn -0.0033 -0.6485 -0.7612
vn 0.2453 -0.6341 -0.7333
vn 0.3201 0.0338 -0.9468
vn 0.6407 -0.6211 -0.4514
vn 0.8777 0.0598 -0.4754
vn 0.2793 0.2381 -0.9302
vn 0.7997 0.4059 -0.4424
vn 0.4349 0.7940 -0.4247
vn -0.0019 0.2928 -0.9562
vn -0.0479 0.9071 -0.4181
vn -0.2747 0.4699 0.8389
vn -0.4405 0.3028 0.8452
vn 0.3018 -0.2718 0.9138
vn -0.5694 -0.0007 0.8221
vn 0.3351 -0.0503 0.9408
vn -0.3490 -0.6247 0.6985
vn 0.2550 -0.7664 0.5896
vn 0.0013 -0.0406 0.9992
vn -0.0016 -0.7744 0.6327
vn -0.2477 -0.7720 0.5854
vn -0.3407 -0.0517 0.9388
vn 0.3481 -0.6249 0.6989
vn 0.5694 0.0059 0.8220
vn -0.2841 -0.2383 0.9287
vn 0.4435 0.3026 0.8436
vn 0.2437 0.4485 0.8599
vn -0.0108 -0.2992 0.9541
vn -0.0131 0.5564 0.8308
vn -0.0019 -0.9956 -0.0938
vn 0.1598 -0.9809 -0.1112
vn 0.2685 -0.9631 -0.0153
vn -0.3087 -0.9511 0.0080
vn 0.0203 -0.8267 -0.5623
vn 0.0617 -0.9534 0.2953
vn 0.3221 -0.9261 -0.1965
vn -0.7317 -0.5090 0.4533
vn -0.3142 -0.9306 -0.1875
vn -0.9957 -0.0602 0.0711
vn -0.1780 -0.9204 0.3481
vn -0.4460 0.0203 -0.8948
vn -0.5196 -0.3560 -0.7767
vn -0.9908 0.0979 -0.0938
vn -0.9375 0.2563 -0.2353
vn -0.2815 0.2417 -0.9286
vn -0.3205 0.0300 -0.9468
vn -0.4252 0.1669 -0.8896
vn -0.4038 0.1608 -0.9006
vn -0.1498 0.3966 -0.9057
vn -0.2588 0.3519 -0.8996
vn -0.4234 0.8941 -0.1459
vn -0.8599 0.4972 -0.1155
vn -0.8562 0.4841 0.1803
vn -0.4027 0.8785 0.2571
vn 0.0019 0.9555 0.2948
vn -0.0019 0.9866 -0.1632
vn -0.0396 0.4084 -0.9120
vn 0.2189 0.3668 -0.9042
vn 0.1501 0.3955 -0.9061
vn -0.0015 0.3890 -0.9212
vn 0.4234 0.8941 -0.1459
vn 0.8562 0.4841 0.1803
vn 0.8618 0.4939 -0.1155
vn 0.4027 0.8785 0.2571
vn 0.4024 0.1627 -0.9009
vn 0.9339 0.2653 -0.2396
vn 0.4260 0.1665 -0.8893
vn 0.4521 0.0310 -0.8914
vn 0.3218 -0.9293 -0.1812
vn 0.9904 0.1017 -0.0938
vn 0.7308 -0.5074 0.4566
vn 0.3062 -0.9519 0.0096
vn 0.5200 -0.3562 -0.7763
vn -0.0298 -0.8259 -0.5630
vn -0.3219 -0.9262 -0.1964
vn -0.0630 -0.9540 0.2931
vn 0.4534 -0.8822 -0.1271
vn -0.2685 -0.9631 -0.0153
vn 0.2910 -0.3838 -0.8764
vn -0.0036 0.0435 -0.9990
vn -0.0000 -0.4073 -0.9133
vn 0.2815 0.2417 -0.9286
vn -0.2909 -0.3838 -0.8764
vn -0.4515 -0.8848 -0.1153
vn -0.0020 -0.9376 0.3476
vn 0.0712 -0.9682 -0.2397
vn -0.1635 -0.9803 -0.1112
vn 0.2006 -0.9203 0.3360
vn 0.0019 -0.9938 -0.1112
vn 0.0007 -0.9706 -0.2406
vn 0.2871 -0.9274 0.2398
vn -0.3288 -0.9222 0.2034
vn 0.0848 -0.8906 0.4468
vn -0.0344 -0.9006 0.4332
vn -0.3240 0.0822 0.9425
vn 0.0019 0.1002 0.9950
vn -0.0880 -0.8915 0.4444
vn -0.2902 -0.9280 0.2339
vn 0.3240 0.0822 0.9425
vn 0.3215 -0.9203 0.2231
vn -0.2860 -0.9234 0.2561
vn -0.7610 0.0679 0.6452
vn -0.3309 0.4824 0.8111
vn -0.6949 0.3496 0.6284
vn -0.9778 0.0905 0.1889
vn 0.0019 0.5231 0.8523
vn 0.3309 0.4824 0.8111
vn 0.7606 0.0717 0.6452
vn 0.6966 0.3463 0.6284
vn 0.9775 0.0942 0.1890
vn 0.9956 -0.0649 0.0677
vn 0.2859 -0.9228 0.2584
vn -0.2196 -0.2467 -0.9439
vn 0.0001 -0.2680 -0.9634
vn 0.0019 -0.9262 -0.3771
vn -0.0051 -0.0891 -0.9960
vn -0.0092 0.8617 -0.5073
vn -0.4184 -0.1193 -0.9004
vn -0.0906 -0.8505 -0.5181
vn -0.0000 -0.9998 -0.0197
vn 0.1012 -0.8363 -0.5388
vn 0.2197 -0.2467 -0.9439
vn 0.9554 -0.2743 -0.1092
vn -0.0019 -0.9294 0.3690
vn -0.9559 -0.2808 -0.0860
vn 0.8076 -0.5308 -0.2571
vn 0.8397 -0.5426 -0.0241
vn 0.8410 -0.4397 -0.3152
vn 0.7465 -0.5637 -0.3535
vn 0.6919 -0.6572 -0.2990
vn 0.2101 -0.2441 0.9467
vn 0.0038 -0.2679 0.9634
vn 0.7121 -0.7015 -0.0284
vn 0.6043 -0.7708 -0.2018
vn 0.4353 -0.9000 -0.0232
vn 0.4901 -0.8157 -0.3074
vn 0.5616 -0.8269 -0.0284
vn 0.6500 0.0264 0.7595
vn 0.4007 -0.1088 0.9097
vn 0.2840 0.3146 0.9057
vn 0.9943 0.1055 -0.0153
vn 0.5396 0.8346 -0.1114
vn 0.0518 0.9807 -0.1887
vn -0.0129 0.8865 0.4626
vn -0.1251 0.1561 0.9798
vn -0.0830 0.9965 0.0022
vn 0.0016 0.9945 -0.1049
vn -0.0000 1.0000 0.0022
vn -0.0557 0.9929 0.1054
vn -0.1270 0.9918 -0.0115
vn 0.4385 0.8987 0.0127
vn 0.1441 0.7531 -0.6419
vn 0.0062 0.8597 -0.5107
vn 0.4194 -0.1158 -0.9004
vn 0.6472 0.0037 -0.7623
vn 0.5895 -0.7391 0.3258
vn 0.6109 -0.7773 0.1502
vn 0.7006 -0.6672 0.2528
vn 0.6980 -0.6141 0.3685
vn 0.8160 -0.5384 0.2106
vn 0.0009 0.8733 -0.4871
vn 0.0546 0.9929 0.1054
vn -0.4510 0.8925 -0.0024
vn 0.1270 0.9918 -0.0114
vn 0.0830 0.9965 0.0022
vn -0.1454 0.7524 -0.6424
vn -0.5396 0.8345 -0.1114
vn -0.6472 0.0075 -0.7623
vn -0.5989 -0.7249 0.3405
vn -0.9943 0.1055 -0.0153
vn -0.6502 0.0226 0.7595
vn -0.4353 -0.9000 -0.0232
vn -0.2840 0.3146 0.9057
vn -0.5616 -0.8269 -0.0284
vn -0.6072 -0.7685 -0.2018
vn -0.6139 -0.7750 0.1502
vn -0.4882 -0.8190 -0.3015
vn -0.6980 -0.6700 0.2528
vn -0.8139 -0.5415 0.2105
vn -0.7043 -0.6039 0.3733
vn -0.8397 -0.5426 -0.0241
vn -0.7121 -0.7015 -0.0284
vn -0.8055 -0.5339 -0.2571
vn -0.6919 -0.6572 -0.2990
vn -0.8906 -0.3938 -0.2274
vn -0.7503 -0.5592 -0.3525
vn -0.2130 -0.2416 0.9467
vn -0.3997 -0.1125 0.9097
vn 0.1279 0.1546 0.9797
vn -0.0197 0.8721 0.4890
vn 0.0201 0.8875 0.4605
vn -0.0244 0.9842 -0.1753
vn 0.9873 -0.0000 -0.1588
vn 0.9865 0.0829 -0.1415
vn 0.7424 0.3539 -0.5689
vn 0.7258 0.6112 -0.3157
vn 0.9847 0.1466 -0.0938
vn 0.7420 -0.3369 0.5796
vn 0.7410 -0.5812 0.3363
vn 0.9865 -0.0829 -0.1415
vn 0.7439 0.0038 0.6683
vn 0.7468 -0.0000 -0.6650
vn 0.9997 -0.0000 -0.0244
vn 0.7424 -0.3539 -0.5689
vn 0.7258 -0.6112 -0.3157
vn 0.9847 -0.1466 -0.0938
vn 0.9671 -0.2539 -0.0153
vn 0.7410 0.5812 0.3363
vn 0.7420 0.3369 0.5796
vn 0.0789 0.0038 0.9969
vn 0.0777 0.4984 0.8634
vn 0.0777 -0.4984 0.8634
vn -0.0790 -0.0000 0.9969
vn -0.0740 0.4990 0.8634
vn -0.7420 0.3369 0.5796
vn -0.0778 0.8633 0.4987
vn -0.7439 -0.0000 0.6683
vn -0.7420 -0.3369 0.5796
vn -0.9865 0.0829 -0.1415
vn -0.9873 -0.0000 -0.1588
vn -0.7468 -0.0000 -0.6650
vn -0.7440 0.3505 -0.5689
vn -0.9842 0.1503 -0.0938
vn -0.9671 0.2539 -0.0153
vn -0.7410 -0.5812 0.3363
vn -0.7258 0.6112 -0.3156
vn -0.9997 -0.0000 -0.0244
vn -0.7630 0.6462 -0.0155
vn -0.9997 -0.0000 0.0244
vn -0.7631 0.6462 0.0155
vn -0.9671 0.2539 0.0153
vn -0.7630 -0.6462 0.0155
vn -0.7253 -0.6119 0.3156
vn -0.7438 0.3510 0.5689
vn -0.7252 0.6119 0.3157
vn -0.7468 -0.0000 0.6650
vn -0.7438 -0.3510 0.5689
vn -0.9865 -0.0829 0.1415
vn -0.9873 -0.0000 0.1588
vn -0.9842 -0.1503 0.0938
vn -0.7422 0.3365 -0.5796
vn -0.7439 -0.0000 -0.6683
vn -0.0791 -0.0000 -0.9969
vn -0.0774 -0.4985 -0.8634
vn -0.7422 -0.3365 -0.5796
vn 0.0790 -0.0037 -0.9969
vn 0.0736 -0.4986 -0.8637
vn -0.0796 -0.8633 -0.4984
vn -0.0815 -0.9949 -0.0592
vn -0.7410 -0.5812 -0.3363
vn 0.0796 -0.8631 -0.4987
vn 0.7410 -0.5812 -0.3363
vn 0.7959 -0.6043 -0.0371
vn 0.0852 -0.9946 -0.0591
vn 0.0852 -0.9946 0.0591
vn 0.7959 -0.6043 0.0371
vn 0.9671 0.2539 -0.0153
vn 0.7630 0.6462 -0.0155
vn 0.9671 0.2539 0.0153
vn 0.7630 0.6462 0.0155
vn 0.7228 0.6147 0.3156
vn 0.9847 0.1466 0.0938
vn 0.9865 0.0829 0.1415
vn 0.7438 0.3510 0.5689
vn 0.7437 -0.3330 -0.5796
vn 0.7439 -0.0000 -0.6683
vn 0.7437 0.3330 -0.5796
vn 0.9873 -0.0000 0.1588
vn 0.0736 0.4991 -0.8634
vn -0.0796 0.8633 -0.4984
vn 0.0796 0.8631 -0.4987
vn -0.0774 0.4985 -0.8634
vn -0.7410 0.5812 -0.3363
vn -0.0815 0.9949 -0.0592
vn 0.0852 0.9946 -0.0591
vn -0.7959 0.6043 -0.0371
vn -0.9671 -0.2539 0.0153
vn -0.9671 -0.2539 -0.0153
vn -0.7630 -0.6462 -0.0155
vn -0.9842 -0.1503 -0.0938
vn -0.7959 0.6044 0.0371
vn -0.0815 0.9949 0.0591
vn -0.7410 0.5812 0.3363
vn -0.9865 -0.0829 -0.1415
vn -0.7440 -0.3505 -0.5689
vn -0.7258 -0.6112 -0.3157
vn 0.0740 0.8636 0.4987
vn 0.0852 0.9946 0.0592
vn 0.7959 0.6043 0.0371
vn 0.7959 0.6043 -0.0371
vn 0.9671 -0.2539 0.0153
vn 0.9847 -0.1466 0.0938
vn 0.7630 -0.6462 0.0155
vn 0.7630 -0.6462 -0.0155
vn 0.9997 -0.0000 0.0244
vn 0.7228 -0.6147 0.3157
vn 0.7470 -0.0038 0.6649
vn 0.7438 -0.3510 0.5689
vn 0.9865 -0.0829 0.1415
vn 0.7410 0.5812 -0.3363
vn 0.0740 -0.8636 0.4987
vn -0.0778 -0.8634 0.4985
vn -0.0815 -0.9949 0.0591
vn -0.0740 -0.4986 0.8636
vn -0.7959 -0.6043 0.0371
vn -0.7959 -0.6044 -0.0371
vn -0.9842 0.1503 0.0938
vn -0.9865 0.0829 0.1415
vn -0.7258 0.6112 -0.3157
vn -0.7410 -0.5813 0.3363
vn -0.7420 -0.3370 0.5796
vn -0.0778 -0.8632 0.4988
vn -0.7958 -0.6044 0.0372
vn -0.0740 -0.4990 0.8635
vn 0.0777 -0.4987 0.8633
vn 0.0740 -0.8636 0.4988
vn 0.0790 -0.0038 0.9969
vn 0.7418 -0.3372 0.5796
vn -0.0790 -0.0003 0.9969
vn 0.7439 -0.0037 0.6682
vn 0.7419 0.3369 0.5797
vn 0.7410 0.5813 0.3363
vn -0.0739 0.4990 0.8634
vn 0.0852 0.9946 0.0591
vn -0.0778 0.8632 0.4988
vn 0.0852 0.9946 -0.0592
vn 0.7958 0.6044 0.0372
vn -0.0796 0.8631 -0.4987
vn 0.0796 0.8631 -0.4988
vn 0.9671 -0.2540 -0.0153
vn 0.9997 -0.0000 -0.0243
vn 0.7258 0.6112 -0.3156
vn 0.7468 -0.0038 0.6650
vn 0.7437 0.3510 0.5689
vn 0.7228 -0.6148 0.3156
vn 0.7631 0.6461 0.0155
vn 0.7228 0.6147 0.3157
vn 0.7410 -0.5813 -0.3363
vn 0.7437 -0.3331 -0.5796
vn 0.0796 -0.8631 -0.4988
vn 0.0736 -0.4990 -0.8635
vn -0.0796 -0.8631 -0.4988
vn -0.0815 -0.9949 -0.0591
vn 0.7958 -0.6044 -0.0372
vn 0.9671 0.2540 0.0153
vn 0.9847 0.1469 -0.0933
vn -0.7959 -0.6043 -0.0371
vn -0.7421 -0.3366 -0.5796
vn -0.0773 -0.4985 -0.8634
vn -0.7253 0.6119 0.3157
vn -0.9997 -0.0000 0.0243
vn -0.7437 -0.3510 0.5689
vn -0.7630 0.6462 0.0155
vn -0.7252 -0.6119 0.3157
vn -0.7959 0.6043 0.0371
vn -0.7958 0.6044 -0.0372
vn -0.7410 0.5813 -0.3363
vn -0.0790 -0.0000 -0.9969
vn 0.0790 0.0037 -0.9969
vn 0.7437 0.3331 -0.5796
vn -0.7419 0.3370 0.5796
vn -0.7631 0.6461 -0.0155
vn 0.2662 0.0966 -0.9591
vn 0.2357 -0.1490 -0.9603
vn -0.0000 -0.0000 -1.0000
vn 0.2352 0.1497 -0.9604
vn 0.0255 -0.2752 -0.9611
vn -0.0504 -0.2951 -0.9541
vn -0.2548 0.1422 -0.9565
vn -0.0494 0.2956 -0.9540
vn 0.0253 0.2752 -0.9611
vn -0.4224 0.4388 -0.7931
vn 0.0070 0.6019 -0.7986
vn -0.6089 0.0001 -0.7932
vn -0.5340 0.5363 0.6537
vn 0.0014 0.7587 0.6515
vn -0.4226 -0.4386 -0.7931
vn -0.7568 0.0016 0.6537
vn -0.5364 -0.5338 0.6537
vn -0.0026 -0.7566 0.6539
vn 0.0232 -0.6091 -0.7928
vn 0.4556 -0.4061 -0.7921
vn 0.6097 0.0469 -0.7912
vn 0.5380 -0.5355 0.6510
vn 0.7596 0.0023 0.6503
vn 0.5369 0.5369 0.6508
vn 0.7343 0.6712 0.1013
vn 0.0413 0.4136 -0.9095
vn 0.3425 0.2359 -0.9094
vn -0.2890 0.2986 -0.9096
vn 0.4156 -0.0000 -0.9095
vn 0.2674 -0.3182 -0.9095
vn 0.0404 -0.4137 -0.9095
vn -0.3081 -0.3081 -0.9001
vn 0.4418 -0.0225 -0.8969
vn 0.3017 0.2836 -0.9103
vn 0.0084 0.4226 -0.9063
vn -0.0000 0.9995 -0.0328
vn 0.7067 0.7067 -0.0329
vn 0.9991 -0.0168 -0.0397
vn 0.2957 -0.3020 -0.9063
vn 0.9995 -0.0000 -0.0328
vn 0.6851 0.6892 0.2359
vn 0.7067 -0.7067 -0.0330
vn 0.9718 -0.0038 0.2359
vn 0.7439 -0.0038 0.6683
vn 0.5253 0.5267 0.6683
vn -0.0019 0.9718 0.2359
vn -0.6878 0.6865 0.2359
vn 0.0019 0.7439 0.6683
vn -0.5280 0.5240 0.6683
vn -0.9718 -0.0000 0.2359
vn -0.7067 0.7067 -0.0328
vn -0.2841 0.3139 -0.9060
vn -0.9995 -0.0000 -0.0328
vn -0.4226 -0.0000 -0.9063
vn -0.3080 -0.2898 -0.9062
vn -0.7067 -0.7067 -0.0328
vn -0.6878 -0.6865 0.2359
vn -0.0019 -0.9718 0.2359
vn -0.0000 -0.9995 -0.0328
vn -0.5280 -0.5240 0.6683
vn 0.6851 -0.6892 0.2359
vn 0.0019 -0.7439 0.6683
vn -0.2696 -0.2723 0.9237
vn -0.0038 -0.3831 0.9237
vn 0.5254 -0.5267 0.6683
vn 0.2696 -0.2722 0.9237
vn -0.0000 -0.0000 1.0000
vn 0.3832 -0.0000 0.9237
vn -0.2696 0.2723 0.9237
vn 0.0038 0.3831 0.9237
vn 0.2696 0.2722 0.9237
vn -0.3832 -0.0000 0.9237
vn 0.0083 -0.4226 -0.9063
vn -0.5417 -0.0000 0.8406
vn 0.5299 -0.0003 0.8481
vn -0.5395 0.5970 0.5938
vn 0.5306 -0.5963 0.6024
vn -1.0000 -0.0000 0.0022
vn -0.5395 -0.5970 0.5938
vn -0.5430 -0.8397 0.0022
vn -0.5402 -0.5963 -0.5938
vn -0.5417 -0.0000 -0.8406
vn -0.5402 0.5963 -0.5938
vn -0.5430 0.8397 0.0022
vn 0.5286 0.6032 0.5974
vn 0.5299 0.8480 -0.0036
vn 0.5282 0.6004 -0.6004
vn 0.5298 -0.0000 -0.8481
vn 0.5281 -0.6005 -0.6005
vn 0.5299 -0.8480 0.0037
vn 0.8808 -0.4719 0.0382
vn 0.8812 -0.4151 -0.2261
vn 1.0000 -0.0000 0.0020
vn 0.8807 -0.4122 0.2336
vn 0.8824 -0.2480 -0.3999
vn 0.8824 0.2472 -0.4004
vn 0.8812 0.4151 -0.2261
vn 0.8809 0.0377 -0.4719
vn 0.8809 0.4733 0.0068
vn 0.8807 0.4123 0.2334
vn 0.8807 -0.0626 0.4695
vn 0.8819 -0.2322 0.4102
vn 0.8819 0.2319 0.4104
vn 0.8969 0.2297 0.3778
vn 0.8958 -0.0284 0.4435
vn -0.8965 -0.0001 0.4431
vn -0.8970 0.2284 0.3785
vn 0.8969 -0.2291 0.3782
vn 0.8968 -0.3907 0.2075
vn -0.8969 -0.2296 0.3779
vn -0.8970 -0.3839 0.2190
vn -0.8824 -0.2491 0.3991
vn -0.8822 -0.4078 0.2354
vn -1.0000 -0.0000 -0.0020
vn -0.8809 -0.0000 0.4733
vn -0.8824 0.2493 0.3990
vn -0.8822 0.4056 0.2392
vn -0.8970 0.3827 0.2210
vn -0.8969 0.4422 0.0003
vn 0.8969 0.3905 0.2077
vn 0.8961 0.4427 0.0320
vn 0.0384 0.8678 -0.4955
vn 0.9010 0.3775 -0.2138
vn -0.0416 0.5073 -0.8607
vn 0.8958 0.0283 -0.4435
vn -0.8965 -0.0001 -0.4431
vn -0.9003 0.2199 -0.3757
vn -0.8824 0.2469 -0.4006
vn -0.8962 -0.2300 -0.3794
vn -0.8809 -0.0000 -0.4733
vn -0.8821 0.4048 -0.2411
vn -0.8809 0.4733 -0.0068
vn -0.8824 -0.2480 -0.3999
vn -0.8821 -0.4049 -0.2408
vn -0.8966 -0.3835 -0.2214
vn -0.8961 -0.4427 -0.0320
vn 0.8972 -0.3901 -0.2070
vn 0.8977 -0.2293 -0.3763
vn 0.8961 -0.4427 -0.0320
vn -0.8809 -0.4733 0.0068
vn 0.5285 -0.5974 0.6032
vn -0.5416 -0.0000 0.8406
vn -1.0000 -0.0000 -0.0022
vn 0.5328 -0.8462 0.0011
vn 0.5302 -0.0000 0.8478
vn 0.5261 0.6013 0.6013
vn 0.5299 0.8480 0.0037
vn 0.5283 0.6004 -0.6004
vn 0.5280 -0.6005 -0.6005
vn 0.8819 -0.2334 0.4095
vn 0.8969 -0.2290 0.3782
vn -0.8969 -0.2291 0.3782
vn -0.8965 0.0001 0.4431
vn 0.8958 -0.0283 0.4435
vn -0.8809 -0.0003 0.4733
vn -0.8824 -0.2500 0.3985
vn -0.8969 0.2297 0.3778
vn 0.8969 0.2291 0.3782
vn -0.8970 0.3837 0.2193
vn -0.8824 0.2499 0.3986
vn -0.8822 0.4057 0.2390
vn -0.8808 0.4719 0.0377
vn -0.8969 0.4422 -0.0000
vn 0.8961 0.4427 -0.0320
vn 0.0384 0.8677 -0.4957
vn 0.9010 0.3774 -0.2138
vn -0.0416 0.5067 -0.8611
vn -0.9003 0.2201 -0.3756
vn -0.8821 0.4080 -0.2356
vn 0.8813 0.4148 -0.2265
vn 0.8808 0.0378 -0.4720
vn 0.8824 -0.2480 -0.4000
vn 0.8977 -0.2302 -0.3757
vn -0.8965 -0.0007 -0.4431
vn -0.8962 -0.2309 -0.3789
vn -0.8966 -0.3845 -0.2196
vn 0.8972 -0.3902 -0.2068
vn 0.8808 -0.4719 0.0377
vn 0.8969 -0.4422 -0.0000
vn -0.8970 -0.3839 0.2191
vn -0.8821 -0.4080 -0.2356
vn -0.8808 -0.4719 -0.0377
vn -0.8809 0.0001 -0.4733
vn -0.8824 0.2480 -0.3999
vn -0.8822 -0.4060 0.2385
vn 0.8808 0.4719 -0.0382
vn 0.8819 0.2322 0.4102
vn 0.5423 -0.5944 0.5938
vn 0.5417 -0.0000 0.8406
vn -0.5261 -0.6013 0.6013
vn 1.0000 -0.0000 -0.0022
vn -0.5306 -0.0042 0.8476
vn 0.5424 0.5944 0.5938
vn 0.5430 0.8397 -0.0022
vn 0.5430 -0.8397 0.0022
vn 0.5417 -0.0000 -0.8406
vn 0.5402 0.5963 -0.5938
vn 0.5402 -0.5963 -0.5938
vn -0.5261 0.6013 0.6013
vn -0.5267 0.8500 0.0007
vn -0.5302 0.6010 -0.5981
vn -0.5306 0.0042 -0.8476
vn -0.5302 -0.5981 -0.6010
vn -0.5267 -0.8500 -0.0007
vn -0.8824 -0.2492 0.3991
vn -0.8809 0.0001 0.4733
vn -1.0000 -0.0000 0.0020
vn -0.8822 -0.4059 0.2387
vn -0.8969 -0.2297 0.3778
vn -0.8970 -0.3838 0.2191
vn 0.8969 -0.2297 0.3778
vn 0.8969 -0.3904 0.2079
vn 0.8809 -0.4733 0.0068
vn 1.0000 -0.0000 -0.0020
vn 0.8824 -0.2469 -0.4006
vn -0.8808 -0.4719 0.0382
vn -0.8962 -0.2299 -0.3795
vn -0.8965 -0.0000 -0.4431
vn 0.8958 -0.0280 -0.4435
vn -0.8824 0.2472 -0.4005
vn -0.9003 0.2176 -0.3770
vn 0.0384 0.8677 -0.4956
vn -0.0416 0.5073 -0.8608
vn 0.8824 0.2468 -0.4006
vn 0.9010 0.3756 -0.2169
vn 0.8808 -0.0377 -0.4719
vn 0.8809 0.4733 -0.0068
vn 0.8807 0.4122 0.2336
vn 0.8969 0.4422 -0.0000
vn 0.8969 0.3905 0.2078
vn -0.8808 0.4719 -0.0377
vn 0.8969 0.2290 0.3782
vn -0.8969 0.2291 0.3782
vn -0.8822 0.4059 0.2387
vn -0.8824 0.2491 0.3991
vn 0.8958 0.0283 0.4435
vn 0.8819 -0.2325 0.4101
vn 0.8807 0.0620 0.4696
vn 0.8819 0.2327 0.4100
vn -0.5286 -0.5974 0.6032
vn 0.5416 -0.0000 0.8406
vn -0.5306 -0.0043 0.8476
vn 0.5430 -0.8397 -0.0022
vn -0.5299 -0.8480 0.0037
vn -0.5293 -0.6012 -0.5987
vn -0.5286 -0.0041 -0.8489
vn -0.5293 0.5987 -0.6012
vn 0.5430 0.8397 0.0022
vn -0.5299 0.8480 -0.0037
vn -0.5286 0.6032 0.5974
vn -0.8809 -0.4733 -0.0068
vn 0.8969 -0.3905 0.2078
vn 0.8961 -0.4427 -0.0325
vn 0.8808 -0.4719 -0.0377
vn 0.8972 -0.3901 -0.2069
vn 0.8813 -0.4148 -0.2265
vn -0.8967 -0.3834 -0.2214
vn 0.8809 0.0373 -0.4719
vn 0.8824 0.2480 -0.3999
vn 0.8813 0.4150 -0.2262
vn 0.0384 0.8654 -0.4996
vn -0.8809 -0.0001 -0.4733
vn -0.8808 0.4719 -0.0381
vn -0.8961 0.4427 -0.0320
vn 0.8969 0.4422 -0.0003
vn 0.8807 0.4122 0.2335
vn 0.8970 0.2280 0.3788
vn 0.8808 0.4719 0.0377
vn 0.8807 -0.0622 0.4696
vn 0.8820 -0.2330 0.4097
vn 0.8958 0.0284 0.4435
vn -0.8969 0.2298 0.3778
vn -0.8965 -0.0000 0.4431
vn 0.8969 -0.2304 0.3775
vn -0.8824 0.2504 0.3983
vn -0.8809 0.0004 0.4733
vn -0.8824 -0.2480 -0.4000
vn -0.8962 -0.2303 -0.3793
vn -0.0000 0.3460 -0.9382
vn -0.3907 0.8661 -0.3119
vn -0.0000 0.3468 -0.9380
vn 0.4228 0.8341 -0.3544
vn -0.0000 0.9999 0.0113
vn 0.2179 0.6343 -0.7417
vn -0.0453 0.9990 -0.0022
vn 0.2457 -0.9687 -0.0339
vn 0.0139 -0.9998 0.0164
vn -0.5887 -0.7943 0.1501
vn 0.1363 -0.9854 -0.1019
vn 0.0874 -0.9889 0.1205
vn 0.0342 0.9922 0.1197
vn -0.0000 0.3384 0.9410
vn 0.5891 -0.7939 0.1504
vn 0.1621 0.9795 0.1196
vn 0.0454 0.9990 -0.0023
vn -0.2079 0.6344 0.7445
vn -0.0874 -0.9889 0.1205
vn -0.8581 -0.4469 0.2529
vn -0.2451 -0.9689 -0.0338
vn -0.1363 -0.9854 -0.1018
vn -0.2178 0.6344 -0.7417
vn 0.6204 0.0427 -0.7831
vn 0.8855 0.4647 -0.0022
vn 0.2613 0.9653 -0.0022
vn 0.8567 -0.2406 -0.4562
vn 0.9902 -0.0015 0.1399
vn 0.5674 -0.5509 0.6121
vn 1.0000 -0.0005 -0.0003
vn 0.6220 -0.4499 0.6408
vn -0.9849 -0.0316 -0.1704
vn 0.5895 -0.8077 0.0002
vn 0.5840 -0.3532 -0.7309
vn 0.2052 0.6299 0.7491
vn -0.2613 0.9653 -0.0022
vn -0.9508 0.3083 0.0298
vn -0.6326 0.0260 0.7741
vn 0.8576 -0.4461 -0.2561
vn 0.9883 -0.0468 0.1448
vn -0.5805 -0.5371 0.6120
vn -0.5895 -0.8077 0.0002
vn -0.9998 0.0172 0.0113
vn -0.5702 -0.5177 -0.6379
vn -0.8523 -0.2600 -0.4539
vn -0.8854 0.4648 -0.0022
vn -0.6001 -0.4079 -0.6881
vn 0.2355 0.1493 -0.9603
vn 0.0269 0.2751 -0.9610
vn 0.2662 0.0968 -0.9590
vn 0.2356 -0.1491 -0.9603
vn 0.0260 -0.2751 -0.9611
vn -0.0493 0.2956 -0.9540
vn -0.2547 0.1424 -0.9565
vn -0.0505 -0.2951 -0.9541
vn -0.6929 0.7136 0.1030
vn -0.0000 0.6018 -0.7986
vn -0.0014 0.7586 0.6515
vn 0.4559 0.4059 -0.7921
vn 0.5369 0.5370 0.6507
vn 0.6089 0.0001 -0.7933
vn 0.7601 -0.0000 0.6498
vn 0.4561 -0.4057 -0.7921
vn 0.0239 -0.6091 -0.7927
vn 0.5370 -0.5370 0.6506
vn -0.0013 -0.7585 0.6516
vn -0.7578 -0.0000 0.6524
vn -0.5362 -0.5362 0.6519
vn -0.4224 -0.4389 -0.7931
vn -0.5362 0.5362 0.6519
vn -0.6089 -0.0000 -0.7932
vn -0.4424 -0.0000 -0.8968
vn 0.2685 0.3173 -0.9095
vn 0.3155 -0.3006 -0.9000
vn -0.4079 0.0815 -0.9094
vn -0.2026 -0.3637 -0.9092
vn -0.2026 0.3637 -0.9092
vn -0.2957 0.2895 -0.9103
vn -0.9992 -0.0000 -0.0395
vn -0.2841 -0.3139 -0.9060
vn -0.7067 -0.7067 -0.0331
vn 0.0086 -0.4226 -0.9063
vn 0.3201 -0.2782 -0.9056
vn 0.7067 -0.7067 -0.0329
vn 0.6852 -0.6891 0.2359
vn 0.4227 -0.0168 -0.9061
vn 0.2959 0.3017 -0.9063
vn 0.7067 0.7067 -0.0328
vn 0.9718 0.0038 0.2359
vn 0.6852 0.6892 0.2359
vn 0.5254 0.5267 0.6683
vn 0.5260 -0.5260 0.6683
vn 0.3832 -0.0001 0.9237
vn 0.2696 0.2723 0.9237
vt 0.257075 0.520146
vt 0.258859 0.570830
vt 0.302204 0.557759
vt 0.318139 0.633926
vt 0.260389 0.635337
vt 0.310235 0.701442
vt 0.259369 0.696740
vt 0.187596 0.633550
vt 0.187596 0.696646
vt 0.115822 0.696740
vt 0.114930 0.635337
vt 0.064956 0.701442
vt 0.057180 0.633926
vt 0.116460 0.570830
vt 0.073115 0.557759
vt 0.118117 0.520146
vt 0.187596 0.566974
vt 0.187596 0.508956
vt 0.020944 0.330378
vt 0.028657 0.338000
vt 0.029439 0.329756
vt 0.034804 0.328356
vt 0.031451 0.321045
vt 0.026086 0.325711
vt 0.034246 0.324623
vt 0.041958 0.327111
vt 0.039835 0.318867
vt 0.041958 0.339089
vt 0.034804 0.337845
vt 0.037152 0.095179
vt 0.036928 0.100001
vt 0.044976 0.100623
vt 0.035140 0.317311
vt 0.039052 0.207490
vt 0.044306 0.217756
vt 0.044306 0.207645
vt 0.044865 0.094712
vt 0.039276 0.217601
vt 0.223377 0.185712
vt 0.223601 0.207956
vt 0.233773 0.207490
vt 0.231984 0.178245
vt 0.035363 0.088023
vt 0.040952 0.085379
vt 0.233549 0.226778
vt 0.026421 0.082112
vt 0.026980 0.078846
vt 0.020720 0.118668
vt 0.029551 0.177779
vt 0.022509 0.118357
vt 0.029439 0.161756
vt 0.029774 0.152579
vt 0.023403 0.107001
vt 0.018596 0.088179
vt 0.016808 0.097668
vt 0.015578 0.104201
vt 0.012672 0.037157
vt 0.012672 0.041201
vt 0.219465 0.252601
vt 0.223042 0.240467
vt 0.229190 0.244356
vt 0.225166 0.231756
vt 0.235673 0.237667
vt 0.209964 0.207334
vt 0.223713 0.226467
vt 0.209964 0.226467
vt 0.210411 0.229112
vt 0.209964 0.184312
vt 0.223377 0.165334
vt 0.209964 0.161445
vt 0.210411 0.238601
vt 0.210411 0.251512
vt 0.020944 0.325089
vt 0.020944 0.338000
vt 0.020944 0.347956
vt 0.027986 0.347022
vt 0.032345 0.344534
vt 0.029886 0.354022
vt 0.020944 0.355578
vt 0.036928 0.170001
vt 0.039276 0.160979
vt 0.033016 0.163623
vt 0.042517 0.172956
vt 0.037375 0.349511
vt 0.039387 0.179801
vt 0.044306 0.179956
vt 0.044306 0.192867
vt 0.027315 0.110268
vt 0.030557 0.147290
vt 0.039052 0.192867
vt 0.022956 0.096734
vt 0.017814 0.178401
vt 0.016473 0.178401
vt 0.016920 0.204223
vt 0.017814 0.233934
vt 0.017479 0.151801
vt 0.016473 0.233934
vt 0.019602 0.157401
vt 0.019714 0.175290
vt 0.018596 0.201423
vt 0.019714 0.230667
vt 0.017255 0.292734
vt 0.033687 0.288689
vt 0.032792 0.288378
vt 0.033798 0.200179
vt 0.018149 0.291178
vt 0.020161 0.107312
vt 0.007642 0.099846
vt 0.016137 0.099846
vt 0.013454 0.110268
vt 0.014349 0.089579
vt 0.032122 0.198934
vt 0.028209 0.114623
vt 0.028992 0.110268
vt 0.029551 0.185245
vt 0.032904 0.173734
vt 0.034246 0.172179
vt 0.218683 0.225378
vt 0.209740 0.219467
vt 0.219018 0.204845
vt 0.227066 0.219623
vt 0.037487 0.107312
vt 0.050118 0.100001
vt 0.043411 0.110423
vt 0.041847 0.100157
vt 0.231425 0.205312
vt 0.027762 0.161756
vt 0.028768 0.148690
vt 0.025191 0.151023
vt 0.030780 0.173423
vt 0.028768 0.204067
vt 0.028992 0.162379
vt 0.030780 0.228956
vt 0.025080 0.134223
vt 0.025080 0.189756
vt 0.028880 0.105757
vt 0.037264 0.102023
vt 0.042405 0.103734
vt 0.025080 0.163156
vt 0.039499 0.100312
vt 0.046094 0.101090
vt 0.030669 0.154912
vt 0.219800 0.233001
vt 0.228966 0.234712
vt 0.222707 0.241401
vt 0.206499 0.232378
vt 0.040282 0.098134
vt 0.206499 0.241401
vt 0.219800 0.249645
vt 0.236456 0.241245
vt 0.028880 0.103268
vt 0.228966 0.247778
vt 0.020497 0.102023
vt 0.015355 0.103734
vt 0.011666 0.101090
vt 0.021279 0.162690
vt 0.021503 0.204067
vt 0.021503 0.148534
vt 0.022509 0.160356
vt 0.044306 0.089579
vt 0.037934 0.092690
vt 0.029774 0.089579
vt 0.020832 0.184623
vt 0.029551 0.085223
vt 0.205716 0.205001
vt 0.219465 0.184467
vt 0.020832 0.092690
vt 0.210411 0.190534
vt 0.227625 0.190690
vt 0.010436 0.098134
vt 0.017479 0.098134
vt 0.018261 0.100312
vt 0.206499 0.250267
vt 0.034246 0.227712
vt 0.032904 0.229267
vt 0.032681 0.146823
vt 0.047324 0.098134
vt 0.241308 0.247191
vt 0.240139 0.209550
vt 0.237997 0.216250
vt 0.235173 0.190912
vt 0.236926 0.182263
vt 0.965960 0.941183
vt 0.997217 0.941183
vt 0.997217 0.999168
vt 0.965960 0.896841
vt 0.997217 0.896841
vt 0.997217 0.057888
vt 0.965960 0.001365
vt 0.997217 0.001365
vt 0.240139 0.284711
vt 0.239068 0.247191
vt 0.965960 0.999168
vt 0.231181 0.247191
vt 0.237997 0.278011
vt 0.235173 0.303349
vt 0.236926 0.311998
vt 0.997801 0.155463
vt 0.965960 0.102107
vt 0.997217 0.102107
vt 0.232544 0.320160
vt 0.965960 0.057888
vt 0.941032 0.001365
vt 0.941032 0.057888
vt 0.941032 0.999168
vt 0.941032 0.941183
vt 0.808994 0.999168
vt 0.808994 0.057888
vt 0.808994 0.001365
vt 0.784164 0.057888
vt 0.808994 0.102107
vt 0.784164 0.001365
vt 0.784164 0.999168
vt 0.784164 0.941183
vt 0.752810 0.941183
vt 0.752810 0.999168
vt 0.752810 0.001365
vt 0.239944 0.209550
vt 0.241113 0.247191
vt 0.238971 0.247191
vt 0.237900 0.216250
vt 0.236828 0.181897
vt 0.752810 0.896841
vt 0.752225 0.841293
vt 0.784164 0.896841
vt 0.232447 0.171056
vt 0.234978 0.190912
vt 0.231083 0.247191
vt 0.231083 0.186770
vt 0.210343 0.247191
vt 0.210343 0.186770
vt 0.208980 0.171056
vt 0.210343 0.307491
vt 0.206351 0.303349
vt 0.203429 0.216250
vt 0.206351 0.190912
vt 0.202456 0.247191
vt 0.203429 0.278011
vt 0.201385 0.284711
vt 0.200216 0.247191
vt 0.752810 0.400315
vt 0.784164 0.444657
vt 0.752810 0.444657
vt 0.204598 0.312363
vt 0.784164 0.499474
vt 0.752810 0.499474
vt 0.808994 0.499474
vt 0.808994 0.554292
vt 0.784164 0.554292
vt 0.941032 0.499474
vt 0.941032 0.554292
vt 0.808994 0.598633
vt 0.808994 0.651867
vt 0.784164 0.598633
vt 0.941032 0.598633
vt 0.965960 0.598633
vt 0.965960 0.651867
vt 0.941032 0.651867
vt 0.941032 0.841293
vt 0.965960 0.841293
vt 0.997801 0.841293
vt 0.232544 0.174101
vt 0.231181 0.186770
vt 0.997801 0.651867
vt 0.210440 0.186770
vt 0.209077 0.174101
vt 0.206448 0.190912
vt 0.204695 0.182263
vt 0.997217 0.598633
vt 0.201482 0.209550
vt 0.203624 0.216250
vt 0.965960 0.554292
vt 0.997217 0.554292
vt 0.965960 0.499474
vt 0.965960 0.444657
vt 0.997217 0.499474
vt 0.941032 0.444657
vt 0.808994 0.400315
vt 0.941032 0.400315
vt 0.808994 0.444657
vt 0.784164 0.400315
vt 0.808994 0.347081
vt 0.941032 0.347081
vt 0.784164 0.347081
vt 0.752225 0.347081
vt 0.208980 0.323205
vt 0.752225 0.155463
vt 0.232447 0.323205
vt 0.231083 0.307491
vt 0.752810 0.102107
vt 0.784164 0.155463
vt 0.236828 0.312363
vt 0.808994 0.155463
vt 0.784164 0.102107
vt 0.752810 0.057888
vt 0.237900 0.278011
vt 0.239944 0.284711
vt 0.234978 0.303349
vt 0.941032 0.102107
vt 0.941032 0.155463
vt 0.965960 0.155463
vt 0.965960 0.347081
vt 0.997801 0.347081
vt 0.997217 0.400315
vt 0.204695 0.311998
vt 0.209077 0.320160
vt 0.210440 0.307491
vt 0.231181 0.307491
vt 0.210440 0.247191
vt 0.206448 0.303349
vt 0.202553 0.247191
vt 0.203624 0.278011
vt 0.201482 0.284711
vt 0.200313 0.247191
vt 0.997217 0.444657
vt 0.965960 0.400315
vt 0.941032 0.896841
vt 0.808994 0.896841
vt 0.808994 0.841293
vt 0.808994 0.941183
vt 0.784164 0.841293
vt 0.784164 0.651867
vt 0.752225 0.651867
vt 0.752810 0.598633
vt 0.204598 0.181897
vt 0.201385 0.209550
vt 0.752810 0.554292
vt 0.274992 0.343855
vt 0.287137 0.348875
vt 0.274992 0.049475
vt 0.262881 0.348875
vt 0.292161 0.361034
vt 0.287137 0.373150
vt 0.274992 0.378170
vt 0.262881 0.373150
vt 0.257857 0.361034
vt 0.143367 0.026801
vt 0.137977 0.034200
vt 0.148658 0.029786
vt 0.145464 0.034200
vt 0.156344 0.027969
vt 0.158839 0.113561
vt 0.155312 0.113561
vt 0.158839 0.295607
vt 0.162366 0.295607
vt 0.162366 0.113561
vt 0.156344 0.023728
vt 0.169353 0.026801
vt 0.164063 0.029786
vt 0.151752 0.113561
vt 0.155312 0.295607
vt 0.151752 0.295607
vt 0.176540 0.295607
vt 0.148225 0.113561
vt 0.148225 0.295607
vt 0.169353 0.041556
vt 0.174743 0.034200
vt 0.164063 0.038571
vt 0.173013 0.113561
vt 0.176540 0.113561
vt 0.167257 0.034200
vt 0.156344 0.040388
vt 0.156344 0.044629
vt 0.169453 0.113561
vt 0.173013 0.295607
vt 0.169453 0.295607
vt 0.165926 0.295607
vt 0.165926 0.113561
vt 0.143367 0.041556
vt 0.148658 0.038571
vt 0.229675 0.164276
vt 0.226016 0.164276
vt 0.223720 0.231607
vt 0.233335 0.164276
vt 0.222356 0.164276
vt 0.218696 0.164276
vt 0.215069 0.164276
vt 0.211409 0.164276
vt 0.236995 0.164276
vt 0.019628 0.059168
vt 0.019628 0.045624
vt 0.023288 0.045624
vt 0.026948 0.045624
vt 0.023288 0.059168
vt 0.025517 0.179075
vt 0.029177 0.179075
vt 0.029177 0.133336
vt 0.025517 0.133336
vt 0.051104 0.179075
vt 0.045214 0.059168
vt 0.045214 0.045624
vt 0.047444 0.179075
vt 0.051104 0.133336
vt 0.041554 0.059168
vt 0.051104 0.214731
vt 0.025517 0.214731
vt 0.025517 0.159256
vt 0.047444 0.133336
vt 0.047444 0.214731
vt 0.051104 0.159256
vt 0.051104 0.115552
vt 0.025517 0.115552
vt 0.029177 0.214731
vt 0.029177 0.159256
vt 0.032837 0.159256
vt 0.029177 0.115552
vt 0.032837 0.115552
vt 0.036464 0.159256
vt 0.032837 0.214731
vt 0.032837 0.133336
vt 0.032837 0.179075
vt 0.036464 0.133336
vt 0.036464 0.214731
vt 0.026948 0.059168
vt 0.030608 0.045624
vt 0.030608 0.059168
vt 0.036464 0.179075
vt 0.034268 0.045624
vt 0.034268 0.059168
vt 0.040124 0.179075
vt 0.040124 0.133336
vt 0.040124 0.214731
vt 0.040124 0.159256
vt 0.043784 0.159256
vt 0.043784 0.133336
vt 0.043784 0.214731
vt 0.040124 0.115552
vt 0.047444 0.159256
vt 0.043784 0.115552
vt 0.040124 0.083184
vt 0.043784 0.083184
vt 0.047444 0.115552
vt 0.047444 0.083184
vt 0.046545 0.061029
vt 0.051104 0.083184
vt 0.050205 0.061029
vt 0.032837 0.083184
vt 0.031905 0.061029
vt 0.029177 0.083184
vt 0.028246 0.061029
vt 0.025517 0.083184
vt 0.024586 0.061029
vt 0.042885 0.061029
vt 0.036464 0.083184
vt 0.035565 0.061029
vt 0.039225 0.061029
vt 0.036464 0.115552
vt 0.043784 0.179075
vt 0.037894 0.045624
vt 0.041554 0.045624
vt 0.037894 0.059168
vt 0.020618 0.159000
vt 0.020618 0.164057
vt 0.025668 0.159000
vt 0.015568 0.164057
vt 0.023183 0.149067
vt 0.015568 0.159000
vt 0.018133 0.149067
vt 0.055968 0.159000
vt 0.053483 0.149067
vt 0.050918 0.159000
vt 0.048433 0.149067
vt 0.045868 0.159000
vt 0.040818 0.159000
vt 0.038333 0.149067
vt 0.035768 0.159000
vt 0.033283 0.149067
vt 0.030718 0.159000
vt 0.043383 0.149067
vt 0.028233 0.149067
vt 0.025668 0.164057
vt 0.030718 0.164057
vt 0.035768 0.164057
vt 0.040818 0.164057
vt 0.045868 0.164057
vt 0.050918 0.164057
vt 0.055968 0.164057
vt 0.157448 0.300415
vt 0.166106 0.298067
vt 0.157448 0.421421
vt 0.148391 0.298067
vt 0.172598 0.291565
vt 0.172598 0.273685
vt 0.166106 0.267183
vt 0.175003 0.282716
vt 0.157448 0.264836
vt 0.148391 0.267183
vt 0.139493 0.282716
vt 0.141818 0.291565
vt 0.141818 0.273685
vt 0.140936 0.101026
vt 0.147429 0.093982
vt 0.136447 0.098136
vt 0.133401 0.110598
vt 0.138531 0.110598
vt 0.169392 0.203610
vt 0.169392 0.202707
vt 0.166586 0.203610
vt 0.172198 0.202707
vt 0.166586 0.202707
vt 0.136447 0.123060
vt 0.140936 0.120170
vt 0.144944 0.132090
vt 0.175083 0.202707
vt 0.172198 0.203610
vt 0.175083 0.203610
vt 0.179652 0.110598
vt 0.171636 0.120170
vt 0.176526 0.123060
vt 0.168110 0.132090
vt 0.165144 0.127033
vt 0.174041 0.110598
vt 0.171636 0.101026
vt 0.176526 0.098136
vt 0.165144 0.093982
vt 0.168110 0.088925
vt 0.156487 0.085674
vt 0.163701 0.203610
vt 0.163701 0.202707
vt 0.160895 0.203610
vt 0.144944 0.088925
vt 0.160895 0.202707
vt 0.156487 0.091454
vt 0.158010 0.203610
vt 0.158010 0.202707
vt 0.155204 0.202707
vt 0.152318 0.202707
vt 0.152318 0.203610
vt 0.155204 0.203610
vt 0.149513 0.203610
vt 0.147429 0.127033
vt 0.156487 0.135522
vt 0.146627 0.203610
vt 0.146627 0.202707
vt 0.143822 0.203610
vt 0.149513 0.202707
vt 0.143822 0.202707
vt 0.156487 0.129562
vt 0.141016 0.202707
vt 0.141016 0.203610
vt 0.033283 0.075922
vt 0.033444 0.051720
vt 0.035367 0.145094
vt 0.033444 0.119990
vt 0.033283 0.144191
vt 0.028314 0.143468
vt 0.033364 0.140217
vt 0.028314 0.119990
vt 0.035688 0.119990
vt 0.033364 0.071768
vt 0.023745 0.355500
vt 0.032963 0.355680
vt 0.023664 0.390537
vt 0.033043 0.390537
vt 0.023745 0.362182
vt 0.035528 0.140217
vt 0.033043 0.362182
vt 0.020859 0.140217
vt 0.020699 0.119990
vt 0.022943 0.051720
vt 0.023103 0.075741
vt 0.020939 0.145094
vt 0.022943 0.119990
vt 0.023103 0.144191
vt 0.023023 0.140217
vt 0.023023 0.071768
vt 0.021260 0.170559
vt 0.032802 0.350082
vt 0.023905 0.350082
vt 0.035127 0.170559
vt 0.028314 0.164419
vt 0.028314 0.140217
vt 0.033123 0.167128
vt 0.033123 0.098678
vt 0.023264 0.166947
vt 0.025187 0.211557
vt 0.028314 0.215350
vt 0.025187 0.143107
vt 0.023264 0.098678
vt 0.023905 0.224741
vt 0.025668 0.309265
vt 0.028233 0.307278
vt 0.031039 0.309445
vt 0.028314 0.232688
vt 0.031199 0.143288
vt 0.032482 0.224922
vt 0.031199 0.211557
vt 0.028314 0.146900
s 1
usemtl object_1
f 1/1/1 2/2/2 3/3/3
f 3/3/3 2/2/2 4/4/4
f 2/2/2 5/5/5 4/4/4
f 4/4/4 5/5/5 6/6/6
f 6/6/6 5/5/5 7/7/7
f 5/5/5 8/8/8 7/7/7
f 7/7/7 8/8/8 9/9/9
f 9/9/9 8/8/8 10/10/10
f 8/8/8 11/11/11 10/10/10
f 10/10/10 11/11/11 12/12/12
f 12/12/12 11/11/11 13/13/13
f 11/11/11 14/14/14 13/13/13
f 13/13/13 14/14/14 15/15/15
f 15/15/15 14/14/14 16/16/16
f 14/14/14 17/17/17 16/16/16
f 17/17/17 14/14/14 11/11/11
f 8/8/8 17/17/17 11/11/11
f 1/1/1 17/17/17 2/2/2
f 2/2/2 17/17/17 5/5/5
f 5/5/5 17/17/17 8/8/8
f 16/16/16 17/17/17 18/18/18
f 18/18/18 17/17/17 1/1/1
f 19/1/19 20/3/20 21/2/21
f 20/3/20 26/4/22 21/2/21
f 21/2/21 26/4/22 27/5/23
f 26/4/22 32/6/24 27/5/23
f 32/6/24 33/7/25 27/5/23
f 27/5/23 33/7/25 34/8/26
f 33/7/25 22/9/27 34/8/26
f 22/9/27 23/10/28 34/8/26
f 34/8/26 23/10/28 28/11/29
f 23/10/28 29/12/30 28/11/29
f 29/12/30 30/13/31 28/11/29
f 28/11/29 30/13/31 31/14/32
f 30/13/31 35/15/33 31/14/32
f 35/15/33 36/16/34 31/14/32
f 31/14/32 36/16/34 24/17/35
f 24/17/35 28/11/29 31/14/32
f 34/8/26 28/11/29 24/17/35
f 19/1/19 21/2/21 24/17/35
f 21/2/21 27/5/23 24/17/35
f 27/5/23 34/8/26 24/17/35
f 36/16/34 25/18/36 24/17/35
f 25/18/36 19/1/19 24/17/35
f 1/1/1 25/18/36 18/18/18
f 4/4/4 20/3/20 3/3/3
f 30/13/31 12/12/12 13/13/13
f 10/10/10 22/9/27 9/9/9
f 33/7/25 6/6/6 7/7/7
f 12/12/12 23/10/28 10/10/10
f 3/3/3 19/1/19 1/1/1
f 35/15/33 13/13/13 15/15/15
f 22/9/27 7/7/7 9/9/9
f 25/18/36 16/16/16 18/18/18
f 6/6/6 26/4/22 4/4/4
f 36/16/34 15/15/15 16/16/16
f 41/19/37 38/20/38 37/21/39
f 37/21/39 38/20/38 43/22/40
f 39/23/41 40/24/42 37/21/39
f 42/25/43 39/23/41 37/21/39
f 37/21/39 40/24/42 41/19/37
f 42/25/43 37/21/39 43/22/40
f 44/26/44 47/27/45 43/22/40
f 44/26/44 43/22/40 45/28/46
f 43/22/40 46/29/47 45/28/46
f 43/22/40 38/20/38 46/29/47
f 43/22/40 47/27/45 42/25/43
f 42/25/43 47/27/45 39/23/41
f 51/30/48 48/31/49 47/32/45
f 47/27/45 48/33/49 39/23/41
f 50/34/50 47/35/45 44/36/44
f 49/37/51 51/30/48 47/32/45
f 47/35/45 50/34/50 49/38/51
f 52/39/52 54/40/53 51/41/48
f 53/42/54 52/39/52 51/41/48
f 53/43/54 51/30/48 55/44/55
f 51/41/48 54/40/53 48/45/49
f 55/44/55 51/30/48 49/37/51
f 56/46/56 53/43/54 55/44/55
f 55/44/55 57/47/57 56/46/56
f 57/48/57 55/49/55 59/50/58
f 55/49/55 49/38/51 58/51/59
f 59/50/58 55/49/55 58/51/59
f 58/51/59 60/52/60 59/50/58
f 59/50/58 60/52/60 61/53/61
f 61/53/61 63/54/62 59/50/58
f 59/50/58 63/54/62 62/55/63
f 64/56/64 59/50/58 62/55/63
f 64/56/64 57/48/57 59/50/58
f 64/57/64 67/47/65 65/46/66
f 66/58/67 64/57/64 65/46/66
f 56/46/56 64/57/64 66/58/67
f 57/47/57 64/57/64 56/46/56
f 67/48/65 64/56/64 68/50/68
f 68/50/68 64/56/64 62/55/63
f 69/52/69 71/51/70 68/50/68
f 70/53/71 69/52/69 68/50/68
f 68/50/68 63/54/62 70/53/71
f 72/49/72 67/48/65 68/50/68
f 62/55/63 63/54/62 68/50/68
f 71/51/70 72/49/72 68/50/68
f 75/38/73 72/49/72 71/51/70
f 67/47/65 72/44/72 65/46/66
f 65/46/66 72/44/72 73/43/74
f 73/43/74 72/44/72 74/30/75
f 72/44/72 75/37/73 74/30/75
f 75/37/73 77/32/76 74/30/75
f 76/34/77 75/38/73 71/51/70
f 77/35/76 75/38/73 76/34/77
f 78/26/78 80/22/79 77/27/76
f 78/36/78 77/35/76 76/34/77
f 74/30/75 77/32/76 79/31/80
f 77/27/76 82/23/81 79/33/80
f 80/22/79 81/25/82 77/27/76
f 81/25/82 82/23/81 77/27/76
f 83/59/83 85/60/84 82/61/81
f 83/24/83 82/23/81 84/21/85
f 84/21/85 82/23/81 81/25/82
f 85/60/84 86/62/86 82/61/81
f 86/62/86 79/63/80 82/61/81
f 87/64/87 89/40/11 86/65/86
f 88/66/88 87/64/87 86/65/86
f 88/67/88 86/62/86 85/60/84
f 86/65/86 89/40/11 79/45/80
f 87/64/87 91/68/17 89/40/11
f 91/68/17 90/39/89 89/40/11
f 89/40/11 90/39/89 74/41/75
f 79/45/80 89/40/11 74/41/75
f 54/40/53 91/68/17 87/64/87
f 65/69/66 91/68/17 66/70/67
f 66/70/67 91/68/17 56/69/56
f 52/39/52 91/68/17 54/40/53
f 56/69/56 91/68/17 52/39/52
f 90/39/89 91/68/17 65/69/66
f 74/41/75 90/39/89 73/42/74
f 73/42/74 90/39/89 65/69/66
f 92/62/90 88/67/88 93/60/91
f 92/65/90 87/64/87 88/66/88
f 93/60/91 88/67/88 94/71/92
f 94/71/92 88/67/88 85/60/84
f 93/60/91 94/71/92 40/59/42
f 40/59/42 94/71/92 95/72/93
f 94/71/92 85/60/84 83/59/83
f 95/72/93 94/71/92 83/59/83
f 40/24/42 95/73/93 41/19/37
f 95/73/93 83/24/83 41/19/37
f 39/61/41 92/62/90 93/60/91
f 39/61/41 93/60/91 40/59/42
f 54/40/53 87/64/87 92/65/90
f 48/45/49 54/40/53 92/65/90
f 48/63/49 92/62/90 39/61/41
f 84/21/85 96/20/94 41/19/37
f 41/19/37 83/24/83 84/21/85
f 80/22/79 96/20/94 84/21/85
f 81/25/82 80/22/79 84/21/85
f 80/22/79 99/29/95 96/20/94
f 96/20/94 97/74/96 41/19/37
f 96/20/94 98/75/97 97/74/96
f 101/76/98 98/75/97 96/20/94
f 99/29/95 100/77/99 96/20/94
f 100/77/99 101/76/98 96/20/94
f 101/76/98 100/77/99 102/78/100
f 103/79/101 101/76/98 102/78/100
f 98/75/97 101/76/98 103/79/101
f 104/80/102 103/81/101 106/82/103
f 105/83/104 103/81/101 104/80/102
f 105/78/104 108/76/105 103/79/101
f 106/82/103 103/81/101 107/80/106
f 103/81/101 102/83/100 107/80/106
f 108/76/105 98/75/97 103/79/101
f 109/77/107 108/76/105 105/78/104
f 38/20/38 108/76/105 109/77/107
f 38/20/38 98/75/97 108/76/105
f 46/29/47 109/77/107 110/84/108
f 46/29/47 38/20/38 109/77/107
f 110/84/108 109/77/107 105/78/104
f 111/85/109 110/86/108 104/80/102
f 45/87/46 110/86/108 111/85/109
f 110/86/108 105/83/104 104/80/102
f 45/28/46 46/29/47 110/84/108
f 111/85/109 114/88/110 112/89/111
f 112/89/111 113/90/112 111/85/109
f 113/90/112 45/87/46 111/85/109
f 104/80/102 114/88/110 111/85/109
f 112/89/111 114/88/110 61/53/61
f 115/91/113 114/88/110 106/82/103
f 106/82/103 114/88/110 104/80/102
f 63/54/62 114/88/110 115/91/113
f 114/88/110 63/54/62 61/53/61
f 116/88/114 115/91/113 106/82/103
f 63/54/62 115/91/113 116/88/114
f 116/88/114 106/82/103 107/80/106
f 117/85/115 116/88/114 107/80/106
f 117/85/115 118/89/116 116/88/114
f 118/89/116 70/53/71 116/88/114
f 70/53/71 63/54/62 116/88/114
f 119/90/117 69/52/69 118/89/116
f 119/90/117 118/89/116 117/85/115
f 69/52/69 70/53/71 118/89/116
f 76/34/77 69/52/69 119/90/117
f 76/34/77 119/90/117 120/87/118
f 120/87/118 119/90/117 117/85/115
f 121/86/119 120/87/118 117/85/115
f 120/28/118 80/22/79 78/26/78
f 78/36/78 76/34/77 120/87/118
f 121/84/119 99/29/95 120/28/118
f 99/29/95 80/22/79 120/28/118
f 100/77/99 99/29/95 121/84/119
f 102/78/100 100/77/99 121/84/119
f 102/83/100 121/86/119 107/80/106
f 107/80/106 121/86/119 117/85/115
f 60/52/60 113/90/112 112/89/111
f 113/90/112 50/34/50 45/87/46
f 60/52/60 50/34/50 113/90/112
f 61/53/61 60/52/60 112/89/111
f 97/74/96 98/75/97 38/20/38
f 41/19/37 97/74/96 38/20/38
f 71/51/70 69/52/69 76/34/77
f 50/34/50 60/52/60 58/51/59
f 49/38/51 50/34/50 58/51/59
f 56/69/56 52/39/52 53/42/54
f 45/87/46 50/34/50 44/36/44
f 122/92/120 123/93/121 128/94/122
f 122/95/120 124/96/123 123/97/121
f 126/98/124 124/96/123 122/95/120
f 125/99/125 122/92/120 127/100/126
f 125/101/125 126/98/124 122/95/120
f 127/100/126 122/92/120 128/94/122
f 127/100/126 128/94/122 131/102/127
f 128/94/122 129/100/128 131/102/127
f 128/94/122 130/92/129 129/100/128
f 123/93/121 130/92/129 128/94/122
f 131/103/127 134/104/130 132/105/131
f 133/104/132 131/103/127 132/105/131
f 133/106/132 127/100/126 131/102/127
f 131/102/127 129/100/128 134/106/130
f 135/107/133 134/108/130 136/109/134
f 137/110/135 134/108/130 135/107/133
f 134/108/130 129/111/128 136/109/134
f 132/105/131 134/104/130 137/112/135
f 138/113/136 137/110/135 141/114/137
f 138/115/136 140/116/138 137/112/135
f 137/112/135 139/117/139 132/105/131
f 140/116/138 139/117/139 137/112/135
f 141/114/137 137/110/135 135/107/133
f 141/118/137 135/119/133 142/120/140
f 143/121/141 141/118/137 142/120/140
f 143/122/141 138/113/136 141/114/137
f 144/123/142 146/124/143 143/122/141
f 145/125/144 144/123/142 143/122/141
f 145/126/144 143/121/141 142/120/140
f 146/124/143 138/113/136 143/122/141
f 146/127/143 147/128/145 138/115/136
f 144/129/142 147/128/145 146/127/143
f 147/128/145 148/130/146 138/115/136
f 147/131/145 150/132/147 148/133/146
f 149/134/148 147/128/145 144/129/142
f 149/135/148 150/132/147 147/131/145
f 151/136/149 153/137/150 150/138/147
f 151/139/149 150/132/147 149/135/148
f 150/138/147 154/140/151 152/141/152
f 150/132/147 152/142/152 148/133/146
f 153/137/150 154/140/151 150/138/147
f 154/143/151 153/144/150 156/145/153
f 155/146/154 154/143/151 156/145/153
f 154/140/151 155/147/154 152/141/152
f 157/148/155 156/145/153 158/149/156
f 155/146/154 156/145/153 157/148/155
f 156/145/153 159/150/157 158/149/156
f 156/145/153 153/144/150 159/150/157
f 159/151/157 153/137/150 151/136/149
f 158/149/156 159/150/157 160/152/158
f 160/153/158 159/151/157 161/154/159
f 161/154/159 159/151/157 151/136/149
f 162/155/160 160/153/158 161/154/159
f 162/98/160 161/156/159 163/101/161
f 163/101/161 161/156/159 164/157/162
f 161/156/159 151/139/149 164/157/162
f 163/99/161 164/158/162 165/159/163
f 164/157/162 151/139/149 149/135/148
f 164/158/162 149/134/148 165/159/163
f 165/160/163 144/123/142 166/161/164
f 168/162/165 165/160/163 166/161/164
f 165/159/163 149/134/148 144/129/142
f 167/163/166 163/99/161 165/159/163
f 167/164/166 165/160/163 168/162/165
f 142/120/140 136/165/134 168/166/165
f 168/166/165 145/126/144 142/120/140
f 169/167/167 167/164/166 168/162/165
f 136/165/134 169/168/167 168/166/165
f 166/169/164 145/126/144 168/166/165
f 136/109/134 129/111/128 169/167/167
f 129/111/128 167/164/166 169/167/167
f 129/100/128 163/99/161 167/163/166
f 166/161/164 144/123/142 145/125/144
f 130/95/129 162/98/160 163/101/161
f 130/92/129 163/99/161 129/100/128
f 124/170/123 170/171/168 162/155/160
f 124/96/123 162/98/160 130/95/129
f 170/171/168 158/172/156 162/155/160
f 158/172/156 160/153/158 162/155/160
f 170/173/168 171/149/169 157/148/155
f 126/155/124 171/172/169 170/171/168
f 126/155/124 170/171/168 124/170/123
f 158/149/156 170/173/168 157/148/155
f 174/153/170 171/172/169 126/155/124
f 171/149/169 172/150/171 173/145/172
f 174/152/170 172/150/171 171/149/169
f 157/148/155 171/149/169 173/145/172
f 172/151/171 174/153/170 175/154/173
f 175/154/173 174/153/170 126/155/124
f 176/136/174 172/151/171 175/154/173
f 176/139/174 175/156/173 177/157/175
f 177/157/175 175/156/173 125/101/125
f 175/156/173 126/98/124 125/101/125
f 177/158/175 125/99/125 178/159/176
f 179/134/177 177/158/175 178/159/176
f 179/135/177 176/139/174 177/157/175
f 180/128/178 179/134/177 182/129/179
f 180/131/178 181/132/180 179/135/177
f 181/132/180 176/139/174 179/135/177
f 182/129/179 179/134/177 178/159/176
f 183/125/181 184/122/182 182/123/179
f 186/161/183 183/125/181 182/123/179
f 182/123/179 184/122/182 185/124/184
f 185/127/184 180/128/178 182/129/179
f 178/160/176 186/161/183 182/123/179
f 187/162/185 186/161/183 178/160/176
f 186/169/183 187/166/185 183/126/181
f 188/167/186 187/162/185 191/164/187
f 190/165/188 187/166/185 188/168/186
f 191/164/187 187/162/185 178/160/176
f 183/126/181 187/166/185 189/120/189
f 187/166/185 190/165/188 189/120/189
f 178/159/176 125/99/125 191/163/187
f 191/163/187 125/99/125 127/100/126
f 127/111/126 188/167/186 191/164/187
f 192/107/190 190/109/188 133/108/132
f 190/165/188 192/119/190 189/120/189
f 133/108/132 190/109/188 127/111/126
f 190/109/188 188/167/186 127/111/126
f 193/114/191 192/107/190 194/110/192
f 192/119/190 193/118/191 189/120/189
f 194/110/192 192/107/190 133/108/132
f 195/113/193 193/114/191 194/110/192
f 195/115/193 194/112/192 196/116/194
f 196/116/194 194/112/192 139/117/139
f 139/117/139 194/112/192 132/105/131
f 194/112/192 133/104/132 132/105/131
f 197/130/195 195/115/193 196/116/194
f 139/174/139 198/142/196 196/175/194
f 196/175/194 198/142/196 197/133/195
f 198/142/196 181/132/180 197/133/195
f 199/176/197 198/142/196 139/174/139
f 199/177/197 155/147/154 198/141/196
f 155/147/154 200/140/198 198/141/196
f 198/141/196 200/140/198 181/138/180
f 200/143/198 155/146/154 173/145/172
f 200/140/198 201/137/199 181/138/180
f 201/144/199 200/143/198 173/145/172
f 172/150/171 201/144/199 173/145/172
f 181/138/180 201/137/199 176/136/174
f 201/137/199 172/151/171 176/136/174
f 152/141/152 155/147/154 199/177/197
f 152/142/152 199/176/197 139/174/139
f 197/130/195 180/128/178 195/115/193
f 197/133/195 181/132/180 180/131/178
f 195/115/193 180/128/178 185/127/184
f 185/124/184 184/122/182 195/113/193
f 184/122/182 193/114/191 195/113/193
f 193/118/191 184/121/182 189/120/189
f 189/120/189 184/121/182 183/126/181
f 173/145/172 155/146/154 157/148/155
f 148/133/146 152/142/152 140/175/138
f 140/175/138 152/142/152 139/174/139
f 148/130/146 140/116/138 138/115/136
f 135/119/133 136/165/134 142/120/140
f 123/97/121 124/96/123 130/95/129
f 1/1/1 19/1/19 25/18/36
f 4/4/4 26/4/22 20/3/20
f 30/13/31 29/12/30 12/12/12
f 10/10/10 23/10/28 22/9/27
f 33/7/25 32/6/24 6/6/6
f 12/12/12 29/12/30 23/10/28
f 3/3/3 20/3/20 19/1/19
f 35/15/33 30/13/31 13/13/13
f 22/9/27 33/7/25 7/7/7
f 25/18/36 36/16/34 16/16/16
f 6/6/6 32/6/24 26/4/22
f 36/16/34 35/15/33 15/15/15
usemtl object_2
f 208/178/200 202/179/201 203/180/202
f 202/179/201 204/181/203 203/180/202
f 202/179/201 207/182/204 204/181/203
f 205/183/205 202/184/201 208/185/200
f 205/183/205 206/186/206 202/184/201
f 202/184/201 206/186/206 207/187/204
f 209/188/207 210/189/208 208/190/200
f 209/191/207 208/178/200 211/192/209
f 210/193/208 205/183/205 208/185/200
f 211/192/209 208/178/200 203/180/202
f 203/180/202 212/194/210 211/192/209
f 211/192/209 212/194/210 213/195/211
f 213/195/211 209/191/207 211/192/209
f 213/195/211 212/194/210 214/196/212
f 214/196/212 215/197/213 213/195/211
f 215/197/213 209/191/207 213/195/211
f 216/198/214 217/199/215 215/200/213
f 216/201/214 215/197/213 214/196/212
f 215/200/213 218/202/216 209/188/207
f 217/199/215 218/202/216 215/200/213
f 218/202/216 210/189/208 209/188/207
f 210/189/208 218/202/216 220/203/217
f 218/202/216 217/199/215 219/204/218
f 218/202/216 219/204/218 220/203/217
f 220/205/217 221/206/219 210/193/208
f 220/205/217 222/207/220 221/206/219
f 220/203/217 223/208/221 222/209/220
f 219/204/218 223/208/221 220/203/217
f 224/210/222 223/208/221 225/211/223
f 223/208/221 224/210/222 226/212/224
f 223/208/221 219/204/218 225/211/223
f 222/209/220 223/208/221 226/212/224
f 222/207/220 226/213/224 227/214/225
f 227/214/225 226/213/224 229/215/226
f 226/213/224 228/216/227 229/215/226
f 226/212/224 224/210/222 228/217/227
f 229/218/226 228/219/227 230/220/228
f 231/221/229 229/218/226 230/220/228
f 232/222/230 229/218/226 231/221/229
f 229/215/226 232/223/230 227/214/225
f 232/223/230 234/224/231 233/225/232
f 227/214/225 232/223/230 233/225/232
f 234/226/231 232/222/230 235/227/233
f 232/222/230 231/221/229 235/227/233
f 235/227/233 231/221/229 236/228/234
f 237/229/235 235/227/233 236/228/234
f 237/229/235 234/226/231 235/227/233
f 240/230/236 237/229/235 236/228/234
f 238/231/237 237/229/235 240/230/236
f 238/231/237 239/232/238 237/229/235
f 239/232/238 234/226/231 237/229/235
f 236/228/234 241/233/239 240/230/236
f 241/233/239 243/234/240 240/230/236
f 242/235/241 244/236/242 240/230/236
f 246/237/243 242/235/241 240/230/236
f 243/234/240 245/238/244 240/230/236
f 244/236/242 238/231/237 240/230/236
f 245/238/244 246/237/243 240/230/236
f 245/238/244 248/239/245 246/237/243
f 246/237/243 247/240/246 242/235/241
f 248/239/245 247/240/246 246/237/243
f 249/241/247 250/242/248 248/243/245
f 249/244/247 248/239/245 245/238/244
f 250/242/248 251/245/249 248/243/245
f 248/243/245 251/245/249 247/246/246
f 252/247/250 254/248/251 251/245/249
f 250/242/248 252/247/250 251/245/249
f 251/245/249 253/249/252 247/246/246
f 251/245/249 254/248/251 253/249/252
f 254/248/251 252/247/250 255/250/253
f 256/251/254 254/248/251 255/250/253
f 257/252/255 254/248/251 256/251/254
f 254/248/251 257/252/255 253/249/252
f 257/252/255 258/253/256 259/254/257
f 258/253/256 257/252/255 260/255/258
f 260/255/258 257/252/255 256/251/254
f 253/249/252 257/252/255 259/254/257
f 256/251/254 261/256/259 260/255/258
f 261/256/259 262/257/260 260/255/258
f 260/255/258 262/257/260 263/258/261
f 263/258/261 258/253/256 260/255/258
f 263/258/261 264/259/262 258/253/256
f 263/258/261 265/260/263 264/259/262
f 262/257/260 265/260/263 263/258/261
f 265/260/263 206/186/206 264/259/262
f 206/186/206 265/260/263 207/187/204
f 207/187/204 265/260/263 266/261/264
f 265/260/263 262/257/260 266/261/264
f 207/182/204 266/262/264 267/263/265
f 266/261/264 262/257/260 269/264/266
f 267/263/265 266/262/264 268/265/267
f 266/262/264 269/266/266 268/265/267
f 268/265/267 269/266/266 270/267/268
f 269/266/266 271/268/269 270/267/268
f 269/264/266 261/256/259 271/269/269
f 262/257/260 261/256/259 269/264/266
f 271/268/269 273/270/270 272/271/271
f 270/267/268 271/268/269 272/271/271
f 271/269/269 274/272/272 273/273/270
f 261/256/259 274/272/272 271/269/269
f 274/272/272 261/256/259 256/251/254
f 275/274/273 274/272/272 255/250/253
f 274/272/272 275/274/273 273/273/270
f 255/250/253 274/272/272 256/251/254
f 275/274/273 277/275/274 276/276/275
f 273/273/270 275/274/273 276/276/275
f 277/275/274 275/274/273 278/277/276
f 278/277/276 275/274/273 255/250/253
f 278/277/276 281/278/277 279/279/278
f 279/279/278 277/275/274 278/277/276
f 255/250/253 252/247/250 278/277/276
f 252/247/250 280/280/279 278/277/276
f 280/280/279 281/278/277 278/277/276
f 281/278/277 280/280/279 285/281/280
f 281/278/277 283/282/281 282/283/282
f 279/279/278 281/278/277 282/283/282
f 283/282/281 281/278/277 284/284/283
f 284/284/283 281/278/277 285/281/280
f 286/285/284 285/281/280 249/241/247
f 284/284/283 285/281/280 286/285/284
f 285/281/280 280/280/279 250/242/248
f 249/241/247 285/281/280 250/242/248
f 286/286/284 249/244/247 243/234/240
f 287/287/285 284/284/283 286/285/284
f 287/288/285 286/286/284 241/233/239
f 241/233/239 286/286/284 243/234/240
f 289/289/286 287/288/285 241/233/239
f 288/290/287 290/291/288 287/287/285
f 288/292/287 287/288/285 289/289/286
f 290/291/288 284/284/283 287/287/285
f 290/291/288 283/282/281 284/284/283
f 291/293/289 283/282/281 290/291/288
f 291/293/289 290/291/288 292/294/290
f 292/294/290 290/291/288 288/290/287
f 292/294/290 224/210/222 225/211/223
f 224/210/222 292/294/290 293/295/291
f 225/211/223 291/293/289 292/294/290
f 293/295/291 292/294/290 288/290/287
f 294/296/292 293/297/291 295/298/293
f 228/219/227 293/297/291 294/296/292
f 293/297/291 288/292/287 295/298/293
f 228/217/227 224/210/222 293/295/291
f 295/298/293 289/289/286 236/228/234
f 294/296/292 295/298/293 236/228/234
f 295/298/293 288/292/287 289/289/286
f 236/228/234 230/220/228 294/296/292
f 230/220/228 228/219/227 294/296/292
f 296/299/294 291/293/289 225/211/223
f 297/300/295 291/293/289 296/299/294
f 283/282/281 291/293/289 297/300/295
f 296/299/294 299/301/296 297/300/295
f 282/283/282 283/282/281 297/300/295
f 297/300/295 298/302/297 282/283/282
f 299/301/296 298/302/297 297/300/295
f 298/302/297 299/301/296 300/303/298
f 300/303/298 299/301/296 216/198/214
f 217/199/215 299/301/296 296/299/294
f 299/301/296 217/199/215 216/198/214
f 301/304/299 298/302/297 300/303/298
f 301/305/299 300/306/298 302/307/300
f 302/307/300 300/306/298 303/308/301
f 300/306/298 216/201/214 303/308/301
f 303/308/301 304/309/302 302/307/300
f 212/194/210 304/309/302 303/308/301
f 214/196/212 212/194/210 303/308/301
f 303/308/301 216/201/214 214/196/212
f 302/307/300 304/309/302 307/310/303
f 272/271/271 304/309/302 270/267/268
f 305/311/304 304/309/302 272/271/271
f 304/309/302 212/194/210 268/265/267
f 306/312/305 304/309/302 305/311/304
f 270/267/268 304/309/302 268/265/267
f 307/310/303 304/309/302 306/312/305
f 306/312/305 308/313/306 307/310/303
f 308/313/306 301/305/299 307/310/303
f 307/310/303 301/305/299 302/307/300
f 276/314/275 308/313/306 306/312/305
f 308/315/306 309/316/307 301/304/299
f 276/276/275 277/275/274 308/315/306
f 277/275/274 309/316/307 308/315/306
f 298/302/297 309/316/307 282/283/282
f 309/316/307 298/302/297 301/304/299
f 282/283/282 309/316/307 279/279/278
f 309/316/307 277/275/274 279/279/278
f 305/311/304 276/314/275 306/312/305
f 272/271/271 273/270/270 305/311/304
f 273/270/270 276/314/275 305/311/304
f 225/211/223 219/204/218 296/299/294
f 219/204/218 217/199/215 296/299/294
f 289/289/286 241/233/239 236/228/234
f 280/280/279 252/247/250 250/242/248
f 212/194/210 267/263/265 268/265/267
f 204/181/203 207/182/204 267/263/265
f 204/181/203 267/263/265 212/194/210
f 206/186/206 312/317/308 264/259/262
f 264/259/262 310/318/309 311/319/310
f 264/259/262 312/317/308 310/318/309
f 258/253/256 264/259/262 311/319/310
f 221/206/219 312/317/308 205/183/205
f 313/320/311 312/317/308 221/206/219
f 312/317/308 313/320/311 310/318/309
f 312/317/308 206/186/206 205/183/205
f 313/320/311 222/207/220 227/214/225
f 222/207/220 313/320/311 221/206/219
f 310/318/309 313/320/311 233/225/232
f 233/225/232 313/320/311 227/214/225
f 311/319/310 310/318/309 315/321/312
f 258/253/256 311/319/310 314/322/313
f 314/322/313 311/319/310 315/321/312
f 315/321/312 310/318/309 233/225/232
f 315/321/312 239/323/238 314/322/313
f 233/225/232 234/224/231 315/321/312
f 234/224/231 239/323/238 315/321/312
f 259/254/257 258/253/256 314/322/313
f 316/324/314 259/254/257 314/322/313
f 239/323/238 316/324/314 314/322/313
f 244/236/242 316/325/314 238/231/237
f 317/326/315 316/325/314 244/236/242
f 316/325/314 239/232/238 238/231/237
f 317/327/315 259/254/257 316/324/314
f 253/249/252 259/254/257 317/327/315
f 247/246/246 253/249/252 317/327/315
f 247/240/246 317/326/315 242/235/241
f 242/235/241 317/326/315 244/236/242
f 243/234/240 249/244/247 245/238/244
f 231/221/229 230/220/228 236/228/234
f 221/206/219 205/183/205 210/193/208
f 203/180/202 204/181/203 212/194/210
usemtl object_3
f 321/182/230 318/179/226 319/181/316
f 318/179/226 320/180/229 319/181/316
f 318/179/226 322/178/227 320/180/229
f 318/184/226 321/187/230 324/186/317
f 323/183/318 322/185/227 318/184/226
f 324/186/317 323/183/318 318/184/226
f 327/317/319 323/183/318 324/186/317
f 324/186/317 326/260/320 325/259/310
f 325/259/310 327/317/319 324/186/317
f 321/187/230 326/260/320 324/186/317
f 327/317/319 328/206/321 323/183/318
f 330/320/322 328/206/321 327/317/319
f 329/318/323 327/317/319 325/259/310
f 329/318/323 330/320/322 327/317/319
f 328/206/321 330/320/322 333/207/324
f 331/214/325 330/320/322 332/225/206
f 330/320/322 331/214/325 333/207/324
f 332/225/206 330/320/322 329/318/323
f 333/209/324 334/208/218 335/203/326
f 336/212/327 334/208/218 333/209/324
f 335/205/326 328/206/321 333/207/324
f 333/207/324 331/214/325 336/213/327
f 331/214/325 337/215/201 336/213/327
f 336/213/327 337/215/201 338/216/200
f 338/217/200 339/210/328 336/212/327
f 339/210/328 334/208/218 336/212/327
f 339/210/328 340/294/329 342/211/294
f 340/294/329 339/210/328 341/295/207
f 341/295/207 339/210/328 338/217/200
f 334/208/218 339/210/328 342/211/294
f 344/204/330 334/208/218 342/211/294
f 342/211/294 345/293/331 343/299/332
f 343/299/332 344/204/330 342/211/294
f 340/294/329 345/293/331 342/211/294
f 345/293/331 348/282/333 346/300/289
f 343/299/332 345/293/331 346/300/289
f 348/282/333 345/293/331 347/291/334
f 347/291/334 345/293/331 340/294/329
f 349/283/281 348/282/333 351/279/335
f 346/300/289 348/282/333 349/283/281
f 352/284/297 348/282/333 347/291/334
f 348/282/333 350/278/336 351/279/335
f 350/278/336 348/282/333 352/284/297
f 353/281/307 350/278/336 352/284/297
f 353/281/307 352/284/297 354/285/298
f 352/284/297 347/291/334 355/287/337
f 354/285/298 352/284/297 355/287/337
f 354/286/298 355/288/337 356/233/300
f 356/233/300 355/288/337 357/289/301
f 355/288/337 358/292/213 357/289/301
f 355/287/337 347/291/334 358/290/213
f 357/289/301 358/292/213 359/298/212
f 358/292/213 341/297/207 359/298/212
f 358/290/213 340/294/329 341/295/207
f 347/291/334 340/294/329 358/290/213
f 359/298/212 361/228/338 357/289/301
f 360/296/211 361/228/338 359/298/212
f 359/298/212 341/297/207 360/296/211
f 361/228/338 362/227/339 364/229/265
f 363/221/202 362/227/339 361/228/338
f 363/221/202 361/228/338 365/220/209
f 366/230/302 361/228/338 364/229/265
f 357/289/301 361/228/338 356/233/300
f 361/228/338 366/230/302 356/233/300
f 365/220/209 361/228/338 360/296/211
f 367/237/340 366/230/302 372/235/341
f 368/238/305 366/230/302 367/237/340
f 370/234/342 366/230/302 368/238/305
f 369/231/343 366/230/302 364/229/265
f 371/236/344 366/230/302 369/231/343
f 356/233/300 366/230/302 370/234/342
f 372/235/341 366/230/302 371/236/344
f 371/236/344 374/326/270 372/235/341
f 372/235/341 373/240/275 367/237/340
f 374/326/270 373/240/275 372/235/341
f 375/324/269 376/254/345 374/327/270
f 375/325/269 374/326/270 371/236/344
f 376/254/345 377/249/346 374/327/270
f 374/327/270 377/249/346 373/246/275
f 376/254/345 380/252/347 377/249/346
f 377/249/346 379/248/348 378/245/273
f 377/249/346 378/245/273 373/246/275
f 380/252/347 379/248/348 377/249/346
f 379/248/348 380/252/347 381/255/349
f 381/255/349 380/252/347 382/258/350
f 382/258/350 380/252/347 383/253/261
f 383/253/261 380/252/347 376/254/345
f 384/319/262 383/253/261 385/322/351
f 325/259/310 383/253/261 384/319/262
f 382/258/350 383/253/261 325/259/310
f 383/253/261 376/254/345 385/322/351
f 386/321/263 385/322/351 387/323/352
f 385/322/351 386/321/263 384/319/262
f 387/323/352 385/322/351 375/324/269
f 385/322/351 376/254/345 375/324/269
f 388/224/264 386/321/263 387/323/352
f 387/232/352 375/325/269 369/231/343
f 388/226/264 387/232/352 364/229/265
f 364/229/265 387/232/352 369/231/343
f 389/223/353 332/225/206 388/224/264
f 388/226/264 362/227/339 389/222/353
f 362/227/339 388/226/264 364/229/265
f 388/224/264 332/225/206 386/321/263
f 337/218/201 389/222/353 363/221/202
f 389/222/353 362/227/339 363/221/202
f 389/223/353 331/214/325 332/225/206
f 337/215/201 331/214/325 389/223/353
f 386/321/263 329/318/323 384/319/262
f 332/225/206 329/318/323 386/321/263
f 384/319/262 329/318/323 325/259/310
f 382/258/350 326/260/320 390/257/354
f 326/260/320 382/258/350 325/259/310
f 390/257/354 381/255/349 382/258/350
f 391/261/231 392/264/238 390/257/354
f 326/260/320 391/261/231 390/257/354
f 392/264/238 393/256/257 390/257/354
f 393/256/257 381/255/349 390/257/354
f 393/256/257 394/272/355 395/251/356
f 394/272/355 393/256/257 396/269/314
f 396/269/314 393/256/257 392/264/238
f 381/255/349 393/256/257 395/251/356
f 397/271/241 396/268/314 398/267/357
f 399/270/315 396/268/314 397/271/241
f 396/268/314 392/266/238 398/267/357
f 399/273/315 394/272/355 396/269/314
f 400/274/249 394/272/355 399/273/315
f 401/276/246 400/274/249 399/273/315
f 402/311/243 399/270/315 397/271/241
f 401/314/246 399/270/315 402/311/243
f 402/311/243 404/309/358 403/312/359
f 403/312/359 401/314/246 402/311/243
f 397/271/241 404/309/358 402/311/243
f 404/309/358 405/194/234 409/308/286
f 405/194/234 404/309/358 408/265/360
f 398/267/357 404/309/358 397/271/241
f 406/307/239 404/309/358 409/308/286
f 407/310/361 404/309/358 406/307/239
f 408/265/360 404/309/358 398/267/357
f 403/312/359 404/309/358 407/310/361
f 410/196/293 409/308/286 405/194/234
f 410/196/293 411/201/285 409/308/286
f 411/201/285 412/306/284 409/308/286
f 409/308/286 412/306/284 406/307/239
f 413/301/362 414/302/363 412/303/284
f 411/198/285 413/301/362 412/303/284
f 412/303/284 414/302/363 415/304/247
f 412/306/284 415/305/247 406/307/239
f 406/307/239 415/305/247 407/310/361
f 415/305/247 416/313/245 407/310/361
f 415/304/247 417/316/364 416/315/245
f 414/302/363 417/316/364 415/304/247
f 417/316/364 414/302/363 349/283/281
f 418/275/248 417/316/364 351/279/335
f 417/316/364 418/275/248 416/315/245
f 351/279/335 417/316/364 349/283/281
f 400/274/249 418/275/248 419/277/279
f 418/275/248 400/274/249 401/276/246
f 419/277/279 418/275/248 351/279/335
f 416/315/245 418/275/248 401/276/246
f 419/277/279 421/280/276 420/250/365
f 420/250/365 400/274/249 419/277/279
f 351/279/335 421/280/276 419/277/279
f 423/247/366 421/280/276 422/242/367
f 422/242/367 421/280/276 353/281/307
f 421/280/276 423/247/366 420/250/365
f 421/280/276 350/278/336 353/281/307
f 350/278/336 421/280/276 351/279/335
f 423/247/366 379/248/348 395/251/356
f 379/248/348 423/247/366 378/245/273
f 378/245/273 423/247/366 422/242/367
f 420/250/365 423/247/366 395/251/356
f 378/245/273 422/242/367 424/243/306
f 424/243/306 422/242/367 425/241/299
f 422/242/367 353/281/307 425/241/299
f 424/239/306 425/244/299 368/238/305
f 425/241/299 353/281/307 354/285/298
f 368/238/305 425/244/299 370/234/342
f 425/244/299 354/286/298 370/234/342
f 373/246/275 378/245/273 424/243/306
f 367/237/340 424/239/306 368/238/305
f 373/240/275 424/239/306 367/237/340
f 395/251/356 394/272/355 420/250/365
f 394/272/355 400/274/249 420/250/365
f 407/310/361 416/313/245 403/312/359
f 416/313/245 401/314/246 403/312/359
f 349/283/281 414/302/363 346/300/289
f 414/302/363 413/301/362 346/300/289
f 413/301/362 426/199/290 343/299/332
f 426/199/290 413/301/362 411/198/285
f 346/300/289 413/301/362 343/299/332
f 426/199/290 344/204/330 343/299/332
f 428/202/368 344/204/330 426/199/290
f 427/200/287 426/199/290 411/198/285
f 427/200/287 428/202/368 426/199/290
f 335/203/326 428/202/368 429/189/224
f 344/204/330 428/202/368 335/203/326
f 430/188/291 428/202/368 427/200/287
f 428/202/368 430/188/291 429/189/224
f 322/178/227 430/191/291 431/192/228
f 431/192/228 430/191/291 432/195/292
f 430/191/291 427/197/287 432/195/292
f 429/189/224 430/188/291 322/190/227
f 432/195/292 410/196/293 405/194/234
f 405/194/234 431/192/228 432/195/292
f 432/195/292 427/197/287 410/196/293
f 320/180/229 431/192/228 405/194/234
f 320/180/229 322/178/227 431/192/228
f 322/185/227 323/183/318 429/193/224
f 323/183/318 328/206/321 429/193/224
f 429/193/224 328/206/321 335/205/326
f 427/197/287 411/201/285 410/196/293
f 433/263/369 405/194/234 408/265/360
f 398/267/357 392/266/238 408/265/360
f 408/265/360 391/262/231 433/263/369
f 392/266/238 391/262/231 408/265/360
f 319/181/316 405/194/234 433/263/369
f 433/263/369 321/182/230 319/181/316
f 391/262/231 321/182/230 433/263/369
f 319/181/316 320/180/229 405/194/234
f 395/251/356 379/248/348 381/255/349
f 321/187/230 391/261/231 326/260/320
f 369/231/343 375/325/269 371/236/344
f 370/234/342 354/286/298 356/233/300
f 360/296/211 338/219/200 365/220/209
f 365/220/209 337/218/201 363/221/202
f 338/219/200 337/218/201 365/220/209
f 341/297/207 338/219/200 360/296/211
f 334/208/218 344/204/330 335/203/326
usemtl object_6
f 435/328/370 442/329/371 434/330/372
f 441/331/373 435/328/370 434/330/372
f 434/330/372 442/329/371 436/332/374
f 436/332/374 437/333/375 434/330/372
f 437/333/375 438/334/376 434/330/372
f 438/334/376 439/335/377 434/330/372
f 439/335/377 440/336/378 434/330/372
f 440/336/378 441/331/373 434/330/372
f 444/337/379 443/338/380 442/339/371
f 442/339/371 443/338/380 436/340/374
f 435/341/370 444/337/379 442/339/371
f 444/342/379 447/343/381 445/344/382
f 446/345/383 444/342/379 445/344/382
f 443/346/380 444/342/379 446/345/383
f 447/347/381 444/337/379 435/341/370
f 448/348/384 447/347/381 441/349/373
f 447/343/381 448/350/384 449/351/385
f 441/349/373 447/347/381 435/341/370
f 445/344/382 447/343/381 449/351/385
f 445/344/382 449/351/385 450/352/386
f 449/351/385 448/350/384 450/352/386
f 450/352/386 451/353/387 445/344/382
f 450/352/386 452/354/388 451/355/387
f 448/350/384 452/354/388 450/352/386
f 453/356/389 452/357/388 439/358/377
f 453/359/389 451/353/387 452/360/388
f 439/358/377 452/357/388 440/361/378
f 452/357/388 448/348/384 440/361/378
f 438/362/376 453/356/389 439/358/377
f 454/363/390 453/356/389 438/362/376
f 454/364/390 455/365/391 453/359/389
f 455/365/391 451/353/387 453/359/389
f 455/365/391 456/366/392 457/367/393
f 456/366/392 455/365/391 454/364/390
f 451/353/387 455/365/391 445/344/382
f 455/365/391 457/367/393 445/344/382
f 457/367/393 456/366/392 458/368/394
f 457/367/393 446/345/383 445/344/382
f 446/345/383 457/367/393 458/368/394
f 458/369/394 454/363/390 437/370/375
f 436/340/374 458/369/394 437/370/375
f 443/338/380 458/369/394 436/340/374
f 458/368/394 443/346/380 446/345/383
f 458/368/394 456/366/392 454/364/390
f 437/370/375 454/363/390 438/362/376
f 440/361/378 448/348/384 441/349/373
f 460/371/395 461/372/396 459/373/372
f 465/374/397 460/371/395 459/373/372
f 461/372/396 466/375/398 459/373/372
f 462/376/399 467/377/400 459/373/372
f 466/375/398 462/376/399 459/373/372
f 459/373/372 467/377/400 463/378/401
f 463/378/401 464/379/402 459/373/372
f 464/379/402 465/374/397 459/373/372
f 469/380/403 463/381/401 467/382/400
f 467/382/400 462/383/399 468/384/404
f 469/380/403 467/382/400 468/384/404
f 469/385/403 468/386/404 471/387/405
f 470/388/406 469/385/403 471/387/405
f 472/389/407 469/385/403 470/388/406
f 472/390/407 464/391/402 469/380/403
f 464/391/402 463/381/401 469/380/403
f 473/392/408 472/389/407 474/393/409
f 473/394/408 464/391/402 472/390/407
f 474/393/409 472/389/407 470/388/406
f 474/395/409 470/396/406 477/397/410
f 475/398/411 473/392/408 474/393/409
f 475/399/411 474/395/409 476/400/412
f 476/400/412 474/395/409 477/397/410
f 476/400/412 477/397/410 478/401/413
f 478/401/413 477/397/410 479/402/414
f 477/397/410 470/396/406 471/403/405
f 477/397/410 471/403/405 480/404/415
f 479/402/414 477/397/410 480/404/415
f 480/404/415 482/405/416 481/406/417
f 479/402/414 480/404/415 481/406/417
f 480/404/415 471/403/405 482/405/416
f 481/406/417 482/405/416 483/407/418
f 482/405/416 484/408/419 483/407/418
f 482/405/416 485/409/420 484/408/419
f 471/403/405 485/409/420 482/405/416
f 471/387/405 468/386/404 485/410/420
f 485/410/420 487/411/421 486/412/422
f 485/409/420 486/413/422 484/408/419
f 468/386/404 487/411/421 485/410/420
f 487/414/421 466/415/398 488/416/423
f 462/383/399 466/415/398 487/414/421
f 468/384/404 462/383/399 487/414/421
f 487/411/421 488/417/423 486/412/422
f 466/415/398 461/418/396 488/416/423
f 488/416/423 461/418/396 489/419/424
f 488/417/423 489/420/424 490/421/425
f 486/412/422 488/417/423 490/421/425
f 486/413/422 490/422/425 491/423/426
f 491/423/426 490/422/425 493/424/427
f 490/421/425 489/420/424 492/425/428
f 490/422/425 492/426/428 493/424/427
f 491/423/426 493/424/427 495/427/429
f 493/424/427 492/426/428 494/428/430
f 493/424/427 494/428/430 496/429/431
f 495/427/429 493/424/427 496/429/431
f 495/427/429 496/429/431 497/430/432
f 497/430/432 496/429/431 498/431/433
f 496/429/431 499/432/434 498/431/433
f 496/429/431 494/428/430 499/432/434
f 498/431/433 499/432/434 500/433/435
f 499/432/434 478/401/413 500/433/435
f 499/432/434 476/400/412 478/401/413
f 494/428/430 476/400/412 499/432/434
f 500/433/435 502/434/436 498/431/433
f 500/433/435 478/401/413 501/435/437
f 501/435/437 502/436/436 500/433/435
f 505/437/438 502/438/436 503/439/439
f 502/440/436 504/441/440 503/439/439
f 501/435/437 504/441/440 502/442/436
f 498/431/433 502/443/436 497/430/432
f 506/444/441 502/445/436 505/437/438
f 497/430/432 502/446/436 506/444/441
f 505/437/438 507/447/224 506/444/441
f 507/447/224 495/427/429 506/444/441
f 506/444/441 495/427/429 497/430/432
f 483/407/418 484/408/419 507/447/224
f 483/407/418 507/447/224 505/437/438
f 507/447/224 491/423/426 495/427/429
f 484/408/419 491/423/426 507/447/224
f 503/439/439 483/407/418 505/437/438
f 504/441/440 481/406/417 503/439/439
f 504/441/440 479/402/414 481/406/417
f 479/402/414 504/441/440 501/435/437
f 481/406/417 483/407/418 503/439/439
f 478/401/413 479/402/414 501/435/437
f 494/428/430 475/399/411 476/400/412
f 492/426/428 475/399/411 494/428/430
f 492/425/428 508/448/442 475/398/411
f 489/420/424 508/448/442 492/425/428
f 460/449/395 465/450/397 508/451/442
f 489/419/424 460/449/395 508/451/442
f 508/451/442 465/450/397 473/394/408
f 508/448/442 473/392/408 475/398/411
f 484/408/419 486/413/422 491/423/426
f 461/418/396 460/449/395 489/419/424
f 465/450/397 464/391/402 473/394/408
f 825/335/695 824/330/372 828/336/696
f 827/334/697 824/330/372 825/335/695
f 826/333/698 824/330/372 827/334/697
f 832/332/699 824/330/372 826/333/698
f 828/336/696 824/330/372 829/331/700
f 829/331/700 824/330/372 830/328/701
f 830/328/701 824/330/372 831/329/702
f 824/330/372 832/332/699 831/329/702
f 826/370/698 833/369/703 832/340/699
f 833/369/703 834/338/704 832/340/699
f 832/340/699 834/338/704 831/339/702
f 833/368/703 835/345/705 834/346/704
f 834/338/704 836/337/706 831/339/702
f 834/346/704 835/345/705 836/342/706
f 835/345/705 837/344/707 836/342/706
f 836/342/706 837/344/707 838/343/708
f 836/337/706 838/347/708 830/341/701
f 831/339/702 836/337/706 830/341/701
f 837/344/707 839/351/709 838/343/708
f 838/343/708 839/351/709 840/350/710
f 830/341/701 838/347/708 829/349/700
f 838/347/708 840/348/710 829/349/700
f 829/349/700 840/348/710 828/361/696
f 840/348/710 841/357/711 828/361/696
f 840/350/710 842/352/712 841/354/711
f 839/351/709 842/352/712 840/350/710
f 843/353/713 842/352/712 839/351/709
f 842/352/712 843/355/713 841/354/711
f 845/366/714 844/365/715 843/353/713
f 843/353/713 844/365/715 847/359/716
f 839/351/709 837/344/707 843/353/713
f 837/344/707 835/345/705 843/353/713
f 846/367/717 845/366/714 843/353/713
f 835/345/705 846/367/717 843/353/713
f 841/360/711 843/353/713 847/359/716
f 841/357/711 847/356/716 825/358/695
f 847/356/716 848/363/718 827/362/697
f 825/358/695 847/356/716 827/362/697
f 847/359/716 844/365/715 848/364/718
f 827/362/697 848/363/718 826/370/698
f 848/363/718 833/369/703 826/370/698
f 848/364/718 845/366/714 833/368/703
f 844/365/715 845/366/714 848/364/718
f 846/367/717 835/345/705 833/368/703
f 845/366/714 846/367/717 833/368/703
f 828/361/696 841/357/711 825/358/695
f 850/379/719 849/373/372 854/374/720
f 853/378/721 849/373/372 850/379/719
f 851/375/722 849/373/372 852/376/723
f 856/372/724 849/373/372 851/375/722
f 852/376/723 849/373/372 857/377/400
f 849/373/372 853/378/721 857/377/400
f 854/374/720 849/373/372 855/371/395
f 855/371/395 849/373/372 856/372/724
f 857/382/400 853/381/721 859/380/725
f 858/384/404 857/382/400 859/380/725
f 852/383/723 857/382/400 858/384/404
f 859/385/725 860/389/726 862/388/420
f 859/380/725 850/391/719 860/390/726
f 858/386/404 859/385/725 861/387/405
f 861/387/405 859/385/725 862/388/420
f 853/381/721 850/391/719 859/380/725
f 861/403/405 862/396/420 863/397/416
f 863/397/416 862/396/420 864/395/422
f 862/388/420 860/389/726 864/393/422
f 860/389/726 867/392/727 864/393/422
f 866/399/728 865/400/419 864/395/422
f 865/400/419 863/397/416 864/395/422
f 864/393/422 867/392/727 866/398/728
f 867/394/727 854/450/720 868/451/729
f 850/391/719 854/450/720 867/394/727
f 867/392/727 868/448/729 866/398/728
f 860/390/726 850/391/719 867/394/727
f 854/450/720 855/449/395 868/451/729
f 868/451/729 855/449/395 869/419/730
f 868/448/729 869/420/730 870/425/428
f 866/398/728 868/448/729 870/425/428
f 871/424/427 872/428/426 870/426/428
f 873/422/731 871/424/427 870/426/428
f 870/426/428 872/428/426 866/399/728
f 870/425/428 869/420/730 873/421/731
f 876/413/409 874/423/732 873/422/731
f 874/423/732 871/424/427 873/422/731
f 869/420/730 875/417/733 873/421/731
f 873/421/731 875/417/733 876/412/409
f 876/412/409 877/411/734 878/410/735
f 875/417/733 877/411/734 876/412/409
f 878/409/735 879/408/736 876/413/409
f 879/408/736 874/423/732 876/413/409
f 878/409/735 880/405/737 879/408/736
f 880/405/737 881/407/738 879/408/736
f 881/407/738 882/447/208 879/408/736
f 879/408/736 882/447/208 874/423/732
f 882/447/208 883/427/739 874/423/732
f 883/427/739 882/447/208 884/444/740
f 884/444/740 882/447/208 885/437/741
f 882/447/208 881/407/738 885/437/741
f 881/407/738 886/439/439 885/437/741
f 885/437/741 886/439/439 898/438/436
f 884/444/740 885/437/741 898/445/436
f 898/440/436 886/439/439 887/441/438
f 886/439/439 888/406/417 887/441/438
f 886/439/439 881/407/738 888/406/417
f 888/406/417 889/402/418 887/441/438
f 888/406/417 890/404/415 889/402/418
f 881/407/738 880/405/737 888/406/417
f 888/406/417 880/405/737 890/404/415
f 880/405/737 861/403/405 890/404/415
f 890/404/415 861/403/405 863/397/416
f 890/404/415 863/397/416 889/402/418
f 887/441/438 889/402/418 891/435/441
f 889/402/418 892/401/224 891/435/441
f 889/402/418 863/397/416 892/401/224
f 891/435/441 892/401/224 893/433/432
f 892/401/224 894/432/429 893/433/432
f 894/432/429 892/401/224 865/400/419
f 892/401/224 863/397/416 865/400/419
f 893/433/432 894/432/429 895/431/433
f 894/432/429 896/429/431 895/431/433
f 896/429/431 894/432/429 872/428/426
f 872/428/426 894/432/429 865/400/419
f 895/431/433 896/429/431 897/430/435
f 896/429/431 883/427/739 897/430/435
f 883/427/739 896/429/431 871/424/427
f 871/424/427 896/429/431 872/428/426
f 895/431/433 897/430/435 898/443/436
f 897/430/435 883/427/739 884/444/740
f 897/430/435 884/444/740 898/446/436
f 893/433/432 895/431/433 898/434/436
f 891/435/441 893/433/432 898/436/436
f 887/441/438 891/435/441 898/442/436
f 874/423/732 883/427/739 871/424/427
f 861/403/405 880/405/737 878/409/735
f 877/411/734 858/386/404 878/410/735
f 878/410/735 858/386/404 861/387/405
f 877/414/734 852/383/723 858/384/404
f 851/415/722 852/383/723 877/414/734
f 875/416/733 851/415/722 877/414/734
f 869/419/730 856/418/724 875/416/733
f 856/418/724 851/415/722 875/416/733
f 872/428/426 865/400/419 866/399/728
f 855/449/395 856/418/724 869/419/730
usemtl object_5
f 509/452/443 510/453/444 511/454/445
f 513/455/446 510/453/444 509/452/443
f 511/454/445 514/456/447 509/452/443
f 512/457/448 513/455/446 509/452/443
f 514/458/447 512/457/448 509/452/443
f 512/459/448 514/460/447 515/461/449
f 515/461/449 514/462/447 518/463/450
f 517/464/451 514/465/447 516/466/452
f 516/466/452 514/467/447 519/468/453
f 518/463/450 514/469/447 517/464/451
f 519/468/453 514/470/447 511/454/445
f 511/454/445 520/471/454 519/468/453
f 520/471/454 521/472/455 519/468/453
f 519/468/453 521/472/455 516/466/452
f 521/472/455 522/473/456 516/466/452
f 516/466/452 522/473/456 517/464/451
f 522/473/456 523/474/457 517/464/451
f 517/464/451 523/474/457 518/463/450
f 523/474/457 524/475/458 518/463/450
f 518/463/450 524/475/458 515/461/449
f 524/475/458 525/476/459 515/461/449
f 515/461/449 525/476/459 512/459/448
f 525/476/459 513/477/446 512/459/448
f 510/453/444 520/471/454 511/454/445
f 525/476/459 523/474/457 521/472/455
f 521/472/455 520/471/454 510/453/444
f 510/453/444 513/455/446 521/472/455
f 513/455/446 525/476/459 521/472/455
f 525/476/459 524/475/458 523/474/457
f 523/474/457 522/473/456 521/472/455
f 527/478/460 528/479/461 526/480/462
f 534/481/463 527/478/460 526/480/462
f 528/479/461 535/482/464 526/480/462
f 529/483/465 530/484/466 526/480/462
f 536/485/467 529/483/465 526/480/462
f 530/484/466 531/486/468 526/480/462
f 531/486/468 537/487/469 526/480/462
f 526/480/462 532/488/470 533/489/471
f 538/490/472 532/488/470 526/480/462
f 533/489/471 534/481/463 526/480/462
f 535/482/464 536/485/467 526/480/462
f 537/487/469 538/490/472 526/480/462
f 538/491/472 537/492/469 539/493/473
f 540/494/474 538/491/472 539/493/473
f 532/495/470 538/491/472 540/494/474
f 541/496/475 540/497/474 542/498/476
f 543/499/477 540/497/474 541/496/475
f 540/497/474 539/500/473 542/498/476
f 543/501/477 532/495/470 540/494/474
f 533/502/471 532/495/470 543/501/477
f 544/503/478 533/502/471 543/501/477
f 544/504/478 543/499/477 545/505/479
f 545/505/479 543/499/477 541/496/475
f 546/506/480 544/504/478 545/505/479
f 541/507/475 548/508/481 545/509/479
f 546/510/480 545/509/479 547/511/482
f 548/508/481 547/511/482 545/509/479
f 549/480/483 548/482/481 550/485/484
f 548/482/481 549/480/483 547/479/482
f 550/512/484 548/508/481 541/507/475
f 551/513/485 550/512/484 542/514/476
f 551/483/485 549/480/483 550/485/484
f 542/514/476 550/512/484 541/507/475
f 552/484/486 549/480/483 551/483/485
f 552/515/486 551/513/485 553/516/487
f 553/516/487 551/513/485 542/514/476
f 554/517/488 552/515/486 553/516/487
f 553/518/487 555/519/489 554/520/488
f 542/498/476 539/500/473 553/518/487
f 539/500/473 555/519/489 553/518/487
f 539/493/473 537/492/469 555/521/489
f 555/519/489 556/522/490 554/520/488
f 555/521/489 531/523/468 556/517/490
f 537/492/469 531/523/468 555/521/489
f 554/520/488 556/522/490 557/524/491
f 556/522/490 558/525/492 557/524/491
f 556/517/490 530/515/466 558/516/492
f 531/523/468 530/515/466 556/517/490
f 558/525/492 559/526/493 557/524/491
f 558/516/492 529/513/465 559/514/493
f 530/515/466 529/513/465 558/516/492
f 559/514/493 536/512/467 560/507/494
f 529/513/465 536/512/467 559/514/493
f 559/526/493 560/527/494 562/528/495
f 557/524/491 559/526/493 561/529/496
f 561/529/496 559/526/493 562/528/495
f 562/494/495 565/491/497 561/493/496
f 563/501/498 564/495/499 562/494/495
f 562/528/495 560/527/494 563/530/498
f 564/495/499 565/491/497 562/494/495
f 564/488/499 549/480/483 565/490/497
f 565/491/497 566/492/500 561/493/496
f 565/490/497 549/480/483 566/487/500
f 566/492/500 567/523/501 557/521/491
f 566/487/500 549/480/483 567/486/501
f 561/493/496 566/492/500 557/521/491
f 567/486/501 549/480/483 552/484/486
f 567/523/501 552/515/486 554/517/488
f 557/521/491 567/523/501 554/517/488
f 568/502/502 564/495/499 563/501/498
f 568/489/502 549/480/483 564/488/499
f 569/531/503 568/502/502 570/503/504
f 569/481/503 549/480/483 568/489/502
f 570/503/504 568/502/502 563/501/498
f 571/532/505 569/531/503 570/503/504
f 570/533/504 573/534/506 571/535/505
f 563/530/498 572/536/507 570/533/504
f 572/536/507 573/534/506 570/533/504
f 572/509/507 528/511/461 573/510/506
f 573/534/506 574/537/508 571/535/505
f 573/510/506 527/538/460 574/532/508
f 528/511/461 527/538/460 573/510/506
f 527/538/460 534/531/463 574/532/508
f 544/503/478 574/532/508 534/531/463
f 574/537/508 544/539/478 546/540/480
f 571/535/505 574/537/508 546/540/480
f 560/507/494 535/508/464 572/509/507
f 560/527/494 572/536/507 563/530/498
f 535/508/464 528/511/461 572/509/507
f 575/538/509 569/531/503 571/532/505
f 546/510/480 575/538/509 571/532/505
f 575/478/509 549/480/483 569/481/503
f 547/479/482 549/480/483 575/478/509
f 575/538/509 546/510/480 547/511/482
f 536/512/467 535/508/464 560/507/494
f 533/502/471 544/503/478 534/531/463
f 576/457/448 581/455/510 577/452/511
f 579/458/512 576/457/448 577/452/511
f 576/459/448 579/460/512 578/461/449
f 578/461/449 580/476/513 576/459/448
f 580/476/513 581/477/510 576/459/448
f 581/455/510 582/453/514 577/452/511
f 577/452/511 582/453/514 583/454/445
f 582/453/514 584/471/515 583/454/445
f 583/454/445 584/471/515 585/468/453
f 584/471/515 586/472/516 585/468/453
f 585/468/453 586/472/516 587/466/452
f 586/472/516 588/473/517 587/466/452
f 587/466/452 588/473/517 589/464/451
f 588/473/517 590/474/457 589/464/451
f 589/464/451 590/474/457 591/463/450
f 590/474/457 592/475/518 591/463/450
f 591/463/450 592/475/518 578/461/449
f 592/475/518 580/476/513 578/461/449
f 578/461/449 579/462/512 591/463/450
f 591/463/450 579/469/512 589/464/451
f 589/464/451 579/465/512 587/466/452
f 587/466/452 579/467/512 585/468/453
f 585/468/453 579/470/512 583/454/445
f 583/454/445 579/456/512 577/452/511
f 584/471/515 582/453/514 581/455/510
f 581/455/510 580/476/513 592/475/518
f 592/475/518 590/474/457 581/455/510
f 590/474/457 588/473/517 581/455/510
f 588/473/517 586/472/516 581/455/510
f 586/472/516 584/471/515 581/455/510
f 594/480/462 596/488/470 593/489/519
f 593/489/519 595/481/463 594/480/462
f 593/502/519 597/503/478 595/531/463
f 593/502/519 596/495/470 598/501/520
f 597/503/478 593/502/519 598/501/520
f 599/505/521 598/499/520 601/496/522
f 597/504/478 598/499/520 599/505/521
f 598/501/520 596/495/470 600/494/523
f 598/499/520 600/497/523 601/496/522
f 603/512/524 602/508/525 601/507/522
f 601/507/522 602/508/525 599/509/521
f 604/514/526 603/512/524 601/507/522
f 601/496/522 600/497/523 604/498/526
f 600/497/523 605/500/527 604/498/526
f 604/498/526 605/500/527 606/518/528
f 606/516/528 607/513/529 604/514/526
f 607/513/529 603/512/524 604/514/526
f 609/515/530 607/513/529 606/516/528
f 607/483/529 608/480/483 603/485/524
f 609/484/530 608/480/483 607/483/529
f 610/523/531 609/515/530 611/517/532
f 610/486/531 608/480/483 609/484/530
f 611/517/532 609/515/530 606/516/528
f 612/519/489 613/522/533 611/520/532
f 606/518/528 612/519/489 611/520/532
f 611/520/532 613/522/533 614/524/534
f 614/521/534 610/523/531 611/517/532
f 613/522/533 618/525/535 614/524/534
f 614/524/534 615/526/536 616/529/537
f 618/525/535 615/526/536 614/524/534
f 616/493/537 617/492/538 614/521/534
f 617/492/538 610/523/531 614/521/534
f 619/515/539 620/513/465 618/516/535
f 613/517/533 619/515/539 618/516/535
f 618/516/535 620/513/465 615/514/536
f 620/513/465 621/512/540 615/514/536
f 621/485/540 620/483/465 594/480/462
f 620/483/465 619/484/539 594/480/462
f 622/482/541 621/485/540 594/480/462
f 621/512/540 622/508/541 623/507/494
f 615/514/536 621/512/540 623/507/494
f 623/507/494 622/508/541 626/509/542
f 624/528/543 623/527/494 625/530/544
f 615/526/536 623/527/494 624/528/543
f 623/527/494 626/536/542 625/530/544
f 625/530/544 626/536/542 627/533/545
f 626/536/542 628/534/546 627/533/545
f 626/509/542 629/511/461 628/510/546
f 622/508/541 629/511/461 626/509/542
f 629/511/461 630/538/547 628/510/546
f 630/478/547 629/479/461 594/480/462
f 629/479/461 622/482/541 594/480/462
f 630/538/547 595/531/463 631/532/548
f 595/481/463 630/478/547 594/480/462
f 628/510/546 630/538/547 631/532/548
f 631/537/548 597/539/478 632/540/549
f 633/535/505 631/537/548 632/540/549
f 628/534/546 631/537/548 633/535/505
f 597/503/478 631/532/548 595/531/463
f 633/532/505 635/531/550 627/503/545
f 627/533/545 628/534/546 633/535/505
f 632/510/549 634/538/551 633/532/505
f 634/538/551 635/531/550 633/532/505
f 635/481/550 608/480/483 636/489/502
f 634/478/551 608/480/483 635/481/550
f 635/531/550 636/502/502 627/503/545
f 636/489/502 608/480/483 637/488/552
f 636/502/502 637/495/552 625/501/544
f 627/503/545 636/502/502 625/501/544
f 637/488/552 608/480/483 638/490/553
f 637/495/552 638/491/553 624/494/543
f 625/501/544 637/495/552 624/494/543
f 638/491/553 617/492/538 616/493/537
f 638/490/553 608/480/483 617/487/538
f 624/494/543 638/491/553 616/493/537
f 639/479/554 608/480/483 634/478/551
f 634/538/551 632/510/549 639/511/554
f 602/482/525 608/480/483 639/479/554
f 602/508/525 639/511/554 599/509/521
f 632/510/549 599/509/521 639/511/554
f 632/506/549 597/504/478 599/505/521
f 616/529/537 615/526/536 624/528/543
f 640/523/555 619/515/539 613/517/533
f 619/484/539 640/486/555 594/480/462
f 640/486/555 641/487/469 594/480/462
f 641/492/469 640/523/555 612/521/489
f 612/521/489 640/523/555 613/517/533
f 642/491/556 641/492/469 605/493/527
f 641/487/469 642/490/556 594/480/462
f 605/493/527 641/492/469 612/521/489
f 596/495/470 642/491/556 600/494/523
f 642/490/556 596/488/470 594/480/462
f 600/494/523 642/491/556 605/493/527
f 617/487/538 608/480/483 610/486/531
f 605/500/527 612/519/489 606/518/528
f 608/480/483 602/482/525 603/485/524
f 644/457/557 643/452/558 645/455/559
f 648/458/560 643/452/558 644/457/557
f 645/455/559 643/452/558 646/453/561
f 643/452/558 647/454/562 646/453/561
f 647/454/562 643/452/558 648/456/560
f 653/468/563 647/454/562 648/470/560
f 652/461/564 648/460/560 644/459/557
f 650/464/565 649/466/566 648/465/560
f 649/466/566 653/468/563 648/467/560
f 651/463/567 650/464/565 648/469/560
f 652/461/564 651/463/567 648/462/560
f 647/454/562 653/468/563 654/471/568
f 654/471/568 653/468/563 655/472/569
f 653/468/563 649/466/566 655/472/569
f 655/472/569 649/466/566 656/473/570
f 649/466/566 650/464/565 656/473/570
f 656/473/570 650/464/565 657/474/571
f 650/464/565 651/463/567 657/474/571
f 657/474/571 651/463/567 658/475/572
f 651/463/567 652/461/564 658/475/572
f 658/475/572 652/461/564 659/476/573
f 659/476/573 652/461/564 644/459/557
f 659/476/573 644/459/557 645/477/559
f 646/453/561 647/454/562 654/471/568
f 657/474/571 659/476/573 646/453/561
f 646/453/561 654/471/568 655/472/569
f 655/472/569 656/473/570 657/474/571
f 657/474/571 658/475/572 659/476/573
f 659/476/573 645/455/559 646/453/561
f 646/453/561 655/472/569 657/474/571
f 660/489/574 662/488/575 661/480/576
f 663/481/577 660/489/574 661/480/576
f 660/502/574 665/501/578 662/495/575
f 663/531/577 664/503/579 660/502/574
f 664/503/579 665/501/578 660/502/574
f 666/497/522 665/499/578 667/505/580
f 665/501/578 666/494/522 662/495/575
f 667/505/580 665/499/578 668/506/581
f 665/499/578 664/504/579 668/506/581
f 668/510/581 669/532/548 671/538/582
f 668/540/581 664/539/579 669/535/548
f 668/510/581 670/511/463 667/509/580
f 671/538/582 670/511/463 668/510/581
f 671/478/582 673/481/461 672/480/583
f 670/479/463 671/478/582 672/480/583
f 669/532/548 673/531/461 671/538/582
f 673/481/461 674/489/584 672/480/583
f 674/502/584 673/531/461 675/503/546
f 675/503/546 673/531/461 669/532/548
f 676/501/507 674/502/584 675/503/546
f 675/533/546 678/534/504 676/530/507
f 669/535/548 677/537/505 675/533/546
f 677/537/505 678/534/504 675/533/546
f 679/511/550 678/510/504 681/538/585
f 680/509/586 678/510/504 679/511/550
f 678/510/504 677/532/505 681/538/585
f 678/534/504 680/536/586 676/530/507
f 661/480/576 681/478/585 663/481/577
f 679/479/550 681/478/585 661/480/576
f 681/538/585 677/532/505 663/531/577
f 680/536/586 683/527/587 682/528/588
f 676/530/507 680/536/586 682/528/588
f 683/507/587 680/509/586 684/508/502
f 684/508/502 680/509/586 679/511/550
f 685/512/499 683/507/587 684/508/502
f 685/485/499 684/482/502 661/480/576
f 684/482/502 679/479/550 661/480/576
f 686/513/589 687/514/590 685/512/499
f 686/483/589 685/485/499 661/480/576
f 687/514/590 683/507/587 685/512/499
f 688/516/591 687/514/590 686/513/589
f 683/527/587 687/526/590 689/529/592
f 687/526/590 688/525/591 689/529/592
f 689/493/592 692/491/593 682/494/588
f 682/528/588 683/527/587 689/529/592
f 690/521/594 691/492/539 689/493/592
f 689/529/592 688/525/591 690/524/594
f 691/492/539 692/491/593 689/493/592
f 692/490/593 691/487/539 672/480/583
f 693/488/595 692/490/593 672/480/583
f 692/491/593 693/495/595 682/494/588
f 674/489/584 693/488/595 672/480/583
f 693/495/595 674/502/584 676/501/507
f 682/494/588 693/495/595 676/501/507
f 691/487/539 694/486/596 672/480/583
f 694/523/596 691/492/539 690/521/594
f 695/515/597 694/523/596 696/517/598
f 694/486/596 695/484/597 672/480/583
f 696/517/598 694/523/596 690/521/594
f 697/516/599 695/515/597 696/517/598
f 690/524/594 688/525/591 696/520/598
f 696/520/598 698/522/532 697/518/599
f 688/525/591 698/522/532 696/520/598
f 699/523/600 698/517/532 701/515/500
f 700/521/487 698/517/532 699/523/600
f 698/517/532 688/516/591 701/515/500
f 698/522/532 700/519/487 697/518/599
f 701/484/500 686/483/589 661/480/576
f 699/486/600 701/484/500 661/480/576
f 701/515/500 688/516/591 686/513/589
f 697/518/599 700/519/487 702/498/601
f 700/519/487 703/500/602 702/498/601
f 703/493/602 700/521/487 704/492/603
f 704/492/603 700/521/487 699/523/600
f 704/487/603 699/486/600 661/480/576
f 705/490/604 704/487/603 661/480/576
f 705/491/604 703/493/602 704/492/603
f 666/494/522 703/493/602 705/491/604
f 662/488/575 705/490/604 661/480/576
f 662/495/575 666/494/522 705/491/604
f 702/498/601 703/500/602 706/496/605
f 703/500/602 666/497/522 706/496/605
f 667/509/580 707/508/606 706/507/605
f 706/496/605 666/497/522 667/505/580
f 707/508/606 708/512/607 706/507/605
f 706/507/605 708/512/607 702/514/601
f 672/480/583 708/485/607 707/482/606
f 709/483/608 708/485/607 672/480/583
f 708/512/607 709/513/608 702/514/601
f 695/484/597 709/483/608 672/480/583
f 709/513/608 695/515/597 697/516/599
f 702/514/601 709/513/608 697/516/599
f 670/511/463 707/508/606 667/509/580
f 707/482/606 670/479/463 672/480/583
f 677/532/505 664/503/579 663/531/577
f 664/539/579 677/537/505 669/535/548
f 711/455/609 710/452/610 712/453/611
f 715/457/557 710/452/610 711/455/609
f 710/452/610 713/454/562 712/453/611
f 713/454/562 710/452/610 714/456/560
f 714/458/560 710/452/610 715/457/557
f 716/461/612 714/460/560 715/459/557
f 717/476/613 716/461/612 715/459/557
f 717/476/613 715/459/557 711/477/609
f 718/475/614 716/461/612 717/476/613
f 719/463/567 716/461/612 718/475/614
f 720/474/615 719/463/567 718/475/614
f 721/473/616 722/464/565 720/474/615
f 722/464/565 719/463/567 720/474/615
f 722/464/565 723/466/566 714/465/560
f 723/466/566 722/464/565 721/473/616
f 719/463/567 722/464/565 714/469/560
f 723/466/566 724/468/617 714/467/560
f 724/468/617 723/466/566 725/472/618
f 725/472/618 723/466/566 721/473/616
f 726/471/619 724/468/617 725/472/618
f 713/454/562 724/468/617 726/471/619
f 712/453/611 713/454/562 726/471/619
f 724/468/617 713/454/562 714/470/560
f 716/461/612 719/463/567 714/462/560
f 717/476/613 712/453/611 725/472/618
f 720/474/615 718/475/614 717/476/613
f 717/476/613 711/455/609 712/453/611
f 712/453/611 726/471/619 725/472/618
f 725/472/618 721/473/616 720/474/615
f 720/474/615 717/476/613 725/472/618
f 728/480/576 730/478/620 727/481/554
f 727/481/554 729/489/574 728/480/576
f 727/531/554 732/503/480 729/502/574
f 730/538/620 731/532/505 727/531/554
f 731/532/505 732/503/480 727/531/554
f 733/499/521 732/504/480 734/506/621
f 732/503/480 733/501/521 729/502/574
f 732/539/480 731/537/505 735/535/622
f 734/540/621 732/539/480 735/535/622
f 734/510/621 735/532/622 736/538/623
f 735/535/622 731/537/505 738/533/624
f 735/532/622 737/531/625 736/538/623
f 738/503/624 737/531/625 735/532/622
f 741/502/464 737/531/625 738/503/624
f 731/537/505 739/534/626 738/533/624
f 738/533/624 739/534/626 740/530/542
f 740/501/542 741/502/464 738/503/624
f 741/489/464 743/488/627 742/480/583
f 737/481/625 741/489/464 742/480/583
f 743/495/627 741/502/464 740/501/542
f 744/494/494 743/495/627 740/501/542
f 745/491/628 743/495/627 744/494/494
f 743/488/627 745/490/628 742/480/583
f 746/492/629 745/491/628 747/493/493
f 745/490/628 746/487/629 742/480/583
f 747/493/493 745/491/628 744/494/494
f 747/529/493 748/525/630 750/524/535
f 751/526/590 748/525/630 747/529/493
f 744/528/494 749/527/587 747/529/493
f 749/527/587 751/526/590 747/529/493
f 750/521/535 746/492/629 747/493/493
f 751/514/590 749/507/587 752/512/631
f 753/513/589 751/514/590 752/512/631
f 748/516/630 751/514/590 753/513/589
f 754/515/538 748/516/630 753/513/589
f 754/484/538 753/483/589 728/480/576
f 753/483/589 752/485/631 728/480/576
f 755/523/632 756/517/633 754/515/538
f 755/486/632 754/484/538 728/480/576
f 756/517/633 748/516/630 754/515/538
f 756/522/633 757/519/487 759/518/489
f 757/521/487 756/517/633 755/523/632
f 748/525/630 756/522/633 758/520/634
f 758/520/634 756/522/633 759/518/489
f 759/516/489 762/515/635 758/517/634
f 760/514/636 761/513/556 759/516/489
f 759/518/489 757/519/487 760/498/636
f 761/513/556 762/515/635 759/516/489
f 762/484/635 761/483/556 742/480/583
f 763/486/637 762/484/635 742/480/583
f 762/515/635 763/523/637 758/517/634
f 763/523/637 746/492/629 750/521/535
f 758/517/634 763/523/637 750/521/535
f 746/487/629 763/486/637 742/480/583
f 764/512/638 761/513/556 760/514/636
f 761/483/556 764/485/638 742/480/583
f 742/480/583 764/485/638 765/482/639
f 765/508/639 764/512/638 766/507/640
f 766/507/640 764/512/638 760/514/636
f 767/500/641 768/497/642 766/496/640
f 760/498/636 767/500/641 766/496/640
f 766/496/640 768/497/642 769/505/643
f 769/509/643 765/508/639 766/507/640
f 768/497/642 733/499/521 769/505/643
f 769/505/643 733/499/521 734/506/621
f 734/510/621 770/511/463 769/509/643
f 770/511/463 765/508/639 769/509/643
f 765/482/639 770/479/463 742/480/583
f 736/538/623 770/511/463 734/510/621
f 770/479/463 736/478/623 742/480/583
f 768/494/642 767/493/641 772/491/644
f 733/501/521 768/494/642 771/495/645
f 771/495/645 768/494/642 772/491/644
f 771/488/645 772/490/644 728/480/576
f 772/491/644 767/493/641 773/492/603
f 772/490/644 773/487/603 728/480/576
f 773/492/603 757/521/487 755/523/632
f 773/487/603 755/486/632 728/480/576
f 767/493/641 757/521/487 773/492/603
f 729/502/574 733/501/521 771/495/645
f 729/489/574 771/488/645 728/480/576
f 757/519/487 767/500/641 760/498/636
f 750/524/535 748/525/630 758/520/634
f 752/512/631 749/507/587 774/508/646
f 752/485/631 774/482/646 728/480/576
f 749/507/587 775/509/647 774/508/646
f 774/508/646 775/509/647 776/511/503
f 774/482/646 776/479/503 728/480/576
f 776/511/503 739/510/626 730/538/620
f 776/479/503 730/478/620 728/480/576
f 775/509/647 739/510/626 776/511/503
f 775/536/647 749/527/587 744/528/494
f 739/534/626 775/536/647 740/530/542
f 740/530/542 775/536/647 744/528/494
f 736/478/623 737/481/625 742/480/583
f 739/510/626 731/532/505 730/538/620
f 777/541/648 780/542/649 778/543/650
f 777/541/648 778/543/650 781/542/651
f 780/544/649 777/545/648 779/546/652
f 781/544/651 779/546/652 777/545/648
f 782/547/653 783/548/654 781/544/651
f 781/542/651 784/549/655 782/550/653
f 781/544/651 783/548/654 779/546/652
f 778/543/650 784/549/655 781/542/651
f 778/551/650 786/552/656 784/553/655
f 784/553/655 787/554/657 785/555/658
f 784/549/655 785/556/658 782/550/653
f 786/552/656 787/554/657 784/553/655
f 787/554/657 788/557/659 785/555/658
f 788/558/659 787/559/657 789/560/660
f 789/560/660 787/559/657 790/561/661
f 787/559/657 786/562/656 790/561/661
f 791/559/662 790/561/661 786/562/656
f 792/560/663 790/561/661 791/559/662
f 792/563/663 779/546/652 790/564/661
f 779/546/652 789/563/660 790/564/661
f 793/548/664 779/546/652 792/563/663
f 794/565/665 793/548/664 792/563/663
f 794/566/665 792/560/663 795/558/666
f 795/558/666 792/560/663 791/559/662
f 796/567/667 794/566/665 795/558/666
f 791/554/662 797/553/668 795/557/666
f 795/557/666 798/555/669 796/568/667
f 797/553/668 798/555/669 795/557/666
f 797/549/668 800/550/670 798/556/669
f 798/555/669 799/569/671 796/568/667
f 798/556/669 800/550/670 799/570/671
f 801/571/672 800/547/670 803/572/673
f 802/573/674 800/547/670 801/571/672
f 800/550/670 802/574/674 799/570/671
f 800/547/670 793/548/664 803/572/673
f 800/547/670 780/544/649 793/548/664
f 780/542/649 800/550/670 797/549/668
f 803/572/673 793/548/664 794/565/665
f 804/575/675 803/572/673 794/565/665
f 801/571/672 803/572/673 804/575/675
f 805/576/676 806/577/677 804/575/675
f 805/578/676 804/579/675 807/580/678
f 804/575/675 806/577/677 801/571/672
f 807/580/678 804/579/675 796/567/667
f 804/579/675 794/566/665 796/567/667
f 809/581/679 808/582/680 807/583/678
f 808/584/680 805/578/676 807/580/678
f 796/568/667 809/581/679 807/583/678
f 799/569/671 809/581/679 796/568/667
f 799/570/671 810/585/681 809/586/679
f 809/586/679 810/585/681 808/584/680
f 806/577/677 810/587/681 801/571/672
f 810/585/681 806/588/677 808/584/680
f 810/587/681 802/573/674 801/571/672
f 802/574/674 810/585/681 799/570/671
f 806/588/677 805/578/676 808/584/680
f 778/551/650 797/553/668 791/554/662
f 778/543/650 780/542/649 797/549/668
f 793/548/664 780/544/649 779/546/652
f 786/552/656 778/551/650 791/554/662
f 783/548/654 811/565/682 789/563/660
f 783/548/654 789/563/660 779/546/652
f 811/566/682 788/558/659 789/560/660
f 811/565/682 812/572/683 813/575/684
f 783/548/654 812/572/683 811/565/682
f 813/579/684 814/567/685 811/566/682
f 814/567/685 788/558/659 811/566/682
f 788/557/659 814/568/685 816/569/686
f 814/568/685 815/583/687 816/569/686
f 815/580/687 814/567/685 817/578/688
f 817/578/688 814/567/685 813/579/684
f 818/584/689 815/580/687 817/578/688
f 819/588/690 818/584/689 817/578/688
f 813/575/684 819/577/690 817/576/688
f 820/587/691 819/577/690 821/573/692
f 820/585/691 818/584/689 819/588/690
f 819/577/690 822/571/693 821/573/692
f 822/571/693 819/577/690 813/575/684
f 822/571/693 812/572/683 782/547/653
f 821/573/692 822/571/693 782/547/653
f 812/572/683 822/571/693 813/575/684
f 782/550/653 816/570/686 821/574/692
f 816/570/686 823/586/694 821/574/692
f 821/574/692 823/586/694 820/585/691
f 815/583/687 818/582/689 823/581/694
f 816/569/686 815/583/687 823/581/694
f 823/586/694 818/584/689 820/585/691
f 785/555/658 788/557/659 816/569/686
f 785/556/658 816/570/686 782/550/653
f 782/547/653 812/572/683 783/548/654
