# Blender 4.3.0
# www.blender.org
mtllib cannon.mtl
o model
v 0.534786 -0.006325 -0.374311
v 0.528959 0.021804 -0.370238
v 0.171550 0.022534 -0.265969
v 0.167665 0.043356 -0.263525
v 0.223024 0.046644 -0.187766
v 0.187089 0.129202 -0.175547
v 0.214283 0.129202 0.000408
v 0.161837 0.205185 0.000408
v 0.136586 0.205185 0.159256
v 0.075399 0.273131 0.139705
v 0.096766 0.200070 0.217907
v 0.045291 0.268016 0.184509
v 0.378420 0.330118 0.260267
v 0.348312 0.361899 0.238273
v 0.441549 0.236966 0.305885
v 0.137557 0.124818 0.243975
v 0.187089 0.129202 0.175548
v 0.253132 0.046644 0.000408
v 0.229823 0.022899 -0.166587
v 0.534786 -0.006325 -0.374311
v 0.492052 0.133586 0.343357
v 0.167665 0.043356 0.263525
v 0.223024 0.046644 0.187767
v 0.229823 0.022899 0.166587
v 0.259931 0.022899 0.000408
v 0.605685 -0.006325 0.235014
v 0.643563 -0.006325 0.000408
v 0.528959 0.021804 0.370239
v 0.171550 0.022534 0.265969
v 0.534786 -0.006325 0.374312
v 0.605685 -0.006325 -0.235014
v 0.021011 0.291396 0.169031
v 0.052090 0.290665 0.116082
v 0.096766 0.273131 0.000408
v 0.072485 0.290665 0.000408
v 0.052090 0.290665 -0.116081
v 0.386189 0.361168 -0.163328
v 0.348312 0.361899 -0.238272
v 0.412412 0.361168 0.000408
v 0.386189 0.361168 0.163329
v 0.348312 0.361899 0.238273
v 0.021011 0.291396 -0.169031
v 0.075399 0.273131 -0.139705
v 0.045291 0.268016 -0.184508
v 0.096766 0.200070 -0.217907
v 0.378420 0.330118 -0.260266
v 0.441549 0.236966 -0.305884
v 0.136586 0.205185 -0.159255
v 0.137557 0.124818 -0.243974
v 0.492052 0.133586 -0.343356
v 0.348312 0.361899 -0.238272
v 0.534786 -0.006325 0.374312
v 0.714462 -0.065138 0.000408
v 0.674642 -0.081577 0.000408
v 0.671728 -0.064042 0.268413
v 0.633850 -0.081577 0.256194
v 0.561980 -0.066965 0.485913
v 0.524103 -0.081577 0.470435
v 0.512448 -0.063312 0.484284
v 0.549354 -0.048700 0.499761
v 0.491081 0.032763 0.468806
v 0.529930 0.046279 0.482654
v 0.486225 0.160983 0.453328
v 0.450290 0.140892 0.439480
v 0.426009 0.266920 0.413413
v 0.394930 0.240984 0.398750
v 0.351225 0.361533 0.363722
v 0.325974 0.330118 0.349059
v 0.277413 0.430941 0.309958
v 0.256046 0.395872 0.297739
v 0.252161 0.406465 0.274115
v 0.273528 0.441534 0.287149
v 0.314319 0.406465 0.152739
v 0.336657 0.442996 0.159256
v 0.360938 0.442996 -0.000407
v 0.338600 0.406465 0.000408
v 0.336657 0.442996 -0.159255
v 0.314319 0.406465 -0.152738
v 0.273528 0.441534 -0.287148
v 0.252161 0.406465 -0.274115
v 0.277413 0.430941 -0.309957
v 0.256046 0.395872 -0.297738
v 0.325974 0.330118 -0.349058
v 0.351225 0.361533 -0.363721
v 0.394930 0.240984 -0.398749
v 0.426009 0.266920 -0.413412
v 0.450290 0.140892 -0.439480
v 0.486225 0.160983 -0.453328
v 0.491081 0.032763 -0.468806
v 0.529930 0.046279 -0.482654
v 0.549354 -0.048700 -0.499761
v 0.512448 -0.063312 -0.484283
v 0.561980 -0.066965 -0.485912
v 0.524103 -0.081577 -0.470435
v 0.633850 -0.081577 -0.256193
v 0.671728 -0.064042 -0.268412
v 0.714462 -0.065138 0.000408
v 0.674642 -0.081577 0.000408
v 0.467772 0.295049 0.000408
v 0.982518 0.315140 0.000408
v 0.467772 0.293587 -0.038694
v 0.982518 0.313314 -0.045210
v 0.982518 0.288473 -0.081868
v 0.467772 0.272400 -0.070463
v 0.467772 0.248290 -0.100604
v 0.982518 0.260710 -0.117710
v 0.982518 0.218701 -0.133188
v 0.467772 0.212491 -0.113637
v 0.467772 0.175230 -0.124227
v 0.982518 0.175230 -0.145407
v 0.982518 0.132124 -0.133188
v 0.467772 0.138335 -0.113637
v 0.467772 0.102170 -0.100604
v 0.982518 0.090115 -0.117710
v 0.982518 0.062352 -0.081868
v 0.467772 0.078425 -0.070463
v 0.467772 0.056872 -0.038694
v 0.982518 0.037511 -0.045210
v 0.982518 0.035685 0.000408
v 0.467772 0.055411 0.000408
v 0.467772 0.056872 0.038694
v 0.982518 0.037511 0.045211
v 0.982518 0.062352 0.081868
v 0.467772 0.078425 0.070464
v 0.467772 0.102170 0.100604
v 0.982518 0.090115 0.117711
v 0.982518 0.132124 0.133188
v 0.467772 0.138335 0.113638
v 0.467772 0.175230 0.124228
v 0.982518 0.175230 0.145407
v 0.982518 0.218701 0.133188
v 0.467772 0.212491 0.113638
v 0.467772 0.248290 0.100604
v 0.982518 0.260710 0.117711
v 0.982518 0.288473 0.081868
v 0.467772 0.272400 0.070464
v 0.467772 0.293587 0.038694
v 0.982518 0.313314 0.045211
v 0.982518 0.315140 0.000408
v 0.467772 0.295049 0.000408
v 0.467772 0.175230 0.000408
v 0.467772 0.272400 0.070464
v 0.467772 0.248290 0.100604
v 0.467772 0.212491 0.113638
v 0.467772 0.175230 0.124228
v 0.467772 0.138335 0.113638
v 0.467772 0.102170 0.100604
v 0.467772 0.078425 0.070464
v 0.467772 0.056872 0.038694
v 0.467772 0.055411 0.000408
v 0.467772 0.056872 -0.038694
v 0.467772 0.078425 -0.070463
v 0.467772 0.102170 -0.100604
v 0.467772 0.138335 -0.113637
v 0.467772 0.175230 -0.124227
v 0.467772 0.212491 -0.113637
v 0.467772 0.248290 -0.100604
v 0.467772 0.272400 -0.070463
v 0.467772 0.293587 -0.038694
v 0.643563 -0.006325 0.000408
v 0.683383 0.010114 0.000408
v 0.605685 -0.006325 0.235014
v 0.643563 0.011210 0.247233
v 0.580433 0.008287 0.372682
v 0.542556 -0.006325 0.357205
v 0.530901 0.011940 0.371868
v 0.568779 0.027283 0.385716
v 0.528959 0.021804 0.370239
v 0.567807 0.035320 0.384087
v 0.492052 0.133586 0.343357
v 0.527987 0.153312 0.357205
v 0.441549 0.236966 0.305885
v 0.472628 0.262902 0.321362
v 0.378420 0.330118 0.260267
v 0.403671 0.361533 0.274930
v 0.358995 0.350574 0.246419
v 0.381333 0.385643 0.258638
v 0.356081 0.361899 0.222795
v 0.377448 0.396968 0.235014
v 0.386189 0.361168 0.163329
v 0.407556 0.397333 0.170660
v 0.412412 0.361168 0.000408
v 0.434750 0.397698 0.000408
v 0.386189 0.361168 -0.163328
v 0.407556 0.397333 -0.170660
v 0.377448 0.396968 -0.235014
v 0.356081 0.361899 -0.222795
v 0.381333 0.385643 -0.258637
v 0.358995 0.350574 -0.246418
v 0.403671 0.361533 -0.274929
v 0.378420 0.330118 -0.260266
v 0.472628 0.262902 -0.321362
v 0.441549 0.236966 -0.305884
v 0.527987 0.153312 -0.357204
v 0.492052 0.133586 -0.343356
v 0.567807 0.035320 -0.384086
v 0.528959 0.021804 -0.370238
v 0.568779 0.027283 -0.385716
v 0.530901 0.011940 -0.371867
v 0.580433 0.008287 -0.372682
v 0.542556 -0.006325 -0.357204
v 0.605685 -0.006325 -0.235014
v 0.643563 0.011210 -0.247233
v 0.643563 -0.006325 0.000408
v 0.683383 0.010114 0.000408
v 0.723203 0.011940 0.000408
v -0.209169 0.011940 0.000408
v 0.723203 0.019977 0.050099
v -0.209169 0.019977 0.050099
v 0.723203 0.043356 0.095716
v -0.209169 0.043356 0.095716
v 0.723203 0.079156 0.132374
v -0.209169 0.079156 0.132374
v 0.723203 0.124818 0.155183
v -0.209169 0.124818 0.155183
v 0.723203 0.175230 0.163329
v -0.209169 0.175230 0.163329
v 0.723203 0.225641 0.155183
v -0.209169 0.225641 0.155183
v 0.723203 0.271304 0.132374
v -0.209169 0.271304 0.132374
v 0.723203 0.307469 0.095716
v -0.209169 0.307469 0.095716
v 0.723203 0.330848 0.050099
v -0.209169 0.330848 0.050099
v 0.723203 0.338519 0.000408
v -0.209169 0.338519 0.000408
v 0.723203 0.330848 -0.050098
v -0.209169 0.330848 -0.050098
v 0.723203 0.307469 -0.095716
v -0.209169 0.307469 -0.095716
v 0.723203 0.271304 -0.132373
v -0.209169 0.271304 -0.132373
v 0.723203 0.225641 -0.155182
v -0.209169 0.225641 -0.155182
v 0.723203 0.175230 -0.163328
v -0.209169 0.175230 -0.163328
v 0.723203 0.124818 -0.155182
v -0.209169 0.124818 -0.155182
v 0.723203 0.079156 -0.132373
v -0.209169 0.079156 -0.132373
v 0.723203 0.043356 -0.095716
v -0.209169 0.043356 -0.095716
v 0.723203 0.019977 -0.050098
v -0.209169 0.019977 -0.050098
v 0.723203 0.011940 0.000408
v -0.209169 0.011940 0.000408
v 0.723203 -0.025686 0.000408
v 0.723203 -0.015822 0.062318
v 0.740685 -0.043951 0.000408
v 0.740685 -0.032992 0.068020
v 0.982518 -0.032992 0.068020
v 0.982518 -0.043951 0.000408
v 1.000000 -0.025686 0.000408
v 1.000000 -0.015822 0.062318
v 0.982518 -0.001941 0.129115
v 1.000000 0.012671 0.118525
v 0.982518 0.046644 0.177177
v 1.000000 0.057238 0.162514
v 0.982518 0.107649 0.208132
v 1.000000 0.113129 0.191025
v 0.982518 0.175230 0.218722
v 1.000000 0.175230 0.200801
v 1.000000 0.237331 0.191025
v 0.982518 0.243176 0.208132
v 0.740685 0.175230 0.218722
v 0.740685 0.243176 0.208132
v 0.982518 0.304181 0.177177
v 0.740685 0.304181 0.177177
v 0.982518 0.352766 0.129115
v 1.000000 0.293587 0.162514
v 1.000000 0.338154 0.118525
v 0.982518 0.383817 0.068020
v 1.000000 0.366648 0.062318
v 0.982518 0.394411 0.000408
v 1.000000 0.376511 0.000408
v 0.982518 0.383817 -0.068019
v 1.000000 0.366648 -0.062317
v 0.982518 0.352766 -0.129115
v 1.000000 0.338154 -0.118525
v 0.982518 0.304181 -0.177177
v 1.000000 0.293587 -0.162514
v 1.000000 0.237331 -0.191025
v 0.982518 0.243176 -0.208132
v 0.740685 0.304181 -0.177177
v 0.740685 0.243176 -0.208132
v 0.982518 0.175230 -0.218721
v 0.740685 0.175230 -0.218721
v 0.982518 0.107649 -0.208132
v 1.000000 0.175230 -0.200800
v 1.000000 0.113129 -0.191025
v 0.982518 0.046644 -0.177177
v 1.000000 0.057238 -0.162514
v 0.982518 -0.001941 -0.129115
v 1.000000 0.012671 -0.118525
v 0.982518 -0.032992 -0.068019
v 1.000000 -0.015822 -0.062317
v 0.982518 -0.043951 0.000408
v 1.000000 -0.025686 0.000408
v 1.000000 0.019612 -0.050913
v 1.000000 0.012671 -0.118525
v 1.000000 0.079156 -0.132373
v 1.000000 0.047740 -0.092458
v 1.000000 0.057238 -0.162514
v 1.000000 0.113129 -0.191025
v 1.000000 0.175230 -0.163328
v 1.000000 0.175230 -0.200800
v 1.000000 0.126645 -0.149480
v 0.982518 0.175230 -0.145407
v 0.982518 0.132124 -0.133188
v 0.982518 0.090115 -0.117710
v 0.982518 0.062352 -0.081868
v 0.982518 0.037511 -0.045210
v 1.000000 0.017785 0.000408
v 0.982518 0.035685 0.000408
v 0.982518 0.037511 0.045211
v 1.000000 0.047740 0.092458
v 0.982518 0.062352 0.081868
v 1.000000 0.019612 0.050913
v 1.000000 0.012671 0.118525
v 1.000000 -0.015822 0.062318
v 1.000000 0.079156 0.132374
v 1.000000 0.057238 0.162514
v 1.000000 0.113129 0.191025
v 1.000000 0.175230 0.200801
v 1.000000 0.175230 0.163329
v 1.000000 0.126645 0.149480
v 0.982518 0.175230 0.145407
v 0.982518 0.132124 0.133188
v 0.982518 0.090115 0.117711
v 1.000000 0.224180 0.149480
v 0.982518 0.218701 0.133188
v 0.982518 0.260710 0.117711
v 1.000000 0.302720 0.092458
v 0.982518 0.288473 0.081868
v 1.000000 0.271669 0.132374
v 1.000000 0.338154 0.118525
v 1.000000 0.293587 0.162514
v 1.000000 0.237331 0.191025
v 1.000000 0.330848 0.050913
v 1.000000 0.366648 0.062318
v 1.000000 0.376511 0.000408
v 1.000000 0.330848 -0.050913
v 1.000000 0.333040 0.000408
v 1.000000 0.366648 -0.062317
v 1.000000 0.338154 -0.118525
v 1.000000 0.293587 -0.162514
v 1.000000 0.271669 -0.132373
v 1.000000 0.302720 -0.092458
v 0.982518 0.260710 -0.117710
v 0.982518 0.288473 -0.081868
v 0.982518 0.313314 -0.045210
v 0.982518 0.315140 0.000408
v 0.982518 0.313314 0.045211
v 1.000000 0.224180 -0.149480
v 0.982518 0.218701 -0.133188
v 1.000000 0.237331 -0.191025
v 0.740685 -0.032992 -0.068019
v 0.740685 -0.043951 0.000408
v 0.723203 -0.025686 0.000408
v 0.723203 -0.015822 -0.062317
v 0.723203 0.019977 -0.050098
v 0.723203 0.011940 0.000408
v 0.723203 -0.015822 0.062318
v 0.723203 0.019977 0.050099
v 0.723203 0.012671 0.118525
v 0.723203 0.043356 0.095716
v 0.723203 0.057238 0.162514
v 0.723203 0.079156 0.132374
v 0.723203 0.113129 0.191025
v 0.723203 0.124818 0.155183
v 0.723203 0.175230 0.200801
v 0.723203 0.175230 0.163329
v 0.723203 0.237331 0.191025
v 0.723203 0.225641 0.155183
v 0.723203 0.293587 0.162514
v 0.723203 0.271304 0.132374
v 0.723203 0.338154 0.118525
v 0.723203 0.307469 0.095716
v 0.723203 0.366648 0.062318
v 0.723203 0.330848 0.050099
v 0.723203 0.376511 0.000408
v 0.723203 0.338519 0.000408
v 0.723203 0.366648 -0.062317
v 0.723203 0.330848 -0.050098
v 0.723203 0.338154 -0.118525
v 0.723203 0.307469 -0.095716
v 0.723203 0.293587 -0.162514
v 0.723203 0.271304 -0.132373
v 0.723203 0.237331 -0.191025
v 0.723203 0.225641 -0.155182
v 0.723203 0.175230 -0.200800
v 0.723203 0.175230 -0.163328
v 0.723203 0.113129 -0.191025
v 0.723203 0.124818 -0.155182
v 0.723203 0.057238 -0.162514
v 0.723203 0.079156 -0.132373
v 0.723203 0.012671 -0.118525
v 0.723203 0.043356 -0.095716
v 0.723203 0.012671 -0.118525
v 0.740685 -0.001941 -0.129115
v 0.740685 0.046644 -0.177177
v 0.723203 0.057238 -0.162514
v 0.740685 0.107649 -0.208132
v 0.723203 0.113129 -0.191025
v 0.723203 0.175230 -0.200800
v 0.723203 0.237331 -0.191025
v 0.723203 0.293587 -0.162514
v 0.723203 0.338154 -0.118525
v 0.740685 0.352766 -0.129115
v 0.740685 0.383817 -0.068019
v 0.740685 0.394411 0.000408
v 0.723203 0.366648 -0.062317
v 0.723203 0.376511 0.000408
v 0.723203 0.366648 0.062318
v 0.740685 0.383817 0.068020
v 0.740685 0.352766 0.129115
v 0.723203 0.338154 0.118525
v 0.723203 0.293587 0.162514
v 0.723203 0.237331 0.191025
v 0.723203 0.175230 0.200801
v 0.723203 0.113129 0.191025
v 0.740685 0.107649 0.208132
v 0.740685 0.046644 0.177177
v 0.740685 -0.001941 0.129115
v 0.723203 0.057238 0.162514
v 0.723203 0.012671 0.118525
v 0.412412 0.361168 0.000408
v 0.338600 0.406465 0.000408
v 0.386189 0.361168 -0.163328
v 0.386189 0.361168 0.163329
v 0.314319 0.406465 0.152739
v 0.348312 0.361899 0.238273
v 0.244391 0.406465 0.289593
v 0.325974 0.330118 0.349059
v 0.378420 0.330118 0.260267
v 0.441549 0.236966 0.305885
v 0.492052 0.133586 0.343357
v 0.394930 0.240984 0.398750
v 0.244391 0.240984 0.549452
v 0.450290 0.140892 0.439480
v 0.193888 0.330118 0.480210
v -0.002299 0.406465 0.468806
v 0.135615 0.406465 0.398750
v 0.028780 0.330118 0.564115
v -0.154780 0.406465 0.493244
v -0.154780 0.330118 0.593441
v 0.055003 0.240984 0.645576
v -0.154780 0.240984 0.678974
v 0.076370 0.140892 0.710744
v 0.285182 0.140892 0.604845
v 0.314319 0.032763 0.645576
v 0.491081 0.032763 0.468806
v 0.516333 -0.081577 0.486727
v 0.534786 -0.006325 0.374312
v 0.528959 0.021804 0.370239
v 0.633850 -0.081577 0.256194
v 0.605685 -0.006325 0.235014
v 0.674642 -0.081577 0.000408
v 0.643563 -0.006325 0.000408
v 0.605685 -0.006325 -0.235014
v 0.633850 -0.081577 -0.256193
v 0.534786 -0.006325 -0.374311
v 0.516333 -0.081577 -0.486727
v 0.491081 0.032763 -0.468806
v 0.528959 0.021804 -0.370238
v 0.450290 0.140892 -0.439480
v 0.492052 0.133586 -0.343356
v 0.441549 0.236966 -0.305884
v 0.394930 0.240984 -0.398749
v 0.325974 0.330118 -0.349058
v 0.244391 0.240984 -0.549452
v 0.285182 0.140892 -0.604845
v 0.091910 0.032763 -0.758805
v 0.314319 0.032763 -0.645575
v 0.076370 0.140892 -0.710743
v 0.055003 0.240984 -0.645575
v -0.154780 0.032763 -0.797906
v -0.154780 0.140892 -0.747401
v -0.154780 0.240984 -0.678974
v -0.400499 0.032763 -0.758805
v -0.384959 0.140892 -0.710743
v -0.363593 0.240984 -0.645575
v -0.593772 0.140892 -0.604845
v -0.622908 0.032763 -0.645575
v -0.799670 0.032763 -0.468806
v -0.824922 -0.081577 -0.486727
v -0.641361 -0.081577 -0.670013
v -0.828807 -0.140025 -0.489985
v -0.410211 -0.081577 -0.788131
v -0.644275 -0.140025 -0.674901
v -0.636505 -0.180939 -0.663496
v -0.412154 -0.140025 -0.793019
v -0.408269 -0.180939 -0.779985
v -0.154780 -0.180939 -0.820715
v 0.099679 -0.180939 -0.779985
v -0.154780 -0.140025 -0.833749
v -0.154780 -0.081577 -0.828861
v 0.101622 -0.081577 -0.788131
v 0.103564 -0.140025 -0.793019
v 0.332772 -0.081577 -0.670013
v 0.335686 -0.140025 -0.674901
v 0.327916 -0.180939 -0.663496
v 0.509534 -0.180939 -0.482654
v 0.626081 -0.180939 -0.253750
v 0.520218 -0.140025 -0.489985
v 0.638707 -0.140025 -0.257823
v 0.679498 -0.140025 0.000408
v 0.665901 -0.180939 0.000408
v 0.626081 -0.180939 0.253750
v 0.509534 -0.180939 0.482654
v 0.638707 -0.140025 0.257823
v 0.520218 -0.140025 0.489986
v 0.335686 -0.140025 0.674901
v 0.327916 -0.180939 0.663497
v 0.332772 -0.081577 0.670014
v 0.091910 0.032763 0.758806
v 0.101622 -0.081577 0.788132
v -0.154780 -0.081577 0.828862
v 0.103564 -0.140025 0.793019
v -0.154780 0.032763 0.797907
v -0.400499 0.032763 0.758806
v -0.384959 0.140892 0.710744
v -0.154780 0.140892 0.747401
v -0.363593 0.240984 0.645576
v -0.552980 0.240984 0.549452
v -0.503448 0.330118 0.480210
v -0.337370 0.330118 0.564115
v -0.444204 0.406465 0.398750
v -0.306291 0.406465 0.468806
v -0.378161 0.467836 0.308329
v -0.272298 0.467836 0.362093
v -0.306291 0.512768 0.209761
v -0.154780 0.467836 0.380829
v -0.234420 0.512768 0.246419
v -0.231507 0.540166 0.106306
v -0.154780 0.512768 0.259452
v -0.194600 0.540166 0.125042
v -0.154780 0.540166 0.131559
v -0.154780 0.549298 0.000408
v -0.022694 0.540166 0.000408
v -0.029493 0.540166 -0.040323
v -0.047946 0.540166 -0.076980
v -0.077083 0.540166 -0.106306
v -0.113989 0.540166 -0.125042
v -0.154780 0.540166 -0.131559
v -0.194600 0.540166 -0.125042
v -0.231507 0.540166 -0.106306
v -0.260643 0.540166 -0.076980
v -0.279096 0.540166 -0.040323
v -0.285895 0.540166 0.000408
v -0.279096 0.540166 0.040323
v -0.260643 0.540166 0.076981
v -0.113989 0.540166 0.125042
v -0.077083 0.540166 0.106306
v -0.047946 0.540166 0.076981
v -0.029493 0.540166 0.040323
v 0.104535 0.512768 0.000408
v 0.091910 0.512768 0.080239
v 0.207485 0.467836 0.117711
v 0.226909 0.467836 0.000408
v 0.055003 0.512768 0.152739
v -0.002299 0.512768 0.209761
v 0.154068 0.467836 0.223610
v 0.069572 0.467836 0.308329
v -0.036291 0.467836 0.362093
v -0.074169 0.512768 0.246419
v 0.314319 0.406465 -0.152738
v 0.207485 0.467836 -0.117710
v 0.091910 0.512768 -0.080238
v 0.244391 0.406465 -0.289592
v 0.154068 0.467836 -0.223609
v 0.055003 0.512768 -0.152738
v 0.069572 0.467836 -0.308328
v 0.135615 0.406465 -0.398749
v -0.002299 0.406465 -0.468806
v 0.028780 0.330118 -0.564114
v 0.193888 0.330118 -0.480210
v -0.154780 0.330118 -0.593440
v -0.154780 0.406465 -0.493244
v -0.337370 0.330118 -0.564114
v -0.306291 0.406465 -0.468806
v -0.503448 0.330118 -0.480210
v -0.552980 0.240984 -0.549452
v -0.703520 0.240984 -0.398749
v -0.758879 0.140892 -0.439480
v -0.865713 0.140892 -0.230941
v -0.913303 0.032763 -0.246418
v -0.952152 0.032763 0.000408
v -0.983231 -0.081577 0.000408
v -0.942440 -0.081577 -0.256193
v -0.988087 -0.140025 0.000408
v -0.947296 -0.140025 -0.257823
v -0.934670 -0.180939 -0.253750
v -0.818124 -0.180939 -0.482654
v -0.974490 -0.180939 0.000408
v -0.934670 -0.180939 0.253750
v -0.947296 -0.140025 0.257823
v -0.942440 -0.081577 0.256194
v -0.828807 -0.140025 0.489986
v -0.818124 -0.180939 0.482654
v -0.824922 -0.081577 0.486727
v -0.644275 -0.140025 0.674901
v -0.636505 -0.180939 0.663497
v -0.641361 -0.081577 0.670014
v -0.412154 -0.140025 0.793019
v -0.408269 -0.180939 0.779985
v -0.410211 -0.081577 0.788132
v -0.154780 -0.140025 0.833749
v -0.154780 -0.180939 0.820716
v 0.099679 -0.180939 0.779985
v -0.622908 0.032763 0.645576
v -0.593772 0.140892 0.604845
v -0.799670 0.032763 0.468806
v -0.758879 0.140892 0.439480
v -0.865713 0.140892 0.230941
v -0.799670 0.240984 0.209761
v -0.703520 0.240984 0.398750
v -0.718088 0.330118 0.183694
v -0.634563 0.330118 0.349059
v -0.622908 0.406465 0.152739
v -0.552980 0.406465 0.289593
v -0.516074 0.467836 0.117711
v -0.462657 0.467836 0.223610
v -0.400499 0.512768 0.080239
v -0.363593 0.512768 0.152739
v -0.413125 0.512768 0.000408
v -0.400499 0.512768 -0.080238
v -0.535498 0.467836 0.000408
v -0.516074 0.467836 -0.117710
v -0.647189 0.406465 0.000408
v -0.622908 0.406465 -0.152738
v -0.747224 0.330118 0.000408
v -0.718088 0.330118 -0.183693
v -0.832692 0.240984 0.000408
v -0.799670 0.240984 -0.209761
v -0.901648 0.140892 0.000408
v -0.913303 0.032763 0.246419
v -0.634563 0.330118 -0.349058
v -0.444204 0.406465 -0.398749
v -0.552980 0.406465 -0.289592
v -0.378161 0.467836 -0.308328
v -0.462657 0.467836 -0.223609
v -0.306291 0.512768 -0.209761
v -0.363593 0.512768 -0.152738
v -0.234420 0.512768 -0.246418
v -0.154780 0.512768 -0.259452
v -0.272298 0.467836 -0.362092
v -0.154780 0.467836 -0.380828
v -0.074169 0.512768 -0.246418
v -0.036291 0.467836 -0.362092
v -0.002299 0.512768 -0.209761
v 0.348312 0.361899 -0.238272
v 0.378420 0.330118 -0.260266
v 0.336657 0.442996 -0.159255
v 0.273528 0.441534 -0.287148
v 0.377448 0.396968 -0.235014
v 0.360938 0.442996 -0.000407
v 0.407556 0.397333 -0.170660
v 0.434750 0.397698 0.000408
v 0.407556 0.397333 0.170660
v 0.377448 0.396968 0.235014
v 0.336657 0.442996 0.159256
v 0.273528 0.441534 0.287149
v 0.381333 0.385643 0.258638
v 0.277413 0.430941 0.309958
v 0.351225 0.361533 0.363722
v 0.403671 0.361533 0.274930
v 0.426009 0.266920 0.413413
v 0.472628 0.262902 0.321362
v 0.527987 0.153312 0.357205
v 0.529930 0.046279 0.482654
v 0.567807 0.035320 0.384087
v 0.486225 0.160983 0.453328
v 0.568779 0.027283 0.385716
v 0.549354 -0.048700 0.499761
v 0.580433 0.008287 0.372682
v 0.561980 -0.066965 0.485913
v 0.671728 -0.064042 0.268413
v 0.714462 -0.065138 0.000408
v 0.643563 0.011210 0.247233
v 0.683383 0.010114 0.000408
v 0.643563 0.011210 -0.247233
v 0.671728 -0.064042 -0.268412
v 0.580433 0.008287 -0.372682
v 0.568779 0.027283 -0.385716
v 0.561980 -0.066965 -0.485912
v 0.549354 -0.048700 -0.499761
v 0.529930 0.046279 -0.482654
v 0.527987 0.153312 -0.357204
v 0.486225 0.160983 -0.453328
v 0.567807 0.035320 -0.384086
v 0.426009 0.266920 -0.413412
v 0.351225 0.361533 -0.363721
v 0.472628 0.262902 -0.321362
v 0.403671 0.361533 -0.274929
v 0.381333 0.385643 -0.258637
v 0.277413 0.430941 -0.309957
v -0.786073 -0.198473 -0.204873
v -0.690894 -0.198473 -0.389789
v -0.787044 -0.198473 -0.459845
v -0.818124 -0.198473 0.000408
v -0.898735 -0.198473 -0.241530
v -0.934670 -0.180939 -0.253750
v -0.974490 -0.180939 0.000408
v -0.936612 -0.198473 0.000408
v -0.898735 -0.198473 0.241531
v -0.786073 -0.198473 0.204874
v -0.934670 -0.180939 0.253750
v -0.818124 -0.180939 0.482654
v -0.636505 -0.180939 0.663497
v -0.787044 -0.198473 0.459845
v -0.614167 -0.198473 0.633356
v -0.544239 -0.198473 0.537233
v -0.690894 -0.198473 0.389789
v -0.359708 -0.198473 0.630913
v -0.154780 -0.198473 0.663497
v -0.396614 -0.198473 0.744143
v -0.154780 -0.198473 0.782429
v -0.154780 -0.180939 0.820716
v -0.408269 -0.180939 0.779985
v 0.099679 -0.180939 0.779985
v 0.087054 -0.198473 0.744143
v 0.327916 -0.180939 0.663497
v 0.305578 -0.198473 0.633356
v 0.509534 -0.180939 0.482654
v 0.626081 -0.180939 0.253750
v 0.478455 -0.198473 0.459845
v 0.590146 -0.198473 0.241531
v 0.476513 -0.198473 0.204874
v 0.382304 -0.198473 0.389789
v 0.235650 -0.198473 0.537233
v 0.051118 -0.198473 0.630913
v 0.509534 -0.198473 -0.000407
v 0.476513 -0.198473 -0.204873
v 0.628023 -0.198473 0.000408
v 0.590146 -0.198473 -0.241530
v 0.626081 -0.180939 -0.253750
v 0.665901 -0.180939 0.000408
v 0.509534 -0.180939 -0.482654
v 0.478455 -0.198473 -0.459845
v 0.327916 -0.180939 -0.663496
v 0.305578 -0.198473 -0.633356
v 0.099679 -0.180939 -0.779985
v 0.087054 -0.198473 -0.744142
v -0.154780 -0.180939 -0.820715
v -0.154780 -0.198473 -0.782429
v -0.408269 -0.180939 -0.779985
v -0.636505 -0.180939 -0.663496
v -0.396614 -0.198473 -0.744142
v -0.614167 -0.198473 -0.633356
v -0.544239 -0.198473 -0.537232
v -0.359708 -0.198473 -0.630912
v -0.154780 -0.198473 -0.663496
v 0.051118 -0.198473 -0.630912
v 0.235650 -0.198473 -0.537232
v 0.382304 -0.198473 -0.389789
v -0.818124 -0.180939 -0.482654
v -1.000000 -0.549298 -0.000409
v -0.991738 -0.475701 -0.000409
v -0.966124 -0.549298 0.238399
v -0.957861 -0.475701 0.235946
v -0.866148 -0.549298 0.457579
v -0.858712 -0.475701 0.452672
v -0.708336 -0.549298 0.639139
v -0.702552 -0.475701 0.632596
v -0.505906 -0.549298 0.769175
v -0.502600 -0.475701 0.761814
v -0.274557 -0.549298 0.837055
v -0.273731 -0.475701 0.828877
v -0.034120 -0.549298 0.837055
v -0.034946 -0.475701 0.828877
v 0.197229 -0.549298 0.769175
v 0.193924 -0.475701 0.761814
v 0.399659 -0.549298 0.639139
v 0.393875 -0.475701 0.632596
v 0.557472 -0.549298 0.457579
v 0.550036 -0.475701 0.452672
v 0.657447 -0.549298 0.238399
v 0.649185 -0.475701 0.235946
v 0.691324 -0.549298 0.000409
v 0.683061 -0.475701 -0.000409
v 0.657447 -0.549298 -0.238399
v 0.649185 -0.475701 -0.235946
v 0.557472 -0.549298 -0.457579
v 0.550036 -0.475701 -0.452672
v 0.399659 -0.549298 -0.639139
v 0.393875 -0.475701 -0.632596
v 0.197229 -0.549298 -0.769175
v 0.193924 -0.475701 -0.761814
v -0.034120 -0.549298 -0.837055
v -0.034946 -0.475701 -0.828877
v -0.274557 -0.549298 -0.837055
v -0.273731 -0.475701 -0.828877
v -0.505906 -0.549298 -0.769175
v -0.502600 -0.475701 -0.761814
v -0.708336 -0.549298 -0.639139
v -0.702552 -0.475701 -0.632596
v -0.866148 -0.549298 -0.457579
v -0.858712 -0.475701 -0.452672
v -0.966124 -0.549298 -0.238399
v -0.957861 -0.475701 -0.235946
v -1.000000 -0.549298 -0.000409
v -0.991738 -0.475701 -0.000409
v -0.933900 -0.414678 -0.228585
v -0.966950 -0.414678 0.000409
v -0.903329 -0.414678 -0.000409
v -0.873585 -0.414678 -0.211410
v -0.784350 -0.414678 -0.405238
v -0.838056 -0.414678 -0.439587
v -0.644715 -0.414678 -0.566351
v -0.465419 -0.414678 -0.681666
v -0.686853 -0.414678 -0.613786
v -0.491859 -0.414678 -0.738915
v -0.269599 -0.414678 -0.804342
v -0.261337 -0.414678 -0.741368
v -0.047340 -0.414678 -0.741368
v -0.039077 -0.414678 -0.804342
v 0.156743 -0.414678 -0.681666
v 0.336038 -0.414678 -0.566351
v 0.183183 -0.414678 -0.738915
v 0.378177 -0.414678 -0.613786
v 0.529379 -0.414678 -0.439587
v 0.475674 -0.414678 -0.405238
v 0.564908 -0.414678 -0.211410
v 0.625224 -0.414678 -0.228585
v 0.594653 -0.414678 0.000409
v 0.564908 -0.414678 0.211411
v 0.658274 -0.414678 -0.000409
v 0.625224 -0.414678 0.228585
v 0.529379 -0.414678 0.439587
v 0.475674 -0.414678 0.405238
v 0.336038 -0.414678 0.566352
v 0.378177 -0.414678 0.613786
v 0.156743 -0.414678 0.681666
v -0.047340 -0.414678 0.741368
v 0.183183 -0.414678 0.738915
v -0.039077 -0.414678 0.804342
v -0.269599 -0.414678 0.804342
v -0.261337 -0.414678 0.741368
v -0.465419 -0.414678 0.681666
v -0.491859 -0.414678 0.738915
v -0.644715 -0.414678 0.566352
v -0.784350 -0.414678 0.405238
v -0.686853 -0.414678 0.613786
v -0.838056 -0.414678 0.439587
v -0.933900 -0.414678 0.228585
v -0.873585 -0.414678 0.211411
v -0.903329 -0.414678 -0.000409
v -0.966950 -0.414678 0.000409
v -0.843840 -0.170771 -0.000409
v -0.815747 -0.170771 0.194236
v -0.876063 -0.190372 -0.000409
v -0.847145 -0.190372 0.203232
v -0.847145 -0.271181 0.203232
v -0.876063 -0.271181 -0.000409
v -0.843840 -0.290968 -0.000409
v -0.784350 -0.290968 0.185240
v -0.811616 -0.290968 -0.000409
v -0.815747 -0.290968 0.194236
v -0.761215 -0.271181 0.390517
v -0.733949 -0.290968 0.372524
v -0.706683 -0.290968 0.355350
v -0.584399 -0.290968 0.496836
v -0.605881 -0.290968 0.521371
v -0.427412 -0.290968 0.597429
v -0.440632 -0.290968 0.626871
v -0.248117 -0.290968 0.650589
v -0.252248 -0.290968 0.682484
v -0.060559 -0.290968 0.650589
v 0.118736 -0.290968 0.597429
v -0.056428 -0.290968 0.682484
v 0.131956 -0.290968 0.626871
v -0.051471 -0.271181 0.714380
v 0.145176 -0.271181 0.656314
v 0.145176 -0.190372 0.656314
v 0.318687 -0.271181 0.545906
v -0.051471 -0.190372 0.714380
v -0.257206 -0.190372 0.714380
v -0.056428 -0.170771 0.682484
v 0.131956 -0.170771 0.626871
v 0.297205 -0.170771 0.521371
v 0.318687 -0.190372 0.545906
v 0.425273 -0.170771 0.372524
v 0.452539 -0.190372 0.390517
v 0.507071 -0.170771 0.194236
v 0.538468 -0.190372 0.203232
v 0.535163 -0.170771 0.000409
v 0.567387 -0.190372 0.000409
v 0.507071 -0.170771 -0.194236
v 0.538468 -0.190372 -0.203232
v 0.425273 -0.170771 -0.372524
v 0.452539 -0.190372 -0.390517
v 0.297205 -0.170771 -0.521370
v 0.318687 -0.190372 -0.545905
v 0.131956 -0.170771 -0.626871
v 0.145176 -0.190372 -0.656313
v -0.056428 -0.170771 -0.682484
v -0.051471 -0.190372 -0.714380
v -0.252248 -0.170771 -0.682484
v -0.257206 -0.190372 -0.714380
v -0.440632 -0.170771 -0.626871
v -0.453852 -0.190372 -0.656313
v -0.605881 -0.170771 -0.521370
v -0.627364 -0.190372 -0.545905
v -0.733949 -0.170771 -0.372524
v -0.761215 -0.190372 -0.390517
v -0.815747 -0.170771 -0.194236
v -0.847145 -0.190372 -0.203232
v -0.843840 -0.170771 -0.000409
v -0.876063 -0.190372 -0.000409
v -0.876063 -0.271181 -0.000409
v -0.847145 -0.271181 -0.203232
v -0.815747 -0.290968 -0.194236
v -0.843840 -0.290968 -0.000409
v -0.811616 -0.290968 -0.000409
v -0.784350 -0.290968 -0.185240
v -0.733949 -0.290968 -0.372524
v -0.706683 -0.290968 -0.355350
v -0.605881 -0.290968 -0.521370
v -0.584399 -0.290968 -0.496835
v -0.427412 -0.290968 -0.597429
v -0.440632 -0.290968 -0.626871
v -0.453852 -0.271181 -0.656313
v -0.627364 -0.271181 -0.545905
v -0.252248 -0.290968 -0.682484
v -0.257206 -0.271181 -0.714380
v -0.056428 -0.290968 -0.682484
v -0.248117 -0.290968 -0.650588
v -0.060559 -0.290968 -0.650588
v 0.118736 -0.290968 -0.597429
v 0.131956 -0.290968 -0.626871
v 0.297205 -0.290968 -0.521370
v 0.145176 -0.271181 -0.656313
v -0.051471 -0.271181 -0.714380
v 0.318687 -0.271181 -0.545905
v 0.452539 -0.271181 -0.390517
v 0.425273 -0.290968 -0.372524
v 0.507071 -0.290968 -0.194236
v 0.398007 -0.290968 -0.355350
v 0.275722 -0.290968 -0.496835
v 0.475674 -0.290968 -0.185240
v 0.535163 -0.290968 0.000409
v 0.502940 -0.290968 0.000409
v 0.475674 -0.290968 0.185240
v 0.507071 -0.290968 0.194236
v 0.538468 -0.271181 0.203232
v 0.567387 -0.271181 0.000409
v 0.425273 -0.290968 0.372524
v 0.452539 -0.271181 0.390517
v 0.297205 -0.290968 0.521371
v 0.398007 -0.290968 0.355350
v 0.275722 -0.290968 0.496836
v 0.538468 -0.271181 -0.203232
v -0.761215 -0.271181 -0.390517
v -0.252248 -0.170771 0.682484
v -0.440632 -0.170771 0.626871
v -0.453852 -0.190372 0.656314
v -0.627364 -0.190372 0.545906
v -0.453852 -0.271181 0.656314
v -0.257206 -0.271181 0.714380
v -0.627364 -0.271181 0.545906
v -0.761215 -0.190372 0.390517
v -0.733949 -0.170771 0.372524
v -0.605881 -0.170771 0.521371
v -0.811616 -0.290968 -0.000409
v -0.864496 -0.350696 -0.000409
v -0.784350 -0.290968 -0.185240
v -0.835577 -0.350696 -0.199961
v -0.706683 -0.290968 -0.355350
v -0.752127 -0.350696 -0.383974
v -0.584399 -0.290968 -0.496835
v -0.619101 -0.350696 -0.536909
v -0.427412 -0.290968 -0.597429
v -0.449721 -0.350696 -0.646499
v -0.248117 -0.290968 -0.650588
v -0.255553 -0.350696 -0.702930
v -0.060559 -0.290968 -0.650588
v -0.053123 -0.350696 -0.702930
v 0.118736 -0.290968 -0.597429
v 0.141044 -0.350696 -0.646499
v 0.275722 -0.290968 -0.496835
v 0.310425 -0.350696 -0.536909
v 0.398007 -0.290968 -0.355350
v 0.443450 -0.350696 -0.383974
v 0.475674 -0.290968 -0.185240
v 0.526901 -0.350696 -0.199961
v 0.502940 -0.290968 0.000409
v 0.555819 -0.350696 0.000409
v 0.475674 -0.290968 0.185240
v 0.526901 -0.350696 0.199961
v 0.398007 -0.290968 0.355350
v 0.443450 -0.350696 0.383974
v 0.275722 -0.290968 0.496836
v 0.310425 -0.350696 0.536909
v 0.118736 -0.290968 0.597429
v 0.141044 -0.350696 0.646500
v -0.060559 -0.290968 0.650589
v -0.053123 -0.350696 0.702930
v -0.248117 -0.290968 0.650589
v -0.255553 -0.350696 0.702930
v -0.427412 -0.290968 0.597429
v -0.449721 -0.350696 0.646500
v -0.584399 -0.290968 0.496836
v -0.619101 -0.350696 0.536909
v -0.706683 -0.290968 0.355350
v -0.752127 -0.350696 0.383974
v -0.784350 -0.290968 0.185240
v -0.835577 -0.350696 0.199961
v -0.811616 -0.290968 -0.000409
v -0.864496 -0.350696 -0.000409
v -0.903329 -0.414678 -0.000409
v -0.873585 -0.414678 0.211411
v -0.784350 -0.414678 0.405238
v -0.644715 -0.414678 0.566352
v -0.465419 -0.414678 0.681666
v -0.261337 -0.414678 0.741368
v -0.047340 -0.414678 0.741368
v 0.156743 -0.414678 0.681666
v 0.336038 -0.414678 0.566352
v 0.475674 -0.414678 0.405238
v 0.564908 -0.414678 0.211411
v 0.594653 -0.414678 0.000409
v 0.564908 -0.414678 -0.211410
v 0.475674 -0.414678 -0.405238
v 0.336038 -0.414678 -0.566351
v 0.156743 -0.414678 -0.681666
v -0.047340 -0.414678 -0.741368
v -0.261337 -0.414678 -0.741368
v -0.465419 -0.414678 -0.681666
v -0.644715 -0.414678 -0.566351
v -0.784350 -0.414678 -0.405238
v -0.873585 -0.414678 -0.211410
v -0.903329 -0.414678 -0.000409
vn 0.4759 0.8719 -0.1155
vn 0.5849 0.0075 0.8111
vn 0.1801 0.9685 0.1717
vn 0.4523 -0.0451 0.8907
vn 0.8928 0.3254 -0.3115
vn 0.8278 0.4896 -0.2739
vn 0.8710 0.4913 -0.0022
vn 0.7825 0.6226 -0.0065
vn 0.7425 0.6253 0.2402
vn 0.6571 0.7238 0.2104
vn 0.4183 -0.1193 -0.9004
vn 0.4105 -0.1553 -0.8985
vn 0.4975 -0.0829 -0.8635
vn 0.8628 -0.4706 -0.1846
vn 0.5411 -0.0227 -0.8406
vn 0.4573 -0.0678 -0.8867
vn 0.8295 0.4891 0.2697
vn 0.9210 0.3896 -0.0022
vn 0.1354 0.9899 -0.0415
vn 0.4758 0.8719 -0.1155
vn 0.5489 -0.0076 -0.8359
vn 0.4523 -0.0453 -0.8907
vn 0.8916 0.3325 0.3074
vn 0.1354 0.9899 0.0415
vn 0.1206 0.9927 0.0001
vn 0.2720 0.9593 0.0764
vn 0.2685 0.9633 0.0022
vn 0.5849 0.0075 -0.8111
vn 0.1801 0.9685 -0.1717
vn 0.4758 0.8719 0.1155
vn 0.2720 0.9593 -0.0764
vn 0.3242 -0.9295 -0.1761
vn 0.2775 -0.9566 0.0894
vn 0.6963 0.7177 -0.0022
vn 0.2612 -0.9653 0.0022
vn 0.2775 -0.9565 -0.0895
vn 0.3963 -0.9124 -0.1025
vn 0.8629 -0.4705 0.1846
vn 0.4035 -0.9150 0.0022
vn 0.3963 -0.9124 0.1025
vn 0.8628 -0.4706 -0.1847
vn 0.3242 -0.9295 0.1760
vn 0.6502 0.7288 -0.2146
vn 0.4107 -0.1549 0.8985
vn 0.4184 -0.1190 0.9005
vn 0.4976 -0.0825 0.8635
vn 0.5411 -0.0226 0.8406
vn 0.7412 0.6252 -0.2444
vn 0.4573 -0.0675 0.8867
vn 0.5489 -0.0076 0.8359
vn 0.8628 -0.4706 0.1846
vn 0.4759 0.8719 0.1155
vn 0.9959 -0.0906 0.0022
vn 0.9514 -0.1129 0.2865
vn 0.3827 -0.9239 0.0022
vn 0.3806 -0.9175 0.1156
vn 0.8079 -0.3866 0.4448
vn 0.2680 -0.9372 0.2232
vn -0.3456 -0.0966 0.9334
vn 0.6046 0.2000 0.7710
vn -0.3726 0.0895 0.9237
vn 0.6925 0.3420 0.6352
vn 0.6169 0.4827 0.6216
vn 0.5050 0.6023 0.6181
vn -0.4200 0.0970 0.9023
vn -0.4867 0.0788 0.8700
vn 0.3469 0.6839 0.6419
vn -0.5465 0.0526 0.8358
vn 0.1423 0.7592 0.6351
vn -0.6377 0.1274 0.7597
vn -0.7736 0.5714 -0.2738
vn -0.0698 0.9961 0.0546
vn -0.8069 0.5377 -0.2444
vn 0.0979 0.9948 0.0283
vn 0.1653 0.9862 0.0021
vn -0.8479 0.5302 0.0022
vn 0.1054 0.9940 -0.0284
vn -0.8077 0.5346 0.2486
vn -0.0698 0.9961 -0.0546
vn 0.1464 0.7584 -0.6351
vn -0.7763 0.5677 0.2738
vn -0.6383 0.1239 -0.7597
vn -0.5464 0.0529 -0.8358
vn 0.3457 0.6844 -0.6419
vn -0.4861 0.0827 -0.8700
vn 0.5043 0.6029 -0.6182
vn -0.4199 0.0975 -0.9023
vn 0.6164 0.4833 -0.6216
vn -0.3725 0.0900 -0.9237
vn 0.6921 0.3429 -0.6352
vn 0.6044 0.2007 -0.7710
vn -0.3454 -0.0972 -0.9334
vn 0.8077 -0.3871 -0.4447
vn 0.2737 -0.9355 -0.2232
vn 0.3806 -0.9175 -0.1156
vn 0.9505 -0.1205 -0.2865
vn 0.2539 -0.9672 0.0022
vn 0.2280 -0.9266 0.2990
vn 0.0679 -0.9977 0.0022
vn 0.0829 -0.9480 0.3074
vn 0.0734 -0.8065 0.5867
vn 0.2541 -0.7822 0.5689
vn 0.2315 -0.5713 0.7875
vn 0.0788 -0.5867 0.8059
vn 0.0707 -0.3098 0.9482
vn 0.2588 -0.2987 0.9186
vn 0.2294 -0.0000 0.9733
vn 0.0829 -0.0000 0.9966
vn 0.0707 0.3098 0.9482
vn 0.2588 0.2987 0.9186
vn 0.2314 0.5713 0.7875
vn 0.0788 0.5868 0.8059
vn 0.0734 0.8065 0.5867
vn 0.2540 0.7822 0.5689
vn 0.2280 0.9266 0.2990
vn 0.0829 0.9480 0.3074
vn 0.0679 0.9977 -0.0022
vn 0.2538 0.9672 -0.0022
vn 0.2280 0.9266 -0.2990
vn 0.0829 0.9480 -0.3074
vn 0.0716 0.8066 -0.5867
vn 0.2598 0.7803 -0.5689
vn 0.2288 0.5723 -0.7875
vn 0.0829 0.5862 -0.8059
vn 0.0749 0.3088 -0.9482
vn 0.2572 0.3001 -0.9186
vn 0.2294 -0.0000 -0.9733
vn 0.0829 -0.0000 -0.9966
vn 0.0749 -0.3088 -0.9482
vn 0.2572 -0.3001 -0.9186
vn 0.2288 -0.5723 -0.7875
vn 0.0829 -0.5862 -0.8059
vn 0.0716 -0.8066 -0.5867
vn 0.2598 -0.7803 -0.5689
vn 0.2281 -0.9266 -0.2990
vn 0.0829 -0.9480 -0.3074
vn 1.0000 -0.0000 -0.0020
vn 0.2599 -0.7803 -0.5689
vn 0.2289 -0.5724 -0.7874
vn 0.2573 -0.3000 -0.9186
vn 0.2295 -0.0000 -0.9733
vn 0.2573 0.3001 -0.9186
vn 0.2289 0.5723 -0.7875
vn 0.2599 0.7803 -0.5688
vn 0.2281 0.9266 -0.2990
vn 0.2540 0.9672 -0.0021
vn 0.2281 0.9266 0.2990
vn 0.2542 0.7822 0.5689
vn 0.2315 0.5712 0.7874
vn 0.2589 0.2986 0.9186
vn 0.2295 -0.0000 0.9733
vn 0.2589 -0.2988 0.9185
vn 0.2315 -0.5712 0.7875
vn 0.2542 -0.7822 0.5688
vn 0.2281 -0.9266 0.2990
vn -0.3827 0.9239 0.0022
vn -0.3824 0.9183 -0.1025
vn 0.6853 0.7282 0.0022
vn 0.6666 0.7254 0.1717
vn 0.7316 0.5930 0.3363
vn -0.2592 0.9274 -0.2698
vn 0.1435 0.4756 -0.8679
vn 0.9202 0.3328 0.2061
vn 0.3706 -0.0973 -0.9237
vn 0.9539 0.2973 -0.0416
vn 0.4077 -0.0975 -0.9079
vn 0.9149 0.4034 -0.0154
vn 0.4744 -0.0828 -0.8764
vn 0.5249 -0.0453 -0.8499
vn 0.8476 0.5300 0.0240
vn 0.7859 0.6166 0.0458
vn 0.7210 -0.2160 -0.6584
vn 0.6416 0.7388 0.2061
vn 0.8106 -0.5544 0.1889
vn 0.6529 0.6995 0.2907
vn 0.8202 -0.5353 0.2018
vn 0.8479 -0.5302 0.0022
vn 0.8324 0.5161 0.2018
vn 0.8558 0.5173 0.0023
vn 0.8213 -0.5352 -0.1975
vn 0.8364 0.5097 -0.2018
vn 0.6521 0.7002 -0.2907
vn 0.8106 -0.5544 -0.1888
vn 0.6408 0.7395 -0.2060
vn 0.7211 -0.2157 0.6584
vn 0.7859 0.6167 -0.0458
vn 0.5249 -0.0451 0.8499
vn 0.8476 0.5300 -0.0239
vn 0.4745 -0.0824 0.8764
vn 0.9149 0.4034 0.0154
vn 0.4078 -0.0969 0.9079
vn 0.9539 0.2972 0.0416
vn 0.3708 -0.0967 0.9237
vn 0.9201 0.3331 -0.2061
vn 0.1464 0.4747 0.8679
vn 0.7316 0.5930 -0.3363
vn -0.2571 0.9280 0.2698
vn -0.3824 0.9183 0.1025
vn 0.6721 0.7203 -0.1717
vn 0.6854 0.7282 0.0021
vn -0.0453 -0.9990 -0.0021
vn -0.0453 -0.9505 0.3074
vn -0.0000 -1.0000 0.0023
vn -0.0000 -0.9516 0.3073
vn -0.0471 -0.8084 0.5867
vn -0.0470 -0.5866 0.8085
vn -0.0019 -0.8098 0.5867
vn -0.0018 -0.5885 0.8085
vn -0.0487 -0.3098 0.9496
vn -0.0018 -0.3094 0.9509
vn -0.0479 -0.0037 0.9988
vn -0.0000 -0.0000 1.0000
vn -0.0487 0.3098 0.9496
vn -0.0470 0.5866 0.8085
vn -0.0018 0.3094 0.9509
vn -0.0018 0.5884 0.8085
vn -0.0471 0.8084 0.5867
vn -0.0019 0.8098 0.5867
vn -0.0453 0.9505 0.3074
vn -0.0000 0.9517 0.3072
vn -0.0453 0.9990 0.0022
vn -0.0453 0.9505 -0.3074
vn -0.0000 1.0000 -0.0022
vn -0.0000 0.9517 -0.3071
vn -0.0490 0.8083 -0.5867
vn 0.0037 0.8098 -0.5867
vn -0.0509 0.5863 -0.8085
vn 0.0019 0.5885 -0.8085
vn -0.0453 0.3103 -0.9496
vn -0.0480 -0.0000 -0.9988
vn 0.0019 0.3094 -0.9509
vn -0.0000 -0.0000 -1.0000
vn -0.0453 -0.3103 -0.9496
vn 0.0019 -0.3094 -0.9509
vn -0.0510 -0.5863 -0.8085
vn 0.0018 -0.5885 -0.8085
vn -0.0490 -0.8083 -0.5867
vn -0.0453 -0.9505 -0.3074
vn 0.0037 -0.8098 -0.5867
vn -0.0000 -0.9516 -0.3074
vn -0.0453 -0.9990 -0.0023
vn -0.0000 -1.0000 0.0021
vn -0.9350 -0.3547 -0.0021
vn -0.0605 -0.9982 -0.0021
vn -0.9343 -0.3401 0.1069
vn -0.0605 -0.9497 0.3074
vn 0.0605 -0.9490 0.3095
vn 0.0605 -0.9982 0.0022
vn 0.9350 -0.3547 0.0022
vn 0.9393 -0.3259 0.1068
vn 0.0660 -0.8061 0.5881
vn 0.9368 -0.2827 0.2061
vn 0.0658 -0.5836 0.8094
vn 0.9390 -0.2022 0.2781
vn 0.0636 -0.3071 0.9496
vn 0.9358 -0.1055 0.3364
vn 0.0612 -0.0005 0.9981
vn 0.9388 -0.0000 0.3446
vn 0.9364 0.1130 0.3323
vn 0.0636 0.3071 0.9496
vn -0.0612 -0.0002 0.9981
vn -0.0636 0.3070 0.9496
vn 0.0659 0.5836 0.8094
vn -0.0621 0.5852 0.8085
vn 0.0660 0.8059 0.5883
vn 0.9390 0.2022 0.2782
vn 0.9368 0.2826 0.2061
vn 0.9393 0.3259 0.1069
vn 0.0604 0.9497 0.3072
vn 0.0605 0.9982 0.0013
vn 0.9350 0.3547 -0.0022
vn 0.0604 0.9498 -0.3068
vn 0.9392 0.3263 -0.1068
vn 0.0642 0.8072 -0.5867
vn 0.9367 0.2830 -0.2061
vn 0.0624 0.5837 -0.8096
vn 0.9390 0.2025 -0.2782
vn 0.9358 0.1055 -0.3364
vn 0.0603 0.3068 -0.9499
vn -0.0661 0.5836 -0.8093
vn -0.0603 0.3078 -0.9496
vn 0.0612 -0.0002 -0.9981
vn -0.0612 -0.0000 -0.9981
vn 0.0603 -0.3069 -0.9498
vn 0.9387 -0.0000 -0.3446
vn 0.9364 -0.1130 -0.3323
vn 0.9390 -0.2024 -0.2782
vn 0.0624 -0.5840 -0.8093
vn 0.0642 -0.8072 -0.5868
vn 0.9367 -0.2830 -0.2061
vn 0.0605 -0.9497 -0.3073
vn 0.9392 -0.3263 -0.1069
vn 0.0604 -0.9982 0.0021
vn 0.9350 -0.3546 0.0022
vn 0.9769 0.2026 0.0677
vn 0.9368 -0.2828 -0.2060
vn 0.9390 -0.2024 -0.2780
vn 0.9768 0.1280 0.1718
vn 0.9661 0.2095 0.1506
vn 0.9364 -0.1129 -0.3321
vn 0.9661 0.0830 0.2444
vn 0.9388 -0.0000 -0.3444
vn 0.9767 -0.0000 0.2147
vn 0.0828 -0.0000 0.9966
vn 0.0706 0.3098 0.9482
vn 0.0787 0.5867 0.8059
vn 0.0733 0.8065 0.5867
vn 0.0828 0.9480 0.3073
vn 0.9672 0.2540 -0.0022
vn 0.0678 0.9977 -0.0022
vn 0.0828 0.9480 -0.3073
vn 0.9661 0.2098 -0.1502
vn 0.9769 0.2025 -0.0677
vn 0.0715 0.8066 -0.5867
vn 0.9369 -0.2825 0.2060
vn 0.9394 -0.3258 0.1068
vn 0.9391 -0.2021 0.2780
vn 0.9768 0.1280 -0.1718
vn 0.9359 -0.1054 0.3362
vn 0.9388 -0.0000 0.3444
vn 0.9767 0.0003 -0.2147
vn 0.9661 0.0830 -0.2444
vn 0.0748 0.3087 -0.9482
vn 0.0828 0.5862 -0.8059
vn 0.9661 -0.0830 -0.2444
vn 0.0748 -0.3088 -0.9482
vn 0.0828 -0.5862 -0.8059
vn 0.9661 -0.2098 -0.1502
vn 0.9768 -0.1280 -0.1718
vn 0.0715 -0.8066 -0.5867
vn 0.9369 0.2825 0.2060
vn 0.9391 0.2021 0.2781
vn 0.9364 0.1130 0.3321
vn 0.9394 0.3258 0.1068
vn 0.9769 -0.2025 -0.0680
vn 0.9350 0.3545 -0.0022
vn 0.9672 -0.2540 -0.0022
vn 0.9393 0.3262 -0.1068
vn 0.9769 -0.2025 0.0679
vn 0.9368 0.2829 -0.2060
vn 0.9390 0.2024 -0.2780
vn 0.9768 -0.1280 0.1717
vn 0.9661 -0.2093 0.1508
vn 0.0787 -0.5867 0.8059
vn 0.0733 -0.8064 0.5868
vn 0.0678 -0.9977 0.0022
vn 0.0828 -0.9480 -0.3074
vn 0.9661 -0.0829 0.2444
vn 0.0706 -0.3098 0.9482
vn 0.9359 0.1054 -0.3362
vn -0.0605 -0.9493 -0.3086
vn -0.0605 -0.9982 -0.0022
vn -0.9350 -0.3546 -0.0022
vn -0.9350 -0.3368 -0.1112
vn -0.0452 -0.9505 -0.3073
vn -0.0452 -0.9990 -0.0022
vn -0.9343 -0.3400 0.1068
vn -0.0452 -0.9505 0.3073
vn -0.9358 -0.2861 0.2060
vn -0.0470 -0.8084 0.5867
vn -0.9349 -0.2095 0.2864
vn -0.9350 -0.1129 0.3362
vn -0.0469 -0.5866 0.8085
vn -0.0486 -0.3098 0.9496
vn -0.9358 -0.0038 0.3526
vn -0.0478 -0.0037 0.9988
vn -0.9359 0.1054 0.3362
vn -0.0486 0.3098 0.9496
vn -0.9349 0.2095 0.2864
vn -0.9359 0.2826 0.2103
vn -0.0469 0.5866 0.8085
vn -0.0470 0.8084 0.5868
vn -0.9350 0.3367 0.1111
vn -0.0452 0.9505 0.3073
vn -0.9350 0.3545 0.0022
vn -0.0452 0.9990 0.0022
vn -0.9355 0.3368 -0.1068
vn -0.9346 0.2901 -0.2060
vn -0.0452 0.9505 -0.3073
vn -0.9340 0.2134 -0.2864
vn -0.9350 0.1129 -0.3362
vn -0.9358 -0.0000 -0.3526
vn -0.0452 0.3104 -0.9495
vn -0.9359 -0.1054 -0.3362
vn -0.0452 -0.3103 -0.9496
vn -0.9357 -0.2060 -0.2864
vn -0.0509 -0.5863 -0.8085
vn -0.9347 -0.2865 -0.2103
vn -0.9346 -0.2867 -0.2104
vn -0.0642 -0.8072 -0.5867
vn -0.0661 -0.5848 -0.8085
vn -0.9356 -0.2061 -0.2865
vn -0.0603 -0.3077 -0.9496
vn -0.9358 -0.1055 -0.3364
vn -0.9357 -0.0000 -0.3528
vn -0.9349 0.1130 -0.3364
vn -0.9340 0.2135 -0.2866
vn -0.0642 0.8072 -0.5868
vn -0.9345 0.2902 -0.2061
vn -0.0605 0.9497 -0.3073
vn -0.0605 0.9982 0.0021
vn -0.9354 0.3370 -0.1069
vn -0.9350 0.3547 0.0022
vn -0.9350 0.3368 0.1112
vn -0.0604 0.9497 0.3074
vn -0.0622 0.8074 0.5867
vn -0.9358 0.2827 0.2104
vn -0.9349 0.2096 0.2865
vn -0.9358 0.1055 0.3364
vn -0.9357 -0.0038 0.3528
vn -0.0636 -0.3071 0.9496
vn -0.9349 -0.1129 0.3364
vn -0.0621 -0.5852 0.8085
vn -0.0622 -0.8074 0.5867
vn -0.9349 -0.2096 0.2866
vn -0.9357 -0.2862 0.2061
vn 0.5044 0.8635 -0.0022
vn 0.4823 0.8630 0.1502
vn 0.4270 0.8426 0.3281
vn 0.5215 0.7352 0.4330
vn 0.4976 -0.0829 -0.8634
vn 0.5411 -0.0227 -0.8407
vn 0.6171 0.6238 0.4797
vn 0.4000 0.7407 0.5398
vn 0.4646 0.6240 0.6284
vn 0.6942 0.4885 0.5287
vn 0.2104 0.7403 0.6385
vn 0.3279 0.8334 0.4448
vn 0.1741 0.8331 0.5250
vn 0.2449 0.6270 0.7395
vn 0.0057 0.8346 0.5508
vn 0.0019 0.7410 0.6715
vn 0.0037 0.6266 0.7793
vn 0.2723 0.4892 0.8286
vn 0.5132 0.4919 0.7033
vn 0.5560 0.3370 0.7598
vn 0.7445 0.3436 0.5725
vn 0.7824 0.2087 0.5867
vn 0.4757 0.8720 0.1155
vn 0.5850 0.0076 -0.8110
vn 0.9213 0.2534 0.2949
vn 0.2719 0.9593 0.0764
vn 0.9672 0.2539 -0.0022
vn 0.2684 0.9633 0.0021
vn 0.2719 0.9593 -0.0764
vn 0.9213 0.2537 -0.2948
vn 0.4757 0.8720 -0.1156
vn 0.7824 0.2090 -0.5867
vn 0.7415 0.3439 -0.5760
vn 0.5850 0.0076 0.8110
vn 0.6910 0.4889 -0.5324
vn 0.6135 0.6244 -0.4834
vn 0.5411 -0.0226 0.8407
vn 0.5176 0.7356 -0.4370
vn 0.4558 0.6236 -0.6351
vn 0.5092 0.4918 -0.7063
vn 0.5519 0.3375 -0.7625
vn 0.2853 0.3387 -0.8966
vn 0.2649 0.4891 -0.8310
vn 0.2384 0.6261 -0.7424
vn -0.0019 0.4892 -0.8721
vn -0.0056 0.3383 -0.9410
vn -0.0057 0.6266 -0.7793
vn -0.2734 0.4886 -0.8286
vn -0.2931 0.3372 -0.8946
vn -0.2436 0.6275 -0.7395
vn -0.5152 0.4899 -0.7033
vn -0.5537 0.3408 -0.7598
vn -0.7633 0.3377 -0.5508
vn -0.7923 0.2018 -0.5758
vn -0.5744 0.2037 -0.7928
vn -0.3031 0.1997 -0.9318
vn -0.5872 -0.0754 -0.8059
vn -0.8063 -0.0754 -0.5867
vn -0.3088 -0.0749 -0.9482
vn -0.2404 -0.6321 -0.7366
vn -0.4580 -0.6322 -0.6250
vn -0.0019 -0.6334 -0.7738
vn 0.0019 -0.0786 -0.9969
vn 0.2404 -0.6321 -0.7366
vn -0.0038 0.1996 -0.9799
vn 0.3031 0.1996 -0.9318
vn 0.3088 -0.0749 -0.9482
vn 0.5757 0.2001 -0.7928
vn 0.5872 -0.0754 -0.8059
vn 0.4515 -0.6335 -0.6284
vn 0.6265 -0.6317 -0.4566
vn 0.7377 -0.6310 -0.2401
vn 0.8063 -0.0754 -0.5867
vn 0.9486 -0.0754 -0.3074
vn 0.9971 -0.0755 -0.0022
vn 0.7731 -0.6343 -0.0022
vn 0.7391 -0.6310 0.2359
vn 0.9486 -0.0754 0.3074
vn 0.6299 -0.6311 0.4527
vn 0.8063 -0.0753 0.5867
vn 0.5872 -0.0751 0.8059
vn 0.4558 -0.6337 0.6250
vn 0.5758 0.1998 0.7928
vn 0.3034 0.1991 0.9318
vn 0.2918 0.3383 0.8946
vn -0.0019 0.1996 0.9799
vn 0.3089 -0.0744 0.9482
vn 0.0056 0.3383 0.9410
vn -0.2869 0.3374 0.8966
vn -0.2672 0.4879 0.8310
vn -0.0000 0.4892 0.8722
vn -0.2397 0.6255 0.7425
vn -0.4516 0.6267 0.6351
vn -0.3899 0.7407 0.5471
vn -0.2030 0.7395 0.6419
vn -0.3174 0.8354 0.4487
vn -0.1668 0.8323 0.5287
vn -0.2424 0.9070 0.3445
vn -0.1260 0.9055 0.4053
vn -0.1709 0.9566 0.2359
vn 0.0038 0.9051 0.4251
vn -0.0829 0.9570 0.2781
vn 0.0019 0.9568 0.2907
vn -0.0452 0.9883 0.1459
vn -0.0867 0.9885 0.1241
vn 0.0057 0.9886 0.1502
vn -0.0000 1.0000 -0.0020
vn 0.1486 0.9878 0.0459
vn 0.1504 0.9886 -0.0022
vn 0.1411 0.9887 -0.0502
vn 0.1223 0.9885 -0.0894
vn 0.0867 0.9885 -0.1241
vn 0.0434 0.9884 -0.1458
vn -0.0019 0.9887 -0.1502
vn -0.0472 0.9882 -0.1459
vn -0.0942 0.9883 -0.1199
vn -0.1262 0.9884 -0.0851
vn -0.1449 0.9884 -0.0459
vn -0.1504 0.9886 0.0022
vn -0.1448 0.9882 0.0502
vn -0.1186 0.9889 0.0895
vn 0.0528 0.9879 0.1458
vn 0.0943 0.9883 0.1199
vn 0.1223 0.9888 0.0851
vn 0.2903 0.9569 -0.0022
vn 0.2776 0.9569 0.0851
vn 0.4241 0.9056 -0.0065
vn 0.4051 0.9052 0.1285
vn 0.2335 0.9578 0.1674
vn 0.1763 0.9567 0.2316
vn 0.3452 0.9062 0.2444
vn 0.2515 0.9060 0.3404
vn 0.1334 0.9062 0.4013
vn 0.0923 0.9573 0.2739
vn 0.4809 0.8631 -0.1545
vn 0.4034 0.9047 -0.1372
vn 0.4222 0.8418 -0.3363
vn 0.2774 0.9562 -0.0938
vn 0.3417 0.9052 -0.2528
vn 0.2318 0.9575 -0.1717
vn 0.3231 0.8332 -0.4487
vn 0.2481 0.9054 -0.3445
vn 0.1688 0.8318 -0.5287
vn 0.2052 0.7389 -0.6418
vn 0.3921 0.7396 -0.5471
vn -0.0075 0.7410 -0.6715
vn -0.0038 0.8346 -0.5508
vn -0.2088 0.7408 -0.6384
vn -0.1725 0.8335 -0.5250
vn -0.3989 0.7413 -0.5398
vn -0.4606 0.6269 -0.6284
vn -0.6318 0.6264 -0.4565
vn -0.7046 0.4933 -0.5101
vn -0.8305 0.4897 -0.2655
vn -0.8971 0.3363 -0.2865
vn -0.9402 0.3405 0.0020
vn -0.9793 0.2025 0.0022
vn -0.9320 0.1986 -0.3032
vn -0.9971 -0.0755 0.0022
vn -0.9486 -0.0754 -0.3074
vn -0.7366 -0.6338 -0.2359
vn -0.6292 -0.6318 -0.4527
vn -0.7730 -0.6343 0.0022
vn -0.9486 -0.0754 0.3074
vn -0.7377 -0.6309 0.2401
vn -0.9320 0.1986 0.3032
vn -0.8059 -0.0790 0.5867
vn -0.6245 -0.6337 0.4565
vn -0.5872 -0.0751 0.8059
vn -0.7912 0.2052 0.5761
vn -0.4524 -0.6328 0.6284
vn -0.5758 0.1998 0.7928
vn -0.3071 -0.0817 0.9482
vn -0.2361 -0.6338 0.7366
vn -0.3014 0.2022 0.9318
vn -0.0018 -0.0786 0.9969
vn -0.0000 -0.6334 0.7738
vn 0.2431 -0.6311 0.7366
vn -0.5502 0.3401 0.7626
vn -0.5098 0.4911 0.7063
vn -0.7029 0.4920 0.5137
vn -0.7594 0.3406 0.5544
vn -0.8263 0.4923 0.2738
vn -0.7388 0.6281 0.2443
vn -0.6270 0.6284 0.4604
vn -0.6360 0.7413 0.2146
vn -0.5381 0.7412 0.4013
vn -0.5245 0.8330 0.1760
vn -0.4437 0.8339 0.3281
vn -0.4012 0.9057 0.1372
vn -0.3382 0.9065 0.2528
vn -0.2737 0.9572 0.0938
vn -0.2318 0.9575 0.1717
vn -0.2903 0.9569 0.0022
vn -0.2739 0.9580 -0.0851
vn -0.4241 0.9056 0.0065
vn -0.4017 0.9067 -0.1285
vn -0.5556 0.8315 0.0065
vn -0.5295 0.8316 -0.1674
vn -0.6743 0.7384 0.0065
vn -0.6393 0.7420 -0.2018
vn -0.7825 0.6226 0.0065
vn -0.7414 0.6282 -0.2359
vn -0.8710 0.4913 0.0021
vn -0.8932 0.3394 0.2949
vn -0.5469 0.7412 -0.3892
vn -0.3300 0.8326 -0.4448
vn -0.4496 0.8340 -0.3198
vn -0.2500 0.9064 -0.3404
vn -0.3487 0.9048 -0.2444
vn -0.1710 0.9577 -0.2316
vn -0.2393 0.9564 -0.1674
vn -0.0905 0.9575 -0.2739
vn -0.0076 0.9568 -0.2907
vn -0.1392 0.9053 -0.4013
vn -0.0056 0.9051 -0.4251
vn 0.0886 0.9564 -0.2781
vn 0.1298 0.9049 -0.4053
vn 0.1671 0.9573 -0.2359
vn 0.8628 -0.4705 0.1847
vn 0.4977 -0.0824 0.8634
vn 0.1055 0.9940 -0.0284
vn -0.0698 0.9961 -0.0545
vn 0.8363 0.5098 -0.2018
vn 0.1654 0.9862 0.0022
vn 0.8558 0.5173 0.0021
vn 0.8324 0.5162 0.2018
vn 0.6528 0.6996 0.2907
vn 0.0980 0.9948 0.0284
vn -0.0699 0.9961 0.0546
vn 0.6415 0.7389 0.2061
vn 0.1424 0.7592 0.6351
vn 0.3470 0.6839 0.6418
vn 0.7858 0.6167 0.0459
vn 0.8476 0.5301 0.0241
vn 0.5052 0.6023 0.6180
vn 0.9149 0.4035 -0.0152
vn 0.6927 0.3419 0.6351
vn 0.6171 0.4827 0.6215
vn 0.9539 0.2973 -0.0414
vn 0.9202 0.3326 0.2061
vn 0.8078 -0.3868 0.4448
vn 0.9959 -0.0905 0.0022
vn 0.6667 0.7253 0.1718
vn 0.6854 0.7281 0.0022
vn 0.6722 0.7201 -0.1718
vn 0.9505 -0.1206 -0.2865
vn 0.9201 0.3331 -0.2062
vn 0.8076 -0.3872 -0.4449
vn 0.6043 0.2008 -0.7710
vn 0.6922 0.3429 -0.6351
vn 0.9149 0.4035 0.0152
vn 0.9539 0.2972 0.0414
vn 0.6166 0.4834 -0.6215
vn 0.5044 0.6030 -0.6181
vn 0.3458 0.6845 -0.6418
vn 0.8476 0.5301 -0.0241
vn 0.7858 0.6168 -0.0459
vn 0.6408 0.7395 -0.2061
vn 0.1465 0.7584 -0.6351
vn -0.0000 -1.0000 -0.0022
vn -0.1093 -0.9911 -0.0764
vn -0.1280 -0.9909 -0.0415
vn -0.0000 -1.0000 0.0022
vn -0.7730 -0.6344 0.0022
vn -0.7365 -0.6339 -0.2359
vn -0.1356 -0.9908 0.0022
vn -0.1280 -0.9909 0.0415
vn -0.7377 -0.6310 0.2401
vn -0.6244 -0.6338 0.4565
vn -0.4524 -0.6329 0.6284
vn -0.1092 -0.9907 0.0807
vn -0.0754 -0.9914 0.1069
vn -0.0421 -0.9907 0.1291
vn 0.0019 -0.9911 0.1329
vn -0.0000 -0.6335 0.7738
vn 0.2431 -0.6312 0.7366
vn 0.0397 -0.9909 0.1286
vn 0.4558 -0.6338 0.6250
vn 0.6298 -0.6312 0.4526
vn 0.0829 -0.9908 0.1069
vn 0.1093 -0.9911 0.0764
vn 0.7390 -0.6311 0.2359
vn 0.1280 -0.9909 0.0415
vn 0.1356 -0.9908 -0.0022
vn 0.1280 -0.9909 -0.0415
vn 0.7730 -0.6344 -0.0022
vn 0.6265 -0.6318 -0.4565
vn 0.1075 -0.9909 -0.0807
vn 0.4514 -0.6336 -0.6283
vn 0.2404 -0.6322 -0.7365
vn 0.0811 -0.9910 -0.1069
vn 0.0397 -0.9909 -0.1286
vn 0.0019 -0.9911 -0.1329
vn -0.2404 -0.6322 -0.7366
vn -0.0434 -0.9907 -0.1286
vn -0.4579 -0.6322 -0.6250
vn -0.0774 -0.9912 -0.1069
vn -0.6292 -0.6319 -0.4526
vn -0.9936 0.1130 0.0023
vn -0.9531 0.1091 0.2823
vn -0.9727 0.2320 0.0023
vn -0.9325 0.2353 0.2739
vn -0.8371 0.1091 0.5361
vn -0.8181 0.2345 0.5250
vn -0.6504 0.1126 0.7512
vn -0.4113 0.1151 0.9042
vn -0.6338 0.2360 0.7366
vn -0.4034 0.2337 0.8847
vn -0.1398 0.1107 0.9840
vn 0.1444 0.1114 0.9832
vn -0.1381 0.2341 0.9624
vn 0.1413 0.2322 0.9623
vn 0.4123 0.1114 0.9042
vn 0.6504 0.1126 0.7512
vn 0.4053 0.2304 0.8847
vn 0.6371 0.2363 0.7336
vn 0.8366 0.1129 0.5361
vn 0.9539 0.1129 0.2781
vn 0.8192 0.2309 0.5250
vn 0.9335 0.2316 0.2739
vn 0.9936 0.1130 -0.0021
vn 0.9526 0.1131 -0.2823
vn 0.9727 0.2320 -0.0022
vn 0.9334 0.2319 -0.2739
vn 0.8365 0.1130 -0.5361
vn 0.6504 0.1128 -0.7512
vn 0.8191 0.2312 -0.5250
vn 0.6335 0.2368 -0.7366
vn 0.4122 0.1120 -0.9042
vn 0.1387 0.1119 -0.9840
vn 0.4047 0.2315 -0.8847
vn 0.1402 0.2328 -0.9624
vn -0.1411 0.1157 -0.9832
vn -0.4132 0.1084 -0.9042
vn -0.1402 0.2328 -0.9624
vn -0.4028 0.2347 -0.8847
vn -0.6510 0.1091 -0.7512
vn -0.8365 0.1130 -0.5361
vn -0.6383 0.2332 -0.7336
vn -0.8191 0.2312 -0.5250
vn -0.9543 0.1093 -0.2781
vn -0.9936 0.1130 0.0021
vn -0.9334 0.2318 -0.2738
vn -0.9727 0.2320 0.0021
vn -0.5912 0.7880 -0.1717
vn -0.6167 0.7872 0.0022
vn -0.4847 0.8747 0.0021
vn -0.4625 0.8766 -0.1329
vn -0.4044 0.8765 -0.2613
vn -0.5187 0.7878 -0.3322
vn -0.3198 0.8744 -0.3650
vn -0.4053 0.7875 -0.4643
vn -0.2039 0.8741 -0.4409
vn -0.2600 0.7855 -0.5617
vn -0.0717 0.8745 -0.4797
vn -0.0867 0.7867 -0.6112
vn 0.0642 0.8751 -0.4797
vn 0.0867 0.7867 -0.6112
vn 0.2003 0.8749 -0.4409
vn 0.2528 0.7878 -0.5617
vn 0.3163 0.8757 -0.3649
vn 0.4054 0.7852 -0.4681
vn 0.4078 0.8749 -0.2613
vn 0.5155 0.7899 -0.3322
vn 0.4645 0.8749 -0.1372
vn 0.5898 0.7881 -0.1760
vn 0.4847 0.8747 -0.0022
vn 0.6167 0.7872 -0.0022
vn 0.4658 0.8748 0.1329
vn 0.5912 0.7880 0.1717
vn 0.4090 0.8743 0.2613
vn 0.5219 0.7857 0.3322
vn 0.3163 0.8757 0.3649
vn 0.4031 0.7886 0.4643
vn 0.2003 0.8749 0.4409
vn 0.2542 0.7873 0.5617
vn 0.0735 0.8744 0.4797
vn 0.0885 0.7865 0.6112
vn -0.0697 0.8747 0.4797
vn -0.0847 0.7869 0.6112
vn -0.1966 0.8758 0.4409
vn -0.2578 0.7862 0.5617
vn -0.3127 0.8769 0.3650
vn -0.3998 0.7880 0.4681
vn -0.4091 0.8743 0.2612
vn -0.5187 0.7878 0.3322
vn -0.4623 0.8761 0.1372
vn -0.5929 0.7858 0.1760
vn -0.4846 0.8747 0.0062
vn -0.5173 0.8558 -0.0022
vn -0.9591 0.2831 -0.0021
vn -0.4968 0.8556 0.1458
vn -0.9206 0.2826 0.2697
vn -0.9204 -0.2825 0.2704
vn -0.9591 -0.2831 0.0022
vn -0.3191 -0.9477 0.0022
vn -0.3028 -0.9489 0.0893
vn -0.9088 0.3184 0.2697
vn -0.9477 0.3191 0.0023
vn -0.8066 -0.2849 0.5180
vn -0.2681 -0.9479 0.1721
vn -0.7960 0.3200 0.5138
vn -0.6179 0.3191 0.7187
vn -0.3878 0.3226 0.8635
vn -0.2097 -0.9478 0.2401
vn -0.1335 -0.9475 0.2907
vn -0.1282 0.3221 0.9380
vn -0.0415 -0.9480 0.3157
vn 0.1407 0.3212 0.9365
vn 0.3991 0.3207 0.8590
vn 0.0490 -0.9476 0.3157
vn 0.1344 -0.2879 0.9482
vn 0.1316 -0.9490 0.2865
vn 0.3971 -0.2827 0.8732
vn 0.6273 -0.2854 0.7246
vn 0.3972 0.2828 0.8731
vn 0.1344 0.2880 0.9482
vn -0.1345 0.2880 0.9481
vn 0.0738 0.8547 0.5138
vn 0.2130 0.8555 0.4720
vn 0.3352 0.8561 0.3933
vn 0.6273 0.2854 0.7246
vn 0.4343 0.8554 0.2823
vn 0.8056 0.2884 0.5175
vn 0.4968 0.8555 0.1459
vn 0.9206 0.2826 0.2697
vn 0.5173 0.8558 0.0022
vn 0.9591 0.2832 0.0022
vn 0.4957 0.8562 -0.1458
vn 0.9205 0.2829 -0.2697
vn 0.4348 0.8565 -0.2781
vn 0.8055 0.2888 -0.5175
vn 0.3428 0.8550 -0.3892
vn 0.6270 0.2859 -0.7246
vn 0.2188 0.8540 -0.4720
vn 0.3989 0.2834 -0.8721
vn 0.0718 0.8549 -0.5138
vn 0.1388 0.2859 -0.9482
vn -0.0717 0.8549 -0.5138
vn -0.1388 0.2859 -0.9482
vn -0.2155 0.8547 -0.4722
vn -0.3967 0.2864 -0.8721
vn -0.3374 0.8553 -0.3932
vn -0.6286 0.2825 -0.7246
vn -0.4332 0.8560 -0.2823
vn -0.8055 0.2888 -0.5175
vn -0.4990 0.8542 -0.1459
vn -0.9193 0.2865 -0.2697
vn -0.9591 0.2831 -0.0022
vn -0.9192 -0.2865 -0.2700
vn -0.3028 -0.9489 -0.0895
vn -0.3190 -0.9477 0.0022
vn -0.9477 0.3191 -0.0000
vn -0.9099 0.3223 -0.2612
vn -0.7981 0.3208 -0.5100
vn -0.2683 -0.9479 -0.1717
vn -0.2097 -0.9478 -0.2401
vn -0.6225 0.3238 -0.7125
vn -0.1336 -0.9487 -0.2865
vn -0.3986 0.3214 -0.8590
vn -0.3966 -0.2864 -0.8722
vn -0.6279 -0.2825 -0.7253
vn -0.0434 -0.9479 -0.3156
vn 0.0472 -0.9477 -0.3156
vn -0.1388 -0.2859 -0.9482
vn -0.1416 0.3208 -0.9365
vn 0.1326 0.3203 -0.9380
vn 0.3890 0.3211 -0.8634
vn 0.1280 -0.9482 -0.2907
vn 0.2097 -0.9478 -0.2401
vn 0.3971 -0.2834 -0.8729
vn 0.1373 -0.2859 -0.9484
vn 0.6270 -0.2859 -0.7246
vn 0.8056 -0.2888 -0.5174
vn 0.2683 -0.9479 -0.1717
vn 0.3063 -0.9477 -0.0894
vn 0.7944 0.3240 -0.5138
vn 0.6173 0.3201 -0.7186
vn 0.9087 0.3186 -0.2698
vn 0.9477 0.3191 -0.0023
vn 0.3191 -0.9477 -0.0022
vn 0.3064 -0.9477 0.0895
vn 0.9113 0.3184 0.2612
vn 0.2682 -0.9479 0.1720
vn 0.9203 -0.2826 0.2704
vn 0.9591 -0.2832 -0.0022
vn 0.8057 -0.2884 0.5174
vn 0.2097 -0.9478 0.2401
vn 0.7968 0.3240 0.5101
vn 0.6248 0.3195 0.7125
vn 0.9203 -0.2829 -0.2704
vn -0.8056 -0.2888 -0.5173
vn -0.0771 0.8544 0.5138
vn -0.2129 0.8555 0.4720
vn -0.3993 0.2828 0.8721
vn -0.6273 0.2854 0.7246
vn -0.3972 -0.2828 0.8731
vn -0.1345 -0.2880 0.9481
vn -0.6273 -0.2855 0.7246
vn -0.8066 0.2849 0.5179
vn -0.4360 0.8559 0.2781
vn -0.3407 0.8558 0.3892
vn -0.9477 0.3191 0.0022
vn -0.9099 0.3223 -0.2613
vn -0.8055 0.5927 0.0021
vn -0.7732 0.5935 -0.2231
vn -0.7980 0.3209 -0.5101
vn -0.6774 0.5946 -0.4331
vn -0.5313 0.5902 -0.6078
vn -0.3985 0.3214 -0.8590
vn -0.1416 0.3209 -0.9365
vn -0.3392 0.5925 -0.7307
vn -0.1182 0.5908 -0.7981
vn 0.1327 0.3203 -0.9380
vn 0.1145 0.5915 -0.7981
vn 0.3891 0.3211 -0.8634
vn 0.3343 0.5917 -0.7336
vn 0.6174 0.3202 -0.7186
vn 0.5281 0.5896 -0.6111
vn 0.9087 0.3187 -0.2697
vn 0.6748 0.5947 -0.4370
vn 0.7730 0.5906 -0.2316
vn 0.9477 0.3191 -0.0022
vn 0.8055 0.5926 -0.0022
vn 0.9112 0.3184 0.2613
vn 0.7968 0.3240 0.5100
vn 0.7760 0.5899 0.2231
vn 0.6780 0.5940 0.4331
vn 0.6247 0.3195 0.7125
vn 0.5273 0.5938 0.6078
vn 0.3990 0.3207 0.8590
vn 0.3402 0.5919 0.7307
vn 0.1406 0.3213 0.9365
vn 0.1161 0.5912 0.7981
vn -0.1283 0.3221 0.9380
vn -0.3877 0.3227 0.8634
vn -0.1088 0.5926 0.7981
vn -0.3351 0.5912 0.7336
vn -0.6179 0.3192 0.7186
vn -0.5261 0.5914 0.6112
vn -0.7960 0.3201 0.5138
vn -0.6779 0.5912 0.4370
vn -0.7735 0.5900 0.2316
vn -0.8055 0.5927 0.0023
vn -0.4846 0.8747 0.0022
vn -0.4622 0.8761 0.1372
vn -0.4091 0.8743 0.2613
vn -0.3127 0.8769 0.3649
vn 0.0734 0.8744 0.4797
vn 0.2002 0.8749 0.4409
vn 0.3163 0.8757 0.3650
vn 0.4091 0.8743 0.2613
vn 0.4659 0.8748 0.1329
vn 0.4846 0.8747 -0.0022
vn 0.4644 0.8749 -0.1372
vn 0.4079 0.8749 -0.2613
vn 0.3163 0.8757 -0.3650
vn 0.0641 0.8751 -0.4797
vn -0.0716 0.8745 -0.4797
vt 0.176033 0.620825
vt 0.169952 0.620526
vt 0.148278 0.657570
vt 0.144076 0.657630
vt 0.150268 0.666846
vt 0.131027 0.668103
vt 0.134013 0.686356
vt 0.113224 0.686416
vt 0.111897 0.703232
vt 0.092103 0.701377
vt 0.108690 0.710713
vt 0.091882 0.707242
vt 0.096748 0.743269
vt 0.088012 0.740755
vt 0.120191 0.748116
vt 0.126272 0.713466
vt 0.131138 0.704728
vt 0.154581 0.686356
vt 0.156350 0.668522
vt 0.222256 0.647875
vt 0.144629 0.751288
vt 0.144076 0.715201
vt 0.150268 0.706045
vt 0.156350 0.704309
vt 0.160110 0.686356
vt 0.235747 0.710234
vt 0.242381 0.686356
vt 0.169841 0.752306
vt 0.148278 0.715261
vt 0.222366 0.724836
vt 0.235747 0.662477
vt 0.086132 0.705447
vt 0.084252 0.699462
vt 0.091219 0.686476
vt 0.083920 0.686416
vt 0.084363 0.673310
vt 0.013591 0.669958
vt 0.020226 0.662059
vt 0.009058 0.686296
vt 0.013370 0.702634
vt 0.019894 0.710533
vt 0.086242 0.667325
vt 0.092214 0.671335
vt 0.091993 0.665530
vt 0.108690 0.662059
vt 0.096858 0.629503
vt 0.120301 0.624655
vt 0.111897 0.669599
vt 0.126383 0.659366
vt 0.144739 0.621543
vt 0.088012 0.632016
vt 0.175923 0.752066
vt 0.678288 0.763317
vt 0.627974 0.776543
vt 0.681273 0.767566
vt 0.633282 0.780194
vt 0.591593 0.794257
vt 0.597343 0.797728
vt 0.593141 0.799464
vt 0.587391 0.795993
vt 0.576112 0.805389
vt 0.570472 0.801917
vt 0.551674 0.811134
vt 0.535861 0.821906
vt 0.558309 0.814126
vt 0.543380 0.824360
vt 0.523476 0.834055
vt 0.531659 0.835910
vt 0.516067 0.845425
vt 0.524692 0.846682
vt 0.523144 0.849255
vt 0.514519 0.848058
vt 0.516067 0.863139
vt 0.507221 0.862421
vt 0.504456 0.879178
vt 0.513413 0.879178
vt 0.507221 0.895995
vt 0.516067 0.895276
vt 0.514519 0.910358
vt 0.516067 0.912991
vt 0.523144 0.909101
vt 0.524692 0.911734
vt 0.531659 0.922506
vt 0.523476 0.924302
vt 0.543380 0.933997
vt 0.535861 0.936450
vt 0.558309 0.944230
vt 0.551674 0.947282
vt 0.576112 0.953027
vt 0.570472 0.956498
vt 0.587391 0.962363
vt 0.593141 0.958952
vt 0.591593 0.964099
vt 0.597343 0.960688
vt 0.633282 0.978222
vt 0.627974 0.981873
vt 0.678288 0.995099
vt 0.681273 0.990850
vt 0.374303 0.615020
vt 0.367669 0.612746
vt 0.313263 0.659366
vt 0.305523 0.656732
vt 0.297893 0.653979
vt 0.361144 0.610412
vt 0.354620 0.608018
vt 0.290373 0.651227
vt 0.282964 0.648354
vt 0.348317 0.605624
vt 0.341903 0.603171
vt 0.275445 0.645481
vt 0.268147 0.642549
vt 0.335600 0.600657
vt 0.329408 0.598144
vt 0.260848 0.639616
vt 0.253661 0.636624
vt 0.323215 0.595510
vt 0.317134 0.592937
vt 0.246583 0.633572
vt 0.239506 0.630460
vt 0.311052 0.590244
vt 0.305080 0.587611
vt 0.232540 0.627348
vt 0.225684 0.624117
vt 0.299220 0.584858
vt 0.293359 0.582105
vt 0.218828 0.620945
vt 0.212193 0.617653
vt 0.287609 0.579292
vt 0.281859 0.576480
vt 0.205448 0.614362
vt 0.198924 0.611010
vt 0.276330 0.573547
vt 0.270690 0.570674
vt 0.192399 0.607599
vt 0.186096 0.604188
vt 0.265272 0.567742
vt 0.259853 0.564750
vt 0.179683 0.600717
vt 0.173490 0.597186
vt 0.254545 0.561757
vt 0.274007 0.553858
vt 0.267483 0.565947
vt 0.275334 0.566844
vt 0.282964 0.565528
vt 0.290373 0.563972
vt 0.294907 0.560680
vt 0.299109 0.557209
vt 0.298998 0.553200
vt 0.298224 0.549190
vt 0.293359 0.545958
vt 0.288051 0.542966
vt 0.280421 0.541769
vt 0.272570 0.540871
vt 0.264940 0.542188
vt 0.257642 0.543744
vt 0.252997 0.547035
vt 0.248795 0.550507
vt 0.248906 0.554516
vt 0.249680 0.558526
vt 0.837634 0.989713
vt 0.794397 0.977564
vt 0.834427 0.993962
vt 0.788868 0.981155
vt 0.768521 0.970622
vt 0.774382 0.967151
vt 0.770180 0.965475
vt 0.764319 0.968886
vt 0.768410 0.964877
vt 0.762771 0.968408
vt 0.749501 0.956498
vt 0.742867 0.959551
vt 0.733357 0.946803
vt 0.720308 0.935852
vt 0.725837 0.949257
vt 0.712125 0.937707
vt 0.717875 0.932859
vt 0.709250 0.934116
vt 0.716106 0.930286
vt 0.707481 0.931543
vt 0.712899 0.923464
vt 0.710024 0.906288
vt 0.704053 0.924242
vt 0.701067 0.906288
vt 0.712899 0.889053
vt 0.704053 0.888334
vt 0.707481 0.881033
vt 0.716106 0.882290
vt 0.709250 0.878460
vt 0.717875 0.879717
vt 0.712125 0.874869
vt 0.720308 0.876724
vt 0.725837 0.863319
vt 0.733357 0.865773
vt 0.742867 0.853026
vt 0.749501 0.856018
vt 0.762771 0.844168
vt 0.768410 0.847699
vt 0.764319 0.843690
vt 0.770180 0.847101
vt 0.768521 0.841954
vt 0.774382 0.845425
vt 0.794397 0.835012
vt 0.788868 0.831421
vt 0.837634 0.822804
vt 0.834427 0.818614
vt 0.385251 0.602333
vt 0.395977 0.602333
vt 0.385251 0.504904
vt 0.395977 0.504904
vt 0.406703 0.602333
vt 0.417319 0.602333
vt 0.406703 0.504904
vt 0.417319 0.504904
vt 0.428045 0.602333
vt 0.428045 0.504904
vt 0.438661 0.602333
vt 0.438661 0.504904
vt 0.449387 0.602333
vt 0.460113 0.602333
vt 0.449387 0.504904
vt 0.460003 0.504904
vt 0.470729 0.602333
vt 0.470729 0.504904
vt 0.481455 0.602333
vt 0.481455 0.504904
vt 0.492071 0.602333
vt 0.502797 0.602333
vt 0.492071 0.504904
vt 0.502797 0.504904
vt 0.513413 0.602333
vt 0.513413 0.504904
vt 0.524139 0.602333
vt 0.524139 0.504904
vt 0.534866 0.602333
vt 0.545481 0.602333
vt 0.534866 0.504904
vt 0.545481 0.504904
vt 0.556208 0.602333
vt 0.556208 0.504904
vt 0.566823 0.602333
vt 0.566823 0.504904
vt 0.577549 0.602333
vt 0.588276 0.602333
vt 0.577549 0.504904
vt 0.588276 0.504904
vt 0.598891 0.602333
vt 0.598891 0.504904
vt 0.798931 0.809817
vt 0.804349 0.809937
vt 0.797714 0.803055
vt 0.802911 0.802815
vt 0.853004 0.800062
vt 0.854774 0.807124
vt 0.859971 0.806406
vt 0.858201 0.799703
vt 0.851346 0.793001
vt 0.856653 0.792701
vt 0.849797 0.785939
vt 0.855105 0.785699
vt 0.848249 0.778877
vt 0.853557 0.778638
vt 0.846701 0.771875
vt 0.852009 0.771576
vt 0.850350 0.764514
vt 0.845153 0.764813
vt 0.796608 0.774628
vt 0.795060 0.767566
vt 0.843605 0.757752
vt 0.793512 0.760504
vt 0.842057 0.750690
vt 0.848802 0.757452
vt 0.847254 0.750391
vt 0.845706 0.743329
vt 0.840509 0.743628
vt 0.838850 0.736566
vt 0.844158 0.736267
vt 0.837302 0.729504
vt 0.842499 0.729265
vt 0.835754 0.722503
vt 0.840951 0.722203
vt 0.834206 0.715441
vt 0.839403 0.715142
vt 0.837855 0.708080
vt 0.832658 0.708379
vt 0.784113 0.718194
vt 0.782565 0.711132
vt 0.830999 0.701317
vt 0.781017 0.704070
vt 0.829451 0.694255
vt 0.836307 0.701018
vt 0.834648 0.693956
vt 0.833100 0.686954
vt 0.827903 0.687194
vt 0.826244 0.680192
vt 0.831552 0.679893
vt 0.824696 0.673130
vt 0.829782 0.672891
vt 0.823590 0.665949
vt 0.829119 0.666188
vt 0.837412 0.672232
vt 0.833874 0.679294
vt 0.841946 0.684680
vt 0.847365 0.681927
vt 0.841836 0.677199
vt 0.852783 0.688630
vt 0.856875 0.684620
vt 0.865721 0.690665
vt 0.866937 0.686775
vt 0.867711 0.684142
vt 0.859197 0.682226
vt 0.851124 0.680012
vt 0.846480 0.676003
vt 0.842499 0.671813
vt 0.838186 0.666786
vt 0.843494 0.667205
vt 0.845264 0.662657
vt 0.847696 0.657331
vt 0.840509 0.661460
vt 0.851456 0.659186
vt 0.841283 0.654159
vt 0.833432 0.659725
vt 0.852230 0.650209
vt 0.855769 0.653680
vt 0.864947 0.648055
vt 0.878548 0.647995
vt 0.877332 0.651885
vt 0.866495 0.652483
vt 0.876558 0.654518
vt 0.867380 0.655057
vt 0.858201 0.656014
vt 0.887395 0.654039
vt 0.884962 0.656433
vt 0.893145 0.658647
vt 0.902434 0.661460
vt 0.896794 0.656732
vt 0.897789 0.662657
vt 0.910395 0.659366
vt 0.902323 0.653979
vt 0.891375 0.650030
vt 0.914597 0.665769
vt 0.906857 0.666427
vt 0.914818 0.672532
vt 0.905861 0.671873
vt 0.910727 0.678995
vt 0.903650 0.677199
vt 0.902876 0.684501
vt 0.892039 0.688450
vt 0.888390 0.684979
vt 0.896462 0.681329
vt 0.885957 0.682645
vt 0.892702 0.679474
vt 0.898895 0.676062
vt 0.900664 0.671454
vt 0.901659 0.666846
vt 0.877774 0.686176
vt 0.876890 0.683603
vt 0.879212 0.690665
vt 0.774824 0.675883
vt 0.772723 0.668821
vt 0.767415 0.669659
vt 0.769627 0.676242
vt 0.761886 0.676362
vt 0.759896 0.671095
vt 0.760670 0.663974
vt 0.754588 0.666427
vt 0.750939 0.659545
vt 0.746626 0.662837
vt 0.738996 0.656852
vt 0.725837 0.656134
vt 0.736895 0.660682
vt 0.726280 0.660084
vt 0.713010 0.657510
vt 0.715774 0.661161
vt 0.701620 0.660742
vt 0.706486 0.663854
vt 0.692774 0.665589
vt 0.687355 0.671634
vt 0.699298 0.667804
vt 0.694985 0.672651
vt 0.685918 0.678157
vt 0.693769 0.677977
vt 0.688572 0.684560
vt 0.695981 0.683184
vt 0.695096 0.690306
vt 0.704827 0.694674
vt 0.701288 0.687792
vt 0.709140 0.691383
vt 0.716770 0.697427
vt 0.718871 0.693597
vt 0.729818 0.698145
vt 0.742645 0.696769
vt 0.729486 0.694196
vt 0.739881 0.693118
vt 0.754146 0.693537
vt 0.749170 0.690485
vt 0.762882 0.688690
vt 0.756357 0.686535
vt 0.768300 0.682705
vt 0.760781 0.681628
vt 0.771064 0.683244
vt 0.776372 0.682945
vt 0.777810 0.690006
vt 0.772613 0.690246
vt 0.779358 0.697068
vt 0.774161 0.697308
vt 0.775709 0.704369
vt 0.777257 0.711431
vt 0.778916 0.718493
vt 0.785661 0.725255
vt 0.780464 0.725555
vt 0.787209 0.732317
vt 0.788757 0.739379
vt 0.782012 0.732616
vt 0.783560 0.739678
vt 0.785108 0.746680
vt 0.790416 0.746441
vt 0.791964 0.753443
vt 0.786767 0.753742
vt 0.788315 0.760804
vt 0.789863 0.767865
vt 0.791411 0.774927
vt 0.798267 0.781690
vt 0.792959 0.781989
vt 0.799815 0.788751
vt 0.801363 0.795753
vt 0.794618 0.788991
vt 0.796166 0.796053
vt 0.247247 0.828489
vt 0.280642 0.822804
vt 0.247910 0.820769
vt 0.213741 0.822744
vt 0.277325 0.830583
vt 0.295239 0.826095
vt 0.303975 0.837166
vt 0.318018 0.827352
vt 0.300989 0.822265
vt 0.312379 0.811672
vt 0.331398 0.817537
vt 0.325538 0.801977
vt 0.344557 0.840638
vt 0.363467 0.833576
vt 0.345000 0.807962
vt 0.361587 0.857514
vt 0.325316 0.847759
vt 0.338918 0.861224
vt 0.384034 0.853804
vt 0.343562 0.876246
vt 0.367447 0.876246
vt 0.391001 0.876246
vt 0.406372 0.850093
vt 0.382376 0.826514
vt 0.401174 0.819512
vt 0.357827 0.798207
vt 0.372202 0.788452
vt 0.338254 0.788811
vt 0.335158 0.791205
vt 0.310830 0.772892
vt 0.302205 0.780373
vt 0.246805 0.768584
vt 0.246915 0.777141
vt 0.191515 0.781570
vt 0.183442 0.773611
vt 0.156682 0.788333
vt 0.122623 0.787914
vt 0.136446 0.797549
vt 0.160110 0.790487
vt 0.147836 0.807304
vt 0.167519 0.801678
vt 0.160552 0.817178
vt 0.178466 0.811912
vt 0.174817 0.826753
vt 0.129148 0.832977
vt 0.110570 0.825796
vt 0.092103 0.818614
vt 0.064016 0.845305
vt 0.086242 0.849195
vt 0.108469 0.853085
vt 0.077507 0.875228
vt 0.053953 0.875049
vt 0.101060 0.875408
vt 0.085358 0.901321
vt 0.062799 0.904792
vt 0.107806 0.897850
vt 0.108911 0.924960
vt 0.089670 0.931722
vt 0.131912 0.953207
vt 0.117647 0.962722
vt 0.070208 0.938605
vt 0.040020 0.908323
vt 0.060256 0.942076
vt 0.110349 0.967630
vt 0.028409 0.910118
vt 0.019894 0.911435
vt 0.052958 0.944709
vt 0.009058 0.874690
vt 0.018015 0.874690
vt 0.021553 0.838004
vt 0.030178 0.874809
vt 0.041568 0.841416
vt 0.030068 0.839441
vt 0.073305 0.811373
vt 0.063684 0.807723
vt 0.056496 0.805029
vt 0.110570 0.779296
vt 0.176808 0.763497
vt 0.115657 0.782946
vt 0.179572 0.767806
vt 0.246694 0.762419
vt 0.246694 0.757931
vt 0.317686 0.762958
vt 0.314922 0.767207
vt 0.384477 0.779954
vt 0.379280 0.783545
vt 0.430257 0.808979
vt 0.437445 0.806286
vt 0.420415 0.812510
vt 0.451378 0.842792
vt 0.428709 0.846443
vt 0.461883 0.876305
vt 0.462878 0.840937
vt 0.438108 0.876246
vt 0.428488 0.906049
vt 0.406150 0.902338
vt 0.414555 0.876246
vt 0.383813 0.898628
vt 0.363024 0.918856
vt 0.344004 0.911854
vt 0.361366 0.894977
vt 0.324764 0.904852
vt 0.338697 0.891267
vt 0.305301 0.897730
vt 0.315807 0.887556
vt 0.285729 0.890609
vt 0.319566 0.876305
vt 0.292695 0.883846
vt 0.295239 0.876305
vt 0.269474 0.880076
vt 0.265935 0.883487
vt 0.270690 0.876305
vt 0.246031 0.876305
vt 0.253771 0.864695
vt 0.246141 0.864097
vt 0.238511 0.864695
vt 0.231655 0.866371
vt 0.226126 0.869064
vt 0.222698 0.872415
vt 0.221482 0.876186
vt 0.222588 0.879956
vt 0.226126 0.883367
vt 0.231545 0.886120
vt 0.238401 0.887856
vt 0.246031 0.888454
vt 0.253661 0.887915
vt 0.260517 0.886180
vt 0.269474 0.872535
vt 0.266046 0.869124
vt 0.260627 0.866431
vt 0.246252 0.852008
vt 0.261512 0.853265
vt 0.246583 0.840099
vt 0.269363 0.841894
vt 0.275113 0.856676
vt 0.285950 0.862002
vt 0.289710 0.846921
vt 0.305744 0.854881
vt 0.316028 0.864995
vt 0.292806 0.868765
vt 0.216174 0.830344
vt 0.223583 0.841655
vt 0.188861 0.836508
vt 0.230992 0.853145
vt 0.203015 0.846502
vt 0.217280 0.856437
vt 0.167408 0.847221
vt 0.186760 0.854522
vt 0.153475 0.860746
vt 0.130917 0.856915
vt 0.148167 0.840099
vt 0.124724 0.875587
vt 0.148610 0.875767
vt 0.130474 0.894379
vt 0.153143 0.890848
vt 0.147504 0.911315
vt 0.128152 0.918137
vt 0.160110 0.934356
vt 0.145956 0.943751
vt 0.192842 0.955900
vt 0.185322 0.967091
vt 0.244704 0.971998
vt 0.244372 0.983908
vt 0.177582 0.978342
vt 0.244261 0.990012
vt 0.173711 0.984087
vt 0.170947 0.988336
vt 0.105041 0.971220
vt 0.244261 0.994440
vt 0.314922 0.984686
vt 0.317686 0.988935
vt 0.311383 0.978881
vt 0.378948 0.968647
vt 0.384145 0.972298
vt 0.429815 0.943512
vt 0.371871 0.963680
vt 0.437002 0.946145
vt 0.420084 0.939921
vt 0.462546 0.911674
vt 0.471061 0.913110
vt 0.451046 0.909759
vt 0.474047 0.876365
vt 0.483004 0.876365
vt 0.471393 0.839500
vt 0.400843 0.932800
vt 0.381933 0.925798
vt 0.344336 0.944410
vt 0.358048 0.953985
vt 0.297229 0.956259
vt 0.290152 0.945068
vt 0.330735 0.934834
vt 0.282964 0.933757
vt 0.316912 0.925259
vt 0.275777 0.922446
vt 0.303090 0.915564
vt 0.268478 0.911016
vt 0.289046 0.905809
vt 0.261069 0.899466
vt 0.274781 0.896054
vt 0.245920 0.900663
vt 0.230771 0.899406
vt 0.245809 0.912751
vt 0.223141 0.910896
vt 0.245588 0.924780
vt 0.215511 0.922267
vt 0.245478 0.936630
vt 0.207881 0.933578
vt 0.245257 0.948479
vt 0.200361 0.944769
vt 0.244925 0.960209
vt 0.304196 0.967510
vt 0.174154 0.924840
vt 0.166855 0.904433
vt 0.188418 0.915265
vt 0.186539 0.897491
vt 0.202683 0.905630
vt 0.206222 0.890489
vt 0.217059 0.895935
vt 0.199366 0.883607
vt 0.196933 0.876066
vt 0.176144 0.887257
vt 0.172605 0.875946
vt 0.199366 0.868526
vt 0.176365 0.864636
vt 0.206332 0.861763
vt 0.197928 0.825377
vt 0.192510 0.821128
vt 0.692110 0.580609
vt 0.706154 0.573008
vt 0.684259 0.566186
vt 0.709803 0.580130
vt 0.694322 0.597844
vt 0.712236 0.597904
vt 0.709693 0.615618
vt 0.706265 0.622740
vt 0.692110 0.615080
vt 0.684038 0.629323
vt 0.708808 0.625194
vt 0.686139 0.631777
vt 0.707370 0.637223
vt 0.715332 0.627288
vt 0.739770 0.632854
vt 0.733357 0.643028
vt 0.765535 0.636445
vt 0.785661 0.649072
vt 0.760117 0.646858
vt 0.792075 0.638120
vt 0.793844 0.638420
vt 0.803464 0.652124
vt 0.807998 0.650927
vt 0.798820 0.637283
vt 0.826354 0.627288
vt 0.835090 0.598144
vt 0.810984 0.623997
vt 0.817950 0.598144
vt 0.810984 0.572290
vt 0.826244 0.568939
vt 0.798709 0.558945
vt 0.793844 0.557568
vt 0.807888 0.545240
vt 0.803354 0.543983
vt 0.785440 0.547035
vt 0.766199 0.560202
vt 0.792185 0.557808
vt 0.760228 0.549848
vt 0.734684 0.554157
vt 0.708697 0.558765
vt 0.741097 0.564570
vt 0.715443 0.568819
vt 0.708587 0.570615
vt 0.686581 0.563673
vt 0.639474 0.700838
vt 0.657388 0.675763
vt 0.633614 0.679354
vt 0.664244 0.701078
vt 0.631734 0.722203
vt 0.663360 0.727709
vt 0.672980 0.701198
vt 0.655066 0.726273
vt 0.630849 0.748775
vt 0.637816 0.751468
vt 0.611166 0.741294
vt 0.598891 0.770080
vt 0.550347 0.781750
vt 0.593915 0.766489
vt 0.547803 0.777560
vt 0.540726 0.765711
vt 0.579761 0.756255
vt 0.497711 0.768584
vt 0.455027 0.764753
vt 0.497158 0.781031
vt 0.446733 0.776423
vt 0.443858 0.780553
vt 0.496937 0.785400
vt 0.396419 0.767806
vt 0.401727 0.764335
vt 0.359154 0.748296
vt 0.335822 0.724058
vt 0.366342 0.745842
vt 0.344226 0.722802
vt 0.328523 0.697367
vt 0.337259 0.697427
vt 0.362140 0.697726
vt 0.368000 0.719211
vt 0.386799 0.738780
vt 0.416766 0.754460
vt 0.369880 0.676362
vt 0.390448 0.657271
vt 0.346437 0.672292
vt 0.370654 0.649730
vt 0.363688 0.647097
vt 0.338144 0.670856
vt 0.402722 0.628485
vt 0.407699 0.632076
vt 0.451267 0.616756
vt 0.504677 0.613165
vt 0.453810 0.620945
vt 0.504456 0.617534
vt 0.557645 0.617952
vt 0.554770 0.622082
vt 0.605084 0.630759
vt 0.599887 0.634230
vt 0.642349 0.650209
vt 0.635162 0.652723
vt 0.614815 0.659784
vt 0.584848 0.644105
vt 0.546587 0.633811
vt 0.503903 0.629922
vt 0.460888 0.632854
vt 0.421853 0.642250
vt 0.665792 0.674506
vt 0.273045 0.493902
vt 0.325133 0.483489
vt 0.262767 0.480975
vt 0.313687 0.470921
vt 0.376170 0.470442
vt 0.362155 0.458473
vt 0.424171 0.454583
vt 0.468317 0.436031
vt 0.407587 0.443452
vt 0.449281 0.425917
vt 0.507909 0.415025
vt 0.542479 0.391925
vt 0.486653 0.406109
vt 0.519238 0.384265
vt 0.571326 0.366910
vt 0.594217 0.340398
vt 0.546567 0.360686
vt 0.568173 0.335670
vt 0.610801 0.312750
vt 0.620845 0.284323
vt 0.583823 0.309518
vt 0.593283 0.282707
vt 0.624232 0.255477
vt 0.620845 0.226692
vt 0.596553 0.255477
vt 0.593283 0.228248
vt 0.610918 0.198265
vt 0.594334 0.170557
vt 0.583823 0.201437
vt 0.568173 0.175344
vt 0.571443 0.144105
vt 0.542479 0.119089
vt 0.546567 0.150329
vt 0.519355 0.126690
vt 0.508026 0.095929
vt 0.468317 0.074983
vt 0.486653 0.104846
vt 0.449281 0.085037
vt 0.424054 0.056431
vt 0.375937 0.040572
vt 0.407470 0.067563
vt 0.362039 0.052541
vt 0.324899 0.027586
vt 0.272461 0.017232
vt 0.313454 0.040213
vt 0.262300 0.030339
vt 0.303760 0.050985
vt 0.254475 0.041709
vt 0.251555 0.048891
vt 0.298038 0.057628
vt 0.342768 0.069059
vt 0.350009 0.062775
vt 0.384696 0.082883
vt 0.393338 0.077078
vt 0.423120 0.098981
vt 0.433047 0.093655
vt 0.457456 0.117174
vt 0.468551 0.112506
vt 0.487354 0.137223
vt 0.499500 0.133213
vt 0.512464 0.158887
vt 0.525428 0.155655
vt 0.532318 0.181867
vt 0.545983 0.179354
vt 0.546684 0.205865
vt 0.560815 0.204190
vt 0.555326 0.230522
vt 0.569808 0.229624
vt 0.558246 0.255477
vt 0.572844 0.255477
vt 0.555326 0.280493
vt 0.569808 0.281331
vt 0.546684 0.305149
vt 0.560815 0.306765
vt 0.532318 0.329087
vt 0.545983 0.331601
vt 0.512464 0.352068
vt 0.525428 0.355360
vt 0.487354 0.373732
vt 0.499500 0.377742
vt 0.457456 0.393840
vt 0.468551 0.398508
vt 0.423003 0.412033
vt 0.433047 0.417300
vt 0.384579 0.428132
vt 0.393338 0.433937
vt 0.342768 0.442016
vt 0.350126 0.448240
vt 0.298038 0.453566
vt 0.303877 0.460209
vt 0.251555 0.462483
vt 0.254709 0.469724
vt 0.180897 0.495099
vt 0.190124 0.492525
vt 0.154036 0.476068
vt 0.162678 0.473195
vt 0.187788 0.464697
vt 0.215467 0.483489
vt 0.223292 0.479838
vt 0.196314 0.461705
vt 0.202270 0.459551
vt 0.228548 0.477145
vt 0.162561 0.445427
vt 0.171554 0.442674
vt 0.177861 0.440759
vt 0.155437 0.421369
vt 0.135349 0.401381
vt 0.148897 0.423105
vt 0.128692 0.402937
vt 0.117831 0.380854
vt 0.110940 0.382170
vt 0.102882 0.359788
vt 0.090502 0.338363
vt 0.095757 0.360925
vt 0.085830 0.362541
vt 0.083261 0.339261
vt 0.073100 0.340578
vt 0.063290 0.318255
vt 0.043669 0.344288
vt 0.056749 0.367209
vt 0.072750 0.389651
vt 0.046822 0.368825
vt 0.033508 0.345605
vt 0.022997 0.322026
vt 0.033275 0.321068
vt 0.015523 0.298147
vt 0.025917 0.297489
vt 0.011085 0.274089
vt 0.021479 0.273790
vt 0.009566 0.249972
vt 0.019961 0.249972
vt 0.011085 0.225854
vt 0.021479 0.226153
vt 0.015523 0.201796
vt 0.025917 0.202454
vt 0.023114 0.177918
vt 0.033275 0.178935
vt 0.033508 0.154338
vt 0.043669 0.155655
vt 0.046822 0.131178
vt 0.056749 0.132794
vt 0.063056 0.108437
vt 0.072750 0.110352
vt 0.082093 0.086234
vt 0.091553 0.088449
vt 0.103699 0.064690
vt 0.112925 0.067144
vt 0.127875 0.043864
vt 0.136751 0.046617
vt 0.154036 0.023875
vt 0.162795 0.026808
vt 0.180780 0.004904
vt 0.190124 0.007478
vt 0.215350 0.016395
vt 0.187671 0.035306
vt 0.196197 0.038298
vt 0.223175 0.020045
vt 0.228548 0.022738
vt 0.202270 0.040452
vt 0.177861 0.059244
vt 0.171554 0.057329
vt 0.148897 0.076898
vt 0.155437 0.078634
vt 0.128692 0.097066
vt 0.135349 0.098622
vt 0.119115 0.094852
vt 0.139670 0.074385
vt 0.110940 0.117773
vt 0.095757 0.139018
vt 0.101130 0.115858
vt 0.117831 0.119149
vt 0.102882 0.140155
vt 0.090502 0.161640
vt 0.083261 0.160742
vt 0.073567 0.182705
vt 0.073100 0.159425
vt 0.085830 0.137402
vt 0.063290 0.181748
vt 0.056165 0.204369
vt 0.066560 0.205028
vt 0.062355 0.227470
vt 0.073918 0.205447
vt 0.080808 0.183423
vt 0.069830 0.227709
vt 0.068428 0.249972
vt 0.060954 0.249972
vt 0.062355 0.272533
vt 0.069830 0.272294
vt 0.066560 0.294975
vt 0.051844 0.272833
vt 0.050443 0.249972
vt 0.056165 0.295634
vt 0.073567 0.317238
vt 0.073918 0.294497
vt 0.080808 0.316580
vt 0.051844 0.227111
vt 0.162561 0.054576
vt 0.063056 0.391566
vt 0.081976 0.413769
vt 0.091553 0.411554
vt 0.112809 0.432800
vt 0.119115 0.405151
vt 0.101130 0.384085
vt 0.139670 0.425618
vt 0.136634 0.453386
vt 0.127758 0.456139
vt 0.103699 0.435313
vt 0.646305 0.116935
vt 0.687182 0.123877
vt 0.652846 0.104547
vt 0.696759 0.112028
vt 0.726190 0.133213
vt 0.738569 0.122022
vt 0.762745 0.144823
vt 0.777694 0.134410
vt 0.796264 0.158468
vt 0.826396 0.174028
vt 0.813665 0.149012
vt 0.845900 0.165649
vt 0.852673 0.191263
vt 0.873929 0.184082
vt 0.874630 0.209935
vt 0.897521 0.204070
vt 0.892032 0.229744
vt 0.916090 0.225255
vt 0.904645 0.250450
vt 0.912353 0.271755
vt 0.929638 0.247398
vt 0.937813 0.270199
vt 0.914922 0.293360
vt 0.940499 0.293360
vt 0.912353 0.314964
vt 0.904645 0.336269
vt 0.937813 0.316460
vt 0.929638 0.339261
vt 0.892032 0.356975
vt 0.916090 0.361464
vt 0.874630 0.376784
vt 0.897521 0.382649
vt 0.852673 0.395456
vt 0.873929 0.402578
vt 0.826396 0.412692
vt 0.796264 0.428251
vt 0.845900 0.421010
vt 0.813665 0.437647
vt 0.762745 0.441896
vt 0.777694 0.452309
vt 0.726190 0.453506
vt 0.687182 0.462842
vt 0.738569 0.464697
vt 0.696876 0.474751
vt 0.646305 0.469784
vt 0.652846 0.482232
vt 0.659970 0.494560
vt 0.706569 0.486601
vt 0.751066 0.475948
vt 0.792760 0.462722
vt 0.831067 0.447103
vt 0.865287 0.429388
vt 0.895302 0.409759
vt 0.920295 0.388514
vt 0.940149 0.365892
vt 0.954514 0.342313
vt 0.963273 0.318016
vt 0.966193 0.293360
vt 0.963273 0.268703
vt 0.954514 0.244406
vt 0.940149 0.220827
vt 0.920295 0.198205
vt 0.895302 0.176960
vt 0.865403 0.157331
vt 0.831067 0.139557
vt 0.792760 0.123997
vt 0.751066 0.110771
vt 0.706569 0.100118
vt 0.659970 0.092159
s 1
usemtl object_1
f 1/1/1 2/2/2 3/3/3
f 2/2/2 4/4/4 3/3/3
f 3/3/3 4/4/4 5/5/5
f 4/4/4 6/6/6 5/5/5
f 5/5/5 6/6/6 7/7/7
f 6/6/6 8/8/8 7/7/7
f 7/7/7 8/8/8 9/9/9
f 8/8/8 10/10/10 9/9/9
f 9/9/9 10/10/10 11/11/11
f 10/10/10 12/12/12 11/11/11
f 11/11/11 12/12/12 13/13/13
f 12/12/12 14/14/14 13/13/13
f 13/13/13 15/15/15 11/11/11
f 15/15/15 16/16/16 11/11/11
f 11/11/11 16/16/16 9/9/9
f 9/9/9 17/17/17 7/7/7
f 16/16/16 17/17/17 9/9/9
f 7/7/7 18/18/18 5/5/5
f 17/17/17 18/18/18 7/7/7
f 5/5/5 19/19/19 3/3/3
f 18/18/18 19/19/19 5/5/5
f 19/19/19 20/20/20 3/3/3
f 15/15/15 21/21/21 16/16/16
f 16/16/16 22/22/22 17/17/17
f 21/21/21 22/22/22 16/16/16
f 17/17/17 23/23/23 18/18/18
f 22/22/22 23/23/23 17/17/17
f 23/23/23 24/24/24 18/18/18
f 18/18/18 24/24/24 25/25/25
f 19/19/19 18/18/18 25/25/25
f 24/24/24 26/26/26 25/25/25
f 25/25/25 26/26/26 27/27/27
f 21/21/21 28/28/28 22/22/22
f 22/22/22 29/29/29 23/23/23
f 29/29/29 24/24/24 23/23/23
f 28/28/28 29/29/29 22/22/22
f 29/29/29 30/30/30 24/24/24
f 30/30/30 26/26/26 24/24/24
f 19/19/19 25/25/25 31/31/31
f 31/31/31 25/25/25 27/27/27
f 20/20/20 19/19/19 31/31/31
f 12/12/12 10/10/10 32/32/32
f 14/14/14 12/12/12 32/32/32
f 32/32/32 10/10/10 33/33/33
f 10/10/10 34/34/34 33/33/33
f 10/10/10 8/8/8 34/34/34
f 33/33/33 34/34/34 35/35/35
f 34/34/34 36/36/36 35/35/35
f 35/35/35 36/36/36 37/37/37
f 36/36/36 38/38/38 37/37/37
f 37/37/37 39/39/39 35/35/35
f 35/35/35 40/40/40 33/33/33
f 39/39/39 40/40/40 35/35/35
f 40/40/40 41/41/41 33/33/33
f 33/33/33 41/41/41 32/32/32
f 38/38/38 36/36/36 42/42/42
f 36/36/36 34/34/34 43/43/43
f 36/36/36 43/43/43 42/42/42
f 42/42/42 43/43/43 44/44/44
f 43/43/43 45/45/45 44/44/44
f 44/44/44 45/45/45 46/46/46
f 45/45/45 47/47/47 46/46/46
f 34/34/34 48/48/48 43/43/43
f 43/43/43 48/48/48 45/45/45
f 8/8/8 6/6/6 48/48/48
f 34/34/34 8/8/8 48/48/48
f 48/48/48 6/6/6 49/49/49
f 45/45/45 49/49/49 47/47/47
f 48/48/48 49/49/49 45/45/45
f 6/6/6 4/4/4 49/49/49
f 4/4/4 2/2/2 50/50/50
f 49/49/49 4/4/4 50/50/50
f 49/49/49 50/50/50 47/47/47
f 44/44/44 46/46/46 51/51/51
f 42/42/42 44/44/44 51/51/51
f 52/52/52 29/29/29 28/28/28
f 53/53/53 55/54/54 54/55/55
f 55/54/54 56/56/56 54/55/55
f 55/54/54 57/57/57 56/56/56
f 57/57/57 58/58/58 56/56/56
f 58/58/58 57/57/57 59/59/59
f 57/57/57 60/60/60 59/59/59
f 59/59/59 60/60/60 61/61/61
f 60/60/60 62/62/62 61/61/61
f 61/61/61 62/62/62 63/63/63
f 63/63/63 65/64/64 64/65/65
f 61/61/61 63/63/63 64/65/65
f 64/65/65 65/64/64 66/66/66
f 65/64/64 67/67/67 66/66/66
f 66/66/66 67/67/67 68/68/68
f 67/67/67 69/69/69 68/68/68
f 68/68/68 69/69/69 70/70/70
f 69/69/69 71/71/71 70/70/70
f 69/69/69 72/72/72 71/71/71
f 72/72/72 73/73/73 71/71/71
f 72/72/72 74/74/74 73/73/73
f 74/74/74 75/75/75 73/73/73
f 73/73/73 75/75/75 76/76/76
f 75/75/75 77/77/77 76/76/76
f 76/76/76 77/77/77 78/78/78
f 77/77/77 79/79/79 78/78/78
f 79/79/79 81/80/80 80/81/81
f 78/78/78 79/79/79 80/81/81
f 80/81/81 81/80/80 82/82/82
f 81/80/80 83/83/83 82/82/82
f 81/80/80 84/84/84 83/83/83
f 84/84/84 85/85/85 83/83/83
f 84/84/84 86/86/86 85/85/85
f 86/86/86 87/87/87 85/85/85
f 86/86/86 88/88/88 87/87/87
f 88/88/88 89/89/89 87/87/87
f 88/88/88 90/90/90 89/89/89
f 90/90/90 91/91/91 89/89/89
f 89/89/89 91/91/91 92/92/92
f 91/91/91 93/93/93 92/92/92
f 92/92/92 93/93/93 94/94/94
f 93/93/93 95/95/95 94/94/94
f 93/93/93 96/96/96 95/95/95
f 96/96/96 97/97/53 95/95/95
f 95/95/95 97/97/53 98/98/55
f 99/99/97 101/100/98 100/101/99
f 101/100/98 102/102/100 100/101/99
f 102/102/100 101/100/98 103/103/101
f 101/100/98 104/104/102 103/103/101
f 103/103/101 104/104/102 105/105/103
f 103/103/101 105/105/103 106/106/104
f 105/105/103 107/107/105 106/106/104
f 105/105/103 108/108/106 107/107/105
f 108/108/106 109/109/107 107/107/105
f 107/107/105 109/109/107 110/110/108
f 109/109/107 111/111/109 110/110/108
f 109/109/107 112/112/110 111/111/109
f 112/112/110 113/113/111 111/111/109
f 111/111/109 113/113/111 114/114/112
f 113/113/111 115/115/113 114/114/112
f 113/113/111 116/116/114 115/115/113
f 116/116/114 117/117/115 115/115/113
f 115/115/113 117/117/115 118/118/116
f 117/117/115 119/119/117 118/118/116
f 117/117/115 120/120/118 119/119/117
f 120/120/118 121/121/119 119/119/117
f 119/119/117 121/121/119 122/122/120
f 121/121/119 123/123/121 122/122/120
f 121/121/119 124/124/122 123/123/121
f 124/124/122 125/125/123 123/123/121
f 123/123/121 125/125/123 126/126/124
f 125/125/123 127/127/125 126/126/124
f 125/125/123 128/128/126 127/127/125
f 128/128/126 129/129/127 127/127/125
f 127/127/125 129/129/127 130/130/128
f 129/129/127 131/131/129 130/130/128
f 129/129/127 132/132/130 131/131/129
f 132/132/130 133/133/131 131/131/129
f 131/131/129 133/133/131 134/134/132
f 133/133/131 135/135/133 134/134/132
f 133/133/131 136/136/134 135/135/133
f 136/136/134 137/137/135 135/135/133
f 135/135/133 137/137/135 138/138/136
f 137/137/135 139/139/99 138/138/136
f 139/139/99 137/137/135 140/140/97
f 137/137/135 141/141/137 140/140/97
f 137/137/135 142/142/138 141/141/137
f 142/142/138 143/143/139 141/141/137
f 141/141/137 143/143/139 144/144/140
f 144/144/140 145/145/141 141/141/137
f 145/145/141 146/146/142 141/141/137
f 141/141/137 146/146/142 147/147/143
f 147/147/143 148/148/144 141/141/137
f 148/148/144 149/149/145 141/141/137
f 141/141/137 149/149/145 150/150/146
f 150/150/146 151/151/147 141/141/137
f 151/151/147 152/152/148 141/141/137
f 141/141/137 152/152/148 153/153/149
f 153/153/149 154/154/150 141/141/137
f 154/154/150 155/155/151 141/141/137
f 141/141/137 155/155/151 156/156/152
f 156/156/152 157/157/153 141/141/137
f 157/157/153 158/158/154 141/141/137
f 141/141/137 158/158/154 159/159/155
f 140/140/97 141/141/137 159/159/155
f 160/160/156 162/161/157 161/162/158
f 162/161/157 163/163/159 161/162/158
f 163/163/159 162/161/157 164/164/160
f 162/161/157 165/165/161 164/164/160
f 164/164/160 165/165/161 166/166/162
f 164/164/160 166/166/162 167/167/163
f 166/166/162 168/168/164 167/167/163
f 167/167/163 168/168/164 169/169/165
f 168/168/164 170/170/166 169/169/165
f 169/169/165 170/170/166 171/171/167
f 170/170/166 172/172/168 171/171/167
f 172/172/168 174/173/169 173/174/170
f 171/171/167 172/172/168 173/174/170
f 173/174/170 174/173/169 175/175/171
f 174/173/169 176/176/172 175/175/171
f 175/175/171 176/176/172 177/177/173
f 176/176/172 178/178/174 177/177/173
f 177/177/173 178/178/174 179/179/175
f 178/178/174 180/180/176 179/179/175
f 180/180/176 182/181/177 181/182/178
f 179/179/175 180/180/176 181/182/178
f 181/182/178 182/181/177 183/183/179
f 182/181/177 184/184/180 183/183/179
f 183/183/179 184/184/180 185/185/181
f 184/184/180 186/186/182 185/185/181
f 184/184/180 187/187/183 186/186/182
f 187/187/183 188/188/184 186/186/182
f 187/187/183 189/189/185 188/188/184
f 189/189/185 190/190/186 188/188/184
f 189/189/185 191/191/187 190/190/186
f 191/191/187 192/192/188 190/190/186
f 191/191/187 193/193/189 192/192/188
f 193/193/189 194/194/190 192/192/188
f 193/193/189 195/195/191 194/194/190
f 195/195/191 196/196/192 194/194/190
f 195/195/191 197/197/193 196/196/192
f 197/197/193 198/198/194 196/196/192
f 197/197/193 199/199/195 198/198/194
f 199/199/195 200/200/196 198/198/194
f 199/199/195 201/201/197 200/200/196
f 201/201/197 202/202/198 200/200/196
f 200/200/196 202/202/198 203/203/199
f 202/202/198 204/204/156 203/203/199
f 203/203/199 204/204/156 205/205/200
f 206/206/201 208/207/202 207/208/203
f 208/207/202 209/209/204 207/208/203
f 208/207/202 210/210/205 209/209/204
f 210/210/205 212/211/206 211/212/207
f 210/210/205 211/212/207 209/209/204
f 212/211/206 213/213/208 211/212/207
f 212/211/206 214/214/209 213/213/208
f 214/214/209 215/215/210 213/213/208
f 214/214/209 216/216/211 215/215/210
f 216/216/211 217/217/212 215/215/210
f 216/216/211 218/218/213 217/217/212
f 218/218/213 220/219/214 219/220/215
f 218/218/213 219/220/215 217/217/212
f 220/219/214 221/221/216 219/220/215
f 220/219/214 222/222/217 221/221/216
f 222/222/217 223/223/218 221/221/216
f 222/222/217 224/224/219 223/223/218
f 224/224/219 225/225/220 223/223/218
f 224/224/219 226/226/221 225/225/220
f 226/226/221 228/227/222 227/228/223
f 226/226/221 227/228/223 225/225/220
f 228/227/222 229/229/224 227/228/223
f 228/227/222 230/230/225 229/229/224
f 230/230/225 231/231/226 229/229/224
f 230/230/225 232/232/227 231/231/226
f 232/232/227 233/233/228 231/231/226
f 232/232/227 234/234/229 233/233/228
f 234/234/229 236/235/230 235/236/231
f 234/234/229 235/236/231 233/233/228
f 236/235/230 237/237/232 235/236/231
f 236/235/230 238/238/233 237/237/232
f 238/238/233 239/239/234 237/237/232
f 238/238/233 240/240/235 239/239/234
f 240/240/235 241/241/236 239/239/234
f 240/240/235 242/242/237 241/241/236
f 242/242/237 244/243/238 243/244/239
f 242/242/237 243/244/239 241/241/236
f 244/243/238 245/245/240 243/244/239
f 244/243/238 246/246/241 245/245/240
f 246/246/241 247/247/242 245/245/240
f 248/248/243 250/249/244 249/250/245
f 250/249/244 251/251/246 249/250/245
f 250/249/244 252/252/247 251/251/246
f 253/253/248 252/252/247 250/249/244
f 252/252/247 253/253/248 254/254/249
f 255/255/250 252/252/247 254/254/249
f 252/252/247 255/255/250 256/256/251
f 255/255/250 257/257/252 256/256/251
f 256/256/251 257/257/252 258/258/253
f 257/257/252 259/259/254 258/258/253
f 258/258/253 259/259/254 260/260/255
f 259/259/254 261/261/256 260/260/255
f 260/260/255 261/261/256 262/262/257
f 261/261/256 263/263/258 262/262/257
f 263/263/258 264/264/259 265/265/260
f 262/262/257 263/263/258 265/265/260
f 262/262/257 265/265/260 266/266/261
f 266/266/261 265/265/260 267/267/262
f 265/265/260 268/268/263 267/267/262
f 265/265/260 264/264/259 268/268/263
f 267/267/262 268/268/263 269/269/264
f 268/268/263 270/270/265 269/269/264
f 268/268/263 271/271/266 270/270/265
f 264/264/259 271/271/266 268/268/263
f 271/271/266 272/272/267 270/270/265
f 272/272/267 274/273/268 273/274/269
f 270/270/265 272/272/267 273/274/269
f 273/274/269 274/273/268 275/275/270
f 274/273/268 276/276/271 275/275/270
f 275/275/270 276/276/271 277/277/272
f 276/276/271 278/278/273 277/277/272
f 277/277/272 278/278/273 279/279/274
f 278/278/273 280/280/275 279/279/274
f 279/279/274 280/280/275 281/281/276
f 280/280/275 282/282/277 281/281/276
f 282/282/277 283/283/278 284/284/279
f 281/281/276 282/282/277 284/284/279
f 281/281/276 284/284/279 285/285/280
f 285/285/280 284/284/279 286/286/281
f 284/284/279 287/287/282 286/286/281
f 284/284/279 283/283/278 287/287/282
f 286/286/281 287/287/282 288/288/283
f 287/287/282 289/289/284 288/288/283
f 287/287/282 290/290/285 289/289/284
f 283/283/278 290/290/285 287/287/282
f 290/290/285 291/291/286 289/289/284
f 291/291/286 293/292/287 292/293/288
f 289/289/284 291/291/286 292/293/288
f 292/293/288 293/292/287 294/294/289
f 293/292/287 295/295/290 294/294/289
f 294/294/289 295/295/290 296/296/291
f 295/295/290 297/297/292 296/296/291
f 296/296/291 297/297/292 298/298/293
f 297/297/292 299/299/294 298/298/293
f 300/300/295 299/299/294 297/297/292
f 301/301/296 300/300/295 297/297/292
f 301/301/296 304/302/297 302/303/298
f 302/303/298 303/304/299 301/301/296
f 303/304/299 300/300/295 301/301/296
f 304/302/297 305/305/300 302/303/298
f 302/303/298 305/305/300 308/306/301
f 305/305/300 307/307/302 306/308/303
f 305/305/300 306/308/303 308/306/301
f 308/306/301 306/308/303 309/309/304
f 309/309/304 310/310/305 308/306/301
f 310/310/305 311/311/306 308/306/301
f 308/306/301 311/311/306 302/303/298
f 311/311/306 303/304/299 302/303/298
f 303/304/299 311/311/306 312/312/307
f 313/313/308 303/304/299 312/312/307
f 300/300/295 303/304/299 313/313/308
f 314/314/309 300/300/295 313/313/308
f 314/314/309 313/313/308 315/315/310
f 316/316/311 314/314/309 315/315/310
f 317/317/312 319/318/313 316/316/311
f 317/317/312 316/316/311 318/319/314
f 319/318/313 314/314/309 316/316/311
f 320/320/315 321/321/316 319/318/313
f 320/320/315 319/318/313 317/317/312
f 319/318/313 299/299/294 314/314/309
f 321/321/316 299/299/294 319/318/313
f 323/322/317 320/320/315 322/323/318
f 322/323/318 320/320/315 317/317/312
f 324/324/319 323/322/317 322/323/318
f 325/325/320 324/324/319 326/326/321
f 324/324/319 322/323/318 327/327/322
f 326/326/321 324/324/319 327/327/322
f 328/328/128 327/327/322 329/329/323
f 326/326/321 327/327/322 328/328/128
f 327/327/322 330/330/324 329/329/323
f 327/327/322 322/323/318 330/330/324
f 322/323/318 317/317/312 330/330/324
f 330/330/324 317/317/312 318/319/314
f 331/331/325 326/326/321 328/328/128
f 331/331/325 328/328/128 332/332/326
f 333/333/327 331/331/325 332/332/326
f 334/334/328 336/335/329 333/333/327
f 334/334/328 333/333/327 335/336/330
f 336/335/329 331/331/325 333/333/327
f 337/337/331 336/335/329 334/334/328
f 337/337/331 338/338/332 336/335/329
f 336/335/329 339/339/333 331/331/325
f 338/338/332 339/339/333 336/335/329
f 339/339/333 326/326/321 331/331/325
f 339/339/333 325/325/320 326/326/321
f 341/340/334 337/337/331 340/341/335
f 340/341/335 337/337/331 334/334/328
f 342/342/336 341/340/334 340/341/335
f 342/342/336 340/341/335 344/343/337
f 345/344/338 342/342/336 343/345/339
f 343/345/339 342/342/336 344/343/337
f 346/346/340 345/344/338 343/345/339
f 347/347/341 346/346/340 348/348/342
f 346/346/340 343/345/339 349/349/343
f 348/348/342 346/346/340 349/349/343
f 350/350/344 349/349/343 351/351/345
f 348/348/342 349/349/343 350/350/344
f 349/349/343 352/352/100 351/351/345
f 349/349/343 343/345/339 352/352/100
f 343/345/339 344/343/337 352/352/100
f 352/352/100 344/343/337 353/353/346
f 344/343/337 354/354/347 353/353/346
f 344/343/337 340/341/335 354/354/347
f 340/341/335 334/334/328 354/354/347
f 354/354/347 334/334/328 335/336/330
f 355/355/348 348/348/342 350/350/344
f 355/355/348 350/350/344 356/356/349
f 309/309/304 355/355/348 356/356/349
f 357/357/350 348/348/342 355/355/348
f 306/308/303 357/357/350 355/355/348
f 306/308/303 355/355/348 309/309/304
f 307/307/302 357/357/350 306/308/303
f 357/357/350 347/347/341 348/348/342
f 299/299/294 300/300/295 314/314/309
f 296/296/291 298/298/293 358/358/351
f 358/358/351 298/298/293 359/359/352
f 358/358/351 359/359/352 360/360/353
f 361/361/354 360/360/353 362/362/355
f 361/361/354 358/358/351 360/360/353
f 362/362/355 360/360/353 363/363/356
f 360/360/353 364/364/357 363/363/356
f 363/363/356 364/364/357 365/365/358
f 364/364/357 366/366/359 365/365/358
f 365/365/358 366/366/359 367/367/360
f 366/366/359 368/368/361 367/367/360
f 368/368/361 370/369/362 369/370/363
f 367/367/360 368/368/361 369/370/363
f 369/370/363 370/369/362 371/371/364
f 370/369/362 372/372/365 371/371/364
f 371/371/364 372/372/365 373/373/366
f 372/372/365 374/374/367 373/373/366
f 373/373/366 374/374/367 375/375/368
f 374/374/367 376/376/369 375/375/368
f 376/376/369 378/377/370 377/378/371
f 375/375/368 376/376/369 377/378/371
f 377/378/371 378/377/370 379/379/372
f 378/377/370 380/380/373 379/379/372
f 379/379/372 380/380/373 381/381/374
f 380/380/373 382/382/375 381/381/374
f 381/381/374 382/382/375 383/383/376
f 382/382/375 384/384/377 383/383/376
f 384/384/377 386/385/378 385/386/379
f 383/383/376 384/384/377 385/386/379
f 385/386/379 386/385/378 387/387/225
f 386/385/378 388/388/380 387/387/225
f 387/387/225 388/388/380 389/389/227
f 388/388/380 390/390/381 389/389/227
f 390/390/381 392/391/382 391/392/383
f 389/389/227 390/390/381 391/392/383
f 391/392/383 392/391/382 393/393/230
f 392/391/382 394/394/384 393/393/230
f 393/393/230 394/394/384 395/395/385
f 394/394/384 396/396/386 395/395/385
f 395/395/385 396/396/386 397/397/387
f 396/396/386 398/398/388 397/397/387
f 397/397/387 398/398/388 399/399/237
f 398/398/388 361/361/354 399/399/237
f 399/399/237 361/361/354 362/362/355
f 400/400/389 401/401/390 361/361/354
f 401/401/390 358/358/351 361/361/354
f 402/402/391 294/294/289 401/401/390
f 402/402/391 401/401/390 400/400/389
f 401/401/390 296/296/291 358/358/351
f 294/294/289 296/296/291 401/401/390
f 403/403/392 402/402/391 400/400/389
f 404/404/393 402/402/391 403/403/392
f 292/293/288 294/294/289 402/402/391
f 404/404/393 292/293/288 402/402/391
f 288/288/283 289/289/284 404/404/393
f 288/288/283 404/404/393 405/405/394
f 405/405/394 404/404/393 403/403/392
f 289/289/284 292/293/288 404/404/393
f 406/406/395 288/288/283 405/405/394
f 407/407/396 286/286/281 406/406/395
f 286/286/281 288/288/283 406/406/395
f 408/408/397 285/285/280 407/407/396
f 285/285/280 286/286/281 407/407/396
f 410/409/398 285/285/280 408/408/397
f 409/410/399 410/409/398 408/408/397
f 411/411/400 279/279/274 410/409/398
f 411/411/400 410/409/398 409/410/399
f 410/409/398 281/281/276 285/285/280
f 279/279/274 281/281/276 410/409/398
f 412/412/401 277/277/272 411/411/400
f 412/412/401 411/411/400 413/413/402
f 413/413/402 411/411/400 409/410/399
f 277/277/272 279/279/274 411/411/400
f 414/414/403 412/412/401 413/413/402
f 415/415/404 416/416/405 414/414/403
f 416/416/405 412/412/401 414/414/403
f 417/417/406 416/416/405 415/415/404
f 416/416/405 275/275/270 412/412/401
f 273/274/269 275/275/270 416/416/405
f 417/417/406 273/274/269 416/416/405
f 269/269/264 270/270/265 417/417/406
f 269/269/264 417/417/406 418/418/407
f 418/418/407 417/417/406 415/415/404
f 270/270/265 273/274/269 417/417/406
f 419/419/408 269/269/264 418/418/407
f 420/420/409 267/267/262 419/419/408
f 267/267/262 269/269/264 419/419/408
f 421/421/410 266/266/261 420/420/409
f 266/266/261 267/267/262 420/420/409
f 423/422/411 266/266/261 421/421/410
f 422/423/412 423/422/411 421/421/410
f 424/424/413 260/260/255 423/422/411
f 424/424/413 423/422/411 422/423/412
f 423/422/411 262/262/257 266/266/261
f 260/260/255 262/262/257 423/422/411
f 425/425/414 258/258/253 424/424/413
f 425/425/414 424/424/413 426/426/415
f 426/426/415 424/424/413 422/423/412
f 258/258/253 260/260/255 424/424/413
f 427/427/416 425/425/414 426/426/415
f 249/250/245 251/251/246 427/427/416
f 251/251/246 425/425/414 427/427/416
f 251/251/246 256/256/251 425/425/414
f 256/256/251 258/258/253 425/425/414
f 275/275/270 277/277/272 412/412/401
f 252/252/247 256/256/251 251/251/246
f 429/428/417 431/429/40 428/430/39
f 428/430/39 430/431/37 429/428/417
f 432/432/418 431/429/40 429/428/417
f 432/432/418 433/433/14 431/429/40
f 434/434/419 433/433/14 432/432/418
f 434/434/419 435/435/420 433/433/14
f 435/435/420 436/436/421 433/433/14
f 435/435/420 437/437/422 436/436/421
f 437/437/422 435/435/420 439/438/423
f 438/439/21 437/437/422 439/438/423
f 439/438/423 442/440/424 440/441/425
f 441/442/426 439/438/423 440/441/425
f 438/439/21 439/438/423 441/442/426
f 439/438/423 435/435/420 442/440/424
f 440/441/425 442/440/424 445/443/427
f 442/440/424 444/444/428 443/445/429
f 442/440/424 443/445/429 445/443/427
f 435/435/420 444/444/428 442/440/424
f 440/441/425 445/443/427 448/446/430
f 445/443/427 443/445/429 446/447/431
f 445/443/427 446/447/431 447/448/432
f 448/446/430 445/443/427 447/448/432
f 449/449/433 450/450/434 448/446/430
f 447/448/432 449/449/433 448/446/430
f 448/446/430 450/450/434 451/451/435
f 451/451/435 440/441/425 448/446/430
f 450/450/434 452/452/436 451/451/435
f 451/451/435 452/452/436 453/453/437
f 453/453/437 441/442/426 451/451/435
f 441/442/426 440/441/425 451/451/435
f 452/452/436 454/454/438 453/453/437
f 453/453/437 454/454/438 455/455/439
f 455/455/439 456/456/440 453/453/437
f 456/456/440 441/442/426 453/453/437
f 456/456/440 438/439/21 441/442/426
f 455/455/439 457/457/441 458/458/442
f 454/454/438 457/457/441 455/455/439
f 457/457/441 459/459/443 458/458/442
f 458/458/442 459/459/443 460/460/444
f 459/459/443 461/461/445 460/460/444
f 459/459/443 462/462/446 461/461/445
f 462/462/446 463/463/447 461/461/445
f 464/464/448 465/465/449 463/463/447
f 462/462/446 464/464/448 463/463/447
f 463/463/447 465/465/449 466/466/450
f 465/465/449 467/467/451 466/466/450
f 466/466/450 467/467/451 468/468/50
f 467/467/451 470/469/452 468/468/50
f 468/468/50 470/469/452 469/470/453
f 470/469/452 471/471/454 469/470/453
f 471/471/454 470/469/452 472/472/455
f 470/469/452 473/473/456 472/472/455
f 470/469/452 467/467/451 473/473/456
f 473/473/456 475/474/457 474/475/458
f 473/473/456 474/475/458 476/476/459
f 467/467/451 475/474/457 473/473/456
f 472/472/455 473/473/456 476/476/459
f 472/472/455 476/476/459 477/477/460
f 477/477/460 476/476/459 479/478/461
f 476/476/459 474/475/458 478/479/462
f 476/476/459 478/479/462 479/478/461
f 477/477/460 479/478/461 480/480/463
f 480/480/463 479/478/461 482/481/464
f 479/478/461 478/479/462 481/482/465
f 479/478/461 481/482/465 482/481/464
f 480/480/463 482/481/464 483/483/466
f 483/483/466 482/481/464 484/484/467
f 482/481/464 485/485/468 484/484/467
f 482/481/464 481/482/465 485/485/468
f 484/484/467 485/485/468 486/486/469
f 485/485/468 487/487/470 486/486/469
f 485/485/468 488/488/471 487/487/470
f 481/482/465 488/488/471 485/485/468
f 481/482/465 490/489/472 488/488/471
f 488/488/471 491/490/473 489/491/474
f 488/488/471 489/491/474 487/487/470
f 490/489/472 491/490/473 488/488/471
f 490/489/472 493/492/475 491/490/473
f 491/490/473 494/493/476 492/494/477
f 491/490/473 492/494/477 489/491/474
f 493/492/475 494/493/476 491/490/473
f 495/495/478 494/493/476 493/492/475
f 497/496/479 495/495/478 493/492/475
f 496/497/480 495/495/478 497/496/479
f 498/498/481 499/499/482 497/496/479
f 493/492/475 498/498/481 497/496/479
f 497/496/479 499/499/482 500/500/483
f 500/500/483 496/497/480 497/496/479
f 499/499/482 501/501/484 500/500/483
f 500/500/483 501/501/484 502/502/485
f 502/502/485 503/503/486 500/500/483
f 503/503/486 496/497/480 500/500/483
f 504/504/487 503/503/486 502/502/485
f 505/505/488 504/504/487 506/506/489
f 506/506/489 504/504/487 502/502/485
f 502/502/485 464/464/448 506/506/489
f 464/464/448 462/462/446 506/506/489
f 506/506/489 462/462/446 507/507/490
f 507/507/490 505/505/488 506/506/489
f 507/507/490 459/459/443 508/508/491
f 462/462/446 459/459/443 507/507/490
f 508/508/491 509/509/492 507/507/490
f 509/509/492 505/505/488 507/507/490
f 510/510/493 509/509/492 508/508/491
f 512/511/494 511/512/495 510/510/493
f 512/511/494 510/510/493 508/508/491
f 454/454/438 513/513/496 512/511/494
f 513/513/496 511/512/495 512/511/494
f 457/457/441 454/454/438 512/511/494
f 508/508/491 457/457/441 512/511/494
f 514/514/497 515/515/498 513/513/496
f 516/516/499 514/514/497 513/513/496
f 513/513/496 515/515/498 511/512/495
f 516/516/499 513/513/496 454/454/438
f 518/517/500 514/514/497 516/516/499
f 517/518/501 516/516/499 452/452/436
f 517/518/501 518/517/500 516/516/499
f 452/452/436 516/516/499 454/454/438
f 519/519/502 520/520/503 518/517/500
f 521/521/504 519/519/502 518/517/500
f 518/517/500 520/520/503 514/514/497
f 521/521/504 518/517/500 517/518/501
f 522/522/505 519/519/502 521/521/504
f 523/523/506 522/522/505 521/521/504
f 523/523/506 521/521/504 524/524/507
f 524/524/507 521/521/504 517/518/501
f 524/524/507 517/518/501 450/450/434
f 449/449/433 524/524/507 450/450/434
f 525/525/508 524/524/507 449/449/433
f 525/525/508 523/523/506 524/524/507
f 526/526/509 523/523/506 525/525/508
f 527/527/510 526/526/509 525/525/508
f 527/527/510 525/525/508 528/528/511
f 528/528/511 525/525/508 449/449/433
f 529/529/512 528/528/511 530/530/513
f 529/529/512 527/527/510 528/528/511
f 528/528/511 449/449/433 447/448/432
f 530/530/513 528/528/511 447/448/432
f 531/531/514 529/529/512 530/530/513
f 530/530/513 532/532/515 531/531/514
f 447/448/432 446/447/431 530/530/513
f 446/447/431 532/532/515 530/530/513
f 532/532/515 533/533/516 531/531/514
f 446/447/431 534/534/517 532/532/515
f 532/532/515 535/535/518 533/533/516
f 534/534/517 535/535/518 532/532/515
f 534/534/517 537/536/519 535/535/518
f 535/535/518 538/537/520 536/538/521
f 535/535/518 536/538/521 533/533/516
f 537/536/519 538/537/520 535/535/518
f 538/537/520 537/536/519 539/539/522
f 540/540/523 538/537/520 539/539/522
f 538/537/520 540/540/523 536/538/521
f 540/540/523 557/541/524 541/542/525
f 541/542/525 542/543/526 540/540/523
f 542/543/526 543/544/527 540/540/523
f 540/540/523 543/544/527 544/545/528
f 540/540/523 544/545/528 545/546/529
f 540/540/523 545/546/529 546/547/530
f 540/540/523 546/547/530 547/548/531
f 540/540/523 547/548/531 548/549/532
f 540/540/523 548/549/532 549/550/533
f 540/540/523 549/550/533 550/551/534
f 540/540/523 550/551/534 551/552/535
f 540/540/523 551/552/535 552/553/536
f 553/554/537 540/540/523 552/553/536
f 536/538/521 540/540/523 553/554/537
f 540/540/523 539/539/522 554/555/538
f 540/540/523 554/555/538 555/556/539
f 556/557/540 540/540/523 555/556/539
f 557/541/524 540/540/523 556/557/540
f 557/541/524 558/558/541 541/542/525
f 558/558/541 557/541/524 559/559/542
f 559/559/542 557/541/524 556/557/540
f 561/560/543 558/558/541 559/559/542
f 560/561/544 559/559/542 562/562/545
f 561/560/543 559/559/542 560/561/544
f 559/559/542 556/557/540 562/562/545
f 555/556/539 563/563/546 562/562/545
f 563/563/546 564/564/547 562/562/545
f 562/562/545 564/564/547 560/561/544
f 562/562/545 556/557/540 555/556/539
f 563/563/546 565/565/548 564/564/547
f 564/564/547 432/432/418 560/561/544
f 564/564/547 434/434/419 432/432/418
f 565/565/548 434/434/419 564/564/547
f 566/566/549 444/444/428 565/565/548
f 567/567/550 566/566/549 565/565/548
f 567/567/550 565/565/548 563/563/546
f 565/565/548 444/444/428 434/434/419
f 537/536/519 566/566/549 567/567/550
f 539/539/522 537/536/519 567/567/550
f 539/539/522 567/567/550 554/555/538
f 554/555/538 567/567/550 563/563/546
f 566/566/549 537/536/519 534/534/517
f 443/445/429 566/566/549 534/534/517
f 444/444/428 566/566/549 443/445/429
f 554/555/538 563/563/546 555/556/539
f 429/428/417 561/560/543 560/561/544
f 429/428/417 568/568/551 561/560/543
f 568/568/551 569/569/552 561/560/543
f 561/560/543 569/569/552 558/558/541
f 568/568/551 571/570/553 569/569/552
f 569/569/552 570/571/554 558/558/541
f 569/569/552 572/572/555 570/571/554
f 571/570/553 572/572/555 569/569/552
f 572/572/555 573/573/556 570/571/554
f 572/572/555 571/570/553 575/574/557
f 573/573/556 572/572/555 574/575/558
f 572/572/555 575/574/557 574/575/558
f 574/575/558 575/574/557 576/576/559
f 575/574/557 577/577/560 576/576/559
f 575/574/557 578/578/561 577/577/560
f 571/570/553 578/578/561 575/574/557
f 578/578/561 472/472/455 477/477/460
f 578/578/561 477/477/460 577/577/560
f 471/471/454 472/472/455 578/578/561
f 571/570/553 471/471/454 578/578/561
f 576/576/559 577/577/560 579/579/562
f 577/577/560 480/480/463 579/579/562
f 577/577/560 477/477/460 480/480/463
f 576/576/559 579/579/562 580/580/563
f 579/579/562 480/480/463 483/483/466
f 579/579/562 483/483/466 581/581/564
f 580/580/563 579/579/562 581/581/564
f 580/580/563 581/581/564 582/582/565
f 582/582/565 581/581/564 583/583/566
f 581/581/564 584/584/567 583/583/566
f 581/581/564 483/483/466 584/584/567
f 583/583/566 584/584/567 585/585/568
f 584/584/567 586/586/569 585/585/568
f 584/584/567 484/484/467 586/586/569
f 483/483/466 484/484/467 584/584/567
f 585/585/568 586/586/569 587/587/570
f 586/586/569 588/588/571 587/587/570
f 586/586/569 486/486/469 588/588/571
f 484/484/467 486/486/469 586/586/569
f 587/587/570 588/588/571 589/589/572
f 588/588/571 590/590/573 589/589/572
f 588/588/571 591/591/574 590/590/573
f 486/486/469 591/591/574 588/588/571
f 486/486/469 487/487/470 591/591/574
f 591/591/574 592/592/575 590/590/573
f 591/591/574 593/593/576 592/592/575
f 487/487/470 593/593/576 591/591/574
f 487/487/470 489/491/474 593/593/576
f 593/593/576 594/594/577 592/592/575
f 593/593/576 595/595/578 594/594/577
f 489/491/474 595/595/578 593/593/576
f 489/491/474 492/494/477 595/595/578
f 592/592/575 594/594/577 596/596/579
f 598/597/580 596/596/579 597/598/581
f 592/592/575 596/596/579 598/597/580
f 590/590/573 592/592/575 598/597/580
f 590/590/573 598/597/580 599/599/582
f 599/599/582 598/597/580 600/600/583
f 598/597/580 597/598/581 600/600/583
f 600/600/583 597/598/581 601/601/584
f 600/600/583 601/601/584 603/602/585
f 602/603/586 600/600/583 603/602/585
f 599/599/582 600/600/583 602/603/586
f 603/602/585 601/601/584 604/604/587
f 602/603/586 603/602/585 605/605/588
f 603/602/585 604/604/587 606/606/589
f 605/605/588 603/602/585 606/606/589
f 606/606/589 604/604/587 607/607/590
f 605/605/588 606/606/589 608/608/591
f 606/606/589 607/607/590 609/609/592
f 608/608/591 606/606/589 609/609/592
f 609/609/592 607/607/590 610/610/593
f 608/608/591 609/609/592 519/519/502
f 609/609/592 610/610/593 520/520/503
f 519/519/502 609/609/592 520/520/503
f 520/520/503 610/610/593 611/611/594
f 520/520/503 611/611/594 514/514/497
f 514/514/497 611/611/594 515/515/498
f 612/612/595 608/608/591 522/522/505
f 612/612/595 605/605/588 608/608/591
f 522/522/505 608/608/591 519/519/502
f 613/613/596 612/612/595 522/522/505
f 615/614/597 612/612/595 613/613/596
f 614/615/598 605/605/588 612/612/595
f 615/614/597 614/615/598 612/612/595
f 616/616/599 614/615/598 615/614/597
f 617/617/600 616/616/599 615/614/597
f 617/617/600 615/614/597 618/618/601
f 618/618/601 615/614/597 613/613/596
f 619/619/602 618/618/601 620/620/603
f 619/619/602 617/617/600 618/618/601
f 618/618/601 613/613/596 526/526/509
f 620/620/603 618/618/601 526/526/509
f 621/621/604 619/619/602 620/620/603
f 621/621/604 620/620/603 622/622/605
f 620/620/603 526/526/509 527/527/510
f 622/622/605 620/620/603 527/527/510
f 623/623/606 621/621/604 622/622/605
f 623/623/606 622/622/605 624/624/607
f 622/622/605 527/527/510 529/529/512
f 624/624/607 622/622/605 529/529/512
f 625/625/608 623/623/606 624/624/607
f 625/625/608 624/624/607 626/626/609
f 624/624/607 529/529/512 531/531/514
f 626/626/609 624/624/607 531/531/514
f 626/626/609 553/554/537 552/553/536
f 552/553/536 625/625/608 626/626/609
f 531/531/514 533/533/516 626/626/609
f 533/533/516 553/554/537 626/626/609
f 551/552/535 627/627/610 625/625/608
f 627/627/610 623/623/606 625/625/608
f 551/552/535 625/625/608 552/553/536
f 550/551/534 628/628/611 627/627/610
f 628/628/611 629/629/612 627/627/610
f 627/627/610 629/629/612 623/623/606
f 550/551/534 627/627/610 551/552/535
f 628/628/611 630/630/613 629/629/612
f 629/629/612 621/621/604 623/623/606
f 629/629/612 631/631/614 621/621/604
f 630/630/613 631/631/614 629/629/612
f 630/630/613 632/632/615 631/631/614
f 632/632/615 633/633/616 631/631/614
f 631/631/614 633/633/616 619/619/602
f 631/631/614 619/619/602 621/621/604
f 634/634/617 635/635/618 633/633/616
f 632/632/615 634/634/617 633/633/616
f 633/633/616 635/635/618 617/617/600
f 633/633/616 617/617/600 619/619/602
f 634/634/617 636/636/619 635/635/618
f 636/636/619 637/637/620 635/635/618
f 635/635/618 637/637/620 616/616/599
f 635/635/618 616/616/599 617/617/600
f 636/636/619 587/587/570 637/637/620
f 637/637/620 638/638/621 616/616/599
f 637/637/620 589/589/572 638/638/621
f 587/587/570 589/589/572 637/637/620
f 638/638/621 602/603/586 614/615/598
f 638/638/621 599/599/582 602/603/586
f 616/616/599 638/638/621 614/615/598
f 589/589/572 599/599/582 638/638/621
f 639/639/622 585/585/568 636/636/619
f 585/585/568 587/587/570 636/636/619
f 639/639/622 636/636/619 634/634/617
f 583/583/566 585/585/568 639/639/622
f 640/640/623 639/639/622 641/641/624
f 640/640/623 583/583/566 639/639/622
f 641/641/624 639/639/622 634/634/617
f 642/642/625 641/641/624 643/643/626
f 642/642/625 640/640/623 641/641/624
f 641/641/624 634/634/617 632/632/615
f 643/643/626 641/641/624 632/632/615
f 644/644/627 642/642/625 643/643/626
f 644/644/627 643/643/626 645/645/628
f 643/643/626 632/632/615 630/630/613
f 645/645/628 643/643/626 630/630/613
f 548/549/532 644/644/627 645/645/628
f 548/549/532 645/645/628 549/550/533
f 645/645/628 630/630/613 628/628/611
f 549/550/533 645/645/628 628/628/611
f 646/646/629 642/642/625 644/644/627
f 547/548/531 644/644/627 548/549/532
f 547/548/531 646/646/629 644/644/627
f 647/647/630 648/648/631 646/646/629
f 546/547/530 647/647/630 646/646/629
f 646/646/629 648/648/631 642/642/625
f 546/547/530 646/646/629 547/548/531
f 647/647/630 649/649/632 648/648/631
f 649/649/632 582/582/565 648/648/631
f 648/648/631 582/582/565 640/640/623
f 648/648/631 640/640/623 642/642/625
f 650/650/633 649/649/632 647/647/630
f 650/650/633 651/651/634 649/649/632
f 651/651/634 580/580/563 649/649/632
f 649/649/632 580/580/563 582/582/565
f 652/652/635 651/651/634 650/650/633
f 651/651/634 576/576/559 580/580/563
f 574/575/558 576/576/559 651/651/634
f 652/652/635 574/575/558 651/651/634
f 543/544/527 573/573/556 652/652/635
f 543/544/527 652/652/635 544/545/528
f 544/545/528 652/652/635 650/650/633
f 573/573/556 574/575/558 652/652/635
f 545/546/529 650/650/633 647/647/630
f 544/545/528 650/650/633 545/546/529
f 545/546/529 647/647/630 546/547/530
f 582/582/565 583/583/566 640/640/623
f 549/550/533 628/628/611 550/551/534
f 614/615/598 602/603/586 605/605/588
f 613/613/596 522/522/505 523/523/506
f 526/526/509 613/613/596 523/523/506
f 589/589/572 590/590/573 599/599/582
f 570/571/554 573/573/556 542/543/526
f 573/573/556 543/544/527 542/543/526
f 571/570/553 653/653/636 471/471/454
f 653/653/636 571/570/553 568/568/551
f 430/431/37 653/653/636 568/568/551
f 471/471/454 653/653/636 654/654/637
f 469/470/453 471/471/454 654/654/637
f 558/558/541 570/571/554 541/542/525
f 570/571/554 542/543/526 541/542/525
f 430/431/37 568/568/551 429/428/417
f 560/561/544 432/432/418 429/428/417
f 533/533/516 536/538/521 553/554/537
f 443/445/429 534/534/517 446/447/431
f 450/450/434 517/518/501 452/452/436
f 459/459/443 457/457/441 508/508/491
f 501/501/484 464/464/448 502/502/485
f 501/501/484 465/465/449 464/464/448
f 475/474/457 465/465/449 501/501/484
f 499/499/482 475/474/457 501/501/484
f 475/474/457 499/499/482 474/475/458
f 474/475/458 499/499/482 498/498/481
f 474/475/458 498/498/481 478/479/462
f 498/498/481 493/492/475 490/489/472
f 478/479/462 498/498/481 490/489/472
f 478/479/462 490/489/472 481/482/465
f 465/465/449 475/474/457 467/467/451
f 444/444/428 435/435/420 434/434/419
f 655/655/638 657/656/182 656/657/639
f 659/658/640 657/656/182 655/655/638
f 658/659/641 659/658/640 655/655/638
f 660/660/642 659/658/640 658/659/641
f 661/661/643 660/660/642 658/659/641
f 662/662/644 661/661/643 663/663/645
f 661/661/643 658/659/641 663/663/645
f 662/662/644 663/663/645 664/664/646
f 665/665/647 662/662/644 664/664/646
f 665/665/647 664/664/646 666/666/648
f 667/667/649 665/665/647 666/666/648
f 668/668/650 665/665/647 667/667/649
f 670/669/651 668/668/650 667/667/649
f 670/669/651 667/667/649 669/670/652
f 671/671/653 670/669/651 669/670/652
f 672/672/654 671/671/653 674/673/655
f 673/674/656 671/671/653 672/672/654
f 671/671/653 669/670/652 674/673/655
f 675/675/657 673/674/656 672/672/654
f 675/675/657 672/672/654 676/676/60
f 678/677/658 675/675/657 676/676/60
f 677/678/160 675/675/657 678/677/658
f 679/679/54 677/678/160 678/677/658
f 680/680/659 681/681/660 679/679/54
f 681/681/660 677/678/160 679/679/54
f 682/682/661 681/681/660 680/680/659
f 683/683/662 682/682/661 680/680/659
f 683/683/662 680/680/659 684/684/663
f 685/685/196 683/683/662 684/684/663
f 686/686/664 685/685/196 687/687/665
f 685/685/196 684/684/663 687/687/665
f 686/686/664 687/687/665 688/688/666
f 689/689/667 686/686/664 688/688/666
f 690/690/668 692/691/669 689/689/667
f 690/690/668 689/689/667 691/692/670
f 692/691/669 686/686/664 689/689/667
f 693/693/671 690/690/668 691/692/670
f 694/694/672 695/695/673 693/693/671
f 695/695/673 690/690/668 693/693/671
f 696/696/674 695/695/673 694/694/672
f 697/697/675 696/696/674 694/694/672
f 657/656/182 697/697/675 656/657/639
f 656/657/639 697/697/675 698/698/676
f 697/697/675 694/694/672 698/698/676
f 699/699/677 701/700/678 700/701/677
f 703/702/679 701/700/678 699/699/677
f 702/703/680 703/702/679 699/699/677
f 705/704/681 704/705/682 703/702/679
f 703/702/679 704/705/682 701/700/678
f 706/706/683 705/704/681 703/702/679
f 706/706/683 703/702/679 702/703/680
f 707/707/684 709/708/685 706/706/683
f 707/707/684 706/706/683 708/709/680
f 708/709/680 706/706/683 702/703/680
f 709/708/685 705/704/681 706/706/683
f 710/710/686 709/708/685 707/707/684
f 711/711/687 710/710/686 712/712/688
f 712/712/688 710/710/686 707/707/684
f 713/713/689 711/711/687 712/712/688
f 713/713/689 712/712/688 714/714/677
f 714/714/677 712/712/688 715/715/680
f 712/712/688 707/707/684 715/715/680
f 715/715/680 707/707/684 708/709/680
f 716/716/677 713/713/689 714/714/677
f 717/717/677 718/718/690 716/716/677
f 718/718/690 713/713/689 716/716/677
f 719/719/691 720/720/692 718/718/690
f 719/719/691 718/718/690 717/717/677
f 718/718/690 721/721/590 713/713/689
f 720/720/692 721/721/590 718/718/690
f 721/721/590 711/711/687 713/713/689
f 722/722/693 720/720/692 719/719/691
f 723/723/694 722/722/693 719/719/691
f 724/724/695 722/722/693 723/723/694
f 726/725/696 724/724/695 725/726/697
f 725/726/697 724/724/695 723/723/694
f 728/727/698 726/725/696 725/726/697
f 727/728/699 726/725/696 728/727/698
f 729/729/700 727/728/699 728/727/698
f 729/729/700 728/727/698 730/730/680
f 730/730/680 728/727/698 731/731/680
f 728/727/698 725/726/697 731/731/680
f 731/731/680 725/726/697 732/732/680
f 725/726/697 723/723/694 732/732/680
f 732/732/680 723/723/694 733/733/677
f 723/723/694 719/719/691 733/733/677
f 733/733/677 719/719/691 717/717/677
f 734/734/677 729/729/700 730/730/680
f 735/735/677 736/736/701 734/734/677
f 736/736/701 729/729/700 734/734/677
f 737/737/702 738/738/488 736/736/701
f 737/737/702 736/736/701 735/735/677
f 736/736/701 739/739/703 729/729/700
f 738/738/488 739/739/703 736/736/701
f 739/739/703 727/728/699 729/729/700
f 740/740/704 738/738/488 737/737/702
f 741/741/705 740/740/704 737/737/702
f 742/742/706 740/740/704 741/741/705
f 744/743/707 742/742/706 743/744/708
f 743/744/708 742/742/706 741/741/705
f 745/745/709 744/743/707 743/744/708
f 746/746/478 744/743/707 745/745/709
f 747/747/710 746/746/478 745/745/709
f 748/748/711 746/746/478 747/747/710
f 750/749/712 748/748/711 747/747/710
f 749/750/713 748/748/711 750/749/712
f 751/751/714 749/750/713 750/749/712
f 751/751/714 750/749/712 752/752/677
f 752/752/677 750/749/712 753/753/680
f 750/749/712 747/747/710 753/753/680
f 753/753/680 747/747/710 754/754/677
f 747/747/710 745/745/709 754/754/677
f 754/754/677 745/745/709 755/755/677
f 745/745/709 743/744/708 755/755/677
f 755/755/677 743/744/708 756/756/677
f 743/744/708 741/741/705 756/756/677
f 756/756/677 741/741/705 757/757/680
f 741/741/705 737/737/702 757/757/680
f 757/757/680 737/737/702 735/735/677
f 700/701/677 751/751/714 752/752/677
f 701/700/678 758/758/715 751/751/714
f 701/700/678 751/751/714 700/701/677
f 758/758/715 749/750/713 751/751/714
f 704/705/682 758/758/715 701/700/678
f 759/759/716 761/760/717 760/761/718
f 761/760/717 762/762/719 760/761/718
f 761/760/717 763/763/720 762/762/719
f 763/763/720 764/764/721 762/762/719
f 763/763/720 765/765/722 764/764/721
f 765/765/722 767/766/723 766/767/724
f 765/765/722 766/767/724 764/764/721
f 767/766/723 768/768/725 766/767/724
f 767/766/723 769/769/726 768/768/725
f 769/769/726 771/770/727 770/771/728
f 769/769/726 770/771/728 768/768/725
f 771/770/727 772/772/729 770/771/728
f 771/770/727 773/773/730 772/772/729
f 773/773/730 775/774/731 774/775/732
f 773/773/730 774/775/732 772/772/729
f 775/774/731 776/776/733 774/775/732
f 775/774/731 777/777/734 776/776/733
f 777/777/734 779/778/735 778/779/736
f 777/777/734 778/779/736 776/776/733
f 779/778/735 780/780/737 778/779/736
f 779/778/735 781/781/738 780/780/737
f 781/781/738 783/782/739 782/783/740
f 781/781/738 782/783/740 780/780/737
f 783/782/739 784/784/741 782/783/740
f 783/782/739 785/785/742 784/784/741
f 785/785/742 787/786/743 786/787/744
f 785/785/742 786/787/744 784/784/741
f 787/786/743 788/788/745 786/787/744
f 787/786/743 789/789/746 788/788/745
f 789/789/746 791/790/747 790/791/748
f 789/789/746 790/791/748 788/788/745
f 791/790/747 792/792/749 790/791/748
f 791/790/747 793/793/750 792/792/749
f 793/793/750 795/794/751 794/795/752
f 793/793/750 794/795/752 792/792/749
f 795/794/751 796/796/753 794/795/752
f 795/794/751 797/797/754 796/796/753
f 797/797/754 799/798/755 798/799/756
f 797/797/754 798/799/756 796/796/753
f 799/798/755 800/800/757 798/799/756
f 799/798/755 801/801/758 800/800/757
f 801/801/758 803/802/759 802/803/760
f 801/801/758 802/803/760 800/800/757
f 803/802/759 804/804/761 802/803/760
f 802/803/760 804/804/761 805/805/762
f 804/804/761 806/806/763 805/805/762
f 806/806/763 807/807/764 808/808/765
f 805/805/762 806/806/763 808/808/765
f 805/805/762 808/808/765 809/809/766
f 810/810/767 805/805/762 809/809/766
f 810/810/767 809/809/766 811/811/768
f 813/812/769 811/811/768 812/813/770
f 813/812/769 810/810/767 811/811/768
f 798/799/756 813/812/769 814/814/771
f 814/814/771 813/812/769 812/813/770
f 798/799/756 800/800/757 813/812/769
f 800/800/757 810/810/767 813/812/769
f 814/814/771 812/813/770 816/815/772
f 796/796/753 798/799/756 814/814/771
f 796/796/753 814/814/771 815/816/773
f 815/816/773 814/814/771 816/815/772
f 815/816/773 816/815/772 817/817/774
f 818/818/775 815/816/773 817/817/774
f 818/818/775 817/817/774 819/819/776
f 821/820/777 819/819/776 820/821/778
f 821/820/777 818/818/775 819/819/776
f 790/791/748 821/820/777 822/822/779
f 822/822/779 821/820/777 820/821/778
f 790/791/748 792/792/749 821/820/777
f 792/792/749 818/818/775 821/820/777
f 822/822/779 820/821/778 824/823/780
f 788/788/745 790/791/748 822/822/779
f 788/788/745 822/822/779 823/824/781
f 823/824/781 822/822/779 824/823/780
f 823/824/781 824/823/780 825/825/782
f 826/826/783 823/824/781 825/825/782
f 826/826/783 825/825/782 827/827/784
f 829/828/785 827/827/784 828/829/786
f 829/828/785 826/826/783 827/827/784
f 830/830/787 829/828/785 828/829/786
f 782/783/740 829/828/785 830/830/787
f 782/783/740 784/784/741 829/828/785
f 784/784/741 826/826/783 829/828/785
f 830/830/787 828/829/786 832/831/788
f 780/780/737 782/783/740 830/830/787
f 831/832/789 830/830/787 832/831/788
f 780/780/737 830/830/787 831/832/789
f 831/832/789 832/831/788 833/833/790
f 834/834/791 831/832/789 833/833/790
f 834/834/791 833/833/790 835/835/792
f 837/836/793 835/835/792 836/837/794
f 837/836/793 834/834/791 835/835/792
f 838/838/795 837/836/793 836/837/794
f 774/775/732 837/836/793 838/838/795
f 774/775/732 776/776/733 837/836/793
f 776/776/733 834/834/791 837/836/793
f 838/838/795 836/837/794 840/839/796
f 772/772/729 774/775/732 838/838/795
f 772/772/729 838/838/795 839/840/797
f 839/840/797 838/838/795 840/839/796
f 839/840/797 840/839/796 841/841/798
f 842/842/799 839/840/797 841/841/798
f 842/842/799 841/841/798 843/843/800
f 845/844/801 843/843/800 844/845/802
f 845/844/801 842/842/799 843/843/800
f 766/767/724 845/844/801 846/846/803
f 846/846/803 845/844/801 844/845/802
f 766/767/724 768/768/725 845/844/801
f 768/768/725 842/842/799 845/844/801
f 846/846/803 844/845/802 848/847/804
f 764/764/721 766/767/724 846/846/803
f 764/764/721 846/846/803 847/848/805
f 847/848/805 846/846/803 848/847/804
f 847/848/805 848/847/804 849/849/806
f 850/850/763 847/848/805 849/849/806
f 760/761/718 762/762/719 850/850/763
f 762/762/719 847/848/805 850/850/763
f 762/762/719 764/764/721 847/848/805
f 770/771/728 839/840/797 842/842/799
f 768/768/725 770/771/728 842/842/799
f 770/771/728 772/772/729 839/840/797
f 778/779/736 831/832/789 834/834/791
f 776/776/733 778/779/736 834/834/791
f 778/779/736 780/780/737 831/832/789
f 786/787/744 823/824/781 826/826/783
f 784/784/741 786/787/744 826/826/783
f 786/787/744 788/788/745 823/824/781
f 794/795/752 815/816/773 818/818/775
f 792/792/749 794/795/752 818/818/775
f 794/795/752 796/796/753 815/816/773
f 802/803/760 805/805/762 810/810/767
f 800/800/757 802/803/760 810/810/767
f 851/851/807 853/852/808 852/853/809
f 853/852/808 854/854/810 852/853/809
f 853/852/808 855/855/811 854/854/810
f 856/856/812 855/855/811 853/852/808
f 855/855/811 856/856/812 857/857/813
f 860/858/814 855/855/811 857/857/813
f 858/859/815 857/857/813 859/860/816
f 860/858/814 857/857/813 858/859/815
f 855/855/811 860/858/814 861/861/817
f 860/858/814 862/862/818 861/861/817
f 860/858/814 863/863/819 862/862/818
f 863/863/819 860/858/814 858/859/815
f 863/863/819 864/864/820 862/862/818
f 864/864/820 866/865/821 865/866/822
f 862/862/818 864/864/820 865/866/822
f 865/866/822 866/865/821 867/867/823
f 866/865/821 868/868/824 867/867/823
f 867/867/823 868/868/824 869/869/825
f 868/868/824 870/870/826 869/869/825
f 870/870/826 871/871/827 872/872/828
f 869/869/825 870/870/826 872/872/828
f 869/869/825 872/872/828 874/873/829
f 872/872/828 871/871/827 873/874/830
f 872/872/828 873/874/830 875/875/831
f 874/873/829 872/872/828 875/875/831
f 875/875/831 877/876/832 876/877/833
f 878/878/834 875/875/831 876/877/833
f 874/873/829 875/875/831 878/878/834
f 875/875/831 873/874/830 877/876/832
f 879/879/835 874/873/829 878/878/834
f 879/879/835 878/878/834 880/880/836
f 880/880/836 878/878/834 881/881/837
f 878/878/834 876/877/833 881/881/837
f 881/881/837 876/877/833 882/882/838
f 876/877/833 883/883/839 882/882/838
f 882/882/838 883/883/839 884/884/840
f 883/883/839 885/885/841 884/884/840
f 884/884/840 885/885/841 886/886/842
f 885/885/841 887/887/843 886/886/842
f 886/886/842 887/887/843 888/888/844
f 888/888/844 889/889/845 890/890/846
f 887/887/843 889/889/845 888/888/844
f 889/889/845 891/891/847 890/890/846
f 890/890/846 891/891/847 892/892/848
f 891/891/847 893/893/849 892/892/848
f 892/892/848 893/893/849 894/894/850
f 893/893/849 895/895/851 894/894/850
f 894/894/850 895/895/851 896/896/852
f 896/896/852 897/897/853 898/898/854
f 895/895/851 897/897/853 896/896/852
f 897/897/853 899/899/855 898/898/854
f 898/898/854 899/899/855 900/900/856
f 899/899/855 901/901/857 900/900/856
f 900/900/856 901/901/857 902/902/858
f 901/901/857 903/903/859 902/902/858
f 902/902/858 903/903/859 904/904/860
f 904/904/860 905/905/861 906/906/862
f 903/903/859 905/905/861 904/904/860
f 905/905/861 907/907/863 906/906/862
f 906/906/862 907/907/863 908/908/864
f 907/907/863 909/909/865 908/908/864
f 908/908/864 909/909/865 910/910/807
f 909/909/865 911/911/866 910/910/807
f 909/909/865 912/912/812 911/911/866
f 913/913/867 914/914/868 912/912/812
f 913/913/867 912/912/812 909/909/865
f 914/914/868 915/915/869 912/912/812
f 914/914/868 916/916/870 915/915/869
f 917/917/871 916/916/870 914/914/868
f 919/918/872 917/917/871 918/919/873
f 918/919/873 917/917/871 914/914/868
f 920/920/874 919/918/872 918/919/873
f 921/921/875 919/918/872 920/920/874
f 923/922/876 921/921/875 920/920/874
f 922/923/877 921/921/875 923/922/876
f 924/924/878 923/922/876 925/925/879
f 926/926/880 923/922/876 924/924/878
f 923/922/876 920/920/874 925/925/879
f 926/926/880 922/923/877 923/922/876
f 928/927/881 926/926/880 927/928/882
f 927/928/882 926/926/880 924/924/878
f 928/927/881 929/929/883 926/926/880
f 929/929/883 922/923/877 926/926/880
f 930/930/884 929/929/883 928/927/881
f 931/931/885 930/930/884 932/932/886
f 932/932/886 930/930/884 928/927/881
f 933/933/887 931/931/885 932/932/886
f 933/933/887 932/932/886 934/934/888
f 932/932/886 928/927/881 935/935/889
f 934/934/888 932/932/886 935/935/889
f 934/934/888 935/935/889 897/897/853
f 897/897/853 935/935/889 899/899/855
f 935/935/889 927/928/882 899/899/855
f 935/935/889 928/927/881 927/928/882
f 895/895/851 934/934/888 897/897/853
f 936/936/890 933/933/887 934/934/888
f 936/936/890 934/934/888 895/895/851
f 937/937/891 938/938/892 936/936/890
f 937/937/891 936/936/890 893/893/849
f 893/893/849 936/936/890 895/895/851
f 938/938/892 933/933/887 936/936/890
f 939/939/893 940/940/894 938/938/892
f 939/939/893 938/938/892 937/937/891
f 938/938/892 941/941/895 933/933/887
f 940/940/894 941/941/895 938/938/892
f 941/941/895 931/931/885 933/933/887
f 942/942/896 940/940/894 939/939/893
f 944/943/897 942/942/896 943/944/898
f 943/944/898 942/942/896 939/939/893
f 946/945/899 944/943/897 943/944/898
f 945/946/900 944/943/897 946/945/899
f 949/947/901 946/945/899 947/948/902
f 947/948/902 946/945/899 948/949/903
f 946/945/899 943/944/898 948/949/903
f 949/947/901 945/946/900 946/945/899
f 950/950/904 949/947/901 947/948/902
f 951/951/905 949/947/901 950/950/904
f 951/951/905 952/952/906 949/947/901
f 952/952/906 945/946/900 949/947/901
f 953/953/907 952/952/906 951/951/905
f 871/871/827 953/953/907 873/874/830
f 873/874/830 953/953/907 951/951/905
f 877/876/832 951/951/905 950/950/904
f 873/874/830 951/951/905 877/876/832
f 950/950/904 947/948/902 885/885/841
f 877/876/832 950/950/904 883/883/839
f 883/883/839 950/950/904 885/885/841
f 947/948/902 948/949/903 887/887/843
f 948/949/903 954/954/908 889/889/845
f 887/887/843 948/949/903 889/889/845
f 948/949/903 943/944/898 954/954/908
f 889/889/845 954/954/908 891/891/847
f 954/954/908 937/937/891 891/891/847
f 954/954/908 939/939/893 937/937/891
f 943/944/898 939/939/893 954/954/908
f 885/885/841 947/948/902 887/887/843
f 891/891/847 937/937/891 893/893/849
f 927/928/882 924/924/878 901/901/857
f 899/899/855 927/928/882 901/901/857
f 925/925/879 955/955/909 905/905/861
f 903/903/859 925/925/879 905/905/861
f 924/924/878 925/925/879 903/903/859
f 925/925/879 920/920/874 955/955/909
f 905/905/861 955/955/909 907/907/863
f 955/955/909 913/913/867 907/907/863
f 955/955/909 918/919/873 913/913/867
f 920/920/874 918/919/873 955/955/909
f 901/901/857 924/924/878 903/903/859
f 918/919/873 914/914/868 913/913/867
f 907/907/863 913/913/867 909/909/865
f 876/877/833 877/876/832 883/883/839
f 956/956/910 879/879/835 880/880/836
f 957/957/911 958/958/912 956/956/910
f 958/958/912 879/879/835 956/956/910
f 959/959/913 960/960/914 958/958/912
f 959/959/913 958/958/912 957/957/911
f 958/958/912 961/961/915 879/879/835
f 960/960/914 961/961/915 958/958/912
f 960/960/914 867/867/823 961/961/915
f 961/961/915 869/869/825 874/873/829
f 961/961/915 874/873/829 879/879/835
f 867/867/823 869/869/825 961/961/915
f 962/962/916 960/960/914 959/959/913
f 962/962/916 865/866/822 960/960/914
f 865/866/822 867/867/823 960/960/914
f 861/861/817 862/862/818 962/962/916
f 861/861/817 962/962/916 963/963/917
f 963/963/917 962/962/916 959/959/913
f 862/862/818 865/866/822 962/962/916
f 854/854/810 861/861/817 963/963/917
f 854/854/810 963/963/917 964/964/918
f 964/964/918 963/963/917 965/965/919
f 963/963/917 959/959/913 965/965/919
f 965/965/919 959/959/913 957/957/911
f 852/853/809 854/854/810 964/964/918
f 855/855/811 861/861/817 854/854/810
f 966/966/920 968/967/921 967/968/922
f 968/967/921 969/969/923 967/968/922
f 968/967/921 970/970/924 969/969/923
f 970/970/924 971/971/925 969/969/923
f 970/970/924 972/972/875 971/971/925
f 972/972/875 973/973/926 971/971/925
f 972/972/875 974/974/927 973/973/926
f 974/974/927 976/975/928 975/976/929
f 974/974/927 975/976/929 973/973/926
f 976/975/928 977/977/930 975/976/929
f 976/975/928 978/978/931 977/977/930
f 978/978/931 979/979/932 977/977/930
f 978/978/931 980/980/933 979/979/932
f 980/980/933 981/981/934 979/979/932
f 980/980/933 982/982/935 981/981/934
f 982/982/935 983/983/936 981/981/934
f 982/982/935 984/984/894 983/983/936
f 984/984/894 986/985/937 985/986/938
f 984/984/894 985/986/938 983/983/936
f 986/985/937 987/987/939 985/986/938
f 986/985/937 988/988/940 987/987/939
f 988/988/940 989/989/941 987/987/939
f 988/988/940 990/990/942 989/989/941
f 990/990/942 992/991/943 991/992/944
f 990/990/942 991/992/944 989/989/941
f 992/991/943 993/993/945 991/992/944
f 992/991/943 994/994/946 993/993/945
f 994/994/946 995/995/947 993/993/945
f 994/994/946 996/996/948 995/995/947
f 996/996/948 997/997/949 995/995/947
f 996/996/948 998/998/950 997/997/949
f 998/998/950 999/999/951 997/997/949
f 998/998/950 1000/1000/952 999/999/951
f 1000/1000/952 1002/1001/953 1001/1002/954
f 1000/1000/952 1001/1002/954 999/999/951
f 1002/1001/953 1003/1003/955 1001/1002/954
f 1002/1001/953 1004/1004/956 1003/1003/955
f 1004/1004/956 1005/1005/957 1003/1003/955
f 1004/1004/956 1006/1006/958 1005/1005/957
f 1006/1006/958 1008/1007/815 1007/1008/959
f 1006/1006/958 1007/1008/959 1005/1005/957
f 1008/1007/815 1009/1009/960 1007/1008/959
f 1008/1007/815 1010/1010/920 1009/1009/960
f 1010/1010/920 1011/1011/961 1009/1009/960
f 1011/1011/961 1012/1012/962 1013/1013/963
f 1009/1009/960 1011/1011/961 1013/1013/963
f 1009/1009/960 1013/1013/963 1014/1014/964
f 1007/1008/959 1014/1014/964 1015/1015/965
f 1007/1008/959 1009/1009/960 1014/1014/964
f 1005/1005/957 1007/1008/959 1015/1015/965
f 1005/1005/957 1015/1015/965 1016/1016/798
f 1003/1003/955 1016/1016/798 1017/1017/796
f 1003/1003/955 1005/1005/957 1016/1016/798
f 1001/1002/954 1003/1003/955 1017/1017/796
f 1001/1002/954 1017/1017/796 1018/1018/966
f 999/999/951 1018/1018/966 1019/1019/967
f 999/999/951 1001/1002/954 1018/1018/966
f 997/997/949 1019/1019/967 1020/1020/968
f 997/997/949 999/999/951 1019/1019/967
f 995/995/947 997/997/949 1020/1020/968
f 995/995/947 1020/1020/968 1021/1021/969
f 993/993/945 1021/1021/969 1022/1022/970
f 993/993/945 995/995/947 1021/1021/969
f 991/992/944 1022/1022/970 1023/1023/971
f 991/992/944 993/993/945 1022/1022/970
f 989/989/941 991/992/944 1023/1023/971
f 989/989/941 1023/1023/971 1024/1024/972
f 987/987/939 1024/1024/972 1025/1025/973
f 987/987/939 989/989/941 1024/1024/972
f 985/986/938 987/987/939 1025/1025/973
f 985/986/938 1025/1025/973 1026/1026/974
f 983/983/936 1026/1026/974 1027/1027/776
f 983/983/936 985/986/938 1026/1026/974
f 981/981/934 1027/1027/776 1028/1028/975
f 981/981/934 983/983/936 1027/1027/776
f 979/979/932 981/981/934 1028/1028/975
f 979/979/932 1028/1028/975 1029/1029/976
f 977/977/930 1029/1029/976 1030/1030/770
f 977/977/930 979/979/932 1029/1029/976
f 975/976/929 1030/1030/770 1031/1031/768
f 975/976/929 977/977/930 1030/1030/770
f 973/973/926 975/976/929 1031/1031/768
f 973/973/926 1031/1031/768 1032/1032/766
f 971/971/925 1032/1032/766 1033/1033/765
f 971/971/925 973/973/926 1032/1032/766
f 969/969/923 971/971/925 1033/1033/765
f 969/969/923 1033/1033/765 1034/1034/962
f 967/968/922 969/969/923 1034/1034/962
