# Blender 3.4.1
# www.blender.org
mtllib horse.mtl
o Horse
v 0.002339 0.035139 0.000034
v 0.002450 0.032617 0.002692
v 0.001200 0.034561 0.000565
v 0.002447 0.032724 0.001266
v 0.002414 0.033470 0.000431
v 0.002362 0.034635 -0.000101
v 0.001808 0.033759 0.001370
v 0.001831 0.032996 0.002226
v 0.001804 0.033858 0.001269
v 0.002461 0.032404 0.001880
v 0.002385 0.034132 -0.000235
v 0.001813 0.033465 0.001698
v 0.002493 0.032041 0.002309
v 0.001227 0.032801 0.002480
v 0.002344 0.034169 0.000273
v 0.002354 0.034288 0.000110
v 0.002430 0.033121 0.000822
v 0.002393 0.033299 0.001196
v 0.001804 0.033664 0.001476
v 0.002228 0.033253 0.001669
v 0.001780 0.034504 0.000613
v 0.002321 0.034112 0.000914
v 0.002365 0.033986 0.000478
v 0.002076 0.033168 0.001959
v 0.002411 0.033546 0.000851
v 0.002093 0.034005 0.001114
v 0.002464 0.032502 0.002280
v 0.002416 0.033436 0.000946
v 0.002401 0.033752 0.000757
v 0.002397 0.033867 0.000028
v 0.002431 0.032950 0.001680
v 0.001787 0.034255 0.000866
v -0.001346 0.047730 -0.021335
v -0.000017 0.046262 -0.023369
v -0.001889 0.045836 -0.019874
v 0.002183 0.033635 0.001226
v 0.002245 0.035764 -0.000445
v 0.002207 0.034452 0.000405
v 0.002316 0.035745 -0.000467
v -0.001700 0.047926 -0.020923
v -0.001569 0.047694 -0.021385
v 0.002454 0.029448 0.009630
v 0.002458 0.029259 0.011445
v -0.001350 0.047818 -0.021190
v -0.001782 0.047701 -0.020816
v -0.001330 0.047984 -0.020890
v -0.001791 0.047426 -0.021194
v 0.002629 0.028600 0.010495
v -0.001549 0.047884 -0.021057
v -0.001797 0.047553 -0.021048
v -0.001791 0.045154 -0.007854
v -0.001441 0.044986 -0.007499
v -0.001926 0.044607 -0.007186
v -0.001451 0.045162 -0.007673
v 0.002034 0.029612 0.009723
v -0.001449 0.044798 -0.007339
v 0.002632 0.028537 0.011047
v 0.002621 0.028791 0.009410
v -0.001932 0.044545 -0.007844
v -0.001893 0.044578 -0.008062
v -0.001876 0.044948 -0.008171
v 0.001310 0.029515 0.010557
v 0.001307 0.029724 0.009371
v 0.001313 0.029585 0.010160
v -0.001949 0.044171 -0.007523
v 0.001308 0.029464 0.011001
v -0.001881 0.045639 -0.008153
v -0.001956 0.044111 -0.008181
v -0.001939 0.044488 -0.008501
v -0.001280 0.048897 -0.018222
v -0.001301 0.048822 -0.018581
v -0.001337 0.048875 -0.018433
v -0.001931 0.044675 -0.008660
v -0.001525 0.048916 -0.018090
v -0.001309 0.048978 -0.017749
v -0.001771 0.048260 -0.018357
v -0.001715 0.048916 -0.017881
v -0.001734 0.048733 -0.018928
v -0.001825 0.046917 -0.022500
v -0.001838 0.046727 -0.022066
v -0.002007 0.043498 -0.023745
v -0.001363 0.047180 -0.022174
v -0.001887 0.045688 -0.022724
v -0.001857 0.046216 -0.023355
v -0.001370 0.047010 -0.022393
v -0.001366 0.047261 -0.022069
v -0.001768 0.048330 -0.017947
v -0.001767 0.048200 -0.018605
v -0.001873 0.046184 -0.023338
v -0.001352 0.047596 -0.021545
v -0.001814 0.047270 -0.020939
v -0.001717 0.047386 -0.021533
v -0.001834 0.046816 -0.021635
v -0.001821 0.047103 -0.021201
v -0.001967 0.044405 -0.022911
v -0.001739 0.047111 -0.021580
v -0.001905 0.044840 -0.024185
v -0.001419 0.044988 -0.024612
v -0.001417 0.045094 -0.024506
v -0.001896 0.046038 -0.019427
v -0.002028 0.043005 -0.024148
v -0.001431 0.044615 -0.024932
v -0.001934 0.044798 -0.022511
v -0.001412 0.045516 -0.024081
v -0.001932 0.044365 -0.024603
v -0.001822 0.046229 -0.023362
v -0.000888 0.048867 -0.018434
v -0.001616 0.045203 -0.024320
v -0.001899 0.045263 -0.023759
v -0.001919 0.044488 -0.025029
v -0.001785 0.045244 -0.024099
v -0.001899 0.045972 -0.019558
v 0.002519 0.031097 0.005130
v 0.002550 0.031049 0.005072
v 0.002448 0.031117 0.005154
v 0.002494 0.031661 0.004100
v 0.002423 0.031684 0.004118
v 0.002526 0.031606 0.004055
v 0.002467 0.032294 0.003149
v 0.002498 0.032237 0.003107
v 0.002395 0.032317 0.003166
v 0.002537 0.030684 -0.015068
v 0.002468 0.030653 -0.015064
v 0.002563 0.030758 -0.015076
v 0.002422 0.032953 0.002240
v 0.002019 0.042546 -0.016759
v 0.002049 0.042523 -0.016689
v 0.001948 0.042555 -0.016788
v 0.002043 0.041991 -0.017164
v 0.002075 0.041931 -0.017121
v 0.001972 0.042016 -0.017182
v 0.001698 0.048289 -0.020369
v 0.002347 0.035700 -0.000522
v 0.002256 0.037116 -0.001532
v 0.002185 0.037134 -0.001508
v 0.002053 0.041773 -0.017831
v 0.001981 0.041804 -0.017831
v 0.002085 0.041699 -0.017831
v 0.002043 0.041989 -0.018492
v 0.002075 0.041925 -0.018522
v 0.001972 0.042016 -0.018480
v 0.002049 0.041865 -0.004948
v 0.001978 0.041883 -0.004924
v 0.001978 0.043482 -0.006192
v 0.002008 0.043474 -0.006278
v 0.001908 0.043485 -0.006156
v 0.002019 0.042559 -0.018908
v 0.002047 0.042568 -0.018991
v 0.001948 0.042555 -0.018874
v 0.001912 0.044992 -0.007477
v 0.001842 0.045000 -0.007445
v 0.001942 0.044972 -0.007552
v 0.001854 0.046331 -0.008799
v 0.001954 0.044031 -0.017831
v 0.001887 0.046239 -0.008803
v 0.001782 0.046369 -0.008797
v 0.001989 0.043246 -0.018908
v 0.001918 0.043249 -0.018874
v 0.002018 0.043238 -0.018991
v 0.001802 0.047518 -0.010243
v 0.001833 0.047476 -0.010308
v 0.001731 0.047536 -0.010216
v 0.001763 0.048420 -0.011730
v 0.001794 0.048368 -0.011781
v 0.001691 0.048441 -0.011709
v 0.002530 0.030841 -0.014764
v 0.002556 0.030912 -0.014780
v 0.002461 0.030812 -0.014757
v 0.001738 0.048996 -0.013277
v 0.001666 0.049027 -0.013282
v 0.001770 0.048921 -0.013265
v 0.001728 0.049206 -0.014951
v 0.001761 0.049136 -0.014980
v 0.001657 0.049235 -0.014939
v 0.002528 0.030895 -0.014373
v 0.002459 0.030865 -0.014366
v 0.002554 0.030965 -0.014391
v 0.001730 0.049172 -0.016211
v 0.001762 0.049102 -0.016224
v 0.001658 0.049200 -0.016206
v 0.001735 0.049067 -0.017352
v 0.001767 0.049002 -0.017316
v 0.001663 0.049094 -0.017368
v 0.002530 0.030855 -0.013991
v 0.002556 0.030921 -0.013965
v 0.002460 0.030827 -0.014002
v 0.001743 0.048881 -0.018435
v 0.001671 0.048910 -0.018439
v 0.001775 0.048811 -0.018427
v 0.002574 0.029778 0.008977
v 0.001754 0.048616 -0.019425
v 0.001786 0.048550 -0.019400
v 0.001683 0.048643 -0.019434
v 0.002536 0.030696 -0.013708
v 0.002563 0.030748 -0.013656
v 0.002467 0.030675 -0.013730
v 0.001770 0.048262 -0.020358
v 0.001802 0.048197 -0.020330
v 0.001704 0.048152 -0.020639
v 0.001789 0.047816 -0.021240
v 0.001821 0.047758 -0.021200
v 0.001718 0.047840 -0.021257
v 0.002551 0.030368 -0.013530
v 0.002481 0.030359 -0.013558
v 0.002579 0.030390 -0.013461
v 0.001813 0.047275 -0.022087
v 0.001844 0.047230 -0.022026
v 0.001741 0.047293 -0.022113
v 0.001842 0.046609 -0.022944
v 0.001770 0.046642 -0.022951
v 0.001874 0.046529 -0.022928
v 0.001875 0.045855 -0.023772
v 0.001907 0.045791 -0.023738
v 0.001803 0.045881 -0.023786
v 0.001913 0.044987 -0.024612
v 0.001841 0.045006 -0.024634
v 0.001944 0.044943 -0.024559
v 0.001956 0.044001 -0.025477
v 0.001885 0.044011 -0.025507
v 0.001933 0.042908 -0.026384
v 0.002003 0.042924 -0.026279
v 0.001990 0.042927 -0.026342
v 0.002599 0.029193 -0.013480
v 0.002000 0.042979 -0.026305
v 0.001934 0.042890 -0.026322
v 0.002029 0.042991 -0.026211
v 0.001930 0.042967 -0.026358
v 0.001935 0.042890 -0.022213
v 0.003148 0.016233 -0.015932
v 0.001937 0.042820 -0.022184
v 0.002028 0.043020 -0.022085
v 0.001933 0.042919 -0.022284
v 0.002602 0.029203 -0.022155
v 0.002591 0.029146 -0.022142
v 0.002533 0.029168 -0.022169
v 0.002577 0.029136 -0.022085
v 0.003151 0.015014 -0.009477
v 0.003149 0.015043 -0.009401
v 0.003245 0.015142 -0.009582
v 0.003153 0.014945 -0.009520
v 0.003151 0.015014 0.009476
v 0.003149 0.015043 0.009401
v 0.003153 0.014945 0.009517
v 0.003245 0.015142 0.009584
v 0.002534 0.029112 -0.016106
v 0.002603 0.029170 -0.016081
v 0.002592 0.029124 -0.016116
v 0.002532 0.029173 -0.016043
v 0.002601 0.029144 -0.016172
v 0.002534 0.029166 0.016526
v 0.002603 0.029165 0.016478
v 0.002591 0.029152 0.016523
v 0.002607 0.029091 0.016539
v 0.002532 0.029197 0.016456
v 0.002636 0.029088 0.016502
v 0.002536 0.029095 0.016555
v 0.002594 0.029299 0.012325
v 0.001964 0.043815 -0.018492
v 0.001990 0.043879 -0.018523
v 0.001894 0.043789 -0.018480
v 0.002432 0.029340 0.010470
v 0.002574 0.029832 -0.013465
v 0.002603 0.029834 -0.013394
v 0.002504 0.029832 -0.013494
v -0.001622 0.047680 -0.021165
v -0.002447 0.029291 -0.022081
v -0.001970 0.042870 -0.022169
v 0.001885 0.044001 -0.017831
v 0.001980 0.044105 -0.017831
v 0.002560 0.030161 0.007564
v 0.002592 0.030083 0.007574
v 0.002488 0.030193 0.007560
v 0.002537 0.030588 0.006302
v 0.002268 0.030622 0.006298
v 0.002574 0.030506 0.006317
v 0.001964 0.043814 -0.017164
v 0.001990 0.043873 -0.017121
v 0.001894 0.043789 -0.017182
v 0.001988 0.043259 -0.016759
v 0.001918 0.043249 -0.016788
v 0.002016 0.043282 -0.016689
v 0.002565 0.030037 -0.015595
v 0.002595 0.030023 -0.015692
v 0.002495 0.030042 -0.015556
v 0.002550 0.030386 -0.015362
v 0.002479 0.030394 -0.015320
v 0.002580 0.030367 -0.015462
v 0.003657 0.003196 -0.018391
v 0.003728 0.003201 -0.018331
v 0.003714 0.003214 -0.018380
v 0.003659 0.003167 -0.018326
v 0.003697 0.003274 -0.018384
v 0.003728 0.003205 -0.011969
v 0.003658 0.003191 -0.011900
v 0.003714 0.003212 -0.011910
v 0.003725 0.003274 -0.011885
v 0.003659 0.003167 -0.011976
v 0.003655 0.003265 -0.011857
v 0.003753 0.003284 -0.011954
v 0.003725 0.003260 0.011536
v 0.003657 0.003196 0.011546
v 0.003715 0.003207 0.011557
v 0.003728 0.003194 0.011614
v 0.003655 0.003265 0.011505
v 0.003659 0.003167 0.011622
v 0.003755 0.003261 0.011607
v 0.003657 0.003196 0.016526
v 0.003726 0.003263 0.016538
v 0.003715 0.003208 0.016522
v 0.003728 0.003194 0.016478
v 0.003655 0.003266 0.016555
v 0.003755 0.003261 0.016499
v 0.003659 0.003167 0.016456
v -0.002519 0.031097 0.005130
v -0.002448 0.031117 0.005154
v -0.002550 0.031049 0.005072
v -0.002494 0.031661 0.004100
v -0.002526 0.031606 0.004055
v -0.002423 0.031684 0.004118
v -0.002467 0.032294 0.003149
v -0.002395 0.032317 0.003166
v -0.002498 0.032237 0.003107
v -0.002537 0.030684 -0.015068
v -0.002563 0.030758 -0.015076
v -0.002468 0.030653 -0.015064
v -0.002436 0.032988 0.002263
v -0.002468 0.032922 0.002232
v -0.002365 0.033015 0.002276
v -0.002019 0.042546 -0.016759
v -0.002049 0.042525 -0.016689
v -0.001948 0.042555 -0.016788
v -0.002402 0.033766 0.001392
v -0.002332 0.033776 0.001424
v -0.002433 0.033741 0.001315
v -0.002367 0.034573 0.000573
v -0.002399 0.034514 0.000531
v -0.002296 0.034597 0.000590
v -0.002043 0.041990 -0.017167
v -0.001972 0.042016 -0.017182
v -0.002075 0.041929 -0.017129
v -0.002316 0.035745 -0.000467
v -0.002347 0.035700 -0.000522
v -0.002245 0.035764 -0.000445
v -0.002256 0.037116 -0.001532
v -0.002185 0.037134 -0.001508
v -0.002053 0.041773 -0.017831
v -0.002085 0.041699 -0.017831
v -0.001981 0.041804 -0.017831
v -0.002043 0.041989 -0.018492
v -0.001972 0.042016 -0.018480
v -0.002075 0.041925 -0.018522
v -0.002049 0.041865 -0.004948
v -0.002080 0.041821 -0.005006
v -0.001978 0.041883 -0.004924
v -0.001975 0.043479 -0.006226
v -0.002019 0.042559 -0.018908
v -0.002047 0.042568 -0.018991
v -0.001948 0.042555 -0.018874
v -0.001850 0.044845 -0.007578
v -0.001852 0.046295 -0.008800
v -0.001989 0.043246 -0.018908
v -0.001918 0.043249 -0.018874
v -0.002018 0.043238 -0.018991
v -0.001802 0.047518 -0.010243
v -0.001731 0.047536 -0.010216
v -0.001833 0.047476 -0.010308
v -0.001763 0.048420 -0.011730
v -0.001691 0.048441 -0.011709
v -0.001794 0.048368 -0.011781
v -0.002530 0.030841 -0.014764
v -0.002461 0.030812 -0.014757
v -0.002556 0.030912 -0.014780
v -0.001738 0.048996 -0.013277
v -0.001770 0.048921 -0.013265
v -0.001666 0.049027 -0.013282
v -0.001728 0.049206 -0.014951
v -0.001657 0.049235 -0.014939
v -0.001761 0.049136 -0.014980
v -0.002528 0.030895 -0.014373
v -0.002554 0.030965 -0.014391
v -0.002459 0.030865 -0.014366
v -0.001762 0.049102 -0.016224
v -0.001733 0.049041 -0.017338
v -0.002530 0.030855 -0.013991
v -0.002460 0.030827 -0.014002
v -0.002556 0.030921 -0.013965
v -0.001726 0.048613 -0.019423
v -0.002536 0.030696 -0.013708
v -0.002467 0.030675 -0.013730
v -0.002563 0.030748 -0.013656
v -0.001748 0.048124 -0.020624
v -0.002595 0.030023 -0.015692
v -0.002551 0.030368 -0.013530
v -0.002579 0.030390 -0.013461
v -0.002481 0.030359 -0.013558
v -0.001585 0.047140 -0.021951
v -0.001873 0.045830 -0.023759
v -0.001852 0.044959 -0.024594
v -0.001953 0.043991 -0.025449
v -0.002000 0.042992 -0.026300
v -0.002003 0.042920 -0.026266
v -0.001989 0.042930 -0.026336
v -0.001932 0.042912 -0.026374
v -0.002029 0.042991 -0.026211
v -0.001934 0.042890 -0.026322
v -0.001730 0.049172 -0.016211
v -0.001930 0.042967 -0.026358
v -0.001945 0.042904 -0.022219
v -0.002002 0.042948 -0.022184
v -0.001658 0.049200 -0.016206
v -0.001933 0.042919 -0.022284
v -0.002028 0.043020 -0.022085
v -0.001700 0.048716 -0.018379
v -0.003151 0.015014 -0.009477
v 0.003224 0.015071 -0.009523
v -0.003153 0.014945 -0.009520
v -0.003245 0.015142 -0.009582
v -0.003149 0.015043 -0.009401
v -0.001770 0.048262 -0.020358
v -0.003151 0.015014 0.009476
v -0.003245 0.015142 0.009584
v -0.003153 0.014945 0.009517
v -0.003149 0.015043 0.009401
v -0.002534 0.029112 -0.016106
v -0.002603 0.029170 -0.016081
v -0.001802 0.048197 -0.020330
v -0.002577 0.029119 -0.016180
v -0.002532 0.029173 -0.016043
v -0.002534 0.029166 0.016526
v -0.002591 0.029152 0.016523
v -0.002603 0.029165 0.016478
v -0.002579 0.029092 0.016538
v -0.002532 0.029197 0.016456
v -0.002602 0.029205 0.014318
v -0.002530 0.029236 0.014328
v -0.002634 0.029131 0.014293
v -0.002596 0.029328 0.012331
v -0.002524 0.029359 0.012337
v -0.002629 0.029254 0.012317
v -0.001698 0.048289 -0.020369
v -0.001964 0.043815 -0.018492
v -0.001894 0.043789 -0.018480
v -0.001990 0.043879 -0.018523
v -0.002587 0.029529 0.010558
v -0.001840 0.046577 -0.022938
v -0.002620 0.029455 0.010552
v -0.002516 0.029560 0.010560
v -0.002574 0.029832 -0.013465
v -0.002504 0.029832 -0.013494
v -0.002603 0.029834 -0.013394
v -0.002609 0.029038 -0.013528
v -0.002638 0.029035 -0.013426
v -0.002538 0.029043 -0.013547
v -0.002575 0.029808 0.008976
v -0.002608 0.029732 0.008979
v -0.002503 0.029839 0.008975
v -0.001954 0.044031 -0.017831
v -0.001980 0.044105 -0.017831
v -0.001885 0.044001 -0.017831
v -0.002560 0.030161 0.007564
v -0.002488 0.030193 0.007560
v -0.002592 0.030083 0.007574
v -0.002541 0.030586 0.006300
v -0.002574 0.030506 0.006317
v -0.002469 0.030620 0.006293
v -0.001964 0.043814 -0.017164
v -0.001894 0.043789 -0.017182
v -0.001990 0.043873 -0.017121
v -0.001988 0.043259 -0.016759
v -0.002016 0.043282 -0.016689
v -0.001918 0.043249 -0.016788
v -0.002565 0.030037 -0.015595
v -0.002495 0.030042 -0.015556
v -0.002550 0.030386 -0.015362
v -0.002580 0.030367 -0.015462
v -0.002479 0.030394 -0.015320
v -0.003728 0.003201 -0.018331
v -0.003657 0.003196 -0.018391
v -0.003714 0.003214 -0.018380
v -0.003725 0.003281 -0.018384
v -0.003659 0.003167 -0.018326
v -0.003655 0.003265 -0.018407
v -0.003753 0.003285 -0.018337
v -0.003728 0.003201 -0.011966
v -0.003725 0.003271 -0.011885
v -0.003714 0.003212 -0.011909
v -0.003657 0.003195 -0.011900
v -0.003753 0.003284 -0.011954
v -0.003655 0.003265 -0.011857
v -0.003659 0.003167 -0.011976
v -0.003728 0.003194 0.011618
v -0.003658 0.003197 0.011546
v -0.003715 0.003207 0.011557
v -0.003725 0.003263 0.011535
v -0.003659 0.003167 0.011622
v -0.003655 0.003265 0.011505
v -0.003755 0.003261 0.011607
v -0.003728 0.003194 0.016478
v -0.003715 0.003208 0.016522
v -0.003657 0.003196 0.016526
v -0.003659 0.003167 0.016456
v -0.002580 0.029310 -0.020463
v -0.002408 0.029181 -0.020678
v -0.000021 0.029116 -0.020608
v -0.002577 0.029290 -0.021256
v -0.002545 0.029935 -0.021862
v -0.002579 0.029247 -0.021285
v -0.002577 0.029134 -0.021346
v -0.001938 0.029132 -0.022085
v -0.001938 0.029128 -0.020608
v -0.002254 0.029132 -0.020979
v -0.002257 0.029129 -0.020239
v -0.002561 0.029528 -0.021952
v -0.002579 0.029256 -0.020909
v -0.002577 0.029220 -0.021662
v -0.002577 0.029131 -0.020239
v -0.002514 0.029166 -0.021033
v -0.002562 0.029200 -0.020959
v -0.002537 0.029606 -0.022152
v -0.002545 0.029604 -0.022134
v -0.002550 0.029557 -0.022006
v -0.002566 0.029156 -0.021749
v -0.002237 0.029178 -0.022152
v -0.002246 0.029155 -0.022118
v -0.002406 0.029156 -0.021933
v -0.002564 0.029282 -0.021903
v -0.002455 0.029396 -0.022149
v -0.002534 0.029399 -0.022151
v -0.002550 0.029417 -0.022114
v -0.002555 0.029407 -0.022055
v -0.002523 0.029193 -0.021934
v -0.002559 0.029349 -0.022015
v 0.001290 0.029128 -0.017652
v 0.002577 0.029444 -0.020429
v 0.002583 0.029138 -0.020606
v 0.002594 0.029252 -0.017590
v 0.001940 0.029134 -0.018390
v 0.002584 0.029469 -0.019687
v 0.002463 0.029185 -0.019934
v 0.002592 0.029141 -0.018389
v 0.002561 0.029282 -0.019795
v 0.002261 0.029136 -0.019498
v 0.002258 0.029135 -0.020238
v 0.002587 0.029139 -0.019498
v 0.002487 0.029212 -0.020291
v 0.002559 0.029290 -0.020098
v 0.002547 0.029243 -0.020189
v 0.002252 0.029138 -0.019872
v 0.001946 0.029136 -0.016912
v 0.002597 0.029381 -0.016719
v 0.002411 0.029226 -0.016909
v 0.002595 0.029486 -0.017081
v 0.002565 0.029336 -0.017109
v 0.002092 0.019472 -0.015322
v 0.003263 0.012980 -0.016527
v 0.002793 0.019302 -0.015098
v 0.003091 0.017717 -0.014939
v 0.003229 0.014477 -0.015444
v 0.001816 0.017852 -0.015629
v 0.002987 0.014613 -0.016239
v 0.002942 0.021093 -0.015012
v 0.002781 0.017706 -0.015542
v 0.001965 0.017042 -0.015782
v 0.001437 0.018661 -0.015477
v 0.003120 0.016975 -0.015429
v 0.002988 0.020133 -0.014638
v 0.003063 0.018459 -0.014281
v 0.002999 0.017043 -0.015779
v 0.002351 0.018665 -0.015437
v 0.002112 0.018244 -0.015538
v 0.003018 0.018486 -0.015128
v 0.003023 0.019337 -0.014525
v 0.003066 0.018968 -0.014819
v 0.003196 0.013649 -0.015848
v 0.003269 0.013599 -0.015201
v 0.003326 0.012115 -0.016301
v 0.002631 0.013803 -0.016394
v 0.002630 0.012183 -0.016700
v 0.003040 0.013786 -0.016293
v 0.003320 0.012184 -0.016698
v 0.003297 0.012857 -0.015751
v -0.002079 0.025864 0.016540
v -0.002540 0.025873 0.016295
v -0.002662 0.027349 0.015669
v -0.002220 0.027363 0.016540
v -0.002586 0.027522 0.016394
v -0.002760 0.024992 0.016103
v -0.002620 0.028221 0.016103
v -0.002732 0.025734 0.015669
v -0.002690 0.026606 0.016103
v -0.002358 0.026268 0.016539
v -0.002274 0.025057 0.016539
v -0.002454 0.028285 0.016538
v -0.002614 0.028285 0.016538
v -0.002674 0.025057 0.016538
v -0.002604 0.026671 0.016538
v -0.002736 0.025425 0.016302
v -0.002669 0.027042 0.016320
v -0.002286 0.037108 -0.001553
v 0.002286 0.037104 -0.001561
v 0.003223 0.015069 0.009522
v -0.003223 0.015069 0.009522
v -0.003223 0.015070 -0.009522
v 0.002006 0.042949 -0.022155
v -0.003623 0.003264 0.016537
v -0.003698 0.003264 0.016463
v -0.002793 0.024152 0.016463
v -0.002723 0.024161 0.016538
v -0.002771 0.024159 0.016516
v -0.000962 0.026316 0.019384
v -0.000607 0.027121 0.019375
v -0.001107 0.026632 0.019138
v -0.001364 0.026171 0.019104
v -0.001585 0.025656 0.019375
v -0.001491 0.025038 0.019378
v -0.001518 0.025027 0.019308
v -0.001425 0.025066 0.019408
v -0.001141 0.024515 0.019378
v -0.001162 0.024494 0.019308
v -0.001090 0.024565 0.019408
v -0.000618 0.024165 0.019378
v -0.000629 0.024137 0.019308
v -0.000590 0.024231 0.019408
v -0.000000 0.024042 0.019378
v -0.000000 0.024012 0.019308
v -0.000000 0.024114 0.019408
v 0.000618 0.024165 0.019378
v 0.000629 0.024137 0.019308
v 0.000590 0.024231 0.019408
v 0.001141 0.024515 0.019378
v 0.001162 0.024494 0.019308
v 0.001090 0.024565 0.019408
v 0.001491 0.025038 0.019378
v 0.001518 0.025027 0.019308
v 0.001425 0.025066 0.019408
v 0.001614 0.025656 0.019378
v 0.001644 0.025656 0.019308
v 0.001542 0.025656 0.019408
v 0.001491 0.026273 0.019378
v 0.001518 0.026285 0.019308
v 0.001425 0.026246 0.019408
v 0.001141 0.026797 0.019378
v 0.001162 0.026818 0.019308
v 0.001090 0.026746 0.019408
v -0.000000 0.027270 0.019378
v -0.000000 0.027198 0.019408
v -0.000000 0.027299 0.019308
v 0.000618 0.027147 0.019378
v 0.000629 0.027174 0.019308
v 0.000590 0.027081 0.019408
v -0.000732 0.025959 0.019391
v -0.000629 0.027174 0.016555
v -0.001162 0.026818 0.016555
v -0.001518 0.026285 0.016555
v -0.001644 0.025656 0.016555
v -0.001518 0.025027 0.016555
v -0.001162 0.024494 0.016555
v -0.000629 0.024137 0.016555
v -0.000000 0.024012 0.016555
v 0.000629 0.024137 0.016555
v 0.001162 0.024494 0.016555
v 0.001518 0.025027 0.016555
v 0.001644 0.025656 0.016555
v 0.001518 0.026285 0.016555
v 0.001162 0.026818 0.016555
v 0.000629 0.027174 0.016555
v -0.000000 0.027299 0.016555
v -0.000000 0.025656 0.019408
v -0.000561 0.026216 0.019391
v -0.000998 0.026876 0.018670
v -0.001569 0.025813 0.018670
v -0.001478 0.026268 0.018670
v -0.001131 0.026787 0.018670
v -0.001129 0.025959 0.019383
v -0.000712 0.026583 0.019383
v -0.007249 0.005393 0.018859
v -0.007364 0.006066 0.018301
v -0.006526 0.005953 0.019050
v -0.007364 0.004791 0.018452
v -0.006526 0.006200 0.018975
v 0.007179 0.000450 -0.017743
v -0.006526 0.005690 0.019076
v -0.006526 0.004657 0.019126
v -0.006526 0.005176 0.019126
v -0.006941 0.004274 0.019074
v -0.006526 0.004920 0.019152
v 0.007360 0.007672 0.017927
v 0.007360 0.007547 0.017949
v 0.007360 0.007813 0.017838
v -0.007355 0.004406 0.019072
v -0.007355 0.006442 0.018872
v 0.006941 0.007855 0.018247
v 0.006941 0.007738 0.018309
v 0.007360 0.007379 0.018113
v 0.007355 0.008246 0.017907
v 0.007355 0.007391 0.018478
v 0.006941 0.008154 0.018001
v 0.004319 0.000692 0.016991
v 0.003995 0.000318 0.016350
v 0.004312 0.000332 0.016341
v 0.003851 0.000944 0.016048
v 0.004319 0.000856 0.017191
v -0.005697 0.006958 0.008934
v 0.003888 0.000730 0.015726
v 0.003880 0.001186 0.016503
v 0.004733 0.000515 0.016797
v 0.004733 0.000393 0.016569
v 0.004733 0.000150 0.016114
v 0.004767 0.000658 0.017017
v 0.003910 0.001689 0.017532
v 0.003936 0.000663 0.016111
v 0.003904 0.000866 0.017180
v 0.003985 0.001701 0.017745
v 0.003904 0.002448 0.018478
v 0.003866 0.001251 0.016807
v -0.006459 0.007192 0.009129
v 0.004319 0.002556 0.018552
v 0.004317 0.001529 0.017838
v -0.006526 0.006700 0.008885
v -0.006526 0.007635 0.009328
v 0.003896 0.001759 0.017196
v 0.003896 0.002472 0.017748
v 0.003896 0.002159 0.017524
v -0.006526 0.006946 0.008962
v 0.004733 0.001976 0.018259
v -0.007364 0.007253 0.009899
v -0.007364 0.006066 0.009408
v 0.004733 0.001373 0.017764
v 0.004733 0.001773 0.018091
v 0.004733 0.002209 0.018383
v -0.007364 0.006684 0.009595
v -0.007024 0.007398 0.009220
v 0.007324 0.000684 -0.017766
v 0.006897 0.001101 -0.018812
v 0.006941 0.000569 -0.018161
v 0.006941 0.001184 -0.018911
v -0.006993 0.007432 -0.019782
v -0.007396 0.006424 -0.019476
v 0.007148 0.000738 -0.018357
v 0.006941 0.000283 -0.017655
v 0.007364 0.001127 -0.017787
v -0.007364 0.007980 -0.018599
v 0.006526 0.001010 -0.018722
v 0.007364 0.000843 -0.017281
v 0.007364 0.001496 -0.018236
v 0.007355 0.001593 -0.019229
v -0.007315 0.008007 -0.019081
v 0.006941 0.001286 -0.018995
v -0.007355 0.008973 -0.018502
v 0.007325 0.000601 -0.017501
v -0.006941 0.009066 -0.018410
v -0.007161 0.007481 -0.019619
v -0.006941 0.008655 -0.018911
v -0.007360 0.007581 -0.018970
v -0.005697 0.007878 -0.019604
v -0.007380 0.006789 -0.019351
v -0.007364 0.008343 -0.018236
v -0.006734 0.007996 -0.019461
v -0.007405 0.006424 -0.020146
v -0.007369 0.007193 -0.019252
v 0.007364 0.001859 -0.018599
v -0.006934 0.005410 0.018993
v -0.007364 0.005562 0.018401
v -0.005697 0.007423 0.009182
v 0.007294 0.001012 -0.018272
v 0.006526 0.000515 -0.018118
v 0.006925 0.000924 -0.018516
v 0.007362 0.005958 -0.020398
v 0.007221 0.005970 -0.020455
v 0.007420 0.005931 -0.020259
v 0.007362 0.006957 -0.020095
v 0.007221 0.006980 -0.020149
v 0.007420 0.006903 -0.019964
v 0.007362 0.007878 -0.019603
v 0.007221 0.007910 -0.019652
v 0.007420 0.007799 -0.019485
v 0.007362 0.008685 -0.018941
v 0.007221 0.008726 -0.018982
v 0.007420 0.008585 -0.018841
v 0.007362 0.009347 -0.018134
v 0.007221 0.009396 -0.018166
v 0.007420 0.009229 -0.018055
v 0.007362 0.009839 -0.017213
v 0.007221 0.009893 -0.017236
v 0.007420 0.009708 -0.017159
v 0.007362 0.010142 -0.016214
v 0.007221 0.010199 -0.016226
v 0.007420 0.010003 -0.016187
v 0.007362 0.010244 -0.015175
v 0.007221 0.010303 -0.015175
v 0.007420 0.010103 -0.015175
v 0.007362 0.010142 -0.014137
v 0.007221 0.010199 -0.014125
v 0.007420 0.010003 -0.014164
v 0.007362 0.009839 -0.013138
v 0.007221 0.009893 -0.013115
v 0.007420 0.009708 -0.013192
v 0.007362 0.009347 -0.012217
v 0.007221 0.009396 -0.012185
v 0.007420 0.009229 -0.012296
v 0.007362 0.008685 -0.011410
v 0.007221 0.008726 -0.011369
v 0.007420 0.008585 -0.011510
v 0.007362 0.007878 -0.010748
v 0.007221 0.007910 -0.010699
v 0.007420 0.007799 -0.010866
v 0.007362 0.006957 -0.010256
v 0.007221 0.006980 -0.010202
v 0.007420 0.006903 -0.010387
v 0.007362 0.005958 -0.009953
v 0.007221 0.005970 -0.009895
v 0.007420 0.005931 -0.010092
v 0.007362 0.004920 -0.009851
v 0.007221 0.004920 -0.009792
v 0.007420 0.004920 -0.009992
v 0.007362 0.003881 -0.009953
v 0.007221 0.003869 -0.009895
v 0.007420 0.003908 -0.010092
v 0.007362 0.002882 -0.010256
v 0.007221 0.002859 -0.010202
v 0.007420 0.002936 -0.010387
v 0.007362 0.001961 -0.010748
v 0.007221 0.001929 -0.010699
v 0.007420 0.002040 -0.010866
v 0.007362 0.001154 -0.011410
v 0.007221 0.001113 -0.011369
v 0.007420 0.001254 -0.011510
v 0.007362 0.000492 -0.012217
v 0.007221 0.000443 -0.012185
v 0.007420 0.000610 -0.012296
v 0.007362 0.000000 -0.013138
v 0.007221 -0.000054 -0.013115
v 0.007420 0.000131 -0.013192
v 0.007362 -0.000303 -0.014137
v 0.007221 -0.000360 -0.014125
v 0.007420 -0.000164 -0.014164
v 0.007362 -0.000405 -0.015175
v 0.007221 -0.000464 -0.015175
v 0.007420 -0.000264 -0.015175
v 0.007362 -0.000303 -0.016214
v 0.007221 -0.000360 -0.016226
v 0.007420 -0.000164 -0.016187
v 0.007355 0.000052 -0.017192
v 0.007317 0.000598 -0.018079
v 0.007200 0.001316 -0.018772
v 0.007355 0.001992 -0.019556
v 0.007362 0.002882 -0.020095
v 0.007221 0.002859 -0.020149
v 0.007420 0.002936 -0.019964
v 0.007362 0.003881 -0.020398
v 0.007221 0.003869 -0.020455
v 0.007420 0.003908 -0.020259
v 0.007362 0.004920 -0.020500
v 0.007420 0.004920 -0.020359
v 0.007221 0.004920 -0.020559
v 0.003898 0.005958 -0.020398
v 0.003840 0.004920 -0.015175
v 0.004039 0.005970 -0.020455
v 0.003898 0.006957 -0.020095
v 0.004039 0.006980 -0.020149
v 0.003898 0.007878 -0.019603
v 0.004039 0.007910 -0.019652
v 0.003898 0.008685 -0.018941
v 0.004039 0.008726 -0.018982
v 0.003898 0.009347 -0.018134
v 0.004039 0.009396 -0.018166
v 0.003898 0.009839 -0.017213
v 0.004039 0.009893 -0.017236
v 0.003898 0.010142 -0.016214
v 0.004039 0.010199 -0.016226
v 0.003898 0.010244 -0.015175
v 0.004039 0.010303 -0.015175
v 0.003898 0.010142 -0.014137
v 0.004039 0.010199 -0.014125
v 0.003898 0.009839 -0.013138
v 0.004039 0.009893 -0.013115
v 0.003898 0.009347 -0.012217
v 0.004039 0.009396 -0.012185
v 0.003898 0.008685 -0.011410
v 0.004039 0.008726 -0.011369
v 0.003898 0.007878 -0.010748
v 0.004039 0.007910 -0.010699
v 0.003898 0.006957 -0.010256
v 0.004039 0.006980 -0.010202
v 0.003898 0.005958 -0.009953
v 0.004039 0.005970 -0.009895
v 0.003898 0.004920 -0.009851
v 0.004039 0.004920 -0.009792
v 0.003898 0.003881 -0.009953
v 0.004039 0.003869 -0.009895
v 0.003898 0.002882 -0.010256
v 0.004039 0.002859 -0.010202
v 0.003898 0.001961 -0.010748
v 0.004039 0.001929 -0.010699
v 0.003898 0.001154 -0.011410
v 0.004039 0.001113 -0.011369
v 0.003898 0.000492 -0.012217
v 0.004039 0.000443 -0.012185
v 0.003898 0.000000 -0.013138
v 0.004039 -0.000054 -0.013115
v 0.003898 -0.000303 -0.014137
v 0.004039 -0.000360 -0.014125
v 0.003898 -0.000405 -0.015175
v 0.004039 -0.000464 -0.015175
v 0.003898 -0.000303 -0.016214
v 0.004039 -0.000360 -0.016226
v 0.003898 0.000000 -0.017213
v 0.004039 -0.000054 -0.017236
v 0.003898 0.000492 -0.018134
v 0.004039 0.000443 -0.018166
v 0.003898 0.001154 -0.018941
v 0.007221 0.005970 0.019134
v 0.007362 0.005958 0.019077
v 0.007355 0.006936 0.018722
v 0.007187 0.007756 0.018121
v 0.007355 0.008645 0.017580
v 0.007420 0.009229 0.016734
v 0.007221 0.009396 0.016845
v 0.007362 0.009347 0.016812
v 0.007420 0.009708 0.015838
v 0.007221 0.009893 0.015914
v 0.007362 0.009839 0.015892
v 0.007420 0.010003 0.014865
v 0.007221 0.010199 0.014904
v 0.007362 0.010142 0.014893
v 0.007420 0.010103 0.013854
v 0.007221 0.010303 0.013854
v 0.007362 0.010244 0.013854
v 0.007420 0.010003 0.012843
v 0.007221 0.010199 0.012804
v 0.007362 0.010142 0.012815
v 0.007420 0.009708 0.011871
v 0.007221 0.009893 0.011794
v 0.007362 0.009839 0.011816
v 0.007420 0.009229 0.010974
v 0.007221 0.009396 0.010863
v 0.007362 0.009347 0.010896
v 0.007420 0.008585 0.010189
v 0.007221 0.008726 0.010048
v 0.007362 0.008685 0.010089
v 0.007420 0.007799 0.009544
v 0.007221 0.007910 0.009378
v 0.007362 0.007878 0.009427
v 0.007420 0.006903 0.009065
v 0.007221 0.006980 0.008881
v 0.007362 0.006957 0.008935
v 0.007420 0.005931 0.008770
v 0.007221 0.005970 0.008574
v 0.007362 0.005958 0.008632
v 0.004039 0.003869 -0.020455
v 0.003898 0.003881 -0.020398
v 0.004039 0.004920 -0.020559
v 0.003898 0.004920 -0.020500
v 0.004039 0.002859 -0.020149
v 0.003898 0.002882 -0.020095
v 0.004039 0.001929 -0.019652
v 0.003898 0.001961 -0.019603
v 0.004039 0.001113 -0.018982
v 0.007420 0.005931 0.018938
v 0.007362 0.004920 0.019179
v 0.007221 0.004920 0.019238
v 0.007420 0.004920 0.019037
v 0.007362 0.003881 0.019077
v 0.007221 0.003869 0.019134
v 0.007420 0.003908 0.018938
v 0.007362 0.002882 0.018774
v 0.007221 0.002859 0.018828
v 0.007420 0.002936 0.018643
v 0.007362 0.001961 0.018282
v 0.007221 0.001929 0.018330
v 0.007420 0.002040 0.018164
v 0.007362 0.001154 0.017619
v 0.007221 0.001113 0.017661
v 0.007420 0.001254 0.017519
v 0.007362 0.000492 0.016812
v 0.007221 0.000443 0.016845
v 0.007420 0.000610 0.016734
v 0.007362 0.000000 0.015892
v 0.007221 -0.000054 0.015914
v 0.007420 0.000131 0.015838
v 0.007362 -0.000303 0.014893
v 0.007221 -0.000360 0.014904
v 0.007420 -0.000164 0.014865
v 0.007362 -0.000405 0.013854
v 0.007221 -0.000464 0.013854
v 0.007420 -0.000264 0.013854
v 0.007362 -0.000303 0.012815
v 0.007221 -0.000360 0.012804
v 0.007420 -0.000164 0.012843
v 0.007362 0.000000 0.011816
v 0.007221 -0.000054 0.011794
v 0.007420 0.000131 0.011871
v 0.007362 0.000492 0.010896
v 0.007221 0.000443 0.010863
v 0.007420 0.000610 0.010974
v 0.007362 0.001154 0.010089
v 0.007221 0.001113 0.010048
v 0.007420 0.001254 0.010189
v 0.007362 0.001961 0.009427
v 0.007221 0.001929 0.009378
v 0.007420 0.002040 0.009544
v 0.007362 0.002882 0.008935
v 0.007221 0.002859 0.008881
v 0.007420 0.002936 0.009065
v 0.007362 0.003881 0.008632
v 0.007221 0.003869 0.008574
v 0.007420 0.003908 0.008770
v 0.007362 0.004920 0.008529
v 0.007420 0.004920 0.008671
v 0.007221 0.004920 0.008471
v 0.003898 0.005958 0.008632
v 0.003840 0.005931 0.008770
v 0.004039 0.005970 0.008574
v 0.003898 0.006957 0.008935
v 0.003840 0.006903 0.009065
v 0.004039 0.006980 0.008881
v 0.003898 0.007878 0.009427
v 0.003840 0.007799 0.009544
v 0.004039 0.007910 0.009378
v 0.003898 0.008685 0.010089
v 0.003840 0.008585 0.010189
v 0.004039 0.008726 0.010048
v 0.003898 0.009347 0.010896
v 0.003840 0.009229 0.010974
v 0.004039 0.009396 0.010863
v 0.003898 0.009839 0.011816
v 0.003840 0.009708 0.011871
v 0.004039 0.009893 0.011794
v 0.003898 0.010142 0.012815
v 0.003840 0.010003 0.012843
v 0.004039 0.010199 0.012804
v 0.003898 0.010244 0.013854
v 0.003840 0.010103 0.013854
v 0.004039 0.010303 0.013854
v 0.003898 0.010142 0.014893
v 0.003840 0.010003 0.014865
v 0.004039 0.010199 0.014904
v 0.003898 0.009839 0.015892
v 0.003840 0.009708 0.015838
v 0.004039 0.009893 0.015914
v 0.003898 0.009347 0.016812
v 0.003840 0.009229 0.016734
v 0.004039 0.009396 0.016845
v 0.003898 0.008685 0.017619
v 0.003840 0.008585 0.017519
v 0.004039 0.008726 0.017661
v 0.003898 0.007878 0.018282
v 0.003840 0.007799 0.018164
v 0.004039 0.007910 0.018330
v 0.003898 0.006957 0.018774
v 0.003840 0.006903 0.018643
v 0.004039 0.006980 0.018828
v 0.003898 0.005958 0.019077
v 0.003840 0.005931 0.018938
v 0.004039 0.005970 0.019134
v 0.003898 0.004920 0.019179
v 0.003840 0.004920 0.019037
v 0.004039 0.004920 0.019238
v 0.003898 0.003881 0.019077
v 0.003840 0.003908 0.018938
v 0.004039 0.003869 0.019134
v 0.003904 0.002903 0.018722
v 0.004210 0.002145 0.018038
v 0.003904 0.001194 0.017580
v 0.004188 0.000731 0.016672
v 0.003904 0.000052 0.015870
v 0.003898 -0.000303 0.014893
v 0.003840 -0.000164 0.014865
v 0.004039 -0.000360 0.014904
v 0.003898 -0.000405 0.013854
v 0.003840 -0.000264 0.013854
v 0.004039 -0.000464 0.013854
v 0.003898 -0.000303 0.012815
v 0.003840 -0.000164 0.012843
v 0.004039 -0.000360 0.012804
v 0.003898 0.000000 0.011816
v 0.003840 0.000131 0.011871
v 0.004039 -0.000054 0.011794
v 0.003898 0.000492 0.010896
v 0.003840 0.000610 0.010974
v 0.004039 0.000443 0.010863
v 0.003898 0.001154 0.010089
v 0.003840 0.001254 0.010189
v 0.004039 0.001113 0.010048
v 0.003898 0.001961 0.009427
v 0.003840 0.002040 0.009544
v 0.004039 0.001929 0.009378
v 0.003898 0.002882 0.008935
v 0.003840 0.002936 0.009065
v 0.004039 0.002859 0.008881
v 0.003898 0.004920 0.008529
v 0.004039 0.004920 0.008471
v 0.003840 0.004920 0.008671
v 0.003898 0.003881 0.008632
v 0.003840 0.003908 0.008770
v 0.004039 0.003869 0.008574
v -0.007362 0.005958 -0.020398
v -0.007420 0.005931 -0.020259
v -0.007221 0.005970 -0.020455
v -0.007340 0.006930 -0.020033
v -0.007188 0.007652 -0.019277
v -0.007143 0.008475 -0.018731
v -0.007221 0.009893 -0.017236
v -0.007362 0.010142 -0.016214
v -0.007420 0.010003 -0.016187
v -0.007221 0.010199 -0.016226
v -0.007362 0.010244 -0.015175
v -0.007420 0.010103 -0.015175
v -0.007221 0.010303 -0.015175
v -0.007362 0.010142 -0.014137
v -0.007420 0.010003 -0.014164
v -0.007221 0.010199 -0.014125
v -0.007362 0.009839 -0.013138
v -0.007420 0.009708 -0.013192
v -0.007221 0.009893 -0.013115
v -0.007362 0.009347 -0.012217
v -0.007420 0.009229 -0.012296
v -0.007221 0.009396 -0.012185
v -0.007362 0.008685 -0.011410
v -0.007420 0.008585 -0.011510
v -0.007221 0.008726 -0.011369
v -0.007362 0.007878 -0.010748
v -0.007420 0.007799 -0.010866
v -0.007221 0.007910 -0.010699
v -0.007362 0.006957 -0.010256
v -0.007420 0.006903 -0.010387
v -0.007221 0.006980 -0.010202
v -0.007362 0.005958 -0.009953
v -0.007420 0.005931 -0.010092
v -0.007221 0.005970 -0.009895
v -0.007362 0.004920 -0.009851
v -0.007420 0.004920 -0.009992
v -0.007221 0.004920 -0.009792
v -0.007362 0.003881 -0.009953
v -0.007420 0.003908 -0.010092
v -0.007221 0.003869 -0.009895
v -0.007362 0.002882 -0.010256
v -0.007420 0.002936 -0.010387
v -0.007221 0.002859 -0.010202
v -0.007362 0.001961 -0.010748
v -0.007420 0.002040 -0.010866
v -0.007221 0.001929 -0.010699
v -0.007362 0.001154 -0.011410
v -0.007420 0.001254 -0.011510
v -0.007221 0.001113 -0.011369
v -0.007362 0.000492 -0.012217
v -0.007420 0.000610 -0.012296
v -0.007221 0.000443 -0.012185
v -0.007362 0.000000 -0.013138
v -0.007420 0.000131 -0.013192
v -0.007221 -0.000054 -0.013115
v -0.007362 -0.000303 -0.014137
v -0.007420 -0.000164 -0.014164
v -0.007221 -0.000360 -0.014125
v -0.007362 -0.000405 -0.015175
v -0.007420 -0.000264 -0.015175
v -0.007221 -0.000464 -0.015175
v -0.007362 -0.000303 -0.016214
v -0.007420 -0.000164 -0.016187
v -0.007221 -0.000360 -0.016226
v -0.007362 0.000000 -0.017213
v -0.007420 0.000131 -0.017159
v -0.007221 -0.000054 -0.017236
v -0.007362 0.000492 -0.018134
v -0.007420 0.000610 -0.018055
v -0.007221 0.000443 -0.018166
v -0.007362 0.001154 -0.018941
v -0.007420 0.001254 -0.018841
v -0.007221 0.001113 -0.018982
v -0.007362 0.001961 -0.019603
v -0.007420 0.002040 -0.019485
v -0.007221 0.001929 -0.019652
v -0.007221 0.002859 -0.020149
v -0.007221 0.003869 -0.020455
v -0.007420 0.004920 -0.020359
v -0.003898 0.005958 -0.020398
v -0.004039 0.005970 -0.020455
v -0.003840 0.005931 -0.020259
v -0.003898 0.006957 -0.020095
v -0.004039 0.006980 -0.020149
v -0.003840 0.006903 -0.019964
v -0.003898 0.007878 -0.019603
v -0.004039 0.007910 -0.019652
v -0.003840 0.007799 -0.019485
v -0.003898 0.008685 -0.018941
v -0.004039 0.008726 -0.018982
v -0.003840 0.008585 -0.018841
v -0.003898 0.009347 -0.018134
v -0.004039 0.009396 -0.018166
v -0.003840 0.009229 -0.018055
v -0.003898 0.009839 -0.017213
v -0.004039 0.009893 -0.017236
v -0.003840 0.009708 -0.017159
v -0.003898 0.010142 -0.016214
v -0.004039 0.010199 -0.016226
v -0.003840 0.010003 -0.016187
v -0.003898 0.010244 -0.015175
v -0.004039 0.010303 -0.015175
v -0.003840 0.010103 -0.015175
v -0.003898 0.010142 -0.014137
v -0.007362 0.010142 0.014893
v -0.004039 0.010199 -0.014125
v -0.003840 0.010003 -0.014164
v -0.003898 0.009839 -0.013138
v -0.004039 0.009893 -0.013115
v -0.003840 0.009708 -0.013192
v -0.003898 0.009347 -0.012217
v -0.004039 0.009396 -0.012185
v -0.003840 0.009229 -0.012296
v -0.003898 0.008685 -0.011410
v -0.004039 0.008726 -0.011369
v -0.003840 0.008585 -0.011510
v -0.003898 0.007878 -0.010748
v -0.004039 0.007910 -0.010699
v -0.003840 0.007799 -0.010866
v -0.003898 0.006957 -0.010256
v -0.004039 0.006980 -0.010202
v -0.003840 0.006903 -0.010387
v -0.003898 0.005958 -0.009953
v -0.004039 0.005970 -0.009895
v -0.003840 0.005931 -0.010092
v -0.003898 0.004920 -0.009851
v -0.004039 0.004920 -0.009792
v -0.003840 0.004920 -0.009992
v -0.003898 0.003881 -0.009953
v -0.004039 0.003869 -0.009895
v -0.003840 0.003908 -0.010092
v -0.004036 0.003177 -0.010489
v -0.004680 0.002993 -0.010227
v -0.003863 0.003142 -0.011427
v -0.003898 0.001961 -0.010748
v -0.004039 0.001929 -0.010699
v -0.003840 0.002040 -0.010866
v -0.003898 0.001154 -0.011410
v -0.004039 0.001113 -0.011369
v -0.003840 0.001254 -0.011510
v -0.003898 0.000492 -0.012217
v -0.004039 0.000443 -0.012185
v -0.003840 0.000610 -0.012296
v -0.003898 0.000000 -0.013138
v -0.004039 -0.000054 -0.013115
v -0.003840 0.000131 -0.013192
v -0.003898 -0.000303 -0.014137
v -0.004039 -0.000360 -0.014125
v -0.003840 -0.000164 -0.014164
v -0.003898 -0.000405 -0.015175
v -0.004039 -0.000464 -0.015175
v -0.003840 -0.000264 -0.015175
v -0.003898 -0.000303 -0.016214
v -0.004039 -0.000360 -0.016226
v -0.003840 -0.000164 -0.016187
v -0.003898 0.000000 -0.017213
v -0.004039 -0.000054 -0.017236
v -0.003840 0.000131 -0.017159
v -0.003898 0.000492 -0.018134
v -0.004039 0.000443 -0.018166
v -0.003840 0.000610 -0.018055
v -0.003898 0.001154 -0.018941
v -0.004039 0.001113 -0.018982
v -0.003840 0.001254 -0.018841
v -0.003898 0.001961 -0.019603
v -0.004039 0.001929 -0.019652
v -0.003840 0.002040 -0.019485
v -0.003898 0.002882 -0.020095
v -0.007420 0.009229 0.016734
v -0.004039 0.002859 -0.020149
v -0.003840 0.002936 -0.019964
v -0.003898 0.004920 -0.020500
v -0.003840 0.004920 -0.020359
v -0.004039 0.004920 -0.020559
v -0.003898 0.003881 -0.020398
v -0.007362 0.009347 0.016812
v -0.004039 0.003869 -0.020455
v -0.003840 0.003908 -0.020259
v -0.007355 0.005947 0.008687
v -0.007085 0.006830 0.009278
v -0.007355 0.007847 0.009473
v -0.007420 0.010003 0.014865
v -0.007362 0.008685 0.010089
v -0.007420 0.008585 0.010189
v -0.007221 0.008726 0.010048
v -0.007420 0.009708 0.015838
v -0.007362 0.009347 0.010896
v -0.007420 0.009229 0.010974
v -0.007221 0.009396 0.010863
v -0.007362 0.009839 0.011816
v -0.007420 0.009708 0.011871
v -0.007221 0.009893 0.011794
v -0.007362 0.010142 0.012815
v -0.007420 0.010003 0.012843
v -0.007221 0.010199 0.012804
v -0.007362 0.010244 0.013854
v -0.007420 0.010103 0.013854
v -0.007221 0.010303 0.013854
v -0.007420 0.001254 0.017519
v -0.007221 0.010199 0.014904
v -0.007420 0.000131 0.015838
v -0.007362 0.009839 0.015892
v -0.007221 0.009893 0.015914
v -0.007221 0.009396 0.016845
v -0.007362 0.008685 0.017619
v -0.007420 0.008585 0.017519
v -0.007221 0.008726 0.017661
v -0.007362 0.007878 0.018282
v -0.007420 0.007799 0.018164
v -0.007221 0.007910 0.018330
v -0.007355 0.006936 0.018722
v -0.007140 0.005901 0.018876
v -0.007225 0.004909 0.019009
v -0.007355 0.003892 0.019022
v -0.007362 0.002882 0.018774
v -0.007420 0.002936 0.018643
v -0.007221 0.002859 0.018828
v -0.007362 0.001961 0.018282
v -0.007420 0.002040 0.018164
v -0.007221 0.001929 0.018330
v -0.007221 0.001113 0.017661
v -0.007221 0.000443 0.016845
v -0.007420 0.000610 0.016734
v -0.007221 -0.000054 0.015914
v -0.007362 -0.000303 0.014893
v -0.007420 -0.000164 0.014865
v -0.007221 -0.000360 0.014904
v -0.007362 -0.000405 0.013854
v -0.007420 -0.000264 0.013854
v -0.007221 -0.000464 0.013854
v -0.007362 -0.000303 0.012815
v -0.007420 -0.000164 0.012843
v -0.007221 -0.000360 0.012804
v -0.007362 0.000000 0.011816
v -0.007420 0.000131 0.011871
v -0.007221 -0.000054 0.011794
v -0.007362 0.000492 0.010896
v -0.007420 0.000610 0.010974
v -0.007221 0.000443 0.010863
v -0.007362 0.001154 0.010089
v -0.007420 0.001254 0.010189
v -0.007221 0.001113 0.010048
v -0.007362 0.001961 0.009427
v -0.007420 0.002040 0.009544
v -0.007221 0.001929 0.009378
v -0.007362 0.002882 0.008935
v -0.007420 0.002936 0.009065
v -0.007221 0.002859 0.008881
v -0.007362 0.003881 0.008632
v -0.007420 0.003908 0.008770
v -0.007221 0.003869 0.008574
v -0.007362 0.004920 0.008529
v -0.007221 0.004920 0.008471
v -0.007420 0.004920 0.008671
v -0.003898 0.005958 0.008632
v -0.004039 0.005970 0.008574
v -0.003840 0.004920 0.013854
v -0.003898 0.006957 0.008935
v -0.004039 0.006980 0.008881
v -0.003898 0.007878 0.009427
v -0.004039 0.007910 0.009378
v -0.003898 0.008685 0.010089
v -0.004039 0.008726 0.010048
v -0.003898 0.009347 0.010896
v -0.004039 0.009396 0.010863
v -0.003898 0.009839 0.011816
v -0.004039 0.009893 0.011794
v -0.003898 0.010142 0.012815
v -0.004039 0.010199 0.012804
v -0.003898 0.010244 0.013854
v -0.004039 0.010303 0.013854
v -0.003898 0.010142 0.014893
v -0.004039 0.010199 0.014904
v -0.003898 0.009839 0.015892
v -0.004039 0.009893 0.015914
v -0.003898 0.009347 0.016812
v -0.004039 0.009396 0.016845
v -0.003898 0.008685 0.017619
v -0.004039 0.008726 0.017661
v -0.003898 0.007878 0.018282
v -0.004039 0.007910 0.018330
v -0.003898 0.006957 0.018774
v -0.004039 0.006980 0.018828
v -0.003898 0.005958 0.019077
v -0.007362 0.002882 -0.020095
v -0.004039 0.005970 0.019134
v -0.007221 0.004920 -0.020559
v -0.003898 0.004920 0.019179
v -0.004039 0.004920 0.019238
v -0.007362 0.000000 0.015892
v -0.003898 0.003881 0.019077
v -0.004039 0.003869 0.019134
v -0.003898 0.002882 0.018774
v -0.004039 0.002859 0.018828
v -0.003898 0.001961 0.018282
v -0.004039 0.001929 0.018330
v -0.003898 0.001154 0.017619
v -0.004039 0.001113 0.017661
v -0.003898 0.000492 0.016812
v -0.004039 0.000443 0.016845
v -0.003898 0.000000 0.015892
v -0.004039 -0.000054 0.015914
v -0.003898 -0.000303 0.014893
v -0.004039 -0.000360 0.014904
v -0.003898 -0.000405 0.013854
v -0.004039 -0.000464 0.013854
v -0.007355 0.009300 -0.018103
v -0.003898 -0.000303 0.012815
v -0.007420 0.009708 -0.017159
v -0.004039 -0.000360 0.012804
v -0.003898 0.000000 0.011816
v -0.004039 -0.000054 0.011794
v -0.003898 0.000492 0.010896
v -0.004039 0.000443 0.010863
v -0.003898 0.001154 0.010089
v -0.004039 0.001113 0.010048
v -0.003898 0.001961 0.009427
v -0.004039 0.001929 0.009378
v -0.003898 0.002882 0.008935
v -0.004039 0.002859 0.008881
v -0.003898 0.004920 0.008529
v 0.003840 0.004920 0.013854
v -0.004039 0.004920 0.008471
v -0.003898 0.003881 0.008632
v -0.004039 0.003869 0.008574
v -0.007420 0.004920 0.013854
v -0.007362 0.009839 -0.017213
v -0.007362 0.000492 0.016812
v -0.007362 0.001154 0.017619
v -0.007420 0.003908 -0.020259
v -0.007362 0.003881 -0.020398
v -0.007362 0.004920 -0.020500
v -0.007420 0.002936 -0.019964
v -0.007275 0.007358 0.009395
v -0.007355 0.006442 0.008837
v 0.007420 0.004920 -0.015175
v 0.007420 0.004920 0.013854
v -0.007420 0.004920 -0.015175
v -0.003840 0.004920 -0.015175
v 0.005490 0.007882 0.018289
v 0.003840 0.004920 -0.020359
v 0.003840 0.003908 -0.020259
v 0.003840 0.002936 -0.019964
v 0.003840 0.002040 -0.019485
v 0.003840 0.001254 -0.018841
v 0.003840 0.000610 -0.018055
v 0.003840 0.000131 -0.017159
v 0.003840 -0.000164 -0.016187
v 0.003840 -0.000264 -0.015175
v 0.003840 -0.000164 -0.014164
v 0.003840 0.000131 -0.013192
v 0.003840 0.000610 -0.012296
v 0.003840 0.001254 -0.011510
v 0.003840 0.002040 -0.010866
v 0.003840 0.002936 -0.010387
v 0.003840 0.003908 -0.010092
v 0.003840 0.004920 -0.009992
v 0.003840 0.005931 -0.010092
v 0.003840 0.006903 -0.010387
v 0.003840 0.007799 -0.010866
v 0.003840 0.008585 -0.011510
v 0.003840 0.009229 -0.012296
v 0.003840 0.009708 -0.013192
v 0.003840 0.010003 -0.014164
v 0.003840 0.010103 -0.015175
v 0.003840 0.010003 -0.016187
v 0.003840 0.009708 -0.017159
v 0.003840 0.009229 -0.018055
v 0.003840 0.008585 -0.018841
v 0.003840 0.007799 -0.019485
v 0.003840 0.006903 -0.019964
v 0.003840 0.005931 -0.020259
v -0.003840 0.002936 0.009065
v -0.003840 0.003908 0.008770
v -0.003840 0.002040 0.009544
v -0.003840 0.001254 0.010189
v -0.003840 0.000610 0.010974
v -0.003840 0.000131 0.011871
v -0.003840 -0.000164 0.012843
v -0.003840 -0.000264 0.013854
v -0.003840 -0.000164 0.014865
v -0.003840 0.000131 0.015838
v -0.003840 0.000610 0.016734
v -0.003840 0.001254 0.017519
v -0.003840 0.002040 0.018164
v -0.003840 0.002936 0.018643
v -0.003840 0.003908 0.018938
v -0.003840 0.004920 0.019037
v -0.003840 0.005931 0.018938
v -0.003840 0.006903 0.018643
v -0.003840 0.007799 0.018164
v -0.003840 0.008585 0.017519
v -0.003840 0.009229 0.016734
v -0.003840 0.009708 0.015838
v -0.003840 0.010003 0.014865
v -0.003840 0.010103 0.013854
v -0.003840 0.010003 0.012843
v -0.003840 0.009708 0.011871
v -0.003840 0.009229 0.010974
v -0.003840 0.008585 0.010189
v -0.003840 0.007799 0.009544
v -0.003840 0.006903 0.009065
v -0.003840 0.005931 0.008770
v -0.003840 0.004920 0.008671
v 0.003840 0.005305 -0.016105
v 0.003840 0.005631 -0.015887
v 0.003840 0.005849 -0.015561
v 0.003840 0.005926 -0.015175
v 0.003840 0.005849 -0.014790
v 0.003840 0.005631 -0.014464
v 0.003840 0.005305 -0.014246
v 0.003840 0.004920 -0.014169
v 0.003840 0.004534 -0.014246
v 0.003840 0.004208 -0.014464
v 0.003840 0.003990 -0.014790
v 0.003840 0.003913 -0.015175
v 0.003840 0.003990 -0.015561
v 0.003840 0.004208 -0.015887
v 0.003840 0.004534 -0.016105
v 0.003840 0.004920 -0.016182
v 0.003840 0.005305 0.012924
v 0.003840 0.005631 0.013143
v 0.003840 0.005849 0.013469
v 0.003840 0.005926 0.013854
v 0.003840 0.005849 0.014239
v 0.003840 0.005631 0.014566
v 0.003840 0.005305 0.014784
v 0.003840 0.004920 0.014861
v 0.003840 0.004534 0.014784
v 0.003840 0.004208 0.014566
v 0.003840 0.003990 0.014239
v 0.003840 0.003913 0.013854
v 0.003840 0.003990 0.013469
v 0.003840 0.004208 0.013143
v 0.003840 0.004534 0.012924
v 0.003840 0.004920 0.012848
v -0.003840 0.005305 -0.016105
v -0.003840 0.005631 -0.015887
v -0.003840 0.005849 -0.015561
v -0.003840 0.005926 -0.015175
v -0.003840 0.005849 -0.014790
v -0.003840 0.005631 -0.014464
v -0.003840 0.005305 -0.014246
v -0.003840 0.004920 -0.014169
v -0.003840 0.004534 -0.014246
v -0.003840 0.004208 -0.014464
v -0.003840 0.003990 -0.014790
v -0.003840 0.003913 -0.015175
v -0.003840 0.003990 -0.015561
v -0.003840 0.004208 -0.015887
v -0.003840 0.004534 -0.016105
v -0.003840 0.004920 -0.016182
v -0.003840 0.005305 0.012924
v -0.003840 0.005631 0.013143
v -0.003840 0.005849 0.013469
v -0.003840 0.005926 0.013854
v -0.003840 0.005849 0.014239
v -0.003840 0.005631 0.014566
v -0.003840 0.005305 0.014784
v -0.003840 0.004920 0.014861
v -0.003840 0.004534 0.014784
v -0.003840 0.004208 0.014566
v -0.003840 0.003990 0.014239
v -0.003840 0.003913 0.013854
v -0.003840 0.003990 0.013469
v -0.003840 0.004208 0.013143
v -0.003840 0.004534 0.012924
v -0.003840 0.004920 0.012848
v 0.002502 0.029190 -0.013481
v 0.002598 0.029223 -0.013394
vn -0.0080 -1.0000 -0.0000
vn -0.7747 -0.6323 -0.0000
vn -0.7550 -0.5147 0.4062
vn -0.0076 -0.8103 0.5860
vn -0.9990 0.0339 0.0308
vn -0.9993 0.0351 0.0122
vn -0.9934 0.0295 0.1111
vn -0.0085 0.9710 0.2391
vn 0.0085 0.9710 0.2391
vn 0.0088 0.9982 0.0594
vn -0.0088 0.9982 0.0594
vn -0.0085 0.8217 0.5698
vn 0.0041 0.8092 0.5875
vn 0.0082 0.8990 0.4380
vn -0.0082 0.8990 0.4380
vn 0.9792 0.1183 0.1647
vn 0.9990 0.0436 -0.0000
vn 0.9801 0.1958 0.0341
vn 0.9684 0.1746 0.1779
vn 0.8569 0.3413 0.3864
vn -0.0028 0.6627 0.7489
vn -0.4705 0.0179 0.8822
vn 0.0020 0.0014 1.0000
vn 0.1888 0.6081 0.7711
vn 0.1164 0.7539 0.6466
vn 0.3771 0.5618 0.7363
vn 0.9628 0.1713 0.2090
vn 0.2733 0.5730 0.7727
vn 0.4201 0.5543 0.7185
vn 0.2599 0.7300 0.6321
vn 0.1492 0.6610 0.7354
vn 0.2210 0.8216 0.5255
vn 0.0798 0.8272 0.5562
vn 0.3785 0.7873 0.4867
vn 0.9787 0.1996 0.0477
vn 0.1956 0.9421 0.2726
vn 0.9989 0.0463 -0.0054
vn 0.9480 0.2233 0.2267
vn 0.0015 0.7630 0.6464
vn 0.0032 0.7270 0.6866
vn -0.6982 0.5363 0.4743
vn -0.6977 0.5618 0.4445
vn 0.0147 0.6808 0.7323
vn 0.4679 0.5119 0.7205
vn -0.9527 -0.2114 -0.2184
vn -0.9954 0.0485 -0.0822
vn -0.9981 0.0388 -0.0484
vn 0.0379 0.7488 0.6617
vn -0.0057 0.9995 0.0315
vn 0.0023 0.9995 0.0316
vn 0.0801 0.9968 0.0059
vn -0.0045 0.9995 0.0321
vn 0.6607 0.4825 0.5751
vn 0.0085 0.6301 0.7765
vn -0.0046 -1.0000 0.0023
vn -0.0047 -1.0000 -0.0045
vn 0.0049 -1.0000 -0.0045
vn 0.0049 -1.0000 0.0041
vn -0.7019 0.5064 0.5009
vn -0.0025 0.6679 0.7443
vn 0.9895 0.0360 0.1401
vn 0.0642 0.7440 0.6651
vn 0.9852 0.1715 0.0029
vn 0.9970 0.0766 -0.0063
vn 0.9973 0.0729 0.0023
vn 0.0050 0.7999 0.6001
vn -0.0043 0.8201 0.5723
vn 0.7426 0.4177 0.5235
vn 0.0069 0.5912 0.8065
vn -0.9991 0.0429 -0.0065
vn -0.9990 0.0442 -0.0037
vn -0.6802 0.1619 -0.7149
vn -0.6780 0.1643 -0.7164
vn 0.9568 0.2141 0.1968
vn -0.7636 -0.1680 -0.6234
vn -0.9992 0.0405 0.0007
vn -0.9990 0.0436 -0.0000
vn -0.7709 -0.5029 -0.3910
vn -0.0054 0.0001 1.0000
vn -0.0073 -0.0016 1.0000
vn 0.0001 -0.0009 1.0000
vn 0.9430 0.2837 0.1739
vn 0.9712 0.1404 0.1923
vn 0.1946 -0.9804 -0.0305
vn 0.0032 -1.0000 0.0026
vn 0.3490 -0.9204 0.1760
vn 0.9991 0.0418 -0.0072
vn 0.8143 -0.5767 -0.0652
vn 0.8611 -0.5062 -0.0479
vn -0.0075 -1.0000 0.0016
vn 0.0081 -1.0000 0.0016
vn 0.0076 -0.8212 -0.5706
vn -0.0104 -0.8220 -0.5695
vn -0.7119 0.6958 0.0951
vn -0.9989 0.0476 0.0006
vn -0.9989 0.0476 0.0004
vn -0.7138 0.6980 0.0575
vn 0.7598 -0.6468 -0.0659
vn 0.9417 -0.3340 0.0400
vn 0.9478 -0.2918 -0.1286
vn 0.7273 -0.6864 0.0016
vn 0.9995 0.0299 -0.0129
vn -0.0083 0.9563 0.2924
vn -0.0062 0.9335 0.3584
vn -0.6921 0.6773 0.2497
vn -0.7023 0.6856 0.1918
vn 0.7297 0.5614 0.3904
vn 0.7440 0.6682 -0.0000
vn -0.9991 0.0423 0.0006
vn -0.8012 -0.5156 0.3039
vn -0.8043 -0.5095 -0.3058
vn -0.9991 0.0418 0.0032
vn -0.6022 0.4886 0.6314
vn -0.6222 0.4799 0.6186
vn -0.9989 0.0473 0.0007
vn -0.9989 0.0461 0.0034
vn 0.9822 0.0698 -0.1743
vn 0.0076 0.1631 -0.9866
vn 0.0075 -0.0353 -0.9993
vn 0.7180 -0.0209 -0.6957
vn 0.0093 -1.0000 -0.0001
vn 0.0094 -1.0000 -0.0001
vn -0.6804 0.7310 -0.0510
vn -0.6863 0.7265 0.0335
vn 0.9983 0.0565 -0.0125
vn 0.9985 0.0536 -0.0111
vn 0.7008 0.4991 -0.5096
vn 0.6891 0.5343 -0.4895
vn -0.0103 0.9976 -0.0690
vn 0.8707 -0.4841 0.0866
vn 0.8471 0.1342 -0.5143
vn 0.7087 -0.7056 0.0016
vn -0.0020 -0.0346 -0.9994
vn 0.0006 0.1796 -0.9837
vn 0.8043 -0.5094 -0.3058
vn 0.8011 -0.5156 0.3038
vn -0.0062 -0.5091 0.8607
vn -0.0056 -0.6268 0.7792
vn -0.7057 -0.4298 0.5633
vn -0.7346 -0.3305 0.5926
vn 0.7061 0.5869 0.3961
vn 0.6816 0.6635 0.3086
vn 0.5401 0.2531 -0.8026
vn 0.3190 0.2865 -0.9034
vn 0.0060 0.1850 -0.9827
vn -0.4752 0.7529 -0.4554
vn -0.0868 0.8303 -0.5506
vn -0.0380 0.8382 -0.5441
vn -0.0082 -0.3017 0.9534
vn -0.7668 -0.1771 0.6170
vn 0.7627 -0.4363 -0.4773
vn 0.7393 -0.1741 -0.6504
vn 0.0060 -0.2682 -0.9633
vn 0.0062 -0.6876 -0.7261
vn -0.9342 0.2476 -0.2568
vn 0.0061 0.1850 -0.9827
vn 0.0022 -0.5609 -0.8279
vn -0.0004 -0.5612 -0.8277
vn 0.6553 0.1361 -0.7430
vn 0.9843 0.1189 -0.1306
vn 0.0854 0.1958 -0.9769
vn 0.0272 0.1780 -0.9836
vn 0.2109 0.2165 -0.9532
vn 0.8291 0.1606 -0.5355
vn 0.9988 0.0458 -0.0187
vn 0.9781 0.1187 -0.1710
vn 0.1130 0.1832 -0.9766
vn 0.6499 0.1165 -0.7511
vn 0.9686 0.1240 -0.2153
vn 0.3793 0.0169 0.9251
vn 0.4790 0.0204 0.8776
vn -0.6719 0.7400 0.0292
vn -0.9991 0.0411 0.0134
vn 0.0711 0.1814 -0.9808
vn 0.9989 0.0463 -0.0055
vn 0.7139 0.4708 -0.5184
vn 0.4580 0.1432 -0.8773
vn -0.9992 0.0392 -0.0083
vn -0.8873 -0.3671 0.2792
vn -0.9992 0.0393 -0.0083
vn 0.6986 0.6204 0.3564
vn 0.6971 0.6021 0.3894
vn 0.0068 0.8279 0.5609
vn 0.0059 0.8562 0.5166
vn 0.6965 0.2351 -0.6779
vn 0.7079 0.2374 -0.6652
vn 0.6863 0.7265 0.0335
vn 0.6826 0.7296 -0.0416
vn 0.0109 0.9988 -0.0476
vn 0.5026 0.1840 -0.8447
vn 0.9990 0.0444 -0.0089
vn 0.9989 0.0456 -0.0089
vn -0.7002 0.5891 0.4034
vn -0.6986 0.6204 0.3564
vn -0.0059 0.8562 0.5166
vn 0.0037 -1.0000 0.0059
vn 0.0006 -0.6783 0.7348
vn -0.0017 -0.6779 0.7352
vn -0.0037 -1.0000 0.0059
vn -0.9991 0.0395 -0.0137
vn -0.0291 -0.0019 0.9996
vn -0.1876 -0.1197 0.9749
vn -0.3521 0.0150 0.9358
vn 0.0040 0.9335 0.3586
vn 0.0041 0.8983 0.4393
vn -0.0060 0.8985 0.4389
vn -0.9490 0.0515 0.3111
vn -0.9677 -0.0707 0.2418
vn -0.9902 -0.0340 0.1358
vn -0.1403 -0.0241 0.9898
vn -0.0077 0.3065 -0.9518
vn -0.0080 -0.3017 -0.9534
vn 0.0079 -0.3016 -0.9534
vn 0.0079 0.3065 -0.9518
vn -0.9970 0.0483 0.0611
vn -0.6037 0.1546 0.7821
vn -0.0329 0.0218 0.9992
vn 0.0502 -0.0104 0.9987
vn -0.0070 0.0212 0.9998
vn -0.3457 -0.0074 0.9383
vn -0.9576 0.1927 0.2144
vn -0.9999 0.0086 0.0141
vn -0.9990 0.0435 0.0104
vn -0.9989 0.0441 0.0143
vn -0.0033 -0.0934 0.9956
vn -0.8677 -0.3400 -0.3627
vn -0.9540 -0.1846 -0.2362
vn -0.9988 -0.0385 -0.0295
vn 0.0026 0.7900 0.6131
vn -0.0001 0.9586 -0.2849
vn -0.0091 0.9516 -0.3073
vn -0.0004 0.9710 -0.2393
vn 0.0573 0.9461 -0.3186
vn -0.9988 0.0450 0.0192
vn 0.0056 -0.6268 0.7792
vn 0.0055 -0.8027 0.5963
vn -0.0055 -0.8027 0.5963
vn -0.0124 0.6611 -0.7502
vn -0.0174 0.6492 -0.7604
vn -0.1195 0.7319 -0.6709
vn -0.7218 0.0137 -0.6920
vn -0.9990 0.0436 -0.0020
vn -0.0069 0.5911 0.8065
vn 0.0081 0.5878 0.8089
vn -0.0080 0.5933 0.8049
vn 0.0216 0.7745 0.6322
vn 0.7314 0.5817 0.3558
vn -1.0000 0.0095 -0.0031
vn -0.9999 -0.0109 -0.0110
vn -0.7275 -0.6861 0.0013
vn -0.7267 -0.6870 0.0013
vn -0.8171 -0.5764 0.0065
vn -0.8172 -0.5763 0.0012
vn -0.0037 -1.0000 -0.0059
vn 0.9598 0.2271 0.1648
vn -0.0060 -0.5093 0.8606
vn 0.0060 -0.5093 0.8606
vn 0.0062 -0.5091 0.8607
vn 0.7497 -0.6274 0.2105
vn 0.7153 -0.5483 0.4333
vn 0.9719 0.2288 0.0555
vn 0.9946 0.1022 0.0200
vn 0.8117 0.5356 0.2328
vn 0.0073 0.9571 0.2896
vn 0.7000 0.6857 0.1996
vn -0.0002 0.9732 0.2301
vn 0.9688 0.1945 0.1536
vn 0.9742 0.2192 0.0544
vn 0.4072 0.8545 0.3224
vn 0.1596 0.9566 0.2438
vn 0.1635 0.9792 0.1204
vn -0.0015 0.9836 0.1803
vn 0.0156 0.9841 0.1772
vn 0.0020 0.9959 0.0908
vn -0.0058 0.9914 0.1310
vn 0.0009 0.9892 0.1464
vn -0.9990 0.0443 0.0025
vn -0.7420 0.5537 -0.3780
vn -0.7440 0.6682 -0.0000
vn -0.0364 0.9892 0.1423
vn 0.9266 0.3624 -0.1007
vn 0.7747 -0.6323 -0.0000
vn 0.7709 -0.5029 -0.3910
vn 0.0080 -0.8103 -0.5859
vn 0.0080 -1.0000 -0.0001
vn -0.3063 0.9336 -0.1857
vn -0.2335 0.9482 -0.2153
vn -0.0163 0.8755 -0.4830
vn -0.2583 0.7443 -0.6159
vn -0.1805 0.8054 -0.5646
vn 0.6902 0.7046 0.1646
vn -0.9064 0.3474 -0.2401
vn -0.9368 0.2778 -0.2127
vn 0.6608 0.7240 0.1978
vn 0.9989 0.0478 -0.0030
vn 0.6943 0.5979 -0.4006
vn 0.6879 0.6376 -0.3467
vn 0.9985 0.0542 -0.0060
vn -0.0027 0.6335 0.7737
vn -0.2589 0.6259 0.7357
vn -0.9962 0.0858 -0.0171
vn -0.9970 0.0763 -0.0128
vn -0.9983 0.0578 -0.0105
vn -0.0060 -0.9564 0.2919
vn -0.7497 -0.6274 0.2105
vn -0.7153 -0.5483 0.4333
vn -0.0062 -0.6876 -0.7261
vn -0.7627 -0.4363 -0.4773
vn -0.7484 -0.6291 -0.2099
vn -0.0060 -0.9578 -0.2872
vn -0.3770 0.8440 -0.3814
vn -0.0084 0.9260 -0.3774
vn 0.0043 -1.0000 -0.0015
vn 0.0043 -1.0000 0.0015
vn -0.0080 -0.8103 -0.5860
vn -0.9990 0.0444 0.0025
vn -0.9991 0.0434 -0.0003
vn -0.9843 0.1758 0.0172
vn -0.9787 0.2036 -0.0271
vn -0.9977 0.0680 0.0028
vn -0.9937 0.0954 -0.0590
vn -0.4582 0.8061 -0.3746
vn -0.4964 0.6541 -0.5707
vn -0.5087 0.7296 -0.4570
vn -0.0376 0.8578 -0.5126
vn -0.0254 0.8791 -0.4759
vn -0.0119 0.8696 -0.4935
vn 0.9983 0.0567 -0.0110
vn 0.6948 0.5623 -0.4485
vn 0.7383 -0.6743 0.0105
vn -0.0952 0.9792 -0.1790
vn -0.9411 0.2083 -0.2664
vn -0.0118 -0.2899 -0.9570
vn -0.0147 -0.0007 -0.9999
vn 0.0046 -0.0108 -0.9999
vn -0.1808 0.7339 0.6548
vn -0.0037 0.7286 0.6850
vn 0.6858 0.6953 -0.2150
vn 0.6864 0.6702 -0.2825
vn 0.0081 0.9256 -0.3783
vn -0.0060 -0.2682 -0.9633
vn -0.7393 -0.1741 -0.6504
vn -0.7931 0.4771 -0.3787
vn 0.9944 0.0998 0.0340
vn 0.6870 0.6528 0.3190
vn 0.7117 -0.1093 0.6940
vn 0.0042 -0.1982 0.9802
vn 0.0042 -0.1985 0.9801
vn -0.9222 0.1719 -0.3463
vn -0.9989 0.0459 0.0024
vn -0.9989 0.0467 0.0029
vn 0.0010 -0.7642 -0.6450
vn 0.0037 -1.0000 -0.0059
vn -0.0011 -0.7642 -0.6450
vn -0.9751 0.1325 0.1776
vn -0.9972 0.0269 0.0694
vn -0.9910 0.0581 0.1205
vn -0.4121 0.5206 0.7478
vn -0.2939 0.7372 0.6084
vn 0.0150 0.7222 0.6915
vn 0.0363 0.6656 0.7454
vn 0.0381 0.6238 0.7807
vn -0.0059 -0.9998 0.0205
vn -0.7383 -0.6743 0.0105
vn 0.7484 -0.6291 -0.2099
vn -0.9989 0.0450 0.0094
vn -0.0080 0.3066 0.9518
vn 0.0080 0.3066 0.9518
vn 0.0082 -0.3017 0.9534
vn 0.9985 0.0552 -0.0025
vn 0.9986 0.0521 -0.0027
vn 0.6865 0.7116 -0.1496
vn 0.9985 0.0547 -0.0049
vn -0.0042 -1.0000 -0.0015
vn -0.0042 -1.0000 0.0015
vn -0.9989 0.0460 0.0014
vn -0.9989 0.0472 -0.0002
vn -0.6932 0.5949 0.4070
vn -0.9909 0.1347 -0.0040
vn -0.9990 0.0440 0.0003
vn -0.9987 0.0497 0.0088
vn 0.0073 0.8121 0.5835
vn 0.0077 1.0000 -0.0000
vn -0.0075 -1.0000 0.0021
vn 0.0081 -1.0000 0.0021
vn -0.9992 0.0398 0.0065
vn -0.0056 -0.7640 -0.6452
vn 0.0057 -0.7640 -0.6452
vn -0.1946 0.9356 -0.2947
vn -0.1693 0.9613 -0.2173
vn -0.0261 0.7959 -0.6049
vn -0.0659 0.7884 -0.6116
vn -0.0003 0.8123 -0.5832
vn -0.0816 0.6697 0.7381
vn 0.7460 0.5506 -0.3746
vn 0.7550 -0.5147 0.4062
vn 0.0076 -0.8103 0.5860
vn -0.0057 -0.7732 0.6341
vn 0.0058 -0.7732 0.6341
vn -0.0226 0.9851 -0.1707
vn 0.7541 0.2350 -0.6133
vn 0.7636 -0.1680 -0.6234
vn 0.9991 0.0431 -0.0016
vn 0.9990 0.0442 -0.0018
vn -0.6913 0.6545 0.3060
vn -0.0116 0.9786 -0.2053
vn -0.6816 0.6635 0.3086
vn -0.7077 0.6926 0.1395
vn -0.9989 0.0476 0.0012
vn -0.9989 0.0476 0.0008
vn -0.0012 0.7758 -0.6309
vn -0.9930 0.1173 -0.0110
vn -0.0041 -0.1982 0.9802
vn -0.7108 -0.1095 0.6949
vn -0.0041 -0.1973 0.9803
vn -0.9100 0.3733 -0.1801
vn -0.0295 -0.0059 -0.9995
vn 0.0012 -0.0035 -1.0000
vn -0.9978 0.0658 0.0052
vn 0.9986 0.0523 -0.0011
vn 0.6843 0.7234 -0.0910
vn 0.9985 0.0547 -0.0007
vn -0.0246 0.9885 -0.1494
vn 0.0077 0.8121 -0.5834
vn -0.0025 0.8572 -0.5149
vn -0.0010 0.8869 -0.4620
vn -0.0040 -0.1699 -0.9855
vn -0.0040 -0.1702 -0.9854
vn -0.7104 -0.0894 -0.6981
vn -0.7506 0.2378 -0.6165
vn -0.9990 0.0452 -0.0019
vn 0.0060 -0.9578 -0.2872
vn -0.9990 0.0434 0.0064
vn -0.0077 1.0000 -0.0000
vn -0.0076 0.8121 -0.5834
vn -0.0030 0.9902 -0.1393
vn 0.0031 0.9759 -0.2184
vn 0.5746 0.7677 0.2837
vn -0.7549 0.2450 0.6084
vn -0.9986 0.0500 0.0185
vn -0.7297 0.5613 0.3904
vn -0.9991 0.0424 -0.0063
vn -0.9441 -0.3055 0.1239
vn -0.8661 0.4624 0.1898
vn 0.9987 0.0500 0.0046
vn 0.6985 0.5420 0.4672
vn 0.9988 0.0481 0.0041
vn 0.0004 0.6752 0.7376
vn 0.6875 0.5063 0.5206
vn -0.2850 -0.4103 -0.8663
vn 0.2824 -0.4105 -0.8670
vn 0.9991 0.0420 0.0036
vn -0.6490 0.5004 0.5731
vn -0.9990 0.0457 0.0026
vn -0.6902 0.7047 0.1646
vn -0.9987 0.0512 0.0018
vn -0.9987 0.0513 0.0038
vn 0.8152 -0.3664 0.4486
vn 0.9993 0.0364 -0.0106
vn 0.7000 -0.7142 0.0033
vn 0.7015 -0.7127 -0.0019
vn 0.0059 -0.9998 0.0204
vn -0.0015 0.6456 -0.7637
vn 0.7887 0.3035 -0.5346
vn -0.9993 0.0364 0.0081
vn -0.0015 -0.7734 0.6339
vn 0.8615 -0.5077 -0.0011
vn 0.8620 -0.5068 -0.0035
vn 0.9991 0.0432 -0.0035
vn 0.0040 -0.1702 -0.9854
vn -0.0073 0.8121 0.5835
vn 0.9988 0.0483 0.0051
vn -0.9990 0.0440 0.0002
vn 0.1637 -0.9813 -0.1017
vn -0.0256 -0.9992 0.0305
vn 0.9985 0.0541 0.0006
vn 0.9987 0.0512 0.0018
vn -0.0394 -0.8977 -0.4388
vn -0.9989 0.0476 0.0016
vn 0.7057 -0.4298 0.5633
vn 0.7668 -0.1772 0.6170
vn 0.7549 0.2450 0.6084
vn -0.9973 -0.0534 0.0510
vn -0.0084 0.6296 0.7769
vn 0.0217 0.7164 0.6974
vn 0.9991 0.0415 -0.0015
vn -0.5396 -0.5936 -0.5971
vn -0.9991 0.0425 -0.0039
vn 0.7346 -0.3305 0.5926
vn 0.7724 -0.2611 -0.5790
vn -0.0025 0.6364 -0.7713
vn -0.0117 0.6475 -0.7620
vn 0.0041 -0.1698 -0.9855
vn 0.0037 -0.9538 0.3003
vn 0.5751 -0.7924 0.2033
vn 0.4673 0.6119 0.6382
vn 0.7053 -0.2819 -0.6504
vn 0.6248 -0.5947 0.5058
vn 0.0026 -0.7733 0.6340
vn -0.9984 0.0574 -0.0001
vn -0.9124 0.3211 -0.2537
vn -0.9988 0.0495 -0.0054
vn 0.7104 -0.0893 -0.6981
vn 0.5560 -0.6282 -0.5444
vn 0.4499 -0.6152 0.6475
vn -0.7623 0.3276 -0.5582
vn -0.7653 -0.2616 -0.5881
vn -0.0072 0.6407 -0.7677
vn -0.9298 0.2371 -0.2815
vn 0.9987 0.0513 0.0038
vn -0.1887 -0.8587 0.4765
vn -0.6539 0.4069 0.6379
vn -0.7807 -0.6250 -0.0014
vn -0.5820 -0.4813 -0.6555
vn -0.3115 0.7661 -0.5622
vn -0.3956 0.6691 -0.6291
vn -0.0644 0.6923 -0.7187
vn -0.0171 0.7062 -0.7078
vn -0.0874 0.6548 -0.7507
vn -0.3772 0.6910 -0.6166
vn -0.0188 0.7455 -0.6662
vn -0.9821 0.1816 -0.0499
vn -0.9953 0.0969 -0.0033
vn -0.0205 0.6589 -0.7519
vn 0.8234 0.3716 0.4287
vn -0.9750 0.0382 -0.2188
vn -0.9003 0.4141 -0.1339
vn -0.7806 -0.6250 0.0013
vn -0.9818 0.1826 0.0520
vn -0.5999 -0.6031 0.5258
vn -0.0176 0.7810 -0.6243
vn -0.5617 -0.6241 -0.5431
vn -0.0121 0.7214 -0.6924
vn 0.0200 0.7173 -0.6965
vn 0.9991 0.0374 0.0180
vn 0.9986 0.0500 0.0185
vn -0.9991 0.0427 0.0004
vn -0.0481 0.8474 -0.5288
vn -0.7162 0.0314 0.6972
vn 0.0009 0.6871 -0.7266
vn 0.0060 -0.9564 0.2919
vn 0.5945 -0.7170 -0.3641
vn -0.9872 -0.1261 -0.0981
vn -0.9990 0.0437 0.0104
vn -0.6194 -0.7847 0.0269
vn 0.0110 -0.9988 -0.0481
vn -0.7476 -0.6526 0.1234
vn -0.6493 -0.7602 0.0212
vn -0.8975 0.3192 -0.3044
vn -0.0708 0.7260 0.6840
vn -0.5710 -0.3963 -0.7190
vn -0.0866 -0.2322 -0.9688
vn -0.9435 -0.2714 -0.1899
vn 0.0033 -1.0000 0.0026
vn 0.9991 0.0417 0.0014
vn 0.9992 0.0390 -0.0000
vn -0.8704 -0.2537 -0.4219
vn 0.7206 0.4302 0.5438
vn -0.1098 -0.9897 -0.0922
vn -0.2754 -0.8629 -0.4237
vn 0.2614 0.9648 -0.0275
vn -0.7167 0.0323 0.6967
vn -0.8824 0.4576 0.1091
vn -0.8026 0.5922 0.0717
vn -0.7378 0.6747 0.0206
vn -0.9185 0.3950 0.0206
vn 1.0000 -0.0000 -0.0000
vn 0.9239 0.3827 -0.0000
vn 0.9238 0.3827 0.0104
vn 0.9999 -0.0000 0.0104
vn 0.7071 -0.7071 -0.0000
vn 0.9239 -0.3827 -0.0000
vn 0.9238 -0.3826 0.0104
vn 0.7071 -0.7071 0.0104
vn -0.4752 -0.2877 0.8315
vn -0.5311 0.5531 0.6419
vn -0.0135 -0.0326 0.9994
vn -0.0747 -0.3754 0.9239
vn -0.0000 -0.0353 0.9994
vn -0.3875 0.9171 -0.0939
vn -0.6293 0.6442 0.4348
vn -0.2728 0.9053 0.3255
vn -1.0000 0.0085 0.0002
vn -0.8628 -0.1161 0.4920
vn -0.8525 0.2496 0.4593
vn -0.8613 0.4722 -0.1875
vn -0.8121 0.5325 0.2388
vn -0.8250 0.4816 0.2957
vn -0.7791 0.5997 -0.1826
vn -0.7995 0.5065 0.3228
vn -0.5765 0.7948 -0.1896
vn -0.3814 0.5545 0.7396
vn -0.6086 0.2914 0.7381
vn -0.7095 -0.0711 0.7011
vn -0.5352 -0.2037 0.8198
vn -0.5002 0.4761 0.7233
vn -0.6156 0.2886 0.7333
vn -0.5096 0.2681 0.8176
vn -0.5268 0.3319 0.7825
vn -0.1802 -0.9061 0.3827
vn -0.3827 -0.9238 0.0104
vn -0.0000 -0.9999 0.0104
vn -0.8965 -0.4430 -0.0000
vn -0.7071 -0.7071 -0.0000
vn -0.7071 -0.7071 0.0104
vn -0.9317 -0.3629 0.0130
vn -0.8414 0.4843 0.2398
vn -0.8783 0.4423 -0.1816
vn -0.9444 0.2363 -0.2285
vn -0.3827 -0.9239 -0.0000
vn -0.0000 -1.0000 -0.0000
vn 0.0135 -0.0326 0.9994
vn 0.2126 -0.3182 0.9239
vn 0.0250 -0.0250 0.9994
vn 0.3827 -0.9239 -0.0000
vn 0.3827 -0.9238 0.0104
vn -0.0135 0.0149 0.9998
vn -0.0190 0.0067 0.9998
vn -0.0067 0.0045 1.0000
vn 0.0353 -0.0000 0.9994
vn 0.3754 0.0747 0.9239
vn 0.0326 0.0135 0.9994
vn 0.0326 -0.0135 0.9994
vn 0.3754 -0.0747 0.9239
vn 0.0250 0.0250 0.9994
vn 0.0327 0.0135 0.9994
vn 0.3182 0.2126 0.9239
vn 0.2126 0.3182 0.9239
vn 0.0135 0.0327 0.9994
vn 0.7682 0.5133 0.3827
vn 0.9238 0.3826 0.0104
vn 0.7070 0.7071 0.0104
vn 0.5133 -0.7682 0.3827
vn 0.3826 -0.9238 0.0104
vn 0.7071 -0.7070 0.0104
vn 0.3182 -0.2126 0.9239
vn -0.0338 0.0118 0.9994
vn -0.3182 -0.2126 0.9239
vn -0.0250 -0.0250 0.9994
vn -0.7682 -0.5133 0.3827
vn -0.7070 -0.7071 0.0104
vn 0.9061 0.1802 0.3827
vn -0.8271 0.0974 0.5535
vn -0.0339 0.0118 0.9994
vn -0.5133 -0.7682 0.3827
vn -0.7071 -0.7070 0.0104
vn -0.3826 -0.9238 0.0104
vn 0.9061 -0.1802 0.3827
vn 0.9238 -0.3827 0.0104
vn -0.3831 -0.0541 0.9221
vn -0.8272 0.0973 0.5535
vn -0.4399 0.7597 0.4788
vn -0.0212 0.9997 0.0130
vn -0.3800 0.9249 0.0148
vn -0.0135 -0.0327 0.9994
vn -0.2126 -0.3182 0.9239
vn 0.1802 -0.9061 0.3827
vn 0.1802 0.9061 0.3827
vn 0.3826 0.9238 0.0104
vn -0.0213 0.9997 0.0130
vn -0.5944 0.8017 0.0632
vn 0.5133 0.7682 0.3827
vn 0.7071 0.7070 0.0104
vn 0.7682 -0.5133 0.3827
vn 0.7071 0.7071 -0.0000
vn 0.7071 0.7071 0.0104
vn 0.3827 0.9239 -0.0000
vn -0.8723 0.4573 -0.1732
vn -0.8270 0.4706 0.3076
vn -0.7849 0.5831 -0.2098
vn -0.4399 0.7598 0.4788
vn -0.0068 0.0045 1.0000
vn -0.0239 0.0268 0.9994
vn -0.2226 0.8981 0.3793
vn -0.6861 0.1476 0.7124
vn 0.1477 0.6494 0.7460
vn -0.8271 0.0973 0.5535
vn -0.9149 -0.1380 0.3793
vn -0.9317 -0.3630 0.0130
vn -0.9993 -0.0349 0.0139
vn -0.3801 0.9248 0.0148
vn 0.0662 0.9978 -0.0000
vn -0.5193 0.3737 0.7685
vn -0.5144 0.1136 0.8500
vn -0.2628 0.7278 0.6335
vn 0.0747 -0.3754 0.9239
vn 0.0661 0.9978 -0.0000
vn 0.3827 0.9238 0.0104
vn -0.9677 0.2437 0.0645
vn -0.6475 0.2418 0.7227
vn -0.0124 0.7929 0.6092
vn -0.0967 0.3747 0.9221
vn -0.0238 0.0268 0.9994
vn 0.0135 0.0326 0.9994
vn 0.0747 0.3754 0.9239
vn -0.0135 0.0150 0.9998
vn -0.0162 0.0108 0.9998
vn -0.0190 0.0068 0.9998
vn -0.0203 0.0041 0.9998
vn -0.4400 0.7597 0.4788
vn -0.0115 0.0172 0.9998
vn -0.9184 0.3950 0.0206
vn -0.9993 -0.0349 0.0138
vn -0.0175 0.5555 0.8313
vn -0.0175 0.3826 0.9237
vn 0.0175 0.3826 0.9237
vn 0.0175 0.5555 0.8313
vn -0.7060 0.5888 0.3934
vn -0.9998 0.0180 0.0120
vn -0.9998 0.0153 0.0153
vn -0.7060 0.5007 0.5008
vn 0.9998 0.0083 -0.0200
vn 0.9998 0.0042 -0.0212
vn 0.7060 0.1381 -0.6946
vn 0.7061 0.2710 -0.6542
vn -0.7060 -0.0000 0.7082
vn -0.7060 0.1382 0.6946
vn -0.9998 0.0042 0.0212
vn -0.9998 -0.0000 0.0216
vn 0.7060 -0.2710 0.6543
vn 0.7060 -0.3935 0.5888
vn 0.9998 -0.0120 0.0180
vn 0.9998 -0.0083 0.0200
vn -0.7061 0.1381 0.6945
vn -0.7061 0.2710 0.6542
vn -0.9998 0.0083 0.0200
vn 0.7060 -0.6946 -0.1382
vn 0.9998 -0.0212 -0.0042
vn 0.9998 -0.0216 -0.0000
vn 0.7061 -0.7081 -0.0000
vn -0.7061 -0.6542 -0.2710
vn -0.7061 -0.6945 -0.1381
vn -0.9998 -0.0212 -0.0042
vn -0.9998 -0.0200 -0.0083
vn 0.0089 -0.2210 0.9752
vn -0.0043 -0.3975 0.9176
vn 0.7060 -0.1382 0.6946
vn 0.9998 -0.0212 0.0042
vn 0.7060 -0.6946 0.1382
vn -0.0175 -0.0000 0.9998
vn 0.0175 -0.0000 0.9998
vn 0.0175 0.1950 0.9806
vn -0.0175 0.1950 0.9806
vn -0.9998 -0.0042 0.0212
vn -0.7060 -0.1382 0.6946
vn 0.7060 -0.6946 0.1381
vn 0.9998 -0.0200 0.0083
vn 0.7060 -0.6543 0.2710
vn 0.7060 0.2710 0.6543
vn 0.7060 0.1381 0.6946
vn 0.9998 0.0042 0.0212
vn 0.9998 0.0083 0.0200
vn -0.9998 0.0216 -0.0000
vn -0.7060 0.7082 -0.0000
vn -0.7060 0.6946 -0.1382
vn -0.9998 0.0212 -0.0042
vn -0.7061 -0.5007 -0.5007
vn -0.7061 -0.5888 -0.3934
vn -0.9998 -0.0180 -0.0120
vn -0.9998 -0.0153 -0.0153
vn 0.7061 -0.6542 0.2710
vn 0.7061 -0.6945 0.1381
vn -0.0175 -0.5555 -0.8314
vn -0.0175 -0.3826 -0.9237
vn 0.0175 -0.3826 -0.9237
vn 0.0175 -0.5555 -0.8314
vn -0.0175 -0.1951 0.9806
vn -0.7061 -0.1382 0.6945
vn -0.7061 -0.2710 0.6542
vn -0.0175 -0.3826 0.9237
vn 0.9991 -0.0433 0.0043
vn 0.1560 -0.5523 -0.8189
vn 0.9996 -0.0279 -0.0049
vn -0.7060 0.1381 -0.6946
vn -0.9998 0.0042 -0.0212
vn -0.9998 0.0083 -0.0200
vn -0.7061 0.2710 -0.6542
vn 0.0175 0.9806 0.1950
vn 0.7060 0.6946 0.1381
vn 0.7060 0.7082 -0.0000
vn 0.0175 0.9998 -0.0000
vn 0.0218 0.8164 0.5771
vn -0.0089 0.8164 0.5774
vn 0.0038 0.6966 0.7175
vn 0.1037 0.6942 0.7122
vn -0.0176 0.8313 -0.5555
vn -0.7060 0.5888 -0.3934
vn -0.7060 0.6543 -0.2710
vn -0.0176 0.9237 -0.3826
vn 0.7060 -0.5888 0.3935
vn 0.9998 -0.0180 0.0120
vn 0.7060 -0.2710 -0.6543
vn 0.7060 -0.3934 -0.5888
vn -0.7060 0.6543 0.2710
vn -0.0175 0.8313 0.5555
vn -0.0175 0.9237 0.3826
vn 0.7060 -0.0000 -0.7082
vn 0.0176 -0.0000 -0.9998
vn 0.0080 0.2235 -0.9747
vn -0.7061 0.3934 0.5888
vn 0.9998 0.0212 0.0042
vn 0.7061 0.6945 0.1381
vn 0.7061 0.6542 0.2710
vn 0.9998 0.0200 0.0083
vn 0.7060 0.1382 -0.6946
vn -0.0064 0.3989 -0.9170
vn 0.7060 0.2710 -0.6543
vn 0.9998 0.0153 -0.0153
vn 0.9998 0.0120 -0.0180
vn 0.7061 0.3934 -0.5888
vn 0.7061 0.5007 -0.5007
vn -0.0175 -0.1951 -0.9806
vn 0.0175 -0.1951 -0.9806
vn 0.0176 0.9998 -0.0000
vn 0.0176 0.9806 0.1950
vn -0.7061 -0.2710 -0.6542
vn -0.0176 -0.3826 -0.9237
vn -0.0176 -0.5555 -0.8314
vn -0.7060 -0.3934 -0.5888
vn 0.9998 -0.0000 0.0216
vn 0.7060 -0.0000 0.7082
vn 0.6035 -0.3891 0.6960
vn 0.9990 -0.0374 0.0230
vn -0.0070 -0.3827 0.9239
vn -0.0139 -0.2024 0.9792
vn -0.0175 -0.9806 0.1950
vn -0.0175 -0.9998 -0.0000
vn 0.0175 -0.9998 -0.0000
vn 0.0175 -0.9806 0.1950
vn 0.9998 0.0153 0.0153
vn 0.7061 0.5007 0.5007
vn 0.7061 0.3934 0.5888
vn 0.9998 0.0120 0.0180
vn 0.7060 -0.5008 0.5007
vn 0.0175 -0.7070 0.7070
vn 0.0175 -0.8313 0.5555
vn -0.7060 0.2710 -0.6543
vn -0.9998 0.0120 -0.0180
vn -0.7061 0.3934 -0.5888
vn 0.0191 -0.2048 0.9786
vn 0.7060 0.3935 0.5888
vn 0.0175 -0.3826 0.9237
vn 0.0175 -0.5555 0.8313
vn 0.7061 -0.3934 0.5888
vn 0.7061 -0.2710 0.6542
vn 0.9998 -0.0000 -0.0216
vn 0.9998 -0.0042 -0.0212
vn 0.7060 -0.1382 -0.6946
vn 0.9996 0.0068 0.0258
vn 0.7899 -0.1185 0.6017
vn 0.7061 -0.5008 0.5007
vn 0.9999 -0.0048 0.0166
vn 0.7060 -0.5007 -0.5008
vn 0.0176 -0.7070 -0.7070
vn 0.0175 -0.5555 -0.8313
vn 0.7060 -0.3935 -0.5888
vn -0.0176 -0.8313 -0.5555
vn -0.0176 -0.9237 -0.3826
vn 0.9998 -0.0200 -0.0083
vn 0.7061 -0.6542 -0.2710
vn 0.7061 -0.5888 -0.3934
vn 0.9998 -0.0180 -0.0120
vn 0.0176 0.3826 -0.9237
vn 0.0176 0.5555 -0.8313
vn 0.7060 0.3934 -0.5888
vn 0.7061 -0.6945 0.1382
vn 0.7061 -0.6543 0.2710
vn 0.0176 -0.9237 0.3826
vn 0.0176 -0.9806 0.1951
vn -0.7061 0.1382 -0.6945
vn -0.7061 -0.0000 -0.7081
vn -0.9998 -0.0000 -0.0216
vn -0.7061 -0.3934 -0.5888
vn -0.9998 -0.0120 -0.0180
vn -0.9998 -0.0083 -0.0200
vn -0.7060 -0.3935 0.5888
vn -0.7060 -0.5007 0.5008
vn -0.0176 -0.7070 0.7070
vn -0.0114 -0.5410 0.8410
vn -0.7061 -0.6542 0.2710
vn -0.9998 -0.0200 0.0083
vn -0.9998 -0.0212 0.0042
vn -0.7061 -0.6945 0.1381
vn 0.7060 0.3934 0.5888
vn 0.7060 0.5008 0.5007
vn 0.9998 -0.0048 0.0167
vn 0.7060 -0.5007 0.5008
vn 0.7061 -0.5888 0.3934
vn -0.0218 0.6881 -0.7253
vn -0.0175 0.8313 -0.5555
vn 0.0175 0.8313 -0.5555
vn 0.0089 0.6881 -0.7256
vn -0.7060 0.1381 0.6946
vn -0.7061 -0.6543 -0.2710
vn -0.0176 -0.9806 -0.1951
vn -0.7061 -0.6945 -0.1382
vn -0.7060 -0.6946 0.1381
vn -0.7060 -0.7082 -0.0000
vn 0.7060 -0.7082 -0.0000
vn 0.7060 0.6946 0.1382
vn 0.9998 0.0216 -0.0000
vn -0.7142 -0.6998 -0.0154
vn -0.9984 -0.0556 0.0078
vn -0.5345 -0.5310 0.6575
vn 0.7061 -0.1382 -0.6945
vn 0.7061 -0.0000 -0.7082
vn -0.7060 -0.3935 -0.5888
vn -0.0175 -0.5555 -0.8313
vn -0.0176 -0.7070 -0.7070
vn -0.7060 -0.5007 -0.5008
vn -0.0176 0.7070 -0.7070
vn -0.0176 0.5555 -0.8313
vn -0.7060 0.3935 -0.5888
vn -0.7060 0.5007 -0.5008
vn -0.0176 -0.9998 -0.0000
vn -0.7060 -0.6946 -0.1381
vn -0.0089 -0.9752 -0.2210
vn -0.1834 -0.2055 0.9613
vn -0.9996 0.0155 0.0227
vn -0.9227 -0.0868 0.3757
vn 0.7060 0.5008 -0.5007
vn 0.0176 0.8313 -0.5555
vn 0.7060 0.5888 -0.3934
vn 0.0175 -0.1951 0.9806
vn -0.0175 0.7070 0.7070
vn -0.7060 0.3935 0.5888
vn -0.7060 0.5888 0.3935
vn -0.9998 0.0200 0.0083
vn -0.0383 0.5552 0.8309
vn 0.0039 0.6966 0.7174
vn -0.7060 0.3934 0.5888
vn -0.0175 0.9806 -0.1951
vn -0.0175 0.9237 -0.3826
vn 0.9998 -0.0042 0.0212
vn 0.7061 -0.1381 0.6945
vn 0.7061 -0.5007 0.5007
vn 0.9998 -0.0153 0.0153
vn 0.9998 0.0212 -0.0042
vn 0.9998 0.0200 -0.0083
vn 0.7061 0.6542 -0.2710
vn 0.7061 0.6945 -0.1381
vn -0.7060 0.6946 -0.1381
vn -0.9998 0.0200 -0.0083
vn 0.7060 0.5007 0.5008
vn 0.0175 0.7070 0.7070
vn 0.0089 0.5333 0.8459
vn -0.7060 0.5008 0.5007
vn 0.7060 0.6946 -0.1382
vn 0.0175 0.9806 0.1951
vn 0.0175 0.9237 0.3826
vn 0.7060 0.6543 0.2710
vn -0.9998 -0.0153 0.0153
vn -0.9998 -0.0180 0.0120
vn -0.7061 -0.5888 0.3934
vn 0.7061 0.2710 0.6542
vn -0.0044 0.3677 0.9299
vn -0.9991 0.0282 0.0308
vn -1.0000 0.0009 0.0005
vn -0.0218 0.5334 0.8456
vn -0.1583 0.3755 0.9132
vn 0.0176 -0.9998 -0.0000
vn 0.0218 -0.9751 -0.2208
vn 0.3827 -0.9194 -0.0906
vn -0.7060 -0.6946 -0.1382
vn -0.7060 -0.6543 -0.2710
vn 0.0063 -0.9155 -0.4023
vn -0.1795 0.8257 -0.5348
vn -0.0531 0.7623 -0.6450
vn -0.0344 0.7726 -0.6340
vn -0.0175 -0.9237 0.3826
vn -0.0176 -0.8313 0.5555
vn -0.7060 -0.5888 0.3934
vn -0.7060 -0.6543 0.2710
vn -0.7060 -0.2710 -0.6543
vn -0.7060 -0.1382 -0.6946
vn 0.0176 -0.9806 0.1950
vn -0.7061 -0.6945 0.1382
vn -0.9998 -0.0216 -0.0000
vn -0.7061 -0.7081 -0.0000
vn -0.7060 0.6946 0.1381
vn -0.9998 0.0212 0.0042
vn -0.7060 -0.0000 -0.7082
vn -0.6932 0.1383 -0.7074
vn -0.0228 0.2234 -0.9745
vn -0.0176 -0.0000 -0.9998
vn -0.7060 0.5888 -0.3935
vn -0.9998 0.0180 -0.0120
vn -0.9998 -0.0042 -0.0212
vn -0.7061 -0.1381 -0.6945
vn 0.0176 -0.5555 -0.8314
vn 0.0176 -0.3826 -0.9237
vn -0.0176 -0.1950 -0.9806
vn -0.7060 -0.1381 -0.6946
vn 0.0175 0.1950 -0.9806
vn 0.0175 -0.0000 -0.9998
vn 0.3827 -0.2682 -0.8841
vn 0.0218 -0.4068 -0.9133
vn -0.7061 -0.1382 -0.6945
vn 0.7060 0.5888 -0.3935
vn 0.0176 0.7070 -0.7070
vn -0.0175 0.9998 -0.0000
vn -0.0175 0.9806 0.1950
vn -0.0176 -0.5555 0.8313
vn -0.7061 0.5007 -0.5007
vn -0.9998 0.0153 -0.0153
vn -0.7061 0.5888 -0.3934
vn 0.7060 0.5888 0.3935
vn 0.0176 0.8313 0.5555
vn -0.7264 0.3908 -0.5653
vn -0.0956 0.6740 -0.7325
vn -0.7060 -0.3934 0.5888
vn -0.0070 -0.3827 0.9238
vn -0.7060 -0.2710 0.6543
vn 0.7060 0.6946 -0.1381
vn -0.0176 0.7070 0.7070
vn -0.0176 0.8313 0.5555
vn 0.7060 0.1382 0.6946
vn 0.0344 -0.6340 -0.7726
vn 0.0482 -0.6422 -0.7650
vn 0.0306 0.5553 -0.8311
vn -0.7061 -0.6543 0.2710
vn -0.7061 -0.6946 0.1382
vn -0.0176 -0.9806 0.1951
vn -0.0176 -0.9237 0.3826
vn -0.0228 0.2235 -0.9744
vn -0.1494 0.4044 -0.9023
vn -0.0064 0.3988 -0.9170
vn -0.0176 -0.5555 -0.8313
vn -0.0175 -0.7070 -0.7070
vn -0.0374 0.5504 -0.8341
vn -0.1343 0.5262 -0.8397
vn -0.2982 0.5674 -0.7676
vn 0.0176 0.9806 -0.1950
vn -0.0014 -0.7064 -0.7078
vn 0.0003 -0.8176 -0.5758
vn -0.7060 -0.5888 -0.3935
vn -0.7060 -0.5008 -0.5007
vn 0.7060 0.5007 -0.5008
vn 0.7060 0.3935 -0.5888
vn 0.0005 0.5531 -0.8331
vn -0.7061 0.1382 0.6945
vn -0.0175 0.1951 0.9806
vn 0.9998 -0.0083 -0.0200
vn 0.9998 -0.0120 -0.0180
vn 0.0621 -0.8744 -0.4811
vn 0.0406 -0.8449 -0.5333
vn -0.0175 0.1950 -0.9806
vn -0.0175 -0.0000 -0.9998
vn 0.7061 0.2710 -0.6543
vn -0.0175 -0.9806 -0.1950
vn -0.0175 0.3826 -0.9237
vn -0.0175 0.1951 -0.9806
vn -0.7060 0.1382 -0.6946
vn -0.9996 -0.0114 0.0259
vn -0.9227 0.1584 0.3516
vn -0.0175 0.9806 -0.1950
vn 0.0175 0.9806 -0.1950
vn -0.9227 0.2239 -0.3139
vn -0.1704 0.5507 -0.8171
vn -0.9995 -0.0081 -0.0304
vn -0.9995 0.0272 -0.0158
vn -0.1481 0.1951 -0.9695
vn -0.9227 0.0636 -0.3803
vn -0.9318 -0.2856 -0.2239
vn -0.7279 0.3227 -0.6050
vn -0.9983 -0.0236 -0.0538
vn -0.5747 0.0363 -0.8176
vn -0.2185 0.2038 -0.9543
vn 0.7061 -0.6945 -0.1382
vn 0.0089 0.9134 -0.4070
vn -0.0022 0.8258 -0.5640
vn -0.0218 0.9133 -0.4068
vn -0.3804 0.1421 -0.9139
vn -0.1482 0.1952 -0.9695
vn -0.0219 0.0263 -0.9994
vn -0.9239 0.2958 -0.2428
vn 0.0191 0.3986 -0.9169
vn -0.0343 0.4557 -0.8894
vn -0.2185 0.2039 -0.9543
vn -0.1273 0.3855 -0.9139
vn -0.7279 0.3228 -0.6049
vn -0.7279 0.3228 -0.6050
vn -0.0671 0.3399 -0.9381
vn -0.7000 0.5329 -0.4753
vn -0.0956 0.6739 -0.7326
vn -0.0175 -0.1950 -0.9806
vn -0.0218 0.0263 -0.9994
vn 0.0089 0.0265 -0.9996
vn 0.0175 -0.1950 -0.9806
vn -0.4896 0.5770 -0.6537
vn -0.0343 0.4557 -0.8895
vn -0.0409 0.4649 -0.8844
vn -0.0387 0.3548 -0.9342
vn -0.0361 0.5676 -0.8225
vn 0.7061 -0.2710 -0.6542
vn 0.7061 -0.1381 -0.6945
vn -0.0219 0.6881 -0.7253
vn -0.1704 0.5507 -0.8172
vn -0.3804 0.5457 -0.7467
vn -0.2186 0.2039 -0.9543
vn -0.5687 -0.0223 -0.8222
vn -0.5156 0.2551 -0.8180
vn -0.0053 0.2136 -0.9769
vn 0.0175 -0.7070 -0.7070
vn 0.0175 -0.8313 -0.5555
vn -0.0175 -0.8313 -0.5555
vn -0.8737 0.0997 0.4762
vn -0.6210 0.0168 0.7837
vn -0.9981 0.0131 0.0596
vn -0.8737 0.0997 0.4761
vn -0.5884 0.1114 0.8008
vn -0.2958 0.1347 0.9457
vn -0.0114 -0.5410 0.8409
vn -0.0175 -0.7070 0.7070
vn 0.0208 -0.5385 0.8424
vn -0.5884 0.1115 0.8008
vn -0.0857 0.1047 0.9908
vn -0.0089 0.2210 0.9752
vn 0.7061 -0.3934 -0.5888
vn 0.0175 0.8313 0.5555
vn 0.7060 0.5888 0.3934
vn -0.0465 0.2713 0.9614
vn -0.0855 0.1933 0.9774
vn 0.0027 0.1949 0.9808
vn -0.0218 -0.2208 0.9751
vn -0.0175 0.7070 -0.7070
vn 0.0175 0.7070 -0.7070
vn -0.6210 0.0169 0.7836
vn -0.0641 0.0988 0.9930
vn -0.0715 -0.0011 0.9974
vn -0.5885 0.1114 0.8008
vn -0.0492 -0.0885 0.9949
vn -0.9996 -0.0255 0.0103
vn -0.9239 -0.0375 0.3808
vn 0.0423 -0.7744 -0.6313
vn 0.0830 -0.8529 -0.5154
vn 0.2609 -0.7134 -0.6504
vn 0.0218 0.2208 0.9751
vn 0.7061 0.1382 0.6945
vn 0.0175 0.1951 0.9806
vn 0.0089 -0.9752 0.2210
vn -0.0218 -0.9751 0.2208
vn 0.7659 0.1134 0.6329
vn 0.9994 0.0185 0.0295
vn 0.3827 0.0906 0.9194
vn 0.8407 0.3759 0.3897
vn 0.9991 0.0435 0.0014
vn 0.0175 -0.9806 -0.1950
vn -0.1833 -0.2055 0.9613
vn -0.0218 -0.3582 0.9334
vn 0.0089 -0.3581 0.9337
vn -0.0043 -0.1793 0.9838
vn 0.0346 0.5546 0.8314
vn 0.1229 0.5907 0.7975
vn 0.0768 0.6059 0.7919
vn 0.9990 0.0436 0.0014
vn 0.9097 0.4153 -0.0038
vn 0.0980 0.3956 0.9132
vn 0.0038 0.3963 0.9181
vn 0.0176 -0.5555 -0.8313
vn -0.0175 -0.9806 0.1951
vn 0.0175 -0.9806 0.1951
vn 0.0175 -0.9237 0.3826
vn 1.0000 0.0009 0.0014
vn -0.0175 0.9806 0.1951
vn 0.7706 0.3406 0.5387
vn 0.9992 -0.0124 0.0387
vn -0.0175 -0.5555 0.8313
vn 0.8583 -0.0730 0.5079
vn -0.7060 0.2710 0.6543
vn 0.0039 0.3963 0.9181
vn 0.5387 0.3972 0.7430
vn 0.1228 0.5907 0.7975
vn 0.0764 0.4995 0.8629
vn -0.0699 -0.9933 -0.0925
vn -0.6691 -0.6526 0.3556
vn -0.0439 -0.7817 0.6221
vn 0.0175 -0.1950 0.9806
vn 0.7061 -0.0000 0.7081
vn -0.9227 -0.3606 0.1366
vn -0.1813 -0.9101 0.3727
vn -0.9995 -0.0115 0.0279
vn -0.9113 0.1167 0.3948
vn -0.9656 -0.0413 0.2566
vn 0.0515 -0.8772 0.4774
vn -0.0912 -0.7958 0.5987
vn 0.0004 -0.9226 0.3857
vn -0.1812 -0.9101 0.3728
vn -0.0219 -0.9751 0.2208
vn -0.3804 -0.8686 0.3177
vn -0.1833 -0.3632 0.9135
vn -0.1812 -0.9100 0.3728
vn -0.9790 -0.0284 0.2020
vn -0.9657 -0.0413 0.2565
vn -0.0401 -0.8783 0.4764
vn -0.0909 -0.8637 0.4958
vn -0.9983 -0.0484 0.0314
vn -0.9997 -0.0090 0.0229
vn -0.1812 -0.9101 0.3727
vn -0.9989 -0.0204 0.0422
vn -0.9835 -0.1726 -0.0532
vn -0.1101 -0.8514 0.5128
vn -0.0175 -0.9237 -0.3826
vn 0.0175 -0.9237 -0.3826
vn 0.0175 -0.9806 -0.1951
vn -0.0175 -0.9806 -0.1951
vn -0.0912 -0.7958 0.5986
vn -0.1813 -0.9101 0.3728
vn -0.9990 -0.0285 0.0347
vn -0.9976 -0.0176 0.0670
vn -0.9998 0.0024 0.0178
vn -0.9434 0.0424 0.3290
vn -0.2723 -0.6683 0.6923
vn -0.8714 -0.3792 0.3112
vn -0.9974 -0.0552 0.0453
vn -0.2723 -0.6683 0.6922
vn -0.8490 0.0880 0.5210
vn -0.3718 -0.2341 0.8983
vn -0.2633 -0.4302 0.8635
vn 0.0970 -0.7874 0.6088
vn -0.0540 -0.5261 0.8487
vn 0.0175 0.9237 -0.3826
vn -0.0296 -0.9701 0.2408
vn -0.7061 -0.6946 -0.1382
vn -0.3827 0.7142 -0.5861
vn -0.9227 -0.1366 0.3606
vn -0.1834 -0.3632 0.9135
vn 0.0027 -0.5556 0.8315
vn -0.0065 -0.7037 0.7105
vn -0.0065 -0.7036 0.7105
vn 0.0006 -0.8443 0.5358
vn -0.3804 -0.3177 0.8686
vn -0.0219 -0.2208 0.9751
vn -0.0689 -0.6189 0.7824
vn -0.2632 -0.4302 0.8635
vn -0.0425 -0.6271 0.7778
vn -0.9983 -0.0484 0.0315
vn -0.0909 -0.8637 0.4957
vn -0.9429 -0.0214 0.3324
vn -0.9984 -0.0556 0.0079
vn -0.9976 -0.0175 0.0670
vn -0.9983 -0.0235 -0.0538
vn -0.9977 0.0258 -0.0623
vn -0.0676 -0.4889 0.8697
vn -0.1198 -0.5516 0.8255
vn 0.0027 -0.5555 0.8315
vn -0.0688 -0.6189 0.7824
vn -0.0675 -0.4889 0.8697
vn 0.0175 0.5555 -0.8313
vn -0.0175 0.5555 -0.8313
vn 0.7060 -0.3934 0.5888
vn -0.0043 -0.3974 0.9176
vn -0.8342 -0.4244 -0.3523
vn -0.9835 -0.1727 -0.0532
vn 0.8488 -0.5144 0.1221
vn 0.9955 -0.0895 -0.0303
vn 0.9996 -0.0209 -0.0174
vn 0.1161 -0.8273 -0.5497
vn 0.2609 -0.7133 -0.6504
vn -0.0867 -0.7052 -0.7037
vn 0.8987 -0.2372 -0.3690
vn 0.8317 -0.4804 -0.2781
vn 0.1734 -0.9081 -0.3812
vn 0.9995 -0.0102 -0.0286
vn 0.9227 -0.3606 -0.1366
vn 0.8318 -0.4805 -0.2781
vn 0.9990 -0.0291 -0.0334
vn 0.0728 -0.7320 -0.6774
vn 0.0341 -0.7722 -0.6345
vn -0.0716 -0.0010 0.9974
vn -0.6210 0.0168 0.7836
vn -0.6257 -0.0140 0.7799
vn -0.9988 -0.0299 0.0380
vn -0.2958 0.1346 0.9457
vn 0.7759 -0.2292 -0.5878
vn 0.9996 -0.0208 -0.0174
vn 0.0334 0.1161 0.9927
vn -0.0432 -0.0694 0.9967
vn 0.9927 -0.1048 -0.0590
vn 0.9993 -0.0010 -0.0379
vn 0.8885 -0.1866 -0.4192
vn -0.7621 0.3916 -0.5156
vn -0.9987 0.0408 -0.0310
vn -0.9995 0.0315 -0.0008
vn -0.1494 0.4043 -0.9023
vn -0.9990 0.0437 0.0062
vn -0.0227 0.2234 -0.9745
vn 0.9961 -0.0881 0.0010
vn -0.9239 0.1111 -0.3662
vn -0.9998 0.0160 -0.0130
vn -0.8812 -0.1745 -0.4394
vn -0.9988 -0.0039 -0.0483
vn 0.1791 -0.8291 -0.5296
vn 0.8317 -0.4805 -0.2781
vn 0.9386 -0.3220 0.1241
vn 0.5578 -0.0383 -0.8291
vn 0.1467 -0.9265 -0.3465
vn 1.0000 -0.0001 0.0003
vn 0.9998 -0.0153 -0.0153
vn 0.7061 -0.5007 -0.5007
vn 0.7060 -0.6946 -0.1381
vn 0.7060 0.6543 -0.2710
vn 0.9998 0.0180 -0.0120
vn 0.7061 0.5888 -0.3934
vn 0.0006 -0.8443 0.5359
vn -0.2982 0.5674 -0.7675
vn -0.7489 0.5379 -0.3871
vn -0.9921 0.1248 0.0131
vn 0.8318 -0.4804 -0.2781
vn 0.5717 -0.7345 -0.3655
vn -0.9994 0.0240 -0.0261
vn -0.7621 0.3915 -0.5156
vn 0.0482 -0.6422 -0.7651
vn -0.9470 0.2663 -0.1797
vn -0.7768 0.3562 -0.5194
vn -0.9994 0.0241 -0.0261
vn 0.3936 -0.8009 -0.4512
vn 0.7061 -0.0000 -0.7081
vn 0.7061 0.1382 -0.6945
vn 0.1298 0.3584 0.9245
vn 0.0768 0.6058 0.7919
vn -0.7621 0.3915 -0.5157
vn 0.1734 -0.9081 -0.3813
vn 0.2836 -0.7321 -0.6194
vn -0.0176 0.9998 -0.0000
vn -0.0176 0.9806 -0.1950
vn 0.0063 -0.5731 -0.8194
vn -0.0089 -0.4070 -0.9134
vn -0.9239 -0.1804 0.3375
vn -0.9998 -0.0120 0.0180
vn -0.7061 -0.3934 0.5888
vn 0.1560 -0.5524 -0.8189
vn 0.9227 -0.2043 -0.3270
vn -0.6209 0.0168 0.7837
vn 0.7060 -0.1381 -0.6946
vn 0.5543 -0.6916 -0.4631
vn 0.7061 -0.5008 -0.5007
vn 0.0176 -0.8313 -0.5555
vn -0.3827 -0.0906 -0.9194
vn -0.0176 0.9806 0.1950
vn -0.7060 -0.1381 0.6946
vn -0.0138 -0.2023 0.9792
vn -0.7955 0.2286 -0.5613
vn 0.3803 0.7308 0.5668
vn 0.0764 0.4995 0.8630
vn -0.6691 -0.6526 0.3555
vn 0.0493 -0.6280 0.7767
vn -0.9989 0.0156 0.0439
vn 0.0949 0.4498 -0.8881
vn -0.0087 0.7082 -0.7060
vn -0.0022 0.8258 -0.5639
vn -0.0176 0.1950 -0.9806
vn 0.3804 -0.8686 -0.3177
vn 0.0175 0.1951 -0.9806
vn 0.0175 0.3826 -0.9237
vn 0.9998 0.0180 0.0120
vn 0.7061 0.5888 0.3934
vn -1.0000 -0.0017 0.0017
vn -0.4136 -0.3453 0.8424
vn 0.9901 -0.0095 -0.1401
vn -0.7000 0.5330 -0.4753
vn -0.9985 0.0529 -0.0121
vn -0.8737 0.0996 0.4762
vn 0.9239 -0.1111 -0.3662
vn 0.8298 -0.5319 -0.1688
vn -0.9716 -0.1290 -0.1982
vn -0.9988 -0.0299 0.0379
vn -0.0053 0.2135 -0.9769
vn -0.0387 0.3548 -0.9341
vn -1.0000 0.0013 -0.0017
vn 0.0176 -0.9237 -0.3826
vn 0.7060 -0.6543 -0.2710
vn 0.0176 -0.9806 -0.1951
vn 0.0176 0.9237 -0.3826
vn 0.7060 -0.5888 0.3934
vn -0.9227 0.3270 -0.2043
vn -0.9996 0.0049 -0.0279
vn 0.7060 -0.5888 -0.3934
vn -0.7060 0.6946 0.1382
vn -0.0138 -0.2024 0.9792
vn 0.0677 -0.3818 0.9218
vn 0.7060 -0.5008 -0.5007
vn 0.7060 -0.5888 -0.3935
vn -0.3827 -0.9194 0.0906
vn 0.0063 -0.5732 -0.8194
vn -0.0175 -0.8313 0.5555
vn 0.9239 0.3375 0.1804
vn 0.9996 -0.0002 0.0275
vn 0.1734 -0.9080 -0.3813
vn 0.9891 -0.0265 -0.1449
vn -0.7060 -0.5888 0.3935
vn -0.7060 -0.5008 0.5007
vn -0.3803 0.3896 0.8388
vn -0.3827 0.5861 0.7142
vn -0.0030 0.0148 0.9999
vn 0.7060 -0.1381 0.6946
vn 0.0176 -0.8313 0.5555
vn -0.9998 -0.0083 0.0200
vn 0.9995 -0.0098 0.0289
vn 0.8233 -0.2343 0.5170
vn 0.9995 -0.0097 0.0288
vn 0.7061 0.7081 -0.0000
vn -0.9998 0.0120 0.0180
vn 0.9996 0.0264 0.0103
vn 0.9239 0.0375 0.3808
vn -0.0175 -0.1950 0.9806
vn 0.3827 0.8148 0.4355
vn 0.3804 0.3177 0.8686
vn 0.0219 0.2208 0.9751
vn -0.7060 -0.5888 -0.3934
vn -0.9239 -0.3808 0.0375
vn 0.0176 -0.9806 -0.1950
vn 0.7061 -0.7082 -0.0000
vn -0.3827 -0.0906 0.9194
vn -0.7061 0.5007 0.5007
vn -0.7061 0.6542 -0.2710
vn 0.0176 0.7070 0.7070
vn 0.0176 0.5555 0.8313
vn 0.7061 -0.1382 0.6945
vn 0.0175 0.9806 -0.1951
vn -0.7061 0.7081 -0.0000
vn -0.7061 0.5888 0.3934
vn -0.0021 0.8258 -0.5640
vn -0.0218 -0.3581 0.9334
vn -0.7061 0.1381 -0.6945
vn -0.0176 0.1951 -0.9806
vn -0.3804 -0.2184 0.8987
vn -0.0716 -0.0011 0.9974
vn -0.0029 0.0149 0.9999
vn -0.7060 0.5008 -0.5007
vn 0.0176 0.1950 -0.9806
vn 0.0305 0.5553 -0.8311
vn 0.0176 0.9806 -0.1951
vn 0.0089 -0.3580 0.9337
vn 0.0176 -0.5555 0.8313
vn -0.0029 0.0148 0.9999
vn 0.9239 -0.3808 -0.0375
vn 0.9995 -0.0102 -0.0285
vn 0.9995 -0.0097 0.0289
vn 0.0176 -0.1950 -0.9806
vn 0.7061 0.1381 -0.6945
vn -0.7060 -0.6946 0.1382
vn -0.0176 0.3826 -0.9237
vn -0.7060 0.3934 -0.5888
vn -0.7061 0.6542 0.2710
vn -0.7061 0.6945 0.1381
vn -0.1466 -0.8190 0.5548
vn -0.3827 -0.4355 0.8148
vn 0.1037 0.6942 0.7123
vn 0.9227 0.2809 0.2642
vn 0.7061 0.1381 0.6945
vn -0.0956 0.6740 -0.7326
vn -0.7061 -0.5007 0.5007
vn -0.9239 0.2428 0.2958
vn -0.9466 0.2682 0.1789
vn 0.0028 0.1949 0.9808
vn 0.7061 -0.1382 0.6946
vn 0.7061 0.2710 0.6543
vn -0.9985 0.0528 -0.0121
vn -0.9239 0.3662 -0.1111
vn -0.7061 -0.5008 -0.5007
vn 0.5444 0.5322 0.6484
vn 0.1228 0.5906 0.7975
vn -0.3827 0.8841 -0.2682
vn 0.0003 -0.9226 0.3857
vn 0.7061 -0.6945 -0.1381
vn -0.0176 0.9806 -0.1951
vn -0.0175 0.5555 -0.8314
vn 0.0175 0.5555 -0.8314
vn 0.7061 -0.6946 -0.1382
vn 0.7061 -0.6543 -0.2710
vn -0.9239 -0.0375 -0.3808
vn 0.0176 -0.7070 0.7070
vn -0.7061 0.6945 -0.1381
vn 0.9227 0.1366 0.3606
vn -0.9998 0.0161 -0.0130
vn -0.0176 0.9237 0.3826
vn 0.1037 0.6943 0.7122
vn 0.3804 0.6809 0.6259
vn 0.0219 0.8164 0.5771
vn -1.0000 0.0009 0.0004
vn 0.3804 -0.4810 -0.7899
vn -0.0014 -0.7065 -0.7078
vn 0.0190 0.3986 -0.9169
vn 0.4125 -0.8344 -0.3655
vn -0.0176 0.5555 0.8313
vn -0.3804 0.7899 -0.4810
vn -0.0219 0.9133 -0.4068
vn -0.0021 0.8258 -0.5639
vn 1.0000 -0.0018 -0.0014
vn 1.0000 -0.0017 -0.0014
vn 0.9999 -0.0078 -0.0095
vn 0.9994 0.0186 0.0295
vn 1.0000 0.0062 0.0075
vn 0.9999 0.0058 0.0108
vn 0.9999 0.0079 0.0096
vn -0.9990 0.0437 0.0063
vn -0.1795 0.8258 -0.5347
vn -0.1795 0.8257 -0.5347
vn -0.9999 0.0095 -0.0078
vn -0.9996 0.0266 0.0131
vn -0.9996 0.0050 -0.0279
vn 1.0000 -0.0002 0.0004
vn 0.9998 -0.0049 0.0166
vn -0.0088 0.7082 -0.7060
vn -0.0374 0.5503 -0.8341
vn -0.0368 0.2975 -0.9540
vn -0.0030 0.0149 0.9999
vn -0.0344 -0.0980 0.9946
vn 0.0344 0.4711 0.8814
vn 0.0764 0.4994 0.8630
vn 0.0346 0.5545 0.8314
vn 0.0344 0.6340 0.7726
vn -0.0344 -0.4711 0.8814
vn -0.0688 -0.6189 0.7825
vn -0.1102 -0.8514 0.5128
vn 0.0007 -0.8443 0.5359
vn -0.0344 -0.7726 0.6340
vn -0.0951 -0.7695 0.6315
vn -1.0000 -0.0000 -0.0000
vn 0.9996 -0.0279 -0.0050
vn -0.1482 0.1951 -0.9695
vn -1.0000 -0.0017 0.0018
vn -0.9984 -0.0557 0.0079
vn -0.9999 -0.0012 0.0122
vn -0.9996 0.0154 0.0227
vn -0.9998 0.0024 0.0177
vn -0.1834 -0.3633 0.9135
vn -0.9999 -0.0058 0.0108
vn -0.9998 0.0023 0.0178
vn -0.0000 -0.9239 0.3827
vn -0.0000 0.9239 0.3827
vn -0.0000 1.0000 -0.0000
vn -0.0000 0.7071 0.7071
vn -0.0000 0.3827 0.9239
vn -0.0000 0.9239 -0.3827
vn -0.0001 0.7071 -0.7071
vn -0.0000 0.3827 -0.9239
vn -0.0000 0.7071 -0.7071
vn -0.0000 -0.3827 -0.9239
vn -0.0000 -0.7071 -0.7071
vn -0.0000 -0.0000 1.0000
vn -0.0000 -0.0000 -1.0000
vn -0.0000 -0.9239 -0.3827
vn -0.0000 -0.3827 0.9239
vn -0.0000 -0.7071 0.7071
vn -0.0001 0.7071 0.7071
vn 0.0001 -0.7071 0.7071
vn -0.0001 0.3827 -0.9239
vn -0.0001 -0.9239 0.3827
vt 0.056109 0.213129
vt 0.710445 0.753912
vt 0.057701 0.172705
vt 0.681227 0.726174
vt 0.043759 0.204314
vt 0.696819 0.727391
vt 0.705994 0.735599
vt 0.711856 0.748409
vt 0.050558 0.191867
vt 0.050899 0.179243
vt 0.050555 0.193419
vt 0.690094 0.723864
vt 0.713320 0.742870
vt 0.050651 0.187001
vt 0.685406 0.719871
vt 0.044283 0.175684
vt 0.707722 0.743302
vt 0.709528 0.744609
vt 0.701697 0.731761
vt 0.697581 0.733737
vt 0.050534 0.190286
vt 0.055540 0.185802
vt 0.692156 0.733833
vt 0.050201 0.203586
vt 0.700793 0.742666
vt 0.056045 0.198040
vt 0.705473 0.741286
vt 0.053605 0.182715
vt 0.701381 0.736443
vt 0.053542 0.195841
vt 0.685720 0.724909
vt 0.700343 0.735224
vt 0.702432 0.738698
vt 0.710421 0.739954
vt 0.692258 0.729877
vt 0.050295 0.199643
vt 0.011528 0.518177
vt 0.025448 0.545909
vt 0.129205 0.871220
vt 0.055082 0.192011
vt 0.696827 0.737928
vt 0.054961 0.221722
vt 0.706092 0.746577
vt 0.055294 0.204616
vt 0.055804 0.221726
vt 0.715845 0.760594
vt 0.007719 0.513147
vt 0.117650 0.894242
vt 0.009328 0.518890
vt 0.058854 0.088619
vt 0.605040 0.691616
vt 0.058617 0.068812
vt 0.585275 0.689618
vt 0.011480 0.516315
vt 0.118845 0.891655
vt 0.011770 0.512572
vt 0.114799 0.888645
vt 0.595647 0.682126
vt 0.009375 0.514636
vt 0.116390 0.889958
vt 0.261103 0.863845
vt 0.008696 0.352567
vt 0.012892 0.348672
vt 0.268323 0.857721
vt 0.007636 0.343135
vt 0.012732 0.351406
vt 0.053835 0.088110
vt 0.012795 0.345934
vt 0.589569 0.681451
vt 0.607547 0.684230
vt 0.261126 0.857035
vt 0.258728 0.857471
vt 0.257549 0.861539
vt 0.045885 0.078793
vt 0.045777 0.092081
vt 0.045902 0.083248
vt 0.264627 0.852955
vt 0.045866 0.073845
vt 0.257673 0.869110
vt 0.007969 0.358787
vt 0.257418 0.852308
vt 0.253898 0.856447
vt 0.012774 0.481503
vt 0.012477 0.485545
vt 0.012181 0.483819
vt 0.252147 0.858509
vt 0.010174 0.479950
vt 0.012566 0.476244
vt 0.145851 0.897795
vt 0.151058 0.905008
vt 0.008112 0.477708
vt 0.007724 0.489433
vt 0.139585 0.902988
vt 0.100298 0.882948
vt 0.005856 0.533670
vt 0.105101 0.881015
vt 0.086779 0.845520
vt 0.011098 0.529063
vt 0.097942 0.869562
vt 0.005256 0.545699
vt 0.091020 0.875346
vt 0.010851 0.532103
vt 0.011156 0.527622
vt 0.150344 0.898571
vt 0.143133 0.897142
vt 0.091229 0.874970
vt 0.011428 0.520886
vt 0.117537 0.886922
vt 0.007052 0.521890
vt 0.111100 0.888331
vt 0.109859 0.881995
vt 0.114662 0.885119
vt 0.095898 0.855483
vt 0.110461 0.885416
vt 0.081915 0.860247
vt 0.009755 0.565148
vt 0.009766 0.563499
vt 0.134113 0.873422
vt 0.082387 0.840117
vt 0.009551 0.570511
vt 0.100282 0.859807
vt 0.009884 0.556887
vt 0.077363 0.855003
vt 0.005677 0.545668
vt 0.017041 0.483913
vt 0.007536 0.561206
vt 0.086579 0.864897
vt 0.004204 0.572159
vt 0.072704 0.856327
vt 0.005363 0.559126
vt 0.082662 0.864866
vt 0.132667 0.872696
vt 0.654452 0.709584
vt 0.058747 0.141219
vt 0.655109 0.708984
vt 0.057909 0.141078
vt 0.058388 0.154073
vt 0.665744 0.715766
vt 0.057543 0.154020
vt 0.666269 0.715095
vt 0.057992 0.166581
vt 0.676178 0.722698
vt 0.676665 0.722004
vt 0.057146 0.166559
vt 0.875870 0.704926
vt 0.930680 0.381807
vt 0.931483 0.381972
vt 0.876005 0.705787
vt 0.686139 0.729833
vt 0.057346 0.178830
vt 0.143582 0.099568
vt 0.894549 0.835129
vt 0.893722 0.834846
vt 0.142754 0.099571
vt 0.143850 0.106892
vt 0.898964 0.829071
vt 0.898453 0.828355
vt 0.143015 0.106894
vt 0.044963 0.506507
vt 0.716491 0.760053
vt 0.054902 0.240754
vt 0.727466 0.775674
vt 0.054058 0.240741
vt 0.906237 0.826689
vt 0.143963 0.114380
vt 0.143121 0.114379
vt 0.906237 0.825805
vt 0.143844 0.121809
vt 0.913447 0.829046
vt 0.913809 0.828278
vt 0.143014 0.121865
vt 0.051799 0.304897
vt 0.764994 0.827707
vt 0.050951 0.304884
vt 0.050729 0.327281
vt 0.778620 0.845457
vt 0.779610 0.845322
vt 0.049893 0.327049
vt 0.143582 0.129336
vt 0.917987 0.835266
vt 0.918950 0.835333
vt 0.142755 0.129188
vt 0.792710 0.862023
vt 0.049706 0.349036
vt 0.048871 0.348857
vt 0.793587 0.861748
vt 0.048798 0.369677
vt 0.807209 0.876720
vt 0.142858 0.077050
vt 0.142859 0.151709
vt 0.906245 0.851349
vt 0.807299 0.875648
vt 0.047940 0.369931
vt 0.143252 0.136663
vt 0.917989 0.842768
vt 0.142421 0.136801
vt 0.918953 0.842683
vt 0.047933 0.390189
vt 0.823053 0.889742
vt 0.823803 0.889212
vt 0.047089 0.390046
vt 0.839364 0.899633
vt 0.047219 0.409276
vt 0.839946 0.898994
vt 0.046379 0.409159
vt 0.872558 0.706652
vt 0.930739 0.378151
vt 0.872760 0.707470
vt 0.931554 0.378175
vt 0.856333 0.905950
vt 0.046682 0.427405
vt 0.045832 0.427524
vt 0.856220 0.905052
vt 0.046313 0.445933
vt 0.874700 0.908251
vt 0.875019 0.907406
vt 0.045466 0.445805
vt 0.868299 0.707236
vt 0.930767 0.373929
vt 0.931578 0.373854
vt 0.868495 0.708057
vt 0.046122 0.459754
vt 0.888515 0.907872
vt 0.888649 0.907029
vt 0.045278 0.459666
vt 0.045985 0.472311
vt 0.901028 0.906719
vt 0.900619 0.905925
vt 0.045138 0.472424
vt 0.864128 0.706800
vt 0.930744 0.369826
vt 0.863823 0.707569
vt 0.931550 0.369844
vt 0.045885 0.484354
vt 0.912902 0.904673
vt 0.045038 0.484311
vt 0.912793 0.903828
vt 0.612337 0.695035
vt 0.059614 0.096581
vt 0.923749 0.901760
vt 0.045823 0.495581
vt 0.923465 0.900962
vt 0.044977 0.495579
vt 0.930655 0.366430
vt 0.861052 0.705078
vt 0.860439 0.705670
vt 0.931467 0.366427
vt 0.045808 0.506527
vt 0.933981 0.897867
vt 0.933657 0.897084
vt 0.044972 0.509816
vt 0.045839 0.517365
vt 0.943658 0.892972
vt 0.943188 0.892263
vt 0.044995 0.517378
vt 0.859108 0.701504
vt 0.930495 0.362490
vt 0.931316 0.362488
vt 0.858302 0.701748
vt 0.952945 0.887023
vt 0.045899 0.528367
vt 0.952240 0.886467
vt 0.045052 0.528461
vt 0.962338 0.879715
vt 0.045983 0.540282
vt 0.045134 0.540092
vt 0.962118 0.878779
vt 0.971414 0.871439
vt 0.046111 0.552570
vt 0.970993 0.870682
vt 0.045267 0.552467
vt 0.980616 0.861916
vt 0.046279 0.565814
vt 0.045438 0.565813
vt 0.979991 0.861367
vt 0.990092 0.851080
vt 0.046484 0.580196
vt 0.045644 0.580311
vt 0.157599 0.022689
vt 0.045898 0.595751
vt 0.998864 0.839201
vt 0.158428 0.023843
vt 0.999613 0.839233
vt 0.158297 0.023123
vt 0.046601 0.595328
vt 0.930013 0.349660
vt 0.858493 0.688615
vt 0.046721 0.594613
vt 0.999166 0.839828
vt 0.157579 0.023393
vt 0.998085 0.839949
vt 0.045855 0.595048
vt 0.157503 0.068465
vt 0.827862 0.042367
vt 0.924149 0.205020
vt 0.885270 0.546379
vt 0.827964 0.043189
vt 0.952864 0.840276
vt 0.157565 0.067640
vt 0.953645 0.688713
vt 0.834880 0.192439
vt 0.834807 0.193090
vt 0.215913 0.002723
vt 0.953467 0.688082
vt 0.215256 0.002361
vt 0.834107 0.192822
vt 0.952815 0.687985
vt 0.215737 0.003360
vt 0.833922 0.194292
vt 0.209520 0.284842
vt 0.833977 0.195177
vt 0.815742 0.534412
vt 0.209618 0.283961
vt 0.833914 0.402050
vt 0.223224 0.167546
vt 0.833968 0.401173
vt 0.223127 0.166672
vt 0.605625 0.534436
vt 0.215267 0.069022
vt 0.930756 0.402476
vt 0.886941 0.688427
vt 0.929970 0.401774
vt 0.930086 0.402426
vt 0.215904 0.068882
vt 0.887312 0.687906
vt 0.930805 0.401510
vt 0.887930 0.688133
vt 0.216001 0.068226
vt 0.059294 0.012983
vt 0.903980 0.402467
vt 0.529995 0.688390
vt 0.060080 0.013530
vt 0.059968 0.012997
vt 0.529454 0.688292
vt 0.904627 0.402307
vt 0.904788 0.401602
vt 0.529260 0.687567
vt 0.059234 0.013822
vt 0.529762 0.687473
vt 0.903986 0.401627
vt 0.575545 0.689784
vt 0.059955 0.059161
vt 0.142971 0.144179
vt 0.913457 0.848985
vt 0.913829 0.849724
vt 0.142160 0.144123
vt 0.595906 0.690493
vt 0.058337 0.079492
vt 0.930231 0.356655
vt 0.858398 0.695631
vt 0.857562 0.695651
vt 0.931063 0.356662
vt 0.008193 0.516950
vt 0.114700 0.891907
vt 0.779321 0.191563
vt 0.160211 0.002911
vt 0.104720 0.689289
vt 0.785151 0.042528
vt 0.103858 0.838643
vt 0.142047 0.077156
vt 0.142048 0.151603
vt 0.906246 0.852206
vt 0.059409 0.112636
vt 0.627778 0.699298
vt 0.627689 0.698372
vt 0.058556 0.112775
vt 0.641594 0.704018
vt 0.059005 0.127221
vt 0.056044 0.127377
vt 0.641466 0.703026
vt 0.142979 0.084634
vt 0.898971 0.848972
vt 0.898461 0.849662
vt 0.142160 0.084636
vt 0.143240 0.091956
vt 0.894552 0.842918
vt 0.142420 0.091958
vt 0.893725 0.843174
vt 0.930361 0.390872
vt 0.881651 0.697873
vt 0.882752 0.697743
vt 0.931206 0.390595
vt 0.930540 0.386308
vt 0.879085 0.701677
vt 0.931367 0.385959
vt 0.880237 0.701504
vt 0.216008 0.150864
vt 0.918655 0.059570
vt 0.911522 0.403249
vt 0.215319 0.151687
vt 0.215919 0.151564
vt 0.918016 0.059775
vt 0.912075 0.403425
vt 0.215231 0.150851
vt 0.918215 0.060433
vt 0.912105 0.404111
vt 0.841763 0.403346
vt 0.145519 0.151708
vt 0.215240 0.152482
vt 0.144754 0.150868
vt 0.144832 0.151564
vt 0.215910 0.152668
vt 0.841070 0.403403
vt 0.216010 0.153431
vt 0.840807 0.404125
vt 0.145625 0.150849
vt 0.215178 0.153412
vt 0.841626 0.404260
vt 0.216784 0.036693
vt 0.584304 0.404013
vt 0.091346 0.321467
vt 0.217566 0.035943
vt 0.216891 0.036034
vt 0.091448 0.320796
vt 0.584093 0.403380
vt 0.583415 0.403261
vt 0.092119 0.320656
vt 0.217616 0.036824
vt 0.092229 0.321469
vt 0.583461 0.404044
vt 0.916483 0.117675
vt 0.146054 0.321456
vt 0.529295 0.404026
vt 0.917243 0.118458
vt 0.146026 0.320789
vt 0.917133 0.117805
vt 0.529470 0.403357
vt 0.530021 0.403249
vt 0.145496 0.320657
vt 0.916442 0.118509
vt 0.529821 0.404036
vt 0.145219 0.321464
vt 0.403401 0.709571
vt 0.003372 0.140826
vt 0.004213 0.140693
vt 0.402744 0.708971
vt 0.392112 0.715752
vt 0.003548 0.153679
vt 0.391587 0.715082
vt 0.004394 0.153638
vt 0.003763 0.166178
vt 0.381691 0.722688
vt 0.004609 0.166181
vt 0.381197 0.721999
vt 0.986380 0.381753
vt 0.181977 0.704891
vt 0.181841 0.705751
vt 0.985577 0.381919
vt 0.004001 0.178506
vt 0.371977 0.730305
vt 0.371601 0.729522
vt 0.004848 0.178596
vt 0.163310 0.835139
vt 0.099185 0.099562
vt 0.164138 0.834871
vt 0.100013 0.099571
vt 0.004265 0.191298
vt 0.362432 0.738837
vt 0.005106 0.191125
vt 0.361546 0.738510
vt 0.353448 0.747689
vt 0.004521 0.203895
vt 0.352941 0.746990
vt 0.005367 0.203964
vt 0.158867 0.829065
vt 0.098919 0.106915
vt 0.099752 0.106894
vt 0.159317 0.828328
vt 0.004861 0.221077
vt 0.342044 0.760550
vt 0.341401 0.760005
vt 0.005705 0.221085
vt 0.005272 0.240112
vt 0.330449 0.775649
vt 0.006116 0.240121
vt 0.098804 0.114380
vt 0.151617 0.826691
vt 0.151617 0.825807
vt 0.099646 0.114380
vt 0.098924 0.121809
vt 0.144404 0.829050
vt 0.099752 0.121865
vt 0.144041 0.828282
vt 0.292910 0.827695
vt 0.006712 0.304316
vt 0.292224 0.827167
vt 0.007560 0.304321
vt 0.278844 0.845366
vt 0.007290 0.326917
vt 0.139864 0.835275
vt 0.099185 0.129337
vt 0.138900 0.835341
vt 0.100013 0.129188
vt 0.264033 0.860390
vt 0.008154 0.348123
vt 0.250591 0.876286
vt 0.008132 0.368868
vt 0.139863 0.842780
vt 0.099515 0.136663
vt 0.100347 0.136801
vt 0.138900 0.842695
vt 0.008330 0.389624
vt 0.234812 0.889750
vt 0.009178 0.389509
vt 0.234061 0.889221
vt 0.218499 0.899639
vt 0.008502 0.408726
vt 0.009345 0.408633
vt 0.217917 0.899000
vt 0.986315 0.378098
vt 0.185287 0.706617
vt 0.985500 0.378123
vt 0.185086 0.707435
vt 0.201530 0.905953
vt 0.008523 0.426862
vt 0.201643 0.905054
vt 0.009370 0.427005
vt 0.008363 0.445390
vt 0.183166 0.908251
vt 0.009214 0.445287
vt 0.182847 0.907406
vt 0.986278 0.373875
vt 0.189547 0.707200
vt 0.189351 0.708022
vt 0.985468 0.373802
vt 0.169221 0.907027
vt 0.157009 0.906372
vt 0.008014 0.471635
vt 0.986293 0.369773
vt 0.193717 0.706764
vt 0.985487 0.369793
vt 0.194022 0.707532
vt 0.007710 0.494985
vt 0.134161 0.901680
vt 0.986376 0.366377
vt 0.196792 0.705039
vt 0.985564 0.366376
vt 0.197406 0.705631
vt 0.120964 0.896277
vt 0.007259 0.509226
vt 0.175096 0.697690
vt 0.198736 0.701464
vt 0.986527 0.362438
vt 0.199542 0.701708
vt 0.985707 0.362437
vt 0.008247 0.527159
vt 0.106256 0.886298
vt 0.005020 0.551774
vt 0.086635 0.871105
vt 0.005051 0.565218
vt 0.077404 0.861536
vt 0.003680 0.579257
vt 0.068138 0.850873
vt 0.002828 0.593616
vt 0.058841 0.839903
vt 0.114371 0.023983
vt 0.059232 0.839078
vt 0.058412 0.839194
vt 0.114475 0.023164
vt 0.002877 0.594440
vt 0.115182 0.022775
vt 0.003571 0.594852
vt 0.059866 0.839877
vt 0.115204 0.023391
vt 0.169352 0.907870
vt 0.008161 0.459215
vt 0.003643 0.594241
vt 0.115125 0.068373
vt 0.785426 0.041880
vt 0.114371 0.068712
vt 0.784557 0.041802
vt 0.103847 0.839514
vt 0.009006 0.459146
vt 0.115214 0.067637
vt 0.104976 0.840282
vt 0.007903 0.483468
vt 0.145599 0.902849
vt 0.140593 0.284807
vt 0.765019 0.194289
vt 0.834880 0.193864
vt 0.210475 0.285282
vt 0.815075 0.533614
vt 0.140497 0.283926
vt 0.242102 0.534379
vt 0.764965 0.195174
vt 0.123889 0.897845
vt 0.007012 0.505914
vt 0.765010 0.402047
vt 0.292155 0.167536
vt 0.452238 0.534410
vt 0.292251 0.166663
vt 0.764956 0.401170
vt 0.170563 0.687370
vt 0.159715 0.068926
vt 0.986345 0.402422
vt 0.170864 0.688347
vt 0.987130 0.401719
vt 0.124227 0.897072
vt 0.169739 0.687805
vt 0.159246 0.068119
vt 0.986293 0.401456
vt 0.003613 0.013021
vt 0.848450 0.402476
vt 0.002939 0.013037
vt 0.528287 0.688190
vt 0.847817 0.402325
vt 0.002828 0.013570
vt 0.527790 0.688359
vt 0.847957 0.401657
vt 0.528448 0.687527
vt 0.003675 0.013860
vt 0.002848 0.037309
vt 0.504113 0.688820
vt 0.003707 0.037208
vt 0.503833 0.687932
vt 0.482334 0.690163
vt 0.002920 0.059136
vt 0.003778 0.059099
vt 0.482168 0.689277
vt 0.007855 0.505915
vt 0.099796 0.144180
vt 0.144398 0.849001
vt 0.100608 0.144123
vt 0.144026 0.849741
vt 0.462895 0.692371
vt 0.002999 0.078701
vt 0.095576 0.879275
vt 0.005594 0.539664
vt 0.462826 0.691479
vt 0.003855 0.078727
vt 0.199442 0.695599
vt 0.986782 0.356614
vt 0.985951 0.356611
vt 0.200279 0.695608
vt 0.198772 0.686892
vt 0.987127 0.347926
vt 0.199931 0.686836
vt 0.986325 0.347949
vt 0.445556 0.695422
vt 0.003059 0.096297
vt 0.445573 0.694517
vt 0.003914 0.096385
vt 0.099908 0.151708
vt 0.099909 0.077050
vt 0.151613 0.851361
vt 0.151613 0.852218
vt 0.100719 0.077156
vt 0.100720 0.151604
vt 0.003119 0.112238
vt 0.430080 0.699295
vt 0.003970 0.112386
vt 0.430173 0.698368
vt 0.003225 0.126842
vt 0.416230 0.703967
vt 0.416388 0.703012
vt 0.004071 0.127048
vt 0.099788 0.084635
vt 0.158889 0.848981
vt 0.100607 0.084636
vt 0.159400 0.849671
vt 0.163309 0.842923
vt 0.099527 0.091956
vt 0.164137 0.843179
vt 0.100347 0.091958
vt 0.986717 0.390818
vt 0.176200 0.697820
vt 0.985871 0.390543
vt 0.986529 0.386253
vt 0.178766 0.701634
vt 0.177612 0.701458
vt 0.985702 0.385906
vt 0.146171 0.403284
vt 0.215321 0.069796
vt 0.998859 0.059570
vt 0.216010 0.070618
vt 0.145578 0.403402
vt 0.999519 0.059784
vt 0.215922 0.069919
vt 0.145531 0.404185
vt 0.999613 0.060544
vt 0.215234 0.070632
vt 0.998809 0.060347
vt 0.146135 0.404246
vt 0.216003 0.403289
vt 0.145485 0.069796
vt 0.134240 0.153355
vt 0.216922 0.404078
vt 0.144816 0.069934
vt 0.134347 0.152622
vt 0.216670 0.403383
vt 0.144737 0.070622
vt 0.135021 0.152482
vt 0.216107 0.404248
vt 0.135071 0.153370
vt 0.145627 0.070630
vt 0.092167 0.402500
vt 0.474525 0.403284
vt 0.297785 0.035943
vt 0.091346 0.401701
vt 0.473814 0.403418
vt 0.298455 0.036026
vt 0.091458 0.402365
vt 0.298558 0.036709
vt 0.473591 0.404073
vt 0.092236 0.401689
vt 0.297725 0.036813
vt 0.474436 0.404078
vt 0.145504 0.402491
vt 0.527830 0.403322
vt 0.146034 0.402360
vt 0.835653 0.117807
vt 0.528324 0.403524
vt 0.146061 0.401692
vt 0.836291 0.117675
vt 0.145227 0.401684
vt 0.122793 0.689858
vt 0.161055 0.018781
vt 0.120405 0.687553
vt 0.187271 0.019558
vt 0.114100 0.689694
vt 0.107466 0.696741
vt 0.113788 0.689214
vt 0.113097 0.687993
vt 0.159256 0.011443
vt 0.166260 0.003377
vt 0.166246 0.019554
vt 0.162783 0.015476
vt 0.162746 0.023610
vt 0.106493 0.692287
vt 0.117888 0.689398
vt 0.109667 0.688926
vt 0.125322 0.688013
vt 0.159246 0.023623
vt 0.159914 0.014901
vt 0.116572 0.688159
vt 0.117328 0.688812
vt 0.778559 0.187876
vt 0.104273 0.693148
vt 0.104480 0.693117
vt 0.105880 0.692602
vt 0.108726 0.688231
vt 0.159371 0.007028
vt 0.162961 0.002509
vt 0.781830 0.192580
vt 0.162901 0.002978
vt 0.161113 0.004990
vt 0.107024 0.689594
vt 0.779432 0.190195
vt 0.778563 0.190109
vt 0.104255 0.690893
vt 0.104694 0.691077
vt 0.105344 0.690937
vt 0.106652 0.688533
vt 0.159764 0.004963
vt 0.105820 0.690340
vt 0.201655 0.051973
vt 0.934667 0.691351
vt 0.936658 0.688026
vt 0.215799 0.019550
vt 0.216010 0.052656
vt 0.903561 0.689317
vt 0.208767 0.043865
vt 0.926535 0.691634
vt 0.929336 0.688176
vt 0.214529 0.026963
vt 0.912310 0.688067
vt 0.215911 0.043847
vt 0.927723 0.689563
vt 0.212280 0.031719
vt 0.212257 0.023611
vt 0.924436 0.688055
vt 0.215843 0.031737
vt 0.214915 0.023107
vt 0.933067 0.688668
vt 0.931015 0.689752
vt 0.931965 0.689286
vt 0.212172 0.027621
vt 0.208830 0.060105
vt 0.893955 0.690631
vt 0.896131 0.688102
vt 0.214019 0.060097
vt 0.897968 0.691812
vt 0.898299 0.690106
vt 0.935601 0.241186
vt 0.891866 0.510589
vt 0.922892 0.168757
vt 0.927458 0.239714
vt 0.876745 0.580213
vt 0.874508 0.562692
vt 0.880028 0.527119
vt 0.938704 0.223085
vt 0.889092 0.528710
vt 0.925926 0.186968
vt 0.926311 0.259296
vt 0.875246 0.599733
vt 0.881907 0.563028
vt 0.928106 0.221697
vt 0.937072 0.214058
vt 0.942832 0.232135
vt 0.879798 0.554495
vt 0.871198 0.589192
vt 0.867251 0.570782
vt 0.883793 0.555348
vt 0.925771 0.214021
vt 0.932800 0.232202
vt 0.935454 0.227484
vt 0.876403 0.571168
vt 0.924650 0.230986
vt 0.869981 0.580415
vt 0.873012 0.576260
vt 0.884517 0.518040
vt 0.877357 0.517461
vt 0.889358 0.501136
vt 0.929797 0.177916
vt 0.929835 0.159836
vt 0.889620 0.519735
vt 0.925176 0.177951
vt 0.922284 0.159842
vt 0.893701 0.501874
vt 0.883361 0.509290
vt 0.853308 0.366246
vt 0.847630 0.366270
vt 0.526145 0.652285
vt 0.518927 0.668402
vt 0.851836 0.382701
vt 0.847536 0.384420
vt 0.526886 0.670310
vt 0.523658 0.642486
vt 0.523684 0.677961
vt 0.518977 0.650677
vt 0.523666 0.660300
vt 0.850411 0.370780
vt 0.851225 0.357350
vt 0.849309 0.392813
vt 0.528443 0.678677
vt 0.847565 0.392847
vt 0.528472 0.643286
vt 0.846890 0.357161
vt 0.528486 0.661054
vt 0.847793 0.375133
vt 0.525733 0.647115
vt 0.525993 0.665044
vt 0.330091 0.775450
vt 0.727885 0.775447
vt 0.222285 0.167982
vt 0.834856 0.402476
vt 0.606330 0.533616
vt 0.764069 0.402471
vt 0.293093 0.167970
vt 0.451532 0.533588
vt 0.242778 0.533571
vt 0.139646 0.285237
vt 0.764069 0.193870
vt 0.953659 0.839487
vt 0.158472 0.069022
vt 0.828826 0.041802
vt 0.836665 0.118430
vt 0.527657 0.404153
vt 0.527612 0.633294
vt 0.846375 0.347503
vt 0.528235 0.633385
vt 0.845807 0.347484
vt 0.719596 0.328621
vt 0.693342 0.272026
vt 0.691679 0.281518
vt 0.718079 0.338640
vt 0.715530 0.330854
vt 0.715389 0.324761
vt 0.718070 0.318341
vt 0.691679 0.262208
vt 0.696271 0.257104
vt 0.718214 0.311422
vt 0.717377 0.311405
vt 0.696748 0.257807
vt 0.718283 0.304389
vt 0.702674 0.254450
vt 0.717440 0.304381
vt 0.702840 0.255284
vt 0.718343 0.297366
vt 0.709601 0.254451
vt 0.717505 0.297358
vt 0.709435 0.255285
vt 0.718419 0.290404
vt 0.719562 0.401705
vt 0.716000 0.257103
vt 0.717577 0.290331
vt 0.718721 0.401789
vt 0.715527 0.257810
vt 0.719392 0.394743
vt 0.720897 0.262001
vt 0.718554 0.394763
vt 0.720190 0.262473
vt 0.723547 0.268400
vt 0.719237 0.387721
vt 0.718395 0.387739
vt 0.722713 0.268566
vt 0.723547 0.275326
vt 0.719080 0.380697
vt 0.718238 0.380715
vt 0.722713 0.275160
vt 0.720897 0.281726
vt 0.718925 0.373672
vt 0.718082 0.373691
vt 0.720190 0.281253
vt 0.716000 0.286624
vt 0.718770 0.366648
vt 0.717928 0.366666
vt 0.715527 0.285917
vt 0.709601 0.289275
vt 0.718618 0.359622
vt 0.717775 0.359641
vt 0.709435 0.288441
vt 0.718310 0.345560
vt 0.696271 0.286623
vt 0.696748 0.285920
vt 0.717473 0.345588
vt 0.718466 0.352596
vt 0.702674 0.289277
vt 0.717624 0.352614
vt 0.702840 0.288442
vt 0.723327 0.326223
vt 0.697610 0.270168
vt 0.687167 0.339205
vt 0.687096 0.332180
vt 0.687096 0.325175
vt 0.687147 0.318167
vt 0.687210 0.311137
vt 0.687273 0.304108
vt 0.687338 0.297079
vt 0.687403 0.290050
vt 0.688549 0.402476
vt 0.688389 0.395447
vt 0.688230 0.388419
vt 0.688071 0.381390
vt 0.687914 0.374361
vt 0.687758 0.367331
vt 0.687602 0.360301
vt 0.687447 0.353270
vt 0.687293 0.346238
vt 0.706134 0.271863
vt 0.723547 0.330582
vt 0.697610 0.273558
vt 0.710275 0.333717
vt 0.710349 0.320167
vt 0.710236 0.325230
vt 0.710221 0.332022
vt 0.719983 0.323791
vt 0.693996 0.267754
vt 0.720175 0.333085
vt 0.693996 0.275972
vt 0.531677 0.130154
vt 0.447466 0.109537
vt 0.442106 0.117556
vt 0.540054 0.135948
vt 0.442289 0.103445
vt 0.539984 0.138759
vt 0.726826 0.063629
vt 0.330910 0.334875
vt 0.540040 0.133085
vt 0.539960 0.121816
vt 0.540021 0.127475
vt 0.535371 0.117685
vt 0.540022 0.124676
vt 0.336788 0.222131
vt 0.337408 0.220868
vt 0.336500 0.223953
vt 0.530855 0.119133
vt 0.448587 0.098535
vt 0.530914 0.141604
vt 0.448636 0.121217
vt 0.454809 0.277074
vt 0.454752 0.278524
vt 0.337181 0.218264
vt 0.333014 0.227182
vt 0.450230 0.271286
vt 0.334125 0.215747
vt 0.450251 0.282740
vt 0.454723 0.272830
vt 0.482242 0.365437
vt 0.220883 0.249191
vt 0.485886 0.373944
vt 0.482500 0.373783
vt 0.227724 0.245616
vt 0.482488 0.362805
vt 0.547993 0.285801
vt 0.229002 0.249711
vt 0.225472 0.240403
vt 0.477884 0.368462
vt 0.477924 0.371262
vt 0.477894 0.376851
vt 0.477581 0.365616
vt 0.220429 0.229129
vt 0.225161 0.247708
vt 0.217632 0.237875
vt 0.486918 0.362716
vt 0.218729 0.227704
vt 0.486574 0.351524
vt 0.487357 0.339995
vt 0.217591 0.215587
vt 0.223314 0.237644
vt 0.539446 0.282399
vt 0.482808 0.338770
vt 0.482580 0.352592
vt 0.538713 0.288703
vt 0.538966 0.276944
vt 0.223648 0.230748
vt 0.223649 0.220731
vt 0.223484 0.225058
vt 0.538865 0.285785
vt 0.478090 0.345840
vt 0.351583 0.139581
vt 0.344816 0.127149
vt 0.478028 0.354344
vt 0.478112 0.348726
vt 0.478228 0.342949
vt 0.347718 0.133650
vt 0.533502 0.279460
vt 0.328667 0.336801
vt 0.730181 0.077461
vt 0.729711 0.068092
vt 0.729760 0.078873
vt 0.494537 0.281294
vt 0.580908 0.092589
vt 0.727604 0.070742
vt 0.729587 0.061802
vt 0.324993 0.340016
vt 0.577416 0.111885
vt 0.734226 0.075966
vt 0.323910 0.333721
vt 0.324982 0.346372
vt 0.725186 0.084592
vt 0.331047 0.355573
vt 0.573256 0.108735
vt 0.490181 0.271437
vt 0.729691 0.080323
vt 0.490289 0.258853
vt 0.571406 0.121241
vt 0.327572 0.333899
vt 0.494989 0.257765
vt 0.571856 0.100596
vt 0.492396 0.279858
vt 0.495302 0.264805
vt 0.577067 0.105908
vt 0.508720 0.276177
vt 0.579399 0.096541
vt 0.577896 0.117543
vt 0.497346 0.274162
vt 0.575322 0.087925
vt 0.577393 0.100629
vt 0.324476 0.351995
vt 0.535428 0.130158
vt 0.442575 0.111910
vt 0.548039 0.279934
vt 0.724808 0.072434
vt 0.329322 0.343320
vt 0.734198 0.067383
vt 0.729650 0.073635
vt 0.724933 0.136531
vt 0.302255 0.395859
vt 0.726615 0.136535
vt 0.301464 0.394378
vt 0.291660 0.400243
vt 0.724911 0.148119
vt 0.726594 0.148123
vt 0.291173 0.398636
vt 0.280413 0.402476
vt 0.724889 0.159707
vt 0.726572 0.159710
vt 0.280249 0.400805
vt 0.268947 0.402473
vt 0.724867 0.171293
vt 0.726549 0.171296
vt 0.269111 0.400802
vt 0.724844 0.182877
vt 0.257701 0.400233
vt 0.726526 0.182880
vt 0.258189 0.398626
vt 0.247108 0.395843
vt 0.724821 0.194459
vt 0.726503 0.194462
vt 0.247900 0.394362
vt 0.237575 0.389471
vt 0.724798 0.206037
vt 0.726479 0.206040
vt 0.238640 0.388173
vt 0.229467 0.381362
vt 0.724774 0.217612
vt 0.726455 0.217615
vt 0.230766 0.380296
vt 0.724750 0.229182
vt 0.223098 0.371827
vt 0.726430 0.229185
vt 0.224579 0.371035
vt 0.724726 0.240747
vt 0.218711 0.361233
vt 0.726405 0.240750
vt 0.220318 0.360745
vt 0.724701 0.252308
vt 0.216475 0.349987
vt 0.726379 0.252312
vt 0.218146 0.349822
vt 0.216475 0.338521
vt 0.724675 0.263865
vt 0.726353 0.263869
vt 0.218146 0.338685
vt 0.724649 0.275420
vt 0.218711 0.327275
vt 0.726326 0.275424
vt 0.220318 0.327762
vt 0.724623 0.286971
vt 0.223098 0.316682
vt 0.726300 0.286975
vt 0.224579 0.317473
vt 0.229466 0.307148
vt 0.724596 0.298519
vt 0.726272 0.298523
vt 0.230764 0.308213
vt 0.724568 0.310064
vt 0.237572 0.299039
vt 0.726244 0.310068
vt 0.238637 0.300336
vt 0.724540 0.321608
vt 0.247103 0.292667
vt 0.726216 0.321612
vt 0.247895 0.294147
vt 0.724512 0.333149
vt 0.257694 0.288276
vt 0.726187 0.333153
vt 0.258182 0.289883
vt 0.268938 0.286036
vt 0.724483 0.344689
vt 0.726158 0.344693
vt 0.269103 0.287707
vt 0.280402 0.286031
vt 0.724453 0.356227
vt 0.726128 0.356231
vt 0.280239 0.287702
vt 0.291648 0.288263
vt 0.724423 0.367764
vt 0.726098 0.367768
vt 0.291161 0.289870
vt 0.302241 0.292645
vt 0.724393 0.379301
vt 0.726068 0.379305
vt 0.301451 0.294126
vt 0.724365 0.390835
vt 0.311777 0.299009
vt 0.726036 0.390841
vt 0.310713 0.300307
vt 0.724320 0.033214
vt 0.724320 0.402311
vt 0.319889 0.307110
vt 0.726000 0.033113
vt 0.725996 0.402381
vt 0.318591 0.308176
vt 0.724579 0.044727
vt 0.326263 0.316654
vt 0.726246 0.044668
vt 0.324780 0.317431
vt 0.329935 0.327423
vt 0.724968 0.056192
vt 0.725642 0.067678
vt 0.331443 0.338921
vt 0.330492 0.349589
vt 0.726345 0.078656
vt 0.329953 0.361061
vt 0.725187 0.090251
vt 0.326281 0.371843
vt 0.725005 0.101751
vt 0.726681 0.101778
vt 0.324797 0.371066
vt 0.319905 0.381389
vt 0.724974 0.113357
vt 0.726658 0.113361
vt 0.318606 0.380323
vt 0.724954 0.124944
vt 0.311792 0.389493
vt 0.310727 0.388195
vt 0.726637 0.124947
vt 0.582572 0.307159
vt 0.763236 0.136601
vt 0.627786 0.344266
vt 0.761553 0.136598
vt 0.763214 0.148193
vt 0.576201 0.316693
vt 0.761531 0.148190
vt 0.763190 0.159786
vt 0.571813 0.327286
vt 0.761506 0.159782
vt 0.569576 0.338532
vt 0.763162 0.171377
vt 0.761479 0.171373
vt 0.569576 0.349999
vt 0.763132 0.182967
vt 0.761450 0.182962
vt 0.763100 0.194553
vt 0.571813 0.361245
vt 0.761418 0.194548
vt 0.763065 0.206137
vt 0.576201 0.371838
vt 0.761383 0.206131
vt 0.763026 0.217716
vt 0.582571 0.381373
vt 0.761346 0.217710
vt 0.590679 0.389481
vt 0.762987 0.229286
vt 0.761307 0.229280
vt 0.600213 0.395851
vt 0.762948 0.240851
vt 0.761270 0.240845
vt 0.762910 0.252412
vt 0.610807 0.400239
vt 0.761232 0.252407
vt 0.762873 0.263969
vt 0.622053 0.402476
vt 0.761195 0.263964
vt 0.762836 0.275524
vt 0.633520 0.402476
vt 0.761159 0.275519
vt 0.762799 0.287075
vt 0.644766 0.400239
vt 0.761123 0.287070
vt 0.762764 0.298623
vt 0.655359 0.395851
vt 0.761087 0.298618
vt 0.664893 0.389480
vt 0.762728 0.310168
vt 0.761052 0.310163
vt 0.673001 0.381372
vt 0.762693 0.321712
vt 0.761017 0.321707
vt 0.762659 0.333253
vt 0.679371 0.371839
vt 0.760983 0.333248
vt 0.683759 0.361245
vt 0.762624 0.344793
vt 0.760949 0.344788
vt 0.685996 0.349999
vt 0.762591 0.356331
vt 0.760916 0.356326
vt 0.762558 0.367868
vt 0.685996 0.338533
vt 0.760883 0.367863
vt 0.762525 0.379405
vt 0.683760 0.327286
vt 0.760851 0.379400
vt 0.679372 0.316693
vt 0.762490 0.390939
vt 0.760819 0.390935
vt 0.762531 0.032439
vt 0.673001 0.307159
vt 0.762472 0.402415
vt 0.760851 0.032407
vt 0.760797 0.402476
vt 0.762748 0.043937
vt 0.664893 0.299051
vt 0.761074 0.043969
vt 0.655359 0.292681
vt 0.762981 0.055495
vt 0.761302 0.055525
vt 0.644766 0.288293
vt 0.763152 0.067066
vt 0.761472 0.067086
vt 0.633520 0.286056
vt 0.763249 0.078646
vt 0.451603 0.299786
vt 0.449943 0.299745
vt 0.338821 0.199478
vt 0.335163 0.210279
vt 0.450216 0.288342
vt 0.334031 0.221376
vt 0.451679 0.277126
vt 0.332960 0.232796
vt 0.450242 0.265706
vt 0.336071 0.243635
vt 0.451709 0.254223
vt 0.334463 0.244109
vt 0.450039 0.254253
vt 0.340344 0.253915
vt 0.451664 0.242676
vt 0.338864 0.254708
vt 0.449984 0.242683
vt 0.346542 0.263164
vt 0.451621 0.231113
vt 0.345246 0.264231
vt 0.449941 0.231120
vt 0.354426 0.271027
vt 0.451577 0.219538
vt 0.353362 0.272326
vt 0.449895 0.219544
vt 0.363691 0.277202
vt 0.451536 0.207945
vt 0.362901 0.278683
vt 0.449852 0.207950
vt 0.373982 0.281451
vt 0.451497 0.196339
vt 0.373497 0.283058
vt 0.449812 0.196345
vt 0.384906 0.283611
vt 0.451461 0.184722
vt 0.384743 0.285282
vt 0.449774 0.184728
vt 0.396041 0.283600
vt 0.451427 0.173095
vt 0.396206 0.285271
vt 0.449738 0.173100
vt 0.406959 0.281418
vt 0.451395 0.161458
vt 0.407448 0.283024
vt 0.449705 0.161462
vt 0.417244 0.277147
vt 0.451365 0.149812
vt 0.418036 0.278627
vt 0.449674 0.149816
vt 0.426497 0.270953
vt 0.451337 0.138158
vt 0.449644 0.138162
vt 0.427563 0.272250
vt 0.761589 0.113415
vt 0.763272 0.113418
vt 0.600214 0.292680
vt 0.761572 0.125006
vt 0.763255 0.125009
vt 0.590680 0.299051
vt 0.761603 0.101826
vt 0.763286 0.101828
vt 0.610807 0.288293
vt 0.761613 0.090240
vt 0.622053 0.286056
vt 0.763296 0.090237
vt 0.761568 0.078656
vt 0.340306 0.200254
vt 0.345194 0.189930
vt 0.449820 0.311239
vt 0.451486 0.311256
vt 0.346493 0.190996
vt 0.353305 0.181825
vt 0.449708 0.322703
vt 0.451372 0.322719
vt 0.354370 0.183123
vt 0.449596 0.334157
vt 0.362839 0.175457
vt 0.451258 0.334172
vt 0.363631 0.176938
vt 0.449500 0.345602
vt 0.373432 0.171071
vt 0.451158 0.345614
vt 0.373920 0.172678
vt 0.449445 0.357014
vt 0.384677 0.168835
vt 0.451099 0.357021
vt 0.384842 0.170506
vt 0.449410 0.368396
vt 0.396142 0.168835
vt 0.451061 0.368399
vt 0.395978 0.170506
vt 0.407387 0.171071
vt 0.449413 0.379762
vt 0.451062 0.379760
vt 0.406900 0.172678
vt 0.417980 0.175457
vt 0.449443 0.391117
vt 0.451088 0.391116
vt 0.417189 0.176938
vt 0.427514 0.181825
vt 0.449456 0.402416
vt 0.449410 0.033105
vt 0.451105 0.402476
vt 0.451108 0.033036
vt 0.426450 0.183123
vt 0.435623 0.189929
vt 0.449447 0.044737
vt 0.451140 0.044731
vt 0.434326 0.190995
vt 0.449467 0.056424
vt 0.441996 0.199460
vt 0.451164 0.056421
vt 0.440516 0.200252
vt 0.449490 0.068113
vt 0.446388 0.210051
vt 0.451187 0.068109
vt 0.444782 0.210539
vt 0.449514 0.079798
vt 0.448630 0.221294
vt 0.451210 0.079795
vt 0.446959 0.221459
vt 0.449538 0.091481
vt 0.448636 0.232759
vt 0.451234 0.091477
vt 0.446966 0.232595
vt 0.446407 0.244005
vt 0.449563 0.103159
vt 0.451258 0.103156
vt 0.444800 0.243519
vt 0.442027 0.254600
vt 0.449589 0.114833
vt 0.451284 0.114829
vt 0.440545 0.253810
vt 0.435665 0.264138
vt 0.449616 0.126501
vt 0.434366 0.263073
vt 0.451309 0.126497
vt 0.325592 0.254569
vt 0.488169 0.138106
vt 0.324110 0.253780
vt 0.486477 0.138107
vt 0.329964 0.243968
vt 0.488173 0.149759
vt 0.328356 0.243483
vt 0.486481 0.149760
vt 0.488175 0.161404
vt 0.332186 0.232716
vt 0.330515 0.232553
vt 0.486485 0.161405
vt 0.488177 0.173039
vt 0.332173 0.221245
vt 0.330501 0.221412
vt 0.486488 0.173039
vt 0.329922 0.209996
vt 0.488178 0.184664
vt 0.328315 0.210486
vt 0.486491 0.184664
vt 0.325522 0.199400
vt 0.488179 0.196277
vt 0.324041 0.200194
vt 0.486493 0.196277
vt 0.319140 0.189865
vt 0.488179 0.207878
vt 0.317842 0.190931
vt 0.486496 0.207879
vt 0.488180 0.219468
vt 0.311021 0.181755
vt 0.309955 0.183055
vt 0.486498 0.219468
vt 0.488181 0.231043
vt 0.301475 0.175383
vt 0.300683 0.176866
vt 0.486502 0.231043
vt 0.488183 0.242606
vt 0.290869 0.170993
vt 0.290381 0.172602
vt 0.486505 0.242606
vt 0.488186 0.254155
vt 0.279609 0.168755
vt 0.279444 0.170429
vt 0.486509 0.254155
vt 0.488186 0.265696
vt 0.268128 0.168755
vt 0.268292 0.170429
vt 0.486512 0.265692
vt 0.488130 0.277219
vt 0.256866 0.170994
vt 0.257353 0.172603
vt 0.486460 0.277207
vt 0.488020 0.288711
vt 0.246255 0.175385
vt 0.247047 0.176869
vt 0.486353 0.288692
vt 0.236702 0.181761
vt 0.487874 0.300197
vt 0.237768 0.183063
vt 0.486207 0.300176
vt 0.228570 0.189878
vt 0.487728 0.311670
vt 0.229874 0.190948
vt 0.486062 0.311648
vt 0.222193 0.199453
vt 0.487571 0.323152
vt 0.223678 0.200225
vt 0.485914 0.323108
vt 0.487268 0.334521
vt 0.218597 0.210218
vt 0.217979 0.221928
vt 0.484396 0.345805
vt 0.486914 0.357237
vt 0.216784 0.232675
vt 0.220160 0.243483
vt 0.484204 0.368371
vt 0.486783 0.379734
vt 0.223215 0.254531
vt 0.486964 0.391008
vt 0.228895 0.264285
vt 0.230189 0.263235
vt 0.485325 0.391037
vt 0.488075 0.033028
vt 0.487016 0.402326
vt 0.237002 0.272372
vt 0.238063 0.271074
vt 0.486377 0.032965
vt 0.485364 0.402396
vt 0.246532 0.278710
vt 0.488082 0.044664
vt 0.247319 0.277230
vt 0.486388 0.044665
vt 0.257117 0.283069
vt 0.488104 0.056356
vt 0.257600 0.281464
vt 0.486406 0.056359
vt 0.268351 0.285282
vt 0.488119 0.068049
vt 0.268512 0.283613
vt 0.486422 0.068051
vt 0.488132 0.079737
vt 0.279804 0.285263
vt 0.279637 0.283594
vt 0.486436 0.079739
vt 0.488143 0.091422
vt 0.291036 0.283010
vt 0.290546 0.281406
vt 0.486447 0.091424
vt 0.301616 0.278611
vt 0.488152 0.103102
vt 0.300823 0.277132
vt 0.486457 0.103104
vt 0.319239 0.264118
vt 0.488165 0.126445
vt 0.486472 0.126446
vt 0.317937 0.263052
vt 0.488159 0.114777
vt 0.311138 0.272232
vt 0.310072 0.270935
vt 0.486465 0.114778
vt 0.490269 0.298750
vt 0.576235 0.082214
vt 0.577730 0.082990
vt 0.491930 0.298798
vt 0.572714 0.092951
vt 0.490731 0.287375
vt 0.573546 0.104310
vt 0.491009 0.275971
vt 0.572341 0.115078
vt 0.491904 0.264995
vt 0.491992 0.241897
vt 0.582517 0.146969
vt 0.490248 0.230369
vt 0.583816 0.145902
vt 0.491926 0.230359
vt 0.590639 0.155080
vt 0.490184 0.218816
vt 0.591705 0.153779
vt 0.491863 0.218807
vt 0.600188 0.161446
vt 0.490121 0.207244
vt 0.600979 0.159963
vt 0.491802 0.207236
vt 0.490061 0.195662
vt 0.610794 0.165828
vt 0.611280 0.164219
vt 0.491744 0.195654
vt 0.490005 0.184069
vt 0.622050 0.168057
vt 0.622213 0.166385
vt 0.491689 0.184061
vt 0.633523 0.168049
vt 0.489952 0.172467
vt 0.633357 0.166377
vt 0.491637 0.172459
vt 0.644774 0.165802
vt 0.489901 0.160857
vt 0.644285 0.164195
vt 0.491587 0.160849
vt 0.489853 0.149238
vt 0.655370 0.161406
vt 0.654577 0.159925
vt 0.491540 0.149232
vt 0.489806 0.137614
vt 0.664904 0.155027
vt 0.663838 0.153729
vt 0.491494 0.137608
vt 0.673011 0.146912
vt 0.489762 0.125985
vt 0.671712 0.145847
vt 0.491450 0.125978
vt 0.489718 0.114354
vt 0.679379 0.137372
vt 0.677897 0.136581
vt 0.491408 0.114344
vt 0.489626 0.102727
vt 0.683763 0.126775
vt 0.682156 0.126288
vt 0.491314 0.102715
vt 0.489543 0.091092
vt 0.685997 0.115527
vt 0.684325 0.115363
vt 0.491234 0.091078
vt 0.489427 0.079436
vt 0.685993 0.104060
vt 0.684322 0.104225
vt 0.491120 0.079420
vt 0.489312 0.067774
vt 0.683754 0.092814
vt 0.682147 0.093302
vt 0.491005 0.067757
vt 0.489198 0.056108
vt 0.679364 0.082222
vt 0.677884 0.083014
vt 0.490891 0.056092
vt 0.489087 0.044443
vt 0.672994 0.072690
vt 0.671696 0.073755
vt 0.490777 0.044425
vt 0.488959 0.032834
vt 0.664888 0.064584
vt 0.488959 0.401951
vt 0.663822 0.065882
vt 0.490624 0.402037
vt 0.490653 0.032752
vt 0.489117 0.390543
vt 0.655354 0.058218
vt 0.654564 0.059698
vt 0.490778 0.390566
vt 0.489259 0.379078
vt 0.644765 0.053833
vt 0.644278 0.055439
vt 0.490924 0.379098
vt 0.489403 0.367609
vt 0.633525 0.051598
vt 0.633360 0.053268
vt 0.491068 0.367630
vt 0.622065 0.051598
vt 0.489547 0.356140
vt 0.622230 0.053268
vt 0.491212 0.356161
vt 0.489691 0.344670
vt 0.610828 0.053833
vt 0.611314 0.055438
vt 0.491356 0.344692
vt 0.491499 0.333220
vt 0.491642 0.321747
vt 0.583911 0.073741
vt 0.528201 0.299256
vt 0.571857 0.243989
vt 0.526534 0.299234
vt 0.573464 0.243503
vt 0.528349 0.287773
vt 0.569629 0.232744
vt 0.526682 0.287755
vt 0.571300 0.232581
vt 0.569637 0.221281
vt 0.528445 0.276295
vt 0.526779 0.276285
vt 0.571308 0.221446
vt 0.571880 0.210039
vt 0.528487 0.264815
vt 0.526817 0.264814
vt 0.573486 0.210527
vt 0.576272 0.199451
vt 0.528462 0.253291
vt 0.526788 0.253295
vt 0.577752 0.200242
vt 0.582644 0.189921
vt 0.528438 0.241763
vt 0.526764 0.241767
vt 0.583942 0.190987
vt 0.528415 0.230223
vt 0.590753 0.181818
vt 0.526739 0.230227
vt 0.591817 0.183116
vt 0.528392 0.218670
vt 0.600286 0.175450
vt 0.526714 0.218674
vt 0.601077 0.176931
vt 0.528370 0.207105
vt 0.610878 0.171066
vt 0.409269 0.165823
vt 0.530331 0.204774
vt 0.526690 0.207108
vt 0.611365 0.172672
vt 0.622121 0.168831
vt 0.528347 0.195527
vt 0.526666 0.195531
vt 0.622285 0.170501
vt 0.633584 0.168831
vt 0.528325 0.183939
vt 0.526642 0.183942
vt 0.633420 0.170501
vt 0.644827 0.171066
vt 0.528302 0.172340
vt 0.526617 0.172344
vt 0.644340 0.172672
vt 0.655419 0.175451
vt 0.528278 0.160732
vt 0.526592 0.160736
vt 0.654628 0.176931
vt 0.664951 0.181816
vt 0.528253 0.149116
vt 0.526566 0.149120
vt 0.663887 0.183114
vt 0.673060 0.189918
vt 0.528228 0.137493
vt 0.526540 0.137497
vt 0.671763 0.190984
vt 0.679437 0.199447
vt 0.528199 0.125861
vt 0.526511 0.125869
vt 0.677953 0.200239
vt 0.683822 0.210095
vt 0.528117 0.114238
vt 0.526485 0.114243
vt 0.682210 0.210521
vt 0.682495 0.219784
vt 0.527493 0.104478
vt 0.519500 0.103781
vt 0.673344 0.224912
vt 0.685997 0.232951
vt 0.528012 0.090744
vt 0.526374 0.090745
vt 0.684361 0.232829
vt 0.683795 0.244146
vt 0.527965 0.079082
vt 0.526272 0.079093
vt 0.682193 0.243660
vt 0.679392 0.254731
vt 0.527864 0.067412
vt 0.526170 0.067427
vt 0.677913 0.253937
vt 0.673007 0.264250
vt 0.527759 0.055742
vt 0.526065 0.055758
vt 0.671711 0.263183
vt 0.664887 0.272341
vt 0.527648 0.044071
vt 0.525957 0.044086
vt 0.663825 0.271042
vt 0.527551 0.032457
vt 0.655346 0.278694
vt 0.526885 0.402432
vt 0.525218 0.402476
vt 0.525855 0.032407
vt 0.654557 0.277212
vt 0.527016 0.391024
vt 0.644748 0.283063
vt 0.525355 0.391004
vt 0.644264 0.281456
vt 0.527165 0.379558
vt 0.633502 0.285282
vt 0.525500 0.379537
vt 0.633340 0.283612
vt 0.527312 0.368090
vt 0.622040 0.285266
vt 0.525647 0.368069
vt 0.622206 0.283596
vt 0.527459 0.356621
vt 0.610800 0.283014
vt 0.525793 0.356600
vt 0.611289 0.281409
vt 0.527606 0.345152
vt 0.600215 0.278614
vt 0.525941 0.345130
vt 0.601008 0.277135
vt 0.527754 0.333681
vt 0.590691 0.272235
vt 0.428333 0.153772
vt 0.526088 0.333659
vt 0.591757 0.270938
vt 0.528051 0.310733
vt 0.576235 0.254583
vt 0.577716 0.253793
vt 0.526385 0.310711
vt 0.582594 0.264121
vt 0.527902 0.322208
vt 0.530496 0.181725
vt 0.429398 0.155070
vt 0.526236 0.322186
vt 0.583893 0.263057
vt 0.529658 0.297436
vt 0.336858 0.126318
vt 0.531888 0.285273
vt 0.343666 0.136067
vt 0.529998 0.273962
vt 0.347735 0.146574
vt 0.408782 0.164217
vt 0.355201 0.155056
vt 0.529920 0.262494
vt 0.356269 0.153775
vt 0.531591 0.262482
vt 0.419071 0.159956
vt 0.364730 0.161436
vt 0.529994 0.250927
vt 0.365522 0.159956
vt 0.531671 0.250938
vt 0.530079 0.239383
vt 0.375319 0.165820
vt 0.375806 0.164214
vt 0.531755 0.239395
vt 0.530163 0.227843
vt 0.386560 0.168057
vt 0.386725 0.166387
vt 0.531838 0.227855
vt 0.530247 0.216306
vt 0.398024 0.168062
vt 0.397860 0.166389
vt 0.531922 0.216318
vt 0.428298 0.065877
vt 0.532005 0.204787
vt 0.408760 0.055425
vt 0.419862 0.161437
vt 0.530414 0.193247
vt 0.532087 0.193260
vt 0.532169 0.181736
vt 0.530577 0.170205
vt 0.437511 0.146965
vt 0.436213 0.145899
vt 0.532250 0.170217
vt 0.530668 0.158668
vt 0.443887 0.137418
vt 0.442404 0.136641
vt 0.532334 0.158704
vt 0.530909 0.147238
vt 0.447543 0.126655
vt 0.448607 0.114974
vt 0.533116 0.135647
vt 0.532282 0.124653
vt 0.448635 0.104204
vt 0.530814 0.113522
vt 0.447508 0.093018
vt 0.443833 0.082225
vt 0.530460 0.102125
vt 0.442349 0.083002
vt 0.532120 0.102073
vt 0.530253 0.090627
vt 0.437465 0.072684
vt 0.436167 0.073748
vt 0.531921 0.090598
vt 0.531725 0.079121
vt 0.531528 0.067646
vt 0.419044 0.059690
vt 0.531330 0.056172
vt 0.398007 0.051576
vt 0.529471 0.044729
vt 0.397842 0.053246
vt 0.531132 0.044698
vt 0.529260 0.033314
vt 0.386542 0.051565
vt 0.529260 0.402368
vt 0.386706 0.053238
vt 0.530925 0.033220
vt 0.530957 0.402437
vt 0.375296 0.053798
vt 0.529289 0.390742
vt 0.375783 0.055404
vt 0.530982 0.390747
vt 0.529304 0.379061
vt 0.364701 0.058178
vt 0.365492 0.059659
vt 0.531000 0.379063
vt 0.529324 0.367379
vt 0.355163 0.064539
vt 0.356227 0.065838
vt 0.531020 0.367381
vt 0.347047 0.072639
vt 0.529347 0.355699
vt 0.348344 0.073705
vt 0.531043 0.355703
vt 0.529372 0.344024
vt 0.340666 0.082165
vt 0.342146 0.082958
vt 0.531067 0.344028
vt 0.529398 0.332353
vt 0.336264 0.092752
vt 0.337870 0.093242
vt 0.531093 0.332357
vt 0.529426 0.320687
vt 0.334010 0.103997
vt 0.335681 0.104163
vt 0.531120 0.320691
vt 0.529466 0.309006
vt 0.334010 0.115469
vt 0.531152 0.309034
vt 0.335663 0.115298
vt 0.417999 0.395851
vt 0.567983 0.297438
vt 0.566295 0.297437
vt 0.390426 0.344266
vt 0.407405 0.400239
vt 0.567980 0.285843
vt 0.566299 0.285841
vt 0.567996 0.274285
vt 0.396160 0.402476
vt 0.566318 0.274278
vt 0.568075 0.262739
vt 0.384693 0.402476
vt 0.566398 0.262728
vt 0.568153 0.251191
vt 0.373447 0.400239
vt 0.566477 0.251179
vt 0.568229 0.239644
vt 0.362853 0.395851
vt 0.566553 0.239632
vt 0.353320 0.389480
vt 0.568302 0.228099
vt 0.566626 0.228088
vt 0.345212 0.381372
vt 0.568372 0.216558
vt 0.566697 0.216548
vt 0.568441 0.205026
vt 0.338841 0.371838
vt 0.566767 0.205016
vt 0.568510 0.193498
vt 0.334453 0.361245
vt 0.566836 0.193489
vt 0.332216 0.349999
vt 0.568579 0.181976
vt 0.566906 0.181965
vt 0.332216 0.338532
vt 0.568649 0.170456
vt 0.566977 0.170446
vt 0.568720 0.158940
vt 0.334453 0.327286
vt 0.567048 0.158930
vt 0.338841 0.316693
vt 0.568789 0.147424
vt 0.567118 0.147418
vt 0.568803 0.135909
vt 0.345212 0.307159
vt 0.489833 0.333200
vt 0.600242 0.058216
vt 0.567134 0.135913
vt 0.491784 0.310273
vt 0.568739 0.124418
vt 0.353320 0.299051
vt 0.567072 0.124434
vt 0.409248 0.053819
vt 0.529665 0.056200
vt 0.362854 0.292680
vt 0.568592 0.112931
vt 0.566925 0.112957
vt 0.568392 0.101448
vt 0.373447 0.288292
vt 0.566725 0.101478
vt 0.384694 0.286055
vt 0.568192 0.089971
vt 0.566525 0.090000
vt 0.396160 0.286056
vt 0.567991 0.078495
vt 0.566325 0.078524
vt 0.407406 0.288293
vt 0.567792 0.067020
vt 0.566126 0.067049
vt 0.418000 0.292681
vt 0.567592 0.055545
vt 0.565926 0.055574
vt 0.427533 0.299051
vt 0.567390 0.044074
vt 0.565728 0.044101
vt 0.435641 0.307159
vt 0.567892 0.402412
vt 0.567207 0.032658
vt 0.565539 0.032622
vt 0.566196 0.402476
vt 0.490546 0.253374
vt 0.572489 0.126654
vt 0.442012 0.316693
vt 0.567891 0.390791
vt 0.577617 0.136639
vt 0.566200 0.390791
vt 0.446400 0.327287
vt 0.567908 0.379112
vt 0.566212 0.379111
vt 0.448636 0.338533
vt 0.567921 0.367434
vt 0.566226 0.367432
vt 0.448636 0.349999
vt 0.567934 0.355758
vt 0.566239 0.355756
vt 0.446400 0.361245
vt 0.567946 0.344085
vt 0.566252 0.344083
vt 0.442012 0.371839
vt 0.567958 0.332415
vt 0.566264 0.332414
vt 0.427533 0.389481
vt 0.567979 0.309091
vt 0.273903 0.227086
vt 0.566286 0.309090
vt 0.567969 0.320751
vt 0.435641 0.381373
vt 0.566276 0.320749
vt 0.392261 0.109817
vt 0.576134 0.137415
vt 0.490323 0.241930
vt 0.419836 0.058210
vt 0.529862 0.067675
vt 0.429363 0.064579
vt 0.530058 0.079150
vt 0.591780 0.065875
vt 0.489976 0.321727
vt 0.590716 0.064578
vt 0.490116 0.310251
vt 0.582614 0.072675
vt 0.601033 0.059695
vt 0.530246 0.279378
vt 0.346238 0.141496
vt 0.529649 0.291855
vt 0.338683 0.131409
vt 0.274697 0.344249
vt 0.390411 0.227059
vt 0.627764 0.109789
vt 0.627856 0.227053
vt 0.470616 0.277124
vt 0.591745 0.300349
vt 0.601005 0.294161
vt 0.611295 0.289899
vt 0.622218 0.287727
vt 0.633355 0.287727
vt 0.644278 0.289899
vt 0.654568 0.294161
vt 0.663828 0.300349
vt 0.671703 0.308224
vt 0.677891 0.317484
vt 0.682153 0.327774
vt 0.684325 0.338697
vt 0.684325 0.349834
vt 0.682153 0.360758
vt 0.677891 0.371047
vt 0.671703 0.380307
vt 0.663828 0.388182
vt 0.654568 0.394370
vt 0.644278 0.398632
vt 0.633355 0.400805
vt 0.622218 0.400805
vt 0.611294 0.398632
vt 0.601005 0.394370
vt 0.591745 0.388183
vt 0.583869 0.380307
vt 0.577682 0.371047
vt 0.573420 0.360757
vt 0.571247 0.349834
vt 0.571247 0.338697
vt 0.573420 0.327774
vt 0.577682 0.317484
vt 0.583870 0.308224
vt 0.440531 0.371047
vt 0.434343 0.380308
vt 0.444793 0.360758
vt 0.446966 0.349835
vt 0.446966 0.338697
vt 0.444793 0.327774
vt 0.440531 0.317485
vt 0.434343 0.308224
vt 0.426468 0.300349
vt 0.417208 0.294162
vt 0.406918 0.289900
vt 0.395995 0.287727
vt 0.384858 0.287727
vt 0.373935 0.289899
vt 0.363645 0.294161
vt 0.354385 0.300349
vt 0.346510 0.308224
vt 0.340322 0.317484
vt 0.336060 0.327774
vt 0.333887 0.338697
vt 0.333887 0.349834
vt 0.336060 0.360757
vt 0.340322 0.371047
vt 0.346509 0.380307
vt 0.354385 0.388182
vt 0.363645 0.394370
vt 0.373934 0.398632
vt 0.384857 0.400805
vt 0.395995 0.400805
vt 0.406918 0.398632
vt 0.417208 0.394370
vt 0.426468 0.388183
vt 0.857174 0.116901
vt 0.861478 0.116901
vt 0.865782 0.116901
vt 0.870087 0.116901
vt 0.874391 0.116901
vt 0.878695 0.116901
vt 0.882999 0.116901
vt 0.887303 0.116901
vt 0.891608 0.116901
vt 0.895912 0.116901
vt 0.900216 0.116901
vt 0.835653 0.116901
vt 0.904520 0.116901
vt 0.839957 0.116901
vt 0.844261 0.116901
vt 0.848565 0.116901
vt 0.852870 0.116901
vt 0.194181 0.318321
vt 0.189876 0.318321
vt 0.185572 0.318321
vt 0.181268 0.318321
vt 0.176964 0.318321
vt 0.172660 0.318321
vt 0.168356 0.318321
vt 0.164051 0.318321
vt 0.159747 0.318321
vt 0.155443 0.318321
vt 0.151139 0.318321
vt 0.146834 0.318321
vt 0.215702 0.318320
vt 0.211398 0.318320
vt 0.207093 0.318320
vt 0.202789 0.318320
vt 0.198485 0.318321
vt 0.857174 0.032722
vt 0.861478 0.032722
vt 0.865782 0.032722
vt 0.870087 0.032722
vt 0.874391 0.032722
vt 0.878695 0.032722
vt 0.882999 0.032722
vt 0.887303 0.032722
vt 0.891608 0.032722
vt 0.895912 0.032722
vt 0.900216 0.032722
vt 0.835653 0.032722
vt 0.904520 0.032722
vt 0.839957 0.032722
vt 0.844261 0.032722
vt 0.848565 0.032722
vt 0.852870 0.032722
vt 0.194181 0.402500
vt 0.189877 0.402500
vt 0.185572 0.402500
vt 0.181268 0.402500
vt 0.176964 0.402500
vt 0.172660 0.402500
vt 0.168356 0.402500
vt 0.164051 0.402500
vt 0.159747 0.402500
vt 0.155443 0.402500
vt 0.151139 0.402500
vt 0.146834 0.402500
vt 0.215702 0.402500
vt 0.211398 0.402500
vt 0.207093 0.402500
vt 0.202789 0.402500
vt 0.198485 0.402500
vt 0.931076 0.349628
vt 0.857551 0.688946
s 1
usemtl Wood
f 459/648/1 457/643/2 441/621/3 442/623/4
f 588/829/5 584/824/6 586/827/7
f 375/517/8 170/212/9 174/217/10 377/520/11
f 365/504/12 162/201/13 165/205/14 368/508/15
f 29/33/16 5/7/17 23/27/18
f 29/33/16 22/25/19 36/41/20
f 429/603/21 432/609/22 256/340/23
f 21/24/24 32/36/25 38/44/26
f 29/33/16 36/41/20 25/29/27
f 26/30/28 36/40/29 22/26/30
f 36/40/29 26/30/28 9/11/31
f 24/28/32 125/150/33 20/22/34
f 22/25/19 29/33/16 23/27/18
f 271/365/35 190/238/36 58/70/37
f 23/27/18 5/7/17 30/34/17
f 23/27/18 38/43/38 22/25/19
f 22/26/30 38/44/26 32/36/25
f 328/452/39 333/459/40 332/457/41 326/449/42
f 3/5/43 21/24/24 1/1/44
f 530/752/45 513/729/46 521/740/47
f 20/22/34 36/40/29 12/14/48
f 433/611/49 254/338/50 257/342/51 435/614/52
f 1/1/44 39/45/53 37/42/54
f 490/695/55 481/681/56 291/394/57 297/406/58
f 335/462/59 332/457/41 333/459/40 337/464/60
f 3/5/43 1/1/44 37/42/54
f 6/8/61 1/2/44 38/43/38
f 36/40/29 19/21/62 12/14/48
f 125/149/63 27/31/64 10/12/65
f 14/16/66 328/452/39 321/443/67
f 3/5/43 37/42/54 337/464/60
f 134/161/68 135/163/69 37/42/54 39/45/53
f 483/683/70 452/637/71 451/635/72 480/679/73
f 36/41/20 28/32/74 25/29/27
f 469/661/75 470/663/76 468/660/77 466/658/78
f 32/36/25 26/30/28 22/26/30
f 608/860/79 605/857/80 311/430/81
f 12/14/48 24/28/32 20/22/34
f 18/20/82 17/19/17 28/32/74
f 11/13/17 16/18/83 30/34/17
f 539/765/84 548/777/85 543/770/85
f 535/759/85 545/773/86 543/770/85
f 534/757/87 547/776/88 545/774/89
f 411/574/90 232/299/91 228/293/92 408/568/93
f 444/625/94 446/629/95 439/619/96 437/616/97
f 539/764/98 547/776/88 546/775/99
f 534/757/87 538/763/87 541/768/100
f 604/854/87 221/281/101 226/291/102 231/298/87
f 461/651/103 465/656/104 463/653/105 460/649/106
f 544/771/17 539/764/98 541/768/100
f 545/773/86 539/765/84 543/770/85
f 545/774/89 535/758/17 534/757/87
f 138/167/87 140/170/87 139/169/107 136/164/108
f 546/775/99 541/768/100 539/764/98
f 417/584/109 603/851/110 602/850/111 421/590/112
f 544/771/17 541/768/100 538/763/87
f 547/776/88 534/757/87 546/775/99
f 547/776/88 539/764/98 545/774/89
f 344/474/113 352/484/114 353/486/115 599/843/116
f 548/777/85 539/765/84 542/769/85
f 223/286/117 1565/2133/118 264/352/119 262/349/120
f 536/760/121 549/778/122 533/756/85
f 552/782/17 540/766/17 538/763/87
f 406/565/123 382/526/77 378/521/77 376/519/124
f 537/762/85 536/760/121 533/756/85
f 213/270/125 217/275/126 215/272/127 212/268/128
f 410/573/129 406/566/123 376/518/124 377/520/11
f 553/783/130 536/761/131 552/782/17
f 553/783/130 550/779/17 551/780/132
f 449/633/133 264/352/119 1565/2133/118 453/638/134
f 601/847/135 415/582/136 239/312/17 244/318/37
f 473/667/137 476/671/138 474/668/139 472/665/140
f 160/198/141 163/203/142 165/205/14 162/201/13
f 562/797/143 568/804/144 563/798/145
f 396/546/146 90/107/147 86/103/148
f 362/500/149 442/623/4 441/621/3 361/499/150
f 194/244/151 203/257/152 204/258/153 196/247/154
f 97/115/77 109/127/77 111/131/155
f 482/682/156 292/395/145 288/388/157 478/674/158
f 38/43/38 16/18/83 6/8/61
f 229/296/159 568/803/144 565/800/160
f 568/803/144 562/796/143 565/800/160
f 559/791/161 562/797/143 563/798/145
f 554/784/162 569/805/163 564/799/156
f 562/797/143 569/805/163 571/808/164
f 557/789/37 565/800/160 562/796/143
f 558/790/37 575/812/165 574/811/166
f 453/638/134 1565/2133/118 561/794/167
f 571/807/164 556/788/168 573/810/169
f 253/336/170 256/340/23 311/430/81 308/424/171
f 434/613/172 437/616/97 439/619/96 436/615/173
f 570/806/174 562/797/143 559/791/161
f 569/805/163 554/784/162 556/787/168
f 561/794/167 556/787/168 554/784/162
f 571/807/164 573/810/169 567/802/37
f 571/807/164 557/789/37 562/796/143
f 571/807/164 567/802/37 557/789/37
f 572/809/175 556/788/168 566/801/37
f 573/810/169 556/788/168 572/809/175
f 562/797/143 570/806/174 569/805/163
f 218/276/176 215/272/127 217/275/126 226/291/102
f 558/790/37 574/811/166 560/792/177
f 427/599/178 425/596/179 392/541/180
f 116/137/181 119/141/182 121/144/183 117/139/184
f 555/785/185 579/816/186 574/811/166
f 172/214/187 178/222/188 180/225/189 174/217/10
f 579/817/186 555/786/185 577/814/145
f 579/816/186 560/792/177 574/811/166
f 580/819/190 555/785/185 576/813/191
f 581/820/192 555/785/185 574/811/166
f 321/443/67 320/441/193 317/438/194 319/440/195
f 313/432/196 307/422/197 500/713/198 501/715/199
f 513/729/46 506/721/200 521/740/47
f 582/821/201 591/832/202 583/822/203
f 465/656/104 274/369/204 115/136/205 315/435/206
f 588/829/5 436/615/173 584/824/6
f 583/823/207 596/839/208 590/831/209
f 453/638/134 482/682/156 480/680/73 451/636/72
f 591/832/202 596/840/210 583/822/203
f 331/456/211 471/664/212 280/377/213 128/154/214
f 586/827/7 598/842/215 596/839/208
f 595/838/216 592/833/217 583/822/203
f 133/160/17 11/13/17 263/351/17
f 585/825/218 593/834/219 586/826/220
f 583/823/207 597/841/221 595/837/216
f 592/833/217 582/821/201 583/822/203
f 586/827/7 594/835/222 588/829/5
f 607/859/223 587/828/224 421/590/112
f 594/836/225 586/826/220 593/834/219
f 513/729/46 532/755/226 526/747/227 515/731/228
f 596/840/210 585/825/218 586/826/220
f 578/815/145 577/814/145 555/786/185
f 250/330/229 429/603/21 256/340/23
f 193/243/230 387/533/231 78/92/232 71/84/233
f 597/841/221 587/828/224 595/837/216
f 597/841/221 583/823/207 589/830/234
f 598/842/215 590/831/209 596/839/208
f 598/842/215 586/827/7 584/824/6
f 476/671/138 286/385/235 123/147/236 325/448/237
f 98/116/238 102/120/239 398/550/240
f 448/631/241 451/635/72 452/637/71 450/634/242
f 345/475/243 135/163/69 143/174/244 354/487/245
f 8/10/246 121/144/183 2/3/247
f 101/119/248 404/563/249 401/557/250 409/572/251 412/575/180
f 8/10/246 24/28/32 12/14/48
f 501/715/199 498/708/252 491/696/253 495/705/254
f 30/34/17 15/17/255 23/27/18
f 536/761/131 553/783/130 551/780/132
f 550/779/17 553/783/130 552/782/17
f 2/4/247 13/15/37 27/31/64
f 428/601/256 248/326/257 284/382/258 473/667/137
f 16/18/83 11/13/17 6/8/61
f 124/148/87 167/208/17 166/206/259 122/145/260
f 38/43/38 15/17/255 16/18/83
f 15/17/255 38/43/38 23/27/18
f 8/10/246 125/150/33 24/28/32
f 15/17/255 30/34/17 16/18/83
f 18/20/82 31/35/261 4/6/17
f 36/41/20 18/20/82 28/32/74
f 2/4/247 120/143/262 13/15/37
f 2/3/247 121/144/183 119/141/182
f 18/20/82 4/6/17 17/19/17
f 31/35/261 20/23/263 125/149/63
f 18/20/82 20/23/263 31/35/261
f 2/4/247 27/31/64 125/149/63
f 272/366/264 190/239/36 270/363/265
f 190/239/36 272/366/264 456/642/266
f 270/364/265 190/238/36 271/365/35
f 42/51/267 261/347/268 58/70/37
f 42/50/269 190/239/36 55/67/270
f 261/348/271 42/50/269 55/67/270
f 55/67/270 64/76/272 261/348/271
f 55/67/270 190/239/36 63/75/273
f 64/76/272 55/67/270 63/75/273
f 438/618/274 435/614/52 257/342/51
f 66/78/275 447/630/276 438/618/274
f 340/468/277 338/465/278 346/477/279 347/478/277
f 62/74/280 261/348/271 64/76/272
f 190/238/36 42/51/267 58/70/37
f 261/348/271 62/74/280 66/78/275
f 447/630/276 64/76/272 63/75/273
f 261/347/268 43/53/281 57/69/37
f 154/189/282 276/371/283 278/374/284 268/360/285
f 413/576/286 72/85/287 71/84/233
f 46/56/288 49/59/289 40/47/290
f 172/214/187 174/217/10 170/212/9 169/211/291
f 91/108/77 50/60/292 47/57/293
f 255/339/37 257/341/51 251/331/294
f 321/443/67 319/440/195 117/139/184 121/144/183
f 207/262/295 206/260/296 200/253/297 201/254/298
f 146/178/299 355/489/300 354/487/245
f 105/123/301 399/553/302 81/97/303
f 229/296/159 558/790/37 560/792/177
f 371/512/304 370/510/305 323/445/306 325/448/237
f 389/537/307 388/535/308 384/529/309 385/531/310
f 419/587/311 387/533/231 440/620/312
f 415/580/136 601/846/135 242/316/313 238/311/314
f 471/664/212 469/662/75 466/657/78 467/659/315
f 478/675/158 288/387/157 291/394/57 481/681/56
f 323/445/306 474/668/139 476/671/138 325/448/237
f 370/511/305 372/513/316 324/447/277 323/446/306
f 388/536/308 390/538/317 386/532/277 384/530/309
f 359/494/318 59/71/319 65/77/320
f 383/527/77 77/90/321 87/104/77
f 10/12/65 31/35/261 125/149/63
f 41/49/322 90/107/147 92/109/323
f 41/49/322 265/353/324 33/37/325
f 49/59/289 46/56/288 44/54/326
f 40/47/290 391/540/327 46/56/288
f 47/57/293 94/112/77 91/108/77
f 207/262/295 211/267/328 209/264/329 206/260/296
f 177/221/17 175/218/330 166/206/259 167/208/17
f 256/340/23 585/825/218 582/821/201
f 72/85/287 413/576/286 70/83/331
f 94/112/77 47/57/293 92/110/332
f 523/744/333 519/737/334 235/306/335
f 162/201/13 360/497/336 156/193/337
f 191/241/338 197/248/339 132/159/340 193/243/230
f 395/545/341 393/543/342 388/535/308 389/537/307
f 50/60/292 265/354/343 47/57/293
f 47/57/293 265/354/343 92/110/332
f 114/135/37 118/140/344 116/138/181 113/133/345
f 296/404/346 415/581/136 240/313/347 298/407/348
f 49/59/289 265/353/324 40/47/290
f 40/48/349 265/354/343 45/55/77
f 236/307/87 233/300/87 604/854/87 231/298/87
f 335/461/59 336/463/350 334/460/351 332/458/41
f 301/411/352 305/419/353 495/705/254 492/699/354
f 51/61/355 67/79/356 61/73/357
f 51/62/358 359/495/359 54/66/360
f 52/63/361 359/495/359 56/68/362
f 371/512/304 381/525/363 379/522/364 370/510/305
f 185/232/17 184/230/365 175/218/330 177/221/17
f 53/64/366 359/494/318 65/77/320
f 362/500/149 358/493/367 149/182/368 158/196/369
f 189/237/370 192/242/371 191/240/338 187/235/372
f 198/250/373 197/249/339 191/240/338 192/242/371
f 423/592/374 602/848/111 603/853/110 418/585/375
f 417/584/109 318/439/376 322/444/377
f 359/495/359 52/63/361 54/66/360
f 364/502/378 360/497/336 365/504/12
f 97/115/77 81/97/303 95/113/77
f 59/71/319 359/494/318 60/72/379
f 320/442/193 326/450/42 327/451/380 322/444/377
f 60/72/379 69/82/381 68/81/316
f 60/72/379 359/494/318 61/73/357
f 139/168/107 141/171/382 137/166/383 136/165/108
f 411/574/90 405/564/384 225/290/385 232/299/91
f 61/73/357 73/86/386 69/82/381
f 504/719/85 542/769/85 537/762/85
f 69/82/381 60/72/379 61/73/357
f 321/443/67 328/452/39 326/449/42 320/441/193
f 420/588/387 423/592/374 242/316/313 241/314/388
f 68/81/316 59/71/319 60/72/379
f 359/494/318 51/61/355 61/73/357
f 263/351/17 262/350/120 203/256/152 205/259/17
f 600/844/17 134/162/68 39/46/53 1/2/44 133/160/17
f 370/511/305 379/523/364 380/524/316 372/513/316
f 352/484/114 355/488/300 353/486/115
f 74/87/389 413/576/286 77/91/390
f 85/102/391 82/98/392 208/263/393
f 67/80/394 51/62/358 54/66/360
f 130/157/17 138/167/87 136/164/108 129/156/395
f 457/645/2 458/646/77 443/624/77 441/622/3
f 391/539/77 112/132/77 100/118/77
f 258/343/396 154/190/282 268/361/285 260/346/397
f 418/585/375 414/579/398 237/309/399 238/311/314
f 75/88/400 74/87/389 77/91/390
f 211/267/328 213/270/125 212/268/128 209/264/329
f 126/152/401 279/376/402 281/378/403 127/153/404
f 314/434/405 463/653/105 465/656/104 315/435/206
f 72/85/287 107/125/406 71/84/233
f 368/508/15 367/507/407 364/502/378 365/504/12
f 454/639/408 460/650/106 462/652/409 455/641/410
f 185/232/17 195/246/17 194/245/151 184/230/365
f 210/266/411 208/263/393 206/261/296 209/265/329
f 76/89/77 413/577/412 88/105/77
f 416/583/413 603/852/110 485/686/414 489/694/415
f 387/534/77 419/586/416 426/598/77
f 276/371/283 279/375/402 280/377/213 278/374/284
f 519/737/334 267/358/417 230/297/418
f 413/577/412 78/93/419 88/105/77
f 77/90/321 413/577/412 87/104/77
f 413/576/286 74/87/389 70/83/331
f 182/228/420 181/227/421 178/223/188 179/224/422
f 77/91/390 383/528/423 75/88/400
f 265/353/324 49/59/289 44/54/326
f 129/155/395 136/165/108 137/166/383 131/158/424
f 391/539/77 426/598/77 419/586/416
f 121/144/183 8/10/246 14/16/66
f 265/353/324 44/54/326 33/37/325
f 391/539/77 40/48/349 45/55/77
f 391/539/77 35/39/77 112/132/77
f 468/660/77 382/526/77 383/527/77
f 237/310/399 414/578/398 416/583/413 240/313/347
f 265/353/324 41/49/322 92/109/323
f 413/576/286 71/84/233 78/92/232
f 202/255/425 44/54/326 199/251/426
f 422/591/427 496/706/428 494/703/429 602/849/111
f 391/539/77 100/118/77 426/598/77
f 449/633/133 453/638/134 451/636/72 448/632/241
f 458/646/77 88/105/77 387/534/77
f 265/354/343 50/60/292 45/55/77
f 418/585/375 238/311/314 242/316/313 423/592/374
f 470/663/76 469/661/75 329/453/430 330/455/431
f 320/442/193 322/444/377 318/439/376 317/437/194
f 162/201/13 365/504/12 360/497/336
f 184/231/365 194/244/151 196/247/154 186/233/432
f 366/505/433 360/496/336 364/503/378
f 444/625/94 454/639/408 455/641/410 446/629/95
f 348/479/434 346/476/279 338/466/278 339/467/435
f 181/226/421 183/229/436 180/225/189 178/222/188
f 187/234/372 188/236/437 183/229/436 181/226/421
f 443/624/77 458/646/77 387/534/77
f 114/135/37 113/133/345 273/367/438
f 113/134/345 115/136/205 274/369/204
f 202/255/425 33/37/325 44/54/326
f 356/490/439 357/492/440 351/483/277 349/481/441
f 502/716/178 505/720/442 514/730/443
f 433/611/49 435/614/52 434/612/172 431/607/444
f 443/624/77 100/118/77 112/132/77
f 205/259/17 203/256/152 194/245/151 195/246/17
f 438/618/274 437/617/97 434/612/172 435/614/52
f 161/200/445 160/199/141 153/188/446 155/192/447
f 156/193/337 151/185/448 150/184/449 153/187/446
f 225/290/385 405/564/384 403/561/450 220/279/451
f 381/525/363 385/531/310 384/529/309 379/522/364
f 308/423/171 312/431/452 255/339/37
f 126/151/401 129/155/395 131/158/424 128/154/214
f 335/461/59 341/470/453 342/471/454 336/463/350
f 367/506/407 373/514/455 374/516/456 369/509/457
f 249/327/17 283/381/17 246/321/458
f 467/659/315 459/647/1 268/360/285 278/374/284
f 306/420/459 312/431/452 310/428/460 303/416/461
f 9/11/31 32/36/25 3/5/43
f 184/231/365 186/233/432 176/220/462 175/219/330
f 219/278/463 218/277/176 224/288/464
f 12/14/48 19/21/62 333/459/40
f 270/364/265 271/365/35 275/370/37
f 272/366/264 270/363/265 273/368/438
f 128/154/214 280/377/213 279/375/402 126/151/401
f 160/198/141 162/201/13 156/193/337 153/187/446
f 315/435/206 115/136/205 117/139/184 319/440/195
f 356/490/439 361/498/150 363/501/77 357/492/440
f 113/134/345 116/137/181 117/139/184 115/136/205
f 603/851/110 417/584/109 488/693/465 485/687/414
f 303/417/461 310/429/460 313/432/196 305/419/353
f 487/691/466 490/695/55 297/406/58
f 298/407/348 489/694/415 487/692/466
f 293/397/467 289/389/468 292/396/145 299/408/469
f 54/66/360 52/63/361 151/185/448
f 496/706/428 304/418/470 301/412/352 492/698/354
f 367/506/407 369/509/457 366/505/433 364/503/378
f 473/667/137 284/382/258 286/385/235 476/671/138
f 358/493/367 356/491/439 349/480/441 350/482/471
f 409/570/251 401/556/250 405/564/384 411/574/90
f 249/327/17 551/780/132 550/779/17
f 155/192/447 153/188/446 150/183/449 152/186/472
f 317/437/194 318/439/376 316/436/473 314/433/405
f 183/229/436 383/528/423 410/573/129
f 536/760/121 551/781/474 549/778/122
f 250/329/229 254/338/50 433/611/49 429/602/21
f 540/767/475 536/760/121 537/762/85
f 173/216/476 172/215/187 169/210/291 171/213/477
f 431/608/444 436/615/173 432/610/22
f 236/308/85 509/725/85 524/745/478 523/743/333 235/305/335
f 443/624/77 112/132/77 35/39/77
f 375/517/8 377/520/11 376/518/124 373/515/455
f 316/436/473 464/655/479 463/654/105 314/433/405
f 438/618/274 447/630/276 444/626/94 437/617/97
f 286/385/235 285/383/480 122/146/260 123/147/236
f 157/194/481 158/196/369 149/182/368 147/179/482
f 467/659/315 466/657/78 457/644/2 459/647/1
f 456/642/266 461/651/103 460/649/106 454/640/408
f 456/642/266 272/366/264 461/651/103
f 505/720/442 507/722/483 514/730/443
f 337/464/60 37/42/54 343/472/484
f 377/520/11 174/217/10 180/225/189 410/573/129
f 173/216/476 179/224/422 178/223/188 172/215/187
f 139/168/107 147/179/482 149/182/368 141/171/382
f 258/343/396 260/346/397 158/196/369 157/194/481
f 442/623/4 362/500/149 158/196/369 260/346/397
f 76/89/77 87/104/77 413/577/412
f 397/549/77 95/113/77 103/121/77
f 7/9/485 19/21/62 36/40/29 9/11/31
f 102/120/239 98/116/238 219/278/463
f 324/447/277 475/670/180 474/669/139 323/446/306
f 277/373/486 281/378/403 279/376/402 276/372/283
f 1/1/44 21/24/24 38/44/26
f 350/482/471 348/479/434 137/166/383 141/171/382
f 524/745/478 266/356/487 523/743/333
f 469/662/75 471/664/212 331/456/211 329/454/430
f 388/536/308 393/542/342 394/544/488 390/538/317
f 459/648/1 442/623/4 260/346/397 268/361/285
f 56/68/362 355/489/300 146/178/299
f 460/650/106 463/654/105 464/655/479 462/652/409
f 285/383/480 286/385/235 284/382/258 282/379/489
f 225/290/385 220/279/451 222/284/490
f 221/281/101 222/283/490 224/289/464
f 227/292/491 224/288/464 222/285/490
f 230/297/418 228/294/92 604/856/87
f 101/119/248 81/97/303 399/553/302
f 109/127/77 397/549/77 111/131/155
f 389/537/307 196/247/154 204/258/153 395/545/341
f 399/552/492 219/278/463 227/292/491
f 187/234/372 191/241/338 193/243/230 188/236/437
f 238/311/314 237/309/399 415/580/136
f 243/317/493 241/315/388 601/845/135
f 245/320/494 247/323/495 246/322/458
f 387/533/231 132/159/340 440/620/312
f 250/329/229 252/333/496 251/332/294
f 255/339/37 251/331/294 252/334/496
f 256/340/23 253/336/170 252/335/496
f 291/394/57 288/387/157 290/391/497
f 297/406/58 293/398/467 295/401/498
f 298/407/348 294/399/499 295/402/498
f 299/408/469 296/405/346 295/403/498
f 445/627/500 84/101/501 89/106/502
f 304/418/470 300/409/503 302/413/504
f 305/419/353 301/411/352 302/414/504
f 306/420/459 303/416/461 302/415/504
f 387/534/77 100/118/77 443/624/77
f 311/430/81 307/421/197 309/426/505
f 312/431/452 308/423/171 309/427/505
f 310/429/460 309/425/505 307/422/197
f 400/555/506 402/558/507 401/557/250
f 405/564/384 401/556/250 402/559/507
f 407/567/508 403/562/450 402/560/507
f 411/574/90 408/568/93 409/570/251
f 461/651/103 272/366/264 274/369/204 465/656/104
f 83/99/77 89/106/502 397/549/77
f 416/583/413 414/578/398 603/852/110
f 94/112/77 96/114/509 93/111/77
f 423/592/374 420/588/387 602/848/111
f 171/213/477 169/210/291 163/202/142 164/204/510
f 425/596/179 427/599/178 424/593/511
f 391/540/327 440/620/312 132/159/340
f 431/607/444 430/604/512 429/602/21
f 481/681/56 477/673/513 479/678/514
f 6/8/61 133/160/17 1/2/44
f 95/113/77 109/127/77 97/115/77
f 496/706/428 422/591/427 243/317/493 304/418/470
f 239/312/17 566/801/37 1566/2134/17
f 419/587/311 440/620/312 391/540/327
f 108/126/515 398/550/240 111/130/516
f 108/126/515 104/122/517 99/117/518
f 98/116/238 398/550/240 99/117/518
f 227/292/491 407/567/508 399/552/492
f 397/548/519 84/100/520 106/124/521
f 104/122/517 108/126/515 111/130/516
f 111/130/516 397/548/519 104/122/517
f 105/123/301 398/551/522 110/129/523
f 110/128/524 398/550/240 102/120/239
f 570/806/174 559/791/161 564/799/156 569/805/163
f 471/664/212 467/659/315 278/374/284 280/377/213
f 145/177/17 152/186/472 150/183/449 144/176/525
f 381/525/363 176/220/462 186/233/432 385/531/310
f 521/740/47 506/721/200 412/575/180 520/739/526
f 96/114/509 396/547/527 93/111/77
f 96/114/509 94/112/77 92/110/332
f 482/682/156 478/674/158 479/677/514
f 484/684/528 488/693/465 483/683/70 477/672/513
f 483/683/70 480/679/73 479/676/514
f 80/96/77 396/547/527 79/94/529
f 488/693/465 484/684/528 486/690/530
f 445/628/531 106/124/521 84/100/520
f 489/694/415 298/407/348 240/313/347 416/583/413
f 396/547/527 80/96/77 93/111/77
f 489/694/415 485/686/414 486/689/530
f 490/695/55 487/691/466 486/688/530
f 495/705/254 491/696/253 493/702/532
f 34/38/533 210/266/411 214/271/534
f 496/706/428 492/698/354 493/701/532
f 159/197/535 157/195/481 147/180/482 148/181/536
f 497/707/537 494/704/429 493/700/532
f 97/115/77 398/551/522 105/123/301
f 396/546/146 92/109/323 90/107/147
f 396/546/146 86/103/148 82/98/392
f 79/95/538 396/546/146 85/102/391
f 500/713/198 499/710/539 498/708/252
f 398/550/240 108/126/515 99/117/518
f 445/628/531 210/266/411 34/38/533 106/124/521
f 212/269/128 215/273/127 216/274/540 214/271/534
f 348/479/434 350/482/471 349/480/441 346/476/279
f 397/549/77 89/106/502 84/101/501
f 396/546/146 82/98/392 85/102/391
f 443/624/77 363/501/77 361/498/150 441/622/3
f 197/248/339 200/252/297 202/255/425 199/251/426 132/159/340
f 358/493/367 362/500/149 361/499/150 356/491/439
f 371/512/304 168/209/541 176/220/462 381/525/363
f 249/328/121 549/778/122 551/781/474
f 358/493/367 350/482/471 141/171/382 149/182/368
f 339/467/435 131/158/424 137/166/383 348/479/434
f 339/467/435 331/456/211 128/154/214 131/158/424
f 396/547/527 96/114/509 92/110/332
f 209/265/329 212/269/128 214/271/534 210/266/411
f 219/278/463 98/116/238 216/274/540
f 144/175/525 150/184/449 151/185/448 146/178/299
f 2/3/247 125/150/33 8/10/246
f 398/551/522 97/115/77 111/131/155
f 382/526/77 406/565/123 383/527/77
f 555/785/185 581/820/192 576/813/191
f 206/261/296 208/263/393 202/255/425 200/252/297
f 400/554/506 399/552/492 407/567/508
f 235/306/335 233/301/87 234/302/542
f 90/107/147 41/49/322 33/37/325
f 1565/2133/118 223/286/117 561/794/167
f 432/610/22 588/829/5 594/835/222
f 203/257/152 262/349/120 264/352/119 204/258/153
f 48/58/37 58/70/37 261/347/268
f 300/409/503 304/418/470 243/317/493 601/845/135
f 308/423/171 255/339/37 253/337/170
f 345/475/243 354/487/245 352/485/114 344/473/113
f 201/254/298 200/253/297 197/249/339 198/250/373
f 246/321/458 283/381/17 282/380/489
f 236/308/85 235/305/335 234/303/542
f 515/731/228 526/747/227 522/741/543
f 399/553/302 404/563/249 101/119/248
f 245/319/494 424/594/511 427/600/85 249/328/121
f 113/134/345 274/369/204 273/368/438
f 114/135/37 273/367/438 275/370/37
f 338/465/278 340/468/277 330/455/431 329/453/430
f 339/467/435 338/466/278 329/454/430 331/456/211
f 501/715/199 495/705/254 305/419/353 313/432/196
f 410/573/129 383/528/423 406/566/123
f 325/448/237 123/147/236 168/209/541 371/512/304
f 218/276/176 226/291/102 224/289/464
f 219/278/463 224/288/464 227/292/491
f 270/364/265 275/370/37 273/367/438
f 272/366/264 273/368/438 274/369/204
f 487/691/466 297/406/58 294/400/499
f 298/407/348 487/692/466 294/399/499
f 285/384/480 287/386/17 124/148/87 122/145/260
f 225/290/385 222/284/490 221/282/101
f 221/281/101 224/289/464 226/291/102
f 227/292/491 222/285/490 220/280/451
f 232/299/91 604/855/87 228/293/92
f 236/307/87 234/304/542 233/300/87
f 240/313/347 415/581/136 237/310/399
f 242/316/313 601/846/135 241/314/388
f 245/320/494 246/322/458 248/326/257
f 249/328/121 247/324/495 245/319/494
f 250/329/229 251/332/294 254/338/50
f 255/339/37 252/334/496 253/337/170
f 256/340/23 252/335/496 250/330/229
f 291/394/57 290/391/497 289/390/468
f 292/395/145 290/392/497 288/388/157
f 297/406/58 295/401/498 294/400/499
f 298/407/348 295/402/498 296/404/346
f 392/541/180 425/596/179 472/666/140
f 267/358/417 409/571/251 408/569/93
f 299/408/469 295/403/498 293/397/467
f 428/601/256 473/667/137 472/665/140 425/597/179
f 605/857/80 500/714/198 307/421/197 311/430/81
f 500/713/198 498/708/252 501/715/199
f 606/858/544 497/707/537 491/697/253 498/709/252
f 497/707/537 493/700/532 491/697/253
f 496/706/428 493/701/532 494/703/429
f 495/705/254 493/702/532 492/699/354
f 490/695/55 486/688/530 484/685/528
f 489/694/415 486/689/530 487/692/466
f 488/693/465 486/690/530 485/687/414
f 483/683/70 479/676/514 477/672/513
f 482/682/156 479/677/514 480/680/73
f 481/681/56 479/678/514 478/675/158
f 431/607/444 429/602/21 433/611/49
f 304/418/470 302/413/504 301/412/352
f 305/419/353 302/414/504 303/417/461
f 432/610/22 430/605/512 431/608/444
f 425/597/179 424/595/511 428/601/256
f 306/420/459 302/415/504 300/410/503
f 422/591/427 602/849/111 420/589/387
f 409/572/251 267/359/417 412/575/180
f 311/430/81 309/426/505 308/424/171
f 312/431/452 309/427/505 310/428/460
f 310/429/460 307/422/197 313/432/196
f 418/585/375 603/853/110 414/579/398
f 400/555/506 401/557/250 404/563/249
f 405/564/384 402/559/507 403/561/450
f 407/567/508 402/560/507 400/554/506
f 560/793/177 579/817/186 577/814/145
f 355/489/300 352/485/114 354/487/245
f 264/352/119 449/633/133 395/545/341 204/258/153
f 183/229/436 410/573/129 180/225/189
f 83/99/77 445/627/500 89/106/502
f 587/828/224 589/830/234 421/590/112
f 393/542/342 448/631/241 450/634/242 394/544/488
f 432/609/22 429/603/21 430/606/512
f 239/312/17 415/582/136 296/405/346 299/408/469
f 35/39/77 391/539/77 45/55/77
f 503/717/121 511/727/85 510/726/85
f 503/718/545 516/732/180 502/716/178
f 249/327/17 246/321/458 247/325/495
f 119/142/182 116/138/181 118/140/344 120/143/262
f 539/765/84 544/772/546 542/769/85
f 449/633/133 448/632/241 393/543/342 395/545/341
f 503/718/545 518/736/547 517/735/548
f 71/84/233 107/125/406 188/236/437 193/243/230
f 502/716/178 514/730/443 503/718/545
f 140/170/87 148/181/536 147/180/482 139/169/107
f 580/818/190 578/815/145 555/786/185
f 127/153/404 130/157/17 129/156/395 126/152/401
f 503/717/121 517/734/121 511/727/85
f 508/723/549 517/735/548 507/722/483
f 512/728/85 503/717/121 510/726/85
f 507/722/483 515/731/228 508/723/549
f 282/379/489 284/382/258 248/326/257 246/322/458
f 67/79/356 73/86/386 61/73/357
f 516/733/85 503/717/121 512/728/85
f 468/660/77 383/527/77 87/104/77
f 517/734/121 508/724/85 511/727/85
f 507/722/483 518/736/547 514/730/443
f 351/483/277 347/478/277 346/477/279 349/481/441
f 518/736/547 507/722/483 517/735/548
f 518/736/547 503/718/545 514/730/443
f 368/508/15 165/205/14 170/212/9 375/517/8
f 132/159/340 387/533/231 193/243/230
f 359/495/359 53/65/550 56/68/362
f 266/355/487 528/749/551 527/748/552
f 332/458/41 334/460/351 327/451/380 326/450/42
f 373/514/455 376/519/124 378/521/77 374/516/456
f 319/440/195 317/438/194 314/434/405 315/435/206
f 292/396/145 289/389/468 290/393/497
f 122/146/260 166/207/259 168/209/541 123/147/236
f 248/326/257 428/601/256 424/595/511 245/320/494
f 81/97/303 412/575/180 95/113/77
f 243/317/493 422/591/427 420/589/387 241/315/388
f 175/219/330 176/220/462 168/209/541 166/207/259
f 571/808/164 569/805/163 556/787/168
f 266/357/487 530/752/45 529/751/553
f 379/523/364 384/530/309 386/532/277 380/524/316
f 583/823/207 590/831/209 589/830/234
f 525/746/554 524/745/478 509/725/85
f 306/420/459 300/410/503 601/847/135 244/318/37
f 447/630/276 456/642/266 454/640/408 444/626/94
f 266/355/487 527/748/552 523/744/333
f 199/251/426 391/540/327 132/159/340
f 385/531/310 186/233/432 196/247/154 389/537/307
f 343/472/484 37/42/54 135/163/69 345/475/243
f 159/197/535 259/345/555 258/344/396 157/195/481
f 161/200/445 164/204/510 163/202/142 160/199/141
f 343/472/484 345/475/243 344/473/113 341/469/453
f 99/117/518 104/122/517 34/38/533
f 522/741/543 508/723/549 515/731/228
f 541/768/100 546/775/99 534/757/87
f 219/278/463 216/274/540 215/273/127 218/277/176
f 266/357/487 532/755/226 530/752/45
f 269/362/556 277/373/486 276/372/283 154/191/282
f 266/357/487 531/753/557 526/747/227
f 261/347/268 57/69/37 48/58/37
f 189/237/370 187/235/372 181/227/421 182/228/420
f 143/174/244 135/163/69 134/161/68 142/172/558
f 525/746/554 266/356/487 524/745/478
f 519/738/334 528/750/551 520/739/526
f 574/811/166 575/812/165 581/820/192
f 522/742/559 531/754/560 525/746/554
f 490/695/55 484/685/528 477/673/513 481/681/56
f 261/348/271 66/78/275 43/52/561
f 146/178/299 354/487/245 143/174/244
f 266/357/487 529/751/553 528/750/551
f 412/575/180 103/121/77 95/113/77
f 466/658/78 468/660/77 458/646/77 457/645/2
f 528/749/551 519/737/334 527/748/552
f 421/590/112 602/850/111 494/704/429 497/707/537
f 169/211/291 170/212/9 165/205/14 163/203/142
f 154/191/282 258/344/396 259/345/555 269/362/556
f 529/751/553 520/739/526 528/750/551
f 75/88/400 107/125/406 70/83/331
f 287/386/17 285/384/480 282/380/489 283/381/17
f 368/508/15 375/517/8 373/515/455 367/507/407
f 472/666/140 474/669/139 475/670/180 392/541/180
f 142/172/558 144/175/525 146/178/299 143/174/244
f 530/752/45 521/740/47 529/751/553
f 531/753/557 522/741/543 526/747/227
f 531/754/560 266/356/487 525/746/554
f 532/755/226 513/729/46 530/752/45
f 532/755/226 266/357/487 526/747/227
f 14/16/66 321/443/67 121/144/183
f 145/177/17 130/157/17 127/153/404
f 337/464/60 343/472/484 341/469/453 335/462/59
f 399/553/302 400/555/506 404/563/249
f 535/758/17 236/307/87 534/757/87
f 236/307/87 231/298/87 534/757/87
f 534/757/87 231/298/87 140/170/87
f 140/170/87 138/167/87 538/763/87
f 138/167/87 124/148/87 538/763/87
f 124/148/87 287/386/17 552/782/17
f 538/763/87 124/148/87 552/782/17
f 283/381/17 249/327/17 550/779/17
f 287/386/17 283/381/17 552/782/17
f 534/757/87 140/170/87 538/763/87
f 283/381/17 550/779/17 552/782/17
f 552/782/17 536/761/131 540/766/17
f 540/766/17 544/771/17 538/763/87
f 231/298/87 226/291/102 217/275/126
f 217/275/126 213/270/125 231/298/87
f 213/270/125 211/267/328 231/298/87
f 231/298/87 211/267/328 207/262/295
f 207/262/295 201/254/298 259/345/555
f 201/254/298 198/250/373 259/345/555
f 198/250/373 192/242/371 259/345/555
f 259/345/555 192/242/371 269/362/556
f 192/242/371 189/237/370 269/362/556
f 189/237/370 182/228/420 269/362/556
f 182/228/420 179/224/422 277/373/486
f 179/224/422 173/216/476 277/373/486
f 182/228/420 277/373/486 269/362/556
f 173/216/476 171/213/477 277/373/486
f 171/213/477 164/204/510 281/378/403
f 277/373/486 171/213/477 281/378/403
f 164/204/510 161/200/445 281/378/403
f 161/200/445 155/192/447 281/378/403
f 155/192/447 152/186/472 127/153/404
f 152/186/472 145/177/17 127/153/404
f 155/192/447 127/153/404 281/378/403
f 600/844/17 133/160/17 195/246/17
f 133/160/17 263/351/17 205/259/17
f 133/160/17 205/259/17 195/246/17
f 207/262/295 259/345/555 231/298/87
f 140/170/87 231/298/87 148/181/536
f 148/181/536 231/298/87 159/197/535
f 159/197/535 231/298/87 259/345/555
f 145/177/17 195/246/17 185/232/17
f 145/177/17 185/232/17 130/157/17
f 185/232/17 177/221/17 130/157/17
f 167/208/17 124/148/87 138/167/87
f 177/221/17 167/208/17 130/157/17
f 167/208/17 138/167/87 130/157/17
f 230/297/418 235/306/335 519/737/334
f 523/744/333 527/748/552 519/737/334
f 502/716/178 516/732/180 392/541/180
f 516/732/180 427/599/178 392/541/180
f 515/731/228 507/722/483 505/720/442
f 505/720/442 502/716/178 506/721/200
f 502/716/178 392/541/180 475/670/180
f 502/716/178 475/670/180 412/575/180
f 513/729/46 515/731/228 505/720/442
f 412/575/180 506/721/200 502/716/178
f 506/721/200 513/729/46 505/720/442
f 347/478/277 351/483/277 412/575/180 475/670/180 324/447/277 372/513/316
f 83/99/77 397/549/77 103/121/77
f 103/121/77 412/575/180 35/39/77
f 412/575/180 351/483/277 357/492/440
f 372/513/316 380/524/316 340/468/277
f 79/94/529 445/627/500 80/96/77
f 445/627/500 83/99/77 80/96/77
f 83/99/77 103/121/77 93/111/77
f 412/575/180 357/492/440 363/501/77
f 412/575/180 363/501/77 35/39/77
f 380/524/316 386/532/277 340/468/277
f 91/108/77 94/112/77 35/39/77
f 94/112/77 93/111/77 35/39/77
f 93/111/77 80/96/77 83/99/77
f 386/532/277 390/538/317 353/486/115
f 347/478/277 372/513/316 340/468/277
f 363/501/77 443/624/77 35/39/77
f 390/538/317 394/544/488 342/471/454
f 93/111/77 103/121/77 35/39/77
f 340/468/277 386/532/277 68/81/316
f 68/81/316 386/532/277 353/486/115
f 330/455/431 340/468/277 68/81/316
f 330/455/431 68/81/316 69/82/381
f 382/526/77 468/660/77 378/521/77
f 468/660/77 470/663/76 374/516/456
f 378/521/77 468/660/77 374/516/456
f 470/663/76 330/455/431 73/86/386
f 73/86/386 330/455/431 69/82/381
f 366/505/433 470/663/76 73/86/386
f 366/505/433 369/509/457 470/663/76
f 369/509/457 374/516/456 470/663/76
f 67/79/356 360/496/336 73/86/386
f 360/496/336 366/505/433 73/86/386
f 394/544/488 450/634/242 342/471/454
f 65/77/320 59/71/319 68/81/316
f 390/538/317 342/471/454 599/843/116
f 452/637/71 483/683/70 417/584/109
f 483/683/70 488/693/465 417/584/109
f 450/634/242 452/637/71 336/463/350
f 355/488/300 53/64/366 65/77/320
f 65/77/320 68/81/316 355/488/300
f 417/584/109 421/590/112 316/436/473
f 421/590/112 436/615/173 439/619/96
f 421/590/112 439/619/96 446/629/95
f 68/81/316 353/486/115 355/488/300
f 452/637/71 417/584/109 327/451/380
f 450/634/242 336/463/350 342/471/454
f 421/590/112 446/629/95 455/641/410
f 421/590/112 455/641/410 462/652/409
f 336/463/350 452/637/71 334/460/351
f 334/460/351 452/637/71 327/451/380
f 421/590/112 462/652/409 464/655/479
f 421/590/112 464/655/479 316/436/473
f 417/584/109 316/436/473 318/439/376
f 322/444/377 327/451/380 417/584/109
f 504/719/85 427/600/85 512/728/85
f 427/600/85 516/733/85 512/728/85
f 512/728/85 510/726/85 504/719/85
f 511/727/85 508/724/85 509/725/85
f 504/719/85 510/726/85 509/725/85
f 510/726/85 511/727/85 509/725/85
f 236/308/85 535/759/85 543/770/85
f 504/719/85 236/308/85 543/770/85
f 549/778/122 249/328/121 427/600/85
f 533/756/85 549/778/122 427/600/85
f 427/600/85 504/719/85 533/756/85
f 504/719/85 543/770/85 548/777/85
f 504/719/85 548/777/85 542/769/85
f 537/762/85 533/756/85 504/719/85
f 544/772/546 540/767/475 542/769/85
f 540/767/475 537/762/85 542/769/85
f 554/784/162 564/799/156 453/638/134
f 561/794/167 554/784/162 453/638/134
f 564/799/156 559/791/161 563/798/145
f 563/798/145 568/804/144 229/295/159
f 229/295/159 560/793/177 563/798/145
f 560/793/177 577/814/145 563/798/145
f 578/815/145 580/818/190 292/395/145
f 578/815/145 292/395/145 482/682/156
f 563/798/145 577/814/145 482/682/156
f 577/814/145 578/815/145 482/682/156
f 564/799/156 563/798/145 482/682/156
f 482/682/156 453/638/134 564/799/156
f 333/459/40 7/9/485 3/5/43
f 7/9/485 9/11/31 3/5/43
f 9/11/31 26/30/28 32/36/25
f 32/36/25 21/24/24 3/5/43
f 3/5/43 337/464/60 333/459/40
f 328/452/39 8/10/246 12/14/48
f 19/21/62 7/9/485 333/459/40
f 328/452/39 12/14/48 333/459/40
f 14/16/66 8/10/246 328/452/39
f 190/239/36 456/642/266 63/75/273
f 456/642/266 447/630/276 63/75/273
f 447/630/276 62/74/280 64/76/272
f 438/618/274 257/342/51 66/78/275
f 257/342/51 43/52/561 66/78/275
f 66/78/275 62/74/280 447/630/276
f 146/178/299 151/185/448 56/68/362
f 151/185/448 52/63/361 56/68/362
f 56/68/362 53/65/550 355/489/300
f 151/185/448 156/193/337 54/66/360
f 156/193/337 360/497/336 54/66/360
f 360/497/336 67/80/394 54/66/360
f 33/37/325 202/255/425 90/107/147
f 90/107/147 202/255/425 86/103/148
f 208/263/393 86/103/148 202/255/425
f 46/56/288 391/540/327 199/251/426
f 199/251/426 44/54/326 46/56/288
f 208/263/393 210/266/411 85/102/391
f 210/266/411 445/628/531 85/102/391
f 445/628/531 79/95/538 85/102/391
f 82/98/392 86/103/148 208/263/393
f 397/548/519 106/124/521 104/122/517
f 106/124/521 34/38/533 104/122/517
f 34/38/533 214/271/534 216/274/540
f 216/274/540 98/116/238 99/117/518
f 216/274/540 99/117/518 34/38/533
f 219/278/463 399/552/492 102/120/239
f 399/552/492 110/128/524 102/120/239
f 75/88/400 383/528/423 183/229/436
f 183/229/436 188/236/437 107/125/406
f 107/125/406 72/85/287 70/83/331
f 70/83/331 74/87/389 75/88/400
f 75/88/400 183/229/436 107/125/406
f 311/430/81 256/340/23 608/860/79
f 606/858/544 607/859/223 421/590/112
f 592/833/217 595/838/216 608/860/79
f 256/340/23 432/609/22 593/834/219
f 585/825/218 256/340/23 593/834/219
f 432/609/22 594/836/225 593/834/219
f 585/825/218 596/840/210 591/832/202
f 607/859/223 609/861/562 595/837/216
f 585/825/218 591/832/202 582/821/201
f 582/821/201 592/833/217 256/340/23
f 421/590/112 497/707/537 606/858/544
f 256/340/23 592/833/217 608/860/79
f 587/828/224 597/841/221 589/830/234
f 589/830/234 590/831/209 584/824/6
f 590/831/209 598/842/215 584/824/6
f 584/824/6 421/590/112 589/830/234
f 432/610/22 436/615/173 588/829/5
f 436/615/173 421/590/112 584/824/6
f 275/370/37 271/365/35 58/70/37
f 114/135/37 275/370/37 244/318/37
f 275/370/37 58/70/37 244/318/37
f 13/15/37 120/143/262 118/140/344
f 10/12/65 27/31/64 13/15/37
f 4/6/17 10/12/65 13/15/37
f 13/15/37 118/140/344 114/135/37
f 13/15/37 114/135/37 239/312/17
f 239/312/17 114/135/37 244/318/37
f 57/69/37 43/53/281 257/341/51
f 257/341/51 255/339/37 57/69/37
f 255/339/37 312/431/452 244/318/37
f 312/431/452 306/420/459 244/318/37
f 239/312/17 299/408/469 581/820/192
f 299/408/469 292/396/145 576/813/191
f 581/820/192 299/408/469 576/813/191
f 255/339/37 244/318/37 57/69/37
f 57/69/37 244/318/37 48/58/37
f 48/58/37 244/318/37 58/70/37
f 292/396/145 580/819/190 576/813/191
f 575/812/165 558/790/37 239/312/17
f 558/790/37 229/296/159 565/800/160
f 239/312/17 558/790/37 557/789/37
f 239/312/17 581/820/192 575/812/165
f 557/789/37 558/790/37 565/800/160
f 567/802/37 573/810/169 572/809/175
f 567/802/37 572/809/175 239/312/17
f 572/809/175 566/801/37 239/312/17
f 239/312/17 557/789/37 567/802/37
f 4/6/17 13/15/37 239/312/17
f 25/29/27 28/32/74 17/19/17
f 1566/2134/17 30/34/17 5/7/17
f 263/351/17 1566/2134/17 223/287/117 262/350/120
f 263/351/17 30/34/17 1566/2134/17
f 263/351/17 11/13/17 30/34/17
f 25/29/27 17/19/17 5/7/17
f 5/7/17 29/33/16 25/29/27
f 4/6/17 239/312/17 1566/2134/17
f 254/338/50 251/332/294 257/342/51
f 76/89/77 458/646/77 87/104/77
f 458/646/77 468/660/77 87/104/77
f 458/646/77 76/89/77 88/105/77
f 88/105/77 78/93/419 387/534/77
f 95/113/77 397/549/77 109/127/77
f 81/97/303 97/115/77 105/123/301
f 105/123/301 110/129/523 399/553/302
f 81/97/303 101/119/248 412/575/180
f 387/534/77 426/598/77 100/118/77
f 353/486/115 390/538/317 599/843/116
f 341/470/453 344/474/113 599/843/116 342/471/454
f 145/177/17 600/844/17 195/246/17
f 145/177/17 144/176/525 142/173/558 134/162/68 600/844/17
f 431/608/444 434/613/172 436/615/173
f 605/857/80 499/711/539 500/714/198
f 289/390/468 293/398/467 297/406/58 291/394/57
f 232/299/91 225/290/385 221/282/101 604/855/87
f 233/301/87 235/306/335 230/297/418 604/856/87
f 228/294/92 230/297/418 267/358/417 408/569/93
f 529/751/553 521/740/47 520/739/526
f 267/359/417 519/738/334 520/739/526 412/575/180
f 561/795/167 566/801/37 556/788/168
f 509/725/85 236/308/85 504/719/85
f 509/725/85 508/724/85 525/746/554
f 508/724/85 522/742/559 525/746/554
f 2/4/247 119/142/182 120/143/262
f 6/8/61 11/13/17 133/160/17
f 10/12/65 4/6/17 31/35/261
f 36/41/20 20/23/263 18/20/82
f 403/562/450 407/567/508 227/292/491 220/280/451
f 587/828/224 607/859/223 595/837/216
f 607/859/223 606/858/544 499/712/539 609/861/562
f 609/862/562 499/711/539 605/857/80 608/860/79
f 499/712/539 606/858/544 498/709/252
f 595/838/216 609/862/562 608/860/79
s 0
f 672/945/563 673/946/564 653/924/565 654/925/566
f 663/935/567 664/936/568 640/907/569 637/903/570
f 661/933/571 662/934/572 634/899/573 631/895/574
f 651/921/575 610/863/575 613/868/576
f 623/882/577 621/880/578 624/885/578 626/888/579
f 670/943/580 612/867/581 611/866/582
f 671/944/583 614/869/584 613/868/585
f 672/945/586 613/868/587 612/867/588
f 673/946/589 612/867/590 670/943/591
f 674/947/592 613/868/593 614/869/594
f 675/949/595 612/867/596 669/941/595
f 610/863/597 612/867/598 613/868/599
f 624/883/600 621/879/600 622/881/601 625/886/602
f 656/927/603 657/928/604 619/877/605 616/873/606
f 613/868/607 672/945/608 671/944/609
f 658/929/610 659/930/611 625/886/602 622/881/601
f 629/892/612 627/890/613 630/893/613 632/896/614
f 659/931/611 660/932/615 628/891/616 625/887/602
f 669/942/617 651/922/618 668/940/619
f 638/904/620 636/901/621 639/905/621 641/908/622
f 638/904/620 635/900/623 633/897/624 636/901/624
f 644/912/625 641/908/626 639/905/627 642/909/627
f 644/912/625 642/909/628 648/918/628 650/920/629
f 642/910/630 639/906/630 640/907/631 643/911/632
f 630/894/633 627/889/633 628/891/634 631/895/635
f 635/900/623 632/896/614 630/893/636 633/897/636
f 617/874/637 615/871/638 618/876/638 620/878/639
f 618/875/640 615/872/640 616/873/606 619/877/641
f 636/902/642 637/903/570 640/907/569 639/906/642
f 614/870/643 617/874/644 668/940/619
f 618/875/645 619/877/646 622/881/647 621/879/645
f 636/902/648 633/898/648 634/899/649 637/903/570
f 615/871/650 617/874/644 614/870/651
f 611/866/652 647/916/653 652/923/654
f 623/882/655 620/878/639 618/876/656 621/880/656
f 627/889/657 624/884/657 625/887/602 628/891/616
f 645/913/658 648/917/658 649/919/659 647/916/660
f 653/924/565 673/946/564 670/943/661
f 642/910/662 643/911/663 649/919/659 648/917/662
f 630/894/664 631/895/574 634/899/573 633/898/664
f 664/936/568 665/937/665 643/911/666 640/907/631
f 657/928/604 658/929/610 622/881/647 619/877/605
f 665/937/665 666/938/667 649/919/659 643/911/666
f 672/945/668 612/867/669 673/946/670
f 611/865/671 668/940/672 646/915/673
f 611/866/652 645/913/674 647/916/660
f 612/867/675 610/863/676 669/941/676
f 614/869/677 616/873/606 615/872/678
f 616/873/679 655/926/680 656/927/603
f 614/869/677 655/926/680 616/873/606
f 652/923/681 647/916/653 667/939/682
f 612/867/683 675/949/684 611/866/685
f 632/896/614 635/900/623 668/940/619
f 629/892/612 626/888/579 624/885/686 627/890/686
f 660/932/615 661/933/571 631/895/574 628/891/634
f 666/938/667 667/939/687 647/916/653 649/919/688
f 655/926/680 614/869/677 671/944/689
f 613/868/690 674/947/691 651/921/691
f 611/865/671 646/915/673 645/914/692
f 646/915/693 650/920/694 648/918/695 645/914/695
f 662/934/572 663/935/567 637/903/570 634/899/649
f 635/900/623 638/904/620 668/940/619
f 638/904/620 641/908/622 668/940/619
f 641/908/622 644/912/625 668/940/619
f 644/912/625 650/920/694 668/940/619
f 650/920/694 646/915/673 668/940/619
f 668/940/619 617/874/644 620/878/639
f 620/878/639 623/882/577 668/940/619
f 623/882/577 626/888/579 668/940/619
f 626/888/579 629/892/612 668/940/619
f 629/892/612 632/896/614 668/940/619
f 669/942/696 610/864/697 651/922/698
f 651/922/618 674/948/699 614/870/677
f 668/940/619 611/865/652 669/942/696
f 611/865/700 675/950/701 669/942/696
f 651/922/618 614/870/677 668/940/619
f 611/866/671 652/923/681 670/943/661
f 652/923/681 653/924/565 670/943/661
f 672/945/563 654/925/702 671/944/689
f 654/925/702 655/926/703 671/944/689
f 1124/1561/704 1127/1565/705 1217/1687/706 1214/1683/707
f 1041/1444/708 1042/1445/709 1045/1449/710 1044/1448/711
f 1498/2062/712 1499/2063/713 1351/1871/714 1354/1875/715
f 1056/1463/716 1053/1459/717 1054/1461/718 1057/1465/719
f 966/1342/720 969/1346/721 971/1348/722 968/1344/723
f 1053/1459/724 1050/1456/725 1051/1457/726 1054/1461/718
f 987/1371/727 989/1374/728 986/1370/729 984/1365/730
f 1076/1495/731 1073/1491/732 1074/1493/733 1077/1497/734
f 964/1339/735 967/1343/736 966/1341/720 963/1338/737
f 984/1365/730 986/1370/729 983/1364/738 981/1361/739
f 888/1228/740 814/1120/741 811/1116/742 886/1225/743
f 1132/1572/719 1135/1576/744 1134/1575/745 1131/1570/716
f 981/1361/746 983/1364/738 980/1360/747 978/1357/748
f 807/1111/749 810/1114/750 812/1117/751 809/1113/752
f 1108/1540/753 1107/1538/754 1104/1534/755 1105/1536/756
f 1082/1504/757 1079/1499/758 1080/1501/759 1083/1505/760
f 1245/1724/738 1242/1720/747 1240/1717/761 1243/1721/762
f 1172/1627/763 1173/1628/764 1266/1754/765 1262/1749/766
f 890/1231/767 889/1230/768 891/1232/769 892/1234/770
f 761/1050/771 846/1166/772 849/1171/773
f 1011/1403/774 1012/1405/775 1015/1409/776 1014/1407/777
f 924/1284/778 925/1286/779 928/1290/780 927/1288/781
f 918/1276/782 1043/1446/783 1046/1450/784 916/1274/785
f 1025/1422/786 1023/1420/787 1026/1424/788 1028/1426/789
f 975/1354/790 978/1357/748 980/1360/747 977/1356/791
f 1003/1393/765 1002/1392/792 999/1387/793 1000/1389/766
f 1113/1546/794 1116/1550/708 1118/1553/795 1115/1549/796
f 1268/1756/797 1270/1759/798 1177/1633/799 1176/1631/714
f 1122/1559/800 1125/1562/725 1127/1565/705 1124/1561/704
f 1203/1668/801 1200/1664/802 1204/1669/803 1206/1672/804
f 1176/1631/805 1177/1633/799 1180/1637/806 1179/1635/807
f 1187/1646/808 1184/1642/809 1182/1639/810 1185/1643/811
f 1173/1628/764 1174/1629/812 1273/1764/813 1266/1754/765
f 1200/1663/779 1197/1659/780 1198/1661/814 1202/1667/815
f 1381/1916/816 1173/1628/817 1172/1627/818 1170/1624/819
f 911/1264/757 909/1261/758 1442/2006/759 1441/2005/760
f 1224/1696/820 1222/1693/821 1225/1697/822 1227/1700/823
f 1137/1578/769 1139/1581/824 1136/1577/825 1134/1574/768
f 1323/1832/826 1326/1837/827 1402/1949/828 1400/1945/829
f 1212/1680/830 1210/1677/831 1213/1681/832 1215/1684/833
f 1234/1710/834 1235/1711/835 1238/1715/836 1237/1714/790
f 1014/1407/837 1015/1409/776 1018/1413/838 1017/1412/839
f 1225/1698/822 1222/1694/821 1223/1695/741 1226/1699/840
f 1215/1684/833 1213/1681/841 1216/1685/749 1218/1688/752
f 820/1128/842 823/1132/843 822/1131/844 819/1126/845
f 1008/1399/797 1009/1401/846 1007/1398/847 1005/1395/848
f 1233/1708/849 1231/1705/850 1234/1709/851 1236/1712/852
f 1258/1743/853 1259/1745/854 1262/1749/855 1261/1747/856
f 1161/1612/731 1164/1616/758 1166/1619/857 1163/1615/858
f 1254/1738/859 1252/1736/860 1255/1740/861 1257/1742/862
f 945/1312/863 942/1308/864 943/1310/865 946/1314/807
f 1399/1944/866 1397/1941/867 1398/1942/868 1400/1945/869
f 1011/1403/870 1091/1515/871 1093/1518/872 1012/1405/775
f 1088/1511/816 1085/1508/873 1086/1509/874 1089/1513/875
f 1140/1582/876 1143/1586/877 1145/1589/878 1142/1585/879
f 899/1245/880 1447/2011/881 1446/2010/882 901/1247/883
f 804/1107/884 806/1109/833 803/1105/830 801/1102/885
f 1239/1716/791 1236/1712/886 1234/1709/887 1237/1713/888
f 1281/1776/889 1285/1781/890 1361/1886/891 1359/1883/892
f 1248/1730/729 1245/1724/738 1243/1721/866 1246/1726/730
f 888/1228/740 886/1225/743 885/1223/893 887/1227/716
f 1168/1622/760 1171/1626/874 1170/1625/873 1167/1620/757
f 1161/1612/894 1163/1615/858 1160/1611/895 1158/1608/896
f 1152/1598/897 1155/1602/898 1157/1607/827 1154/1601/826
f 1243/1722/746 1244/1723/829 1247/1729/828 1246/1725/899
f 1242/1720/747 1239/1716/791 1237/1713/888 1240/1717/761
f 928/1289/780 925/1285/900 923/1283/801 926/1287/901
f 714/999/902 722/1007/903 1063/1473/904
f 1274/1765/847 1271/1760/905 1268/1757/906 1269/1758/846
f 1170/1624/907 1172/1627/908 1169/1623/909 1167/1621/910
f 864/1192/911 862/1189/912 861/1187/913 863/1191/914
f 831/1142/748 834/1147/746 836/1149/738 833/1145/747
f 904/1253/915 903/1250/898 905/1255/916 906/1257/917
f 1310/1816/918 1312/1819/919 1311/1817/920
f 1358/1881/921 1359/1883/892 1361/1886/922 1360/1884/923
f 892/1234/770 820/1128/842 817/1124/924 890/1231/767
f 882/1219/704 880/1216/925 879/1214/711 881/1217/926
f 1265/1753/709 1272/1763/927 1298/1797/794 1282/1777/928
f 1283/1779/787 1286/1782/788 1288/1785/789 1285/1781/890
f 829/1140/836 828/1139/790 825/1135/834 826/1136/835
f 771/1062/715 774/1066/810 776/1069/809 773/1065/712
f 1049/1454/929 1046/1450/930 1044/1447/711 1047/1451/931
f 1289/1786/755 1291/1789/932 1288/1785/933 1286/1782/788
f 1491/2055/801 1492/2056/901 1366/1893/780 1368/1897/900
f 1483/2047/934 1387/1925/935 1389/1929/845 1482/2046/723
f 1481/2045/722 1391/1931/844 1393/1934/936 1480/2044/937
f 1493/2057/938 1494/2058/939 1362/1888/940 1364/1890/941
f 1290/1788/756 1289/1787/942 1286/1783/788 1287/1784/943
f 1374/1906/944 1375/1907/945 1377/1910/946 1376/1908/884
f 1046/1450/784 1043/1446/783 1041/1443/927 1044/1447/947
f 1492/2056/901 1493/2057/938 1364/1890/948 1366/1893/780
f 1153/1600/882 1152/1599/883 1149/1595/880 1150/1596/881
f 1368/1896/900 1369/1898/949 1371/1901/950 1370/1899/951
f 895/1238/877 1449/2013/952 1448/2012/953 897/1242/954
f 853/1177/797 854/1178/846 852/1175/847 850/1172/848
f 1378/1912/955 1376/1908/884 1377/1910/946 1379/1913/956
f 1312/1819/919 679/955/957 1422/1979/958
f 1379/1913/956 1377/1910/946 1306/1808/959 1307/1809/960
f 838/1153/961 841/1158/962 840/1156/963 837/1150/899
f 906/1257/917 905/1255/964 907/1259/965 908/1260/966
f 1196/1658/938 1193/1654/939 1191/1651/940 1194/1656/941
f 1403/1951/967 751/1039/968 749/1036/969
f 900/1246/970 898/1243/971 897/1241/972 899/1244/973
f 1381/1916/974 1427/1987/975 1174/1629/812 1173/1628/764
f 838/1154/961 837/1151/899 834/1146/746 835/1148/976
f 901/1247/977 1446/2010/882 1445/2009/978 903/1251/979
f 1282/1777/928 1298/1797/794 1201/1665/980 1278/1772/981
f 909/1261/758 907/1258/731 1443/2007/734 1442/2006/759
f 1428/1989/982 1097/1523/983 1099/1526/984 1383/1919/985
f 1286/1783/788 1283/1778/986 1284/1780/987 1287/1784/943
f 1429/1991/875 1426/1986/988 1427/1988/989 1381/1917/816
f 1261/1747/793 1262/1749/990 1266/1754/991 1264/1751/792
f 950/1319/992 951/1320/993 953/1323/982 952/1322/985
f 1337/1853/760 1336/1851/910 1333/1848/758 1334/1849/759
f 1330/1843/731 1333/1847/758 1335/1850/857 1332/1846/858
f 948/1316/994 949/1317/714 1008/1400/797 1010/1402/995
f 851/1174/813 850/1173/848 847/1169/996 848/1170/997
f 953/1324/871 951/1321/998 1438/2002/988 1437/2001/872
f 936/1300/891 937/1302/999 940/1306/921 939/1304/1000
f 949/1318/714 946/1313/807 944/1311/712 947/1315/713
f 1034/1434/1001 1032/1431/754 1035/1435/980 1037/1438/1002
f 1425/1985/877 1317/1825/878 1316/1824/1003 1314/1821/876
f 1029/1427/755 1030/1429/756 1033/1433/753 1032/1432/754
f 940/1305/921 938/1303/808 941/1307/809 943/1309/865
f 1020/1416/1004 1021/1417/1005 1024/1421/987 1023/1419/1006
f 1210/1678/885 1207/1674/1007 1208/1675/1008 1211/1679/945
f 1102/1532/1009 751/1039/968 753/1042/1010
f 1271/1761/848 1264/1751/792 1266/1754/765 1273/1764/813
f 1140/1582/1011 1142/1585/879 1139/1581/1012 1137/1578/1013
f 1428/1989/982 1383/1919/985 1174/1629/992 1427/1987/993
f 1023/1419/1006 1024/1421/987 1027/1425/943 1026/1423/788
f 955/1327/816 957/1329/873 1440/2004/874 1439/2003/875
f 925/1285/779 922/1281/951 920/1279/804 923/1283/801
f 934/1297/940 931/1293/1014 929/1291/938 932/1295/939
f 921/1280/950 922/1282/951 925/1286/900 924/1284/949
f 789/1086/780 791/1089/901 788/1085/938 786/1082/948
f 1119/1555/947 1121/1557/1015 1118/1553/1016 1116/1550/927
f 1221/1692/751 1219/1689/1017 1222/1693/821 1224/1696/820
f 846/1167/772 746/1031/1018 748/1035/1019
f 1179/1635/807 1180/1637/806 1183/1641/1020 1182/1640/865
f 889/1229/745 887/1226/716 1453/2017/719 1452/2016/744
f 1324/1833/898 1326/1837/827 1323/1832/826 1321/1830/897
f 1111/1544/981 1114/1548/928 1113/1547/794 1110/1542/980
f 1149/1594/1021 1152/1598/1022 1154/1601/1023 1151/1597/1024
f 1099/1526/1025 1100/1528/1026 1180/1637/1027 1177/1633/799
f 768/1059/714 771/1062/807 773/1065/712 770/1061/713
f 1087/1510/1028 1084/1506/1029 1082/1503/910 1085/1507/907
f 1297/1796/881 1322/1831/882 1321/1829/883 1386/1923/880
f 755/1044/1030 737/1022/1031 758/1047/1032
f 1298/1798/794 1272/1762/708 1300/1800/795 1299/1799/796
f 1091/1515/871 1094/1520/998 1095/1521/988 1093/1518/872
f 1096/1522/812 1090/1514/764 1088/1512/974 1094/1519/975
f 790/1088/814 789/1087/780 786/1083/1014 787/1084/1033
f 958/1331/1034 910/1263/1035 909/1262/1036 911/1265/1037
f 1358/1881/1038 1356/1878/1039 1357/1880/1040 1359/1883/892
f 1128/1566/1041 1130/1569/1042 1127/1565/705 1125/1562/725
f 1002/1391/792 1004/1394/1043 1001/1390/1044 999/1388/856
f 1073/1491/964 1070/1487/979 1071/1488/978 1074/1493/733
f 906/1257/917 841/1158/962 838/1153/828 904/1253/827
f 740/1025/1045 908/1260/966 766/1056/1046
f 858/1183/1047 769/1060/994 855/1179/995 952/1322/1048
f 1184/1642/809 1181/1638/712 1179/1636/1049 1182/1639/810
f 1072/1489/827 1070/1485/898 1073/1492/916 1075/1494/1050
f 1090/1514/764 1003/1393/765 1000/1389/855 1087/1510/908
f 1016/1410/1051 1013/1406/1052 1011/1404/1053 1014/1408/837
f 1305/1807/1054 1307/1810/960 1304/1806/1055
f 1106/1537/1056 1109/1541/1001 1198/1661/781 1195/1657/1057
f 1497/2061/809 1356/1879/865 1358/1882/811 1496/2060/808
f 1279/1773/1058 1277/1771/1059 1280/1775/1060
f 1350/1870/1061 1275/1767/1062 1348/1868/1063
f 1430/1993/1064 1276/1769/1065 726/1011/1066
f 1430/1992/1067 1277/1770/1059 732/1017/1068
f 1476/2040/729 1401/1946/730 1404/1953/1069 1475/2039/728
f 1192/1653/1070 1189/1649/1071 1403/1951/967 1103/1533/1072
f 1348/1867/1073 1275/1766/1074 1349/1869/1075
f 1283/1778/1006 1279/1773/1076 1280/1775/1060 1284/1780/987
f 1355/1877/1077 1357/1880/1040 1356/1878/865 1354/1876/807
f 720/1005/1078 1277/1770/1059 1357/1880/1040
f 732/1017/1079 716/1001/1080 1276/1768/1081
f 1276/1768/1082 719/1004/1083 1431/1994/1084
f 758/1047/1032 1102/1532/1009 753/1042/1085
f 1347/1866/1086 1349/1869/1087 1419/1975/1088 1421/1978/1089
f 724/1009/1090 1276/1768/1081 716/1001/1080
f 905/1256/896 903/1251/979 1445/2009/978 1444/2008/733
f 720/1005/1091 764/1053/1092 716/1001/1080
f 703/985/1093 724/1009/1094 716/1001/1080
f 1470/2034/847 1469/2033/1043 1415/1969/1095 1420/1977/1096
f 716/1001/1080 764/1053/1092 703/985/1093
f 1092/1517/1048 1010/1402/995 1006/1397/1089 1096/1522/1086
f 1281/1776/1097 1277/1770/1098 1279/1774/1099
f 1096/1522/1086 1094/1519/993 1091/1516/982 1092/1517/1048
f 716/1001/1080 732/1017/1100 720/1005/1091
f 1276/1768/1082 1430/1992/1101 732/1017/1079
f 1276/1768/1081 724/1009/1102 719/1004/1083
f 1349/1869/1087 1275/1766/1074 1352/1873/1103 1419/1975/1088
f 1084/1506/1029 997/1385/1104 994/1381/1105 1081/1502/1106
f 676/952/1107 1308/1811/1108 763/1052/1109
f 676/951/1110 1309/1813/1111 762/1051/1112
f 1142/1585/1113 1145/1589/1114 1235/1711/835 1232/1707/1115
f 762/1051/1112 1309/1813/1116 684/961/1117
f 1055/1462/1118 1053/1460/893 1056/1464/716 1058/1466/740
f 1469/2033/1043 1471/2035/1044 1413/1966/1119 1415/1969/1095
f 796/1096/950 799/1100/1120 798/1098/1121 795/1094/951
f 680/956/1122 678/954/1123 1382/1918/1124
f 1294/1793/1001 1296/1795/1002 1369/1898/778 1367/1895/781
f 1479/2043/791 1395/1937/888 1397/1940/761 1478/2042/747
f 1061/1470/1125 964/1339/735 961/1335/741 1058/1466/740
f 1022/1418/1126 1025/1422/890 936/1300/891 939/1304/1127
f 678/954/1123 1308/1812/1128 682/959/1129
f 686/963/1130 1309/1813/1131 683/960/1132
f 762/1051/1112 682/959/1129 1308/1812/1128
f 1056/1463/716 1057/1465/719 1060/1469/1133 1059/1467/1134
f 1218/1688/752 1216/1685/749 1219/1689/750 1221/1692/751
f 1341/1858/908 1344/1862/764 1416/1971/765 1414/1968/855
f 1037/1438/1002 924/1284/778 927/1288/781 1034/1434/1001
f 743/1028/1135 734/1019/1136 767/1057/1137
f 1058/1466/740 961/1335/741 912/1266/1138 1055/1462/1118
f 1219/1690/1139 1216/1686/955 1217/1687/706 1220/1691/1140
f 1072/1490/827 985/1368/828 982/1363/1141 1069/1484/1142
f 687/964/1143 915/1271/1143 688/965/1144
f 961/1335/741 960/1334/821 913/1267/1145 912/1266/1138
f 688/965/1144 915/1271/1146 694/973/1147
f 1157/1606/827 1160/1611/1050 1250/1733/1148 1247/1728/828
f 1310/1815/1149 1313/1820/1150 1390/1930/1151 1388/1927/1152
f 1436/2000/1153 692/971/1154 697/978/1155
f 1342/1859/974 1344/1862/764 1341/1858/908 1339/1855/819
f 694/973/1156 915/1271/1157 696/976/1157
f 1477/2041/738 1399/1943/866 1401/1946/730 1476/2040/729
f 1055/1462/1118 912/1266/1138 914/1270/1158 1052/1458/1159
f 1413/1967/793 1414/1968/1160 1416/1971/991 1415/1970/792
f 902/1249/1161 835/1148/1162 832/1144/1163 900/1246/970
f 932/1295/939 929/1291/938 1433/1997/1164
f 1296/1795/1165 1299/1799/796 1371/1901/950 1369/1898/949
f 915/1271/1166 687/964/1166 689/966/1167
f 894/1237/1168 896/1240/1114 826/1136/835 823/1132/843
f 878/1213/795 799/1100/1120 796/1096/950 876/1210/796
f 884/1222/705 808/1112/706 805/1108/707 882/1219/704
f 915/1271/1169 689/966/1167 695/974/1169
f 1339/1855/907 1341/1858/908 1338/1854/1029 1336/1852/910
f 1047/1451/931 1050/1455/1170 1052/1458/1171 1049/1454/929
f 1166/1619/1106 1169/1623/1029 1259/1745/1104 1256/1741/1105
f 915/1272/1172 692/971/1173 693/972/1174
f 886/1225/1042 811/1116/1140 808/1112/706 884/1222/705
f 1075/1494/1050 988/1373/1148 985/1369/828 1072/1489/827
f 698/979/1175 1065/1478/1176 709/991/1177
f 1034/1434/1001 927/1288/781 930/1292/1057 1031/1430/1056
f 817/1124/1178 816/1122/935 813/1118/1179 814/1120/741
f 1067/1482/1180 1066/1480/1181 1068/1483/1182
f 699/980/1183 1065/1477/1176 711/993/1184
f 699/981/1185 1066/1479/1181 700/982/1186
f 1069/1484/1142 982/1363/1141 979/1359/1187 1066/1479/1188
f 1069/1484/1189 1066/1479/1188 1067/1481/1190
f 964/1339/735 1061/1470/1125 1062/1471/1191 967/1343/736
f 1066/1480/1192 699/980/1193 711/993/1194
f 700/982/1186 708/990/1195 707/989/1196
f 701/983/1197 711/993/1184 1065/1477/1176
f 864/1192/1126 866/1195/890 781/1076/891 778/1072/1127
f 704/986/1198 1066/1480/1199 711/993/1194
f 705/987/1200 1065/1477/1176 715/1000/1201
f 706/988/1202 1065/1478/1176 707/989/1196
f 1078/1498/1203 991/1377/1204 988/1373/1205 1075/1494/1206
f 708/990/1195 700/982/1207 1066/1479/1208
f 1065/1478/1176 706/988/1202 709/991/1177
f 710/992/1209 723/1008/1210 721/1006/1211
f 710/992/1212 1064/1476/1213 713/996/1212
f 1132/1572/719 1131/1570/716 1128/1567/717 1129/1568/718
f 1065/1478/1176 698/979/1214 702/984/1214
f 712/994/1215 1064/1476/1216 715/1000/1201
f 713/996/1217 1063/1473/904 723/1008/1210
f 713/997/1218 1064/1475/1213 718/1003/1219
f 714/998/1220 1063/1474/904 717/1002/1221
f 868/1198/933 784/1080/1222 781/1076/891 866/1195/890
f 1065/1478/1176 702/984/1223 712/995/1223
f 1327/1840/1224 1330/1843/894 1332/1846/858 1329/1842/895
f 1279/1774/1225 1283/1779/986 1285/1781/890 1281/1776/889
f 1059/1467/1226 1060/1469/1133 1062/1472/1227
f 970/1347/1228 973/1351/1229 972/1349/887 969/1345/721
f 973/1351/1230 976/1355/1231 975/1353/790 972/1349/834
f 1059/1468/1232 1062/1471/1227 1061/1470/1233
f 943/1309/1039 941/1307/809 944/1311/712 946/1313/807
f 1373/1904/1120 1300/1800/795 1303/1804/925 1375/1907/945
f 718/1003/1219 729/1014/1234 1063/1474/904
f 718/1003/1235 1064/1475/1213 728/1013/1236
f 1065/1477/1176 705/987/1200 701/983/1237
f 1065/1478/1176 700/982/1186 707/989/1238
f 723/1008/1210 710/992/1239 713/996/1239
f 1063/1473/904 722/1007/1240 723/1008/1241
f 726/1011/1242 1276/1769/1081 731/1016/1243
f 730/1015/1244 725/1010/1245 970/1347/1246
f 725/1010/1245 1063/1474/904 729/1014/1247
f 973/1351/1230 729/1014/1247 728/1013/1236
f 730/1015/1248 717/1002/1221 1063/1474/904
f 864/1192/1126 778/1072/1127 775/1068/1249 862/1189/1250
f 969/1345/1251 966/1341/720 967/1343/1252 970/1347/1228
f 1065/1477/1176 712/994/1253 715/1000/1254
f 1081/1502/1106 994/1381/1105 991/1377/1204 1078/1498/1203
f 1063/1474/904 725/1010/1245 730/1015/1248
f 733/1018/1255 681/958/1255 844/1163/1255
f 733/1018/1256 741/1026/1257 750/1038/1256
f 735/1020/1258 767/1057/1259 739/1024/1260
f 1163/1615/1203 1166/1619/1106 1256/1741/1105 1253/1737/1204
f 765/1054/1261 767/1057/1259 845/1165/1262
f 843/1160/1263 842/1159/1264 840/1157/1265
f 765/1055/1261 845/1164/1266 745/1030/1267
f 767/1057/1137 766/1056/1046 743/1028/1135
f 736/1021/1268 734/1019/1269 743/1028/1135
f 1309/1813/1116 686/963/1270 684/961/1117
f 1308/1811/1271 691/970/1272 677/953/1273
f 682/959/1129 762/1051/1274 684/961/1117
f 884/1222/705 882/1219/704 881/1217/800 883/1220/1170
f 735/1020/1258 766/1056/1046 767/1057/1259
f 765/1054/1261 844/1162/1275 739/1024/1275
f 741/1026/1276 765/1055/1261 745/1030/1267
f 1478/2042/747 1397/1940/761 1399/1943/762 1477/2041/738
f 1309/1813/1116 690/967/1277 685/962/1278
f 750/1038/1279 741/1026/1276 744/1029/1280
f 750/1038/1281 843/1160/1263 681/958/1281
f 740/1025/1045 766/1056/1046 735/1020/1258
f 747/1033/1282 742/1027/1283 1102/1531/1009
f 756/1045/1284 1100/1527/1285 738/1023/1286
f 1383/1919/1048 1099/1526/1287 1177/1633/799 1270/1759/995
f 741/1026/1276 733/1018/1288 844/1163/1288
f 1131/1571/716 1133/1573/740 1130/1569/743 1128/1566/893
f 759/1048/1289 1097/1524/983 1098/1525/1290
f 749/1037/1291 1102/1531/1009 757/1046/1292
f 735/1020/1258 739/1024/1293 844/1162/1293
f 845/1164/1294 746/1032/1295 761/1050/771
f 765/1054/1261 739/1024/1296 767/1057/1137
f 681/957/1297 735/1020/1258 844/1162/1297
f 1291/1789/1056 1294/1793/1001 1367/1895/781 1365/1892/1057
f 1193/1654/939 1196/1658/938 1435/1999/1298
f 1471/2035/1044 1472/2036/1299 1411/1963/1300 1413/1966/1119
f 1401/1947/899 1402/1950/961 1406/1956/1148 1404/1954/1301
f 1344/1862/764 1347/1866/812 1421/1978/813 1416/1971/765
f 1191/1651/1302 1193/1654/939 1190/1650/1303 1188/1647/1304
f 707/989/1196 708/990/1195 976/1355/1305
f 1320/1828/970 1323/1832/1161 1400/1945/1162 1398/1942/1163
f 758/1047/1306 737/1022/1031 752/1041/1307
f 759/1048/1308 738/1023/1286 1100/1527/1285
f 736/1021/1268 845/1165/1309 734/1019/1310
f 754/1043/1311 742/1027/1283 747/1033/1312
f 1076/1495/731 1077/1497/734 1080/1501/759 1079/1499/758
f 845/1165/1294 736/1021/1268 748/1035/1313
f 1100/1527/1026 756/1045/1284 760/1049/1314
f 1328/1841/733 1327/1839/896 1324/1834/979 1325/1836/978
f 758/1047/1032 1101/1530/1315 747/1034/1312
f 760/1049/1314 754/1043/1316 1101/1529/1315
f 752/1040/1307 760/1049/1314 1101/1529/1315
f 681/957/1317 740/1025/1045 735/1020/1258
f 729/1014/1247 718/1003/1235 728/1013/1236
f 1500/2064/846 1417/1972/1318 1351/1871/1319 1499/2063/713
f 1100/1527/1285 760/1049/1314 752/1040/1307
f 1473/2037/862 1409/1960/861 1411/1963/1300 1472/2036/1299
f 915/1272/1320 695/975/1320 697/978/1321
f 757/1046/1292 1102/1531/1009 742/1027/1283
f 754/1043/1311 747/1033/1322 1101/1529/1315
f 1299/1799/796 1300/1800/795 1373/1904/1120 1371/1901/950
f 1331/1845/734 1330/1844/731 1327/1839/732 1328/1841/733
f 843/1161/1323 740/1025/1045 681/957/1324
f 1292/1790/754 1294/1793/1325 1291/1789/1326 1289/1786/942
f 956/1328/1327 957/1330/819 955/1326/974 954/1325/1328
f 1187/1646/808 1185/1643/811 1188/1647/1304 1190/1650/1303
f 685/962/1278 683/960/1132 1309/1813/1116
f 1311/1817/1329 1312/1819/919 1315/1823/1330 1314/1822/1331
f 849/1171/773 846/1166/1332 847/1168/1333
f 1308/1812/1334 678/954/1123 680/956/1122
f 1417/1973/797 1420/1976/1335 1421/1978/1089 1419/1975/1088
f 1316/1824/1168 1317/1825/1114 1394/1936/835 1392/1933/843
f 780/1075/1304 783/1078/940 785/1081/939 782/1077/1303
f 843/1161/1323 841/1158/962 906/1257/917 908/1260/966
f 734/1019/1336 845/1165/1309 767/1057/1259
f 799/1100/1120 802/1104/945 801/1103/885 798/1098/1007
f 1034/1434/1001 1031/1430/1056 1029/1428/942 1032/1431/754
f 1411/1964/1337 1409/1961/861 1410/1962/1338 1412/1965/854
f 1348/1867/1339 1349/1869/1087 1347/1866/1086 1345/1863/993
f 1292/1790/754 1201/1666/980 1296/1795/1340 1294/1793/1325
f 1131/1571/716 1134/1574/1341 1136/1577/1342 1133/1573/740
f 822/1130/721 824/1133/722 821/1129/723 819/1127/720
f 1100/1527/1285 1097/1524/983 759/1048/1343
f 845/1164/1309 761/1050/771 745/1030/1267
f 696/977/1344 915/1272/1344 693/972/1345
f 1065/1478/1346 699/981/1347 700/982/1207
f 1064/1476/1216 710/992/1348 721/1006/1211
f 1102/1532/1009 749/1036/1349 751/1039/968
f 1188/1648/999 1185/1644/921 1186/1645/1350 1189/1649/1351
f 758/1047/1032 747/1034/1322 1102/1532/1009
f 858/1183/1352 952/1322/985 953/1323/982 856/1181/774
f 878/1213/795 876/1210/796 875/1209/794 877/1211/708
f 843/1161/1323 840/1156/1353 841/1158/962
f 878/1213/1016 877/1211/927 879/1214/947 880/1216/1015
f 1168/1622/760 1167/1620/910 1164/1617/758 1165/1618/759
f 1415/1970/792 1416/1971/765 1421/1978/813 1420/1976/848
f 948/1316/1354 945/1312/1355 946/1314/807 949/1317/805
f 907/1258/731 905/1256/732 1444/2008/733 1443/2007/734
f 801/1102/944 803/1105/830 800/1101/1356 798/1099/1357
f 1364/1891/1014 1365/1892/1057 1367/1895/781 1366/1894/780
f 758/1047/1032 752/1041/1307 1101/1530/1315
f 1104/1535/942 1107/1539/754 1109/1541/1325 1106/1537/1326
f 1077/1497/734 1074/1493/733 1418/1974/1358
f 872/1204/1325 871/1202/754 873/1206/980 874/1207/1340
f 1063/1474/904 713/997/1359 718/1003/1219
f 792/1091/900 794/1093/801 791/1089/901 789/1086/780
f 1342/1859/974 1345/1863/975 1347/1866/812 1344/1862/764
f 741/1026/1276 844/1163/1360 765/1055/1261
f 1276/1769/1065 1431/1995/1361 727/1012/1362
f 737/1022/1031 1100/1528/1285 752/1041/1307
f 1308/1812/1108 676/951/1363 762/1051/1112
f 874/1207/1165 876/1210/796 796/1096/950 793/1092/949
f 850/1172/1335 852/1175/847 849/1171/773 847/1168/1364
f 681/958/1365 733/1018/1365 750/1038/1365
f 1094/1520/993 1088/1511/816 1089/1513/875 1095/1521/988
f 914/1270/1158 693/972/1345 1436/2000/1153
f 1277/1771/1059 1430/1993/1366 726/1011/1242
f 763/1052/1109 1308/1811/1108 677/953/1367
f 1352/1873/1368 719/1004/1083 703/985/1369
f 1114/1548/928 1111/1544/981 1434/1998/1370
f 1248/1730/729 1246/1726/730 1249/1732/1069 1251/1734/728
f 991/1377/1371 990/1375/1372 987/1372/727 988/1373/1373
f 1386/1924/880 1320/1828/1024 1318/1826/971 1424/1983/954
f 1301/1801/947 1303/1804/1015 1300/1800/1016 1272/1762/927
f 1411/1964/853 1412/1965/854 1414/1968/1160 1413/1967/856
f 997/1385/1104 1000/1389/855 999/1387/856 996/1383/853
f 1401/1948/899 1399/1944/746 1400/1945/829 1402/1949/961
f 781/1076/922 784/1080/1374 783/1079/1302 780/1074/923
f 1340/1857/874 1339/1856/819 1336/1851/757 1337/1853/760
f 825/1134/887 828/1138/1375 830/1141/791 827/1137/937
f 963/1337/737 965/1340/934 962/1336/820 960/1333/821
f 1335/1850/1106 1338/1854/1029 1412/1965/1104 1410/1962/1105
f 1022/1418/1126 939/1304/1127 942/1308/1249 1019/1414/1250
f 1360/1884/923 1361/1886/922 1363/1889/1374 1362/1887/1302
f 1423/1980/1376 1403/1952/967 1405/1955/1377
f 991/1377/1204 994/1381/1105 993/1379/1378 990/1375/1372
f 937/1301/1304 934/1297/1302 932/1295/939 935/1299/1303
f 1278/1772/981 1201/1665/1379 1292/1791/754 1293/1792/753
f 894/1237/1168 823/1132/843 820/1128/842 892/1234/770
f 1136/1577/1380 1139/1581/824 1229/1703/1381 1226/1699/840
f 1208/1675/1120 1118/1553/795 1121/1557/925 1211/1679/945
f 994/1381/1105 997/1385/1104 996/1383/1382 993/1379/1383
f 1174/1629/1086 1383/1919/1048 1270/1759/995 1273/1764/1089
f 1112/1545/1165 1115/1549/796 1205/1671/950 1202/1667/949
f 1013/1406/1047 948/1316/994 1010/1402/995 1092/1517/1048
f 1087/1510/908 1000/1389/855 997/1385/1104 1084/1506/1029
f 1005/1395/1335 1007/1398/847 1004/1394/1043 1002/1391/792
f 904/1254/827 838/1154/828 835/1148/829 902/1249/826
f 950/1319/812 851/1174/813 848/1170/997 954/1325/1328
f 813/1119/821 816/1123/737 818/1125/934 815/1121/820
f 1368/1896/779 1366/1894/780 1367/1895/781 1369/1898/778
f 1127/1565/705 1130/1569/1042 1220/1691/1140 1217/1687/706
f 1160/1611/1206 1163/1615/1203 1253/1737/1204 1250/1733/1205
f 1072/1490/915 1069/1484/1142 1067/1481/1384 1070/1486/898
f 846/1167/772 956/1328/1385 954/1325/1328 848/1170/997
f 1148/1593/1386 1151/1597/970 1241/1719/1163 1238/1715/836
f 919/1277/1387 917/1275/1388 920/1279/804 922/1281/951
f 996/1384/1382 999/1388/793 1001/1390/1044 998/1386/1299
f 1040/1442/796 1037/1438/1165 1035/1435/1379 1038/1439/794
f 1343/1861/875 1346/1865/988 1345/1864/993 1342/1860/974
f 790/1088/814 793/1092/815 792/1090/779 789/1087/780
f 1322/1831/882 1325/1836/978 1324/1834/979 1321/1829/977
f 872/1204/1325 870/1201/1326 869/1199/942 871/1202/754
f 1480/2044/937 1393/1934/936 1395/1937/888 1479/2043/791
f 822/1130/1251 825/1134/834 827/1137/937 824/1133/722
f 744/1029/1280 843/1160/1389 750/1038/1390
f 1146/1590/1391 1148/1593/971 1145/1589/878 1143/1586/1392
f 1304/1805/1393 1307/1809/960 1306/1808/959
f 1487/2051/833 1376/1909/841 1378/1911/749 1486/2050/752
f 1301/1801/711 1304/1805/1394 1306/1808/959 1303/1804/925
f 1277/1770/1059 1281/1776/889 1359/1883/892 1357/1880/1040
f 1385/1922/1395 1388/1927/1152 1387/1926/1396 1384/1920/821
f 1372/1903/1121 1370/1899/951 1371/1901/950 1373/1904/1120
f 1483/2047/934 1484/2048/820 1384/1921/821 1387/1925/737
f 1274/1765/847 1267/1755/1043 1264/1752/1095 1271/1760/1096
f 1255/1739/1383 1256/1741/1105 1259/1745/854 1258/1743/1382
f 1474/2038/859 1407/1957/860 1409/1960/861 1473/2037/862
f 1090/1514/764 1096/1522/812 1006/1397/813 1003/1393/765
f 1209/1676/1356 1206/1672/804 1204/1669/951 1207/1673/1357
f 1240/1718/761 1237/1714/888 1238/1715/1397 1241/1719/868
f 1252/1735/860 1253/1737/1371 1256/1741/1338 1255/1739/861
f 1257/1742/862 1255/1740/861 1258/1744/1300 1260/1746/1299
f 835/1148/869 834/1146/739 831/1143/748 832/1144/868
f 880/1216/925 802/1104/945 799/1100/1120 878/1213/795
f 1159/1610/733 1158/1609/896 1155/1603/979 1156/1605/978
f 1156/1605/978 1155/1603/979 1152/1599/977 1153/1600/882
f 1149/1594/973 1151/1597/1024 1148/1593/971 1146/1590/972
f 1409/1961/861 1407/1958/860 1408/1959/1371 1410/1962/1338
f 1145/1589/1114 1148/1593/1386 1238/1715/836 1235/1711/835
f 1150/1596/881 1149/1595/880 1146/1591/1391 1147/1592/953
f 1138/1580/1398 1141/1584/1330 1140/1583/876 1137/1579/1013
f 1229/1703/1381 1232/1707/1115 1231/1706/850
f 1231/1705/850 1233/1708/849 1230/1704/1399
f 1229/1703/1381 1228/1702/1400 1225/1698/822
f 1228/1701/1400 1230/1704/1401 1227/1700/823
f 1231/1706/850 1232/1707/1115 1235/1711/835 1234/1710/887
f 931/1293/948 928/1289/780 926/1287/901 929/1291/938
f 1324/1835/898 1327/1840/916 1329/1842/1050 1326/1838/915
f 1126/1564/726 1129/1568/718 1128/1567/893 1125/1563/1170
f 1209/1676/1356 1207/1673/1357 1210/1677/831 1212/1680/830
f 1207/1674/1121 1204/1670/951 1205/1671/950 1208/1675/1120
f 1204/1670/951 1200/1663/900 1202/1667/949 1205/1671/950
f 1113/1546/794 1115/1549/796 1112/1545/1165 1110/1543/1379
f 1199/1662/901 1197/1660/1402 1200/1664/900 1203/1668/801
f 1100/1528/1026 1099/1526/1025 1097/1523/983
f 1123/1560/1403 1126/1564/726 1125/1563/1170 1122/1558/926
f 1219/1690/750 1220/1691/742 1223/1695/741 1222/1694/821
f 1158/1608/916 1160/1611/1050 1157/1606/915 1155/1604/898
f 1109/1541/1001 1112/1545/1002 1202/1667/778 1198/1661/781
f 962/1336/820 959/1332/1404 913/1268/1405 960/1333/821
f 990/1376/1372 993/1380/1383 995/1382/862 992/1378/859
f 890/1231/1406 817/1124/1178 814/1120/741 888/1228/740
f 918/1276/782 919/1278/1407 922/1282/951 921/1280/950
f 993/1380/1378 996/1384/853 998/1386/1299 995/1382/862
f 872/1204/1001 790/1088/781 787/1084/1057 870/1201/1056
f 913/1267/1408 914/1270/1158 912/1266/1409
f 1081/1502/1106 1078/1498/858 1076/1496/965 1079/1500/1410
f 987/1371/1301 990/1376/1372 992/1378/859 989/1374/728
f 985/1368/961 984/1366/899 981/1362/746 982/1363/1141
f 1067/1482/1411 1068/1483/1182 1071/1488/978 1070/1487/979
f 985/1369/961 988/1373/1412 987/1372/1301 984/1367/1413
f 1087/1510/908 1085/1507/819 1088/1512/974 1090/1514/764
f 1183/1641/1020 1186/1645/1350 1185/1644/1038 1182/1640/1039
f 930/1292/1057 927/1288/781 928/1290/780 931/1294/1014
f 1151/1597/970 1154/1601/1161 1244/1723/1162 1241/1719/1163
f 900/1246/970 832/1144/1163 829/1140/836 898/1243/1386
f 1061/1470/1125 1058/1466/740 1056/1464/716 1059/1468/1414
f 1055/1462/1118 1052/1458/1159 1050/1455/1170 1053/1460/717
f 963/1337/1396 966/1342/720 968/1344/723 965/1340/934
f 1123/1560/1403 1122/1558/931 1119/1554/1415 1120/1556/710
f 1016/1410/1051 945/1312/1355 948/1316/1354 1013/1406/1052
f 1006/1397/813 1005/1396/848 1002/1392/792 1003/1393/765
f 1026/1423/1416 1027/1425/943 1030/1429/756 1029/1427/942
f 1429/1991/875 1381/1917/816 1170/1625/873 1171/1626/874
f 976/1355/1305 979/1359/1187 978/1358/748 975/1353/1375
f 1216/1686/749 1213/1682/832 1214/1683/707 1217/1687/706
f 1008/1399/797 949/1318/805 947/1315/713 1009/1401/846
f 1210/1678/944 1211/1679/1417 1214/1683/1418 1213/1682/884
f 957/1329/873 911/1264/757 1441/2005/760 1440/2004/874
f 1495/2059/1303 1496/2060/808 1358/1882/811 1360/1885/1304
f 1298/1798/794 1299/1799/796 1296/1795/1165 1201/1666/1379
f 950/1319/812 954/1325/1328 955/1326/974 951/1320/975
f 1326/1838/827 1329/1842/1050 1406/1956/1148 1402/1950/828
f 896/1240/878 895/1239/1392 897/1241/972 898/1243/971
f 891/1233/1013 1451/2015/1398 1450/2014/1330 893/1235/876
f 817/1124/924 820/1128/842 819/1126/845 816/1122/1419
f 1489/2053/1356 1490/2054/804 1370/1900/951 1372/1902/1007
f 1031/1430/932 930/1292/1420 933/1296/1222 1028/1426/933
f 811/1116/742 814/1120/741 813/1118/1179 810/1115/750
f 1040/1442/796 921/1280/950 924/1284/949 1037/1438/1165
f 969/1346/1251 972/1350/834 974/1352/937 971/1348/722
f 1006/1397/1089 1010/1402/995 1008/1400/797 1005/1396/1335
f 869/1200/755 1462/2026/756 1461/2025/753 871/1203/1421
f 875/1208/794 1459/2023/928 1458/2022/709 877/1212/1422
f 808/1112/706 807/1110/749 804/1106/884 805/1108/707
f 1191/1652/1302 1188/1648/923 1189/1649/1423 1192/1653/1070
f 781/1076/891 780/1074/999 777/1071/921 778/1072/1127
f 1470/2034/847 1420/1977/905 1417/1972/1318 1500/2064/846
f 865/1193/1006 1464/2028/987 1463/2027/943 867/1197/1416
f 861/1188/839 1466/2030/838 1465/2029/1005 863/1190/1004
f 780/1075/923 782/1077/1303 779/1073/808 777/1070/1038
f 777/1070/921 779/1073/808 776/1069/809 774/1066/865
f 775/1068/1249 778/1072/1000 777/1071/1038 774/1067/1039
f 1313/1820/1424 1316/1824/1168 1392/1933/843 1390/1930/1151
f 772/1064/863 775/1068/1249 774/1067/810 771/1063/715
f 769/1060/1354 772/1064/1355 771/1063/807 768/1058/805
f 953/1324/871 1437/2001/872 1468/2032/775 856/1180/870
f 856/1180/1425 1468/2032/775 1467/2031/776 859/1185/777
f 858/1183/1426 856/1181/1053 859/1184/837 860/1186/1051
f 1313/1820/1150 1310/1815/918 1311/1818/1427
f 684/961/1117 686/963/1428 1385/1922/1429
f 793/1092/949 796/1096/950 795/1094/951 792/1090/900
f 795/1095/951 798/1099/1007 800/1101/1356 797/1097/804
f 894/1237/1168 892/1234/770 891/1232/769 893/1236/1331
f 1050/1456/1170 1047/1452/926 1048/1453/1403 1051/1457/726
f 870/1201/932 868/1198/933 867/1196/788 869/1199/755
f 1022/1418/911 1020/1415/1430 1023/1420/986 1025/1422/786
f 769/1060/1431 768/1058/714 853/1176/797 855/1179/798
f 1263/1750/1044 1261/1748/1119 1264/1752/1095 1267/1755/1043
f 755/1044/1030 1183/1641/1432 1180/1637/806
f 786/1082/941 788/1085/938 785/1081/939 783/1078/940
f 805/1108/707 804/1106/841 801/1103/944 802/1104/945
f 787/1084/1433 786/1083/948 783/1079/1302 784/1080/1374
f 891/1233/1013 889/1229/1341 1452/2016/744 1451/2015/1398
f 866/1195/786 865/1194/787 867/1196/788 868/1198/789
f 795/1095/803 797/1097/804 794/1093/801 792/1091/779
f 1288/1785/933 1291/1789/932 1365/1892/1420 1363/1889/1222
f 1040/1442/796 1043/1446/783 918/1276/782 921/1280/950
f 870/1201/932 787/1084/1420 784/1080/1222 868/1198/933
f 1343/1861/875 1342/1860/974 1339/1856/907 1340/1857/874
f 1391/1932/844 1389/1928/845 1390/1930/1434 1392/1933/1435
f 1382/1918/1124 1385/1922/1436 1384/1920/821 1380/1914/750
f 961/1335/741 964/1339/735 963/1338/935 960/1334/821
f 1364/1891/948 1362/1887/1302 1363/1889/1222 1365/1892/1420
f 885/1224/893 883/1221/1170 1455/2019/726 1454/2018/718
f 810/1114/1017 813/1119/821 815/1121/820 812/1117/751
f 975/1354/1375 977/1356/791 974/1352/937 972/1350/887
f 1044/1448/947 1045/1449/710 1048/1453/1403 1047/1452/931
f 704/986/1198 711/993/1184 701/983/1237
f 1191/1652/1302 1192/1653/1070 1195/1657/1420 1194/1655/948
f 1397/1941/761 1395/1938/888 1396/1939/1397 1398/1942/868
f 840/1157/1437 842/1159/1438 839/1155/729 837/1152/730
f 1332/1846/1203 1335/1850/1106 1410/1962/1105 1408/1959/1204
f 1032/1432/754 1033/1433/753 1036/1437/981 1035/1436/1379
f 1108/1540/753 1111/1544/981 1110/1542/1379 1107/1538/754
f 1228/1701/1400 1227/1700/823 1225/1697/822
f 1229/1703/1381 1225/1698/822 1226/1699/840
f 1231/1705/850 1230/1704/1439 1228/1701/1400
f 1229/1703/1381 1231/1706/850 1228/1702/1400
f 851/1174/1440 855/1179/798 853/1176/797 850/1173/1335
f 1293/1792/753 1292/1791/754 1289/1787/755 1290/1788/756
f 933/1296/1222 930/1292/1420 931/1294/948 934/1298/1302
f 1494/2058/939 1495/2059/1303 1360/1885/1304 1362/1888/940
f 1181/1638/712 1178/1634/713 1176/1632/1441 1179/1636/715
f 940/1305/1038 937/1301/923 935/1299/1303 938/1303/808
f 1115/1549/796 1118/1553/795 1208/1675/1120 1205/1671/950
f 1319/1827/953 1297/1796/881 1386/1923/880 1424/1982/954
f 1321/1830/1442 1323/1832/1023 1320/1828/1024 1386/1924/973
f 1139/1581/824 1142/1585/879 1232/1707/1115 1229/1703/1381
f 1303/1804/925 1306/1808/959 1377/1910/946 1375/1907/945
f 1016/1410/1443 1014/1408/837 1017/1411/1444 1019/1414/912
f 875/1208/1445 873/1205/1446 1460/2024/981 1459/2023/928
f 709/991/1177 1064/1475/1213 702/984/1447
f 1316/1824/1003 1313/1820/1424 1311/1818/1448 1314/1821/1331
f 1075/1494/1206 1073/1492/964 1076/1496/965 1078/1498/1203
f 1117/1552/709 1116/1551/927 1113/1547/794 1114/1548/928
f 1167/1621/1037 1169/1623/1029 1166/1619/1106 1164/1616/1036
f 853/1177/797 768/1059/805 770/1061/713 854/1178/846
f 1260/1746/1299 1258/1744/1300 1261/1748/1119 1263/1750/1044
f 860/1186/1051 859/1184/777 861/1187/839 862/1189/1250
f 863/1190/1004 1465/2029/1005 1464/2028/987 865/1193/787
f 816/1123/1396 819/1127/720 821/1129/723 818/1125/934
f 1019/1414/912 1017/1411/913 1020/1415/914 1022/1418/911
f 884/1222/705 883/1220/725 885/1223/1041 886/1225/1042
f 916/1273/1449 917/1275/1388 919/1277/1450
f 1486/2050/752 1378/1911/955 1380/1915/1451 1485/2049/751
f 1186/1645/1350 755/1044/1030 753/1042/1452
f 1110/1543/980 1112/1545/1340 1109/1541/1325 1107/1539/754
f 1103/1533/1072 1106/1537/932 1195/1657/1420 1192/1653/1070
f 1271/1761/1335 1273/1764/1440 1270/1759/798 1268/1756/797
f 1194/1655/1014 1195/1657/1033 1198/1661/814 1197/1659/780
f 1144/1588/952 1143/1587/1453 1140/1583/1011 1141/1584/1330
f 1302/1803/710 1305/1807/1054 1304/1806/1454 1301/1802/947
f 690/968/1455 1309/1814/1131 679/955/957
f 1378/1912/749 1379/1913/956 1382/1918/1456 1380/1914/1017
f 908/1260/966 907/1259/965 909/1262/1410 910/1263/1035
f 1387/1926/1457 1388/1927/1152 1390/1930/1434 1389/1928/720
f 811/1116/1140 810/1115/1139 807/1110/1458 808/1112/706
f 893/1235/1011 1450/2014/1330 1449/2013/952 895/1238/1453
f 1178/1634/713 1269/1758/846 1268/1757/1318 1176/1632/1319
f 1309/1814/1116 676/952/1110 763/1052/1109 679/955/957
f 1276/1769/1082 727/1012/1459 731/1016/1243
f 1105/1536/756 1104/1534/942 1423/1980/1460 1405/1955/1377
f 1336/1852/1461 1338/1854/909 1335/1850/857 1333/1847/1036
f 1240/1718/867 1241/1719/868 1244/1723/869 1243/1722/866
f 1487/2051/833 1488/2052/830 1374/1905/885 1376/1909/884
f 1490/2054/804 1491/2055/801 1368/1897/779 1370/1900/951
f 1302/1803/710 1301/1802/711 1272/1763/1422 1265/1753/709
f 828/1138/790 831/1142/748 833/1145/747 830/1141/791
f 1319/1827/953 1424/1982/954 1425/1984/877 1295/1794/952
f 915/1272/1462 697/978/1321 692/971/1463
f 902/1249/1023 900/1246/1024 899/1244/1021 901/1248/977
f 1121/1557/925 1124/1561/704 1214/1683/707 1211/1679/945
f 942/1308/1249 939/1304/1127 940/1306/1038 943/1310/1039
f 896/1240/1114 898/1243/1386 829/1140/836 826/1136/835
f 1133/1573/740 1136/1577/1380 1226/1699/840 1223/1695/741
f 1249/1731/1301 1246/1727/899 1247/1728/961 1250/1733/1148
f 834/1147/739 837/1152/899 839/1155/729 836/1149/738
f 1154/1601/826 1157/1607/827 1247/1729/828 1244/1723/829
f 885/1224/717 1454/2018/718 1453/2017/719 887/1226/716
f 1482/2046/723 1389/1929/845 1391/1931/844 1481/2045/722
f 1013/1406/1047 1092/1517/1048 1091/1516/982 1011/1404/774
f 1285/1781/890 1288/1785/933 1363/1889/1222 1361/1886/891
f 896/1240/878 894/1237/1003 893/1236/1011 895/1239/877
f 1423/1981/1464 1104/1535/755 1106/1537/932 1103/1533/1072
f 979/1359/1465 982/1363/1141 981/1362/739 978/1358/748
f 1475/2039/728 1404/1953/1466 1407/1957/860 1474/2038/859
f 873/1205/1379 871/1203/1421 1461/2025/753 1460/2024/981
f 1081/1502/857 1079/1500/1410 1082/1503/1037 1084/1506/909
f 832/1144/1163 831/1143/748 828/1139/1375 829/1140/836
f 1352/1873/1368 1351/1872/714 1417/1973/797 1419/1975/1088
f 904/1254/827 902/1249/826 901/1248/897 903/1252/898
f 1028/1426/933 1026/1424/788 1029/1428/755 1031/1430/1467
f 862/1189/1468 775/1068/1469 772/1064/1355 860/1186/1051
f 1035/1436/980 1036/1437/981 1039/1441/928 1038/1440/1445
f 1310/1815/918 1388/1927/1152 685/962/1278
f 1404/1954/1470 1406/1956/1373 1408/1959/1371 1407/1958/1471
f 1329/1842/1206 1332/1846/1203 1408/1959/1204 1406/1956/1205
f 1346/1865/988 1350/1870/1061 1348/1868/1472 1345/1864/975
f 1426/1986/988 1175/1630/872 1428/1990/871 1427/1988/998
f 1130/1569/743 1133/1573/740 1223/1695/741 1220/1691/742
f 1391/1932/1251 1392/1933/1435 1394/1936/1473 1393/1935/887
f 826/1136/835 825/1135/887 822/1131/721 823/1132/843
f 874/1207/1165 873/1206/1379 875/1209/794 876/1210/796
f 879/1215/711 877/1212/1422 1458/2022/709 1457/2021/710
f 1318/1826/1386 1320/1828/970 1398/1942/1163 1396/1939/836
f 1295/1794/952 1425/1984/1453 1314/1822/1011 1315/1823/1330
f 1169/1623/1029 1172/1627/908 1262/1749/855 1259/1745/1104
f 869/1200/1474 867/1197/1416 1463/2027/943 1462/2026/756
f 1338/1854/1029 1341/1858/908 1414/1968/855 1412/1965/1104
f 959/1332/1404 914/1269/1158 913/1268/1475
f 1308/1812/1108 680/956/1122 691/969/1272
f 1162/1614/734 1161/1613/731 1158/1609/732 1159/1610/733
f 1147/1592/953 1146/1591/954 1143/1587/877 1144/1588/952
f 888/1228/740 887/1227/716 889/1230/1341 890/1231/1406
f 1098/1525/1476 1097/1524/983 1428/1990/871 1175/1630/872
f 1043/1446/783 1040/1442/1477 1038/1439/794 1041/1443/708
f 1038/1440/794 1039/1441/928 1042/1445/709 1041/1444/1422
f 881/1218/931 879/1215/1415 1457/2021/710 1456/2020/1403
f 858/1183/1052 860/1186/1051 772/1064/1355 769/1060/1354
f 1488/2052/830 1489/2053/1356 1372/1902/1121 1374/1905/831
f 1120/1556/710 1119/1554/711 1116/1551/1422 1117/1552/709
f 1017/1412/839 1018/1413/838 1021/1417/1005 1020/1416/1004
f 916/1274/1478 919/1278/1479 918/1276/1480
f 1340/1857/874 1337/1853/760 1422/1979/1481
f 1028/1426/933 933/1296/1222 936/1300/891 1025/1422/890
f 1484/2048/820 1485/2049/751 1380/1915/1017 1384/1921/821
f 952/1322/1048 855/1179/995 851/1174/1089 950/1319/1086
f 883/1221/1170 881/1218/926 1456/2020/1403 1455/2019/726
f 1424/1983/1391 1318/1826/971 1317/1825/878 1425/1985/1392
f 882/1219/704 805/1108/707 802/1104/945 880/1216/925
f 847/1169/1482 846/1167/772 848/1170/997
f 958/1331/1483 911/1265/910 957/1330/907 956/1328/1327
f 1082/1504/757 1083/1505/760 1086/1509/874 1085/1508/873
f 1331/1845/734 1334/1849/759 1333/1848/758 1330/1844/731
f 1497/2061/809 1498/2062/712 1354/1875/807 1356/1879/1039
f 1355/1877/1484 1354/1876/807 1351/1872/805 1352/1873/1368
f 1372/1903/1007 1373/1904/1008 1375/1907/1417 1374/1906/885
f 897/1242/954 1448/2012/953 1447/2011/881 899/1245/880
f 864/1192/1126 863/1191/1430 865/1194/986 866/1195/890
f 1135/1576/744 1138/1580/1398 1137/1579/1013 1134/1575/1341
f 746/1031/1485 845/1165/1309 748/1035/1019
f 933/1296/1374 934/1298/1302 937/1302/923 936/1300/891
f 955/1327/816 1439/2003/875 1438/2002/988 951/1321/989
f 859/1185/777 1467/2031/776 1466/2030/838 861/1188/839
f 1395/1938/790 1393/1935/834 1394/1936/1473 1396/1939/1397
f 1019/1414/1250 942/1308/1249 945/1312/1355 1016/1410/1051
f 874/1207/1002 793/1092/778 790/1088/781 872/1204/1001
f 1162/1614/734 1165/1618/759 1164/1617/758 1161/1613/731
f 1252/1735/1471 1249/1731/1069 1250/1733/1373 1253/1737/1371
f 804/1107/841 807/1111/749 809/1113/752 806/1109/833
f 1122/1559/926 1124/1561/1486 1121/1557/1015 1119/1555/711
f 1254/1738/859 1251/1734/728 1249/1732/1466 1252/1736/860
f 1317/1825/1114 1318/1826/1386 1396/1939/836 1394/1936/835
f 1403/1951/967 1423/1981/1487 1103/1533/1488
f 1196/1658/938 1194/1656/948 1197/1660/1402 1199/1662/901
f 751/1039/968 1403/1951/967 1189/1649/1489
f 773/1065/712 776/1069/809 1432/1996/1490
f 803/1105/830 806/1109/833 1432/1996/1490
f 806/1109/833 809/1113/752 1432/1996/1490
f 809/1113/752 812/1117/751 1432/1996/1490
f 812/1117/751 815/1121/820 1432/1996/1490
f 1432/1996/1490 854/1178/846 770/1061/713
f 800/1101/1356 803/1105/830 1432/1996/1490
f 794/1093/801 797/1097/804 1432/1996/1490
f 797/1097/804 800/1101/1356 1432/1996/1490
f 788/1085/938 791/1089/901 1432/1996/1490
f 791/1089/901 794/1093/801 1432/1996/1490
f 782/1077/1303 785/1081/939 1432/1996/1490
f 785/1081/939 788/1085/938 1432/1996/1490
f 776/1069/809 779/1073/808 1432/1996/1490
f 779/1073/808 782/1077/1303 1432/1996/1490
f 770/1061/713 773/1065/712 1432/1996/1490
f 852/1175/847 854/1178/846 1432/1996/1490
f 1432/1996/1490 815/1121/820 818/1125/934
f 818/1125/934 821/1129/723 1432/1996/1490
f 821/1129/723 824/1133/722 1432/1996/1490
f 824/1133/722 827/1137/937 1432/1996/1490
f 827/1137/937 830/1141/791 1432/1996/1490
f 830/1141/791 833/1145/747 1432/1996/1490
f 833/1145/747 836/1149/738 1432/1996/1490
f 836/1149/738 839/1155/729 1432/1996/1490
f 744/1029/1280 1432/1996/1491 842/1159/1438
f 842/1159/1264 843/1160/1323 744/1029/1280
f 744/1029/1280 741/1026/1276 1432/1996/1490
f 741/1026/1276 745/1030/1267 1432/1996/1490
f 761/1050/771 746/1032/1492 846/1166/772
f 745/1030/1267 761/1050/771 1432/1996/1490
f 852/1175/847 1432/1996/1490 849/1171/773
f 1432/1996/1490 839/1155/729 842/1159/1264
f 688/965/1493 694/973/1156 1433/1997/1164
f 929/1291/938 926/1287/901 1433/1997/1164
f 1433/1997/1164 986/1370/729 989/1374/728
f 989/1374/728 992/1378/859 1433/1997/1164
f 992/1378/859 995/1382/862 1433/1997/1164
f 995/1382/862 998/1386/1299 1433/1997/1164
f 998/1386/1299 1001/1390/1044 1433/1997/1164
f 1001/1390/1044 1004/1394/1043 1433/1997/1164
f 1004/1394/1043 1007/1398/847 1433/1997/1164
f 1007/1398/847 1009/1401/846 1433/1997/1164
f 1009/1401/846 947/1315/713 1433/1997/1164
f 947/1315/713 944/1311/712 1433/1997/1164
f 944/1311/712 941/1307/809 1433/1997/1164
f 941/1307/809 938/1303/808 1433/1997/1164
f 938/1303/808 935/1299/1303 1433/1997/1164
f 935/1299/1303 932/1295/939 1433/1997/1164
f 689/966/1167 687/964/1494 688/965/1493
f 694/973/1156 696/976/1495 914/1269/1158
f 694/973/1156 914/1269/1158 959/1332/1404
f 959/1332/1404 962/1336/820 1433/1997/1164
f 962/1336/820 965/1340/934 1433/1997/1164
f 965/1340/934 968/1344/723 1433/1997/1164
f 968/1344/723 971/1348/722 1433/1997/1164
f 971/1348/722 974/1352/937 1433/1997/1164
f 974/1352/937 977/1356/791 1433/1997/1164
f 977/1356/791 980/1360/747 1433/1997/1164
f 980/1360/747 983/1364/738 1433/1997/1164
f 983/1364/738 986/1370/729 1433/1997/1164
f 1433/1997/1164 926/1287/901 923/1283/801
f 923/1283/801 920/1279/804 1433/1997/1164
f 920/1279/804 917/1275/1388 1433/1997/1164
f 917/1275/1388 916/1273/785 689/966/1167
f 916/1273/1478 695/974/1496 689/966/1167
f 694/973/1156 959/1332/1404 1433/1997/1164
f 917/1275/1388 689/966/1167 1433/1997/1164
f 689/966/1167 688/965/1493 1433/1997/1164
f 1434/1998/1370 756/1045/1284 738/1023/1497
f 1111/1544/981 1108/1540/753 1434/1998/1370
f 1434/1998/1370 1156/1605/978 1153/1600/882
f 1153/1600/882 1150/1596/881 1434/1998/1370
f 1150/1596/881 1147/1592/953 1434/1998/1370
f 1147/1592/953 1144/1588/952 1434/1998/1370
f 1144/1588/952 1141/1584/1330 1434/1998/1370
f 1141/1584/1330 1138/1580/1398 1434/1998/1370
f 1138/1580/1398 1135/1576/744 1434/1998/1370
f 1135/1576/744 1132/1572/719 1434/1998/1370
f 1132/1572/719 1129/1568/718 1434/1998/1370
f 1129/1568/718 1126/1564/726 1434/1998/1370
f 1126/1564/726 1123/1560/1403 1434/1998/1370
f 1123/1560/1403 1120/1556/710 1434/1998/1370
f 1120/1556/710 1117/1552/709 1434/1998/1370
f 1117/1552/709 1114/1548/928 1434/1998/1370
f 1405/1955/1377 1403/1952/1498 757/1046/1292
f 1403/1952/1499 749/1037/1500 757/1046/1292
f 757/1046/1292 742/1027/1283 1434/1998/1370
f 742/1027/1283 754/1043/1316 1434/1998/1370
f 1108/1540/753 1105/1536/756 1434/1998/1370
f 738/1023/1286 1098/1525/1290 1434/1998/1370
f 1159/1610/733 1156/1605/978 1434/1998/1370
f 754/1043/1316 760/1049/1314 756/1045/1284
f 1434/1998/1370 754/1043/1316 756/1045/1284
f 1162/1614/734 1159/1610/733 1434/1998/1370
f 1168/1622/760 1165/1618/759 1434/1998/1370
f 1165/1618/759 1162/1614/734 1434/1998/1370
f 1429/1991/875 1171/1626/874 1434/1998/1370
f 1171/1626/874 1168/1622/760 1434/1998/1370
f 1175/1630/872 1426/1986/988 1434/1998/1370
f 1426/1986/988 1429/1991/875 1434/1998/1370
f 759/1048/1501 1098/1525/1290 738/1023/1286
f 757/1046/1292 1434/1998/1370 1405/1955/1502
f 1221/1692/751 1224/1696/820 1435/1999/1298
f 1196/1658/938 1199/1662/901 1435/1999/1298
f 1435/1999/1298 1248/1730/729 1251/1734/728
f 1251/1734/728 1254/1738/859 1435/1999/1298
f 1254/1738/859 1257/1742/862 1435/1999/1298
f 1257/1742/862 1260/1746/1299 1435/1999/1298
f 1260/1746/1299 1263/1750/1044 1435/1999/1298
f 1263/1750/1044 1267/1755/1043 1435/1999/1298
f 1267/1755/1043 1274/1765/847 1435/1999/1298
f 1274/1765/847 1269/1758/846 1435/1999/1298
f 1269/1758/846 1178/1634/713 1435/1999/1298
f 1178/1634/713 1181/1638/712 1435/1999/1298
f 1181/1638/712 1184/1642/809 1435/1999/1298
f 1184/1642/809 1187/1646/808 1435/1999/1298
f 1187/1646/808 1190/1650/1303 1435/1999/1298
f 1190/1650/1303 1193/1654/939 1435/1999/1298
f 1236/1712/852 1239/1716/791 1435/1999/1298
f 1239/1716/791 1242/1720/747 1435/1999/1503
f 1242/1720/747 1245/1724/738 1435/1999/1298
f 1245/1724/738 1248/1730/729 1435/1999/1298
f 1435/1999/1298 1199/1662/901 1203/1668/801
f 1218/1688/752 1221/1692/751 1435/1999/1298
f 1233/1708/849 1236/1712/1504 1435/1999/1298 1230/1704/1439
f 1212/1680/830 1215/1684/833 1435/1999/1298
f 1215/1684/833 1218/1688/752 1435/1999/1298
f 1206/1672/804 1209/1676/1356 1435/1999/1298
f 1209/1676/1356 1212/1680/830 1435/1999/1298
f 1435/1999/1298 1203/1668/801 1206/1672/804
f 1227/1700/823 1230/1704/1439 1435/1999/1298
f 1183/1641/1432 755/1044/1030 1186/1645/1505
f 755/1044/1030 758/1047/1032 753/1042/1010
f 1180/1637/806 1100/1528/1285 755/1044/1506
f 1100/1528/1026 737/1022/1031 755/1044/1030
f 1189/1649/1489 1186/1645/1350 751/1039/968
f 1186/1645/1350 753/1042/1452 751/1039/968
f 1357/1880/1040 1355/1877/1077 764/1053/1092
f 1355/1877/1077 703/985/1093 764/1053/1092
f 720/1005/1091 732/1017/1100 1277/1770/1059
f 1357/1880/1040 764/1053/1092 720/1005/1078
f 703/985/1369 1355/1877/1077 1352/1873/1368
f 1352/1873/1368 1275/1766/1074 719/1004/1083
f 1275/1766/1074 1431/1994/1361 719/1004/1083
f 719/1004/1083 724/1009/1507 703/985/1369
f 1385/1922/1508 1382/1918/1456 682/959/1129
f 1382/1918/1124 678/954/1123 682/959/1129
f 682/959/1129 684/961/1117 1385/1922/1508
f 1382/1918/1124 1379/1913/956 680/956/1122
f 1379/1913/956 1307/1809/960 680/956/1122
f 1307/1809/960 691/969/1272 680/956/1122
f 1385/1922/1508 686/963/1270 683/960/1132
f 685/962/1278 690/967/1509 1310/1815/918
f 1385/1922/1429 683/960/1132 1388/1927/1152
f 683/960/1132 685/962/1278 1388/1927/1152
f 914/1270/1158 696/977/1510 693/972/1345
f 693/972/1511 692/971/1463 1436/2000/1512
f 1436/2000/1153 1049/1454/929 1052/1458/1159
f 1052/1458/1159 914/1270/1158 1436/2000/1153
f 697/978/1321 695/975/1513 916/1274/1478
f 916/1274/1478 1046/1450/784 1436/2000/1512
f 1046/1450/784 1049/1454/929 1436/2000/1512
f 916/1274/1478 1436/2000/1512 697/978/1321
f 970/1347/1228 967/1343/736 730/1015/1244
f 967/1343/736 1062/1471/1191 717/1002/1221
f 730/1015/1244 967/1343/736 717/1002/1221
f 1062/1471/1191 714/998/1514 717/1002/1221
f 973/1351/1230 970/1347/1228 729/1014/1515
f 970/1347/1228 725/1010/1245 729/1014/1515
f 728/1013/1236 1064/1475/1213 973/1351/1229
f 709/991/1177 706/988/1516 976/1355/1517
f 976/1355/1305 973/1351/1229 709/991/1177
f 973/1351/1229 1064/1475/1213 709/991/1177
f 1064/1475/1213 712/995/1518 702/984/1518
f 702/984/1519 698/979/1519 709/991/1177
f 708/990/1195 1066/1479/1188 979/1359/1187
f 979/1359/1187 976/1355/1305 708/990/1195
f 976/1355/1305 706/988/1202 707/989/1238
f 1434/1998/1370 1105/1536/756 1405/1955/1377
f 1224/1696/820 1227/1700/823 1435/1999/1298
f 857/1182/1520 1437/2001/872 1438/2002/988
f 857/1182/1520 1438/2002/988 1439/2003/875
f 857/1182/1520 1439/2003/875 1440/2004/874
f 857/1182/1520 1440/2004/874 1441/2005/760
f 857/1182/1520 1441/2005/760 1442/2006/759
f 857/1182/1520 1442/2006/759 1443/2007/734
f 857/1182/1520 1443/2007/734 1444/2008/733
f 857/1182/1520 1444/2008/733 1445/2009/978
f 857/1182/1520 1445/2009/978 1446/2010/882
f 857/1182/1520 1446/2010/882 1447/2011/881
f 857/1182/1520 1447/2011/881 1448/2012/953
f 857/1182/1520 1448/2012/953 1449/2013/952
f 857/1182/1520 1449/2013/952 1450/2014/1330
f 857/1182/1520 1450/2014/1330 1451/2015/1398
f 857/1182/1520 1451/2015/1398 1452/2016/744
f 857/1182/1520 1452/2016/744 1453/2017/719
f 857/1182/1520 1453/2017/719 1454/2018/718
f 857/1182/1520 1454/2018/718 1455/2019/726
f 857/1182/1520 1455/2019/726 1456/2020/1403
f 857/1182/1520 1456/2020/1403 1457/2021/710
f 857/1182/1520 1457/2021/710 1458/2022/709
f 857/1182/1520 1458/2022/709 1459/2023/928
f 857/1182/1520 1459/2023/928 1460/2024/981
f 857/1182/1520 1460/2024/981 1461/2025/753
f 857/1182/1520 1461/2025/753 1462/2026/756
f 857/1182/1520 1462/2026/756 1463/2027/943
f 857/1182/1520 1463/2027/943 1464/2028/987
f 857/1182/1520 1464/2028/987 1465/2029/1005
f 857/1182/1520 1465/2029/1005 1466/2030/838
f 857/1182/1520 1466/2030/838 1467/2031/776
f 857/1182/1520 1467/2031/776 1468/2032/775
f 857/1182/1520 1468/2032/775 1437/2001/872
f 1432/1996/1491 761/1050/771 849/1171/1521
f 736/1021/1268 958/1331/1034 748/1035/1019
f 958/1331/1034 956/1328/1385 748/1035/1019
f 956/1328/1385 846/1167/1332 748/1035/1019
f 766/1056/1046 910/1263/1035 743/1028/1135
f 910/1263/1035 958/1331/1034 743/1028/1135
f 958/1331/1034 736/1021/1268 743/1028/1135
f 843/1161/1323 908/1260/966 740/1025/1045
f 908/1260/966 910/1263/1035 766/1056/1046
f 1353/1874/567 1469/2033/1043 1470/2034/847
f 1353/1874/567 1471/2035/1044 1469/2033/1043
f 1353/1874/567 1472/2036/1299 1471/2035/1044
f 1353/1874/567 1473/2037/862 1472/2036/1299
f 1353/1874/567 1474/2038/859 1473/2037/862
f 1353/1874/567 1475/2039/728 1474/2038/859
f 1353/1874/567 1476/2040/729 1475/2039/728
f 1353/1874/567 1477/2041/738 1476/2040/729
f 1353/1874/567 1478/2042/747 1477/2041/738
f 1353/1874/567 1479/2043/791 1478/2042/747
f 1353/1874/567 1480/2044/937 1479/2043/791
f 1353/1874/567 1481/2045/722 1480/2044/937
f 1353/1874/567 1482/2046/723 1481/2045/722
f 1353/1874/567 1483/2047/934 1482/2046/723
f 1353/1874/567 1484/2048/820 1483/2047/934
f 1353/1874/567 1485/2049/751 1484/2048/820
f 1353/1874/567 1486/2050/752 1485/2049/751
f 1353/1874/567 1487/2051/833 1486/2050/752
f 1353/1874/567 1488/2052/830 1487/2051/833
f 1353/1874/567 1489/2053/1356 1488/2052/830
f 1353/1874/567 1490/2054/804 1489/2053/1356
f 1353/1874/567 1491/2055/801 1490/2054/804
f 1353/1874/567 1492/2056/901 1491/2055/801
f 1353/1874/567 1493/2057/938 1492/2056/901
f 1353/1874/567 1494/2058/939 1493/2057/938
f 1353/1874/567 1495/2059/1303 1494/2058/939
f 1353/1874/567 1496/2060/808 1495/2059/1303
f 1353/1874/567 1497/2061/809 1496/2060/808
f 1353/1874/567 1498/2062/712 1497/2061/809
f 1353/1874/567 1499/2063/713 1498/2062/712
f 1353/1874/567 1500/2064/846 1499/2063/713
f 1353/1874/567 1470/2034/847 1500/2064/846
f 1343/1861/875 1340/1857/874 1422/1979/1481
f 1346/1865/988 1343/1861/875 1422/1979/1481
f 726/1011/1242 1422/1979/1481 1280/1775/1060
f 1275/1767/1522 1350/1870/1061 727/1012/1459
f 727/1012/1362 1431/1995/1361 1275/1767/1074
f 731/1016/1243 727/1012/1362 1422/1979/1481
f 726/1011/1242 731/1016/1243 1422/1979/1481
f 1280/1775/1060 1277/1771/1059 726/1011/1242
f 1315/1823/1330 1312/1819/919 1422/1979/958
f 763/1052/1109 677/953/1273 1422/1979/1481
f 679/955/957 763/1052/1109 1422/1979/958
f 1282/1777/928 1278/1772/981 1422/1979/1481
f 1265/1753/709 1282/1777/928 1422/1979/958
f 1302/1803/710 1265/1753/709 1422/1979/1481
f 1422/1979/1481 1284/1780/987 1280/1775/1060
f 1307/1810/960 1305/1807/1054 677/953/1273
f 677/953/1273 691/970/1272 1307/1810/960
f 1418/1974/1523 722/1007/1524 1060/1469/1133
f 1310/1816/918 690/968/1525 679/955/957
f 1312/1819/1526 1310/1816/918 679/955/957
f 677/953/1273 1305/1807/1054 1422/1979/1481
f 1295/1794/952 1315/1823/1330 1422/1979/1481
f 1319/1827/953 1295/1794/952 1422/1979/1481
f 1297/1796/881 1319/1827/953 1422/1979/1481
f 1322/1831/882 1297/1796/881 1422/1979/958
f 1422/1979/1481 1325/1836/978 1322/1831/882
f 1278/1772/981 1293/1792/753 1422/1979/1481
f 1346/1865/988 1422/1979/1481 1350/1870/1061
f 1337/1853/760 1334/1849/759 1422/1979/1481
f 1334/1849/759 1331/1845/734 1422/1979/1481
f 1331/1845/734 1328/1841/733 1422/1979/1481
f 1328/1841/733 1325/1836/978 1422/1979/1481
f 1422/1979/1481 1293/1792/753 1290/1788/756
f 1290/1788/756 1287/1784/943 1422/1979/1481
f 1287/1784/943 1284/1780/987 1422/1979/958
f 1422/1979/958 727/1012/1362 1350/1870/1061
f 1418/1974/1523 705/987/1200 721/1006/1527
f 1074/1493/733 1071/1488/978 1418/1974/1358
f 1418/1974/1358 1033/1433/753 1030/1429/756
f 1030/1429/756 1027/1425/943 1418/1974/1358
f 1027/1425/943 1024/1421/987 1418/1974/1358
f 1024/1421/987 1021/1417/1005 1418/1974/1358
f 1021/1417/1005 1018/1413/838 1418/1974/1358
f 1018/1413/838 1015/1409/776 1418/1974/1358
f 1015/1409/776 1012/1405/775 1418/1974/1523
f 1012/1405/775 1093/1518/872 1418/1974/1358
f 1093/1518/872 1095/1521/988 1418/1974/1358
f 1095/1521/988 1089/1513/875 1418/1974/1358
f 1089/1513/875 1086/1509/874 1418/1974/1523
f 1086/1509/874 1083/1505/760 1418/1974/1358
f 1083/1505/760 1080/1501/759 1418/1974/1358
f 1080/1501/759 1077/1497/734 1418/1974/1358
f 1068/1483/1182 1066/1480/1192 704/986/1198
f 1057/1465/719 1418/1974/1358 1060/1469/1133
f 1036/1437/981 1033/1433/753 1418/1974/1358
f 704/986/1198 1418/1974/1358 1068/1483/1182
f 1418/1974/1523 704/986/1198 701/983/1197
f 1039/1441/928 1036/1437/981 1418/1974/1523
f 1045/1449/710 1042/1445/709 1418/1974/1358
f 1042/1445/709 1039/1441/928 1418/1974/1358
f 1051/1457/726 1048/1453/1403 1418/1974/1523
f 1048/1453/1403 1045/1449/710 1418/1974/1523
f 1057/1465/719 1054/1461/718 1418/1974/1358
f 1054/1461/718 1051/1457/726 1418/1974/1358
f 1062/1472/1528 1060/1469/1133 722/1007/1524
f 1418/1974/1358 1071/1488/978 1068/1483/1182
f 722/1007/1524 714/999/1529 1062/1472/1528
f 715/1000/1254 1064/1476/1213 721/1006/1211
f 721/1006/1530 723/1008/1210 1418/1974/1523
f 723/1008/1210 722/1007/1240 1418/1974/1523
f 1418/1974/1358 701/983/1197 705/987/1200
f 705/987/1200 715/1000/1254 721/1006/1527
f 1305/1807/1054 1302/1803/710 1422/1979/958
f 1098/1525/1290 1175/1630/872 1434/1998/1370
f 1560/2127/611 1528/2093/611 1527/2092/1531 1559/2126/1531
f 1537/2103/1532 1505/2069/1532 1504/2068/1533 1536/2102/1533
f 1554/2121/1534 1555/2122/1535 1523/2088/1535 1522/2087/1534
f 1535/2101/1536 1536/2102/1533 1504/2068/1533 1503/2067/1536
f 1518/2083/1537 1517/2082/1538 1549/2116/1538 1550/2117/1539
f 1563/2131/1540 1531/2097/1540 1530/2096/1541 1562/2130/1541
f 1540/2106/1542 1508/2072/1542 1507/2071/1535 1539/2105/1535
f 1564/2132/1543 1549/2116/1538 1517/2082/1538 1532/2098/1543
f 1553/2120/1532 1521/2086/1532 1520/2085/1533 1552/2119/1533
f 1556/2123/1542 1524/2089/1542 1523/2088/1535 1555/2122/1535
f 1546/2113/1541 1514/2079/1541 1513/2078/1544 1545/2112/1544
f 1553/2120/1532 1554/2121/1534 1522/2087/1534 1521/2086/1532
f 1557/2124/1545 1558/2125/1546 1526/2091/1546 1525/2090/1545
f 1562/2130/1541 1530/2096/1541 1529/2095/1544 1561/2129/1544
f 1533/2099/1538 1534/2100/1539 1502/2066/1539 1501/2065/1538
f 1534/2100/1539 1535/2101/1536 1503/2067/1536 1502/2066/1539
f 1537/2103/1532 1538/2104/1534 1506/2070/1534 1505/2069/1532
f 1538/2104/1547 1539/2105/1535 1507/2071/1535 1506/2070/1534
f 1540/2106/1542 1541/2107/1545 1509/2073/1545 1508/2072/1542
f 1541/2107/1545 1542/2108/1546 1510/2074/1548 1509/2073/1545
f 1546/2113/1541 1547/2114/1540 1515/2080/1540 1514/2079/1541
f 1547/2114/1540 1548/2115/1543 1516/2081/1543 1515/2080/1540
f 1533/2099/1538 1501/2065/1549 1516/2081/1543 1548/2115/1543
f 1564/2132/1543 1532/2098/1543 1531/2097/1540 1563/2131/1540
f 1543/2109/1531 1511/2075/1531 1510/2074/1546 1542/2108/1546
f 1545/2112/1544 1513/2078/1544 1512/2076/611 1544/2110/611
f 1552/2119/1533 1520/2085/1533 1519/2084/1536 1551/2118/1536
f 1560/2128/611 1561/2129/1544 1529/2095/1544 1528/2094/611
f 1551/2118/1536 1519/2084/1536 1518/2083/1539 1550/2117/1539
f 1544/2111/611 1512/2077/611 1511/2075/1531 1543/2109/1550
f 1559/2126/1531 1527/2092/1531 1526/2091/1546 1558/2125/1546
f 1557/2124/1545 1525/2090/1545 1524/2089/1542 1556/2123/1542
s 1
f 45/55/77 50/60/292 91/108/77
f 91/108/77 35/39/77 45/55/77
f 17/19/17 4/6/17 1566/2134/17
f 17/19/17 1566/2134/17 5/7/17
f 223/287/117 1566/2134/17 566/801/37 561/795/167
