# Blender 4.3.1
# www.blender.org
mtllib drone.mtl
o Cube.001
v -0.887218 0.315613 -0.887218
v -0.835201 0.532162 -0.835201
v -0.887218 -0.315613 0.887218
v -0.835201 -0.532162 0.835201
v -0.528992 0.829845 0.829845
v 0.528992 -0.829845 0.829845
v 0.754920 -0.730694 0.754920
v 0.835201 -0.532162 0.835201
v -0.885975 -0.885975 -0.295325
v -0.885975 -0.885975 0.295325
v 0.754920 0.730694 0.754920
v 0.829845 0.829845 0.528992
v -0.885975 0.885975 0.295325
v -0.885975 0.885975 -0.295325
v 0.829845 -0.829845 -0.528992
v 0.754920 -0.730694 -0.754920
v 0.295325 -0.885975 -0.885975
v -0.295325 -0.885975 -0.885975
v -0.295325 0.885975 -0.885975
v 0.295325 0.885975 -0.885975
v 0.835201 -0.532162 -0.835201
v 0.754920 0.730694 -0.754920
v 0.885975 -0.885975 0.295325
v 0.885975 -0.885975 -0.295325
v 0.885975 0.885975 -0.295325
v 0.885975 0.885975 0.295325
v 0.528992 0.829845 -0.829845
v -0.528992 -0.829845 -0.829845
v -0.295325 -0.885975 0.885975
v 0.295325 -0.885975 0.885975
v 0.295325 0.885975 0.885975
v -0.295325 0.885975 0.885975
v -0.000000 1.267712 -0.199115
v -0.000000 1.283887 -0.000000
v -0.199115 1.267712 -0.000000
v -0.000000 1.222883 0.383005
v -0.000000 -1.270787 -0.201369
v -0.000000 -1.287145 0.000000
v 0.201369 -1.270787 0.000000
v 0.000000 -1.225450 0.387342
v -0.910252 -0.910252 0.000000
v -0.910252 0.910252 0.000000
v 0.910252 -0.910252 0.000000
v 0.910252 0.910252 0.000000
v -0.189153 1.209045 0.378305
v -0.000000 1.222883 -0.383005
v 0.191294 -1.211456 0.382589
v 0.000000 -1.225450 -0.387342
v 0.000000 -0.910252 -0.910252
v 0.000000 0.910252 -0.910252
v 0.000000 -0.910252 0.910252
v 0.000000 0.910252 0.910252
v -0.189153 1.209045 -0.378305
v 0.199115 1.267712 -0.000000
v 0.191294 -1.211456 -0.382589
v -0.201369 -1.270787 0.000000
v 0.646493 -1.106051 0.000000
v -0.639254 1.104820 -0.000000
v -1.164356 -0.053646 0.000000
v -1.164356 0.053646 0.000000
v 1.164356 -0.053646 0.000000
v 1.164356 0.053646 0.000000
v 0.000000 -0.053646 -1.164356
v 0.000000 0.053646 -1.164356
v 0.000000 -0.053646 1.164356
v 0.000000 0.053646 1.164356
v 0.324267 -0.324267 1.203696
v 0.324341 -0.324341 1.199785
v -0.324341 -0.324341 1.199785
v -0.324267 -0.324267 1.203696
v 0.324341 0.324341 1.199785
v 0.324267 0.324267 1.203696
v -0.324267 0.324267 1.203696
v -0.324341 0.324341 1.199785
v 1.203696 -0.324267 -0.324267
v 1.199785 -0.324341 -0.324341
v 1.199785 -0.324341 0.324341
v 1.203696 -0.324267 0.324267
v 1.199785 0.324341 -0.324341
v 1.203696 0.324267 -0.324267
v 1.203696 0.324267 0.324267
v 1.199785 0.324341 0.324341
v -0.324267 -0.324267 -1.203696
v -0.324341 -0.324341 -1.199785
v 0.324341 -0.324341 -1.199785
v 0.324267 -0.324267 -1.203696
v -0.324341 0.324341 -1.199785
v -0.324267 0.324267 -1.203696
v 0.324267 0.324267 -1.203696
v 0.324341 0.324341 -1.199785
v -1.203696 -0.324267 0.324267
v -1.199785 -0.324341 0.324341
v -1.199785 -0.324341 -0.324341
v -1.203696 -0.324267 -0.324267
v -1.199785 0.324341 0.324341
v -1.203696 0.324267 0.324267
v -1.203696 0.324267 -0.324267
v -1.199785 0.324341 -0.324341
v 0.329328 -0.318769 1.168702
v 0.324353 -0.324353 1.179915
v -0.329328 -0.318769 1.168702
v -0.324353 -0.324353 1.179915
v 0.329328 0.318769 1.168702
v 0.324353 0.324353 1.179915
v -0.329328 0.318769 1.168702
v -0.324353 0.324353 1.179915
v 1.168702 -0.318769 -0.329328
v 1.179915 -0.324353 -0.324353
v 1.168702 -0.318769 0.329328
v 1.179915 -0.324353 0.324353
v 1.168702 0.318769 -0.329328
v 1.179915 0.324353 -0.324353
v 1.168702 0.318769 0.329328
v 1.179915 0.324353 0.324353
v -0.329328 -0.318769 -1.168702
v -0.324353 -0.324353 -1.179915
v 0.329328 -0.318769 -1.168702
v 0.324353 -0.324353 -1.179915
v -0.329328 0.318769 -1.168702
v -0.324353 0.324353 -1.179915
v 0.329328 0.318769 -1.168702
v 0.324353 0.324353 -1.179915
v -1.168702 -0.318769 0.329328
v -1.179915 -0.324353 0.324353
v -1.168702 -0.318769 -0.329328
v -1.179915 -0.324353 -0.324353
v -1.168702 0.318769 0.329328
v -1.179915 0.324353 0.324353
v -1.168702 0.318769 -0.329328
v -1.179915 0.324353 -0.324353
v 1.212210 -0.458240 0.000000
v 1.208156 -0.458423 0.000000
v 1.208156 0.458423 0.000000
v 1.212210 0.458240 0.000000
v -1.212210 -0.458240 -0.000000
v -1.208156 -0.458423 -0.000000
v -1.208156 0.458423 -0.000000
v -1.212210 0.458240 -0.000000
v 1.171181 -0.458440 0.000000
v 1.159837 -0.457847 0.000000
v 1.159837 0.457847 0.000000
v 1.171181 0.458440 0.000000
v -1.171181 -0.458440 -0.000000
v -1.159837 -0.457847 -0.000000
v -1.159837 0.457847 -0.000000
v -1.171181 0.458440 -0.000000
v -0.000000 -0.458240 1.212210
v -0.000000 -0.458423 1.208156
v -0.000000 0.458423 1.208156
v -0.000000 0.458240 1.212210
v 0.000000 -0.458240 -1.212210
v 0.000000 -0.458423 -1.208156
v 0.000000 0.458423 -1.208156
v 0.000000 0.458240 -1.212210
v -0.000000 -0.458440 1.171181
v -0.000000 -0.457847 1.159837
v -0.000000 0.457847 1.159837
v -0.000000 0.458440 1.171181
v 0.000000 -0.458440 -1.171181
v 0.000000 -0.457847 -1.159837
v 0.000000 0.457847 -1.159837
v 0.000000 0.458440 -1.171181
v -0.909082 -0.065266 0.909082
v -0.905485 -0.054001 0.905165
v -0.905485 0.053982 0.905165
v -0.909082 0.065266 0.909082
v -0.909082 0.065266 -0.909082
v -0.905485 0.053982 -0.905483
v -0.905485 -0.054001 -0.905483
v -0.909082 -0.065266 -0.909082
v 0.909082 0.065266 -0.909082
v 0.905163 0.053982 -0.905483
v 0.905163 -0.054001 -0.905483
v 0.909082 -0.065266 -0.909082
v 0.909082 0.065266 0.909082
v 0.905163 0.053982 0.905165
v 0.905163 -0.054001 0.905165
v 0.909082 -0.065266 0.909082
v 0.453930 -0.064195 1.207574
v 0.453862 -0.063310 1.211880
v 0.455697 -0.052250 1.199996
v 0.453930 0.064195 1.207574
v 0.455697 0.052250 1.199996
v 0.453862 0.063310 1.211880
v -0.453930 0.064195 1.207574
v -0.453862 0.063310 1.211880
v -0.455697 0.052250 1.199996
v -0.453930 -0.064195 1.207574
v -0.455697 -0.052250 1.199996
v -0.453862 -0.063310 1.211880
v 1.207574 -0.064195 -0.453930
v 1.211880 -0.063310 -0.453862
v 1.199996 -0.052250 -0.455697
v 1.207574 0.064195 -0.453930
v 1.199996 0.052250 -0.455697
v 1.211880 0.063310 -0.453862
v 1.207574 0.064195 0.453930
v 1.211880 0.063310 0.453862
v 1.199996 0.052250 0.455697
v 1.207574 -0.064195 0.453930
v 1.199996 -0.052250 0.455697
v 1.211880 -0.063310 0.453862
v -0.453930 -0.064195 -1.207574
v -0.453862 -0.063310 -1.211880
v -0.455697 -0.052250 -1.199996
v -0.453930 0.064195 -1.207574
v -0.455697 0.052250 -1.199996
v -0.453862 0.063310 -1.211880
v 0.453930 0.064195 -1.207574
v 0.453862 0.063310 -1.211880
v 0.455697 0.052250 -1.199996
v 0.453930 -0.064195 -1.207574
v 0.455697 -0.052250 -1.199996
v 0.453862 -0.063310 -1.211880
v -1.207574 -0.064195 0.453930
v -1.211880 -0.063310 0.453862
v -1.199996 -0.052250 0.455697
v -1.207574 0.064195 0.453930
v -1.199996 0.052250 0.455697
v -1.211880 0.063310 0.453862
v -1.207574 0.064195 -0.453930
v -1.211880 0.063310 -0.453862
v -1.199996 0.052250 -0.455697
v -1.207574 -0.064195 -0.453930
v -1.199996 -0.052250 -0.455697
v -1.211880 -0.063310 -0.453862
v 0.455623 0.052227 1.175980
v 0.454184 0.064400 1.181062
v 0.456654 0.039783 1.169821
v 0.455623 -0.052227 1.175980
v 0.456654 -0.039783 1.169821
v 0.454184 -0.064400 1.181062
v -0.455623 0.052227 1.175980
v -0.456654 0.039783 1.169821
v -0.454184 0.064400 1.181062
v -0.455623 -0.052227 1.175980
v -0.454184 -0.064400 1.181062
v -0.456654 -0.039783 1.169821
v 1.175980 0.052227 -0.455623
v 1.181062 0.064400 -0.454184
v 1.169821 0.039783 -0.456654
v 1.175980 -0.052227 -0.455623
v 1.169821 -0.039783 -0.456654
v 1.181062 -0.064400 -0.454184
v 1.175980 -0.052227 0.455623
v 1.181062 -0.064400 0.454184
v 1.169821 -0.039783 0.456654
v 1.175980 0.052227 0.455623
v 1.169821 0.039783 0.456654
v 1.181062 0.064400 0.454184
v -0.455623 0.052227 -1.175980
v -0.454184 0.064400 -1.181062
v -0.456654 0.039783 -1.169821
v -0.454184 -0.064400 -1.181062
v -0.455623 -0.052227 -1.175980
v -0.456654 -0.039783 -1.169821
v 0.455623 -0.052227 -1.175980
v 0.454184 -0.064400 -1.181062
v 0.456654 -0.039783 -1.169821
v 0.455623 0.052227 -1.175980
v 0.456654 0.039783 -1.169821
v 0.454184 0.064400 -1.181062
v -1.175980 0.052227 0.455623
v -1.181062 0.064400 0.454184
v -1.169821 0.039783 0.456654
v -1.175980 -0.052227 0.455623
v -1.169821 -0.039783 0.456654
v -1.181062 -0.064400 0.454184
v -1.181062 0.064400 -0.454184
v -1.175980 0.052227 -0.455623
v -1.169821 0.039783 -0.456654
v -1.175980 -0.052227 -0.455623
v -1.181062 -0.064400 -0.454184
v -1.169821 -0.039783 -0.456654
v -0.894496 -0.039908 0.894496
v -0.895348 -0.053396 0.895348
v -0.894496 0.039908 0.894496
v -0.895348 0.053396 0.895348
v -0.895348 0.053396 -0.895348
v -0.894496 0.039908 -0.894496
v -0.891453 -0.053164 -0.891451
v -0.894496 -0.039908 -0.894496
v 0.895348 0.053396 -0.895348
v 0.894496 0.039908 -0.894496
v 0.894496 -0.039908 -0.894496
v 0.895348 -0.053396 -0.895348
v 0.894496 0.039908 0.894496
v 0.895348 0.053396 0.895348
v 0.895348 -0.053396 0.895348
v 0.894496 -0.039908 0.894496
v -0.903996 0.903996 -0.150666
v 0.903996 -0.903996 -0.150666
v -0.903996 -0.903996 -0.150666
v 0.903996 0.903996 -0.150666
v -0.383005 1.222883 -0.000000
v -0.378305 1.209045 -0.189153
v 0.387342 -1.225450 0.000000
v 0.382589 -1.211456 -0.191294
v 0.383005 1.222883 -0.000000
v -0.387342 -1.225450 0.000000
v -1.205165 -0.423596 -0.175560
v -1.209475 -0.423450 -0.175472
v -1.209475 0.423450 -0.175472
v -1.205165 0.423596 -0.175560
v -1.162124 -0.421382 -0.179419
v -1.174404 -0.423613 -0.175574
v -1.174404 0.423613 -0.175574
v -1.162124 0.421382 -0.179419
v 1.205165 -0.423596 -0.175560
v 1.209475 -0.423450 -0.175472
v 1.209475 0.423450 -0.175472
v 1.205165 0.423596 -0.175560
v 1.162124 -0.421382 -0.179419
v 1.174404 -0.423613 -0.175574
v 1.174404 0.423613 -0.175574
v 1.162124 0.421382 -0.179419
v 1.167248 -0.046391 -0.224618
v 1.167248 0.046391 -0.224618
v -1.167248 -0.046391 -0.224618
v -1.167248 0.046391 -0.224618
v -0.903996 -0.903996 0.150666
v 0.903996 0.903996 0.150666
v 0.378305 1.209045 -0.189153
v -0.615078 1.066633 0.329940
v -0.382589 -1.211456 -0.191294
v 0.622042 -1.067432 0.333676
v -0.903996 0.903996 0.150666
v 0.903996 -0.903996 0.150666
v 0.622042 -1.067432 -0.333676
v -0.615078 1.066633 -0.329940
v 1.205165 -0.423596 0.175560
v 1.209475 -0.423450 0.175472
v 1.209475 0.423450 0.175472
v 1.205165 0.423596 0.175560
v 1.162124 -0.421382 0.179419
v 1.174404 -0.423613 0.175574
v 1.174404 0.423613 0.175574
v 1.162124 0.421382 0.179419
v -1.205165 -0.423596 0.175560
v -1.209475 -0.423450 0.175472
v -1.209475 0.423450 0.175472
v -1.205165 0.423596 0.175560
v -1.162124 -0.421382 0.179419
v -1.174404 -0.423613 0.175574
v -1.174404 0.423613 0.175574
v -1.162124 0.421382 0.179419
v 1.167248 -0.046391 0.224618
v 1.167248 0.046391 0.224618
v -1.167248 -0.046391 0.224618
v -1.167248 0.046391 0.224618
v -1.204347 0.208307 0.408519
v -1.208689 0.207531 0.408733
v -0.408519 0.208307 1.204347
v -0.408733 0.207531 1.208689
v -0.408519 0.208307 -1.204347
v -0.408733 0.207531 -1.208689
v -1.204347 0.208307 -0.408519
v -1.208689 0.207531 -0.408733
v 1.204347 0.208307 -0.408519
v 1.208689 0.207531 -0.408733
v 0.408519 0.208307 -1.204347
v 0.408733 0.207531 -1.208689
v 0.408519 0.208307 1.204347
v 0.408733 0.207531 1.208689
v 1.204347 0.208307 0.408519
v 1.208689 0.207531 0.408733
v 0.415539 0.193311 1.168017
v 0.408321 0.209010 1.179984
v -0.415539 0.193311 1.168017
v -0.408321 0.209010 1.179984
v 1.168017 0.193311 -0.415539
v 1.179984 0.209010 -0.408321
v 1.168017 0.193311 0.415539
v 1.179984 0.209010 0.408321
v -0.415539 0.193311 -1.168017
v -0.408321 0.209010 -1.179984
v 0.415539 0.193311 -1.168017
v 0.408321 0.209010 -1.179984
v -1.168017 0.193311 0.415539
v -1.179984 0.209010 0.408321
v -1.168017 0.193311 -0.415539
v -1.179984 0.209010 -0.408321
v 0.901056 0.182521 0.901056
v -0.901056 0.182521 0.901056
v 0.901056 0.182521 -0.901056
v -0.901056 0.182521 -0.901056
v 0.000000 0.260053 1.161818
v 1.161818 0.260053 0.000000
v 0.000000 0.260053 -1.161818
v -1.161818 0.260053 0.000000
v 1.165485 0.221567 -0.196773
v -1.165485 0.221567 -0.196773
v -1.165485 0.221567 0.196773
v 1.165485 0.221567 0.196773
v -0.408519 -0.208307 1.204347
v -0.408733 -0.207531 1.208689
v -1.204347 -0.208307 0.408519
v -1.208689 -0.207531 0.408733
v -0.408519 -0.208307 -1.204347
v -0.408733 -0.207531 -1.208689
v -1.204347 -0.208307 -0.408519
v -1.208689 -0.207531 -0.408733
v 1.204347 -0.208307 -0.408519
v 1.208689 -0.207531 -0.408733
v 0.408519 -0.208307 -1.204347
v 0.408733 -0.207531 -1.208689
v 0.408519 -0.208307 1.204347
v 0.408733 -0.207531 1.208689
v 1.204347 -0.208307 0.408519
v 1.208689 -0.207531 0.408733
v 0.415539 -0.193311 1.168017
v 0.408321 -0.209010 1.179984
v -0.415539 -0.193311 1.168017
v -0.408321 -0.209010 1.179984
v 1.168017 -0.193311 -0.415539
v 1.179984 -0.209010 -0.408321
v 1.168017 -0.193311 0.415539
v 1.179984 -0.209010 0.408321
v -0.415539 -0.193311 -1.168017
v -0.408321 -0.209010 -1.179984
v 0.415539 -0.193311 -1.168017
v 0.408321 -0.209010 -1.179984
v -1.168017 -0.193311 0.415539
v -1.179984 -0.209010 0.408321
v -1.168017 -0.193311 -0.415539
v -1.179984 -0.209010 -0.408321
v 0.901056 -0.182521 0.901056
v -0.901056 -0.182521 0.901056
v 0.901056 -0.182521 -0.901056
v -0.901056 -0.182521 -0.901056
v 0.000000 -0.260053 1.161818
v 1.161818 -0.260053 0.000000
v 0.000000 -0.260053 -1.161818
v -1.161818 -0.260053 0.000000
v 1.165485 -0.221567 -0.196773
v -1.165485 -0.221567 -0.196773
v -1.165485 -0.221567 0.196773
v 1.165485 -0.221567 0.196773
v 0.150666 0.903996 -0.903996
v 0.150666 -0.903996 0.903996
v 0.189153 1.209045 0.378305
v 0.189153 1.209045 -0.378305
v -0.365181 1.170399 0.365181
v 0.150666 -0.903996 -0.903996
v 0.150666 0.903996 0.903996
v -0.191294 -1.211456 0.382589
v -0.191294 -1.211456 -0.382589
v 0.369316 -1.172373 0.369316
v 0.175560 -0.423596 -1.205165
v 0.175472 -0.423450 -1.209475
v 0.175472 0.423450 -1.209475
v 0.175560 0.423596 -1.205165
v 0.179419 -0.421382 -1.162124
v 0.175574 -0.423613 -1.174404
v 0.175574 0.423613 -1.174404
v 0.179419 0.421382 -1.162124
v 0.175560 -0.423596 1.205165
v 0.175472 -0.423450 1.209475
v 0.175472 0.423450 1.209475
v 0.175560 0.423596 1.205165
v 0.179419 -0.421382 1.162124
v 0.175574 -0.423613 1.174404
v 0.175574 0.423613 1.174404
v 0.179419 0.421382 1.162124
v 0.224618 -0.046391 1.167248
v 0.224618 0.046391 1.167248
v 0.224618 -0.046391 -1.167248
v 0.224618 0.046391 -1.167248
v -0.378305 1.209045 0.189153
v 0.382589 -1.211456 0.191294
v -0.365181 1.170399 -0.365181
v 0.369316 -1.172373 -0.369316
v 0.196773 0.221567 1.165485
v 0.196773 0.221567 -1.165485
v 0.196773 -0.221566 -1.165485
v 0.196773 -0.221566 1.165485
v -0.150666 -0.903996 -0.903996
v -0.150666 0.903996 0.903996
v 0.333676 -1.067432 -0.622042
v -0.369316 -1.172373 0.369316
v -0.382589 -1.211456 0.191294
v -0.150666 0.903996 -0.903996
v -0.150666 -0.903996 0.903996
v -0.329940 1.066633 -0.615078
v 0.365181 1.170399 0.365181
v 0.378305 1.209045 0.189153
v -0.175560 -0.423596 1.205165
v -0.175472 -0.423450 1.209475
v -0.175472 0.423450 1.209475
v -0.175560 0.423596 1.205165
v -0.179419 -0.421382 1.162124
v -0.175574 -0.423613 1.174404
v -0.175574 0.423613 1.174404
v -0.179419 0.421382 1.162124
v -0.175560 -0.423596 -1.205165
v -0.175472 -0.423450 -1.209475
v -0.175472 0.423450 -1.209475
v -0.175560 0.423596 -1.205165
v -0.179419 -0.421382 -1.162124
v -0.175574 -0.423613 -1.174404
v -0.175574 0.423613 -1.174404
v -0.179419 0.421382 -1.162124
v -0.224618 -0.046391 1.167248
v -0.224618 0.046391 1.167248
v -0.224618 -0.046391 -1.167248
v -0.224618 0.046391 -1.167248
v -0.369316 -1.172373 -0.369316
v 0.365181 1.170399 -0.365181
v -0.333676 -1.067432 -0.622042
v 0.329940 1.066633 -0.615078
v -0.196773 0.221567 -1.165485
v -0.196773 0.221567 1.165485
v -0.196773 -0.221566 1.165485
v -0.196773 -0.221566 -1.165485
v -0.754920 -0.730694 -0.754920
v -0.835201 -0.532162 -0.835201
v -0.754920 0.730694 -0.754920
v -0.829845 0.829845 -0.528992
v 0.328276 0.637789 1.068915
v -0.000000 0.709790 1.073926
v -0.328276 0.637789 1.068915
v 1.068915 0.637789 -0.328276
v 1.073926 0.709790 0.000000
v 1.068915 0.637789 0.328276
v -0.328276 0.637789 -1.068915
v -0.000000 0.709790 -1.073926
v 0.328276 0.637789 -1.068915
v -1.068915 0.637789 0.328276
v -1.073926 0.709790 0.000000
v -1.068915 0.637789 -0.328276
v -1.080669 0.679598 -0.165590
v 1.080669 0.679598 -0.165590
v -1.080669 0.679598 0.165590
v 1.080669 0.679598 0.165590
v 0.165590 0.679598 -1.080669
v 0.165590 0.679598 1.080669
v -0.165590 0.679598 1.080669
v -0.165590 0.679598 -1.080669
v -0.754920 0.730694 0.754920
v -0.835201 0.532162 0.835201
v -0.754920 -0.730694 0.754920
v -0.829845 -0.829845 0.528992
v 0.328276 -0.637789 1.068915
v -0.000000 -0.709790 1.073926
v -0.328276 -0.637789 1.068915
v 1.068915 -0.637789 -0.328276
v 1.073926 -0.709790 0.000000
v 1.068915 -0.637789 0.328276
v -0.328276 -0.637789 -1.068915
v -0.000000 -0.709790 -1.073926
v 0.328276 -0.637789 -1.068915
v -1.068915 -0.637789 0.328276
v -1.073926 -0.709790 0.000000
v -1.068915 -0.637789 -0.328276
v -1.080669 -0.679598 -0.165590
v 1.080669 -0.679598 -0.165590
v 1.080669 -0.679598 0.165590
v -1.080669 -0.679598 0.165590
v 0.165590 -0.679598 -1.080669
v 0.165590 -0.679598 1.080669
v -0.165590 -0.679598 1.080669
v -0.165590 -0.679598 -1.080669
v -0.829845 0.829845 0.528992
v 0.829845 -0.829845 0.528992
v 0.350678 1.052033 0.653736
v -0.350678 1.052033 0.653736
v -0.350678 -1.052033 0.653736
v 0.350678 -1.052033 0.653736
v -0.000000 -1.093385 0.679432
v -0.000000 1.093385 0.679432
v -1.078392 0.066032 0.699879
v -1.072243 0.054689 0.699687
v -1.078392 -0.066032 0.699879
v -1.072243 -0.054708 0.699687
v 1.078392 0.066032 0.699879
v 1.071922 0.054689 0.699687
v 1.078392 -0.066032 0.699879
v 1.071922 -0.054708 0.699687
v -1.058489 0.054357 0.694834
v -1.060154 0.040590 0.690119
v -1.058489 -0.054357 0.694834
v -1.060154 -0.040590 0.690119
v 1.058489 0.054357 0.694834
v 1.060154 0.040590 0.690119
v 1.058489 -0.054357 0.694834
v 1.060154 -0.040590 0.690119
v 1.068915 -0.328276 0.637789
v 1.068915 0.328276 0.637789
v -1.068915 -0.328276 0.637789
v -1.068915 0.328276 0.637789
v 1.079579 0.198590 0.672451
v -1.079579 0.198590 0.672451
v 1.079579 -0.198590 0.672451
v -1.079579 -0.198590 0.672451
v 0.180432 1.082591 0.672725
v 0.180432 -1.082591 0.672725
v -0.180432 -1.082591 0.672725
v -0.180432 1.082591 0.672725
v -0.971461 0.597236 0.597236
v 0.971461 0.597236 0.597236
v -0.971461 -0.597236 0.597236
v 0.971461 -0.597236 0.597236
v -0.829845 -0.829845 -0.528992
v 0.829845 0.829845 -0.528992
v 0.350678 1.052033 -0.653736
v -0.350678 1.052033 -0.653736
v -0.350678 -1.052033 -0.653736
v 0.350678 -1.052033 -0.653736
v -0.000000 -1.093385 -0.679432
v -0.000000 1.093385 -0.679432
v -1.078392 0.066032 -0.699879
v -1.072243 0.054689 -0.700005
v -1.078392 -0.066032 -0.699879
v -1.072243 -0.054708 -0.700005
v -1.058489 0.054357 -0.694834
v -1.060154 0.040590 -0.690119
v 1.078392 0.066032 -0.699879
v 1.071922 0.054689 -0.700005
v 1.078392 -0.066032 -0.699879
v 1.071922 -0.054708 -0.700005
v 1.058489 0.054357 -0.694834
v 1.060154 0.040590 -0.690119
v 1.058489 -0.054357 -0.694834
v 1.060154 -0.040590 -0.690119
v -1.058489 -0.054357 -0.694834
v -1.060154 -0.040590 -0.690119
v 1.068915 -0.328276 -0.637789
v 1.068915 0.328276 -0.637789
v -1.068915 -0.328276 -0.637789
v -1.068915 0.328276 -0.637789
v -1.079579 0.198590 -0.672451
v 1.079579 0.198590 -0.672451
v -1.079579 -0.198590 -0.672451
v 1.079579 -0.198590 -0.672451
v 0.180432 1.082591 -0.672725
v 0.180432 -1.082591 -0.672725
v -0.180432 -1.082591 -0.672725
v -0.180432 1.082591 -0.672725
v 0.971461 0.597236 -0.597236
v -0.971461 0.597236 -0.597236
v -0.971461 -0.597236 -0.597236
v 0.971461 -0.597236 -0.597236
v 0.528992 -0.829845 -0.829845
v 0.528992 0.829845 0.829845
v 0.653736 1.052033 -0.350678
v 0.653736 1.052033 0.350678
v 0.653736 -1.052033 -0.350678
v 0.653736 -1.052033 0.350678
v 0.679432 -1.093385 0.000000
v 0.679432 1.093385 0.000000
v 0.699879 0.066032 -1.078392
v 0.699686 0.054689 -1.072241
v 0.699879 -0.066032 -1.078392
v 0.699686 -0.054708 -1.072241
v 0.699879 0.066032 1.078392
v 0.699686 0.054689 1.071923
v 0.699879 -0.066032 1.078392
v 0.699686 -0.054708 1.071923
v 0.694834 0.054357 -1.058489
v 0.690119 0.040590 -1.060154
v 0.694834 -0.054357 -1.058489
v 0.690119 -0.040590 -1.060154
v 0.694834 0.054357 1.058489
v 0.690119 0.040590 1.060154
v 0.694834 -0.054357 1.058489
v 0.690119 -0.040590 1.060154
v 0.637789 -0.328276 1.068915
v 0.637789 0.328276 1.068915
v 0.637789 -0.328276 -1.068915
v 0.637789 0.328276 -1.068915
v 0.672725 1.082591 -0.180432
v 0.672725 -1.082591 -0.180432
v 0.672725 -1.082591 0.180432
v 0.672725 1.082591 0.180432
v 0.672451 0.198590 -1.079579
v 0.672451 0.198590 1.079579
v 0.672451 -0.198590 1.079579
v 0.672451 -0.198590 -1.079579
v 0.597236 0.597236 0.971461
v 0.597236 0.597236 -0.971461
v 0.597236 -0.597236 -0.971461
v 0.597236 -0.597236 0.971461
v 0.604724 0.962152 0.604724
v 0.604724 -0.962152 0.604724
v 0.604724 -0.962152 -0.604724
v 0.604724 0.962152 -0.604724
v -0.528992 0.829845 -0.829845
v -0.528992 -0.829845 0.829845
v -0.653736 1.052033 -0.350678
v -0.653736 1.052033 0.350678
v -0.653736 -1.052033 -0.350678
v -0.653736 -1.052033 0.350678
v -0.679432 -1.093385 0.000000
v -0.679432 1.093385 0.000000
v -0.699879 0.066032 -1.078392
v -0.700007 0.054689 -1.072241
v -0.699879 -0.066032 -1.078392
v -0.703032 -0.054947 -1.076962
v -0.691847 -0.054120 -1.053852
v -0.690119 -0.040590 -1.060154
v -0.699879 0.066032 1.078392
v -0.700007 0.054689 1.071923
v -0.699879 -0.066032 1.078392
v -0.700007 -0.054708 1.071923
v -0.694834 0.054357 1.058489
v -0.690119 0.040590 1.060154
v -0.694834 -0.054357 1.058489
v -0.690119 -0.040590 1.060154
v -0.694834 0.054357 -1.058489
v -0.690119 0.040590 -1.060154
v -0.637789 -0.328276 1.068915
v -0.637789 0.328276 1.068915
v -0.637789 -0.328276 -1.068915
v -0.637789 0.328276 -1.068915
v -0.672725 1.082591 -0.180432
v -0.672725 -1.082591 -0.180432
v -0.672725 -1.082591 0.180432
v -0.672725 1.082591 0.180432
v -0.672451 0.198590 1.079579
v -0.672451 0.198590 -1.079579
v -0.672451 -0.198590 -1.079579
v -0.672451 -0.198590 1.079579
v -0.597236 0.597236 -0.971461
v -0.597236 0.597236 0.971461
v -0.597236 -0.597236 -0.971461
v -0.597236 -0.597236 0.971461
v -0.604724 -0.962152 0.604724
v -0.604724 0.962152 0.604724
v -0.604724 -0.962152 -0.604724
v -0.604724 0.962152 -0.604724
v 0.329940 1.059236 -0.615078
v -0.329940 1.059236 -0.615078
v -0.615078 1.059236 -0.329940
v -0.615078 1.059236 0.329940
v -0.639254 1.098143 -0.000000
v -0.000000 1.098143 -0.639254
v -0.632944 1.087987 -0.169762
v -0.632944 1.087987 0.169762
v 0.169762 1.087987 -0.632944
v -0.169762 1.087987 -0.632944
v 0.329940 1.059236 0.615078
v -0.329940 1.059236 0.615078
v -0.000000 1.098143 0.639254
v 0.169762 1.087987 0.632944
v -0.169762 1.087987 0.632944
v -0.568964 0.974670 0.568964
v -0.568964 0.974670 -0.568964
v 0.615078 1.059236 -0.329940
v 0.615078 1.059236 0.329940
v 0.639254 1.098143 -0.000000
v 0.632944 1.087987 -0.169762
v 0.632944 1.087987 0.169762
v 0.568964 0.974670 0.568964
v 0.568964 0.974670 -0.568964
v -0.000000 1.267712 0.199115
v -0.000000 1.104820 -0.639254
v 0.196477 1.252180 -0.196477
v -0.196477 1.252180 -0.196477
v -0.632944 1.094853 -0.169762
v 0.196477 1.252180 0.196477
v -0.632944 1.094853 0.169762
v -0.196477 1.252180 0.196477
v 0.169762 1.094853 -0.632944
v -0.169762 1.094853 -0.632944
v 0.329940 1.066633 0.615078
v -0.329940 1.066633 0.615078
v -0.000000 1.104820 0.639254
v 0.169762 1.094853 0.632944
v -0.169762 1.094853 0.632944
v -0.568964 0.983631 0.568964
v -0.568964 0.983631 -0.568964
v 0.615078 1.066633 -0.329940
v 0.615078 1.066633 0.329940
v 0.639254 1.104820 -0.000000
v 0.632944 1.094853 -0.169762
v 0.632944 1.094853 0.169762
v 0.568964 0.983631 0.568964
v 0.568964 0.983631 -0.568964
v -0.333676 -1.056308 -0.622042
v 0.333676 -1.056308 -0.622042
v 0.622042 -1.056308 -0.333676
v 0.622042 -1.056308 0.333676
v 0.646493 -1.095655 0.000000
v -0.000000 -1.095655 -0.646493
v 0.640111 -1.085384 -0.171684
v 0.640111 -1.085384 0.171684
v 0.171684 -1.085384 -0.640111
v -0.171684 -1.085384 -0.640111
v -0.333676 -1.056308 0.622042
v 0.333676 -1.056308 0.622042
v -0.000000 -1.095655 0.646493
v 0.171684 -1.085384 0.640111
v -0.171684 -1.085384 0.640111
v 0.575406 -0.970784 0.575406
v 0.575406 -0.970784 -0.575406
v -0.622042 -1.056308 -0.333676
v -0.622042 -1.056308 0.333676
v -0.646493 -1.095655 0.000000
v -0.640111 -1.085384 -0.171684
v -0.640111 -1.085384 0.171684
v -0.575406 -0.970784 0.575406
v -0.575406 -0.970784 -0.575406
v -0.000000 -1.270787 0.201369
v -0.000000 -1.106051 -0.646493
v -0.198702 -1.255080 -0.198702
v 0.198702 -1.255080 -0.198702
v 0.640111 -1.095971 -0.171684
v -0.198702 -1.255080 0.198702
v 0.640111 -1.095971 0.171684
v 0.198702 -1.255080 0.198702
v 0.171684 -1.095971 -0.640111
v -0.171684 -1.095971 -0.640111
v -0.333676 -1.067432 0.622042
v 0.333676 -1.067432 0.622042
v -0.000000 -1.106051 0.646493
v 0.171684 -1.095971 0.640111
v -0.171684 -1.095971 0.640111
v 0.575406 -0.983490 0.575406
v 0.575406 -0.983490 -0.575406
v -0.622042 -1.067432 -0.333676
v -0.622042 -1.067432 0.333676
v -0.646493 -1.106051 0.000000
v -0.640111 -1.095971 -0.171684
v -0.640111 -1.095971 0.171684
v -0.575406 -0.983490 0.575406
v -0.575406 -0.983490 -0.575406
v 0.835201 0.532162 -0.835201
v 0.887218 0.315613 -0.887218
v 0.835201 0.532162 0.835201
v 0.887218 0.315613 0.887218
v 0.887218 -0.315613 0.887218
v -0.887218 0.315613 0.887218
v 0.887218 -0.315613 -0.887218
v -0.887218 -0.315613 -0.887218
v 0.326148 0.471373 1.140456
v -0.000000 0.576268 1.147327
v -0.326148 0.471373 1.140456
v 1.140456 0.471373 -0.326148
v 1.147327 0.576268 0.000000
v 1.140456 0.471373 0.326148
v -0.326148 0.471373 -1.140456
v 0.000000 0.576268 -1.147327
v 0.326148 0.471373 -1.140456
v -1.140456 0.471373 0.326148
v -1.147327 0.576268 -0.000000
v -1.140456 0.471373 -0.326148
v -1.149039 0.543636 -0.170835
v 1.149039 0.543636 -0.170835
v -1.149039 0.543636 0.170835
v 1.149039 0.543636 0.170835
v 0.170835 0.543636 -1.149039
v 0.170835 0.543636 1.149039
v -0.170835 0.543636 1.149039
v -0.170835 0.543636 -1.149039
v 1.023189 0.454474 0.618761
v -1.023189 0.454474 0.618761
v -1.023189 0.454474 -0.618761
v 1.023189 0.454474 -0.618761
v 0.618761 0.454474 -1.023189
v 0.618761 0.454474 1.023189
v -0.618761 0.454474 1.023189
v -0.618761 0.454474 -1.023189
v -0.862812 0.417219 -0.862812
v 0.862812 0.417219 -0.862812
v 0.862812 0.417219 0.862812
v -0.862812 0.417219 0.862812
v -0.326332 -0.485726 1.134286
v 1.134286 -0.485726 0.326332
v 0.326332 -0.485726 -1.134286
v -1.134286 -0.485726 -0.326332
v 0.326332 -0.485726 1.134286
v -0.000000 -0.587784 1.140996
v 1.134286 -0.485726 -0.326332
v 1.140996 -0.587784 0.000000
v -0.326332 -0.485726 -1.134286
v 0.000000 -0.587784 -1.140996
v -1.134286 -0.485726 0.326332
v -1.140996 -0.587784 -0.000000
v -1.143142 -0.555362 -0.170383
v 1.143142 -0.555362 -0.170383
v 1.143142 -0.555362 0.170383
v -1.143142 -0.555362 0.170383
v 0.170383 -0.555362 -1.143142
v 0.170383 -0.555362 1.143142
v -0.170383 -0.555362 1.143142
v -0.170383 -0.555362 -1.143142
v -1.018728 -0.466787 0.616905
v 1.018728 -0.466787 0.616905
v -1.018728 -0.466787 -0.616905
v 1.018728 -0.466787 -0.616905
v 0.616905 -0.466787 -1.018728
v 0.616905 -0.466787 1.018728
v -0.616905 -0.466787 -1.018728
v -0.616905 -0.466787 1.018728
v -0.860430 -0.427133 0.860430
v -0.860430 -0.427133 -0.860430
v 0.860430 -0.427133 -0.860430
v 0.860430 -0.427133 0.860430
vn 0.0191 -0.9237 0.3827
vn 0.0217 -0.7209 0.6927
vn -0.0362 -0.7399 0.6717
vn -0.0387 -0.9304 0.3646
vn -0.3827 -0.9237 0.0191
vn -0.6927 -0.7209 0.0217
vn -0.6717 -0.7399 -0.0362
vn -0.3646 -0.9304 -0.0387
vn -0.0191 -0.9237 -0.3827
vn -0.0217 -0.7209 -0.6927
vn 0.0362 -0.7399 -0.6717
vn 0.0387 -0.9304 -0.3646
vn 0.3827 -0.9237 -0.0191
vn 0.6927 -0.7209 -0.0217
vn 0.6717 -0.7399 0.0362
vn 0.3646 -0.9304 0.0387
vn 0.4911 0.7194 0.4911
vn 0.2767 0.7549 0.5947
vn 0.2605 0.6809 0.6845
vn 0.4038 0.6418 0.6519
vn -0.1312 0.7785 0.6138
vn -0.2767 0.7549 0.5947
vn -0.2605 0.6809 0.6845
vn -0.1271 0.7029 0.6998
vn -0.1497 0.9342 -0.3237
vn -0.3111 0.8980 -0.3111
vn -0.3237 0.9342 -0.1497
vn -0.1565 0.9752 -0.1565
vn 0.3984 0.8696 -0.2917
vn 0.3111 0.8980 -0.3111
vn 0.3237 0.9342 -0.1497
vn 0.4122 0.9003 -0.1399
vn 0.1497 0.9342 -0.3237
vn -0.0000 0.9449 -0.3272
vn -0.0000 0.9874 -0.1584
vn 0.1565 0.9752 -0.1565
vn 0.1399 0.9003 -0.4122
vn -0.0000 0.9093 -0.4161
vn -0.4911 0.7194 -0.4911
vn -0.6519 0.6418 -0.4038
vn -0.6845 0.6809 -0.2605
vn -0.5947 0.7549 -0.2767
vn -0.6138 0.7785 0.1312
vn -0.6998 0.7029 0.1271
vn -0.6845 0.6809 0.2605
vn -0.5947 0.7549 0.2767
vn -0.4911 -0.7194 0.4911
vn -0.2767 -0.7549 0.5947
vn -0.2605 -0.6809 0.6845
vn -0.4038 -0.6418 0.6519
vn 0.1312 -0.7785 0.6138
vn 0.2767 -0.7549 0.5947
vn 0.2605 -0.6809 0.6845
vn 0.1271 -0.7029 0.6998
vn 0.1497 -0.9342 -0.3237
vn 0.3111 -0.8980 -0.3111
vn 0.3237 -0.9342 -0.1497
vn 0.1565 -0.9752 -0.1565
vn -0.3984 -0.8696 -0.2917
vn -0.3111 -0.8980 -0.3111
vn -0.3237 -0.9342 -0.1497
vn -0.4122 -0.9003 -0.1399
vn -0.1497 -0.9342 -0.3237
vn -0.0000 -0.9449 -0.3272
vn -0.0000 -0.9874 -0.1584
vn -0.1565 -0.9752 -0.1565
vn -0.1399 -0.9003 -0.4122
vn -0.0000 -0.9093 -0.4161
vn 0.4911 -0.7194 -0.4911
vn 0.6519 -0.6418 -0.4038
vn 0.6845 -0.6809 -0.2605
vn 0.5947 -0.7549 -0.2767
vn 0.6138 -0.7785 0.1312
vn 0.6998 -0.7029 0.1271
vn 0.6845 -0.6809 0.2605
vn 0.5947 -0.7549 0.2767
vn 0.3827 0.9237 -0.0191
vn -0.0000 0.9998 -0.0211
vn -0.0000 0.9991 0.0433
vn 0.3646 0.9304 0.0387
vn 0.5244 -0.1666 -0.8350
vn 0.5498 -0.1173 -0.8270
vn 0.7028 -0.1100 -0.7028
vn 0.6996 -0.1458 -0.6996
vn -0.3827 0.9237 -0.0191
vn -0.6927 0.7209 -0.0217
vn -0.6717 0.7399 0.0362
vn -0.3646 0.9304 0.0387
vn 0.8891 0.4570 -0.0258
vn 0.6927 0.7209 -0.0217
vn 0.6717 0.7399 0.0362
vn 0.8717 0.4879 0.0459
vn 0.8357 0.5327 0.1335
vn 0.6998 0.7029 0.1271
vn 0.6845 0.6809 0.2605
vn 0.8275 0.4869 0.2796
vn 0.8350 -0.1666 -0.5244
vn 0.8270 -0.1173 -0.5498
vn 0.8813 -0.1258 -0.4555
vn 0.8821 -0.2047 -0.4243
vn 0.1335 0.5327 0.8357
vn 0.1271 0.7029 0.6998
vn -0.0000 0.7106 0.7036
vn -0.0000 0.5579 0.8299
vn -0.0191 0.9237 -0.3827
vn -0.0211 0.9998 -0.0000
vn 0.0433 0.9991 -0.0000
vn 0.0387 0.9304 -0.3646
vn -0.5244 -0.1666 0.8350
vn -0.5498 -0.1173 0.8270
vn -0.7028 -0.1100 0.7028
vn -0.6996 -0.1458 0.6996
vn -0.0191 0.9237 0.3827
vn -0.0217 0.7209 0.6927
vn 0.0362 0.7399 0.6717
vn 0.0387 0.9304 0.3646
vn -0.0258 0.4570 -0.8891
vn -0.0217 0.7209 -0.6927
vn 0.0362 0.7399 -0.6717
vn 0.0459 0.4879 -0.8717
vn 0.1335 0.5327 -0.8357
vn 0.1271 0.7029 -0.6998
vn 0.2605 0.6809 -0.6845
vn 0.2796 0.4869 -0.8275
vn -0.8850 -0.4395 0.1536
vn -0.8798 -0.4316 0.1990
vn -0.8843 -0.4670 -0.0000
vn -0.8844 -0.4667 -0.0000
vn 0.8357 0.5327 -0.1335
vn 0.6998 0.7029 -0.1271
vn 0.7036 0.7106 -0.0000
vn 0.8299 0.5579 -0.0000
vn -0.3827 0.9237 0.0191
vn -0.0000 0.9998 0.0211
vn -0.0000 0.9991 -0.0433
vn -0.3646 0.9304 -0.0387
vn 0.4601 -0.3541 0.8142
vn 0.4783 -0.2891 0.8292
vn 0.3477 -0.3452 0.8717
vn 0.3040 -0.3878 0.8702
vn 0.3827 0.9237 0.0191
vn 0.6927 0.7209 0.0217
vn 0.6717 0.7399 -0.0362
vn 0.3646 0.9304 -0.0387
vn -0.8891 0.4570 0.0258
vn -0.6927 0.7209 0.0217
vn -0.6717 0.7399 -0.0362
vn -0.8717 0.4879 -0.0459
vn -0.8357 0.5327 -0.1335
vn -0.6998 0.7029 -0.1271
vn -0.8275 0.4869 -0.2796
vn 0.5244 0.1666 0.8350
vn 0.4785 0.2891 0.8291
vn 0.3486 0.3451 0.8714
vn 0.4243 0.2047 0.8821
vn -0.1335 0.5327 -0.8357
vn -0.1271 0.7029 -0.6998
vn -0.0000 0.7106 -0.7036
vn -0.0000 0.5579 -0.8299
vn 0.0191 0.9237 0.3827
vn 0.0211 0.9998 -0.0000
vn -0.0433 0.9991 -0.0000
vn -0.0387 0.9304 0.3646
vn 0.8142 -0.3541 -0.4601
vn 0.8292 -0.2891 -0.4784
vn 0.8717 -0.3452 -0.3477
vn 0.8702 -0.3878 -0.3040
vn 0.0191 0.9237 -0.3827
vn 0.0217 0.7209 -0.6927
vn -0.0362 0.7399 -0.6717
vn -0.0387 0.9304 -0.3646
vn 0.0258 0.4570 0.8891
vn 0.0217 0.7209 0.6927
vn -0.0362 0.7399 0.6717
vn -0.0459 0.4879 0.8717
vn -0.0163 -0.0076 0.9998
vn -0.0122 -0.0047 0.9999
vn -0.0000 -0.0052 1.0000
vn -0.0000 -0.0117 0.9999
vn -0.8357 0.5327 0.1335
vn -0.7036 0.7106 -0.0000
vn -0.8299 0.5579 -0.0000
vn 0.9998 -0.0076 -0.0163
vn 0.9999 -0.0047 -0.0122
vn 0.9708 0.0614 0.2320
vn 0.9999 -0.0061 -0.0148
vn -0.0163 -0.0076 -0.9998
vn -0.0122 -0.0047 -0.9999
vn 0.2320 0.0614 -0.9708
vn -0.0148 -0.0061 -0.9999
vn -0.9998 -0.0076 0.0163
vn -0.9999 -0.0047 0.0122
vn -0.9708 0.0614 -0.2320
vn -0.9999 -0.0061 0.0148
vn 0.1536 -0.4395 0.8850
vn 0.1990 -0.4316 0.8798
vn -0.0000 -0.4670 0.8843
vn -0.0000 -0.4667 0.8844
vn -0.0258 -0.4570 -0.8891
vn -0.0266 -0.2186 -0.9754
vn 0.0355 -0.2386 -0.9705
vn 0.0459 -0.4879 -0.8717
vn -0.5244 0.1666 -0.8350
vn -0.4785 0.2891 -0.8291
vn -0.3486 0.3451 -0.8714
vn -0.4243 0.2047 -0.8821
vn -0.8350 -0.1666 0.5244
vn -0.8270 -0.1173 0.5498
vn -0.8813 -0.1258 0.4555
vn -0.8821 -0.2047 0.4243
vn -0.1536 -0.4395 -0.8850
vn -0.1990 -0.4316 -0.8798
vn -0.0000 -0.4670 -0.8843
vn -0.0000 -0.4667 -0.8844
vn 0.0258 -0.4570 0.8891
vn 0.0266 -0.2186 0.9754
vn -0.0355 -0.2386 0.9705
vn -0.0459 -0.4879 0.8717
vn 0.8891 -0.4570 -0.0258
vn 0.9754 -0.2186 -0.0266
vn 0.9705 -0.2386 0.0355
vn 0.8717 -0.4879 0.0459
vn 0.8350 0.1666 -0.5244
vn 0.8291 0.2891 -0.4785
vn 0.8714 0.3451 -0.3486
vn 0.8821 0.2047 -0.4243
vn -0.4601 -0.3541 -0.8142
vn -0.4783 -0.2891 -0.8292
vn -0.3477 -0.3452 -0.8717
vn -0.3040 -0.3878 -0.8702
vn 0.8850 -0.4395 -0.1536
vn 0.8798 -0.4316 -0.1990
vn 0.8843 -0.4670 -0.0000
vn 0.8844 -0.4667 -0.0000
vn -0.8891 -0.4570 0.0258
vn -0.9754 -0.2186 0.0266
vn -0.9705 -0.2386 -0.0355
vn -0.8717 -0.4879 -0.0459
vn -0.8350 0.1666 0.5244
vn -0.8291 0.2891 0.4785
vn -0.8714 0.3451 0.3486
vn -0.8821 0.2047 0.4243
vn 0.0191 -0.9237 -0.3827
vn 0.0211 -0.9998 -0.0000
vn -0.0433 -0.9991 -0.0000
vn -0.0387 -0.9304 -0.3646
vn -0.5244 -0.1666 -0.8350
vn -0.5446 0.0987 -0.8328
vn -0.4555 -0.1258 -0.8813
vn -0.4243 -0.2047 -0.8821
vn -0.0191 -0.9237 0.3827
vn -0.0211 -0.9998 -0.0000
vn 0.0433 -0.9991 -0.0000
vn 0.0387 -0.9304 0.3646
vn -0.8350 -0.1666 -0.5244
vn -0.8198 0.1934 -0.5391
vn -0.7049 0.0911 -0.7035
vn -0.6996 -0.1458 -0.6996
vn 0.3827 -0.9237 0.0191
vn -0.0000 -0.9998 0.0211
vn -0.0000 -0.9991 -0.0433
vn 0.3646 -0.9304 -0.0387
vn -0.0166 0.9997 0.0158
vn -0.0238 0.9994 0.0237
vn -0.0237 0.9994 0.0238
vn -0.0196 0.9997 0.0166
vn -0.9998 -0.0076 -0.0163
vn -0.9999 -0.0047 -0.0122
vn -1.0000 -0.0052 -0.0000
vn -0.9999 -0.0117 -0.0000
vn 0.0163 -0.0076 -0.9998
vn 0.0122 -0.0047 -0.9999
vn -0.0000 -0.0052 -1.0000
vn -0.0000 -0.0117 -0.9999
vn 0.9998 -0.0076 0.0163
vn 0.9999 -0.0047 0.0122
vn 1.0000 -0.0052 -0.0000
vn 0.9999 -0.0117 -0.0000
vn 0.0163 -0.0076 0.9998
vn 0.0122 -0.0047 0.9999
vn -0.2320 0.0614 0.9708
vn 0.0148 -0.0061 0.9999
vn -0.1335 0.5327 0.8357
vn -0.2796 0.4869 0.8275
vn -0.4410 0.4555 -0.7733
vn -0.4038 0.6418 -0.6519
vn -0.2605 0.6809 -0.6845
vn -0.2796 0.4869 -0.8275
vn -0.3827 -0.9237 -0.0191
vn -0.0000 -0.9998 -0.0211
vn -0.0000 -0.9991 0.0433
vn -0.3646 -0.9304 0.0387
vn 0.7733 0.4555 -0.4410
vn 0.6519 0.6418 -0.4038
vn 0.6845 0.6809 -0.2605
vn 0.8275 0.4869 -0.2796
vn 0.4410 0.4555 0.7733
vn 0.2796 0.4869 0.8275
vn 0.8350 -0.1666 0.5244
vn 0.8270 -0.1173 0.5498
vn 0.7028 -0.1100 0.7028
vn 0.6996 -0.1458 0.6996
vn -0.8142 -0.3541 0.4601
vn -0.8292 -0.2891 0.4783
vn -0.8717 -0.3452 0.3477
vn -0.8702 -0.3878 0.3040
vn 0.9998 0.0076 -0.0163
vn 0.9998 0.0088 -0.0169
vn 0.9997 0.0004 -0.0246
vn 0.9999 0.0061 -0.0148
vn -0.9998 0.0076 0.0163
vn -0.9998 0.0088 0.0169
vn -0.9997 0.0004 0.0246
vn -0.9999 0.0061 0.0148
vn 0.8850 -0.4395 0.1536
vn 0.8798 -0.4316 0.1990
vn 0.8717 -0.3452 0.3477
vn 0.8702 -0.3878 0.3040
vn -0.9998 0.0076 -0.0163
vn -0.9998 0.0088 -0.0169
vn -0.9999 0.0129 -0.0000
vn -0.9999 0.0117 -0.0000
vn 0.9998 0.0076 0.0163
vn 0.9998 0.0088 0.0169
vn 0.9999 0.0129 -0.0000
vn 0.9999 0.0117 -0.0000
vn 0.0258 -0.4570 -0.8891
vn 0.0217 -0.7209 -0.6927
vn -0.0362 -0.7399 -0.6717
vn -0.0459 -0.4879 -0.8717
vn 0.0258 0.4570 -0.8891
vn 0.0266 0.2186 -0.9754
vn -0.0355 0.2386 -0.9705
vn -0.0459 0.4879 -0.8717
vn -0.0258 -0.4570 0.8891
vn -0.0217 -0.7209 0.6927
vn 0.0362 -0.7399 0.6717
vn 0.0459 -0.4879 0.8717
vn -0.8850 -0.4395 -0.1536
vn -0.8798 -0.4316 -0.1990
vn -0.8717 -0.3452 -0.3477
vn -0.8702 -0.3878 -0.3040
vn -0.0258 0.4570 0.8891
vn -0.0266 0.2186 0.9754
vn 0.0355 0.2386 0.9705
vn 0.0459 0.4879 0.8717
vn 0.6138 -0.7785 -0.1312
vn 0.6998 -0.7029 -0.1271
vn 0.7036 -0.7106 -0.0000
vn 0.6190 -0.7854 -0.0000
vn -0.1565 -0.9752 0.1565
vn -0.0000 -0.9874 0.1584
vn -0.0000 -0.9449 0.3272
vn -0.1497 -0.9342 0.3237
vn -0.0000 -1.0000 -0.0000
vn -0.1584 -0.9874 -0.0000
vn -0.6138 0.7785 -0.1312
vn -0.6190 0.7854 -0.0000
vn 0.1565 0.9752 0.1565
vn -0.0000 0.9874 0.1584
vn -0.0000 0.9449 0.3272
vn 0.1497 0.9342 0.3237
vn -0.0000 1.0000 -0.0000
vn 0.1584 0.9874 -0.0000
vn 0.3272 0.9449 -0.0000
vn 0.4161 0.9093 -0.0000
vn -0.3272 -0.9449 -0.0000
vn -0.4161 -0.9093 -0.0000
vn 0.0163 0.0076 0.9998
vn 0.0169 0.0088 0.9998
vn 0.0246 0.0004 0.9997
vn 0.0148 0.0061 0.9999
vn -0.0163 0.0076 -0.9998
vn -0.0169 0.0088 -0.9998
vn -0.0246 0.0004 -0.9997
vn -0.0148 0.0061 -0.9999
vn 0.1536 -0.4395 -0.8850
vn 0.1990 -0.4316 -0.8798
vn 0.3477 -0.3452 -0.8717
vn 0.3040 -0.3878 -0.8702
vn -0.1536 -0.4395 0.8850
vn -0.1990 -0.4316 0.8798
vn -0.3477 -0.3452 0.8717
vn -0.3040 -0.3878 0.8702
vn 0.0163 0.0076 -0.9998
vn 0.0169 0.0088 -0.9998
vn -0.0000 0.0129 -0.9999
vn -0.0000 0.0117 -0.9999
vn -0.0163 0.0076 0.9998
vn -0.0169 0.0088 0.9998
vn -0.0000 0.0129 0.9999
vn -0.0000 0.0117 0.9999
vn 0.8891 -0.4570 0.0258
vn 0.6927 -0.7209 0.0217
vn 0.6717 -0.7399 -0.0362
vn 0.8717 -0.4879 -0.0459
vn 0.8891 0.4570 0.0258
vn 0.9754 0.2186 0.0266
vn 0.9705 0.2386 -0.0355
vn 0.8717 0.4879 -0.0459
vn -0.8891 -0.4570 -0.0258
vn -0.6927 -0.7209 -0.0217
vn -0.6717 -0.7399 0.0362
vn -0.8717 -0.4879 0.0459
vn -0.8891 0.4570 -0.0258
vn -0.9754 0.2186 -0.0266
vn -0.9705 0.2386 0.0355
vn -0.8717 0.4879 0.0459
vn 0.3272 -0.9449 -0.0000
vn 0.1584 -0.9874 -0.0000
vn 0.1565 -0.9752 0.1565
vn 0.3237 -0.9342 0.1497
vn 0.3111 -0.8980 0.3111
vn 0.1497 -0.9342 0.3237
vn -0.1312 -0.7785 0.6138
vn -0.0000 -0.7854 0.6190
vn -0.0000 -0.7106 0.7036
vn -0.1271 -0.7029 0.6998
vn -0.3272 0.9449 -0.0000
vn -0.1584 0.9874 -0.0000
vn -0.1565 0.9752 0.1565
vn -0.3237 0.9342 0.1497
vn -0.3111 0.8980 0.3111
vn -0.1497 0.9342 0.3237
vn 0.1312 0.7785 0.6138
vn -0.0000 0.7854 0.6190
vn -0.8489 -0.0859 -0.5215
vn -0.7061 -0.0529 -0.7061
vn -0.7028 -0.0958 -0.7049
vn -0.8500 0.0462 -0.5248
vn -0.8489 -0.0859 0.5215
vn -0.9708 -0.0614 0.2320
vn -0.9708 0.0614 0.2320
vn -0.8489 0.0859 0.5215
vn -0.5215 -0.0859 -0.8489
vn -0.2320 -0.0614 -0.9708
vn -0.2365 0.0003 -0.9716
vn -0.5241 -0.0550 -0.8499
vn -0.5215 -0.0859 0.8489
vn -0.7061 -0.0529 0.7061
vn -0.7061 0.0529 0.7061
vn -0.5215 0.0859 0.8489
vn 0.0158 0.9997 -0.0166
vn 0.0136 0.9999 -0.0082
vn 0.0167 0.9997 -0.0196
vn 0.0168 0.9997 -0.0159
vn 0.0237 0.9994 -0.0238
vn 0.0238 0.9994 -0.0237
vn 0.0195 0.9997 -0.0167
vn -0.0185 0.9996 -0.0216
vn -0.0250 0.9994 -0.0252
vn -0.0189 0.9996 -0.0230
vn 0.0161 -0.9998 -0.0154
vn 0.0076 -0.9999 -0.0133
vn 0.0187 -0.9997 -0.0161
vn -0.9999 0.0047 0.0122
vn -0.9708 -0.0614 -0.2320
vn 0.8489 -0.0859 0.5215
vn 0.7061 -0.0529 0.7061
vn 0.7061 0.0529 0.7061
vn 0.8489 0.0859 0.5215
vn 0.5215 -0.0859 -0.8489
vn 0.7061 -0.0529 -0.7061
vn 0.7061 0.0529 -0.7061
vn 0.5215 0.0859 -0.8489
vn 0.0122 0.0047 0.9999
vn -0.2320 -0.0614 0.9708
vn -0.7733 0.4555 0.4410
vn -0.6519 0.6418 0.4038
vn -0.8275 0.4869 0.2796
vn -0.9999 0.0047 -0.0122
vn -1.0000 0.0052 -0.0000
vn 0.0122 0.0047 -0.9999
vn -0.0000 0.0052 -1.0000
vn -0.0122 0.0047 -0.9999
vn 0.2320 -0.0614 -0.9708
vn 0.9999 0.0047 0.0122
vn 1.0000 0.0052 -0.0000
vn 0.9999 0.0047 -0.0122
vn 0.9708 -0.0614 0.2320
vn -0.0122 0.0047 0.9999
vn -0.0000 0.0052 1.0000
vn 0.8489 -0.0859 -0.5215
vn 0.9708 -0.0614 -0.2320
vn 0.9708 0.0614 -0.2320
vn 0.8489 0.0859 -0.5215
vn 0.0169 0.9997 0.0161
vn 0.0082 0.9999 0.0137
vn 0.0199 0.9997 0.0169
vn -0.0154 -0.9998 0.0161
vn -0.0228 -0.9995 0.0227
vn -0.0227 -0.9995 0.0228
vn -0.0161 -0.9997 0.0187
vn 0.0162 -0.9997 0.0155
vn 0.0231 -0.9995 0.0231
vn 0.0191 -0.9997 0.0163
vn 0.5215 -0.0859 0.8489
vn 0.2320 -0.0614 0.9708
vn 0.2320 0.0614 0.9708
vn 0.5215 0.0859 0.8489
vn -0.0159 0.9997 0.0168
vn -0.0136 0.9999 0.0081
vn -0.0167 0.9997 0.0195
vn 0.0155 -0.9997 0.0162
vn 0.0134 -0.9999 0.0077
vn 0.0163 -0.9997 0.0191
vn -0.0170 0.9997 -0.0161
vn -0.0080 0.9999 -0.0136
vn -0.0200 0.9997 -0.0169
vn -0.0158 -0.9998 -0.0152
vn -0.0224 -0.9995 -0.0224
vn -0.0185 -0.9997 -0.0158
vn -0.0152 -0.9998 -0.0158
vn -0.0133 -0.9999 -0.0076
vn -0.0158 -0.9997 -0.0185
vn 0.0153 -0.9998 -0.0159
vn 0.0227 -0.9995 -0.0228
vn 0.0228 -0.9995 -0.0227
vn 0.0160 -0.9997 -0.0188
vn -0.0159 -0.9998 0.0153
vn -0.0077 -0.9999 0.0134
vn -0.0188 -0.9997 0.0160
vn 0.0161 0.9997 0.0169
vn 0.0241 0.9994 0.0241
vn 0.0169 0.9997 0.0199
vn -0.9730 0.2273 -0.0413
vn -0.9916 0.1288 -0.0079
vn -0.9754 -0.2186 -0.0266
vn -0.9916 -0.1288 -0.0079
vn -0.9730 -0.2273 -0.0413
vn 0.9730 -0.2273 -0.0413
vn 0.9916 -0.1288 -0.0079
vn 0.9754 0.2186 -0.0266
vn 0.9916 0.1288 -0.0079
vn 0.9730 0.2273 -0.0413
vn -0.0413 0.2273 0.9730
vn -0.0079 0.1288 0.9916
vn -0.0266 -0.2186 0.9754
vn -0.0079 -0.1288 0.9916
vn -0.0413 -0.2273 0.9730
vn -0.0413 -0.2273 -0.9730
vn -0.0079 -0.1288 -0.9916
vn -0.0266 0.2186 -0.9754
vn -0.0079 0.1288 -0.9916
vn -0.0413 0.2273 -0.9730
vn 0.9730 0.2273 0.0413
vn 0.9916 0.1288 0.0079
vn 0.9754 -0.2186 0.0266
vn 0.9916 -0.1288 0.0079
vn 0.9730 -0.2273 0.0413
vn -0.9730 -0.2273 0.0413
vn -0.9916 -0.1288 0.0079
vn -0.9754 0.2186 0.0266
vn -0.9916 0.1288 0.0079
vn -0.9730 0.2273 0.0413
vn 0.0413 0.2273 -0.9730
vn 0.0079 0.1288 -0.9916
vn 0.0266 -0.2186 -0.9754
vn 0.0079 -0.1288 -0.9916
vn 0.0413 -0.2273 -0.9730
vn 0.0413 -0.2273 0.9730
vn 0.0079 -0.1288 0.9916
vn 0.0266 0.2187 0.9754
vn 0.0079 0.1288 0.9916
vn 0.0413 0.2273 0.9730
vn -0.9266 -0.2358 0.2930
vn -0.9705 -0.2386 0.0355
vn -0.9544 -0.2787 0.1068
vn -0.9266 0.2358 0.2930
vn -0.9544 0.2787 0.1068
vn 0.9266 -0.2358 0.2930
vn 0.9544 -0.2787 0.1068
vn 0.9266 0.2358 0.2930
vn 0.9705 0.2386 0.0355
vn 0.9544 0.2787 0.1068
vn 0.2930 -0.2359 0.9265
vn 0.0355 -0.2386 0.9705
vn 0.1068 -0.2787 0.9544
vn 0.2930 0.2359 0.9265
vn 0.1068 0.2787 0.9544
vn 0.2930 0.2359 -0.9265
vn 0.0355 0.2386 -0.9705
vn 0.1068 0.2787 -0.9544
vn 0.2930 -0.2359 -0.9265
vn 0.1068 -0.2787 -0.9544
vn 0.9266 -0.2358 -0.2930
vn 0.9705 -0.2386 -0.0355
vn 0.9544 -0.2787 -0.1068
vn 0.9266 0.2358 -0.2930
vn 0.9544 0.2787 -0.1068
vn -0.9266 0.2358 -0.2930
vn -0.9705 0.2386 -0.0355
vn -0.9544 0.2787 -0.1068
vn -0.9266 -0.2358 -0.2930
vn -0.9544 -0.2787 -0.1068
vn -0.2930 -0.2359 -0.9265
vn -0.0355 -0.2386 -0.9705
vn -0.1068 -0.2787 -0.9544
vn -0.2930 0.2359 -0.9265
vn -0.1068 0.2787 -0.9544
vn -0.2931 -0.2359 0.9265
vn -0.1068 -0.2787 0.9544
vn -0.2930 0.2359 0.9265
vn -0.0355 0.2386 0.9705
vn -0.1068 0.2787 0.9544
vn 0.6925 0.7203 -0.0406
vn 0.3791 0.9246 -0.0376
vn 0.3791 -0.9246 -0.0376
vn 0.6925 -0.7203 -0.0406
vn -0.0406 0.7203 -0.6925
vn -0.0376 0.9246 -0.3791
vn -0.0376 -0.9246 -0.3791
vn -0.0406 -0.7203 -0.6925
vn -0.6925 0.7203 0.0406
vn -0.3791 0.9246 0.0376
vn -0.3791 -0.9246 0.0376
vn -0.6925 -0.7203 0.0406
vn 0.0406 0.7203 0.6925
vn 0.0376 0.9246 0.3791
vn 0.0376 -0.9246 0.3791
vn 0.0406 -0.7203 0.6925
vn 0.4232 0.9030 0.0738
vn 0.7411 0.6654 0.0897
vn 0.7411 -0.6654 0.0897
vn 0.4232 -0.9030 0.0738
vn 0.0738 0.9030 -0.4232
vn 0.0897 0.6654 -0.7411
vn 0.0897 -0.6654 -0.7411
vn 0.0738 -0.9030 -0.4232
vn -0.4232 0.9030 -0.0738
vn -0.7411 0.6654 -0.0897
vn -0.7411 -0.6654 -0.0897
vn -0.4232 -0.9030 -0.0738
vn -0.0738 0.9030 0.4232
vn -0.0897 0.6654 0.7411
vn -0.0897 -0.6654 0.7411
vn -0.0738 -0.9030 0.4232
vn -0.0413 0.9991 -0.0000
vn -0.0376 0.9246 0.3791
vn -0.0376 -0.9246 0.3791
vn -0.0413 -0.9991 -0.0000
vn 0.0413 0.9991 -0.0000
vn 0.0376 0.9246 -0.3791
vn 0.0376 -0.9246 -0.3791
vn 0.0413 -0.9991 -0.0000
vn 0.0738 0.9030 0.4232
vn 0.0863 0.9963 -0.0000
vn 0.0863 -0.9963 -0.0000
vn 0.0738 -0.9030 0.4232
vn -0.0738 0.9030 -0.4232
vn -0.0863 0.9963 -0.0000
vn -0.0863 -0.9963 -0.0000
vn -0.0738 -0.9030 -0.4232
vn -0.0000 0.9991 -0.0413
vn -0.3791 0.9246 -0.0376
vn -0.3791 -0.9246 -0.0376
vn -0.0000 -0.9991 -0.0413
vn -0.0000 0.9991 0.0413
vn 0.3791 0.9246 0.0376
vn 0.3791 -0.9246 0.0376
vn -0.0000 -0.9991 0.0413
vn -0.4232 0.9030 0.0738
vn -0.0000 0.9963 0.0863
vn -0.0000 -0.9963 0.0863
vn -0.4232 -0.9030 0.0738
vn 0.4232 0.9030 -0.0738
vn -0.0000 0.9963 -0.0863
vn -0.0000 -0.9963 -0.0863
vn 0.4232 -0.9030 -0.0738
vn -0.7260 -0.4995 0.4726
vn -0.7296 -0.5583 0.3949
vn -0.7228 -0.4757 0.5012
vn -0.7258 0.5000 0.4725
vn -0.6430 0.4138 0.6445
vn -0.6446 0.4137 0.6429
vn -0.7226 0.4762 0.5011
vn -0.8198 -0.1932 -0.5391
vn -0.6994 -0.1468 -0.6994
vn -0.6487 -0.3980 -0.6487
vn -0.7267 -0.4654 -0.5053
vn -0.7318 0.5548 -0.3958
vn -0.7265 0.4659 -0.5052
vn -0.8208 -0.1475 -0.5518
vn -0.7032 -0.1056 -0.7032
vn -0.5391 -0.1932 -0.8198
vn -0.3958 -0.5545 -0.7320
vn -0.5053 -0.4654 -0.7267
vn -0.6776 0.2933 -0.6744
vn -0.5514 0.2712 -0.7889
vn 0.4726 -0.4996 -0.7260
vn 0.6446 -0.4134 -0.6431
vn 0.6431 -0.4133 -0.6447
vn 0.5012 -0.4759 -0.7227
vn 0.4725 0.5001 -0.7257
vn 0.3948 0.5587 -0.7294
vn 0.5011 0.4763 -0.7225
vn 0.7245 -0.5044 -0.4698
vn 0.7276 -0.5616 -0.3940
vn 0.7210 -0.4776 -0.5021
vn 0.7243 0.5048 -0.4697
vn 0.6444 0.4140 -0.6429
vn 0.6429 0.4139 -0.6445
vn 0.7208 0.4780 -0.5019
vn 0.7207 -0.5109 0.4687
vn 0.6390 -0.4282 0.6390
vn 0.7171 -0.4876 0.4980
vn 0.7205 0.5113 0.4685
vn 0.7250 0.5656 0.3930
vn 0.7168 0.4881 0.4979
vn -0.5493 -0.1746 -0.8172
vn -0.6915 -0.1935 -0.6960
vn 0.4687 -0.5108 0.7207
vn 0.3931 -0.5653 0.7252
vn 0.4980 -0.4876 0.7171
vn 0.4685 0.5113 0.7205
vn 0.6388 0.4288 0.6388
vn 0.4979 0.4881 0.7169
vn -0.4698 -0.5043 0.7245
vn -0.6432 -0.4132 0.6447
vn -0.6447 -0.4132 0.6431
vn -0.5021 -0.4775 0.7211
vn -0.4697 0.5047 0.7243
vn -0.3940 0.5618 0.7274
vn -0.5020 0.4779 0.7208
vn 0.0445 -0.4305 -0.9015
vn 0.9015 0.4305 -0.0445
vn 0.0406 0.7203 -0.6925
vn 0.0444 0.4305 -0.9015
vn 0.9015 -0.4305 -0.0444
vn 0.6925 0.7203 0.0406
vn 0.9015 0.4305 0.0444
vn 0.0445 0.4305 0.9015
vn 0.9015 -0.4305 0.0445
vn 0.0444 -0.4305 0.9015
vn -0.0406 0.7203 0.6925
vn -0.0444 0.4305 0.9015
vn -0.9015 0.4305 0.0445
vn -0.0445 -0.4305 0.9015
vn -0.9015 -0.4305 0.0444
vn -0.6925 0.7203 -0.0406
vn -0.9015 0.4305 -0.0444
vn -0.0445 0.4305 -0.9015
vn -0.9015 -0.4305 -0.0445
vn -0.0444 -0.4305 -0.9015
vn -0.9362 0.3402 0.0881
vn -0.7411 0.6654 0.0897
vn -0.9362 -0.3402 0.0881
vn 0.9362 0.3402 0.0881
vn 0.9362 -0.3402 0.0881
vn 0.0881 0.3402 0.9362
vn 0.0897 0.6654 0.7411
vn 0.0881 -0.3402 0.9362
vn 0.0881 0.3402 -0.9362
vn 0.0881 -0.3402 -0.9362
vn 0.9362 0.3402 -0.0881
vn 0.7411 0.6654 -0.0897
vn 0.9362 -0.3402 -0.0881
vn -0.9362 0.3402 -0.0881
vn -0.9362 -0.3402 -0.0881
vn -0.0881 0.3402 -0.9362
vn -0.0897 0.6654 -0.7411
vn -0.0881 -0.3402 -0.9362
vn -0.0881 0.3402 0.9362
vn -0.0881 -0.3402 0.9362
vn 0.5518 -0.1475 -0.8208
vn 0.7032 -0.1056 -0.7032
vn 0.5518 0.1475 -0.8208
vn 0.4245 0.2107 -0.8806
vn 0.8208 -0.1475 -0.5518
vn 0.8806 -0.2107 -0.4245
vn -0.8208 -0.1475 0.5518
vn -0.8806 -0.2107 0.4245
vn -0.5518 -0.1475 0.8208
vn -0.7032 -0.1056 0.7032
vn 0.5518 -0.1475 0.8208
vn 0.4245 -0.2107 0.8806
vn -0.5518 0.1475 0.8208
vn -0.4245 0.2107 0.8806
vn -0.8208 0.1475 0.5518
vn -0.7032 0.1056 0.7032
vn 0.8208 0.1475 -0.5518
vn 0.7032 0.1056 -0.7032
vn 0.8208 -0.1475 0.5518
vn 0.7032 -0.1056 0.7032
vn -0.5518 -0.1475 -0.8208
vn -0.4245 -0.2107 -0.8806
vn 0.5518 0.1475 0.8208
vn 0.7032 0.1056 0.7032
vn 0.8208 0.1475 0.5518
vn 0.8806 0.2107 0.4245
vn -0.8258 0.0257 -0.5634
vn -0.8806 0.2107 -0.4245
vn 0.5244 -0.1666 0.8350
vn 0.5498 -0.1173 0.8270
vn 0.4555 -0.1258 0.8813
vn 0.4243 -0.2047 0.8821
vn 0.0897 -0.6654 0.7411
vn -0.0406 -0.7203 0.6925
vn 0.1399 -0.9003 -0.4122
vn 0.2917 -0.8696 -0.3984
vn -0.1399 0.9003 -0.4122
vn -0.2917 0.8696 -0.3984
vn 0.4122 0.9003 0.1399
vn 0.3237 0.9342 0.1497
vn 0.3111 0.8980 0.3111
vn 0.3984 0.8696 0.2917
vn 0.3846 0.8392 -0.3846
vn 0.2917 0.8696 -0.3984
vn -0.4122 -0.9003 0.1399
vn -0.3237 -0.9342 0.1497
vn -0.3111 -0.8980 0.3111
vn -0.3984 -0.8696 0.2917
vn -0.3846 -0.8392 -0.3846
vn -0.2917 -0.8696 -0.3984
vn 0.9999 0.0061 0.0148
vn 0.9997 0.0004 0.0246
vn 0.9999 -0.0061 0.0148
vn -0.0897 -0.6654 -0.7411
vn 0.0406 -0.7203 -0.6925
vn -0.1699 0.9707 0.1699
vn -0.2778 0.9602 0.0299
vn -0.2429 0.9688 0.0502
vn -0.0502 -0.9904 -0.1290
vn 0.0153 -0.9626 -0.2706
vn -0.0037 -0.9714 -0.2374
vn -0.0543 -0.9920 -0.1143
vn -0.9999 0.0061 -0.0148
vn -0.9997 0.0004 -0.0246
vn -0.9999 -0.0061 -0.0148
vn 0.3251 -0.9445 -0.0470
vn 0.2706 -0.9626 -0.0153
vn 0.2374 -0.9714 0.0037
vn -0.0153 -0.9626 0.2706
vn -0.0470 -0.9445 0.3251
vn 0.0037 -0.9714 0.2374
vn 0.2778 0.9602 -0.0299
vn 0.1325 0.9863 -0.0982
vn 0.1170 0.9878 -0.1026
vn 0.2429 0.9688 -0.0502
vn -0.1176 0.9931 -0.0000
vn -0.0982 0.9863 0.1325
vn -0.1026 0.9878 0.1170
vn 0.7411 -0.6654 -0.0897
vn -0.7411 -0.6654 0.0897
vn -0.6925 -0.7203 -0.0406
vn 0.6925 -0.7203 0.0406
vn -0.5498 0.1173 0.8270
vn -0.5244 0.1666 0.8350
vn -0.6996 0.1458 0.6996
vn -0.7028 0.1100 0.7028
vn 0.5498 0.1173 -0.8270
vn 0.5244 0.1666 -0.8350
vn 0.6996 0.1458 -0.6996
vn 0.7028 0.1100 -0.7028
vn 0.8270 0.1173 0.5498
vn 0.8350 0.1666 0.5244
vn 0.6996 0.1458 0.6996
vn 0.7028 0.1100 0.7028
vn -0.8350 0.1666 -0.5244
vn -0.6996 0.1458 -0.6996
vn -0.8270 0.1173 0.5498
vn -0.8813 0.1258 0.4555
vn 0.8270 0.1173 -0.5498
vn 0.8813 0.1258 -0.4555
vn -0.4555 0.1258 -0.8813
vn 0.5498 0.1173 0.8270
vn 0.4555 0.1258 0.8813
vn 0.9999 -0.0129 -0.0000
vn 0.9998 -0.0088 -0.0169
vn -0.9997 -0.0004 -0.0246
vn -0.9998 -0.0088 -0.0169
vn -0.9999 -0.0129 -0.0000
vn -0.9998 -0.0088 0.0169
vn 0.9997 -0.0004 0.0246
vn 0.9998 -0.0088 0.0169
vn 0.0169 -0.0088 0.9998
vn 0.0246 -0.0004 0.9997
vn 0.0169 -0.0088 -0.9998
vn -0.0000 -0.0129 -0.9999
vn -0.9997 -0.0004 0.0246
vn -0.0169 -0.0088 -0.9998
vn -0.0246 -0.0004 -0.9997
vn 0.9997 -0.0004 -0.0246
vn -0.0169 -0.0088 0.9998
vn -0.0000 -0.0129 0.9999
vn -0.0246 -0.0004 0.9997
vn -0.0148 -0.0061 0.9999
vn -0.0148 0.0061 0.9999
vn -0.0502 -0.9904 0.1290
vn -0.0687 -0.9976 -0.0000
vn -0.0543 -0.9920 0.1143
vn 0.0982 0.9863 -0.1325
vn 0.0299 0.9602 -0.2778
vn 0.0502 0.9688 -0.2429
vn 0.1026 0.9878 -0.1170
vn -0.3251 -0.9445 0.0470
vn -0.2706 -0.9626 0.0153
vn -0.2374 -0.9714 -0.0037
vn -0.1325 0.9863 0.0982
vn -0.1170 0.9878 0.1026
vn 0.1699 0.9707 -0.1699
vn -0.0246 0.0004 0.9997
vn 0.1325 0.9863 0.0982
vn 0.2778 0.9602 0.0299
vn 0.2429 0.9688 0.0502
vn 0.1170 0.9878 0.1026
vn 0.1290 -0.9904 -0.0502
vn 0.2706 -0.9626 0.0153
vn 0.2374 -0.9714 -0.0037
vn 0.1143 -0.9920 -0.0543
vn 0.3251 -0.9445 0.0470
vn 0.0470 -0.9445 -0.3251
vn 0.0246 -0.0004 -0.9997
vn 0.0148 -0.0061 -0.9999
vn 0.0148 0.0061 -0.9999
vn -0.0299 0.9602 0.2778
vn -0.0502 0.9688 0.2429
vn -0.0000 -0.9976 -0.0687
vn 0.0299 0.9602 0.2778
vn 0.0982 0.9863 0.1325
vn 0.1026 0.9878 0.1170
vn 0.0502 0.9688 0.2429
vn -0.0153 -0.9626 -0.2706
vn 0.0502 -0.9904 -0.1290
vn 0.0543 -0.9920 -0.1143
vn 0.0037 -0.9714 -0.2374
vn -0.2706 -0.9626 -0.0153
vn -0.3251 -0.9445 -0.0470
vn -0.2374 -0.9714 0.0037
vn 0.0470 -0.9445 0.3251
vn 0.0153 -0.9626 0.2706
vn -0.0037 -0.9714 0.2374
vn 0.0246 0.0004 -0.9997
vn -0.0000 0.9931 -0.1176
vn -0.1325 0.9863 -0.0982
vn -0.1170 0.9878 -0.1026
vn 0.1176 0.9931 -0.0000
vn -0.3056 0.3876 -0.8697
vn -0.1556 0.4394 -0.8847
vn -0.0000 0.4668 0.8844
vn -0.1556 0.4394 0.8847
vn 0.3056 0.3876 0.8697
vn 0.1556 0.4394 0.8847
vn -0.0000 0.4668 -0.8844
vn 0.1556 0.4394 -0.8847
vn 0.8844 0.4668 -0.0000
vn 0.8847 0.4394 0.1556
vn -0.8697 0.3876 0.3056
vn -0.8847 0.4394 0.1556
vn 0.8697 0.3876 -0.3056
vn 0.8847 0.4394 -0.1556
vn -0.8844 0.4668 -0.0000
vn -0.8847 0.4394 -0.1556
vn -0.8140 0.3541 0.4605
vn 0.4605 0.3541 0.8140
vn 0.8140 0.3541 -0.4605
vn -0.4605 0.3541 -0.8140
vn -0.3056 0.3876 0.8697
vn -0.8697 0.3876 -0.3056
vn 0.3056 0.3876 -0.8697
vn 0.8697 0.3876 0.3056
vn -0.2605 -0.6809 -0.6845
vn -0.2788 -0.4870 -0.8277
vn -0.1325 -0.5328 -0.8358
vn -0.1271 -0.7029 -0.6998
vn -0.0000 -0.5579 0.8299
vn -0.1325 -0.5328 0.8358
vn 0.2788 -0.4870 0.8277
vn 0.1325 -0.5328 0.8358
vn -0.0000 -0.7106 -0.7036
vn -0.0000 -0.5579 -0.8299
vn 0.1325 -0.5328 -0.8358
vn 0.1271 -0.7029 -0.6998
vn -0.6845 -0.6809 0.2605
vn -0.8277 -0.4870 0.2788
vn -0.8358 -0.5328 0.1325
vn -0.6998 -0.7029 0.1271
vn 0.8299 -0.5579 -0.0000
vn 0.8358 -0.5328 0.1325
vn 0.8277 -0.4870 -0.2788
vn 0.8358 -0.5328 -0.1325
vn -0.7036 -0.7106 -0.0000
vn -0.8299 -0.5579 -0.0000
vn -0.8358 -0.5328 -0.1325
vn -0.6998 -0.7029 -0.1271
vn -0.2788 -0.4870 0.8277
vn 0.2788 -0.4870 -0.8277
vn 0.2605 -0.6809 -0.6845
vn -0.8277 -0.4870 -0.2788
vn -0.6845 -0.6809 -0.2605
vn 0.8277 -0.4870 0.2788
vn -0.6519 -0.6418 0.4038
vn -0.7734 -0.4555 0.4409
vn -0.4038 -0.6418 -0.6519
vn -0.4409 -0.4555 -0.7734
vn 0.7734 -0.4555 -0.4409
vn 0.4038 -0.6418 0.6519
vn 0.4409 -0.4555 0.7734
vn 0.7734 -0.4555 0.4409
vn 0.6519 -0.6418 0.4038
vn 0.7733 0.4555 0.4410
vn 0.8140 0.3541 0.4605
vn -0.0982 0.9863 -0.1325
vn -0.1026 0.9878 -0.1170
vn -0.1290 -0.9904 -0.0502
vn -0.1143 -0.9920 -0.0543
vn -0.2778 0.9602 -0.0299
vn -0.2429 0.9688 -0.0502
vn 0.8821 -0.2047 0.4243
vn 0.8292 -0.2891 0.4783
vn 0.8813 0.1258 0.4555
vn 0.8821 0.2047 0.4243
vn 0.8806 -0.2107 0.4245
vn -0.8806 0.2107 0.4245
vn 0.7252 -0.5653 0.3931
vn -0.7294 0.5586 0.3948
vn 0.0077 -0.9999 0.0134
vn 0.1699 0.9707 0.1699
vn 0.0687 -0.9976 -0.0000
vn 0.0502 -0.9904 0.1290
vn 0.0543 -0.9920 0.1143
vn 0.8714 0.3451 0.3486
vn 0.8291 0.2892 0.4785
vn 0.8142 -0.3541 0.4601
vn 0.8813 -0.1258 0.4555
vn -0.0082 0.9999 0.0136
vn 0.6519 0.6418 0.4038
vn 0.1290 -0.9904 0.0502
vn 0.1143 -0.9920 0.0543
vn -0.0299 0.9602 -0.2778
vn -0.0502 0.9688 -0.2429
vn -0.4911 0.7194 0.4911
vn 0.4911 -0.7194 0.4911
vn -0.7734 -0.4555 -0.4409
vn -0.6519 -0.6418 -0.4038
vn -0.7733 0.4555 -0.4410
vn -0.8140 0.3541 -0.4605
vn -0.1312 0.7785 -0.6138
vn -0.0000 0.7854 -0.6190
vn -0.1312 -0.7785 -0.6138
vn -0.2767 -0.7549 -0.5947
vn 0.1312 -0.7785 -0.6138
vn -0.0000 -0.7854 -0.6190
vn 0.1312 0.7785 -0.6138
vn 0.2767 0.7549 -0.5947
vn -0.8821 -0.2047 -0.4243
vn -0.8292 -0.2891 -0.4783
vn -0.8813 0.1258 -0.4555
vn -0.8821 0.2047 -0.4243
vn 0.8806 0.2107 -0.4245
vn 0.7274 0.5619 -0.3940
vn -0.8806 -0.2107 -0.4245
vn -0.7320 -0.5545 -0.3958
vn -0.0076 -0.9999 -0.0133
vn 0.0081 0.9999 -0.0136
vn -0.8714 0.3451 -0.3486
vn -0.8291 0.2892 -0.4785
vn -0.8142 -0.3541 -0.4601
vn -0.8813 -0.1258 -0.4555
vn 0.2767 -0.7549 -0.5947
vn -0.4911 -0.7194 -0.4911
vn -0.2767 0.7549 -0.5947
vn 0.4038 0.6418 -0.6519
vn 0.4911 0.7194 -0.4911
vn 0.4038 -0.6418 -0.6519
vn -0.0000 -0.9976 0.0687
vn 0.5947 0.7549 0.2767
vn 0.4409 -0.4555 -0.7734
vn 0.4410 0.4555 -0.7733
vn 0.4605 0.3541 -0.8140
vn 0.4243 -0.2047 -0.8821
vn 0.4783 -0.2891 -0.8292
vn 0.4555 0.1258 -0.8813
vn 0.4243 0.2047 -0.8821
vn 0.6190 0.7854 -0.0000
vn 0.6138 0.7785 0.1312
vn -0.0470 -0.9445 -0.3251
vn 0.5947 0.7549 -0.2767
vn 0.6138 0.7785 -0.1312
vn 0.4245 0.2107 0.8806
vn 0.4245 -0.2107 -0.8806
vn 0.3930 0.5656 0.7250
vn 0.3949 -0.5584 -0.7296
vn 0.0137 0.9999 0.0082
vn 0.0134 -0.9999 -0.0077
vn 0.3486 0.3451 -0.8714
vn 0.4785 0.2892 -0.8291
vn -0.1290 -0.9904 0.0502
vn -0.1143 -0.9920 0.0543
vn 0.4601 -0.3541 -0.8142
vn 0.4555 -0.1258 -0.8813
vn -0.1699 0.9707 -0.1699
vn -0.5947 -0.7549 0.2767
vn -0.4409 -0.4555 0.7734
vn -0.4410 0.4555 0.7733
vn -0.4605 0.3541 0.8140
vn -0.4243 -0.2047 0.8821
vn -0.4783 -0.2891 0.8292
vn -0.4555 0.1258 0.8813
vn -0.4243 0.2047 0.8821
vn -0.6190 -0.7854 -0.0000
vn -0.6138 -0.7785 0.1312
vn -0.5947 -0.7549 -0.2767
vn -0.6138 -0.7785 -0.1312
vn -0.4245 -0.2107 0.8806
vn -0.3941 -0.5615 0.7276
vn -0.4426 0.0070 -0.8967
vn -0.4276 0.3931 -0.8140
vn -0.0133 -0.9999 0.0076
vn -0.0166 0.9998 -0.0141
vn -0.3486 0.3451 0.8714
vn -0.4785 0.2892 0.8291
vn -0.0000 0.9931 0.1176
vn -0.4601 -0.3541 0.8142
vn -0.4555 -0.1258 0.8813
vn -0.4038 0.6418 0.6519
vn -0.9877 -0.0000 0.1563
vn -0.9819 -0.0000 0.1894
vn -0.9896 -0.0000 0.1436
vn -0.1563 -0.0000 -0.9877
vn -0.1894 -0.0000 -0.9819
vn -0.1436 -0.0000 -0.9896
vn 0.1563 -0.0000 0.9877
vn 0.1894 -0.0000 0.9819
vn 0.1436 -0.0000 0.9896
vn -0.0767 -0.0000 0.9971
vn -0.0000 -0.0000 1.0000
vn -0.0712 -0.0000 0.9975
vn 0.9877 -0.0000 -0.1563
vn 0.9819 -0.0000 -0.1894
vn 0.9896 -0.0000 -0.1436
vn 0.0767 -0.0000 -0.9971
vn -0.0000 -0.0000 -1.0000
vn 0.0712 -0.0000 -0.9975
vn 0.9877 -0.0000 0.1563
vn 0.9971 -0.0000 0.0767
vn 0.9975 -0.0000 0.0712
vn 0.9896 -0.0000 0.1436
vn 0.1563 -0.0000 -0.9877
vn 0.1436 -0.0000 -0.9896
vn -0.9819 -0.0000 -0.1894
vn -0.9877 -0.0000 -0.1563
vn -0.9896 -0.0000 -0.1436
vn 1.0000 -0.0000 -0.0000
vn 0.9971 -0.0000 -0.0767
vn 0.9975 -0.0000 -0.0712
vn -0.0767 -0.0000 -0.9971
vn -0.0712 -0.0000 -0.9975
vn -0.9971 -0.0000 0.0767
vn -0.9975 -0.0000 0.0712
vn -0.1894 -0.0000 0.9819
vn -0.1563 -0.0000 0.9877
vn -0.1436 -0.0000 0.9896
vn -0.9971 -0.0000 -0.0767
vn -1.0000 -0.0000 -0.0000
vn -0.9975 -0.0000 -0.0712
vn 0.9819 -0.0000 0.1894
vn 0.0767 -0.0000 0.9971
vn 0.0712 -0.0000 0.9975
vn 0.1894 -0.0000 -0.9819
vn -0.1399 0.9003 0.4122
vn -0.0000 0.9093 0.4161
vn 0.1399 0.9003 0.4122
vn 0.2917 0.8696 0.3984
vn -0.2917 0.8696 0.3984
vn 0.3846 0.8392 0.3846
vn -0.3984 0.8696 0.2917
vn -0.3846 0.8392 0.3846
vn -0.4161 0.9093 -0.0000
vn -0.4122 0.9003 0.1399
vn -0.3984 0.8696 -0.2917
vn -0.4122 0.9003 -0.1399
vn -0.3846 0.8392 -0.3846
vn -0.1399 -0.9003 0.4122
vn -0.2917 -0.8696 0.3984
vn 0.1399 -0.9003 0.4122
vn -0.0000 -0.9093 0.4161
vn 0.2917 -0.8696 0.3984
vn -0.3846 -0.8392 0.3846
vn 0.3984 -0.8696 0.2917
vn 0.3846 -0.8392 0.3846
vn 0.4161 -0.9093 -0.0000
vn 0.4122 -0.9003 0.1399
vn 0.3984 -0.8696 -0.2917
vn 0.4122 -0.9003 -0.1399
vn 0.3846 -0.8392 -0.3846
vn 0.5767 -0.5786 0.5767
vn -0.5767 0.5786 0.5767
vn -0.6415 0.4208 0.6415
vn 0.5767 0.5786 0.5767
vn 0.6415 0.4208 0.6415
vn 0.5767 0.5786 -0.5767
vn 0.6415 0.4208 -0.6415
vn -0.6826 -0.2608 0.6826
vn -0.6641 -0.3435 0.6641
vn -0.5767 0.5786 -0.5767
vn -0.6415 0.4208 -0.6415
vn -0.6826 -0.2608 -0.6826
vn -0.6641 -0.3435 -0.6641
vn 0.6826 -0.2608 -0.6826
vn 0.6641 -0.3435 -0.6641
vn 0.6826 -0.2608 0.6826
vn 0.6641 -0.3435 0.6641
vn -0.6826 0.2607 -0.6826
vn 0.6826 0.2607 0.6826
vn 0.6826 0.2607 -0.6826
vn -0.6826 0.2607 0.6826
vn -0.6641 0.3434 -0.6641
vn 0.6641 0.3434 -0.6641
vn 0.6641 0.3434 0.6641
vn -0.6641 0.3434 0.6641
vn 0.6414 -0.4208 0.6414
vn 0.6414 -0.4208 -0.6414
vn 0.5767 -0.5786 -0.5767
vn -0.6414 -0.4208 -0.6414
vn -0.5767 -0.5786 -0.5767
vn -0.6414 -0.4208 0.6414
vn -0.5767 -0.5786 0.5767
vn 0.8794 0.4314 0.2014
vn 0.2014 0.4314 0.8794
vn -0.0000 0.4670 0.8843
vn 0.2014 0.4314 -0.8794
vn 0.8794 0.4314 -0.2014
vn 0.8843 0.4670 -0.0000
vn -0.8794 0.4314 -0.2014
vn -0.2014 0.4314 -0.8794
vn -0.0000 0.4670 -0.8843
vn -0.8794 0.4314 0.2014
vn -0.8843 0.4670 -0.0000
vn -0.2014 0.4314 0.8794
vt 0.189662 0.390070
vt 0.162938 0.378580
vt 0.164629 0.375986
vt 0.190837 0.385328
vt 0.424110 0.414766
vt 0.412620 0.441489
vt 0.410026 0.439799
vt 0.419369 0.413591
vt 0.485349 0.054335
vt 0.458625 0.042845
vt 0.460316 0.040251
vt 0.486524 0.049594
vt 0.398585 0.569618
vt 0.371861 0.558127
vt 0.373552 0.555534
vt 0.399760 0.564876
vt 0.527263 0.698773
vt 0.484348 0.703981
vt 0.473558 0.659961
vt 0.511563 0.659335
vt 0.399323 0.705602
vt 0.371730 0.703982
vt 0.382519 0.659961
vt 0.404958 0.660125
vt 0.194197 0.837605
vt 0.222129 0.839520
vt 0.222564 0.867515
vt 0.194004 0.866174
vt 0.064343 0.837873
vt 0.107794 0.836395
vt 0.105831 0.864326
vt 0.061422 0.864499
vt 0.135789 0.836009
vt 0.165005 0.836371
vt 0.164219 0.865146
vt 0.134421 0.864546
vt 0.138460 0.791770
vt 0.166224 0.791770
vt 0.119892 0.519227
vt 0.135590 0.479789
vt 0.173596 0.480414
vt 0.162807 0.524434
vt 0.247831 0.526053
vt 0.242196 0.480577
vt 0.264634 0.480413
vt 0.275424 0.524433
vt 0.073903 0.607862
vt 0.116813 0.602650
vt 0.127607 0.646661
vt 0.089608 0.647296
vt 0.201824 0.601028
vt 0.229414 0.602651
vt 0.218619 0.646662
vt 0.196186 0.646494
vt 0.533810 0.849824
vt 0.534201 0.821512
vt 0.562447 0.819527
vt 0.562671 0.848441
vt 0.541253 0.980938
vt 0.537361 0.937142
vt 0.565674 0.937582
vt 0.568302 0.982417
vt 0.535424 0.908894
vt 0.534177 0.879371
vt 0.563277 0.878576
vt 0.564317 0.908699
vt 0.490604 0.908640
vt 0.489070 0.880603
vt 0.741483 0.465880
vt 0.702050 0.450175
vt 0.702684 0.412176
vt 0.746696 0.422970
vt 0.748318 0.337958
vt 0.702851 0.343597
vt 0.702683 0.321164
vt 0.746695 0.310369
vt 0.143701 0.736942
vt 0.173112 0.733068
vt 0.173112 0.739018
vt 0.144880 0.741674
vt 0.151911 0.292139
vt 0.170679 0.302349
vt 0.156092 0.343164
vt 0.138358 0.336358
vt 0.202523 0.736942
vt 0.229176 0.748461
vt 0.227481 0.751050
vt 0.201345 0.741674
vt 0.099874 0.763967
vt 0.117049 0.748461
vt 0.118744 0.751050
vt 0.102875 0.766623
vt 0.489023 0.100829
vt 0.491721 0.144843
vt 0.469282 0.144679
vt 0.463232 0.097302
vt 0.598718 0.485045
vt 0.579954 0.495256
vt 0.566611 0.453688
vt 0.585995 0.440567
vt 0.453817 0.616111
vt 0.451119 0.660125
vt 0.428039 0.660182
vt 0.428038 0.620273
vt 0.612403 0.337260
vt 0.616278 0.366671
vt 0.610327 0.366671
vt 0.607671 0.338438
vt 0.054738 0.750628
vt 0.044527 0.769392
vt 0.003720 0.754802
vt 0.010526 0.737071
vt 0.612404 0.396081
vt 0.600885 0.422734
vt 0.598296 0.421039
vt 0.607671 0.394903
vt 0.585378 0.293433
vt 0.600884 0.310607
vt 0.598295 0.312302
vt 0.582721 0.296433
vt 0.470604 0.411092
vt 0.514618 0.408394
vt 0.514454 0.430833
vt 0.467076 0.436883
vt 0.263229 0.229925
vt 0.239315 0.232070
vt 0.243198 0.202478
vt 0.267332 0.202479
vt 0.540580 0.100829
vt 0.537881 0.144844
vt 0.514801 0.144900
vt 0.514802 0.104992
vt 0.138210 0.203168
vt 0.134329 0.173755
vt 0.140279 0.173753
vt 0.142943 0.201988
vt 0.275012 0.709806
vt 0.281303 0.732210
vt 0.229544 0.747940
vt 0.226737 0.719876
vt 0.138194 0.144341
vt 0.149701 0.117685
vt 0.152290 0.119378
vt 0.142926 0.145518
vt 0.165246 0.246996
vt 0.149735 0.229822
vt 0.152324 0.228126
vt 0.167902 0.243995
vt 0.193336 0.436563
vt 0.196035 0.480578
vt 0.167545 0.433036
vt 0.546488 0.556059
vt 0.536289 0.574462
vt 0.484582 0.558649
vt 0.502060 0.543281
vt 0.470604 0.359535
vt 0.514618 0.362233
vt 0.514675 0.385314
vt 0.474766 0.385313
vt 0.238628 0.173068
vt 0.242502 0.202478
vt 0.236552 0.202478
vt 0.233896 0.174247
vt 0.639541 0.468570
vt 0.617137 0.474862
vt 0.601406 0.423102
vt 0.629470 0.420295
vt 0.238627 0.231888
vt 0.227108 0.258540
vt 0.224520 0.256845
vt 0.233895 0.230710
vt 0.211603 0.129242
vt 0.227109 0.146416
vt 0.224520 0.148111
vt 0.208946 0.132243
vt 0.427178 0.759300
vt 0.442965 0.782202
vt 0.410689 0.796366
vt 0.396729 0.767159
vt 0.244894 0.436563
vt 0.219115 0.480634
vt 0.219115 0.440726
vt 0.577068 0.669779
vt 0.584975 0.696448
vt 0.552593 0.713075
vt 0.548029 0.688574
vt 0.735190 0.186155
vt 0.761859 0.178249
vt 0.778486 0.210630
vt 0.753985 0.215194
vt 0.728597 0.716857
vt 0.751499 0.732644
vt 0.736745 0.765920
vt 0.717805 0.749721
vt 0.200560 0.712339
vt 0.202705 0.736255
vt 0.173112 0.732371
vt 0.173113 0.708237
vt 0.441436 0.027382
vt 0.427284 0.008506
vt 0.428631 0.006128
vt 0.444429 0.024722
vt 0.410554 0.266863
vt 0.428956 0.277062
vt 0.413142 0.328769
vt 0.397775 0.311290
vt 0.224940 0.320848
vt 0.206176 0.331058
vt 0.192835 0.289492
vt 0.212219 0.276372
vt 0.113592 0.146313
vt 0.137506 0.144160
vt 0.133632 0.173755
vt 0.109497 0.173761
vt 0.145749 0.363117
vt 0.131596 0.344241
vt 0.132943 0.341862
vt 0.148742 0.360457
vt 0.354672 0.542665
vt 0.340519 0.523788
vt 0.341866 0.521410
vt 0.357665 0.540005
vt 0.633252 0.040779
vt 0.623053 0.059181
vt 0.571346 0.043367
vt 0.588825 0.028000
vt 0.111037 0.071878
vt 0.133426 0.065590
vt 0.149180 0.117317
vt 0.121121 0.120136
vt 0.637007 0.394117
vt 0.613091 0.396263
vt 0.616974 0.366670
vt 0.641109 0.366670
vt 0.397157 0.458679
vt 0.378281 0.472831
vt 0.375902 0.471483
vt 0.394497 0.455685
vt 0.337564 0.376512
vt 0.327365 0.394914
vt 0.275659 0.379101
vt 0.293137 0.363734
vt 0.248567 0.390070
vt 0.219115 0.393937
vt 0.219115 0.387977
vt 0.247392 0.385328
vt 0.151822 0.055417
vt 0.170541 0.045229
vt 0.183948 0.086695
vt 0.164580 0.099844
vt 0.544255 0.054336
vt 0.514802 0.058202
vt 0.514802 0.052243
vt 0.543080 0.049594
vt 0.224940 0.084106
vt 0.206175 0.073894
vt 0.220769 0.033087
vt 0.238499 0.039894
vt 0.424111 0.355860
vt 0.427977 0.385313
vt 0.422018 0.385313
vt 0.419369 0.357035
vt 0.204352 0.332109
vt 0.218808 0.372443
vt 0.216578 0.373039
vt 0.202306 0.333352
vt 0.755214 0.661169
vt 0.781883 0.669075
vt 0.765663 0.700368
vt 0.736456 0.686408
vt 0.708573 0.130467
vt 0.731475 0.114680
vt 0.745639 0.146956
vt 0.716432 0.160915
vt 0.632756 0.643162
vt 0.648543 0.666064
vt 0.616268 0.680228
vt 0.602308 0.651021
vt 0.371490 0.785917
vt 0.379396 0.812586
vt 0.347015 0.829213
vt 0.342451 0.804712
vt 0.402259 0.616111
vt 0.376468 0.612584
vt 0.472244 0.289315
vt 0.513829 0.301789
vt 0.514454 0.339795
vt 0.467077 0.333744
vt 0.457491 0.569617
vt 0.428038 0.573484
vt 0.428038 0.567524
vt 0.456316 0.564875
vt 0.610800 0.102470
vt 0.598326 0.144055
vt 0.560320 0.144680
vt 0.566371 0.097302
vt 0.524037 0.617750
vt 0.479608 0.612583
vt 0.598716 0.248297
vt 0.579951 0.238086
vt 0.594541 0.197278
vt 0.612272 0.204085
vt 0.265762 0.304376
vt 0.243359 0.310666
vt 0.227629 0.258908
vt 0.255693 0.256101
vt 0.607036 0.732477
vt 0.623010 0.759573
vt 0.594846 0.755193
vt 0.574171 0.743269
vt 0.791295 0.746824
vt 0.820744 0.757877
vt 0.796077 0.772157
vt 0.772500 0.775863
vt 0.637006 0.339223
vt 0.613091 0.337078
vt 0.601405 0.310239
vt 0.629469 0.313046
vt 0.817912 0.691136
vt 0.845009 0.707110
vt 0.838037 0.734960
vt 0.810053 0.721585
vt 0.662724 0.705860
vt 0.673776 0.735309
vt 0.650860 0.752602
vt 0.637484 0.724618
vt 0.292480 0.363116
vt 0.275291 0.378579
vt 0.273600 0.375985
vt 0.289487 0.360457
vt 0.211603 0.275714
vt 0.192690 0.289850
vt 0.190311 0.288498
vt 0.208946 0.272713
vt 0.588168 0.027383
vt 0.570979 0.042846
vt 0.569288 0.040252
vt 0.585175 0.024723
vt 0.263230 0.175032
vt 0.239315 0.172887
vt 0.227630 0.146048
vt 0.255693 0.148855
vt 0.585379 0.439909
vt 0.566465 0.454046
vt 0.564087 0.452694
vt 0.582722 0.436908
vt 0.748318 0.395381
vt 0.702852 0.389743
vt 0.702910 0.366670
vt 0.748894 0.366670
vt 0.624566 0.907052
vt 0.623959 0.876917
vt 0.653060 0.876122
vt 0.653426 0.905669
vt 0.593618 0.877747
vt 0.594448 0.908103
vt 0.190400 0.526054
vt 0.219116 0.526629
vt 0.132793 0.924120
vt 0.162579 0.925149
vt 0.161793 0.953924
vt 0.132600 0.952690
vt 0.163399 0.895147
vt 0.133382 0.894327
vt 0.104571 0.893540
vt 0.059812 0.892317
vt 0.595244 0.937241
vt 0.596481 0.982506
vt 0.401457 0.848615
vt 0.417431 0.875712
vt 0.389268 0.871331
vt 0.368593 0.859407
vt 0.797888 0.156188
vt 0.824985 0.140214
vt 0.820604 0.168377
vt 0.808680 0.189052
vt 0.113605 0.201208
vt 0.137523 0.203349
vt 0.149214 0.230190
vt 0.121147 0.227387
vt 0.145666 0.712339
vt 0.143520 0.736254
vt 0.116681 0.747940
vt 0.119488 0.719875
vt 0.771271 0.100499
vt 0.800720 0.089447
vt 0.818013 0.112364
vt 0.790029 0.125739
vt 0.457145 0.821998
vt 0.468198 0.851447
vt 0.445281 0.868740
vt 0.431906 0.840756
vt 0.397158 0.311947
vt 0.412621 0.329137
vt 0.410027 0.330827
vt 0.394498 0.314941
vt 0.165195 0.100503
vt 0.184104 0.086337
vt 0.186510 0.087695
vt 0.167852 0.103504
vt 0.501404 0.542664
vt 0.484214 0.558127
vt 0.482524 0.555533
vt 0.498410 0.540004
vt 0.246350 0.763967
vt 0.260487 0.782881
vt 0.259135 0.785258
vt 0.243350 0.766624
vt 0.591993 0.818252
vt 0.592789 0.847390
vt 0.622919 0.846794
vt 0.621563 0.817911
vt 0.649876 0.818351
vt 0.651812 0.846599
vt 0.144402 0.601027
vt 0.173113 0.600451
vt 0.173113 0.646436
vt 0.150040 0.646494
vt 0.222227 0.896755
vt 0.193416 0.895968
vt 0.192376 0.925749
vt 0.220967 0.925969
vt 0.219003 0.953900
vt 0.191009 0.954286
vt 0.456755 0.705601
vt 0.428039 0.706176
vt 0.730674 0.807841
vt 0.712791 0.845009
vt 0.701500 0.839612
vt 0.719191 0.802352
vt 0.827318 0.605641
vt 0.809764 0.642073
vt 0.798510 0.636694
vt 0.815835 0.600152
vt 0.710650 0.039483
vt 0.727975 0.076025
vt 0.716720 0.081404
vt 0.699167 0.044972
vt 0.315962 0.858021
vt 0.278702 0.875712
vt 0.273305 0.864421
vt 0.310473 0.846538
vt 0.172504 0.303399
vt 0.185252 0.261333
vt 0.187970 0.261726
vt 0.174551 0.304642
vt 0.578144 0.496375
vt 0.592609 0.536711
vt 0.590361 0.537235
vt 0.576091 0.497545
vt 0.172109 0.044229
vt 0.158030 0.003826
vt 0.161177 0.003002
vt 0.175900 0.042463
vt 0.644598 0.020231
vt 0.602523 0.007420
vt 0.602920 0.004705
vt 0.645769 0.018180
vt 0.764626 0.738918
vt 0.747999 0.771299
vt 0.521541 0.741883
vt 0.484280 0.759573
vt 0.478884 0.748283
vt 0.516052 0.730400
vt 0.807294 0.241683
vt 0.824985 0.278943
vt 0.813694 0.284339
vt 0.795811 0.247171
vt 0.385670 0.825713
vt 0.352394 0.840468
vt 0.315113 0.438202
vt 0.302640 0.479787
vt 0.270684 0.433036
vt 0.795010 0.675349
vt 0.780846 0.707625
vt 0.744602 0.108406
vt 0.760822 0.139699
vt 0.774986 0.171975
vt 0.789741 0.205251
vt 0.654817 0.679191
vt 0.623524 0.695411
vt 0.591249 0.709575
vt 0.557973 0.724330
vt 0.449239 0.795329
vt 0.417946 0.811549
vt 0.723740 0.645239
vt 0.687199 0.662564
vt 0.681819 0.651309
vt 0.718251 0.633756
vt 0.578118 0.237003
vt 0.565377 0.279095
vt 0.562660 0.278702
vt 0.576104 0.235800
vt 0.298242 0.535513
vt 0.257954 0.549997
vt 0.257429 0.547751
vt 0.297071 0.533462
vt 0.385043 0.020204
vt 0.344751 0.034686
vt 0.344200 0.032485
vt 0.383839 0.018194
vt 0.518161 0.761377
vt 0.481620 0.778702
vt 0.476241 0.767447
vt 0.512673 0.749894
vt 0.043408 0.771201
vt 0.085536 0.783968
vt 0.085143 0.786685
vt 0.042237 0.773255
vt 0.557796 0.535486
vt 0.515758 0.522701
vt 0.516155 0.519987
vt 0.559001 0.533475
vt 0.204373 0.072807
vt 0.191601 0.114905
vt 0.188883 0.114513
vt 0.202286 0.071596
vt 0.089352 0.355974
vt 0.049068 0.370453
vt 0.048498 0.368180
vt 0.088141 0.353891
vt 0.390015 0.255550
vt 0.377194 0.297591
vt 0.374479 0.297196
vt 0.387931 0.254340
vt 0.389988 0.515038
vt 0.404465 0.555326
vt 0.402237 0.555923
vt 0.387946 0.516282
vt 0.348839 0.355948
vt 0.306835 0.343153
vt 0.307231 0.340438
vt 0.350084 0.353905
vt 0.302780 0.771228
vt 0.343119 0.756765
vt 0.343670 0.758968
vt 0.303983 0.773241
vt 0.260129 0.782735
vt 0.260687 0.783968
vt 0.515556 0.523788
vt 0.515198 0.523932
vt 0.340877 0.523933
vt 0.340317 0.522701
vt 0.085737 0.782880
vt 0.086095 0.782734
vt 0.565377 0.454247
vt 0.602321 0.008506
vt 0.601963 0.008651
vt 0.427642 0.008651
vt 0.427082 0.007419
vt 0.566465 0.279296
vt 0.566610 0.279654
vt 0.185196 0.086116
vt 0.378281 0.297794
vt 0.378426 0.298152
vt 0.378426 0.472473
vt 0.377194 0.473033
vt 0.184163 0.261132
vt 0.184018 0.260775
vt 0.191602 0.290051
vt 0.306632 0.344240
vt 0.306275 0.344385
vt 0.131953 0.344386
vt 0.131393 0.343154
vt 0.192689 0.115107
vt 0.192835 0.115464
vt 0.514209 0.521410
vt 0.516689 0.517733
vt 0.261081 0.786685
vt 0.261613 0.788942
vt 0.339920 0.519987
vt 0.339386 0.517733
vt 0.087089 0.785258
vt 0.084611 0.788942
vt 0.600973 0.006128
vt 0.603454 0.002452
vt 0.562660 0.454640
vt 0.560404 0.455172
vt 0.564087 0.280648
vt 0.560404 0.278170
vt 0.426685 0.004705
vt 0.426150 0.002452
vt 0.375902 0.299142
vt 0.372225 0.296662
vt 0.187950 0.085736
vt 0.190227 0.085242
vt 0.186542 0.259780
vt 0.190227 0.262257
vt 0.374479 0.473429
vt 0.372225 0.473963
vt 0.305285 0.341861
vt 0.307765 0.338184
vt 0.188884 0.290444
vt 0.186627 0.290975
vt 0.130997 0.340438
vt 0.130464 0.338184
vt 0.190311 0.116459
vt 0.186627 0.113983
vt 0.398405 0.570306
vt 0.371493 0.558649
vt 0.485169 0.055024
vt 0.458258 0.043367
vt 0.424799 0.414946
vt 0.413142 0.441857
vt 0.189482 0.390759
vt 0.162570 0.379102
vt 0.144687 0.743678
vt 0.118761 0.753081
vt 0.373564 0.553501
vt 0.399564 0.562868
vt 0.605668 0.338246
vt 0.596264 0.312319
vt 0.460329 0.038218
vt 0.486328 0.047586
vt 0.144947 0.202180
vt 0.154356 0.228108
vt 0.407993 0.439786
vt 0.417361 0.413786
vt 0.231892 0.174054
vt 0.222488 0.148128
vt 0.164641 0.373953
vt 0.190641 0.383321
vt 0.544435 0.055024
vt 0.514802 0.058900
vt 0.248747 0.390758
vt 0.219115 0.394634
vt 0.605668 0.395096
vt 0.608554 0.366671
vt 0.514802 0.050466
vt 0.543275 0.047587
vt 0.231892 0.230903
vt 0.234778 0.202478
vt 0.219115 0.386201
vt 0.247588 0.383321
vt 0.457671 0.570306
vt 0.428038 0.574182
vt 0.424799 0.355680
vt 0.428675 0.385313
vt 0.201537 0.743678
vt 0.173112 0.740791
vt 0.428038 0.565748
vt 0.456511 0.562868
vt 0.144930 0.145324
vt 0.142053 0.173753
vt 0.420242 0.385313
vt 0.417362 0.356840
vt 0.347787 0.357772
vt 0.220765 0.371865
vt 0.090441 0.357775
vt 0.049682 0.372383
vt 0.047757 0.366096
vt 0.088176 0.351443
vt 0.391815 0.256640
vt 0.156071 0.004450
vt 0.391813 0.513986
vt 0.406422 0.554746
vt 0.643476 0.022040
vt 0.594544 0.536063
vt 0.386128 0.022038
vt 0.345368 0.036648
vt 0.163286 0.002126
vt 0.178418 0.042508
vt 0.556711 0.537319
vt 0.301697 0.769394
vt 0.342505 0.754804
vt 0.299364 0.537321
vt 0.258604 0.551931
vt 0.099216 0.763350
vt 0.354015 0.543282
vt 0.212219 0.128584
vt 0.145092 0.363734
vt 0.164629 0.247655
vt 0.397774 0.459335
vt 0.247009 0.763351
vt 0.585994 0.292774
vt 0.440779 0.027999
vt 0.243640 0.770019
vt 0.227464 0.753082
vt 0.498706 0.536613
vt 0.102584 0.770018
vt 0.357369 0.536614
vt 0.579327 0.437199
vt 0.596264 0.421022
vt 0.585471 0.021332
vt 0.579326 0.296143
vt 0.444133 0.021331
vt 0.171246 0.103211
vt 0.154321 0.119394
vt 0.391107 0.314644
vt 0.171298 0.244285
vt 0.391106 0.455981
vt 0.205551 0.273004
vt 0.222488 0.256828
vt 0.289783 0.357065
vt 0.205552 0.131952
vt 0.148446 0.357066
vt 0.400153 0.556664
vt 0.385498 0.516247
vt 0.177000 0.304605
vt 0.645734 0.015733
vt 0.350049 0.351457
vt 0.256687 0.545667
vt 0.297105 0.531014
vt 0.558967 0.531028
vt 0.042275 0.775704
vt 0.214491 0.373780
vt 0.199856 0.333314
vt 0.588274 0.537975
vt 0.573641 0.497508
vt 0.343458 0.030401
vt 0.383873 0.015746
vt 0.385484 0.254375
vt 0.344411 0.761055
vt 0.303946 0.775690
vt 0.573655 0.235836
vt 0.199836 0.071661
vt 0.291486 0.750629
vt 0.569275 0.038219
vt 0.489070 0.852525
vt 0.490447 0.825515
vt 0.193946 0.793286
vt 0.220540 0.796104
vt 0.059900 0.920181
vt 0.104234 0.922779
vt 0.104669 0.950775
vt 0.061363 0.946927
vt 0.070245 0.796633
vt 0.111752 0.793131
vt 0.624614 0.980878
vt 0.624789 0.935966
vt 0.653036 0.933981
vt 0.651541 0.977924
vt 0.499282 0.977256
vt 0.493454 0.935534
vt 0.691763 0.687065
vt 0.688056 0.710642
vt 0.665621 0.632370
vt 0.273588 0.373953
vt 0.965160 0.774278
vt 0.972019 0.817134
vt 0.965848 0.820546
vt 0.959547 0.780277
vt 0.886068 0.312528
vt 0.913529 0.314071
vt 0.911107 0.319304
vt 0.884863 0.317759
vt 0.828704 0.658272
vt 0.840628 0.678947
vt 0.774009 0.632130
vt 0.764986 0.524290
vt 0.757982 0.481258
vt 0.763049 0.478506
vt 0.769569 0.519392
vt 0.808386 0.528431
vt 0.810797 0.523193
vt 0.767164 0.936647
vt 0.763970 0.909447
vt 0.770241 0.907536
vt 0.773338 0.933249
vt 0.865977 0.768831
vt 0.894565 0.768853
vt 0.893086 0.775241
vt 0.866211 0.775224
vt 0.407994 0.330840
vt 0.482511 0.553500
vt 0.309588 0.556061
vt 0.265419 0.569641
vt 0.410553 0.503762
vt 0.424132 0.547931
vt 0.396352 0.040777
vt 0.352183 0.054357
vt 0.100665 0.376514
vt 0.056496 0.390093
vt 0.588932 0.623037
vt 0.566016 0.640330
vt 0.750432 0.635836
vt 0.725765 0.650116
vt 0.708472 0.673033
vt 0.701500 0.700883
vt 0.644946 0.620446
vt 0.616782 0.616065
vt 0.360437 0.756468
vt 0.346157 0.781135
vt 0.681477 0.146441
vt 0.688448 0.174291
vt 0.705881 0.729046
vt 0.705741 0.197208
vt 0.730408 0.211488
vt 0.551736 0.664997
vt 0.411204 0.732204
vt 0.383354 0.739175
vt 0.439367 0.736584
vt 0.460042 0.748508
vt 0.486184 0.803203
vt 0.828712 0.314570
vt 0.857386 0.312414
vt 0.857572 0.317659
vt 0.830352 0.319671
vt 0.844505 0.985095
vt 0.817130 0.983606
vt 0.820138 0.977229
vt 0.845998 0.978708
vt 0.956918 0.318308
vt 0.963824 0.361352
vt 0.958753 0.364092
vt 0.952324 0.323195
vt 0.975260 0.844356
vt 0.968986 0.846255
vt 0.773924 0.979514
vt 0.779551 0.973528
vt 0.482478 0.826780
vt 0.977038 0.901448
vt 0.975350 0.928780
vt 0.968978 0.925765
vt 0.970669 0.899926
vt 0.969157 0.445898
vt 0.967310 0.473334
vt 0.962082 0.470895
vt 0.963937 0.444673
vt 0.963281 0.516679
vt 0.958379 0.512117
vt 0.685857 0.118278
vt 0.697781 0.097603
vt 0.752476 0.071461
vt 0.921943 0.770280
vt 0.918949 0.776664
vt 0.969157 0.417197
vt 0.963931 0.417388
vt 0.928771 0.978941
vt 0.901689 0.983032
vt 0.899667 0.976810
vt 0.925250 0.972826
vt 0.920359 0.523807
vt 0.893172 0.527832
vt 0.891549 0.522725
vt 0.917532 0.518779
vt 0.754648 0.369267
vt 0.758650 0.325915
vt 0.763555 0.330473
vt 0.759878 0.371695
vt 0.801550 0.318763
vt 0.804395 0.323782
vt 0.776053 0.075167
vt 0.761903 0.880969
vt 0.761903 0.852356
vt 0.768272 0.853874
vt 0.768283 0.880738
vt 0.873105 0.985176
vt 0.872874 0.978781
vt 0.438743 0.331408
vt 0.446643 0.357664
vt 0.428038 0.596236
vt 0.400389 0.592149
vt 0.481943 0.584249
vt 0.455687 0.592149
vt 0.450729 0.385313
vt 0.446642 0.412962
vt 0.514802 0.080954
vt 0.487152 0.076867
vt 0.273020 0.404702
vt 0.246764 0.412602
vt 0.568707 0.068968
vt 0.542451 0.076868
vt 0.219115 0.416688
vt 0.191466 0.412602
vt 0.321622 0.415295
vt 0.530545 0.594843
vt 0.617309 0.079563
vt 0.449338 0.282806
vt 0.374133 0.584250
vt 0.165210 0.404703
vt 0.438743 0.439218
vt 0.460896 0.068968
vt 0.047916 0.128268
vt 0.095276 0.122228
vt 0.091744 0.148003
vt 0.047751 0.150699
vt 0.173113 0.686327
vt 0.147351 0.690490
vt 0.224651 0.694028
vt 0.198875 0.690490
vt 0.047696 0.173772
vt 0.087586 0.173765
vt 0.091754 0.199527
vt 0.047757 0.196845
vt 0.328905 0.247984
vt 0.281540 0.254016
vt 0.285078 0.228240
vt 0.329073 0.225552
vt 0.663018 0.366670
vt 0.658855 0.340908
vt 0.655318 0.418209
vt 0.658856 0.392432
vt 0.329131 0.202479
vt 0.289241 0.202479
vt 0.285078 0.176717
vt 0.329073 0.179407
vt 0.121574 0.694028
vt 0.095296 0.225305
vt 0.047927 0.219278
vt 0.281541 0.150941
vt 0.328906 0.156975
vt 0.655317 0.315132
vt 0.328270 0.285982
vt 0.286678 0.298441
vt 0.048546 0.090272
vt 0.090130 0.077812
vt 0.660457 0.462635
vt 0.256618 0.647297
vt 0.269077 0.688890
vt 0.660455 0.270705
vt 0.702048 0.283165
vt 0.418803 0.102468
vt 0.412294 0.079561
vt 0.837416 0.770950
vt 0.839417 0.777180
vt 0.967064 0.388638
vt 0.961926 0.390183
vt 0.763682 0.825012
vt 0.770052 0.828040
vt 0.617136 0.258479
vt 0.388547 0.372381
vt 0.381733 0.390091
vt 0.590377 0.196113
vt 0.588290 0.195372
vt 0.389724 0.368196
vt 0.390466 0.366112
vt 0.592581 0.196663
vt 0.389128 0.370424
vt 0.845009 0.568381
vt 0.833718 0.562984
vt 0.971481 0.971928
vt 0.965475 0.966348
vt 0.864522 0.529966
vt 0.835850 0.529913
vt 0.837044 0.524680
vt 0.864332 0.524723
vt 0.406551 0.059180
vt 0.639540 0.264770
vt 0.238495 0.365059
vt 0.431276 0.144053
vt 0.754689 0.453951
vt 0.759830 0.452416
vt 0.810310 0.774883
vt 0.813810 0.781007
vt 0.318339 0.519226
vt 0.741481 0.267459
vt 0.286680 0.106516
vt 0.328272 0.118976
vt 0.123117 0.438204
vt 0.116608 0.415297
vt 0.560094 0.356598
vt 0.560669 0.385314
vt 0.002286 0.145066
vt 0.003907 0.117478
vt 0.002290 0.202487
vt 0.001712 0.173776
vt 0.560094 0.414030
vt 0.558474 0.441623
vt 0.243361 0.094289
vt 0.684236 0.036650
vt 0.677421 0.054359
vt 0.215693 0.031690
vt 0.213557 0.030898
vt 0.685410 0.032470
vt 0.686152 0.030385
vt 0.684886 0.034715
vt 0.218841 0.032475
vt 0.760908 0.627356
vt 0.755512 0.616065
vt 0.110864 0.394916
vt 0.265764 0.100580
vt 0.612274 0.529257
vt 0.003916 0.230077
vt 0.009116 0.074572
vt 0.558475 0.329005
vt 0.513828 0.468838
vt 0.553266 0.484538
vt 0.048566 0.257279
vt 0.009133 0.272989
vt 0.752765 0.425362
vt 0.757991 0.425199
vt 0.458492 0.188699
vt 0.415577 0.183492
vt 0.090163 0.269735
vt 0.472243 0.481312
vt 0.449336 0.487820
vt 0.133488 0.281957
vt 0.597472 0.551929
vt 0.590657 0.569639
vt 0.514801 0.190895
vt 0.486085 0.190319
vt 0.571110 0.188700
vt 0.543517 0.190320
vt 0.335698 0.737073
vt 0.598640 0.547767
vt 0.599382 0.545683
vt 0.160280 0.344338
vt 0.162367 0.345079
vt 0.598088 0.549968
vt 0.158049 0.343743
vt 0.555329 0.743494
vt 0.549933 0.732203
vt 0.428955 0.493564
vt 0.752901 0.396692
vt 0.758119 0.397919
vt 0.111081 0.275668
vt 0.614025 0.183493
vt 0.272323 0.607864
vt 0.553268 0.286090
vt 0.767579 0.781870
vt 0.773583 0.787456
vt 0.372915 0.258779
vt 0.367702 0.301687
vt 0.077148 0.688889
vt 0.332039 0.617751
vt 0.325531 0.594845
vt 0.064921 0.732208
vt 0.406424 0.215880
vt 0.424134 0.222694
vt 0.375114 0.202480
vt 0.374538 0.231190
vt 0.372917 0.146181
vt 0.374539 0.173770
vt 0.402221 0.214697
vt 0.400136 0.213955
vt 0.002548 0.758984
vt 0.001807 0.761071
vt 0.003072 0.756736
vt 0.404494 0.215266
vt 0.692767 0.002315
vt 0.681476 0.007712
vt 0.319787 0.574463
vt 0.977166 0.872864
vt 0.970786 0.873062
vt 0.138325 0.011229
vt 0.071213 0.709804
vt 0.344513 0.659336
vt 0.367705 0.103272
vt 0.328815 0.698775
vt 0.958673 0.781211
vt 0.918568 0.777806
vt 0.774514 0.788320
vt 0.771210 0.828428
vt 0.964541 0.965486
vt 0.967825 0.925379
vt 0.969752 0.873094
vt 0.967936 0.846475
vt 0.780426 0.972596
vt 0.820522 0.976087
vt 0.769316 0.880703
vt 0.771296 0.907312
vt 0.899432 0.975799
vt 0.924769 0.971688
vt 0.774451 0.932795
vt 0.814286 0.782141
vt 0.846151 0.977644
vt 0.872834 0.977737
vt 0.769313 0.854029
vt 0.892935 0.776305
vt 0.964733 0.821002
vt 0.866252 0.776267
vt 0.839650 0.778199
vt 0.969620 0.899770
vt 0.188338 0.998525
vt 0.160574 0.998525
vt 0.132851 0.997009
vt 0.106258 0.994191
vt 0.215045 0.997164
vt 0.065004 0.988427
vt 0.262454 0.952422
vt 0.256553 0.993662
vt 0.266985 0.897978
vt 0.265376 0.925795
vt 0.265434 0.843368
vt 0.266897 0.870114
vt 0.261794 0.801868
vt 0.830727 0.321262
vt 0.805111 0.325447
vt 0.891179 0.521127
vt 0.916823 0.517117
vt 0.764703 0.477826
vt 0.770828 0.518047
vt 0.884620 0.319404
vt 0.857632 0.319296
vt 0.837284 0.523035
vt 0.864271 0.523086
vt 0.761455 0.452070
vt 0.910534 0.320997
vt 0.811366 0.521499
vt 0.759752 0.398167
vt 0.759614 0.425149
vt 0.960377 0.470315
vt 0.962310 0.444427
vt 0.764901 0.331720
vt 0.957034 0.510867
vt 0.761579 0.372271
vt 0.957101 0.364769
vt 0.951063 0.324537
vt 0.962308 0.417446
vt 0.960298 0.390534
vt 0.698167 0.902968
vt 0.696790 0.929978
vt 0.696633 0.846853
vt 0.698167 0.874889
vt 0.693783 0.819958
vt 0.693248 0.971955
vt 0.645984 0.774555
vt 0.687954 0.778237
vt 0.590756 0.772987
vt 0.618935 0.773076
vt 0.535695 0.777569
vt 0.562623 0.774615
vt 0.493989 0.783538
vt 0.296714 0.651071
vt 0.304418 0.655569
vt 0.288216 0.623194
vt 0.391181 0.140286
vt 0.374979 0.107910
vt 0.510060 0.508934
vt 0.477685 0.525135
vt 0.018481 0.717001
vt 0.026031 0.699683
vt 0.095495 0.476022
vt 0.079293 0.443646
vt 0.258569 0.047849
vt 0.275886 0.055400
vt 0.118284 0.328405
vt 0.100964 0.320855
vt 0.632343 0.212039
vt 0.649660 0.219589
vt 0.064458 0.410140
vt 0.360144 0.074404
vt 0.444179 0.539970
vt 0.273380 0.589688
vt 0.071348 0.425921
vt 0.459959 0.533080
vt 0.367034 0.090185
vt 0.280271 0.605469
vt 0.665895 0.226866
vt 0.698275 0.243069
vt 0.084727 0.313579
vt 0.052344 0.297376
vt 0.292121 0.062677
vt 0.324499 0.078881
vt 0.033308 0.683448
vt 0.049512 0.651069
vt 0.324496 0.326076
vt 0.292117 0.342279
vt 0.366882 0.425919
vt 0.358937 0.443644
vt 0.258565 0.357105
vt 0.342736 0.476020
vt 0.275882 0.349556
vt 0.373772 0.410138
vt 0.698277 0.490271
vt 0.665897 0.506475
vt 0.662569 0.090187
vt 0.654624 0.107912
vt 0.632345 0.521302
vt 0.638422 0.140288
vt 0.669459 0.074406
vt 0.649662 0.513752
vt 0.510062 0.261693
vt 0.312917 0.683450
vt 0.575805 0.605467
vt 0.567860 0.623192
vt 0.327744 0.717003
vt 0.551659 0.655568
vt 0.582695 0.589686
vt 0.320194 0.699685
vt 0.052318 0.050182
vt 0.084694 0.033980
vt 0.459962 0.237546
vt 0.477687 0.245491
vt 0.118250 0.019165
vt 0.100930 0.026708
vt 0.444181 0.230656
s 1
f 304/1/1 98/2/2 130/3/3 307/4/4
f 452/5/5 90/6/6 122/7/7 455/8/8
f 334/9/9 82/10/10 114/11/11 337/12/12
f 490/13/13 74/14/14 106/15/15 493/16/16
f 683/17/17 565/18/18 31/19/19 644/20/20
f 598/21/21 566/22/22 32/23/23 478/24/24
f 53/25/25 471/26/26 296/27/27 758/28/28
f 772/29/29 508/30/30 323/31/31 775/32/32
f 442/33/33 46/34/34 33/35/35 757/36/36
f 763/37/37 756/38/38 46/34/34 442/33/33
f 730/39/39 518/40/40 14/41/41 689/42/42
f 718/43/43 327/44/44 13/45/45 690/46/46
f 727/47/47 567/48/48 29/49/49 688/50/50
f 596/51/51 568/52/52 30/53/53 440/54/54
f 55/55/55 472/56/56 298/57/57 806/58/58
f 820/59/59 507/60/60 325/61/61 823/62/62
f 447/63/63 48/64/64 37/65/65 805/66/66
f 812/67/67 804/68/68 48/64/64 447/63/63
f 685/69/69 15/70/70 24/71/71 647/72/72
f 673/73/73 328/74/74 23/75/75 648/76/76
f 487/77/77 148/78/78 155/79/79 492/80/80
f 678/81/81 653/82/82 174/83/83 429/84/84
f 457/85/85 68/86/86 100/87/87 462/88/88
f 395/89/89 69/90/90 102/91/91 414/92/92
f 534/93/93 322/94/94 26/95/95 524/96/96
f 634/97/97 619/98/98 192/99/99 404/100/100
f 536/101/101 445/102/102 52/103/103 520/104/104
f 331/105/105 132/106/106 139/107/107 336/108/108
f 722/109/109 703/110/110 163/111/111 428/112/112
f 309/113/113 76/114/114 108/115/115 314/116/116
f 409/117/117 77/118/118 110/119/119 418/120/120
f 535/121/121 439/122/122 20/123/123 527/124/124
f 882/125/125 340/126/126 135/127/127 878/128/128
f 532/129/129 294/130/130 44/131/131 523/132/132
f 449/133/133 152/134/134 159/135/135 454/136/136
f 892/137/137 667/138/138 67/139/139 871/140/140
f 495/141/141 84/142/142 116/143/143 500/144/144
f 405/145/145 85/146/146 118/147/147 422/148/148
f 531/149/149 291/150/150 14/41/41 530/151/151
f 676/152/152 668/153/153 72/154/154 364/155/155
f 538/156/156 482/157/157 50/158/158 526/159/159
f 301/160/160 136/161/161 143/162/162 306/163/163
f 890/164/164 627/165/165 75/166/166 873/167/167
f 339/168/168 92/169/169 124/170/170 344/171/171
f 401/172/172 93/173/173 126/174/174 426/175/175
f 476/176/176 465/177/177 65/178/178 431/179/179
f 533/180/180 327/44/44 42/181/181 529/182/182
f 438/183/183 347/184/184 247/185/185 417/186/186
f 475/187/187 467/188/188 259/189/189 421/190/190
f 436/191/191 319/192/192 274/193/193 425/194/194
f 884/195/195 458/196/196 147/197/197 872/198/198
f 365/199/199 197/200/200 250/201/201 374/202/202
f 720/203/203 714/204/204 88/205/205 356/206/206
f 594/207/207 573/208/208 216/209/209 398/210/210
f 886/211/211 496/212/212 151/213/213 876/214/214
f 357/215/215 221/216/216 269/217/217 382/218/218
f 353/219/219 185/220/220 235/221/221 370/222/222
f 632/223/223 628/224/224 80/225/225 360/226/226
f 893/227/227 713/228/228 83/229/229 875/230/230
f 880/231/231 310/232/232 131/233/233 874/234/234
f 361/235/235 209/236/236 262/237/237 378/238/238
f 592/239/239 590/240/240 96/241/241 352/242/242
f 342/243/243 137/244/244 146/245/245 345/246/246
f 721/247/247 697/248/248 204/249/249 400/250/250
f 312/251/251 133/252/252 142/253/253 315/254/254
f 633/255/255 613/256/256 170/257/257 430/258/258
f 498/259/259 153/260/260 162/261/261 501/262/262
f 574/263/263 164/264/264 276/265/265 581/266/266
f 437/267/267 349/268/268 59/269/269 434/270/270
f 514/271/271 505/272/272 63/273/273 433/274/274
f 435/275/275 317/276/276 61/277/277 432/278/278
f 513/279/279 503/280/280 238/281/281 413/282/282
f 537/283/283 478/24/24 32/23/23 521/284/284
f 723/285/285 687/286/286 19/287/287 525/288/288
f 460/289/289 149/290/290 158/291/291 463/292/292
f 639/293/293 604/294/294 25/295/295 522/296/296
f 679/297/297 644/20/20 31/19/19 519/298/298
f 593/299/299 577/300/300 178/301/301 427/302/302
f 887/303/303 589/304/304 91/305/305 877/306/306
f 394/307/307 338/308/308 113/309/309 373/310/310
f 392/311/311 308/312/312 129/313/313 381/314/314
f 881/315/315 332/316/316 78/317/317 868/318/318
f 393/319/319 346/320/320 145/321/321 390/322/322
f 391/323/323 316/324/324 141/325/325 388/326/326
f 351/327/327 95/328/328 128/329/329 380/330/330
f 397/331/331 215/332/332 268/333/333 424/334/334
f 359/335/335 79/336/336 112/337/337 372/338/338
f 879/339/339 302/340/340 94/341/341 870/342/342
f 403/343/343 191/344/344 244/345/345 416/346/346
f 672/347/347 292/348/348 43/349/349 649/350/350
f 808/351/351 803/352/352 40/353/353 446/354/354
f 805/66/66 37/65/65 38/355/355 56/356/356
f 715/357/357 291/150/150 42/181/181 694/358/358
f 760/359/359 755/360/360 36/361/361 441/362/362
f 757/36/36 33/35/35 34/363/363 54/364/364
f 775/32/32 323/31/31 299/365/365 774/366/366
f 823/62/62 325/61/61 300/367/367 822/368/368
f 512/369/369 494/370/370 105/371/371 369/372/372
f 474/373/373 456/374/374 121/375/375 377/376/376
f 883/377/377 450/378/378 86/379/379 869/380/380
f 885/381/381 488/382/382 70/383/383 867/384/384
f 511/385/385 502/386/386 161/387/387 389/388/388
f 473/389/389 464/390/390 157/391/391 387/392/392
f 355/393/393 87/394/394 120/395/395 376/396/396
f 399/397/397 203/398/398 254/399/399 420/400/400
f 363/401/401 71/402/402 104/403/403 368/404/404
f 407/405/405 179/406/406 232/407/407 412/408/408
f 806/58/58 298/57/57 297/409/409 39/410/410
f 810/411/411 470/412/412 448/413/413 47/414/414
f 597/415/415 569/416/416 51/417/417 483/418/418
f 758/28/28 296/27/27 295/419/419 35/420/420
f 762/421/421 469/422/422 443/423/423 45/424/424
f 595/425/425 570/426/426 52/103/103 445/102/102
f 616/427/427 280/428/428 282/429/429 626/430/430
f 580/431/431 265/432/432 267/433/433 582/434/434
f 710/435/435 253/436/436 256/437/437 700/438/438
f 706/439/439 277/440/440 275/441/441 708/442/442
f 654/443/443 213/444/444 257/445/444 661/446/445
f 620/447/446 173/448/447 286/449/448 623/450/449
f 698/451/450 169/452/451 281/453/451 699/454/452
f 618/455/453 195/456/454 239/457/454 621/458/455
f 320/459/456 271/460/457 274/193/193 319/192/192
f 584/461/458 287/462/459 290/463/460 586/464/461
f 660/465/462 284/466/463 285/467/464 662/468/465
f 504/469/466 234/470/467 238/281/281 503/280/280
f 599/471/468 563/472/469 13/45/45 528/473/470
f 350/474/471 60/475/472 59/269/269 349/268/268
f 506/476/473 64/477/474 63/273/273 505/272/272
f 468/478/475 261/479/476 259/189/189 467/188/188
f 318/480/477 62/481/478 61/277/277 317/276/276
f 348/482/479 249/483/480 247/185/185 347/184/184
f 466/484/481 66/485/482 65/178/178 465/177/177
f 622/486/483 241/487/484 243/488/485 624/489/486
f 578/490/487 201/491/488 245/492/488 585/493/489
f 702/494/490 165/495/491 278/496/492 705/497/493
f 576/498/494 176/499/495 288/500/495 583/501/496
f 664/502/497 229/503/498 231/504/499 666/505/500
f 704/506/501 189/507/502 236/508/502 707/509/503
f 656/510/504 183/511/505 227/512/505 663/513/506
f 614/514/507 225/515/508 272/516/508 625/517/509
f 612/518/510 168/519/511 279/520/511 615/521/512
f 696/522/513 207/523/514 251/524/514 709/525/515
f 652/526/516 172/527/517 283/528/518 659/529/519
f 572/530/520 219/531/521 263/532/521 579/533/522
f 658/534/523 177/535/524 289/536/524 665/537/525
f 179/406/406 180/538/526 181/539/527
f 182/540/528 183/511/529 184/541/530
f 185/220/220 186/542/531 187/543/532
f 188/544/533 189/507/534 190/545/535
f 191/344/344 192/99/536 193/546/537
f 194/547/538 195/456/539 196/548/540
f 197/200/200 198/549/541 199/550/542
f 200/551/543 201/491/544 202/552/545
f 203/398/398 204/249/546 205/553/547
f 206/554/548 207/523/549 208/555/550
f 209/236/236 210/556/551 211/557/552
f 212/558/553 213/444/554 214/559/555
f 215/332/332 216/209/556 217/560/557
f 218/561/558 219/531/559 220/562/560
f 221/216/216 222/563/561 223/564/562
f 224/565/563 225/515/564 226/566/565
f 227/512/566 228/567/567 229/568/568
f 230/569/569 231/570/570 232/407/407
f 233/571/571 234/572/572 235/221/221
f 236/508/573 237/573/574 238/574/575
f 239/457/576 240/575/577 241/576/578
f 242/577/579 243/578/580 244/345/345
f 245/492/581 246/579/582 247/580/583
f 248/581/584 249/582/585 250/201/201
f 251/524/586 252/583/587 253/584/588
f 254/399/399 255/585/589 256/586/590
f 257/445/591 258/587/592 259/588/593
f 260/589/594 261/590/595 262/237/237
f 263/532/596 264/591/597 265/592/598
f 266/593/599 267/594/600 268/333/333
f 269/217/217 270/595/601 271/596/602
f 272/516/603 273/597/604 274/598/605
f 487/77/77 69/90/90 70/383/606 488/382/607
f 489/599/608 73/600/609 74/14/14 490/13/13
f 331/105/105 77/118/118 78/317/610 332/316/611
f 333/601/612 81/602/613 82/10/10 334/9/9
f 449/133/133 85/146/146 86/379/614 450/378/615
f 451/603/616 89/604/617 90/6/6 452/5/5
f 301/160/160 93/173/173 94/341/618 302/340/619
f 303/605/620 97/606/621 98/2/2 304/1/1
f 491/607/622 101/608/623 102/91/91 492/80/80
f 493/16/16 106/15/15 105/609/624 494/610/625
f 335/611/626 109/612/627 110/119/119 336/108/108
f 337/12/12 114/11/11 113/613/628 338/614/629
f 453/615/630 117/616/631 118/147/147 454/136/136
f 455/8/8 122/7/7 121/617/632 456/618/633
f 305/619/634 125/620/635 126/174/174 306/163/163
f 307/4/4 130/3/3 129/621/636 308/622/637
f 309/113/113 132/106/106 131/233/638 310/232/639
f 311/623/640 134/624/641 133/252/252 312/251/251
f 339/168/168 136/161/161 135/127/642 340/126/643
f 341/625/644 138/626/645 137/244/244 342/243/243
f 313/627/646 140/628/647 139/107/107 314/116/116
f 315/254/254 142/253/253 141/629/648 316/630/649
f 343/631/650 144/632/651 143/162/162 344/171/171
f 345/246/246 146/245/245 145/633/652 346/634/653
f 457/85/85 148/78/78 147/197/654 458/196/655
f 459/635/656 150/636/657 149/290/290 460/289/289
f 495/141/141 152/134/134 151/213/658 496/212/659
f 497/637/660 154/638/661 153/260/260 498/259/259
f 461/639/662 156/640/663 155/79/79 462/88/88
f 463/292/292 158/291/291 157/641/664 464/642/665
f 499/643/666 160/644/667 159/135/135 500/144/144
f 501/262/262 162/261/261 161/645/668 502/646/669
f 218/561/558 264/591/597 263/532/596 219/531/559
f 268/333/333 215/332/332 217/560/557 266/593/599
f 200/551/543 246/579/582 245/492/581 201/491/544
f 250/201/201 197/200/200 199/550/542 248/581/584
f 194/547/538 240/575/577 239/457/576 195/456/539
f 244/345/345 191/344/344 193/546/537 242/577/579
f 212/558/553 258/587/592 257/445/591 213/444/554
f 262/237/237 209/236/236 211/557/552 260/589/594
f 206/554/548 252/583/587 251/524/586 207/523/549
f 254/399/399 203/398/398 205/553/547 255/585/589
f 224/565/563 273/597/604 272/516/603 225/515/564
f 269/217/217 221/216/216 223/564/562 270/595/601
f 571/647/670 220/562/671 219/531/671 572/530/672
f 573/208/673 163/648/674 164/264/675 574/263/676
f 611/649/677 167/650/678 168/519/679 612/518/680
f 613/256/256 226/566/681 225/515/681 614/514/682
f 615/521/683 279/520/684 280/651/428 616/652/427
f 182/540/528 228/567/567 227/512/566 183/511/529
f 232/407/407 179/406/406 181/539/527 230/569/569
f 695/653/685 208/555/686 207/523/686 696/522/687
f 697/248/248 170/654/257 169/452/688 698/451/689
f 651/655/690 171/656/691 172/527/692 652/526/693
f 653/82/694 214/559/695 213/444/695 654/443/696
f 617/657/697 196/548/698 195/456/698 618/455/699
f 619/98/700 174/658/701 173/448/702 620/447/703
f 575/659/704 175/660/705 176/499/705 576/498/706
f 577/300/707 202/552/708 201/491/708 578/490/709
f 699/454/710 281/453/711 282/661/429 700/662/438
f 188/544/533 237/573/574 236/508/573 189/507/534
f 235/221/221 185/220/220 187/543/532 233/571/571
f 655/663/712 184/541/713 183/511/713 656/510/714
f 657/664/715 178/665/716 177/535/716 658/534/717
f 701/666/718 166/667/719 165/495/720 702/494/721
f 703/110/722 190/545/723 189/507/723 704/506/724
f 351/327/327 218/561/558 220/562/560 352/242/725
f 395/89/89 188/544/533 190/545/535 396/668/726
f 397/331/331 92/169/169 91/305/727 398/210/728
f 353/219/219 74/14/14 73/600/609 354/669/729
f 399/397/397 84/142/142 83/229/730 400/250/731
f 401/172/172 224/565/563 226/566/565 402/670/732
f 355/393/393 206/554/548 208/555/550 356/206/733
f 357/215/215 98/2/2 97/606/621 358/671/734
f 403/343/343 76/114/114 75/166/735 404/100/736
f 405/145/145 212/558/553 214/559/555 406/672/737
f 359/335/335 194/547/538 196/548/540 360/226/738
f 361/235/235 90/6/6 89/604/617 362/673/739
f 407/405/405 68/86/86 67/139/740 408/674/741
f 409/117/117 200/551/543 202/552/545 410/675/742
f 363/401/401 182/540/528 184/541/530 364/155/743
f 365/199/199 82/10/10 81/602/613 366/676/744
f 411/677/745 99/678/746 100/87/87 412/408/408
f 367/679/747 229/568/568 228/567/567 368/404/404
f 413/680/748 238/574/575 237/573/574 414/92/92
f 369/681/749 105/609/624 106/15/15 370/222/222
f 415/682/750 107/683/751 108/115/115 416/346/346
f 371/684/752 241/576/578 240/575/577 372/338/338
f 417/685/753 247/580/583 246/579/582 418/120/120
f 373/686/754 113/613/628 114/11/11 374/202/202
f 419/687/755 115/688/756 116/143/143 420/400/400
f 375/689/757 253/584/588 252/583/587 376/396/396
f 421/690/758 259/588/593 258/587/592 422/148/148
f 377/691/759 121/617/632 122/7/7 378/238/238
f 423/692/760 123/693/761 124/170/170 424/334/334
f 379/694/762 265/592/598 264/591/597 380/330/330
f 425/695/763 274/598/605 273/597/604 426/175/175
f 381/696/764 129/621/636 130/3/3 382/218/218
f 659/529/765 283/528/766 284/697/463 660/698/462
f 661/446/767 257/445/768 259/588/189 662/699/465
f 621/458/769 239/457/770 241/576/484 622/700/483
f 579/533/771 263/532/772 265/592/432 580/701/431
f 705/497/773 278/496/774 277/702/440 706/703/439
f 663/513/775 227/512/776 229/568/498 664/704/497
f 707/509/777 236/508/778 238/574/281 708/705/442
f 581/266/779 276/265/780 275/706/441 582/707/434
f 623/450/781 286/449/782 285/708/464 624/709/486
f 583/501/783 288/500/784 287/710/459 584/711/458
f 709/525/785 251/524/786 253/584/436 710/712/435
f 665/537/787 289/536/788 290/713/460 666/714/500
f 585/493/789 245/492/790 247/580/185 586/715/461
f 625/517/791 272/516/792 274/598/193 626/716/430
f 677/717/793 657/664/794 180/538/795 408/674/796
f 112/337/337 315/254/254 316/630/649 111/718/797
f 107/683/751 313/627/646 314/116/116 108/115/115
f 80/225/798 311/623/640 312/251/251 79/336/336
f 76/114/114 309/113/113 310/232/639 75/166/735
f 146/245/245 307/4/4 308/622/637 145/633/652
f 144/632/651 305/619/634 306/163/163 143/162/162
f 138/626/645 303/605/620 304/1/1 137/244/244
f 136/161/161 301/160/160 302/340/619 135/127/642
f 241/487/484 318/480/477 317/276/276 243/488/485
f 60/475/472 320/459/456 319/192/192 59/269/269
f 811/719/799 479/720/800 472/56/56 55/55/55
f 764/721/801 484/722/802 471/26/26 53/25/25
f 776/723/803 486/724/804 485/725/805 773/726/806
f 778/727/807 510/728/808 508/30/30 772/29/29
f 689/42/42 14/41/41 291/150/150 715/357/357
f 824/729/809 481/730/810 480/731/811 821/732/812
f 826/733/813 509/734/814 507/60/60 820/59/59
f 647/72/72 24/71/71 292/348/348 672/347/347
f 878/128/128 135/127/127 302/340/340 879/339/339
f 371/735/815 111/736/816 316/324/324 391/323/323
f 390/322/322 145/321/321 308/312/312 392/311/311
f 415/737/817 243/488/485 317/276/276 435/275/275
f 79/336/336 312/251/251 315/254/254 112/337/337
f 873/167/167 75/166/166 310/232/232 880/231/231
f 434/270/270 59/269/269 319/192/192 436/191/191
f 93/173/173 301/160/160 306/163/163 126/174/174
f 529/182/182 42/181/181 291/150/150 531/149/149
f 522/296/296 25/295/295 294/130/130 532/129/129
f 132/106/106 309/113/113 314/116/116 139/107/107
f 137/244/244 304/1/1 307/4/4 146/245/245
f 128/329/329 345/246/246 346/634/653 127/738/818
f 123/693/761 343/631/650 344/171/171 124/170/170
f 96/241/819 341/625/644 342/243/243 95/328/328
f 92/169/169 339/168/168 340/126/643 91/305/727
f 142/253/253 337/12/12 338/614/629 141/629/648
f 140/628/647 335/611/626 336/108/108 139/107/107
f 134/624/641 333/601/612 334/9/9 133/252/252
f 132/106/106 331/105/105 332/316/611 131/233/638
f 62/481/478 348/482/479 347/184/184 61/277/277
f 265/432/432 350/474/471 349/268/268 267/433/433
f 728/739/820 566/740/821 742/741/822 746/742/820
f 716/743/823 691/744/824 796/745/825 799/746/826
f 379/747/827 127/748/828 346/320/320 393/319/319
f 874/234/234 131/233/233 332/316/316 881/315/315
f 388/326/326 141/325/325 338/308/308 394/307/307
f 423/749/829 267/433/433 349/268/268 437/267/267
f 95/328/328 342/243/243 345/246/246 128/329/329
f 432/278/278 61/277/277 347/184/184 438/183/183
f 528/473/470 13/45/45 327/44/44 533/180/180
f 136/161/161 339/168/168 344/171/171 143/162/162
f 877/306/306 91/305/305 340/126/126 882/125/125
f 77/118/118 331/105/105 336/108/108 110/119/119
f 523/132/132 44/131/131 322/94/94 534/93/93
f 649/350/350 43/349/349 328/74/74 673/73/73
f 684/750/830 568/751/831 790/752/832 794/753/830
f 648/754/833 684/750/834 794/753/834 782/755/835
f 694/358/358 42/181/181 327/44/44 718/43/43
f 605/756/836 635/757/837 739/758/838 731/759/839
f 694/760/840 718/761/841 738/762/842 735/763/840
f 133/252/252 334/9/9 337/12/12 142/253/253
f 62/481/478 388/326/326 394/307/307 348/482/479
f 265/432/432 379/747/827 393/319/319 350/474/471
f 60/475/472 390/322/322 392/311/311 320/459/456
f 241/487/484 371/735/815 391/323/323 318/480/477
f 271/596/602 381/696/764 382/218/218 269/217/217
f 127/738/818 379/694/762 380/330/330 128/329/329
f 261/590/595 377/691/759 378/238/238 262/237/237
f 119/764/843 375/689/757 376/396/396 120/395/395
f 249/582/585 373/686/754 374/202/202 250/201/201
f 111/718/797 371/684/752 372/338/338 112/337/337
f 234/572/572 369/681/749 370/222/222 235/221/221
f 103/765/844 367/679/747 368/404/404 104/403/403
f 197/200/200 365/199/199 366/676/744 198/549/541
f 71/402/402 363/401/401 364/155/743 72/154/845
f 209/236/236 361/235/235 362/673/739 210/556/551
f 79/336/336 359/335/335 360/226/738 80/225/798
f 221/216/216 357/215/215 358/671/734 222/563/561
f 87/394/394 355/393/393 356/206/733 88/205/846
f 185/220/220 353/219/219 354/669/729 186/542/531
f 95/328/328 351/327/327 352/242/725 96/241/819
f 182/540/528 363/401/401 368/404/404 228/567/567
f 206/554/548 355/393/393 376/396/396 252/583/587
f 466/484/481 473/389/389 387/392/392 66/485/482
f 506/476/473 511/385/385 389/388/388 64/477/474
f 701/666/847 719/766/848 384/767/849 166/667/850
f 651/655/851 675/768/852 385/769/853 171/656/854
f 468/478/475 474/373/373 377/376/376 261/479/476
f 504/469/466 512/369/369 369/372/372 234/470/467
f 194/547/538 359/335/335 372/338/338 240/575/577
f 218/561/558 351/327/327 380/330/330 264/591/597
f 318/480/477 391/323/323 388/326/326 62/481/478
f 350/474/471 393/319/319 390/322/322 60/475/472
f 575/659/855 591/770/856 383/771/857 175/660/858
f 611/649/677 631/772/859 386/773/860 167/650/678
f 320/459/456 392/311/311 381/314/314 271/460/457
f 348/482/479 394/307/307 373/310/310 249/483/480
f 571/647/861 592/239/239 352/242/242 220/562/862
f 90/6/6 361/235/235 378/238/238 122/7/7
f 617/657/863 632/223/223 360/226/226 196/548/864
f 74/14/14 353/219/219 370/222/222 106/15/15
f 98/2/2 357/215/215 382/218/218 130/3/3
f 695/653/685 720/203/203 356/206/206 208/555/865
f 82/10/10 365/199/199 374/202/202 114/11/11
f 655/663/866 676/152/152 364/155/155 184/541/867
f 140/774/868 432/278/278 438/183/183 335/775/869
f 123/776/870 423/749/829 437/267/267 343/777/871
f 144/778/872 434/270/270 436/191/191 305/779/873
f 107/780/874 415/737/817 435/275/275 313/781/875
f 667/138/138 677/717/793 408/674/796 67/139/139
f 125/620/635 425/695/763 426/175/175 126/174/174
f 267/594/600 423/692/760 424/334/334 268/333/333
f 117/616/631 421/690/758 422/148/148 118/147/147
f 256/586/590 419/687/755 420/400/400 254/399/399
f 109/612/627 417/685/753 418/120/120 110/119/119
f 243/578/580 415/682/750 416/346/346 244/345/345
f 101/608/623 413/680/748 414/92/92 102/91/91
f 231/570/570 411/677/745 412/408/408 232/407/407
f 77/118/118 409/117/117 410/675/742 78/317/610
f 179/406/406 407/405/405 408/674/741 180/538/526
f 85/146/146 405/145/145 406/672/737 86/379/614
f 191/344/344 403/343/343 404/100/736 192/99/536
f 93/173/173 401/172/172 402/670/732 94/341/618
f 203/398/398 399/397/397 400/250/731 204/249/546
f 215/332/332 397/331/331 398/210/728 216/209/556
f 69/90/90 395/89/89 396/668/726 70/383/606
f 68/86/86 407/405/405 412/408/408 100/87/87
f 84/142/142 399/397/397 420/400/400 116/143/143
f 76/114/114 403/343/343 416/346/346 108/115/115
f 92/169/169 397/331/331 424/334/334 124/170/170
f 491/782/876 513/279/279 413/282/282 101/783/877
f 313/781/875 435/275/275 432/278/278 140/774/868
f 499/784/878 514/271/271 433/274/274 160/785/879
f 343/777/871 437/267/267 434/270/270 144/778/872
f 713/228/228 721/247/247 400/250/250 83/229/229
f 589/304/304 594/207/207 398/210/210 91/305/305
f 305/779/873 436/191/191 425/194/194 125/786/880
f 453/787/881 475/187/187 421/190/190 117/788/882
f 335/775/869 438/183/183 417/186/186 109/789/883
f 461/790/884 476/176/176 431/179/179 156/791/885
f 224/565/563 401/172/172 426/175/175 273/597/604
f 212/558/553 405/145/145 422/148/148 258/587/592
f 200/551/543 409/117/117 418/120/120 246/579/582
f 627/165/165 634/97/97 404/100/100 75/166/166
f 188/544/533 395/89/89 414/92/92 237/573/574
f 99/792/886 411/793/887 476/176/176 461/790/884
f 160/785/879 433/274/274 475/187/187 453/787/881
f 64/477/474 389/388/388 474/373/373 468/478/475
f 229/503/498 367/794/888 473/389/389 466/484/481
f 717/795/889 693/796/890 798/797/890 800/798/891
f 671/799/892 645/800/893 748/801/894 751/802/895
f 729/803/896 607/804/897 779/805/898 802/806/896
f 566/740/821 598/807/899 745/808/900 742/741/822
f 104/403/403 463/292/292 464/642/665 103/765/844
f 99/678/746 461/639/662 462/88/88 100/87/87
f 72/154/845 459/635/656 460/289/289 71/402/402
f 68/86/86 457/85/85 458/196/655 67/139/740
f 162/261/261 455/8/8 456/618/633 161/645/668
f 160/644/667 453/615/630 454/136/136 159/135/135
f 154/638/661 451/603/616 452/5/5 153/260/260
f 152/134/134 449/133/133 450/378/615 151/213/658
f 229/503/498 466/484/481 465/177/177 231/504/499
f 64/477/474 468/478/475 467/188/188 63/273/273
f 565/18/18 595/425/425 445/102/102 31/19/19
f 686/809/901 605/756/836 731/759/839 754/810/901
f 645/800/893 686/809/901 754/810/901 748/801/894
f 367/794/888 103/811/902 464/390/390 473/389/389
f 876/214/214 151/213/213 450/378/378 883/377/377
f 389/388/388 161/387/387 456/374/374 474/373/373
f 595/812/903 565/813/904 741/814/905 744/815/906
f 636/816/907 608/817/908 780/818/909 787/819/910
f 71/402/402 460/289/289 463/292/292 104/403/403
f 871/140/140 67/139/139 458/196/196 884/195/195
f 433/274/274 63/273/273 467/188/188 475/187/187
f 411/793/887 231/504/499 465/177/177 476/176/176
f 85/146/146 449/133/133 454/136/136 118/147/147
f 526/159/159 50/158/158 439/122/122 535/121/121
f 519/298/298 31/19/19 445/102/102 536/101/101
f 148/78/78 457/85/85 462/88/88 155/79/79
f 608/817/908 685/820/911 795/821/911 780/818/909
f 691/744/824 729/803/912 802/806/912 796/745/825
f 569/416/416 596/51/51 440/54/54 51/417/417
f 153/260/260 452/5/5 455/8/8 162/261/261
f 115/822/913 419/823/914 514/271/271 499/784/878
f 156/791/885 431/179/179 513/279/279 491/782/876
f 66/485/482 387/392/392 512/369/369 504/469/466
f 253/436/436 375/824/915 511/385/385 506/476/473
f 690/825/916 728/739/820 746/742/820 734/826/917
f 609/827/918 636/816/907 787/819/910 784/828/918
f 646/829/919 674/830/920 752/831/921 749/832/922
f 647/833/923 672/834/924 785/835/925 781/836/926
f 120/395/395 501/262/262 502/646/669 119/764/843
f 115/688/756 499/643/666 500/144/144 116/143/143
f 88/205/846 497/637/660 498/259/259 87/394/394
f 84/142/142 495/141/141 496/212/659 83/229/730
f 158/291/291 493/16/16 494/610/625 157/641/664
f 156/640/663 491/607/622 492/80/80 155/79/79
f 150/636/657 489/599/608 490/13/13 149/290/290
f 148/78/78 487/77/77 488/382/607 147/197/654
f 253/436/436 506/476/473 505/272/272 256/437/437
f 66/485/482 504/469/466 503/280/280 65/178/178
f 567/48/48 597/415/415 483/418/418 29/49/49
f 567/837/927 727/838/928 801/839/928 789/840/929
f 727/838/930 692/841/931 797/842/932 801/839/930
f 375/824/915 119/843/933 502/386/386 511/385/385
f 872/198/198 147/197/197 488/382/382 885/381/381
f 387/392/392 157/391/391 494/370/370 512/369/369
f 692/841/931 717/795/889 800/798/891 797/842/932
f 610/844/934 638/845/935 740/846/936 736/847/934
f 520/104/104 52/103/103 478/24/24 537/283/283
f 431/179/179 65/178/178 503/280/280 513/279/279
f 419/823/914 256/437/437 505/272/272 514/271/271
f 87/394/394 498/259/259 501/262/262 120/395/395
f 875/230/230 83/229/229 496/212/212 886/211/211
f 525/288/288 19/287/287 482/157/157 538/156/156
f 152/134/134 495/141/141 500/144/144 159/135/135
f 69/90/90 487/77/77 492/80/80 102/91/91
f 635/757/837 610/844/934 736/847/934 739/758/838
f 674/830/920 650/848/937 750/849/937 752/831/921
f 570/426/426 598/21/21 478/24/24 52/103/103
f 149/290/290 490/13/13 493/16/16 158/291/291
f 841/850/938 525/288/288 538/156/156 854/851/939
f 836/852/940 520/104/104 537/283/283 853/853/941
f 835/854/942 519/298/298 536/101/101 852/855/943
f 842/856/944 526/159/159 535/121/121 851/857/945
f 839/858/946 523/132/132 534/93/93 850/859/947
f 844/860/948 528/473/470 533/180/180 849/861/949
f 838/862/950 522/296/296 532/129/129 848/863/951
f 845/864/952 529/182/182 531/149/149 847/865/953
f 856/866/954 599/471/468 528/473/470 844/860/948
f 860/867/955 679/297/297 519/298/298 835/854/942
f 858/868/956 639/293/293 522/296/296 838/862/950
f 862/869/957 723/285/285 525/288/288 841/850/938
f 853/853/941 537/283/283 521/284/284 837/870/958
f 849/861/949 533/180/180 529/182/182 845/864/952
f 854/851/939 538/156/156 526/159/159 842/856/944
f 847/865/953 531/149/149 530/151/151 846/871/959
f 848/863/951 532/129/129 523/132/132 839/858/946
f 851/857/945 535/121/121 527/124/124 843/872/960
f 852/855/943 536/101/101 520/104/104 836/852/940
f 850/859/947 534/93/93 524/96/96 840/873/961
f 18/874/962 549/875/963 562/876/964 477/877/965
f 51/417/417 544/878/966 561/879/967 483/418/418
f 30/53/53 543/880/968 560/881/969 440/54/54
f 49/882/970 550/883/971 559/884/972 444/885/973
f 10/886/974 552/887/975 558/888/976 321/889/977
f 43/349/349 547/890/978 557/891/979 328/74/74
f 24/71/71 546/892/980 556/893/981 292/348/348
f 41/894/982 553/895/983 555/896/984 293/897/985
f 483/418/418 561/879/967 545/898/986 29/49/49
f 444/885/973 559/884/972 551/899/987 17/900/988
f 293/897/985 555/896/984 554/901/989 9/902/990
f 328/74/74 557/891/979 548/903/991 23/75/75
f 542/904/992 601/905/993 552/887/975 10/886/974
f 292/348/348 556/893/981 547/890/978 43/349/349
f 28/906/994 725/907/995 549/875/963 18/874/962
f 477/877/965 562/876/964 550/883/971 49/882/970
f 440/54/54 560/881/969 544/878/966 51/417/417
f 15/70/70 642/908/996 546/892/980 24/71/71
f 6/909/997 682/910/998 543/880/968 30/53/53
f 321/889/977 558/888/976 553/895/983 41/894/982
f 23/75/75 548/903/991 602/911/999 564/912/1000
f 840/873/961 524/96/96 600/913/1001 855/914/1002
f 715/915/1003 694/760/840 735/763/840 737/916/1004
f 607/804/897 637/917/1005 788/918/1006 779/805/898
f 637/917/1005 609/827/918 784/828/918 788/918/1006
f 638/845/935 606/919/1007 732/920/1008 740/846/936
f 78/317/317 410/675/1009 593/299/299 587/921/1010
f 166/922/850 384/923/849 592/239/239 571/647/861
f 198/549/1011 366/676/1012 591/770/856 575/659/855
f 289/924/788 585/493/789 586/715/461 290/925/460
f 248/581/1013 583/501/783 584/711/458 249/582/480
f 266/593/1014 581/266/779 582/707/434 267/594/433
f 278/926/774 579/533/771 580/701/431 277/927/440
f 178/301/716 577/300/707 578/490/709 177/928/716
f 198/549/1015 575/659/704 576/498/706 199/550/1015
f 216/209/1016 573/208/673 574/263/676 217/560/1016
f 166/922/719 571/647/670 572/530/672 165/929/720
f 165/929/491 572/530/520 579/533/522 278/926/492
f 199/550/1017 576/498/494 583/501/496 248/581/1017
f 177/928/524 578/490/487 585/493/489 289/924/524
f 249/483/480 584/461/458 586/464/461 247/185/185
f 277/930/440 580/431/431 582/434/434 275/931/441
f 565/813/904 683/932/1018 753/933/1018 741/814/905
f 649/934/1019 673/935/1020 786/936/1021 783/937/1019
f 366/676/1012 81/602/1022 588/938/1023 591/770/856
f 868/318/318 78/317/317 587/921/1010 888/939/1024
f 410/675/1009 202/552/1025 577/300/300 593/299/299
f 217/560/1026 574/263/263 581/266/266 266/593/1026
f 428/940/112 163/648/111 573/208/208 594/207/207
f 524/96/96 26/95/95 12/941/1027 600/913/1001
f 693/796/890 716/743/823 799/746/826 798/797/890
f 568/751/831 596/942/1028 792/943/1029 790/752/832
f 689/944/1030 715/915/1003 737/916/1004 733/945/1031
f 683/932/1018 646/829/919 749/832/922 753/933/1018
f 690/46/46 13/45/45 563/472/469 728/946/1032
f 648/76/76 23/75/75 564/912/1000 684/947/1033
f 9/902/990 554/901/989 641/948/1034 603/949/1035
f 846/871/959 530/151/151 640/950/1036 857/951/1037
f 50/158/158 482/157/157 638/952/1038 610/953/1039
f 18/874/962 477/877/965 637/954/1040 607/955/1041
f 49/882/970 444/885/973 636/956/1042 609/957/1043
f 20/123/123 439/122/122 635/958/1044 605/959/1045
f 94/341/341 402/670/1046 633/255/255 629/960/1047
f 171/961/854 385/962/853 632/223/223 617/657/863
f 222/563/1048 358/671/1049 631/772/859 611/649/677
f 281/963/711 625/517/791 626/716/430 282/964/429
f 242/577/1050 623/450/781 624/709/486 243/578/485
f 283/965/766 621/458/769 622/700/483 284/966/463
f 192/99/1051 619/98/700 620/447/703 193/546/1051
f 171/961/691 617/657/697 618/455/699 172/967/692
f 270/595/1052 615/521/683 616/652/427 271/596/457
f 170/257/257 613/256/256 614/514/682 169/968/688
f 222/563/1053 611/649/677 612/518/680 223/564/1053
f 223/564/1054 612/518/510 615/521/512 270/595/1054
f 169/968/451 614/514/507 625/517/509 281/963/451
f 284/969/463 622/486/483 624/489/486 285/970/464
f 172/967/517 618/455/453 621/458/455 283/965/518
f 193/546/1055 620/447/446 623/450/449 242/577/1055
f 271/460/457 616/427/427 626/430/430 274/193/193
f 439/122/122 50/158/158 610/953/1039 635/958/1044
f 477/877/965 49/882/970 609/957/1043 637/954/1040
f 358/671/1049 97/606/1056 630/971/1057 631/772/859
f 870/342/342 94/341/341 629/960/1047 889/972/1058
f 402/670/1046 226/566/1059 613/256/256 633/255/255
f 530/151/151 14/41/41 518/40/40 640/950/1036
f 429/973/84 174/658/83 619/98/98 634/97/97
f 444/885/973 17/900/988 608/974/1060 636/956/1042
f 28/906/994 18/874/962 607/955/1041 729/975/1061
f 482/157/157 19/287/287 606/976/1062 638/952/1038
f 27/977/1063 20/123/123 605/959/1045 686/978/1064
f 17/900/988 643/979/1065 685/980/69 608/974/1060
f 596/942/1028 569/981/1066 791/982/1066 792/943/1029
f 26/95/95 646/983/1067 683/984/17 12/941/1027
f 17/900/988 551/899/987 681/985/1068 643/979/1065
f 843/872/960 527/124/124 680/986/1069 859/987/1070
f 86/379/379 406/672/1071 678/81/81 669/988/1072
f 175/989/858 383/990/857 676/152/152 655/663/866
f 210/556/1073 362/673/1074 675/768/852 651/655/851
f 44/131/131 650/991/1075 674/992/1076 322/94/94
f 685/820/1077 647/833/923 781/836/926 795/821/1077
f 672/834/924 649/934/1019 783/937/1019 785/835/925
f 25/295/295 645/993/1078 671/994/1079 294/130/130
f 427/995/302 178/665/301 657/664/794 677/717/793
f 230/569/1080 665/537/787 666/714/500 231/570/499
f 288/996/784 663/513/775 664/704/497 287/997/459
f 286/998/782 661/446/767 662/699/465 285/999/464
f 260/589/1081 659/529/765 660/698/462 261/590/476
f 180/538/1082 657/664/715 658/534/717 181/539/1082
f 175/989/705 655/663/712 656/510/714 176/1000/705
f 174/83/701 653/82/694 654/443/696 173/1001/702
f 210/556/1083 651/655/690 652/526/693 211/557/1083
f 181/539/1084 658/534/523 665/537/525 230/569/1084
f 211/557/1085 652/526/516 659/529/519 260/589/1085
f 176/1000/495 656/510/504 663/513/506 288/996/495
f 287/1002/459 664/502/497 666/505/500 290/1003/460
f 261/479/476 660/465/462 662/468/465 259/189/189
f 173/1001/447 654/443/443 661/446/445 286/998/448
f 362/673/1074 89/604/1086 670/1004/1087 675/768/852
f 294/130/130 671/994/1079 650/991/1075 44/131/131
f 597/1005/1088 567/837/927 789/840/929 793/1006/1089
f 869/380/380 86/379/379 669/988/1072 891/1007/1090
f 527/124/124 20/123/123 27/977/1063 680/986/1069
f 406/672/1071 214/559/1091 653/82/82 678/81/81
f 569/981/1066 597/1005/1088 793/1006/1089 791/982/1066
f 673/935/1020 648/754/833 782/755/835 786/936/1021
f 322/94/94 674/992/1076 646/983/1067 26/95/95
f 604/294/294 686/1008/1064 645/993/1078 25/295/295
f 568/52/52 684/1009/1033 6/909/997 30/53/53
f 19/287/287 687/286/286 730/1010/39 606/976/1062
f 606/919/1007 730/1011/1092 747/1012/1092 732/920/1008
f 10/886/974 692/1013/1093 727/1014/47 542/904/992
f 29/49/49 545/898/986 726/1015/1094 688/50/50
f 837/870/958 521/284/284 724/1016/1095 861/1017/1096
f 70/383/383 396/668/1097 722/109/109 711/1018/1098
f 167/1019/678 386/1020/860 720/203/203 695/653/685
f 186/542/1099 354/669/1100 719/766/848 701/666/847
f 730/1011/1092 689/944/1030 733/945/1031 747/1012/1092
f 41/894/982 693/1021/1101 717/1022/1102 321/889/977
f 9/902/990 691/1023/1103 716/1024/1104 293/897/985
f 650/848/937 671/799/892 751/802/895 750/849/937
f 279/1025/684 709/525/785 710/712/435 280/1026/428
f 276/1027/780 707/509/777 708/705/442 275/1028/441
f 233/571/1105 705/497/773 706/703/439 234/572/467
f 163/111/674 703/110/722 704/506/724 164/1029/675
f 186/542/1106 701/666/718 702/494/721 187/543/1106
f 255/585/1107 699/454/710 700/662/438 256/586/437
f 204/249/1108 697/248/248 698/451/689 205/553/1108
f 167/1019/678 695/653/685 696/522/687 168/1030/679
f 168/1030/511 696/522/513 709/525/515 279/1025/511
f 164/1029/264 704/506/501 707/509/503 276/1027/265
f 187/543/1109 702/494/490 705/497/493 233/571/1109
f 205/553/1110 698/451/450 699/454/452 255/585/1110
f 234/470/467 706/439/439 708/442/442 238/281/281
f 280/1031/428 710/435/435 700/438/438 282/1032/429
f 354/669/1100 73/600/1111 712/1033/1112 719/766/848
f 598/807/899 570/1034/1113 743/1035/1113 745/808/900
f 293/897/985 716/1024/1104 693/1021/1101 41/894/982
f 430/1036/258 170/654/257 697/248/248 721/247/247
f 867/384/384 70/383/383 711/1018/1098 894/1037/1114
f 396/668/1097 190/545/1115 703/110/110 722/109/109
f 521/284/284 32/23/23 5/1038/1116 724/1016/1095
f 321/889/977 717/1022/1102 692/1013/1093 10/886/974
f 603/949/1035 729/1039/1061 691/1023/1103 9/902/990
f 570/1034/1113 595/812/903 744/815/906 743/1035/1113
f 718/761/841 690/825/916 734/826/917 738/762/842
f 566/22/22 728/1040/1032 5/1038/1116 32/23/23
f 734/826/1117 746/742/1118 770/1041/1118 324/1042/1119
f 732/920/1120 747/1012/1121 771/1043/1121 484/1044/1122
f 741/814/1123 753/933/1124 777/1045/1124 765/1046/1125
f 745/808/1126 743/1035/1127 767/1047/1127 769/1048/1128
f 748/801/1129 754/810/1130 778/1049/1130 772/1050/1131
f 739/758/1132 736/847/1133 756/1051/1133 763/1052/1134
f 749/832/1135 752/831/1136 776/1053/1137 773/1054/1138
f 731/759/1139 739/758/1132 763/1052/1134 510/1055/1140
f 747/1012/1141 733/945/1142 330/1056/1143 771/1043/1141
f 750/849/1144 751/802/1145 775/1057/1146 774/1058/1144
f 736/847/1133 740/846/1147 764/1059/1148 756/1051/1133
f 738/762/1149 734/826/1117 324/1042/1119 761/1060/1150
f 751/802/1145 748/801/1129 772/1050/1131 775/1057/1146
f 746/742/1151 742/741/1152 766/1061/1153 770/1041/1151
f 737/916/1154 735/763/1155 58/1062/1155 759/1063/1156
f 752/831/1136 750/849/1144 774/1058/1144 776/1053/1137
f 742/741/1152 745/808/1126 769/1048/1128 766/1061/1153
f 733/945/1142 737/916/1154 759/1063/1156 330/1056/1143
f 753/933/1157 749/832/1135 773/1054/1138 777/1045/1157
f 743/1035/1127 744/815/1158 768/1064/1159 767/1047/1127
f 735/763/1155 738/762/1149 761/1060/1150 58/1062/1155
f 740/846/1147 732/920/1120 484/1044/1122 764/1059/1148
f 754/810/1160 731/759/1139 510/1055/1140 778/1049/1160
f 744/815/1158 741/814/1123 765/1046/1125 768/1064/1159
f 54/364/364 34/363/363 755/360/360 760/359/359
f 35/420/420 295/419/419 469/422/422 762/421/421
f 774/366/366 299/365/365 486/724/804 776/723/803
f 299/365/365 54/364/364 760/359/359 486/724/804
f 508/30/30 442/33/33 757/36/36 323/31/31
f 510/728/808 763/37/37 442/33/33 508/30/30
f 486/724/804 760/359/359 441/362/362 485/725/805
f 323/31/31 757/36/36 54/364/364 299/365/365
f 34/363/363 35/420/420 762/421/421 755/360/360
f 46/34/34 53/25/25 758/28/28 33/35/35
f 33/35/35 758/28/28 35/420/420 34/363/363
f 755/360/360 762/421/421 45/424/424 36/361/361
f 756/38/38 764/721/801 53/25/25 46/34/34
f 36/361/361 45/424/424 769/1065/1161 767/1066/1162
f 485/725/805 441/362/362 768/1067/1163 765/1068/1164
f 441/362/362 36/361/361 767/1066/1162 768/1067/1163
f 45/424/424 443/423/423 766/1069/1165 769/1065/1161
f 773/726/806 485/725/805 765/1068/1164 777/1070/1166
f 443/423/423 324/1071/1167 770/1072/1168 766/1069/1165
f 295/419/419 58/1073/1169 761/1074/1170 469/422/422
f 471/26/26 330/1075/1171 759/1076/1172 296/27/27
f 296/27/27 759/1076/1172 58/1073/1169 295/419/419
f 469/422/422 761/1074/1170 324/1071/1167 443/423/423
f 484/722/802 771/1077/1173 330/1075/1171 471/26/26
f 797/842/1117 800/798/1149 824/1078/1150 821/1079/1119
f 781/836/1129 785/835/1145 807/1080/1146 329/1081/1131
f 794/753/1124 790/752/1123 814/1082/1125 818/1083/1124
f 798/797/1155 799/746/1154 823/1084/1156 822/1085/1155
f 783/937/1144 786/936/1136 809/1086/1137 57/1087/1144
f 790/752/1123 792/943/1158 816/1088/1159 814/1082/1125
f 799/746/1154 796/745/1142 820/1089/1143 823/1084/1156
f 782/755/1135 794/753/1157 818/1083/1157 326/1090/1138
f 791/982/1127 793/1006/1126 817/1091/1128 815/1092/1127
f 800/798/1149 798/797/1155 822/1085/1155 824/1078/1150
f 787/819/1132 780/818/1139 479/1093/1140 811/1094/1134
f 792/943/1158 791/982/1127 815/1092/1127 816/1088/1159
f 801/839/1118 797/842/1117 821/1079/1119 825/1095/1118
f 780/818/1139 795/821/1160 819/1096/1160 479/1093/1140
f 795/821/1130 781/836/1129 329/1081/1131 819/1096/1130
f 793/1006/1126 789/840/1152 813/1097/1153 817/1091/1128
f 802/806/1121 779/805/1120 509/1098/1122 826/1099/1121
f 788/918/1147 784/828/1133 804/1100/1133 812/1101/1148
f 786/936/1136 782/755/1135 326/1090/1138 809/1086/1137
f 789/840/1152 801/839/1151 825/1095/1151 813/1097/1153
f 784/828/1133 787/819/1132 811/1094/1134 804/1100/1133
f 796/745/1142 802/806/1141 826/1099/1141 820/1089/1143
f 785/835/1145 783/937/1144 57/1087/1144 807/1080/1146
f 779/805/1120 788/918/1147 812/1101/1148 509/1098/1122
f 56/356/356 38/355/355 803/352/352 808/351/351
f 39/410/410 297/409/409 470/412/412 810/411/411
f 822/368/368 300/367/367 481/730/810 824/729/809
f 38/355/355 39/410/410 810/411/411 803/352/352
f 48/64/64 55/55/55 806/58/58 37/65/65
f 37/65/65 806/58/58 39/410/410 38/355/355
f 803/352/352 810/411/411 47/414/414 40/353/353
f 804/68/68 811/719/799 55/55/55 48/64/64
f 300/367/367 56/356/356 808/351/351 481/730/810
f 507/60/60 447/63/63 805/66/66 325/61/61
f 509/734/814 812/67/67 447/63/63 507/60/60
f 481/730/810 808/351/351 446/354/354 480/731/811
f 325/61/61 805/66/66 56/356/356 300/367/367
f 480/731/811 446/354/354 817/1102/1174 813/1103/1175
f 40/353/353 47/414/414 816/1104/1176 815/1105/1177
f 446/354/354 40/353/353 815/1105/1177 817/1102/1174
f 47/414/414 448/413/413 814/1106/1178 816/1104/1176
f 821/732/812 480/731/811 813/1103/1175 825/1107/1179
f 448/413/413 326/1108/1180 818/1109/1181 814/1106/1178
f 297/409/409 57/1110/1182 809/1111/1183 470/412/412
f 472/56/56 329/1112/1184 807/1113/1185 298/57/57
f 298/57/57 807/1113/1185 57/1110/1182 297/409/409
f 470/412/412 809/1111/1183 326/1108/1180 448/413/413
f 479/720/800 819/1114/1186 329/1112/1184 472/56/56
f 684/1009/1033 7/1115/1187 6/909/997
f 728/1040/1032 539/1116/1188 5/1038/1116
f 724/1016/1095 5/1038/1116 539/1116/1188 540/1117/1189
f 600/913/1001 12/941/1027 11/1118/1190 829/1119/1191
f 680/986/1069 27/977/1063 22/1120/1192 827/1121/1193
f 894/1037/1114 711/1018/1098 3/1122/1194 895/1123/1195
f 640/950/1036 518/40/40 517/1124/1196 2/1125/1197
f 889/972/1058 629/960/1047 834/1126/1198 896/1127/1199
f 891/1007/1090 669/988/1072 833/1128/1200 897/1129/1201
f 888/939/1024 587/921/1010 831/1130/1202 898/1131/1203
f 631/772/859 630/971/1057 1/1132/1204 386/773/860
f 591/770/856 588/938/1023 830/1133/1205 383/771/857
f 675/768/852 670/1004/1087 828/1134/1206 385/769/853
f 719/766/848 712/1033/1112 832/1135/1207 384/767/849
f 587/921/1010 593/299/299 427/302/302 831/1130/1202
f 629/960/1047 633/255/255 430/258/258 834/1126/1198
f 711/1018/1098 722/109/109 428/112/112 3/1122/1194
f 669/988/1072 678/81/81 429/84/84 833/1128/1200
f 857/951/1037 640/950/1036 2/1125/1197 863/1136/1208
f 859/987/1070 680/986/1069 827/1121/1193 864/1137/1209
f 855/914/1002 600/913/1001 829/1119/1191 865/1138/1210
f 861/1017/1096 724/1016/1095 540/1117/1189 866/1139/1211
f 564/912/1000 602/911/999 8/1140/1212 7/1141/1187
f 643/979/1065 681/985/1068 21/1142/1213 16/1143/1214
f 603/949/1035 641/948/1034 516/1144/1215 515/1145/1216
f 688/50/50 726/1015/1094 4/1146/1217 541/1147/1218
f 541/1148/1218 4/1149/1217 601/905/993 542/904/992
f 866/1150/1211 540/1151/1189 599/471/468 856/866/954
f 3/1152/1194 428/940/112 594/207/207 589/304/304
f 540/1151/1189 539/1153/1188 563/472/469 599/471/468
f 895/1154/1195 3/1152/1194 589/304/304 887/303/303
f 384/923/849 832/1155/1207 590/240/240 592/239/239
f 16/1156/1214 21/1157/1213 642/908/996 15/70/70
f 864/1158/1209 827/1159/1193 639/293/293 858/868/956
f 833/1160/1200 429/973/84 634/97/97 627/165/165
f 827/1159/1193 22/1161/1192 604/294/294 639/293/293
f 385/962/853 828/1162/1206 628/224/224 632/223/223
f 897/1163/1201 833/1160/1200 627/165/165 890/164/164
f 685/69/69 16/1156/1214 15/70/70
f 687/286/286 517/1164/1196 730/1010/39
f 22/1161/1192 686/1008/1064 604/294/294
f 7/1115/1187 8/1165/1212 682/910/998 6/909/997
f 865/1166/1210 829/1167/1191 679/297/297 860/867/955
f 831/1168/1202 427/995/302 677/717/793 667/138/138
f 829/1167/1191 11/1169/1190 644/20/20 679/297/297
f 383/990/857 830/1170/1205 668/153/153 676/152/152
f 898/1171/1203 831/1168/1202 667/138/138 892/137/137
f 12/941/1027 683/984/17 11/1118/1190
f 515/1145/1216 729/1039/1061 603/949/1035
f 515/1172/1216 516/1173/1215 725/907/995 28/906/994
f 863/1174/1208 2/1175/1197 723/285/285 862/869/957
f 834/1176/1198 430/1036/258 721/247/247 713/228/228
f 2/1175/1197 517/1164/1196 687/286/286 723/285/285
f 896/1177/1199 834/1176/1198 713/228/228 893/227/227
f 386/1020/860 1/1178/1204 714/204/204 720/203/203
f 542/904/992 727/1014/47 541/1148/1218
f 1/1178/1204 863/1174/1208 862/869/957 714/204/204
f 830/1170/1205 865/1166/1210 860/867/955 668/153/153
f 828/1162/1206 864/1158/1209 858/868/956 628/224/224
f 832/1155/1207 866/1150/1211 856/866/954 590/240/240
f 712/1033/1112 861/1017/1096 866/1139/1211 832/1135/1207
f 588/938/1023 855/914/1002 865/1138/1210 830/1133/1205
f 670/1004/1087 859/987/1070 864/1137/1209 828/1134/1206
f 630/971/1057 857/951/1037 863/1136/1208 1/1132/1204
f 73/600/1111 837/870/958 861/1017/1096 712/1033/1112
f 89/604/1086 843/872/960 859/987/1070 670/1004/1087
f 97/606/1056 846/871/959 857/951/1037 630/971/1057
f 81/602/1022 840/873/961 855/914/1002 588/938/1023
f 333/601/1219 850/859/947 840/873/961 81/602/1022
f 459/635/1220 852/855/943 836/852/940 150/636/1221
f 451/603/1222 851/857/945 843/872/960 89/604/1086
f 311/623/1223 848/863/951 839/858/946 134/624/1224
f 303/605/1225 847/865/953 846/871/959 97/606/1056
f 497/637/1226 854/851/939 842/856/944 154/638/1227
f 341/625/1228 849/861/949 845/864/952 138/626/1229
f 489/599/1230 853/853/941 837/870/958 73/600/1111
f 714/204/204 862/869/957 841/850/938 88/205/205
f 628/224/224 858/868/956 838/862/950 80/225/225
f 668/153/153 860/867/955 835/854/942 72/154/154
f 590/240/240 856/866/954 844/860/948 96/241/241
f 138/626/1229 845/864/952 847/865/953 303/605/1225
f 80/225/225 838/862/950 848/863/951 311/623/1223
f 96/241/241 844/860/948 849/861/949 341/625/1228
f 134/624/1224 839/858/946 850/859/947 333/601/1219
f 154/638/1227 842/856/944 851/857/945 451/603/1222
f 72/154/154 835/854/942 852/855/943 459/635/1220
f 150/636/1221 836/852/940 853/853/941 489/599/1230
f 88/205/205 841/850/938 854/851/939 497/637/1226
f 516/1173/1215 896/1177/1199 893/227/227 725/907/995
f 8/1165/1212 898/1171/1203 892/137/137 682/910/998
f 21/1157/1213 897/1163/1201 890/164/164 642/908/996
f 4/1149/1217 895/1154/1195 887/303/303 601/905/993
f 602/911/999 888/939/1024 898/1131/1203 8/1140/1212
f 681/985/1068 891/1007/1090 897/1129/1201 21/1142/1213
f 641/948/1034 889/972/1058 896/1127/1199 516/1144/1215
f 726/1015/1094 894/1037/1114 895/1123/1195 4/1146/1217
f 545/898/986 867/384/384 894/1037/1114 726/1015/1094
f 551/899/987 869/380/380 891/1007/1090 681/985/1068
f 554/901/989 870/342/342 889/972/1058 641/948/1034
f 548/903/991 868/318/318 888/939/1024 602/911/999
f 549/875/963 875/230/230 886/211/211 562/876/964
f 544/878/966 872/198/198 885/381/381 561/879/967
f 543/880/968 871/140/140 884/195/195 560/881/969
f 550/883/971 876/214/214 883/377/377 559/884/972
f 552/887/975 877/306/306 882/125/125 558/888/976
f 547/890/978 874/234/234 881/315/315 557/891/979
f 546/892/980 873/167/167 880/231/231 556/893/981
f 553/895/983 878/128/128 879/339/339 555/896/984
f 561/879/967 885/381/381 867/384/384 545/898/986
f 559/884/972 883/377/377 869/380/380 551/899/987
f 555/896/984 879/339/339 870/342/342 554/901/989
f 557/891/979 881/315/315 868/318/318 548/903/991
f 601/905/993 887/303/303 877/306/306 552/887/975
f 556/893/981 880/231/231 874/234/234 547/890/978
f 725/907/995 893/227/227 875/230/230 549/875/963
f 562/876/964 886/211/211 876/214/214 550/883/971
f 560/881/969 884/195/195 872/198/198 544/878/966
f 642/908/996 890/164/164 873/167/167 546/892/980
f 682/910/998 892/137/137 871/140/140 543/880/968
f 558/888/976 882/125/125 878/128/128 553/895/983
f 539/1153/1188 728/946/1032 563/472/469
f 541/1147/1218 727/47/47 688/50/50
f 729/975/1061 515/1172/1216 28/906/994
f 730/39/39 517/1124/1196 518/40/40
f 686/978/1064 22/1120/1192 27/977/1063
f 16/1143/1214 685/980/69 643/979/1065
f 7/1141/1187 684/947/1033 564/912/1000
f 11/1169/1190 683/17/17 644/20/20
