# Blender 4.3.1
# www.blender.org
mtllib number1.mtl
o Text.001
v 0.471387 -2.345102 0.358131
v 0.471387 2.247553 0.358131
v 0.471386 2.247553 -0.301810
v 0.471387 -2.345102 -0.301811
v -0.471387 -2.345102 0.358131
v -0.471387 2.247553 0.358131
v -0.471387 2.247553 -0.301810
v -0.471387 -2.345102 -0.301811
v -0.471387 -2.345102 0.358131
v 0.471387 -2.345102 0.358131
v -0.471387 2.247553 0.358131
v 0.471387 2.247553 0.358131
v -0.471387 2.247553 -0.301810
v 0.471386 2.247553 -0.301810
v -0.471387 -2.345102 -0.301811
v 0.471387 -2.345102 -0.301811
vn 1.0000 -0.0000 -0.0000
vn -1.0000 -0.0000 -0.0000
vn -0.0000 -0.7071 0.7071
vn -0.0000 0.7071 0.7071
vn -0.0000 0.7071 -0.7071
vn -0.0000 -0.7071 -0.7071
vt 0.410557 0.000000
vt 0.554252 1.000000
vt 0.410557 1.000000
vt 0.554252 0.000000
vt 0.697947 0.000000
vt 0.697947 1.000000
vt -0.000000 1.000000
vt 0.000000 0.000000
vt 0.205279 0.000000
vt 0.205279 1.000000
vt 0.841642 0.000000
vt 0.841642 0.205279
vt 0.697947 0.205279
vt 0.205279 1.000000
vt 0.205279 -0.000000
vt 0.410557 0.000000
vt 0.410557 1.000000
vt 0.697947 0.205279
vt 0.841642 0.205279
vt 0.841642 0.410557
vt 0.697947 0.410557
s 0
f 1/1/1 3/2/1 2/3/1
f 1/1/1 4/4/1 3/2/1
f 5/5/2 6/6/2 7/2/2
f 5/5/2 7/2/2 8/4/2
s 1
f 10/7/3 12/8/4 11/9/4 9/10/3
f 12/5/4 14/11/5 13/12/5 11/13/4
f 14/14/5 16/15/6 15/16/6 13/17/5
f 16/18/6 10/19/3 9/20/3 15/21/6
o Text.003
v 0.300256 -2.294344 -2.284079
v 0.300256 -2.304735 -2.266475
v 0.300256 -2.314222 -2.248453
v 0.300256 -2.322806 -2.230015
v 0.300256 -2.330486 -2.211160
v 0.300256 -2.337262 -2.191887
v 0.300256 -2.343135 -2.172198
v 0.300256 -2.348105 -2.152092
v 0.300256 -2.352171 -2.131568
v 0.300256 -2.355333 -2.110628
v 0.300256 -2.357592 -2.089270
v 0.300256 -2.358948 -2.067496
v 0.300256 -2.359399 -2.045304
v 0.300256 -2.358948 -2.023112
v 0.300256 -2.357592 -2.001338
v 0.300256 -2.355333 -1.979980
v 0.300256 -2.352171 -1.959040
v 0.300256 -2.348105 -1.938516
v 0.300256 -2.343135 -1.918410
v 0.300256 -2.337262 -1.898721
v 0.300256 -2.330486 -1.879448
v 0.300256 -2.322806 -1.860593
v 0.300256 -2.314222 -1.842155
v 0.300256 -2.304735 -1.824133
v 0.300256 -2.294344 -1.806529
v 0.300256 -2.283119 -1.789441
v 0.300256 -2.271130 -1.772968
v 0.300256 -2.258376 -1.757112
v 0.300256 -2.244857 -1.741870
v 0.300256 -2.230574 -1.727245
v 0.300256 -2.215527 -1.713235
v 0.300256 -2.199714 -1.699841
v 0.300256 -2.183138 -1.687061
v 0.300256 -2.165797 -1.674898
v 0.300256 -2.147691 -1.663351
v 0.300256 -2.128821 -1.652419
v 0.300256 -2.109186 -1.642103
v 0.300256 -2.088871 -1.632511
v 0.300256 -2.067960 -1.623754
v 0.300256 -2.046454 -1.615830
v 0.300256 -2.024352 -1.608741
v 0.300256 -2.001654 -1.602486
v 0.300256 -1.978360 -1.597064
v 0.300256 -1.954471 -1.592477
v 0.300256 -1.929986 -1.588724
v 0.300256 -1.904904 -1.585805
v 0.300256 -1.879228 -1.583720
v 0.300256 -1.852955 -1.582469
v 0.300256 -1.826087 -1.582052
v 0.300256 -1.798767 -1.582469
v 0.300256 -1.772093 -1.583720
v 0.300256 -1.746064 -1.585805
v 0.300256 -1.720680 -1.588724
v 0.300256 -1.695942 -1.592477
v 0.300256 -1.671849 -1.597064
v 0.300256 -1.648401 -1.602486
v 0.300256 -1.625599 -1.608741
v 0.300256 -1.603442 -1.615830
v 0.300256 -1.581931 -1.623754
v 0.300256 -1.561064 -1.632511
v 0.300256 -1.540844 -1.642103
v 0.300256 -1.521323 -1.652419
v 0.300256 -1.502558 -1.663351
v 0.300256 -1.484546 -1.674899
v 0.300256 -1.467289 -1.687062
v 0.300256 -1.450787 -1.699841
v 0.300256 -1.435040 -1.713235
v 0.300256 -1.420047 -1.727245
v 0.300256 -1.405808 -1.741870
v 0.300256 -1.392325 -1.757112
v 0.300256 -1.379596 -1.772968
v 0.300256 -1.367621 -1.789441
v 0.300256 -1.356401 -1.806529
v 0.300256 -1.346010 -1.824133
v 0.300256 -1.336523 -1.842154
v 0.300256 -1.327939 -1.860592
v 0.300256 -1.320259 -1.879448
v 0.300256 -1.313483 -1.898720
v 0.300256 -1.307609 -1.918410
v 0.300256 -1.302640 -1.938516
v 0.300256 -1.298574 -1.959040
v 0.300256 -1.295412 -1.979980
v 0.300256 -1.293153 -2.001338
v 0.300256 -1.291797 -2.023112
v 0.300256 -1.291346 -2.045304
v 0.300256 -1.291797 -2.067495
v 0.300256 -1.293153 -2.089270
v 0.300256 -1.295411 -2.110627
v 0.300256 -1.298574 -2.131567
v 0.300256 -1.302640 -2.152091
v 0.300256 -1.307609 -2.172197
v 0.300256 -1.313482 -2.191887
v 0.300256 -1.320259 -2.211159
v 0.300256 -1.327939 -2.230015
v 0.300256 -1.336523 -2.248453
v 0.300256 -1.346010 -2.266474
v 0.300256 -1.356401 -2.284079
v 0.300256 -1.367621 -2.301162
v 0.300256 -1.379596 -2.317619
v 0.300256 -1.392325 -2.333451
v 0.300256 -1.405808 -2.348658
v 0.300256 -1.420047 -2.363238
v 0.300256 -1.435040 -2.377194
v 0.300256 -1.450787 -2.390523
v 0.300256 -1.467289 -2.403228
v 0.300256 -1.484546 -2.415307
v 0.300256 -1.502557 -2.426760
v 0.300256 -1.521323 -2.437587
v 0.300256 -1.540844 -2.447790
v 0.300256 -1.561065 -2.457267
v 0.300256 -1.581931 -2.465920
v 0.300256 -1.603442 -2.473750
v 0.300256 -1.625599 -2.480755
v 0.300256 -1.648401 -2.486936
v 0.300256 -1.671849 -2.492292
v 0.300256 -1.695941 -2.496825
v 0.300256 -1.720680 -2.500534
v 0.300256 -1.746064 -2.503417
v 0.300256 -1.772093 -2.505478
v 0.300256 -1.798767 -2.506714
v 0.300256 -1.826087 -2.507126
v 0.300256 -1.852955 -2.506714
v 0.300256 -1.879228 -2.505478
v 0.300256 -1.904904 -2.503417
v 0.300256 -1.929985 -2.500534
v 0.300256 -1.954471 -2.496825
v 0.300256 -1.978360 -2.492292
v 0.300256 -2.001654 -2.486936
v 0.300256 -2.024352 -2.480755
v 0.300256 -2.046454 -2.473750
v 0.300256 -2.067960 -2.465920
v 0.300256 -2.088871 -2.457267
v 0.300256 -2.109186 -2.447790
v 0.300256 -2.128821 -2.437588
v 0.300256 -2.147691 -2.426760
v 0.300256 -2.165797 -2.415307
v 0.300256 -2.183138 -2.403228
v 0.300256 -2.199714 -2.390524
v 0.300256 -2.215527 -2.377194
v 0.300256 -2.230574 -2.363239
v 0.300256 -2.244857 -2.348658
v 0.300256 -2.258376 -2.333452
v 0.300256 -2.271130 -2.317620
v 0.300256 -2.283119 -2.301163
v 0.300256 -2.189254 -1.875159
v 0.300256 -2.196790 -1.887918
v 0.300256 -2.203671 -1.900935
v 0.300256 -2.209897 -1.914210
v 0.300256 -2.215467 -1.927743
v 0.300256 -2.220382 -1.941535
v 0.300256 -2.224642 -1.955585
v 0.300256 -2.228246 -1.969893
v 0.300256 -2.231195 -1.984458
v 0.300256 -2.233488 -1.999282
v 0.300256 -2.235127 -2.014365
v 0.300256 -2.236110 -2.029705
v 0.300256 -2.236437 -2.045304
v 0.300256 -2.236110 -2.060674
v 0.300256 -2.235127 -2.075806
v 0.300256 -2.233488 -2.090700
v 0.300256 -2.231195 -2.105355
v 0.300256 -2.228246 -2.119772
v 0.300256 -2.224642 -2.133952
v 0.300256 -2.220382 -2.147892
v 0.300256 -2.215467 -2.161594
v 0.300256 -2.209897 -2.175057
v 0.300256 -2.203671 -2.188283
v 0.300256 -2.196790 -2.201270
v 0.300256 -2.189254 -2.214019
v 0.300256 -2.181077 -2.226430
v 0.300256 -2.172276 -2.238405
v 0.300256 -2.162848 -2.249943
v 0.300256 -2.152795 -2.261044
v 0.300256 -2.142116 -2.271708
v 0.300256 -2.130811 -2.281934
v 0.300256 -2.118882 -2.291724
v 0.300256 -2.106326 -2.301078
v 0.300256 -2.093145 -2.309994
v 0.300256 -2.079339 -2.318473
v 0.300256 -2.064907 -2.326516
v 0.300256 -2.049850 -2.334122
v 0.300256 -2.034206 -2.341201
v 0.300256 -2.018017 -2.347665
v 0.300256 -2.001281 -2.353514
v 0.300256 -1.984000 -2.358746
v 0.300256 -1.966172 -2.363363
v 0.300256 -1.947798 -2.367364
v 0.300256 -1.928878 -2.370750
v 0.300256 -1.909412 -2.373520
v 0.300256 -1.889400 -2.375675
v 0.300256 -1.868842 -2.377214
v 0.300256 -1.847738 -2.378138
v 0.300256 -1.826087 -2.378445
v 0.300256 -1.803980 -2.378137
v 0.300256 -1.782459 -2.377214
v 0.300256 -1.761523 -2.375675
v 0.300256 -1.741174 -2.373520
v 0.300256 -1.721410 -2.370750
v 0.300256 -1.702232 -2.367364
v 0.300256 -1.683640 -2.363363
v 0.300256 -1.665633 -2.358746
v 0.300256 -1.648212 -2.353513
v 0.300256 -1.631378 -2.347665
v 0.300256 -1.615129 -2.341201
v 0.300256 -1.599465 -2.334122
v 0.300256 -1.584408 -2.326516
v 0.300256 -1.569976 -2.318473
v 0.300256 -1.556170 -2.309994
v 0.300256 -1.542989 -2.301077
v 0.300256 -1.530433 -2.291724
v 0.300256 -1.518503 -2.281934
v 0.300256 -1.507199 -2.271707
v 0.300256 -1.496521 -2.261043
v 0.300256 -1.486467 -2.249942
v 0.300256 -1.477040 -2.238405
v 0.300256 -1.468237 -2.226430
v 0.300256 -1.460061 -2.214019
v 0.300256 -1.452525 -2.201270
v 0.300256 -1.445644 -2.188283
v 0.300256 -1.439418 -2.175057
v 0.300256 -1.433848 -2.161594
v 0.300256 -1.428933 -2.147892
v 0.300256 -1.424674 -2.133952
v 0.300256 -1.421069 -2.119772
v 0.300256 -1.418120 -2.105355
v 0.300256 -1.415827 -2.090700
v 0.300256 -1.414188 -2.075806
v 0.300256 -1.413205 -2.060674
v 0.300256 -1.412878 -2.045304
v 0.300256 -1.413210 -2.029705
v 0.300256 -1.414208 -2.014365
v 0.300256 -1.415871 -1.999282
v 0.300256 -1.418200 -1.984458
v 0.300256 -1.421193 -1.969893
v 0.300256 -1.424852 -1.955585
v 0.300256 -1.429176 -1.941535
v 0.300256 -1.434166 -1.927743
v 0.300256 -1.439820 -1.914210
v 0.300256 -1.446140 -1.900935
v 0.300256 -1.453125 -1.887918
v 0.300256 -1.460776 -1.875159
v 0.300256 -1.469061 -1.862747
v 0.300256 -1.477953 -1.850773
v 0.300256 -1.487450 -1.839235
v 0.300256 -1.497553 -1.828135
v 0.300256 -1.508262 -1.817471
v 0.300256 -1.519576 -1.807243
v 0.300256 -1.531496 -1.797453
v 0.300256 -1.544021 -1.788100
v 0.300256 -1.557152 -1.779184
v 0.300256 -1.570889 -1.770704
v 0.300256 -1.585232 -1.762662
v 0.300256 -1.600180 -1.755056
v 0.300256 -1.615729 -1.747977
v 0.300256 -1.631874 -1.741513
v 0.300256 -1.648615 -1.735664
v 0.300256 -1.665951 -1.730432
v 0.300256 -1.683883 -1.725815
v 0.300256 -1.702410 -1.721813
v 0.300256 -1.721534 -1.718428
v 0.300256 -1.741253 -1.715658
v 0.300256 -1.761568 -1.713503
v 0.300256 -1.782479 -1.711964
v 0.300256 -1.803985 -1.711040
v 0.300256 -1.826087 -1.710733
v 0.300256 -1.847738 -1.711040
v 0.300256 -1.868842 -1.711964
v 0.300256 -1.889400 -1.713503
v 0.300256 -1.909412 -1.715658
v 0.300256 -1.928878 -1.718428
v 0.300256 -1.947798 -1.721814
v 0.300256 -1.966172 -1.725815
v 0.300256 -1.984000 -1.730432
v 0.300256 -2.001281 -1.735665
v 0.300256 -2.018017 -1.741513
v 0.300256 -2.034206 -1.747977
v 0.300256 -2.049850 -1.755056
v 0.300256 -2.064907 -1.762662
v 0.300256 -2.079339 -1.770705
v 0.300256 -2.093145 -1.779184
v 0.300256 -2.106326 -1.788101
v 0.300256 -2.118882 -1.797454
v 0.300256 -2.130811 -1.807244
v 0.300256 -2.142116 -1.817471
v 0.300256 -2.152795 -1.828135
v 0.300256 -2.162848 -1.839235
v 0.300256 -2.172276 -1.850773
v 0.300256 -2.181077 -1.862748
v 0.300256 -1.421457 -0.975820
v 0.300256 -1.421457 -0.646968
v 0.300256 -1.304214 -0.646968
v 0.300256 -1.304214 -1.434783
v 0.300256 -1.421457 -1.434783
v 0.300256 -1.421457 -1.107361
v 0.300256 -2.345102 -1.107361
v 0.300256 -2.345102 -0.975820
v 0.300256 -2.335808 -0.236618
v 0.300256 -2.339576 -0.224872
v 0.300256 -2.343016 -0.212987
v 0.300256 -2.346129 -0.200963
v 0.300256 -2.348914 -0.188800
v 0.300256 -2.351372 -0.176497
v 0.300256 -2.353502 -0.164056
v 0.300256 -2.355304 -0.151476
v 0.300256 -2.356778 -0.138757
v 0.300256 -2.357925 -0.125899
v 0.300256 -2.358744 -0.112901
v 0.300256 -2.359236 -0.099765
v 0.300256 -2.359400 -0.086490
v 0.300256 -2.358948 -0.064299
v 0.300256 -2.357592 -0.042524
v 0.300256 -2.355334 -0.021167
v 0.300256 -2.352171 -0.000226
v 0.300256 -2.348105 0.020297
v 0.300256 -2.343136 0.040404
v 0.300256 -2.337263 0.060093
v 0.300256 -2.330486 0.079365
v 0.300256 -2.322806 0.098221
v 0.300256 -2.314222 0.116659
v 0.300256 -2.304735 0.134680
v 0.300256 -2.294344 0.152285
v 0.300256 -2.283119 0.169373
v 0.300256 -2.271130 0.185845
v 0.300256 -2.258376 0.201702
v 0.300256 -2.244857 0.216943
v 0.300256 -2.230574 0.231569
v 0.300256 -2.215527 0.245579
v 0.300256 -2.199715 0.258973
v 0.300256 -2.183138 0.271752
v 0.300256 -2.165797 0.283915
v 0.300256 -2.147691 0.295463
v 0.300256 -2.128821 0.306395
v 0.300256 -2.109186 0.316711
v 0.300256 -2.088871 0.326302
v 0.300256 -2.067961 0.335060
v 0.300256 -2.046454 0.342983
v 0.300256 -2.024352 0.350073
v 0.300256 -2.001654 0.356328
v 0.300256 -1.978360 0.361749
v 0.300256 -1.954471 0.366337
v 0.300256 -1.929986 0.370090
v 0.300256 -1.904905 0.373009
v 0.300256 -1.879228 0.375094
v 0.300256 -1.852956 0.376345
v 0.300256 -1.826088 0.376762
v 0.300256 -1.798768 0.376345
v 0.300256 -1.772093 0.375094
v 0.300256 -1.746064 0.373009
v 0.300256 -1.720680 0.370090
v 0.300256 -1.695942 0.366337
v 0.300256 -1.671849 0.361749
v 0.300256 -1.648401 0.356328
v 0.300256 -1.625599 0.350073
v 0.300256 -1.603442 0.342983
v 0.300256 -1.581931 0.335060
v 0.300256 -1.561065 0.326302
v 0.300256 -1.540844 0.316711
v 0.300256 -1.521324 0.306395
v 0.300256 -1.502558 0.295463
v 0.300256 -1.484546 0.283915
v 0.300256 -1.467289 0.271752
v 0.300256 -1.450787 0.258973
v 0.300256 -1.435040 0.245579
v 0.300256 -1.420047 0.231569
v 0.300256 -1.405808 0.216943
v 0.300256 -1.392325 0.201702
v 0.300256 -1.379596 0.185845
v 0.300256 -1.367621 0.169373
v 0.300256 -1.356401 0.152285
v 0.300256 -1.346010 0.134681
v 0.300256 -1.336523 0.116659
v 0.300256 -1.327939 0.098221
v 0.300256 -1.320259 0.079365
v 0.300256 -1.313483 0.060093
v 0.300256 -1.307610 0.040404
v 0.300256 -1.302640 0.020297
v 0.300256 -1.298574 -0.000226
v 0.300256 -1.295412 -0.021167
v 0.300256 -1.293153 -0.042524
v 0.300256 -1.291798 -0.064298
v 0.300256 -1.291346 -0.086490
v 0.300256 -1.291505 -0.099765
v 0.300256 -1.291981 -0.112901
v 0.300256 -1.292775 -0.125899
v 0.300256 -1.293887 -0.138757
v 0.300256 -1.295317 -0.151476
v 0.300256 -1.297065 -0.164056
v 0.300256 -1.299130 -0.176497
v 0.300256 -1.301513 -0.188800
v 0.300256 -1.304214 -0.200963
v 0.300256 -1.307232 -0.212987
v 0.300256 -1.310568 -0.224872
v 0.300256 -1.314222 -0.236618
v 0.300256 -1.318184 -0.248195
v 0.300256 -1.322444 -0.259574
v 0.300256 -1.327001 -0.270754
v 0.300256 -1.331856 -0.281736
v 0.300256 -1.337010 -0.292519
v 0.300256 -1.342461 -0.303104
v 0.300256 -1.348210 -0.313490
v 0.300256 -1.354257 -0.323677
v 0.300256 -1.360601 -0.333665
v 0.300256 -1.367244 -0.343456
v 0.300256 -1.374184 -0.353047
v 0.300256 -1.381423 -0.362440
v 0.300256 -1.388944 -0.371609
v 0.300256 -1.396733 -0.380531
v 0.300256 -1.404791 -0.389204
v 0.300256 -1.413116 -0.397629
v 0.300256 -1.421710 -0.405805
v 0.300256 -1.430572 -0.413734
v 0.300256 -1.439701 -0.421414
v 0.300256 -1.449099 -0.428846
v 0.300256 -1.458765 -0.436030
v 0.300256 -1.468699 -0.442965
v 0.300256 -1.478902 -0.449652
v 0.300256 -1.489372 -0.456091
v 0.300256 -1.500090 -0.462232
v 0.300256 -1.511037 -0.468026
v 0.300256 -1.522212 -0.473472
v 0.300256 -1.533616 -0.478571
v 0.300256 -1.545248 -0.483322
v 0.300256 -1.557108 -0.487725
v 0.300256 -1.569197 -0.491781
v 0.300256 -1.581514 -0.495490
v 0.300256 -1.594059 -0.498851
v 0.300256 -1.606833 -0.501864
v 0.300256 -1.619835 -0.504530
v 0.300256 -1.633066 -0.506849
v 0.300256 -1.633066 -0.375308
v 0.300256 -1.624105 -0.373292
v 0.300256 -1.615332 -0.371058
v 0.300256 -1.606749 -0.368606
v 0.300256 -1.598354 -0.365935
v 0.300256 -1.590147 -0.363046
v 0.300256 -1.582129 -0.359938
v 0.300256 -1.574300 -0.356611
v 0.300256 -1.566660 -0.353067
v 0.300256 -1.559208 -0.349304
v 0.300256 -1.551945 -0.345322
v 0.300256 -1.544870 -0.341122
v 0.300256 -1.537985 -0.336704
v 0.300256 -1.531282 -0.332096
v 0.300256 -1.524759 -0.327330
v 0.300256 -1.518414 -0.322406
v 0.300256 -1.512248 -0.317322
v 0.300256 -1.506261 -0.312079
v 0.300256 -1.500453 -0.306678
v 0.300256 -1.494823 -0.301118
v 0.300256 -1.489372 -0.295399
v 0.300256 -1.484099 -0.289521
v 0.300256 -1.479006 -0.283484
v 0.300256 -1.474091 -0.277288
v 0.300256 -1.469355 -0.270933
v 0.300256 -1.464802 -0.264440
v 0.300256 -1.460438 -0.257827
v 0.300256 -1.456263 -0.251095
v 0.300256 -1.452277 -0.244244
v 0.300256 -1.448479 -0.237274
v 0.300256 -1.444870 -0.230184
v 0.300256 -1.441449 -0.222976
v 0.300256 -1.438217 -0.215648
v 0.300256 -1.435174 -0.208201
v 0.300256 -1.432319 -0.200635
v 0.300256 -1.429653 -0.192950
v 0.300256 -1.427176 -0.185146
v 0.300256 -1.424892 -0.177252
v 0.300256 -1.422807 -0.169299
v 0.300256 -1.420920 -0.161286
v 0.300256 -1.419233 -0.153214
v 0.300256 -1.417743 -0.145082
v 0.300256 -1.416452 -0.136890
v 0.300256 -1.415360 -0.128639
v 0.300256 -1.414467 -0.120328
v 0.300256 -1.413772 -0.111958
v 0.300256 -1.413275 -0.103528
v 0.300256 -1.412977 -0.095039
v 0.300256 -1.412878 -0.086490
v 0.300256 -1.413216 -0.070663
v 0.300256 -1.414228 -0.055114
v 0.300256 -1.415916 -0.039843
v 0.300256 -1.418279 -0.024850
v 0.300256 -1.421318 -0.010135
v 0.300256 -1.425031 0.004302
v 0.300256 -1.429420 0.018461
v 0.300256 -1.434484 0.032341
v 0.300256 -1.440223 0.045944
v 0.300256 -1.446637 0.059269
v 0.300256 -1.453726 0.072316
v 0.300256 -1.461491 0.085085
v 0.300256 -1.469891 0.097491
v 0.300256 -1.478887 0.109451
v 0.300256 -1.488478 0.120964
v 0.300256 -1.498665 0.132030
v 0.300256 -1.509448 0.142649
v 0.300256 -1.520827 0.152821
v 0.300256 -1.532802 0.162546
v 0.300256 -1.545372 0.171825
v 0.300256 -1.558538 0.180657
v 0.300256 -1.572300 0.189042
v 0.300256 -1.586657 0.196981
v 0.300256 -1.601610 0.204472
v 0.300256 -1.617149 0.211437
v 0.300256 -1.633264 0.217797
v 0.300256 -1.649955 0.223551
v 0.300256 -1.667222 0.228699
v 0.300256 -1.685064 0.233242
v 0.300256 -1.703483 0.237179
v 0.300256 -1.722477 0.240510
v 0.300256 -1.742048 0.243235
v 0.300256 -1.762194 0.245355
v 0.300256 -1.782916 0.246869
v 0.300256 -1.804214 0.247778
v 0.300256 -1.826088 0.248081
v 0.300256 -1.847733 0.247773
v 0.300256 -1.868822 0.246850
v 0.300256 -1.889356 0.245311
v 0.300256 -1.909333 0.243156
v 0.300256 -1.928754 0.240386
v 0.300256 -1.947620 0.237000
v 0.300256 -1.965929 0.232999
v 0.300256 -1.983682 0.228382
v 0.300256 -2.000880 0.223149
v 0.300256 -2.017521 0.217301
v 0.300256 -2.033606 0.210837
v 0.300256 -2.049135 0.203757
v 0.300256 -2.064083 0.196151
v 0.300256 -2.078426 0.188109
v 0.300256 -2.092163 0.179630
v 0.300256 -2.105294 0.170713
v 0.300256 -2.117820 0.161360
v 0.300256 -2.129739 0.151570
v 0.300256 -2.141054 0.141343
v 0.300256 -2.151762 0.130679
v 0.300256 -2.161865 0.119578
v 0.300256 -2.171362 0.108041
v 0.300256 -2.180254 0.096066
v 0.300256 -2.188540 0.083655
v 0.300256 -2.196190 0.070896
v 0.300256 -2.203175 0.057879
v 0.300256 -2.209495 0.044604
v 0.300256 -2.215149 0.031070
v 0.300256 -2.220139 0.017279
v 0.300256 -2.224463 0.003229
v 0.300256 -2.228122 -0.011079
v 0.300256 -2.231116 -0.025645
v 0.300256 -2.233444 -0.040469
v 0.300256 -2.235107 -0.055551
v 0.300256 -2.236105 -0.070892
v 0.300256 -2.236438 -0.086490
v 0.300256 -2.236338 -0.095039
v 0.300256 -2.236040 -0.103528
v 0.300256 -2.235544 -0.111958
v 0.300256 -2.234849 -0.120328
v 0.300256 -2.233955 -0.128639
v 0.300256 -2.232863 -0.136890
v 0.300256 -2.231572 -0.145082
v 0.300256 -2.230083 -0.153214
v 0.300256 -2.228395 -0.161286
v 0.300256 -2.226508 -0.169299
v 0.300256 -2.224423 -0.177252
v 0.300256 -2.222140 -0.185146
v 0.300256 -2.219662 -0.192950
v 0.300256 -2.216996 -0.200635
v 0.300256 -2.214142 -0.208201
v 0.300256 -2.211098 -0.215648
v 0.300256 -2.207866 -0.222976
v 0.300256 -2.204446 -0.230184
v 0.300256 -2.200837 -0.237274
v 0.300256 -2.197039 -0.244244
v 0.300256 -2.193052 -0.251095
v 0.300256 -2.188877 -0.257827
v 0.300256 -2.184513 -0.264440
v 0.300256 -2.179961 -0.270933
v 0.300256 -2.175225 -0.277287
v 0.300256 -2.170310 -0.283483
v 0.300256 -2.165216 -0.289520
v 0.300256 -2.159944 -0.295398
v 0.300256 -2.154493 -0.301117
v 0.300256 -2.148863 -0.306677
v 0.300256 -2.143054 -0.312079
v 0.300256 -2.137067 -0.317321
v 0.300256 -2.130901 -0.322405
v 0.300256 -2.124556 -0.327330
v 0.300256 -2.118033 -0.332096
v 0.300256 -2.111331 -0.336704
v 0.300256 -2.104455 -0.341122
v 0.300256 -2.097410 -0.345322
v 0.300256 -2.090197 -0.349304
v 0.300256 -2.082814 -0.353067
v 0.300256 -2.075263 -0.356611
v 0.300256 -2.067544 -0.359938
v 0.300256 -2.059655 -0.363046
v 0.300256 -2.051597 -0.365935
v 0.300256 -2.043371 -0.368606
v 0.300256 -2.034976 -0.371058
v 0.300256 -2.026412 -0.373292
v 0.300256 -2.017679 -0.375308
v 0.300256 -2.017679 -0.506849
v 0.300256 -2.030682 -0.504535
v 0.300256 -2.043475 -0.501884
v 0.300256 -2.056060 -0.498896
v 0.300256 -2.068437 -0.495569
v 0.300256 -2.080605 -0.491905
v 0.300256 -2.092565 -0.487904
v 0.300256 -2.104316 -0.483565
v 0.300256 -2.115858 -0.478888
v 0.300256 -2.127192 -0.473874
v 0.300256 -2.138318 -0.468522
v 0.300256 -2.149235 -0.462833
v 0.300256 -2.159944 -0.456806
v 0.300256 -2.170414 -0.450476
v 0.300256 -2.180616 -0.443878
v 0.300256 -2.190550 -0.437013
v 0.300256 -2.200216 -0.429878
v 0.300256 -2.209614 -0.422477
v 0.300256 -2.218744 -0.414806
v 0.300256 -2.227606 -0.406868
v 0.300256 -2.236199 -0.398661
v 0.300256 -2.244525 -0.390187
v 0.300256 -2.252582 -0.381444
v 0.300256 -2.260371 -0.372434
v 0.300256 -2.267893 -0.363155
v 0.300256 -2.275136 -0.353648
v 0.300256 -2.282091 -0.343952
v 0.300256 -2.288759 -0.334067
v 0.300256 -2.295138 -0.323994
v 0.300256 -2.301230 -0.313733
v 0.300256 -2.307033 -0.303282
v 0.300256 -2.312549 -0.292643
v 0.300256 -2.317777 -0.281816
v 0.300256 -2.322716 -0.270799
v 0.300256 -2.327368 -0.259594
v 0.300256 -2.331732 -0.248200
v 0.300256 -2.345102 0.546907
v 0.300256 -2.345102 1.191743
v 0.300256 -1.304214 1.191743
v 0.300256 -1.304214 0.552626
v 0.300256 -1.421457 0.552626
v 0.300256 -1.421457 1.060202
v 0.300256 -1.760317 1.060202
v 0.300256 -1.760317 0.588371
v 0.300256 -1.877560 0.588371
v 0.300256 -1.877560 1.060202
v 0.300256 -2.227859 1.060202
v 0.300256 -2.227859 0.546907
v 0.300256 -2.345102 2.349874
v 0.300256 -2.345102 2.475695
v 0.300256 -1.304214 2.475695
v 0.300256 -1.304214 2.288393
v 0.300256 -1.961918 2.032460
v 0.300256 -1.966038 2.030782
v 0.300256 -1.970298 2.029084
v 0.300256 -1.974697 2.027366
v 0.300256 -1.979234 2.025629
v 0.300256 -1.983911 2.023871
v 0.300256 -1.988726 2.022094
v 0.300256 -1.993681 2.020297
v 0.300256 -1.998775 2.018480
v 0.300256 -2.004007 2.016643
v 0.300256 -2.009379 2.014786
v 0.300256 -2.014889 2.012909
v 0.300256 -2.020539 2.011013
v 0.300256 -2.026298 2.009097
v 0.300256 -2.032136 2.007161
v 0.300256 -2.038054 2.005205
v 0.300256 -2.044051 2.003229
v 0.300256 -2.050128 2.001233
v 0.300256 -2.056284 1.999217
v 0.300256 -2.062520 1.997182
v 0.300256 -2.068834 1.995126
v 0.300256 -2.075229 1.993051
v 0.300256 -2.081702 1.990956
v 0.300256 -2.088256 1.988841
v 0.300256 -2.094888 1.986707
v 0.300256 -2.101556 1.984567
v 0.300256 -2.108213 1.982437
v 0.300256 -2.114861 1.980317
v 0.300256 -2.121498 1.978207
v 0.300256 -2.128126 1.976107
v 0.300256 -2.134744 1.974017
v 0.300256 -2.141352 1.971937
v 0.300256 -2.147949 1.969867
v 0.300256 -2.154537 1.967807
v 0.300256 -2.161115 1.965756
v 0.300256 -2.167684 1.963716
v 0.300256 -2.174242 1.961685
v 0.300256 -2.180740 1.959685
v 0.300256 -2.187130 1.957734
v 0.300256 -2.193410 1.955832
v 0.300256 -2.199581 1.953980
v 0.300256 -2.205642 1.952178
v 0.300256 -2.211595 1.950426
v 0.300256 -2.217438 1.948723
v 0.300256 -2.223172 1.947070
v 0.300256 -2.228797 1.945466
v 0.300256 -2.234313 1.943912
v 0.300256 -2.239719 1.942408
v 0.300256 -2.245016 1.940953
v 0.300256 -2.245016 1.970979
v 0.300256 -2.239953 1.969296
v 0.300256 -2.234770 1.967583
v 0.300256 -2.229467 1.965841
v 0.300256 -2.224046 1.964068
v 0.300256 -2.218506 1.962266
v 0.300256 -2.212846 1.960434
v 0.300256 -2.207067 1.958572
v 0.300256 -2.201169 1.956681
v 0.300256 -2.195153 1.954760
v 0.300256 -2.189016 1.952809
v 0.300256 -2.182761 1.950828
v 0.300256 -2.176386 1.948817
v 0.300256 -2.169937 1.946787
v 0.300256 -2.163459 1.944746
v 0.300256 -2.156950 1.942696
v 0.300256 -2.150412 1.940636
v 0.300256 -2.143844 1.938565
v 0.300256 -2.137246 1.936485
v 0.300256 -2.130618 1.934395
v 0.300256 -2.123961 1.932295
v 0.300256 -2.117274 1.930185
v 0.300256 -2.110557 1.928065
v 0.300256 -2.103810 1.925936
v 0.300256 -2.097033 1.923796
v 0.300256 -2.090281 1.921656
v 0.300256 -2.083609 1.919526
v 0.300256 -2.077016 1.917406
v 0.300256 -2.070503 1.915297
v 0.300256 -2.064068 1.913197
v 0.300256 -2.057714 1.911106
v 0.300256 -2.051439 1.909026
v 0.300256 -2.045243 1.906956
v 0.300256 -2.039126 1.904896
v 0.300256 -2.033090 1.902845
v 0.300256 -2.027132 1.900805
v 0.300256 -2.021254 1.898775
v 0.300256 -2.015490 1.896774
v 0.300256 -2.009875 1.894823
v 0.300256 -2.004409 1.892921
v 0.300256 -1.999092 1.891070
v 0.300256 -1.993924 1.889267
v 0.300256 -1.988905 1.887515
v 0.300256 -1.984035 1.885812
v 0.300256 -1.979314 1.884159
v 0.300256 -1.974741 1.882555
v 0.300256 -1.970318 1.881002
v 0.300256 -1.966043 1.879497
v 0.300256 -1.961918 1.878043
v 0.300256 -1.304214 1.624970
v 0.300256 -1.304214 1.437667
v 0.300256 -2.345102 1.437667
v 0.300256 -2.345102 1.567778
v 0.300256 -1.750309 1.567778
v 0.300256 -1.744773 1.567773
v 0.300256 -1.739129 1.567758
v 0.300256 -1.733375 1.567733
v 0.300256 -1.727512 1.567698
v 0.300256 -1.721539 1.567654
v 0.300256 -1.715458 1.567599
v 0.300256 -1.709267 1.567535
v 0.300256 -1.702967 1.567460
v 0.300256 -1.696558 1.567376
v 0.300256 -1.690039 1.567281
v 0.300256 -1.683411 1.567177
v 0.300256 -1.676674 1.567063
v 0.300256 -1.669853 1.566944
v 0.300256 -1.662972 1.566825
v 0.300256 -1.656032 1.566706
v 0.300256 -1.649032 1.566586
v 0.300256 -1.641972 1.566467
v 0.300256 -1.634853 1.566348
v 0.300256 -1.627674 1.566229
v 0.300256 -1.620436 1.566110
v 0.300256 -1.613138 1.565991
v 0.300256 -1.605780 1.565872
v 0.300256 -1.598363 1.565753
v 0.300256 -1.590887 1.565633
v 0.300256 -1.583376 1.565509
v 0.300256 -1.575854 1.565375
v 0.300256 -1.568323 1.565231
v 0.300256 -1.560782 1.565077
v 0.300256 -1.553231 1.564914
v 0.300256 -1.545670 1.564740
v 0.300256 -1.538099 1.564556
v 0.300256 -1.530518 1.564363
v 0.300256 -1.522927 1.564159
v 0.300256 -1.515326 1.563946
v 0.300256 -1.507716 1.563722
v 0.300256 -1.500095 1.563489
v 0.300256 -1.492480 1.563260
v 0.300256 -1.484884 1.563052
v 0.300256 -1.477308 1.562863
v 0.300256 -1.469752 1.562694
v 0.300256 -1.462216 1.562545
v 0.300256 -1.454699 1.562416
v 0.300256 -1.447203 1.562307
v 0.300256 -1.439726 1.562217
v 0.300256 -1.432270 1.562148
v 0.300256 -1.424833 1.562098
v 0.300256 -1.417416 1.562068
v 0.300256 -1.410018 1.562059
v 0.300256 -1.410018 1.550621
v 0.300256 -1.418126 1.553018
v 0.300256 -1.426243 1.555446
v 0.300256 -1.434370 1.557904
v 0.300256 -1.442507 1.560391
v 0.300256 -1.450653 1.562908
v 0.300256 -1.458810 1.565454
v 0.300256 -1.466977 1.568031
v 0.300256 -1.475153 1.570637
v 0.300256 -1.483340 1.573274
v 0.300256 -1.491536 1.575940
v 0.300256 -1.499743 1.578635
v 0.300256 -1.507959 1.581361
v 0.300256 -1.516156 1.584096
v 0.300256 -1.524302 1.586822
v 0.300256 -1.532400 1.589538
v 0.300256 -1.540447 1.592243
v 0.300256 -1.548445 1.594939
v 0.300256 -1.556393 1.597625
v 0.300256 -1.564292 1.600301
v 0.300256 -1.572141 1.602967
v 0.300256 -1.579940 1.605623
v 0.300256 -1.587690 1.608269
v 0.300256 -1.595390 1.610905
v 0.300256 -1.603040 1.613531
v 0.300256 -1.610611 1.616138
v 0.300256 -1.618073 1.618714
v 0.300256 -1.625425 1.621261
v 0.300256 -1.632669 1.623778
v 0.300256 -1.639803 1.626265
v 0.300256 -1.646828 1.628723
v 0.300256 -1.653743 1.631150
v 0.300256 -1.660550 1.633548
v 0.300256 -1.667247 1.635916
v 0.300256 -1.673835 1.638255
v 0.300256 -1.680314 1.640563
v 0.300256 -1.686683 1.642842
v 0.300256 -1.692914 1.645081
v 0.300256 -1.698975 1.647270
v 0.300256 -1.704868 1.649410
v 0.300256 -1.710592 1.651500
v 0.300256 -1.716148 1.653541
v 0.300256 -1.721534 1.655531
v 0.300256 -1.726752 1.657472
v 0.300256 -1.731801 1.659364
v 0.300256 -1.736681 1.661206
v 0.300256 -1.741392 1.662998
v 0.300256 -1.745935 1.664741
v 0.300256 -1.750309 1.666434
v 0.300256 -2.345102 1.899489
v 0.300256 -2.345102 2.013873
v 0.300256 -1.750309 2.249788
v 0.300256 -1.746168 2.251481
v 0.300256 -1.741849 2.253224
v 0.300256 -1.737351 2.255016
v 0.300256 -1.732675 2.256858
v 0.300256 -1.727819 2.258749
v 0.300256 -1.722785 2.260690
v 0.300256 -1.717573 2.262681
v 0.300256 -1.712181 2.264722
v 0.300256 -1.706611 2.266812
v 0.300256 -1.700862 2.268951
v 0.300256 -1.694934 2.271141
v 0.300256 -1.688828 2.273380
v 0.300256 -1.682577 2.275658
v 0.300256 -1.676218 2.277967
v 0.300256 -1.669749 2.280305
v 0.300256 -1.663171 2.282673
v 0.300256 -1.656484 2.285071
v 0.300256 -1.649687 2.287499
v 0.300256 -1.642782 2.289956
v 0.300256 -1.635767 2.292444
v 0.300256 -1.628643 2.294960
v 0.300256 -1.621409 2.297508
v 0.300256 -1.614067 2.300084
v 0.300256 -1.606615 2.302691
v 0.300256 -1.599074 2.305317
v 0.300256 -1.591463 2.307953
v 0.300256 -1.583783 2.310599
v 0.300256 -1.576033 2.313255
v 0.300256 -1.568214 2.315921
v 0.300256 -1.560325 2.318597
v 0.300256 -1.552367 2.321283
v 0.300256 -1.544340 2.323978
v 0.300256 -1.536242 2.326684
v 0.300256 -1.528076 2.329400
v 0.300256 -1.519839 2.332125
v 0.300256 -1.511534 2.334861
v 0.300256 -1.503183 2.337616
v 0.300256 -1.494813 2.340401
v 0.300256 -1.486423 2.343216
v 0.300256 -1.478013 2.346061
v 0.300256 -1.469583 2.348935
v 0.300256 -1.461133 2.351840
v 0.300256 -1.452664 2.354774
v 0.300256 -1.444175 2.357737
v 0.300256 -1.435665 2.360731
v 0.300256 -1.427136 2.363755
v 0.300256 -1.418587 2.366808
v 0.300256 -1.410019 2.369891
v 0.300256 -1.410019 2.355593
v 0.300256 -1.416726 2.355359
v 0.300256 -1.423502 2.355136
v 0.300256 -1.430348 2.354923
v 0.300256 -1.437264 2.354719
v 0.300256 -1.444249 2.354525
v 0.300256 -1.451304 2.354342
v 0.300256 -1.458428 2.354168
v 0.300256 -1.465622 2.354004
v 0.300256 -1.472885 2.353850
v 0.300256 -1.480217 2.353706
v 0.300256 -1.487620 2.353572
v 0.300256 -1.495091 2.353448
v 0.300256 -1.502598 2.353329
v 0.300256 -1.510104 2.353210
v 0.300256 -1.517610 2.353091
v 0.300256 -1.525117 2.352972
v 0.300256 -1.532623 2.352852
v 0.300256 -1.540129 2.352733
v 0.300256 -1.547636 2.352614
v 0.300256 -1.555142 2.352495
v 0.300256 -1.562649 2.352376
v 0.300256 -1.570155 2.352257
v 0.300256 -1.577661 2.352137
v 0.300256 -1.585168 2.352018
v 0.300256 -1.592659 2.351899
v 0.300256 -1.600121 2.351780
v 0.300256 -1.607553 2.351661
v 0.300256 -1.614955 2.351542
v 0.300256 -1.622328 2.351423
v 0.300256 -1.629670 2.351303
v 0.300256 -1.636983 2.351184
v 0.300256 -1.644266 2.351065
v 0.300256 -1.651519 2.350946
v 0.300256 -1.658743 2.350827
v 0.300256 -1.665936 2.350708
v 0.300256 -1.673100 2.350588
v 0.300256 -1.680189 2.350474
v 0.300256 -1.687160 2.350370
v 0.300256 -1.694011 2.350276
v 0.300256 -1.700743 2.350191
v 0.300256 -1.707355 2.350117
v 0.300256 -1.713849 2.350052
v 0.300256 -1.720224 2.349998
v 0.300256 -1.726479 2.349953
v 0.300256 -1.732615 2.349918
v 0.300256 -1.738632 2.349894
v 0.300256 -1.744530 2.349879
v 0.300256 -1.750309 2.349874
v -0.300256 -2.294344 -2.284079
v -0.300256 -2.304735 -2.266475
v -0.300256 -2.314222 -2.248453
v -0.300256 -2.322806 -2.230015
v -0.300256 -2.330486 -2.211160
v -0.300256 -2.337262 -2.191887
v -0.300256 -2.343135 -2.172198
v -0.300256 -2.348105 -2.152092
v -0.300256 -2.352171 -2.131568
v -0.300256 -2.355333 -2.110628
v -0.300256 -2.357592 -2.089270
v -0.300256 -2.358948 -2.067496
v -0.300256 -2.359399 -2.045304
v -0.300256 -2.358948 -2.023112
v -0.300256 -2.357592 -2.001338
v -0.300256 -2.355333 -1.979980
v -0.300256 -2.352171 -1.959040
v -0.300256 -2.348105 -1.938516
v -0.300256 -2.343136 -1.918410
v -0.300256 -2.337262 -1.898721
v -0.300256 -2.330486 -1.879448
v -0.300256 -2.322806 -1.860593
v -0.300256 -2.314222 -1.842155
v -0.300256 -2.304735 -1.824133
v -0.300256 -2.294344 -1.806529
v -0.300256 -2.283119 -1.789441
v -0.300256 -2.271130 -1.772968
v -0.300256 -2.258376 -1.757112
v -0.300256 -2.244857 -1.741870
v -0.300256 -2.230574 -1.727245
v -0.300256 -2.215527 -1.713235
v -0.300256 -2.199715 -1.699841
v -0.300256 -2.183138 -1.687061
v -0.300256 -2.165797 -1.674898
v -0.300256 -2.147691 -1.663351
v -0.300256 -2.128821 -1.652419
v -0.300256 -2.109186 -1.642103
v -0.300256 -2.088871 -1.632511
v -0.300256 -2.067960 -1.623754
v -0.300256 -2.046454 -1.615830
v -0.300256 -2.024352 -1.608741
v -0.300256 -2.001654 -1.602486
v -0.300256 -1.978360 -1.597064
v -0.300256 -1.954471 -1.592477
v -0.300256 -1.929986 -1.588724
v -0.300256 -1.904904 -1.585805
v -0.300256 -1.879228 -1.583720
v -0.300256 -1.852955 -1.582469
v -0.300256 -1.826087 -1.582052
v -0.300256 -1.798767 -1.582469
v -0.300256 -1.772093 -1.583720
v -0.300256 -1.746064 -1.585805
v -0.300256 -1.720680 -1.588724
v -0.300256 -1.695942 -1.592477
v -0.300256 -1.671849 -1.597064
v -0.300256 -1.648401 -1.602486
v -0.300256 -1.625599 -1.608741
v -0.300256 -1.603442 -1.615830
v -0.300256 -1.581931 -1.623754
v -0.300256 -1.561064 -1.632511
v -0.300256 -1.540844 -1.642103
v -0.300256 -1.521323 -1.652419
v -0.300256 -1.502558 -1.663351
v -0.300256 -1.484546 -1.674899
v -0.300256 -1.467289 -1.687062
v -0.300256 -1.450787 -1.699841
v -0.300256 -1.435040 -1.713235
v -0.300256 -1.420047 -1.727245
v -0.300256 -1.405808 -1.741870
v -0.300256 -1.392325 -1.757112
v -0.300256 -1.379596 -1.772968
v -0.300256 -1.367621 -1.789441
v -0.300256 -1.356401 -1.806529
v -0.300256 -1.346010 -1.824133
v -0.300256 -1.336523 -1.842154
v -0.300256 -1.327939 -1.860592
v -0.300256 -1.320259 -1.879448
v -0.300256 -1.313483 -1.898720
v -0.300256 -1.307609 -1.918410
v -0.300256 -1.302640 -1.938516
v -0.300256 -1.298574 -1.959040
v -0.300256 -1.295412 -1.979980
v -0.300256 -1.293153 -2.001338
v -0.300256 -1.291797 -2.023112
v -0.300256 -1.291346 -2.045304
v -0.300256 -1.291797 -2.067495
v -0.300256 -1.293153 -2.089270
v -0.300256 -1.295411 -2.110627
v -0.300257 -1.298574 -2.131567
v -0.300257 -1.302640 -2.152091
v -0.300257 -1.307609 -2.172197
v -0.300257 -1.313482 -2.191887
v -0.300257 -1.320259 -2.211159
v -0.300257 -1.327939 -2.230015
v -0.300257 -1.336523 -2.248453
v -0.300257 -1.346010 -2.266474
v -0.300257 -1.356401 -2.284079
v -0.300257 -1.367621 -2.301162
v -0.300257 -1.379596 -2.317619
v -0.300257 -1.392325 -2.333451
v -0.300257 -1.405808 -2.348658
v -0.300257 -1.420047 -2.363238
v -0.300257 -1.435040 -2.377194
v -0.300257 -1.450787 -2.390523
v -0.300257 -1.467289 -2.403228
v -0.300257 -1.484546 -2.415307
v -0.300257 -1.502557 -2.426760
v -0.300257 -1.521323 -2.437587
v -0.300257 -1.540844 -2.447790
v -0.300257 -1.561065 -2.457267
v -0.300257 -1.581931 -2.465920
v -0.300257 -1.603442 -2.473750
v -0.300257 -1.625599 -2.480755
v -0.300257 -1.648401 -2.486936
v -0.300257 -1.671849 -2.492292
v -0.300257 -1.695941 -2.496825
v -0.300257 -1.720680 -2.500534
v -0.300257 -1.746064 -2.503417
v -0.300257 -1.772093 -2.505478
v -0.300257 -1.798767 -2.506714
v -0.300257 -1.826087 -2.507126
v -0.300257 -1.852955 -2.506714
v -0.300257 -1.879228 -2.505478
v -0.300257 -1.904904 -2.503417
v -0.300257 -1.929985 -2.500534
v -0.300256 -1.954471 -2.496825
v -0.300256 -1.978360 -2.492292
v -0.300256 -2.001654 -2.486936
v -0.300256 -2.024352 -2.480755
v -0.300256 -2.046454 -2.473750
v -0.300256 -2.067960 -2.465920
v -0.300256 -2.088871 -2.457267
v -0.300256 -2.109186 -2.447790
v -0.300256 -2.128821 -2.437588
v -0.300256 -2.147691 -2.426760
v -0.300256 -2.165797 -2.415307
v -0.300256 -2.183138 -2.403228
v -0.300256 -2.199714 -2.390524
v -0.300256 -2.215527 -2.377194
v -0.300256 -2.230574 -2.363239
v -0.300256 -2.244857 -2.348658
v -0.300256 -2.258376 -2.333452
v -0.300256 -2.271130 -2.317620
v -0.300256 -2.283119 -2.301163
v -0.300256 -2.189254 -1.875159
v -0.300256 -2.196790 -1.887918
v -0.300256 -2.203671 -1.900935
v -0.300256 -2.209897 -1.914210
v -0.300256 -2.215467 -1.927743
v -0.300256 -2.220382 -1.941535
v -0.300256 -2.224642 -1.955585
v -0.300256 -2.228246 -1.969893
v -0.300256 -2.231195 -1.984458
v -0.300256 -2.233488 -1.999282
v -0.300256 -2.235127 -2.014365
v -0.300256 -2.236110 -2.029705
v -0.300256 -2.236437 -2.045304
v -0.300256 -2.236110 -2.060674
v -0.300256 -2.235127 -2.075806
v -0.300256 -2.233488 -2.090700
v -0.300256 -2.231195 -2.105355
v -0.300256 -2.228246 -2.119772
v -0.300256 -2.224642 -2.133952
v -0.300256 -2.220382 -2.147892
v -0.300256 -2.215467 -2.161594
v -0.300256 -2.209897 -2.175057
v -0.300256 -2.203671 -2.188283
v -0.300256 -2.196790 -2.201270
v -0.300256 -2.189254 -2.214019
v -0.300256 -2.181078 -2.226430
v -0.300256 -2.172276 -2.238405
v -0.300256 -2.162848 -2.249943
v -0.300256 -2.152795 -2.261044
v -0.300256 -2.142116 -2.271708
v -0.300256 -2.130811 -2.281934
v -0.300256 -2.118882 -2.291724
v -0.300256 -2.106326 -2.301078
v -0.300256 -2.093145 -2.309994
v -0.300256 -2.079339 -2.318473
v -0.300256 -2.064907 -2.326516
v -0.300256 -2.049850 -2.334122
v -0.300256 -2.034206 -2.341201
v -0.300256 -2.018017 -2.347665
v -0.300256 -2.001281 -2.353514
v -0.300256 -1.984000 -2.358746
v -0.300256 -1.966172 -2.363363
v -0.300256 -1.947798 -2.367364
v -0.300256 -1.928878 -2.370750
v -0.300256 -1.909412 -2.373520
v -0.300256 -1.889400 -2.375675
v -0.300256 -1.868842 -2.377214
v -0.300256 -1.847738 -2.378138
v -0.300256 -1.826087 -2.378445
v -0.300256 -1.803980 -2.378137
v -0.300256 -1.782459 -2.377214
v -0.300256 -1.761523 -2.375675
v -0.300256 -1.741174 -2.373520
v -0.300257 -1.721410 -2.370750
v -0.300257 -1.702232 -2.367364
v -0.300257 -1.683640 -2.363363
v -0.300257 -1.665633 -2.358746
v -0.300257 -1.648212 -2.353513
v -0.300257 -1.631378 -2.347665
v -0.300257 -1.615129 -2.341201
v -0.300257 -1.599465 -2.334122
v -0.300257 -1.584408 -2.326516
v -0.300257 -1.569976 -2.318473
v -0.300257 -1.556170 -2.309994
v -0.300257 -1.542989 -2.301077
v -0.300257 -1.530433 -2.291724
v -0.300257 -1.518503 -2.281934
v -0.300257 -1.507199 -2.271707
v -0.300257 -1.496521 -2.261043
v -0.300257 -1.486467 -2.249942
v -0.300257 -1.477040 -2.238405
v -0.300257 -1.468237 -2.226430
v -0.300256 -1.460061 -2.214019
v -0.300256 -1.452525 -2.201270
v -0.300256 -1.445644 -2.188283
v -0.300256 -1.439418 -2.175057
v -0.300256 -1.433848 -2.161594
v -0.300256 -1.428933 -2.147892
v -0.300256 -1.424674 -2.133952
v -0.300256 -1.421069 -2.119772
v -0.300256 -1.418120 -2.105355
v -0.300256 -1.415827 -2.090700
v -0.300256 -1.414188 -2.075806
v -0.300256 -1.413205 -2.060674
v -0.300256 -1.412878 -2.045304
v -0.300256 -1.413210 -2.029705
v -0.300256 -1.414208 -2.014365
v -0.300256 -1.415871 -1.999282
v -0.300256 -1.418200 -1.984458
v -0.300256 -1.421193 -1.969893
v -0.300256 -1.424852 -1.955585
v -0.300256 -1.429176 -1.941535
v -0.300256 -1.434166 -1.927743
v -0.300256 -1.439820 -1.914210
v -0.300256 -1.446140 -1.900935
v -0.300256 -1.453125 -1.887918
v -0.300256 -1.460776 -1.875159
v -0.300256 -1.469061 -1.862747
v -0.300256 -1.477953 -1.850773
v -0.300256 -1.487450 -1.839235
v -0.300256 -1.497553 -1.828135
v -0.300256 -1.508262 -1.817471
v -0.300256 -1.519576 -1.807243
v -0.300256 -1.531496 -1.797453
v -0.300256 -1.544021 -1.788100
v -0.300256 -1.557152 -1.779184
v -0.300256 -1.570889 -1.770704
v -0.300256 -1.585232 -1.762662
v -0.300256 -1.600180 -1.755056
v -0.300256 -1.615729 -1.747977
v -0.300256 -1.631874 -1.741513
v -0.300256 -1.648615 -1.735664
v -0.300256 -1.665951 -1.730432
v -0.300256 -1.683883 -1.725815
v -0.300256 -1.702410 -1.721813
v -0.300256 -1.721534 -1.718428
v -0.300256 -1.741253 -1.715658
v -0.300256 -1.761568 -1.713503
v -0.300256 -1.782479 -1.711964
v -0.300256 -1.803985 -1.711040
v -0.300256 -1.826087 -1.710733
v -0.300256 -1.847738 -1.711040
v -0.300256 -1.868842 -1.711964
v -0.300256 -1.889400 -1.713503
v -0.300256 -1.909412 -1.715658
v -0.300256 -1.928878 -1.718428
v -0.300256 -1.947798 -1.721814
v -0.300256 -1.966172 -1.725815
v -0.300256 -1.984000 -1.730432
v -0.300256 -2.001281 -1.735665
v -0.300256 -2.018017 -1.741513
v -0.300256 -2.034206 -1.747977
v -0.300256 -2.049850 -1.755056
v -0.300256 -2.064907 -1.762662
v -0.300256 -2.079339 -1.770705
v -0.300256 -2.093145 -1.779184
v -0.300256 -2.106326 -1.788101
v -0.300256 -2.118882 -1.797454
v -0.300256 -2.130811 -1.807244
v -0.300256 -2.142116 -1.817471
v -0.300256 -2.152795 -1.828135
v -0.300256 -2.162848 -1.839235
v -0.300256 -2.172276 -1.850773
v -0.300256 -2.181078 -1.862748
v -0.300256 -1.421457 -0.975820
v -0.300256 -1.421457 -0.646968
v -0.300256 -1.304214 -0.646968
v -0.300256 -1.304214 -1.434783
v -0.300256 -1.421457 -1.434783
v -0.300256 -1.421457 -1.107361
v -0.300256 -2.345102 -1.107361
v -0.300256 -2.345102 -0.975820
v -0.300256 -2.335808 -0.236618
v -0.300256 -2.339576 -0.224872
v -0.300256 -2.343016 -0.212987
v -0.300256 -2.346129 -0.200963
v -0.300256 -2.348914 -0.188800
v -0.300256 -2.351372 -0.176497
v -0.300256 -2.353502 -0.164056
v -0.300256 -2.355304 -0.151476
v -0.300256 -2.356778 -0.138757
v -0.300256 -2.357925 -0.125899
v -0.300256 -2.358744 -0.112901
v -0.300256 -2.359236 -0.099765
v -0.300256 -2.359400 -0.086490
v -0.300256 -2.358948 -0.064299
v -0.300256 -2.357592 -0.042524
v -0.300256 -2.355334 -0.021167
v -0.300256 -2.352171 -0.000226
v -0.300256 -2.348105 0.020297
v -0.300256 -2.343136 0.040404
v -0.300256 -2.337263 0.060093
v -0.300256 -2.330486 0.079365
v -0.300256 -2.322806 0.098221
v -0.300256 -2.314222 0.116659
v -0.300256 -2.304735 0.134680
v -0.300256 -2.294344 0.152285
v -0.300256 -2.283119 0.169373
v -0.300256 -2.271130 0.185845
v -0.300256 -2.258376 0.201702
v -0.300256 -2.244857 0.216943
v -0.300256 -2.230574 0.231569
v -0.300256 -2.215527 0.245579
v -0.300256 -2.199715 0.258973
v -0.300256 -2.183138 0.271752
v -0.300256 -2.165797 0.283915
v -0.300256 -2.147691 0.295463
v -0.300256 -2.128821 0.306395
v -0.300256 -2.109186 0.316711
v -0.300256 -2.088871 0.326302
v -0.300256 -2.067961 0.335060
v -0.300256 -2.046454 0.342983
v -0.300256 -2.024352 0.350073
v -0.300256 -2.001654 0.356328
v -0.300256 -1.978360 0.361749
v -0.300256 -1.954471 0.366337
v -0.300256 -1.929986 0.370090
v -0.300256 -1.904905 0.373009
v -0.300256 -1.879228 0.375094
v -0.300256 -1.852956 0.376345
v -0.300256 -1.826088 0.376762
v -0.300256 -1.798768 0.376345
v -0.300256 -1.772093 0.375094
v -0.300256 -1.746064 0.373009
v -0.300256 -1.720680 0.370090
v -0.300256 -1.695942 0.366337
v -0.300256 -1.671849 0.361749
v -0.300256 -1.648401 0.356328
v -0.300256 -1.625599 0.350073
v -0.300256 -1.603442 0.342983
v -0.300256 -1.581931 0.335060
v -0.300256 -1.561065 0.326302
v -0.300256 -1.540844 0.316711
v -0.300256 -1.521324 0.306395
v -0.300256 -1.502558 0.295463
v -0.300256 -1.484546 0.283915
v -0.300256 -1.467289 0.271752
v -0.300256 -1.450787 0.258973
v -0.300256 -1.435040 0.245579
v -0.300256 -1.420047 0.231569
v -0.300256 -1.405808 0.216943
v -0.300256 -1.392325 0.201702
v -0.300256 -1.379596 0.185845
v -0.300256 -1.367621 0.169373
v -0.300256 -1.356401 0.152285
v -0.300256 -1.346010 0.134681
v -0.300256 -1.336523 0.116659
v -0.300256 -1.327939 0.098221
v -0.300256 -1.320259 0.079365
v -0.300256 -1.313483 0.060093
v -0.300256 -1.307610 0.040404
v -0.300256 -1.302640 0.020297
v -0.300256 -1.298574 -0.000226
v -0.300256 -1.295412 -0.021167
v -0.300256 -1.293153 -0.042524
v -0.300256 -1.291798 -0.064298
v -0.300256 -1.291346 -0.086490
v -0.300256 -1.291505 -0.099765
v -0.300256 -1.291981 -0.112901
v -0.300256 -1.292775 -0.125899
v -0.300256 -1.293887 -0.138757
v -0.300256 -1.295317 -0.151476
v -0.300256 -1.297065 -0.164056
v -0.300256 -1.299130 -0.176497
v -0.300256 -1.301513 -0.188800
v -0.300256 -1.304214 -0.200963
v -0.300256 -1.307232 -0.212987
v -0.300256 -1.310568 -0.224872
v -0.300256 -1.314222 -0.236618
v -0.300256 -1.318184 -0.248195
v -0.300256 -1.322444 -0.259574
v -0.300256 -1.327001 -0.270754
v -0.300256 -1.331856 -0.281736
v -0.300256 -1.337010 -0.292519
v -0.300256 -1.342461 -0.303104
v -0.300256 -1.348210 -0.313490
v -0.300256 -1.354257 -0.323677
v -0.300256 -1.360601 -0.333665
v -0.300256 -1.367244 -0.343456
v -0.300256 -1.374184 -0.353047
v -0.300256 -1.381423 -0.362440
v -0.300256 -1.388944 -0.371609
v -0.300256 -1.396733 -0.380531
v -0.300256 -1.404791 -0.389204
v -0.300256 -1.413116 -0.397629
v -0.300256 -1.421710 -0.405805
v -0.300256 -1.430572 -0.413734
v -0.300256 -1.439701 -0.421414
v -0.300256 -1.449099 -0.428846
v -0.300256 -1.458765 -0.436030
v -0.300256 -1.468699 -0.442965
v -0.300256 -1.478902 -0.449652
v -0.300256 -1.489372 -0.456091
v -0.300256 -1.500090 -0.462232
v -0.300256 -1.511037 -0.468026
v -0.300256 -1.522212 -0.473472
v -0.300256 -1.533616 -0.478571
v -0.300256 -1.545248 -0.483322
v -0.300256 -1.557108 -0.487725
v -0.300256 -1.569197 -0.491781
v -0.300256 -1.581514 -0.495490
v -0.300256 -1.594059 -0.498851
v -0.300256 -1.606833 -0.501864
v -0.300256 -1.619835 -0.504530
v -0.300256 -1.633066 -0.506849
v -0.300256 -1.633066 -0.375308
v -0.300256 -1.624105 -0.373292
v -0.300256 -1.615332 -0.371058
v -0.300256 -1.606749 -0.368606
v -0.300256 -1.598354 -0.365935
v -0.300256 -1.590147 -0.363046
v -0.300256 -1.582129 -0.359938
v -0.300256 -1.574300 -0.356611
v -0.300256 -1.566660 -0.353067
v -0.300256 -1.559208 -0.349304
v -0.300256 -1.551945 -0.345322
v -0.300256 -1.544870 -0.341122
v -0.300256 -1.537985 -0.336704
v -0.300256 -1.531282 -0.332096
v -0.300256 -1.524759 -0.327330
v -0.300256 -1.518414 -0.322406
v -0.300256 -1.512248 -0.317322
v -0.300256 -1.506261 -0.312079
v -0.300256 -1.500453 -0.306678
v -0.300256 -1.494823 -0.301118
v -0.300256 -1.489372 -0.295399
v -0.300256 -1.484099 -0.289521
v -0.300256 -1.479006 -0.283484
v -0.300256 -1.474091 -0.277288
v -0.300256 -1.469355 -0.270933
v -0.300256 -1.464802 -0.264440
v -0.300256 -1.460438 -0.257827
v -0.300256 -1.456263 -0.251095
v -0.300256 -1.452277 -0.244244
v -0.300256 -1.448479 -0.237274
v -0.300256 -1.444870 -0.230184
v -0.300256 -1.441449 -0.222976
v -0.300256 -1.438217 -0.215648
v -0.300256 -1.435174 -0.208201
v -0.300256 -1.432319 -0.200635
v -0.300256 -1.429653 -0.192950
v -0.300256 -1.427176 -0.185146
v -0.300256 -1.424892 -0.177252
v -0.300256 -1.422807 -0.169299
v -0.300256 -1.420920 -0.161286
v -0.300256 -1.419233 -0.153214
v -0.300256 -1.417743 -0.145082
v -0.300256 -1.416452 -0.136890
v -0.300256 -1.415360 -0.128639
v -0.300256 -1.414467 -0.120328
v -0.300256 -1.413772 -0.111958
v -0.300256 -1.413275 -0.103528
v -0.300256 -1.412977 -0.095039
v -0.300256 -1.412878 -0.086490
v -0.300256 -1.413216 -0.070663
v -0.300256 -1.414228 -0.055114
v -0.300256 -1.415916 -0.039843
v -0.300256 -1.418279 -0.024850
v -0.300256 -1.421318 -0.010135
v -0.300256 -1.425031 0.004302
v -0.300256 -1.429420 0.018461
v -0.300256 -1.434484 0.032341
v -0.300256 -1.440223 0.045944
v -0.300256 -1.446637 0.059269
v -0.300256 -1.453726 0.072316
v -0.300256 -1.461491 0.085085
v -0.300256 -1.469891 0.097491
v -0.300256 -1.478887 0.109451
v -0.300256 -1.488478 0.120964
v -0.300256 -1.498665 0.132030
v -0.300256 -1.509448 0.142649
v -0.300256 -1.520827 0.152821
v -0.300256 -1.532802 0.162546
v -0.300256 -1.545372 0.171825
v -0.300256 -1.558538 0.180657
v -0.300256 -1.572300 0.189042
v -0.300256 -1.586657 0.196981
v -0.300256 -1.601610 0.204472
v -0.300256 -1.617149 0.211437
v -0.300256 -1.633264 0.217797
v -0.300256 -1.649955 0.223551
v -0.300256 -1.667222 0.228699
v -0.300256 -1.685064 0.233242
v -0.300256 -1.703483 0.237179
v -0.300256 -1.722477 0.240510
v -0.300256 -1.742048 0.243235
v -0.300256 -1.762194 0.245355
v -0.300256 -1.782916 0.246869
v -0.300256 -1.804214 0.247778
v -0.300256 -1.826088 0.248081
v -0.300256 -1.847733 0.247773
v -0.300256 -1.868822 0.246850
v -0.300256 -1.889356 0.245311
v -0.300256 -1.909333 0.243156
v -0.300256 -1.928754 0.240386
v -0.300256 -1.947620 0.237000
v -0.300256 -1.965929 0.232999
v -0.300256 -1.983682 0.228382
v -0.300256 -2.000880 0.223149
v -0.300256 -2.017521 0.217301
v -0.300256 -2.033606 0.210837
v -0.300256 -2.049135 0.203757
v -0.300256 -2.064083 0.196151
v -0.300256 -2.078426 0.188109
v -0.300256 -2.092163 0.179630
v -0.300256 -2.105294 0.170713
v -0.300256 -2.117820 0.161360
v -0.300256 -2.129739 0.151570
v -0.300256 -2.141054 0.141343
v -0.300256 -2.151762 0.130679
v -0.300256 -2.161865 0.119578
v -0.300256 -2.171362 0.108041
v -0.300256 -2.180254 0.096066
v -0.300256 -2.188540 0.083655
v -0.300256 -2.196190 0.070896
v -0.300256 -2.203175 0.057879
v -0.300256 -2.209495 0.044604
v -0.300256 -2.215149 0.031070
v -0.300256 -2.220139 0.017279
v -0.300256 -2.224463 0.003229
v -0.300256 -2.228122 -0.011079
v -0.300256 -2.231116 -0.025645
v -0.300256 -2.233444 -0.040469
v -0.300256 -2.235107 -0.055551
v -0.300256 -2.236105 -0.070892
v -0.300256 -2.236438 -0.086490
v -0.300256 -2.236338 -0.095039
v -0.300256 -2.236040 -0.103528
v -0.300256 -2.235544 -0.111958
v -0.300256 -2.234849 -0.120328
v -0.300256 -2.233955 -0.128639
v -0.300256 -2.232863 -0.136890
v -0.300256 -2.231572 -0.145082
v -0.300256 -2.230083 -0.153214
v -0.300256 -2.228395 -0.161286
v -0.300256 -2.226508 -0.169299
v -0.300256 -2.224423 -0.177252
v -0.300256 -2.222140 -0.185146
v -0.300256 -2.219662 -0.192950
v -0.300256 -2.216996 -0.200635
v -0.300256 -2.214142 -0.208201
v -0.300256 -2.211098 -0.215648
v -0.300256 -2.207866 -0.222976
v -0.300256 -2.204446 -0.230184
v -0.300256 -2.200837 -0.237274
v -0.300256 -2.197039 -0.244244
v -0.300256 -2.193052 -0.251095
v -0.300256 -2.188877 -0.257827
v -0.300256 -2.184513 -0.264440
v -0.300256 -2.179961 -0.270933
v -0.300256 -2.175225 -0.277287
v -0.300256 -2.170310 -0.283483
v -0.300256 -2.165216 -0.289520
v -0.300256 -2.159944 -0.295398
v -0.300256 -2.154493 -0.301117
v -0.300256 -2.148863 -0.306677
v -0.300256 -2.143054 -0.312079
v -0.300256 -2.137067 -0.317321
v -0.300256 -2.130901 -0.322405
v -0.300256 -2.124556 -0.327330
v -0.300256 -2.118033 -0.332096
v -0.300256 -2.111331 -0.336704
v -0.300256 -2.104455 -0.341122
v -0.300256 -2.097410 -0.345322
v -0.300256 -2.090197 -0.349304
v -0.300256 -2.082814 -0.353067
v -0.300256 -2.075263 -0.356611
v -0.300256 -2.067544 -0.359938
v -0.300256 -2.059655 -0.363046
v -0.300256 -2.051597 -0.365935
v -0.300256 -2.043371 -0.368606
v -0.300256 -2.034976 -0.371058
v -0.300256 -2.026412 -0.373292
v -0.300256 -2.017679 -0.375308
v -0.300256 -2.017679 -0.506849
v -0.300256 -2.030682 -0.504535
v -0.300256 -2.043475 -0.501884
v -0.300256 -2.056060 -0.498896
v -0.300256 -2.068437 -0.495569
v -0.300256 -2.080605 -0.491905
v -0.300256 -2.092565 -0.487904
v -0.300256 -2.104316 -0.483565
v -0.300256 -2.115858 -0.478888
v -0.300256 -2.127192 -0.473874
v -0.300256 -2.138318 -0.468522
v -0.300256 -2.149235 -0.462833
v -0.300256 -2.159944 -0.456806
v -0.300256 -2.170414 -0.450476
v -0.300256 -2.180616 -0.443878
v -0.300256 -2.190550 -0.437013
v -0.300256 -2.200216 -0.429878
v -0.300256 -2.209614 -0.422477
v -0.300256 -2.218744 -0.414806
v -0.300256 -2.227606 -0.406868
v -0.300256 -2.236199 -0.398661
v -0.300256 -2.244525 -0.390187
v -0.300256 -2.252582 -0.381444
v -0.300256 -2.260372 -0.372434
v -0.300256 -2.267893 -0.363155
v -0.300256 -2.275136 -0.353648
v -0.300256 -2.282092 -0.343952
v -0.300256 -2.288759 -0.334067
v -0.300256 -2.295138 -0.323994
v -0.300256 -2.301230 -0.313733
v -0.300256 -2.307034 -0.303282
v -0.300256 -2.312549 -0.292643
v -0.300256 -2.317777 -0.281816
v -0.300256 -2.322716 -0.270799
v -0.300256 -2.327368 -0.259594
v -0.300256 -2.331732 -0.248200
v -0.300256 -2.345102 0.546907
v -0.300256 -2.345102 1.191743
v -0.300256 -1.304214 1.191743
v -0.300256 -1.304214 0.552626
v -0.300256 -1.421457 0.552626
v -0.300256 -1.421457 1.060202
v -0.300256 -1.760317 1.060202
v -0.300256 -1.760317 0.588371
v -0.300256 -1.877560 0.588371
v -0.300256 -1.877560 1.060202
v -0.300256 -2.227859 1.060202
v -0.300256 -2.227859 0.546907
v -0.300256 -2.345102 2.349874
v -0.300256 -2.345102 2.475695
v -0.300256 -1.304214 2.475695
v -0.300256 -1.304214 2.288393
v -0.300256 -1.961918 2.032460
v -0.300256 -1.966038 2.030782
v -0.300256 -1.970298 2.029084
v -0.300256 -1.974697 2.027366
v -0.300256 -1.979234 2.025629
v -0.300256 -1.983911 2.023871
v -0.300256 -1.988726 2.022094
v -0.300256 -1.993681 2.020297
v -0.300256 -1.998775 2.018480
v -0.300256 -2.004007 2.016643
v -0.300256 -2.009379 2.014786
v -0.300256 -2.014889 2.012909
v -0.300256 -2.020539 2.011013
v -0.300256 -2.026298 2.009097
v -0.300256 -2.032136 2.007161
v -0.300256 -2.038054 2.005205
v -0.300256 -2.044051 2.003229
v -0.300256 -2.050128 2.001233
v -0.300256 -2.056284 1.999217
v -0.300256 -2.062520 1.997182
v -0.300256 -2.068834 1.995126
v -0.300256 -2.075229 1.993051
v -0.300256 -2.081702 1.990956
v -0.300256 -2.088256 1.988841
v -0.300256 -2.094888 1.986707
v -0.300256 -2.101556 1.984567
v -0.300256 -2.108213 1.982437
v -0.300256 -2.114861 1.980317
v -0.300256 -2.121498 1.978207
v -0.300256 -2.128126 1.976107
v -0.300256 -2.134744 1.974017
v -0.300256 -2.141352 1.971937
v -0.300256 -2.147950 1.969867
v -0.300256 -2.154537 1.967807
v -0.300256 -2.161116 1.965756
v -0.300256 -2.167684 1.963716
v -0.300256 -2.174242 1.961685
v -0.300256 -2.180740 1.959685
v -0.300256 -2.187130 1.957734
v -0.300256 -2.193410 1.955832
v -0.300256 -2.199581 1.953980
v -0.300256 -2.205642 1.952178
v -0.300256 -2.211595 1.950426
v -0.300256 -2.217438 1.948723
v -0.300256 -2.223172 1.947070
v -0.300256 -2.228797 1.945466
v -0.300256 -2.234313 1.943912
v -0.300256 -2.239719 1.942408
v -0.300256 -2.245016 1.940953
v -0.300256 -2.245016 1.970979
v -0.300256 -2.239953 1.969296
v -0.300256 -2.234770 1.967583
v -0.300256 -2.229467 1.965841
v -0.300256 -2.224046 1.964068
v -0.300256 -2.218506 1.962266
v -0.300256 -2.212846 1.960434
v -0.300256 -2.207067 1.958572
v -0.300256 -2.201169 1.956681
v -0.300256 -2.195153 1.954760
v -0.300256 -2.189016 1.952809
v -0.300256 -2.182761 1.950828
v -0.300256 -2.176386 1.948817
v -0.300256 -2.169938 1.946787
v -0.300256 -2.163459 1.944746
v -0.300256 -2.156950 1.942696
v -0.300256 -2.150412 1.940636
v -0.300256 -2.143844 1.938565
v -0.300256 -2.137246 1.936485
v -0.300256 -2.130618 1.934395
v -0.300256 -2.123961 1.932295
v -0.300256 -2.117274 1.930185
v -0.300256 -2.110557 1.928065
v -0.300256 -2.103810 1.925936
v -0.300256 -2.097033 1.923796
v -0.300256 -2.090281 1.921656
v -0.300256 -2.083609 1.919526
v -0.300256 -2.077016 1.917406
v -0.300256 -2.070503 1.915297
v -0.300256 -2.064068 1.913197
v -0.300256 -2.057714 1.911106
v -0.300256 -2.051439 1.909026
v -0.300256 -2.045243 1.906956
v -0.300256 -2.039126 1.904896
v -0.300256 -2.033090 1.902845
v -0.300256 -2.027132 1.900805
v -0.300256 -2.021254 1.898775
v -0.300256 -2.015490 1.896774
v -0.300256 -2.009875 1.894823
v -0.300256 -2.004409 1.892921
v -0.300256 -1.999092 1.891070
v -0.300256 -1.993924 1.889267
v -0.300256 -1.988905 1.887515
v -0.300256 -1.984035 1.885812
v -0.300256 -1.979314 1.884159
v -0.300256 -1.974741 1.882555
v -0.300256 -1.970318 1.881002
v -0.300256 -1.966043 1.879497
v -0.300256 -1.961918 1.878043
v -0.300256 -1.304214 1.624970
v -0.300256 -1.304214 1.437667
v -0.300256 -2.345102 1.437667
v -0.300256 -2.345102 1.567778
v -0.300256 -1.750309 1.567778
v -0.300256 -1.744773 1.567773
v -0.300256 -1.739129 1.567758
v -0.300256 -1.733375 1.567733
v -0.300256 -1.727512 1.567698
v -0.300256 -1.721539 1.567654
v -0.300256 -1.715458 1.567599
v -0.300256 -1.709267 1.567535
v -0.300256 -1.702967 1.567460
v -0.300256 -1.696558 1.567376
v -0.300256 -1.690039 1.567281
v -0.300256 -1.683411 1.567177
v -0.300256 -1.676674 1.567063
v -0.300256 -1.669853 1.566944
v -0.300256 -1.662972 1.566825
v -0.300256 -1.656032 1.566706
v -0.300256 -1.649032 1.566586
v -0.300256 -1.641972 1.566467
v -0.300256 -1.634853 1.566348
v -0.300256 -1.627674 1.566229
v -0.300256 -1.620436 1.566110
v -0.300256 -1.613138 1.565991
v -0.300256 -1.605780 1.565872
v -0.300256 -1.598363 1.565753
v -0.300256 -1.590887 1.565633
v -0.300256 -1.583376 1.565509
v -0.300256 -1.575854 1.565375
v -0.300256 -1.568323 1.565231
v -0.300256 -1.560782 1.565077
v -0.300256 -1.553231 1.564914
v -0.300256 -1.545670 1.564740
v -0.300256 -1.538099 1.564556
v -0.300256 -1.530518 1.564363
v -0.300256 -1.522927 1.564159
v -0.300256 -1.515326 1.563946
v -0.300256 -1.507716 1.563722
v -0.300256 -1.500095 1.563489
v -0.300256 -1.492480 1.563260
v -0.300256 -1.484884 1.563052
v -0.300256 -1.477308 1.562863
v -0.300256 -1.469752 1.562694
v -0.300256 -1.462216 1.562545
v -0.300256 -1.454699 1.562416
v -0.300256 -1.447203 1.562307
v -0.300256 -1.439726 1.562217
v -0.300256 -1.432270 1.562148
v -0.300256 -1.424833 1.562098
v -0.300256 -1.417416 1.562068
v -0.300256 -1.410018 1.562059
v -0.300256 -1.410018 1.550621
v -0.300256 -1.418126 1.553018
v -0.300256 -1.426243 1.555446
v -0.300256 -1.434370 1.557904
v -0.300256 -1.442507 1.560391
v -0.300256 -1.450653 1.562908
v -0.300256 -1.458810 1.565454
v -0.300256 -1.466977 1.568031
v -0.300256 -1.475153 1.570637
v -0.300256 -1.483340 1.573274
v -0.300256 -1.491536 1.575940
v -0.300256 -1.499743 1.578635
v -0.300256 -1.507959 1.581361
v -0.300256 -1.516156 1.584096
v -0.300256 -1.524302 1.586822
v -0.300256 -1.532400 1.589538
v -0.300256 -1.540447 1.592243
v -0.300256 -1.548445 1.594939
v -0.300256 -1.556393 1.597625
v -0.300256 -1.564292 1.600301
v -0.300256 -1.572141 1.602967
v -0.300256 -1.579940 1.605623
v -0.300256 -1.587690 1.608269
v -0.300256 -1.595390 1.610905
v -0.300256 -1.603040 1.613531
v -0.300256 -1.610611 1.616138
v -0.300256 -1.618073 1.618714
v -0.300256 -1.625425 1.621261
v -0.300256 -1.632669 1.623778
v -0.300256 -1.639803 1.626265
v -0.300256 -1.646828 1.628723
v -0.300256 -1.653743 1.631150
v -0.300256 -1.660550 1.633548
v -0.300256 -1.667247 1.635916
v -0.300256 -1.673835 1.638255
v -0.300256 -1.680314 1.640563
v -0.300256 -1.686683 1.642842
v -0.300256 -1.692914 1.645081
v -0.300256 -1.698975 1.647270
v -0.300256 -1.704868 1.649410
v -0.300256 -1.710592 1.651500
v -0.300256 -1.716148 1.653541
v -0.300256 -1.721534 1.655531
v -0.300256 -1.726752 1.657472
v -0.300256 -1.731801 1.659364
v -0.300256 -1.736681 1.661206
v -0.300256 -1.741392 1.662998
v -0.300256 -1.745935 1.664741
v -0.300256 -1.750309 1.666434
v -0.300256 -2.345102 1.899489
v -0.300256 -2.345102 2.013873
v -0.300256 -1.750309 2.249788
v -0.300256 -1.746168 2.251481
v -0.300256 -1.741849 2.253224
v -0.300256 -1.737351 2.255016
v -0.300256 -1.732675 2.256858
v -0.300256 -1.727819 2.258749
v -0.300256 -1.722785 2.260690
v -0.300256 -1.717573 2.262681
v -0.300256 -1.712181 2.264722
v -0.300256 -1.706611 2.266812
v -0.300256 -1.700862 2.268951
v -0.300256 -1.694934 2.271141
v -0.300256 -1.688828 2.273380
v -0.300256 -1.682577 2.275659
v -0.300256 -1.676218 2.277967
v -0.300256 -1.669749 2.280305
v -0.300256 -1.663171 2.282673
v -0.300256 -1.656484 2.285071
v -0.300256 -1.649687 2.287499
v -0.300256 -1.642782 2.289956
v -0.300256 -1.635767 2.292444
v -0.300256 -1.628643 2.294961
v -0.300256 -1.621409 2.297508
v -0.300256 -1.614067 2.300084
v -0.300256 -1.606615 2.302691
v -0.300256 -1.599074 2.305317
v -0.300256 -1.591463 2.307953
v -0.300256 -1.583783 2.310599
v -0.300256 -1.576033 2.313255
v -0.300256 -1.568214 2.315921
v -0.300256 -1.560325 2.318597
v -0.300256 -1.552367 2.321283
v -0.300256 -1.544340 2.323978
v -0.300256 -1.536242 2.326684
v -0.300256 -1.528076 2.329400
v -0.300256 -1.519839 2.332125
v -0.300256 -1.511534 2.334861
v -0.300256 -1.503183 2.337616
v -0.300256 -1.494813 2.340401
v -0.300256 -1.486423 2.343216
v -0.300256 -1.478013 2.346061
v -0.300256 -1.469583 2.348935
v -0.300256 -1.461133 2.351840
v -0.300256 -1.452664 2.354774
v -0.300256 -1.444175 2.357738
v -0.300256 -1.435665 2.360731
v -0.300256 -1.427136 2.363755
v -0.300256 -1.418587 2.366808
v -0.300256 -1.410019 2.369891
v -0.300256 -1.410019 2.355593
v -0.300256 -1.416726 2.355360
v -0.300256 -1.423502 2.355136
v -0.300256 -1.430348 2.354923
v -0.300256 -1.437264 2.354719
v -0.300256 -1.444249 2.354525
v -0.300256 -1.451304 2.354342
v -0.300256 -1.458428 2.354168
v -0.300256 -1.465622 2.354004
v -0.300256 -1.472885 2.353850
v -0.300256 -1.480217 2.353706
v -0.300256 -1.487620 2.353572
v -0.300256 -1.495091 2.353448
v -0.300256 -1.502598 2.353329
v -0.300256 -1.510104 2.353210
v -0.300256 -1.517610 2.353091
v -0.300256 -1.525117 2.352972
v -0.300256 -1.532623 2.352852
v -0.300256 -1.540129 2.352733
v -0.300256 -1.547636 2.352614
v -0.300256 -1.555142 2.352495
v -0.300256 -1.562649 2.352376
v -0.300256 -1.570155 2.352257
v -0.300256 -1.577661 2.352138
v -0.300256 -1.585168 2.352018
v -0.300256 -1.592659 2.351899
v -0.300256 -1.600121 2.351780
v -0.300256 -1.607553 2.351661
v -0.300256 -1.614955 2.351542
v -0.300256 -1.622328 2.351423
v -0.300256 -1.629670 2.351303
v -0.300256 -1.636983 2.351184
v -0.300256 -1.644266 2.351065
v -0.300256 -1.651519 2.350946
v -0.300256 -1.658743 2.350827
v -0.300256 -1.665936 2.350708
v -0.300256 -1.673100 2.350589
v -0.300256 -1.680189 2.350474
v -0.300256 -1.687160 2.350370
v -0.300256 -1.694011 2.350276
v -0.300256 -1.700743 2.350191
v -0.300256 -1.707355 2.350117
v -0.300256 -1.713849 2.350052
v -0.300256 -1.720224 2.349998
v -0.300256 -1.726479 2.349953
v -0.300256 -1.732615 2.349918
v -0.300256 -1.738632 2.349894
v -0.300256 -1.744530 2.349879
v -0.300256 -1.750309 2.349874
v -0.300256 -2.345102 2.349874
v 0.300256 -2.345102 2.349874
v -0.300256 -2.345102 2.475695
v 0.300256 -2.345102 2.475695
v -0.300256 -1.304214 2.475695
v 0.300256 -1.304214 2.475695
v -0.300256 -1.304214 2.288393
v 0.300256 -1.304214 2.288393
v -0.300256 -1.961918 2.032460
v 0.300256 -1.961918 2.032460
v -0.300256 -1.966038 2.030782
v 0.300256 -1.966038 2.030782
v -0.300256 -1.970298 2.029084
v 0.300256 -1.970298 2.029084
v -0.300256 -1.974697 2.027366
v 0.300256 -1.974697 2.027366
v -0.300256 -1.979234 2.025629
v 0.300256 -1.979234 2.025629
v -0.300256 -1.983911 2.023871
v 0.300256 -1.983911 2.023871
v -0.300256 -1.988726 2.022094
v 0.300256 -1.988726 2.022094
v -0.300256 -1.993681 2.020297
v 0.300256 -1.993681 2.020297
v -0.300256 -1.998775 2.018480
v 0.300256 -1.998775 2.018480
v -0.300256 -2.004007 2.016643
v 0.300256 -2.004007 2.016643
v -0.300256 -2.009379 2.014786
v 0.300256 -2.009379 2.014786
v -0.300256 -2.014889 2.012909
v 0.300256 -2.014889 2.012909
v -0.300256 -2.020539 2.011013
v 0.300256 -2.020539 2.011013
v -0.300256 -2.026298 2.009097
v 0.300256 -2.026298 2.009097
v -0.300256 -2.032136 2.007161
v 0.300256 -2.032136 2.007161
v -0.300256 -2.038054 2.005205
v 0.300256 -2.038054 2.005205
v -0.300256 -2.044051 2.003229
v 0.300256 -2.044051 2.003229
v -0.300256 -2.050128 2.001233
v 0.300256 -2.050128 2.001233
v -0.300256 -2.056284 1.999217
v 0.300256 -2.056284 1.999217
v -0.300256 -2.062520 1.997182
v 0.300256 -2.062520 1.997182
v -0.300256 -2.068834 1.995126
v 0.300256 -2.068834 1.995126
v -0.300256 -2.075229 1.993051
v 0.300256 -2.075229 1.993051
v -0.300256 -2.081702 1.990956
v 0.300256 -2.081702 1.990956
v -0.300256 -2.088256 1.988841
v 0.300256 -2.088256 1.988841
v -0.300256 -2.094888 1.986707
v 0.300256 -2.094888 1.986707
v -0.300256 -2.101556 1.984567
v 0.300256 -2.101556 1.984567
v -0.300256 -2.108213 1.982437
v 0.300256 -2.108213 1.982437
v -0.300256 -2.114861 1.980317
v 0.300256 -2.114861 1.980317
v -0.300256 -2.121498 1.978207
v 0.300256 -2.121498 1.978207
v -0.300256 -2.128126 1.976107
v 0.300256 -2.128126 1.976107
v -0.300256 -2.134744 1.974017
v 0.300256 -2.134744 1.974017
v -0.300256 -2.141352 1.971937
v 0.300256 -2.141352 1.971937
v -0.300256 -2.147950 1.969867
v 0.300256 -2.147949 1.969867
v -0.300256 -2.154537 1.967807
v 0.300256 -2.154537 1.967807
v -0.300256 -2.161116 1.965756
v 0.300256 -2.161115 1.965756
v -0.300256 -2.167684 1.963716
v 0.300256 -2.167684 1.963716
v -0.300256 -2.174242 1.961685
v 0.300256 -2.174242 1.961685
v -0.300256 -2.180740 1.959685
v 0.300256 -2.180740 1.959685
v -0.300256 -2.187130 1.957734
v 0.300256 -2.187130 1.957734
v -0.300256 -2.193410 1.955832
v 0.300256 -2.193410 1.955832
v -0.300256 -2.199581 1.953980
v 0.300256 -2.199581 1.953980
v -0.300256 -2.205642 1.952178
v 0.300256 -2.205642 1.952178
v -0.300256 -2.211595 1.950426
v 0.300256 -2.211595 1.950426
v -0.300256 -2.217438 1.948723
v 0.300256 -2.217438 1.948723
v -0.300256 -2.223172 1.947070
v 0.300256 -2.223172 1.947070
v -0.300256 -2.228797 1.945466
v 0.300256 -2.228797 1.945466
v -0.300256 -2.234313 1.943912
v 0.300256 -2.234313 1.943912
v -0.300256 -2.239719 1.942408
v 0.300256 -2.239719 1.942408
v -0.300256 -2.245016 1.940953
v 0.300256 -2.245016 1.940953
v -0.300256 -2.245016 1.970979
v 0.300256 -2.245016 1.970979
v -0.300256 -2.239953 1.969296
v 0.300256 -2.239953 1.969296
v -0.300256 -2.234770 1.967583
v 0.300256 -2.234770 1.967583
v -0.300256 -2.229467 1.965841
v 0.300256 -2.229467 1.965841
v -0.300256 -2.224046 1.964068
v 0.300256 -2.224046 1.964068
v -0.300256 -2.218506 1.962266
v 0.300256 -2.218506 1.962266
v -0.300256 -2.212846 1.960434
v 0.300256 -2.212846 1.960434
v -0.300256 -2.207067 1.958572
v 0.300256 -2.207067 1.958572
v -0.300256 -2.201169 1.956681
v 0.300256 -2.201169 1.956681
v -0.300256 -2.195153 1.954760
v 0.300256 -2.195153 1.954760
v -0.300256 -2.189016 1.952809
v 0.300256 -2.189016 1.952809
v -0.300256 -2.182761 1.950828
v 0.300256 -2.182761 1.950828
v -0.300256 -2.176386 1.948817
v 0.300256 -2.176386 1.948817
v -0.300256 -2.169938 1.946787
v 0.300256 -2.169937 1.946787
v -0.300256 -2.163459 1.944746
v 0.300256 -2.163459 1.944746
v -0.300256 -2.156950 1.942696
v 0.300256 -2.156950 1.942696
v -0.300256 -2.150412 1.940636
v 0.300256 -2.150412 1.940636
v -0.300256 -2.143844 1.938565
v 0.300256 -2.143844 1.938565
v -0.300256 -2.137246 1.936485
v 0.300256 -2.137246 1.936485
v -0.300256 -2.130618 1.934395
v 0.300256 -2.130618 1.934395
v -0.300256 -2.123961 1.932295
v 0.300256 -2.123961 1.932295
v -0.300256 -2.117274 1.930185
v 0.300256 -2.117274 1.930185
v -0.300256 -2.110557 1.928065
v 0.300256 -2.110557 1.928065
v -0.300256 -2.103810 1.925936
v 0.300256 -2.103810 1.925936
v -0.300256 -2.097033 1.923796
v 0.300256 -2.097033 1.923796
v -0.300256 -2.090281 1.921656
v 0.300256 -2.090281 1.921656
v -0.300256 -2.083609 1.919526
v 0.300256 -2.083609 1.919526
v -0.300256 -2.077016 1.917406
v 0.300256 -2.077016 1.917406
v -0.300256 -2.070503 1.915297
v 0.300256 -2.070503 1.915297
v -0.300256 -2.064068 1.913197
v 0.300256 -2.064068 1.913197
v -0.300256 -2.057714 1.911106
v 0.300256 -2.057714 1.911106
v -0.300256 -2.051439 1.909026
v 0.300256 -2.051439 1.909026
v -0.300256 -2.045243 1.906956
v 0.300256 -2.045243 1.906956
v -0.300256 -2.039126 1.904896
v 0.300256 -2.039126 1.904896
v -0.300256 -2.033090 1.902845
v 0.300256 -2.033090 1.902845
v -0.300256 -2.027132 1.900805
v 0.300256 -2.027132 1.900805
v -0.300256 -2.021254 1.898775
v 0.300256 -2.021254 1.898775
v -0.300256 -2.015490 1.896774
v 0.300256 -2.015490 1.896774
v -0.300256 -2.009875 1.894823
v 0.300256 -2.009875 1.894823
v -0.300256 -2.004409 1.892921
v 0.300256 -2.004409 1.892921
v -0.300256 -1.999092 1.891070
v 0.300256 -1.999092 1.891070
v -0.300256 -1.993924 1.889267
v 0.300256 -1.993924 1.889267
v -0.300256 -1.988905 1.887515
v 0.300256 -1.988905 1.887515
v -0.300256 -1.984035 1.885812
v 0.300256 -1.984035 1.885812
v -0.300256 -1.979314 1.884159
v 0.300256 -1.979314 1.884159
v -0.300256 -1.974741 1.882555
v 0.300256 -1.974741 1.882555
v -0.300256 -1.970318 1.881002
v 0.300256 -1.970318 1.881002
v -0.300256 -1.966043 1.879497
v 0.300256 -1.966043 1.879497
v -0.300256 -1.961918 1.878043
v 0.300256 -1.961918 1.878043
v -0.300256 -1.304214 1.624970
v 0.300256 -1.304214 1.624970
v -0.300256 -1.304214 1.437667
v 0.300256 -1.304214 1.437667
v -0.300256 -2.345102 1.437667
v 0.300256 -2.345102 1.437667
v -0.300256 -2.345102 1.567778
v 0.300256 -2.345102 1.567778
v -0.300256 -1.750309 1.567778
v 0.300256 -1.750309 1.567778
v -0.300256 -1.744773 1.567773
v 0.300256 -1.744773 1.567773
v -0.300256 -1.739129 1.567758
v 0.300256 -1.739129 1.567758
v -0.300256 -1.733375 1.567733
v 0.300256 -1.733375 1.567733
v -0.300256 -1.727512 1.567698
v 0.300256 -1.727512 1.567698
v -0.300256 -1.721539 1.567654
v 0.300256 -1.721539 1.567654
v -0.300256 -1.715458 1.567599
v 0.300256 -1.715458 1.567599
v -0.300256 -1.709267 1.567535
v 0.300256 -1.709267 1.567535
v -0.300256 -1.702967 1.567460
v 0.300256 -1.702967 1.567460
v -0.300256 -1.696558 1.567376
v 0.300256 -1.696558 1.567376
v -0.300256 -1.690039 1.567281
v 0.300256 -1.690039 1.567281
v -0.300256 -1.683411 1.567177
v 0.300256 -1.683411 1.567177
v -0.300256 -1.676674 1.567063
v 0.300256 -1.676674 1.567063
v -0.300256 -1.669853 1.566944
v 0.300256 -1.669853 1.566944
v -0.300256 -1.662972 1.566825
v 0.300256 -1.662972 1.566825
v -0.300256 -1.656032 1.566706
v 0.300256 -1.656032 1.566706
v -0.300256 -1.649032 1.566586
v 0.300256 -1.649032 1.566586
v -0.300256 -1.641972 1.566467
v 0.300256 -1.641972 1.566467
v -0.300256 -1.634853 1.566348
v 0.300256 -1.634853 1.566348
v -0.300256 -1.627674 1.566229
v 0.300256 -1.627674 1.566229
v -0.300256 -1.620436 1.566110
v 0.300256 -1.620436 1.566110
v -0.300256 -1.613138 1.565991
v 0.300256 -1.613138 1.565991
v -0.300256 -1.605780 1.565872
v 0.300256 -1.605780 1.565872
v -0.300256 -1.598363 1.565753
v 0.300256 -1.598363 1.565753
v -0.300256 -1.590887 1.565633
v 0.300256 -1.590887 1.565633
v -0.300256 -1.583376 1.565509
v 0.300256 -1.583376 1.565509
v -0.300256 -1.575854 1.565375
v 0.300256 -1.575854 1.565375
v -0.300256 -1.568323 1.565231
v 0.300256 -1.568323 1.565231
v -0.300256 -1.560782 1.565077
v 0.300256 -1.560782 1.565077
v -0.300256 -1.553231 1.564914
v 0.300256 -1.553231 1.564914
v -0.300256 -1.545670 1.564740
v 0.300256 -1.545670 1.564740
v -0.300256 -1.538099 1.564556
v 0.300256 -1.538099 1.564556
v -0.300256 -1.530518 1.564363
v 0.300256 -1.530518 1.564363
v -0.300256 -1.522927 1.564159
v 0.300256 -1.522927 1.564159
v -0.300256 -1.515326 1.563946
v 0.300256 -1.515326 1.563946
v -0.300256 -1.507716 1.563722
v 0.300256 -1.507716 1.563722
v -0.300256 -1.500095 1.563489
v 0.300256 -1.500095 1.563489
v -0.300256 -1.492480 1.563260
v 0.300256 -1.492480 1.563260
v -0.300256 -1.484884 1.563052
v 0.300256 -1.484884 1.563052
v -0.300256 -1.477308 1.562863
v 0.300256 -1.477308 1.562863
v -0.300256 -1.469752 1.562694
v 0.300256 -1.469752 1.562694
v -0.300256 -1.462216 1.562545
v 0.300256 -1.462216 1.562545
v -0.300256 -1.454699 1.562416
v 0.300256 -1.454699 1.562416
v -0.300256 -1.447203 1.562307
v 0.300256 -1.447203 1.562307
v -0.300256 -1.439726 1.562217
v 0.300256 -1.439726 1.562217
v -0.300256 -1.432270 1.562148
v 0.300256 -1.432270 1.562148
v -0.300256 -1.424833 1.562098
v 0.300256 -1.424833 1.562098
v -0.300256 -1.417416 1.562068
v 0.300256 -1.417416 1.562068
v -0.300256 -1.410018 1.562059
v 0.300256 -1.410018 1.562059
v -0.300256 -1.410018 1.550621
v 0.300256 -1.410018 1.550621
v -0.300256 -1.418126 1.553018
v 0.300256 -1.418126 1.553018
v -0.300256 -1.426243 1.555446
v 0.300256 -1.426243 1.555446
v -0.300256 -1.434370 1.557904
v 0.300256 -1.434370 1.557904
v -0.300256 -1.442507 1.560391
v 0.300256 -1.442507 1.560391
v -0.300256 -1.450653 1.562908
v 0.300256 -1.450653 1.562908
v -0.300256 -1.458810 1.565454
v 0.300256 -1.458810 1.565454
v -0.300256 -1.466977 1.568031
v 0.300256 -1.466977 1.568031
v -0.300256 -1.475153 1.570637
v 0.300256 -1.475153 1.570637
v -0.300256 -1.483340 1.573274
v 0.300256 -1.483340 1.573274
v -0.300256 -1.491536 1.575940
v 0.300256 -1.491536 1.575940
v -0.300256 -1.499743 1.578635
v 0.300256 -1.499743 1.578635
v -0.300256 -1.507959 1.581361
v 0.300256 -1.507959 1.581361
v -0.300256 -1.516156 1.584096
v 0.300256 -1.516156 1.584096
v -0.300256 -1.524302 1.586822
v 0.300256 -1.524302 1.586822
v -0.300256 -1.532400 1.589538
v 0.300256 -1.532400 1.589538
v -0.300256 -1.540447 1.592243
v 0.300256 -1.540447 1.592243
v -0.300256 -1.548445 1.594939
v 0.300256 -1.548445 1.594939
v -0.300256 -1.556393 1.597625
v 0.300256 -1.556393 1.597625
v -0.300256 -1.564292 1.600301
v 0.300256 -1.564292 1.600301
v -0.300256 -1.572141 1.602967
v 0.300256 -1.572141 1.602967
v -0.300256 -1.579940 1.605623
v 0.300256 -1.579940 1.605623
v -0.300256 -1.587690 1.608269
v 0.300256 -1.587690 1.608269
v -0.300256 -1.595390 1.610905
v 0.300256 -1.595390 1.610905
v -0.300256 -1.603040 1.613531
v 0.300256 -1.603040 1.613531
v -0.300256 -1.610611 1.616138
v 0.300256 -1.610611 1.616138
v -0.300256 -1.618073 1.618714
v 0.300256 -1.618073 1.618714
v -0.300256 -1.625425 1.621261
v 0.300256 -1.625425 1.621261
v -0.300256 -1.632669 1.623778
v 0.300256 -1.632669 1.623778
v -0.300256 -1.639803 1.626265
v 0.300256 -1.639803 1.626265
v -0.300256 -1.646828 1.628723
v 0.300256 -1.646828 1.628723
v -0.300256 -1.653743 1.631150
v 0.300256 -1.653743 1.631150
v -0.300256 -1.660550 1.633548
v 0.300256 -1.660550 1.633548
v -0.300256 -1.667247 1.635916
v 0.300256 -1.667247 1.635916
v -0.300256 -1.673835 1.638255
v 0.300256 -1.673835 1.638255
v -0.300256 -1.680314 1.640563
v 0.300256 -1.680314 1.640563
v -0.300256 -1.686683 1.642842
v 0.300256 -1.686683 1.642842
v -0.300256 -1.692914 1.645081
v 0.300256 -1.692914 1.645081
v -0.300256 -1.698975 1.647270
v 0.300256 -1.698975 1.647270
v -0.300256 -1.704868 1.649410
v 0.300256 -1.704868 1.649410
v -0.300256 -1.710592 1.651500
v 0.300256 -1.710592 1.651500
v -0.300256 -1.716148 1.653541
v 0.300256 -1.716148 1.653541
v -0.300256 -1.721534 1.655531
v 0.300256 -1.721534 1.655531
v -0.300256 -1.726752 1.657472
v 0.300256 -1.726752 1.657472
v -0.300256 -1.731801 1.659364
v 0.300256 -1.731801 1.659364
v -0.300256 -1.736681 1.661206
v 0.300256 -1.736681 1.661206
v -0.300256 -1.741392 1.662998
v 0.300256 -1.741392 1.662998
v -0.300256 -1.745935 1.664741
v 0.300256 -1.745935 1.664741
v -0.300256 -1.750309 1.666434
v 0.300256 -1.750309 1.666434
v -0.300256 -2.345102 1.899489
v 0.300256 -2.345102 1.899489
v -0.300256 -2.345102 2.013873
v 0.300256 -2.345102 2.013873
v -0.300256 -1.750309 2.249788
v 0.300256 -1.750309 2.249788
v -0.300256 -1.746168 2.251481
v 0.300256 -1.746168 2.251481
v -0.300256 -1.741849 2.253224
v 0.300256 -1.741849 2.253224
v -0.300256 -1.737351 2.255016
v 0.300256 -1.737351 2.255016
v -0.300256 -1.732675 2.256858
v 0.300256 -1.732675 2.256858
v -0.300256 -1.727819 2.258749
v 0.300256 -1.727819 2.258749
v -0.300256 -1.722785 2.260690
v 0.300256 -1.722785 2.260690
v -0.300256 -1.717573 2.262681
v 0.300256 -1.717573 2.262681
v -0.300256 -1.712181 2.264722
v 0.300256 -1.712181 2.264722
v -0.300256 -1.706611 2.266812
v 0.300256 -1.706611 2.266812
v -0.300256 -1.700862 2.268951
v 0.300256 -1.700862 2.268951
v -0.300256 -1.694934 2.271141
v 0.300256 -1.694934 2.271141
v -0.300256 -1.688828 2.273380
v 0.300256 -1.688828 2.273380
v -0.300256 -1.682577 2.275659
v 0.300256 -1.682577 2.275658
v -0.300256 -1.676218 2.277967
v 0.300256 -1.676218 2.277967
v -0.300256 -1.669749 2.280305
v 0.300256 -1.669749 2.280305
v -0.300256 -1.663171 2.282673
v 0.300256 -1.663171 2.282673
v -0.300256 -1.656484 2.285071
v 0.300256 -1.656484 2.285071
v -0.300256 -1.649687 2.287499
v 0.300256 -1.649687 2.287499
v -0.300256 -1.642782 2.289956
v 0.300256 -1.642782 2.289956
v -0.300256 -1.635767 2.292444
v 0.300256 -1.635767 2.292444
v -0.300256 -1.628643 2.294961
v 0.300256 -1.628643 2.294960
v -0.300256 -1.621409 2.297508
v 0.300256 -1.621409 2.297508
v -0.300256 -1.614067 2.300084
v 0.300256 -1.614067 2.300084
v -0.300256 -1.606615 2.302691
v 0.300256 -1.606615 2.302691
v -0.300256 -1.599074 2.305317
v 0.300256 -1.599074 2.305317
v -0.300256 -1.591463 2.307953
v 0.300256 -1.591463 2.307953
v -0.300256 -1.583783 2.310599
v 0.300256 -1.583783 2.310599
v -0.300256 -1.576033 2.313255
v 0.300256 -1.576033 2.313255
v -0.300256 -1.568214 2.315921
v 0.300256 -1.568214 2.315921
v -0.300256 -1.560325 2.318597
v 0.300256 -1.560325 2.318597
v -0.300256 -1.552367 2.321283
v 0.300256 -1.552367 2.321283
v -0.300256 -1.544340 2.323978
v 0.300256 -1.544340 2.323978
v -0.300256 -1.536242 2.326684
v 0.300256 -1.536242 2.326684
v -0.300256 -1.528076 2.329400
v 0.300256 -1.528076 2.329400
v -0.300256 -1.519839 2.332125
v 0.300256 -1.519839 2.332125
v -0.300256 -1.511534 2.334861
v 0.300256 -1.511534 2.334861
v -0.300256 -1.503183 2.337616
v 0.300256 -1.503183 2.337616
v -0.300256 -1.494813 2.340401
v 0.300256 -1.494813 2.340401
v -0.300256 -1.486423 2.343216
v 0.300256 -1.486423 2.343216
v -0.300256 -1.478013 2.346061
v 0.300256 -1.478013 2.346061
v -0.300256 -1.469583 2.348935
v 0.300256 -1.469583 2.348935
v -0.300256 -1.461133 2.351840
v 0.300256 -1.461133 2.351840
v -0.300256 -1.452664 2.354774
v 0.300256 -1.452664 2.354774
v -0.300256 -1.444175 2.357738
v 0.300256 -1.444175 2.357737
v -0.300256 -1.435665 2.360731
v 0.300256 -1.435665 2.360731
v -0.300256 -1.427136 2.363755
v 0.300256 -1.427136 2.363755
v -0.300256 -1.418587 2.366808
v 0.300256 -1.418587 2.366808
v -0.300256 -1.410019 2.369891
v 0.300256 -1.410019 2.369891
v -0.300256 -1.410019 2.355593
v 0.300256 -1.410019 2.355593
v -0.300256 -1.416726 2.355360
v 0.300256 -1.416726 2.355359
v -0.300256 -1.423502 2.355136
v 0.300256 -1.423502 2.355136
v -0.300256 -1.430348 2.354923
v 0.300256 -1.430348 2.354923
v -0.300256 -1.437264 2.354719
v 0.300256 -1.437264 2.354719
v -0.300256 -1.444249 2.354525
v 0.300256 -1.444249 2.354525
v -0.300256 -1.451304 2.354342
v 0.300256 -1.451304 2.354342
v -0.300256 -1.458428 2.354168
v 0.300256 -1.458428 2.354168
v -0.300256 -1.465622 2.354004
v 0.300256 -1.465622 2.354004
v -0.300256 -1.472885 2.353850
v 0.300256 -1.472885 2.353850
v -0.300256 -1.480217 2.353706
v 0.300256 -1.480217 2.353706
v -0.300256 -1.487620 2.353572
v 0.300256 -1.487620 2.353572
v -0.300256 -1.495091 2.353448
v 0.300256 -1.495091 2.353448
v -0.300256 -1.502598 2.353329
v 0.300256 -1.502598 2.353329
v -0.300256 -1.510104 2.353210
v 0.300256 -1.510104 2.353210
v -0.300256 -1.517610 2.353091
v 0.300256 -1.517610 2.353091
v -0.300256 -1.525117 2.352972
v 0.300256 -1.525117 2.352972
v -0.300256 -1.532623 2.352852
v 0.300256 -1.532623 2.352852
v -0.300256 -1.540129 2.352733
v 0.300256 -1.540129 2.352733
v -0.300256 -1.547636 2.352614
v 0.300256 -1.547636 2.352614
v -0.300256 -1.555142 2.352495
v 0.300256 -1.555142 2.352495
v -0.300256 -1.562649 2.352376
v 0.300256 -1.562649 2.352376
v -0.300256 -1.570155 2.352257
v 0.300256 -1.570155 2.352257
v -0.300256 -1.577661 2.352138
v 0.300256 -1.577661 2.352137
v -0.300256 -1.585168 2.352018
v 0.300256 -1.585168 2.352018
v -0.300256 -1.592659 2.351899
v 0.300256 -1.592659 2.351899
v -0.300256 -1.600121 2.351780
v 0.300256 -1.600121 2.351780
v -0.300256 -1.607553 2.351661
v 0.300256 -1.607553 2.351661
v -0.300256 -1.614955 2.351542
v 0.300256 -1.614955 2.351542
v -0.300256 -1.622328 2.351423
v 0.300256 -1.622328 2.351423
v -0.300256 -1.629670 2.351303
v 0.300256 -1.629670 2.351303
v -0.300256 -1.636983 2.351184
v 0.300256 -1.636983 2.351184
v -0.300256 -1.644266 2.351065
v 0.300256 -1.644266 2.351065
v -0.300256 -1.651519 2.350946
v 0.300256 -1.651519 2.350946
v -0.300256 -1.658743 2.350827
v 0.300256 -1.658743 2.350827
v -0.300256 -1.665936 2.350708
v 0.300256 -1.665936 2.350708
v -0.300256 -1.673100 2.350589
v 0.300256 -1.673100 2.350588
v -0.300256 -1.680189 2.350474
v 0.300256 -1.680189 2.350474
v -0.300256 -1.687160 2.350370
v 0.300256 -1.687160 2.350370
v -0.300256 -1.694011 2.350276
v 0.300256 -1.694011 2.350276
v -0.300256 -1.700743 2.350191
v 0.300256 -1.700743 2.350191
v -0.300256 -1.707355 2.350117
v 0.300256 -1.707355 2.350117
v -0.300256 -1.713849 2.350052
v 0.300256 -1.713849 2.350052
v -0.300256 -1.720224 2.349998
v 0.300256 -1.720224 2.349998
v -0.300256 -1.726479 2.349953
v 0.300256 -1.726479 2.349953
v -0.300256 -1.732615 2.349918
v 0.300256 -1.732615 2.349918
v -0.300256 -1.738632 2.349894
v 0.300256 -1.738632 2.349894
v -0.300256 -1.744530 2.349879
v 0.300256 -1.744530 2.349879
v -0.300256 -1.750309 2.349874
v 0.300256 -1.750309 2.349874
v -0.300256 -2.345102 0.546907
v 0.300256 -2.345102 0.546907
v -0.300256 -2.345102 1.191743
v 0.300256 -2.345102 1.191743
v -0.300256 -1.304214 1.191743
v 0.300256 -1.304214 1.191743
v -0.300256 -1.304214 0.552626
v 0.300256 -1.304214 0.552626
v -0.300256 -1.421457 0.552626
v 0.300256 -1.421457 0.552626
v -0.300256 -1.421457 1.060202
v 0.300256 -1.421457 1.060202
v -0.300256 -1.760317 1.060202
v 0.300256 -1.760317 1.060202
v -0.300256 -1.760317 0.588371
v 0.300256 -1.760317 0.588371
v -0.300256 -1.877560 0.588371
v 0.300256 -1.877560 0.588371
v -0.300256 -1.877560 1.060202
v 0.300256 -1.877560 1.060202
v -0.300256 -2.227859 1.060202
v 0.300256 -2.227859 1.060202
v -0.300256 -2.227859 0.546907
v 0.300256 -2.227859 0.546907
v -0.300256 -2.335808 -0.236618
v 0.300256 -2.335808 -0.236618
v -0.300256 -2.339576 -0.224872
v 0.300256 -2.339576 -0.224872
v -0.300256 -2.343016 -0.212987
v 0.300256 -2.343016 -0.212987
v -0.300256 -2.346129 -0.200963
v 0.300256 -2.346129 -0.200963
v -0.300256 -2.348914 -0.188800
v 0.300256 -2.348914 -0.188800
v -0.300256 -2.351372 -0.176497
v 0.300256 -2.351372 -0.176497
v -0.300256 -2.353502 -0.164056
v 0.300256 -2.353502 -0.164056
v -0.300256 -2.355304 -0.151476
v 0.300256 -2.355304 -0.151476
v -0.300256 -2.356778 -0.138757
v 0.300256 -2.356778 -0.138757
v -0.300256 -2.357925 -0.125899
v 0.300256 -2.357925 -0.125899
v -0.300256 -2.358744 -0.112901
v 0.300256 -2.358744 -0.112901
v -0.300256 -2.359236 -0.099765
v 0.300256 -2.359236 -0.099765
v -0.300256 -2.359400 -0.086490
v 0.300256 -2.359400 -0.086490
v -0.300256 -2.358948 -0.064299
v 0.300256 -2.358948 -0.064299
v -0.300256 -2.357592 -0.042524
v 0.300256 -2.357592 -0.042524
v -0.300256 -2.355334 -0.021167
v 0.300256 -2.355334 -0.021167
v -0.300256 -2.352171 -0.000226
v 0.300256 -2.352171 -0.000226
v -0.300256 -2.348105 0.020297
v 0.300256 -2.348105 0.020297
v -0.300256 -2.343136 0.040404
v 0.300256 -2.343136 0.040404
v -0.300256 -2.337263 0.060093
v 0.300256 -2.337263 0.060093
v -0.300256 -2.330486 0.079365
v 0.300256 -2.330486 0.079365
v -0.300256 -2.322806 0.098221
v 0.300256 -2.322806 0.098221
v -0.300256 -2.314222 0.116659
v 0.300256 -2.314222 0.116659
v -0.300256 -2.304735 0.134680
v 0.300256 -2.304735 0.134680
v -0.300256 -2.294344 0.152285
v 0.300256 -2.294344 0.152285
v -0.300256 -2.283119 0.169373
v 0.300256 -2.283119 0.169373
v -0.300256 -2.271130 0.185845
v 0.300256 -2.271130 0.185845
v -0.300256 -2.258376 0.201702
v 0.300256 -2.258376 0.201702
v -0.300256 -2.244857 0.216943
v 0.300256 -2.244857 0.216943
v -0.300256 -2.230574 0.231569
v 0.300256 -2.230574 0.231569
v -0.300256 -2.215527 0.245579
v 0.300256 -2.215527 0.245579
v -0.300256 -2.199715 0.258973
v 0.300256 -2.199715 0.258973
v -0.300256 -2.183138 0.271752
v 0.300256 -2.183138 0.271752
v -0.300256 -2.165797 0.283915
v 0.300256 -2.165797 0.283915
v -0.300256 -2.147691 0.295463
v 0.300256 -2.147691 0.295463
v -0.300256 -2.128821 0.306395
v 0.300256 -2.128821 0.306395
v -0.300256 -2.109186 0.316711
v 0.300256 -2.109186 0.316711
v -0.300256 -2.088871 0.326302
v 0.300256 -2.088871 0.326302
v -0.300256 -2.067961 0.335060
v 0.300256 -2.067961 0.335060
v -0.300256 -2.046454 0.342983
v 0.300256 -2.046454 0.342983
v -0.300256 -2.024352 0.350073
v 0.300256 -2.024352 0.350073
v -0.300256 -2.001654 0.356328
v 0.300256 -2.001654 0.356328
v -0.300256 -1.978360 0.361749
v 0.300256 -1.978360 0.361749
v -0.300256 -1.954471 0.366337
v 0.300256 -1.954471 0.366337
v -0.300256 -1.929986 0.370090
v 0.300256 -1.929986 0.370090
v -0.300256 -1.904905 0.373009
v 0.300256 -1.904905 0.373009
v -0.300256 -1.879228 0.375094
v 0.300256 -1.879228 0.375094
v -0.300256 -1.852956 0.376345
v 0.300256 -1.852956 0.376345
v -0.300256 -1.826088 0.376762
v 0.300256 -1.826088 0.376762
v -0.300256 -1.798768 0.376345
v 0.300256 -1.798768 0.376345
v -0.300256 -1.772093 0.375094
v 0.300256 -1.772093 0.375094
v -0.300256 -1.746064 0.373009
v 0.300256 -1.746064 0.373009
v -0.300256 -1.720680 0.370090
v 0.300256 -1.720680 0.370090
v -0.300256 -1.695942 0.366337
v 0.300256 -1.695942 0.366337
v -0.300256 -1.671849 0.361749
v 0.300256 -1.671849 0.361749
v -0.300256 -1.648401 0.356328
v 0.300256 -1.648401 0.356328
v -0.300256 -1.625599 0.350073
v 0.300256 -1.625599 0.350073
v -0.300256 -1.603442 0.342983
v 0.300256 -1.603442 0.342983
v -0.300256 -1.581931 0.335060
v 0.300256 -1.581931 0.335060
v -0.300256 -1.561065 0.326302
v 0.300256 -1.561065 0.326302
v -0.300256 -1.540844 0.316711
v 0.300256 -1.540844 0.316711
v -0.300256 -1.521324 0.306395
v 0.300256 -1.521324 0.306395
v -0.300256 -1.502558 0.295463
v 0.300256 -1.502558 0.295463
v -0.300256 -1.484546 0.283915
v 0.300256 -1.484546 0.283915
v -0.300256 -1.467289 0.271752
v 0.300256 -1.467289 0.271752
v -0.300256 -1.450787 0.258973
v 0.300256 -1.450787 0.258973
v -0.300256 -1.435040 0.245579
v 0.300256 -1.435040 0.245579
v -0.300256 -1.420047 0.231569
v 0.300256 -1.420047 0.231569
v -0.300256 -1.405808 0.216943
v 0.300256 -1.405808 0.216943
v -0.300256 -1.392325 0.201702
v 0.300256 -1.392325 0.201702
v -0.300256 -1.379596 0.185845
v 0.300256 -1.379596 0.185845
v -0.300256 -1.367621 0.169373
v 0.300256 -1.367621 0.169373
v -0.300256 -1.356401 0.152285
v 0.300256 -1.356401 0.152285
v -0.300256 -1.346010 0.134681
v 0.300256 -1.346010 0.134681
v -0.300256 -1.336523 0.116659
v 0.300256 -1.336523 0.116659
v -0.300256 -1.327939 0.098221
v 0.300256 -1.327939 0.098221
v -0.300256 -1.320259 0.079365
v 0.300256 -1.320259 0.079365
v -0.300256 -1.313483 0.060093
v 0.300256 -1.313483 0.060093
v -0.300256 -1.307610 0.040404
v 0.300256 -1.307610 0.040404
v -0.300256 -1.302640 0.020297
v 0.300256 -1.302640 0.020297
v -0.300256 -1.298574 -0.000226
v 0.300256 -1.298574 -0.000226
v -0.300256 -1.295412 -0.021167
v 0.300256 -1.295412 -0.021167
v -0.300256 -1.293153 -0.042524
v 0.300256 -1.293153 -0.042524
v -0.300256 -1.291798 -0.064298
v 0.300256 -1.291798 -0.064298
v -0.300256 -1.291346 -0.086490
v 0.300256 -1.291346 -0.086490
v -0.300256 -1.291505 -0.099765
v 0.300256 -1.291505 -0.099765
v -0.300256 -1.291981 -0.112901
v 0.300256 -1.291981 -0.112901
v -0.300256 -1.292775 -0.125899
v 0.300256 -1.292775 -0.125899
v -0.300256 -1.293887 -0.138757
v 0.300256 -1.293887 -0.138757
v -0.300256 -1.295317 -0.151476
v 0.300256 -1.295317 -0.151476
v -0.300256 -1.297065 -0.164056
v 0.300256 -1.297065 -0.164056
v -0.300256 -1.299130 -0.176497
v 0.300256 -1.299130 -0.176497
v -0.300256 -1.301513 -0.188800
v 0.300256 -1.301513 -0.188800
v -0.300256 -1.304214 -0.200963
v 0.300256 -1.304214 -0.200963
v -0.300256 -1.307232 -0.212987
v 0.300256 -1.307232 -0.212987
v -0.300256 -1.310568 -0.224872
v 0.300256 -1.310568 -0.224872
v -0.300256 -1.314222 -0.236618
v 0.300256 -1.314222 -0.236618
v -0.300256 -1.318184 -0.248195
v 0.300256 -1.318184 -0.248195
v -0.300256 -1.322444 -0.259574
v 0.300256 -1.322444 -0.259574
v -0.300256 -1.327001 -0.270754
v 0.300256 -1.327001 -0.270754
v -0.300256 -1.331856 -0.281736
v 0.300256 -1.331856 -0.281736
v -0.300256 -1.337010 -0.292519
v 0.300256 -1.337010 -0.292519
v -0.300256 -1.342461 -0.303104
v 0.300256 -1.342461 -0.303104
v -0.300256 -1.348210 -0.313490
v 0.300256 -1.348210 -0.313490
v -0.300256 -1.354257 -0.323677
v 0.300256 -1.354257 -0.323677
v -0.300256 -1.360601 -0.333665
v 0.300256 -1.360601 -0.333665
v -0.300256 -1.367244 -0.343456
v 0.300256 -1.367244 -0.343456
v -0.300256 -1.374184 -0.353047
v 0.300256 -1.374184 -0.353047
v -0.300256 -1.381423 -0.362440
v 0.300256 -1.381423 -0.362440
v -0.300256 -1.388944 -0.371609
v 0.300256 -1.388944 -0.371609
v -0.300256 -1.396733 -0.380531
v 0.300256 -1.396733 -0.380531
v -0.300256 -1.404791 -0.389204
v 0.300256 -1.404791 -0.389204
v -0.300256 -1.413116 -0.397629
v 0.300256 -1.413116 -0.397629
v -0.300256 -1.421710 -0.405805
v 0.300256 -1.421710 -0.405805
v -0.300256 -1.430572 -0.413734
v 0.300256 -1.430572 -0.413734
v -0.300256 -1.439701 -0.421414
v 0.300256 -1.439701 -0.421414
v -0.300256 -1.449099 -0.428846
v 0.300256 -1.449099 -0.428846
v -0.300256 -1.458765 -0.436030
v 0.300256 -1.458765 -0.436030
v -0.300256 -1.468699 -0.442965
v 0.300256 -1.468699 -0.442965
v -0.300256 -1.478902 -0.449652
v 0.300256 -1.478902 -0.449652
v -0.300256 -1.489372 -0.456091
v 0.300256 -1.489372 -0.456091
v -0.300256 -1.500090 -0.462232
v 0.300256 -1.500090 -0.462232
v -0.300256 -1.511037 -0.468026
v 0.300256 -1.511037 -0.468026
v -0.300256 -1.522212 -0.473472
v 0.300256 -1.522212 -0.473472
v -0.300256 -1.533616 -0.478571
v 0.300256 -1.533616 -0.478571
v -0.300256 -1.545248 -0.483322
v 0.300256 -1.545248 -0.483322
v -0.300256 -1.557108 -0.487725
v 0.300256 -1.557108 -0.487725
v -0.300256 -1.569197 -0.491781
v 0.300256 -1.569197 -0.491781
v -0.300256 -1.581514 -0.495490
v 0.300256 -1.581514 -0.495490
v -0.300256 -1.594059 -0.498851
v 0.300256 -1.594059 -0.498851
v -0.300256 -1.606833 -0.501864
v 0.300256 -1.606833 -0.501864
v -0.300256 -1.619835 -0.504530
v 0.300256 -1.619835 -0.504530
v -0.300256 -1.633066 -0.506849
v 0.300256 -1.633066 -0.506849
v -0.300256 -1.633066 -0.375308
v 0.300256 -1.633066 -0.375308
v -0.300256 -1.624105 -0.373292
v 0.300256 -1.624105 -0.373292
v -0.300256 -1.615332 -0.371058
v 0.300256 -1.615332 -0.371058
v -0.300256 -1.606749 -0.368606
v 0.300256 -1.606749 -0.368606
v -0.300256 -1.598354 -0.365935
v 0.300256 -1.598354 -0.365935
v -0.300256 -1.590147 -0.363046
v 0.300256 -1.590147 -0.363046
v -0.300256 -1.582129 -0.359938
v 0.300256 -1.582129 -0.359938
v -0.300256 -1.574300 -0.356611
v 0.300256 -1.574300 -0.356611
v -0.300256 -1.566660 -0.353067
v 0.300256 -1.566660 -0.353067
v -0.300256 -1.559208 -0.349304
v 0.300256 -1.559208 -0.349304
v -0.300256 -1.551945 -0.345322
v 0.300256 -1.551945 -0.345322
v -0.300256 -1.544870 -0.341122
v 0.300256 -1.544870 -0.341122
v -0.300256 -1.537985 -0.336704
v 0.300256 -1.537985 -0.336704
v -0.300256 -1.531282 -0.332096
v 0.300256 -1.531282 -0.332096
v -0.300256 -1.524759 -0.327330
v 0.300256 -1.524759 -0.327330
v -0.300256 -1.518414 -0.322406
v 0.300256 -1.518414 -0.322406
v -0.300256 -1.512248 -0.317322
v 0.300256 -1.512248 -0.317322
v -0.300256 -1.506261 -0.312079
v 0.300256 -1.506261 -0.312079
v -0.300256 -1.500453 -0.306678
v 0.300256 -1.500453 -0.306678
v -0.300256 -1.494823 -0.301118
v 0.300256 -1.494823 -0.301118
v -0.300256 -1.489372 -0.295399
v 0.300256 -1.489372 -0.295399
v -0.300256 -1.484099 -0.289521
v 0.300256 -1.484099 -0.289521
v -0.300256 -1.479006 -0.283484
v 0.300256 -1.479006 -0.283484
v -0.300256 -1.474091 -0.277288
v 0.300256 -1.474091 -0.277288
v -0.300256 -1.469355 -0.270933
v 0.300256 -1.469355 -0.270933
v -0.300256 -1.464802 -0.264440
v 0.300256 -1.464802 -0.264440
v -0.300256 -1.460438 -0.257827
v 0.300256 -1.460438 -0.257827
v -0.300256 -1.456263 -0.251095
v 0.300256 -1.456263 -0.251095
v -0.300256 -1.452277 -0.244244
v 0.300256 -1.452277 -0.244244
v -0.300256 -1.448479 -0.237274
v 0.300256 -1.448479 -0.237274
v -0.300256 -1.444870 -0.230184
v 0.300256 -1.444870 -0.230184
v -0.300256 -1.441449 -0.222976
v 0.300256 -1.441449 -0.222976
v -0.300256 -1.438217 -0.215648
v 0.300256 -1.438217 -0.215648
v -0.300256 -1.435174 -0.208201
v 0.300256 -1.435174 -0.208201
v -0.300256 -1.432319 -0.200635
v 0.300256 -1.432319 -0.200635
v -0.300256 -1.429653 -0.192950
v 0.300256 -1.429653 -0.192950
v -0.300256 -1.427176 -0.185146
v 0.300256 -1.427176 -0.185146
v -0.300256 -1.424892 -0.177252
v 0.300256 -1.424892 -0.177252
v -0.300256 -1.422807 -0.169299
v 0.300256 -1.422807 -0.169299
v -0.300256 -1.420920 -0.161286
v 0.300256 -1.420920 -0.161286
v -0.300256 -1.419233 -0.153214
v 0.300256 -1.419233 -0.153214
v -0.300256 -1.417743 -0.145082
v 0.300256 -1.417743 -0.145082
v -0.300256 -1.416452 -0.136890
v 0.300256 -1.416452 -0.136890
v -0.300256 -1.415360 -0.128639
v 0.300256 -1.415360 -0.128639
v -0.300256 -1.414467 -0.120328
v 0.300256 -1.414467 -0.120328
v -0.300256 -1.413772 -0.111958
v 0.300256 -1.413772 -0.111958
v -0.300256 -1.413275 -0.103528
v 0.300256 -1.413275 -0.103528
v -0.300256 -1.412977 -0.095039
v 0.300256 -1.412977 -0.095039
v -0.300256 -1.412878 -0.086490
v 0.300256 -1.412878 -0.086490
v -0.300256 -1.413216 -0.070663
v 0.300256 -1.413216 -0.070663
v -0.300256 -1.414228 -0.055114
v 0.300256 -1.414228 -0.055114
v -0.300256 -1.415916 -0.039843
v 0.300256 -1.415916 -0.039843
v -0.300256 -1.418279 -0.024850
v 0.300256 -1.418279 -0.024850
v -0.300256 -1.421318 -0.010135
v 0.300256 -1.421318 -0.010135
v -0.300256 -1.425031 0.004302
v 0.300256 -1.425031 0.004302
v -0.300256 -1.429420 0.018461
v 0.300256 -1.429420 0.018461
v -0.300256 -1.434484 0.032341
v 0.300256 -1.434484 0.032341
v -0.300256 -1.440223 0.045944
v 0.300256 -1.440223 0.045944
v -0.300256 -1.446637 0.059269
v 0.300256 -1.446637 0.059269
v -0.300256 -1.453726 0.072316
v 0.300256 -1.453726 0.072316
v -0.300256 -1.461491 0.085085
v 0.300256 -1.461491 0.085085
v -0.300256 -1.469891 0.097491
v 0.300256 -1.469891 0.097491
v -0.300256 -1.478887 0.109451
v 0.300256 -1.478887 0.109451
v -0.300256 -1.488478 0.120964
v 0.300256 -1.488478 0.120964
v -0.300256 -1.498665 0.132030
v 0.300256 -1.498665 0.132030
v -0.300256 -1.509448 0.142649
v 0.300256 -1.509448 0.142649
v -0.300256 -1.520827 0.152821
v 0.300256 -1.520827 0.152821
v -0.300256 -1.532802 0.162546
v 0.300256 -1.532802 0.162546
v -0.300256 -1.545372 0.171825
v 0.300256 -1.545372 0.171825
v -0.300256 -1.558538 0.180657
v 0.300256 -1.558538 0.180657
v -0.300256 -1.572300 0.189042
v 0.300256 -1.572300 0.189042
v -0.300256 -1.586657 0.196981
v 0.300256 -1.586657 0.196981
v -0.300256 -1.601610 0.204472
v 0.300256 -1.601610 0.204472
v -0.300256 -1.617149 0.211437
v 0.300256 -1.617149 0.211437
v -0.300256 -1.633264 0.217797
v 0.300256 -1.633264 0.217797
v -0.300256 -1.649955 0.223551
v 0.300256 -1.649955 0.223551
v -0.300256 -1.667222 0.228699
v 0.300256 -1.667222 0.228699
v -0.300256 -1.685064 0.233242
v 0.300256 -1.685064 0.233242
v -0.300256 -1.703483 0.237179
v 0.300256 -1.703483 0.237179
v -0.300256 -1.722477 0.240510
v 0.300256 -1.722477 0.240510
v -0.300256 -1.742048 0.243235
v 0.300256 -1.742048 0.243235
v -0.300256 -1.762194 0.245355
v 0.300256 -1.762194 0.245355
v -0.300256 -1.782916 0.246869
v 0.300256 -1.782916 0.246869
v -0.300256 -1.804214 0.247778
v 0.300256 -1.804214 0.247778
v -0.300256 -1.826088 0.248081
v 0.300256 -1.826088 0.248081
v -0.300256 -1.847733 0.247773
v 0.300256 -1.847733 0.247773
v -0.300256 -1.868822 0.246850
v 0.300256 -1.868822 0.246850
v -0.300256 -1.889356 0.245311
v 0.300256 -1.889356 0.245311
v -0.300256 -1.909333 0.243156
v 0.300256 -1.909333 0.243156
v -0.300256 -1.928754 0.240386
v 0.300256 -1.928754 0.240386
v -0.300256 -1.947620 0.237000
v 0.300256 -1.947620 0.237000
v -0.300256 -1.965929 0.232999
v 0.300256 -1.965929 0.232999
v -0.300256 -1.983682 0.228382
v 0.300256 -1.983682 0.228382
v -0.300256 -2.000880 0.223149
v 0.300256 -2.000880 0.223149
v -0.300256 -2.017521 0.217301
v 0.300256 -2.017521 0.217301
v -0.300256 -2.033606 0.210837
v 0.300256 -2.033606 0.210837
v -0.300256 -2.049135 0.203757
v 0.300256 -2.049135 0.203757
v -0.300256 -2.064083 0.196151
v 0.300256 -2.064083 0.196151
v -0.300256 -2.078426 0.188109
v 0.300256 -2.078426 0.188109
v -0.300256 -2.092163 0.179630
v 0.300256 -2.092163 0.179630
v -0.300256 -2.105294 0.170713
v 0.300256 -2.105294 0.170713
v -0.300256 -2.117820 0.161360
v 0.300256 -2.117820 0.161360
v -0.300256 -2.129739 0.151570
v 0.300256 -2.129739 0.151570
v -0.300256 -2.141054 0.141343
v 0.300256 -2.141054 0.141343
v -0.300256 -2.151762 0.130679
v 0.300256 -2.151762 0.130679
v -0.300256 -2.161865 0.119578
v 0.300256 -2.161865 0.119578
v -0.300256 -2.171362 0.108041
v 0.300256 -2.171362 0.108041
v -0.300256 -2.180254 0.096066
v 0.300256 -2.180254 0.096066
v -0.300256 -2.188540 0.083655
v 0.300256 -2.188540 0.083655
v -0.300256 -2.196190 0.070896
v 0.300256 -2.196190 0.070896
v -0.300256 -2.203175 0.057879
v 0.300256 -2.203175 0.057879
v -0.300256 -2.209495 0.044604
v 0.300256 -2.209495 0.044604
v -0.300256 -2.215149 0.031070
v 0.300256 -2.215149 0.031070
v -0.300256 -2.220139 0.017279
v 0.300256 -2.220139 0.017279
v -0.300256 -2.224463 0.003229
v 0.300256 -2.224463 0.003229
v -0.300256 -2.228122 -0.011079
v 0.300256 -2.228122 -0.011079
v -0.300256 -2.231116 -0.025645
v 0.300256 -2.231116 -0.025645
v -0.300256 -2.233444 -0.040469
v 0.300256 -2.233444 -0.040469
v -0.300256 -2.235107 -0.055551
v 0.300256 -2.235107 -0.055551
v -0.300256 -2.236105 -0.070892
v 0.300256 -2.236105 -0.070892
v -0.300256 -2.236438 -0.086490
v 0.300256 -2.236438 -0.086490
v -0.300256 -2.236338 -0.095039
v 0.300256 -2.236338 -0.095039
v -0.300256 -2.236040 -0.103528
v 0.300256 -2.236040 -0.103528
v -0.300256 -2.235544 -0.111958
v 0.300256 -2.235544 -0.111958
v -0.300256 -2.234849 -0.120328
v 0.300256 -2.234849 -0.120328
v -0.300256 -2.233955 -0.128639
v 0.300256 -2.233955 -0.128639
v -0.300256 -2.232863 -0.136890
v 0.300256 -2.232863 -0.136890
v -0.300256 -2.231572 -0.145082
v 0.300256 -2.231572 -0.145082
v -0.300256 -2.230083 -0.153214
v 0.300256 -2.230083 -0.153214
v -0.300256 -2.228395 -0.161286
v 0.300256 -2.228395 -0.161286
v -0.300256 -2.226508 -0.169299
v 0.300256 -2.226508 -0.169299
v -0.300256 -2.224423 -0.177252
v 0.300256 -2.224423 -0.177252
v -0.300256 -2.222140 -0.185146
v 0.300256 -2.222140 -0.185146
v -0.300256 -2.219662 -0.192950
v 0.300256 -2.219662 -0.192950
v -0.300256 -2.216996 -0.200635
v 0.300256 -2.216996 -0.200635
v -0.300256 -2.214142 -0.208201
v 0.300256 -2.214142 -0.208201
v -0.300256 -2.211098 -0.215648
v 0.300256 -2.211098 -0.215648
v -0.300256 -2.207866 -0.222976
v 0.300256 -2.207866 -0.222976
v -0.300256 -2.204446 -0.230184
v 0.300256 -2.204446 -0.230184
v -0.300256 -2.200837 -0.237274
v 0.300256 -2.200837 -0.237274
v -0.300256 -2.197039 -0.244244
v 0.300256 -2.197039 -0.244244
v -0.300256 -2.193052 -0.251095
v 0.300256 -2.193052 -0.251095
v -0.300256 -2.188877 -0.257827
v 0.300256 -2.188877 -0.257827
v -0.300256 -2.184513 -0.264440
v 0.300256 -2.184513 -0.264440
v -0.300256 -2.179961 -0.270933
v 0.300256 -2.179961 -0.270933
v -0.300256 -2.175225 -0.277287
v 0.300256 -2.175225 -0.277287
v -0.300256 -2.170310 -0.283483
v 0.300256 -2.170310 -0.283483
v -0.300256 -2.165216 -0.289520
v 0.300256 -2.165216 -0.289520
v -0.300256 -2.159944 -0.295398
v 0.300256 -2.159944 -0.295398
v -0.300256 -2.154493 -0.301117
v 0.300256 -2.154493 -0.301117
v -0.300256 -2.148863 -0.306677
v 0.300256 -2.148863 -0.306677
v -0.300256 -2.143054 -0.312079
v 0.300256 -2.143054 -0.312079
v -0.300256 -2.137067 -0.317321
v 0.300256 -2.137067 -0.317321
v -0.300256 -2.130901 -0.322405
v 0.300256 -2.130901 -0.322405
v -0.300256 -2.124556 -0.327330
v 0.300256 -2.124556 -0.327330
v -0.300256 -2.118033 -0.332096
v 0.300256 -2.118033 -0.332096
v -0.300256 -2.111331 -0.336704
v 0.300256 -2.111331 -0.336704
v -0.300256 -2.104455 -0.341122
v 0.300256 -2.104455 -0.341122
v -0.300256 -2.097410 -0.345322
v 0.300256 -2.097410 -0.345322
v -0.300256 -2.090197 -0.349304
v 0.300256 -2.090197 -0.349304
v -0.300256 -2.082814 -0.353067
v 0.300256 -2.082814 -0.353067
v -0.300256 -2.075263 -0.356611
v 0.300256 -2.075263 -0.356611
v -0.300256 -2.067544 -0.359938
v 0.300256 -2.067544 -0.359938
v -0.300256 -2.059655 -0.363046
v 0.300256 -2.059655 -0.363046
v -0.300256 -2.051597 -0.365935
v 0.300256 -2.051597 -0.365935
v -0.300256 -2.043371 -0.368606
v 0.300256 -2.043371 -0.368606
v -0.300256 -2.034976 -0.371058
v 0.300256 -2.034976 -0.371058
v -0.300256 -2.026412 -0.373292
v 0.300256 -2.026412 -0.373292
v -0.300256 -2.017679 -0.375308
v 0.300256 -2.017679 -0.375308
v -0.300256 -2.017679 -0.506849
v 0.300256 -2.017679 -0.506849
v -0.300256 -2.030682 -0.504535
v 0.300256 -2.030682 -0.504535
v -0.300256 -2.043475 -0.501884
v 0.300256 -2.043475 -0.501884
v -0.300256 -2.056060 -0.498896
v 0.300256 -2.056060 -0.498896
v -0.300256 -2.068437 -0.495569
v 0.300256 -2.068437 -0.495569
v -0.300256 -2.080605 -0.491905
v 0.300256 -2.080605 -0.491905
v -0.300256 -2.092565 -0.487904
v 0.300256 -2.092565 -0.487904
v -0.300256 -2.104316 -0.483565
v 0.300256 -2.104316 -0.483565
v -0.300256 -2.115858 -0.478888
v 0.300256 -2.115858 -0.478888
v -0.300256 -2.127192 -0.473874
v 0.300256 -2.127192 -0.473874
v -0.300256 -2.138318 -0.468522
v 0.300256 -2.138318 -0.468522
v -0.300256 -2.149235 -0.462833
v 0.300256 -2.149235 -0.462833
v -0.300256 -2.159944 -0.456806
v 0.300256 -2.159944 -0.456806
v -0.300256 -2.170414 -0.450476
v 0.300256 -2.170414 -0.450476
v -0.300256 -2.180616 -0.443878
v 0.300256 -2.180616 -0.443878
v -0.300256 -2.190550 -0.437013
v 0.300256 -2.190550 -0.437013
v -0.300256 -2.200216 -0.429878
v 0.300256 -2.200216 -0.429878
v -0.300256 -2.209614 -0.422477
v 0.300256 -2.209614 -0.422477
v -0.300256 -2.218744 -0.414806
v 0.300256 -2.218744 -0.414806
v -0.300256 -2.227606 -0.406868
v 0.300256 -2.227606 -0.406868
v -0.300256 -2.236199 -0.398661
v 0.300256 -2.236199 -0.398661
v -0.300256 -2.244525 -0.390187
v 0.300256 -2.244525 -0.390187
v -0.300256 -2.252582 -0.381444
v 0.300256 -2.252582 -0.381444
v -0.300256 -2.260372 -0.372434
v 0.300256 -2.260371 -0.372434
v -0.300256 -2.267893 -0.363155
v 0.300256 -2.267893 -0.363155
v -0.300256 -2.275136 -0.353648
v 0.300256 -2.275136 -0.353648
v -0.300256 -2.282092 -0.343952
v 0.300256 -2.282091 -0.343952
v -0.300256 -2.288759 -0.334067
v 0.300256 -2.288759 -0.334067
v -0.300256 -2.295138 -0.323994
v 0.300256 -2.295138 -0.323994
v -0.300256 -2.301230 -0.313733
v 0.300256 -2.301230 -0.313733
v -0.300256 -2.307034 -0.303282
v 0.300256 -2.307033 -0.303282
v -0.300256 -2.312549 -0.292643
v 0.300256 -2.312549 -0.292643
v -0.300256 -2.317777 -0.281816
v 0.300256 -2.317777 -0.281816
v -0.300256 -2.322716 -0.270799
v 0.300256 -2.322716 -0.270799
v -0.300256 -2.327368 -0.259594
v 0.300256 -2.327368 -0.259594
v -0.300256 -2.331732 -0.248200
v 0.300256 -2.331732 -0.248200
v -0.300256 -1.421457 -0.975820
v 0.300256 -1.421457 -0.975820
v -0.300256 -1.421457 -0.646968
v 0.300256 -1.421457 -0.646968
v -0.300256 -1.304214 -0.646968
v 0.300256 -1.304214 -0.646968
v -0.300256 -1.304214 -1.434783
v 0.300256 -1.304214 -1.434783
v -0.300256 -1.421457 -1.434783
v 0.300256 -1.421457 -1.434783
v -0.300256 -1.421457 -1.107361
v 0.300256 -1.421457 -1.107361
v -0.300256 -2.345102 -1.107361
v 0.300256 -2.345102 -1.107361
v -0.300256 -2.345102 -0.975820
v 0.300256 -2.345102 -0.975820
v -0.300256 -2.294344 -2.284079
v 0.300256 -2.294344 -2.284079
v -0.300256 -2.304735 -2.266475
v 0.300256 -2.304735 -2.266475
v -0.300256 -2.314222 -2.248453
v 0.300256 -2.314222 -2.248453
v -0.300256 -2.322806 -2.230015
v 0.300256 -2.322806 -2.230015
v -0.300256 -2.330486 -2.211160
v 0.300256 -2.330486 -2.211160
v -0.300256 -2.337262 -2.191887
v 0.300256 -2.337262 -2.191887
v -0.300256 -2.343135 -2.172198
v 0.300256 -2.343135 -2.172198
v -0.300256 -2.348105 -2.152092
v 0.300256 -2.348105 -2.152092
v -0.300256 -2.352171 -2.131568
v 0.300256 -2.352171 -2.131568
v -0.300256 -2.355333 -2.110628
v 0.300256 -2.355333 -2.110628
v -0.300256 -2.357592 -2.089270
v 0.300256 -2.357592 -2.089270
v -0.300256 -2.358948 -2.067496
v 0.300256 -2.358948 -2.067496
v -0.300256 -2.359399 -2.045304
v 0.300256 -2.359399 -2.045304
v -0.300256 -2.358948 -2.023112
v 0.300256 -2.358948 -2.023112
v -0.300256 -2.357592 -2.001338
v 0.300256 -2.357592 -2.001338
v -0.300256 -2.355333 -1.979980
v 0.300256 -2.355333 -1.979980
v -0.300256 -2.352171 -1.959040
v 0.300256 -2.352171 -1.959040
v -0.300256 -2.348105 -1.938516
v 0.300256 -2.348105 -1.938516
v -0.300256 -2.343136 -1.918410
v 0.300256 -2.343135 -1.918410
v -0.300256 -2.337262 -1.898721
v 0.300256 -2.337262 -1.898721
v -0.300256 -2.330486 -1.879448
v 0.300256 -2.330486 -1.879448
v -0.300256 -2.322806 -1.860593
v 0.300256 -2.322806 -1.860593
v -0.300256 -2.314222 -1.842155
v 0.300256 -2.314222 -1.842155
v -0.300256 -2.304735 -1.824133
v 0.300256 -2.304735 -1.824133
v -0.300256 -2.294344 -1.806529
v 0.300256 -2.294344 -1.806529
v -0.300256 -2.283119 -1.789441
v 0.300256 -2.283119 -1.789441
v -0.300256 -2.271130 -1.772968
v 0.300256 -2.271130 -1.772968
v -0.300256 -2.258376 -1.757112
v 0.300256 -2.258376 -1.757112
v -0.300256 -2.244857 -1.741870
v 0.300256 -2.244857 -1.741870
v -0.300256 -2.230574 -1.727245
v 0.300256 -2.230574 -1.727245
v -0.300256 -2.215527 -1.713235
v 0.300256 -2.215527 -1.713235
v -0.300256 -2.199715 -1.699841
v 0.300256 -2.199714 -1.699841
v -0.300256 -2.183138 -1.687061
v 0.300256 -2.183138 -1.687061
v -0.300256 -2.165797 -1.674898
v 0.300256 -2.165797 -1.674898
v -0.300256 -2.147691 -1.663351
v 0.300256 -2.147691 -1.663351
v -0.300256 -2.128821 -1.652419
v 0.300256 -2.128821 -1.652419
v -0.300256 -2.109186 -1.642103
v 0.300256 -2.109186 -1.642103
v -0.300256 -2.088871 -1.632511
v 0.300256 -2.088871 -1.632511
v -0.300256 -2.067960 -1.623754
v 0.300256 -2.067960 -1.623754
v -0.300256 -2.046454 -1.615830
v 0.300256 -2.046454 -1.615830
v -0.300256 -2.024352 -1.608741
v 0.300256 -2.024352 -1.608741
v -0.300256 -2.001654 -1.602486
v 0.300256 -2.001654 -1.602486
v -0.300256 -1.978360 -1.597064
v 0.300256 -1.978360 -1.597064
v -0.300256 -1.954471 -1.592477
v 0.300256 -1.954471 -1.592477
v -0.300256 -1.929986 -1.588724
v 0.300256 -1.929986 -1.588724
v -0.300256 -1.904904 -1.585805
v 0.300256 -1.904904 -1.585805
v -0.300256 -1.879228 -1.583720
v 0.300256 -1.879228 -1.583720
v -0.300256 -1.852955 -1.582469
v 0.300256 -1.852955 -1.582469
v -0.300256 -1.826087 -1.582052
v 0.300256 -1.826087 -1.582052
v -0.300256 -1.798767 -1.582469
v 0.300256 -1.798767 -1.582469
v -0.300256 -1.772093 -1.583720
v 0.300256 -1.772093 -1.583720
v -0.300256 -1.746064 -1.585805
v 0.300256 -1.746064 -1.585805
v -0.300256 -1.720680 -1.588724
v 0.300256 -1.720680 -1.588724
v -0.300256 -1.695942 -1.592477
v 0.300256 -1.695942 -1.592477
v -0.300256 -1.671849 -1.597064
v 0.300256 -1.671849 -1.597064
v -0.300256 -1.648401 -1.602486
v 0.300256 -1.648401 -1.602486
v -0.300256 -1.625599 -1.608741
v 0.300256 -1.625599 -1.608741
v -0.300256 -1.603442 -1.615830
v 0.300256 -1.603442 -1.615830
v -0.300256 -1.581931 -1.623754
v 0.300256 -1.581931 -1.623754
v -0.300256 -1.561064 -1.632511
v 0.300256 -1.561064 -1.632511
v -0.300256 -1.540844 -1.642103
v 0.300256 -1.540844 -1.642103
v -0.300256 -1.521323 -1.652419
v 0.300256 -1.521323 -1.652419
v -0.300256 -1.502558 -1.663351
v 0.300256 -1.502558 -1.663351
v -0.300256 -1.484546 -1.674899
v 0.300256 -1.484546 -1.674899
v -0.300256 -1.467289 -1.687062
v 0.300256 -1.467289 -1.687062
v -0.300256 -1.450787 -1.699841
v 0.300256 -1.450787 -1.699841
v -0.300256 -1.435040 -1.713235
v 0.300256 -1.435040 -1.713235
v -0.300256 -1.420047 -1.727245
v 0.300256 -1.420047 -1.727245
v -0.300256 -1.405808 -1.741870
v 0.300256 -1.405808 -1.741870
v -0.300256 -1.392325 -1.757112
v 0.300256 -1.392325 -1.757112
v -0.300256 -1.379596 -1.772968
v 0.300256 -1.379596 -1.772968
v -0.300256 -1.367621 -1.789441
v 0.300256 -1.367621 -1.789441
v -0.300256 -1.356401 -1.806529
v 0.300256 -1.356401 -1.806529
v -0.300256 -1.346010 -1.824133
v 0.300256 -1.346010 -1.824133
v -0.300256 -1.336523 -1.842154
v 0.300256 -1.336523 -1.842154
v -0.300256 -1.327939 -1.860592
v 0.300256 -1.327939 -1.860592
v -0.300256 -1.320259 -1.879448
v 0.300256 -1.320259 -1.879448
v -0.300256 -1.313483 -1.898720
v 0.300256 -1.313483 -1.898720
v -0.300256 -1.307609 -1.918410
v 0.300256 -1.307609 -1.918410
v -0.300256 -1.302640 -1.938516
v 0.300256 -1.302640 -1.938516
v -0.300256 -1.298574 -1.959040
v 0.300256 -1.298574 -1.959040
v -0.300256 -1.295412 -1.979980
v 0.300256 -1.295412 -1.979980
v -0.300256 -1.293153 -2.001338
v 0.300256 -1.293153 -2.001338
v -0.300256 -1.291797 -2.023112
v 0.300256 -1.291797 -2.023112
v -0.300256 -1.291346 -2.045304
v 0.300256 -1.291346 -2.045304
v -0.300256 -1.291797 -2.067495
v 0.300256 -1.291797 -2.067495
v -0.300256 -1.293153 -2.089270
v 0.300256 -1.293153 -2.089270
v -0.300256 -1.295411 -2.110627
v 0.300256 -1.295411 -2.110627
v -0.300257 -1.298574 -2.131567
v 0.300256 -1.298574 -2.131567
v -0.300257 -1.302640 -2.152091
v 0.300256 -1.302640 -2.152091
v -0.300257 -1.307609 -2.172197
v 0.300256 -1.307609 -2.172197
v -0.300257 -1.313482 -2.191887
v 0.300256 -1.313482 -2.191887
v -0.300257 -1.320259 -2.211159
v 0.300256 -1.320259 -2.211159
v -0.300257 -1.327939 -2.230015
v 0.300256 -1.327939 -2.230015
v -0.300257 -1.336523 -2.248453
v 0.300256 -1.336523 -2.248453
v -0.300257 -1.346010 -2.266474
v 0.300256 -1.346010 -2.266474
v -0.300257 -1.356401 -2.284079
v 0.300256 -1.356401 -2.284079
v -0.300257 -1.367621 -2.301162
v 0.300256 -1.367621 -2.301162
v -0.300257 -1.379596 -2.317619
v 0.300256 -1.379596 -2.317619
v -0.300257 -1.392325 -2.333451
v 0.300256 -1.392325 -2.333451
v -0.300257 -1.405808 -2.348658
v 0.300256 -1.405808 -2.348658
v -0.300257 -1.420047 -2.363238
v 0.300256 -1.420047 -2.363238
v -0.300257 -1.435040 -2.377194
v 0.300256 -1.435040 -2.377194
v -0.300257 -1.450787 -2.390523
v 0.300256 -1.450787 -2.390523
v -0.300257 -1.467289 -2.403228
v 0.300256 -1.467289 -2.403228
v -0.300257 -1.484546 -2.415307
v 0.300256 -1.484546 -2.415307
v -0.300257 -1.502557 -2.426760
v 0.300256 -1.502557 -2.426760
v -0.300257 -1.521323 -2.437587
v 0.300256 -1.521323 -2.437587
v -0.300257 -1.540844 -2.447790
v 0.300256 -1.540844 -2.447790
v -0.300257 -1.561065 -2.457267
v 0.300256 -1.561065 -2.457267
v -0.300257 -1.581931 -2.465920
v 0.300256 -1.581931 -2.465920
v -0.300257 -1.603442 -2.473750
v 0.300256 -1.603442 -2.473750
v -0.300257 -1.625599 -2.480755
v 0.300256 -1.625599 -2.480755
v -0.300257 -1.648401 -2.486936
v 0.300256 -1.648401 -2.486936
v -0.300257 -1.671849 -2.492292
v 0.300256 -1.671849 -2.492292
v -0.300257 -1.695941 -2.496825
v 0.300256 -1.695941 -2.496825
v -0.300257 -1.720680 -2.500534
v 0.300256 -1.720680 -2.500534
v -0.300257 -1.746064 -2.503417
v 0.300256 -1.746064 -2.503417
v -0.300257 -1.772093 -2.505478
v 0.300256 -1.772093 -2.505478
v -0.300257 -1.798767 -2.506714
v 0.300256 -1.798767 -2.506714
v -0.300257 -1.826087 -2.507126
v 0.300256 -1.826087 -2.507126
v -0.300257 -1.852955 -2.506714
v 0.300256 -1.852955 -2.506714
v -0.300257 -1.879228 -2.505478
v 0.300256 -1.879228 -2.505478
v -0.300257 -1.904904 -2.503417
v 0.300256 -1.904904 -2.503417
v -0.300257 -1.929985 -2.500534
v 0.300256 -1.929985 -2.500534
v -0.300256 -1.954471 -2.496825
v 0.300256 -1.954471 -2.496825
v -0.300256 -1.978360 -2.492292
v 0.300256 -1.978360 -2.492292
v -0.300256 -2.001654 -2.486936
v 0.300256 -2.001654 -2.486936
v -0.300256 -2.024352 -2.480755
v 0.300256 -2.024352 -2.480755
v -0.300256 -2.046454 -2.473750
v 0.300256 -2.046454 -2.473750
v -0.300256 -2.067960 -2.465920
v 0.300256 -2.067960 -2.465920
v -0.300256 -2.088871 -2.457267
v 0.300256 -2.088871 -2.457267
v -0.300256 -2.109186 -2.447790
v 0.300256 -2.109186 -2.447790
v -0.300256 -2.128821 -2.437588
v 0.300256 -2.128821 -2.437588
v -0.300256 -2.147691 -2.426760
v 0.300256 -2.147691 -2.426760
v -0.300256 -2.165797 -2.415307
v 0.300256 -2.165797 -2.415307
v -0.300256 -2.183138 -2.403228
v 0.300256 -2.183138 -2.403228
v -0.300256 -2.199714 -2.390524
v 0.300256 -2.199714 -2.390524
v -0.300256 -2.215527 -2.377194
v 0.300256 -2.215527 -2.377194
v -0.300256 -2.230574 -2.363239
v 0.300256 -2.230574 -2.363239
v -0.300256 -2.244857 -2.348658
v 0.300256 -2.244857 -2.348658
v -0.300256 -2.258376 -2.333452
v 0.300256 -2.258376 -2.333452
v -0.300256 -2.271130 -2.317620
v 0.300256 -2.271130 -2.317620
v -0.300256 -2.283119 -2.301163
v 0.300256 -2.283119 -2.301163
v -0.300256 -2.189254 -1.875159
v 0.300256 -2.189254 -1.875159
v -0.300256 -2.196790 -1.887918
v 0.300256 -2.196790 -1.887918
v -0.300256 -2.203671 -1.900935
v 0.300256 -2.203671 -1.900935
v -0.300256 -2.209897 -1.914210
v 0.300256 -2.209897 -1.914210
v -0.300256 -2.215467 -1.927743
v 0.300256 -2.215467 -1.927743
v -0.300256 -2.220382 -1.941535
v 0.300256 -2.220382 -1.941535
v -0.300256 -2.224642 -1.955585
v 0.300256 -2.224642 -1.955585
v -0.300256 -2.228246 -1.969893
v 0.300256 -2.228246 -1.969893
v -0.300256 -2.231195 -1.984458
v 0.300256 -2.231195 -1.984458
v -0.300256 -2.233488 -1.999282
v 0.300256 -2.233488 -1.999282
v -0.300256 -2.235127 -2.014365
v 0.300256 -2.235127 -2.014365
v -0.300256 -2.236110 -2.029705
v 0.300256 -2.236110 -2.029705
v -0.300256 -2.236437 -2.045304
v 0.300256 -2.236437 -2.045304
v -0.300256 -2.236110 -2.060674
v 0.300256 -2.236110 -2.060674
v -0.300256 -2.235127 -2.075806
v 0.300256 -2.235127 -2.075806
v -0.300256 -2.233488 -2.090700
v 0.300256 -2.233488 -2.090700
v -0.300256 -2.231195 -2.105355
v 0.300256 -2.231195 -2.105355
v -0.300256 -2.228246 -2.119772
v 0.300256 -2.228246 -2.119772
v -0.300256 -2.224642 -2.133952
v 0.300256 -2.224642 -2.133952
v -0.300256 -2.220382 -2.147892
v 0.300256 -2.220382 -2.147892
v -0.300256 -2.215467 -2.161594
v 0.300256 -2.215467 -2.161594
v -0.300256 -2.209897 -2.175057
v 0.300256 -2.209897 -2.175057
v -0.300256 -2.203671 -2.188283
v 0.300256 -2.203671 -2.188283
v -0.300256 -2.196790 -2.201270
v 0.300256 -2.196790 -2.201270
v -0.300256 -2.189254 -2.214019
v 0.300256 -2.189254 -2.214019
v -0.300256 -2.181078 -2.226430
v 0.300256 -2.181077 -2.226430
v -0.300256 -2.172276 -2.238405
v 0.300256 -2.172276 -2.238405
v -0.300256 -2.162848 -2.249943
v 0.300256 -2.162848 -2.249943
v -0.300256 -2.152795 -2.261044
v 0.300256 -2.152795 -2.261044
v -0.300256 -2.142116 -2.271708
v 0.300256 -2.142116 -2.271708
v -0.300256 -2.130811 -2.281934
v 0.300256 -2.130811 -2.281934
v -0.300256 -2.118882 -2.291724
v 0.300256 -2.118882 -2.291724
v -0.300256 -2.106326 -2.301078
v 0.300256 -2.106326 -2.301078
v -0.300256 -2.093145 -2.309994
v 0.300256 -2.093145 -2.309994
v -0.300256 -2.079339 -2.318473
v 0.300256 -2.079339 -2.318473
v -0.300256 -2.064907 -2.326516
v 0.300256 -2.064907 -2.326516
v -0.300256 -2.049850 -2.334122
v 0.300256 -2.049850 -2.334122
v -0.300256 -2.034206 -2.341201
v 0.300256 -2.034206 -2.341201
v -0.300256 -2.018017 -2.347665
v 0.300256 -2.018017 -2.347665
v -0.300256 -2.001281 -2.353514
v 0.300256 -2.001281 -2.353514
v -0.300256 -1.984000 -2.358746
v 0.300256 -1.984000 -2.358746
v -0.300256 -1.966172 -2.363363
v 0.300256 -1.966172 -2.363363
v -0.300256 -1.947798 -2.367364
v 0.300256 -1.947798 -2.367364
v -0.300256 -1.928878 -2.370750
v 0.300256 -1.928878 -2.370750
v -0.300256 -1.909412 -2.373520
v 0.300256 -1.909412 -2.373520
v -0.300256 -1.889400 -2.375675
v 0.300256 -1.889400 -2.375675
v -0.300256 -1.868842 -2.377214
v 0.300256 -1.868842 -2.377214
v -0.300256 -1.847738 -2.378138
v 0.300256 -1.847738 -2.378138
v -0.300256 -1.826087 -2.378445
v 0.300256 -1.826087 -2.378445
v -0.300256 -1.803980 -2.378137
v 0.300256 -1.803980 -2.378137
v -0.300256 -1.782459 -2.377214
v 0.300256 -1.782459 -2.377214
v -0.300256 -1.761523 -2.375675
v 0.300256 -1.761523 -2.375675
v -0.300256 -1.741174 -2.373520
v 0.300256 -1.741174 -2.373520
v -0.300257 -1.721410 -2.370750
v 0.300256 -1.721410 -2.370750
v -0.300257 -1.702232 -2.367364
v 0.300256 -1.702232 -2.367364
v -0.300257 -1.683640 -2.363363
v 0.300256 -1.683640 -2.363363
v -0.300257 -1.665633 -2.358746
v 0.300256 -1.665633 -2.358746
v -0.300257 -1.648212 -2.353513
v 0.300256 -1.648212 -2.353513
v -0.300257 -1.631378 -2.347665
v 0.300256 -1.631378 -2.347665
v -0.300257 -1.615129 -2.341201
v 0.300256 -1.615129 -2.341201
v -0.300257 -1.599465 -2.334122
v 0.300256 -1.599465 -2.334122
v -0.300257 -1.584408 -2.326516
v 0.300256 -1.584408 -2.326516
v -0.300257 -1.569976 -2.318473
v 0.300256 -1.569976 -2.318473
v -0.300257 -1.556170 -2.309994
v 0.300256 -1.556170 -2.309994
v -0.300257 -1.542989 -2.301077
v 0.300256 -1.542989 -2.301077
v -0.300257 -1.530433 -2.291724
v 0.300256 -1.530433 -2.291724
v -0.300257 -1.518503 -2.281934
v 0.300256 -1.518503 -2.281934
v -0.300257 -1.507199 -2.271707
v 0.300256 -1.507199 -2.271707
v -0.300257 -1.496521 -2.261043
v 0.300256 -1.496521 -2.261043
v -0.300257 -1.486467 -2.249942
v 0.300256 -1.486467 -2.249942
v -0.300257 -1.477040 -2.238405
v 0.300256 -1.477040 -2.238405
v -0.300257 -1.468237 -2.226430
v 0.300256 -1.468237 -2.226430
v -0.300256 -1.460061 -2.214019
v 0.300256 -1.460061 -2.214019
v -0.300256 -1.452525 -2.201270
v 0.300256 -1.452525 -2.201270
v -0.300256 -1.445644 -2.188283
v 0.300256 -1.445644 -2.188283
v -0.300256 -1.439418 -2.175057
v 0.300256 -1.439418 -2.175057
v -0.300256 -1.433848 -2.161594
v 0.300256 -1.433848 -2.161594
v -0.300256 -1.428933 -2.147892
v 0.300256 -1.428933 -2.147892
v -0.300256 -1.424674 -2.133952
v 0.300256 -1.424674 -2.133952
v -0.300256 -1.421069 -2.119772
v 0.300256 -1.421069 -2.119772
v -0.300256 -1.418120 -2.105355
v 0.300256 -1.418120 -2.105355
v -0.300256 -1.415827 -2.090700
v 0.300256 -1.415827 -2.090700
v -0.300256 -1.414188 -2.075806
v 0.300256 -1.414188 -2.075806
v -0.300256 -1.413205 -2.060674
v 0.300256 -1.413205 -2.060674
v -0.300256 -1.412878 -2.045304
v 0.300256 -1.412878 -2.045304
v -0.300256 -1.413210 -2.029705
v 0.300256 -1.413210 -2.029705
v -0.300256 -1.414208 -2.014365
v 0.300256 -1.414208 -2.014365
v -0.300256 -1.415871 -1.999282
v 0.300256 -1.415871 -1.999282
v -0.300256 -1.418200 -1.984458
v 0.300256 -1.418200 -1.984458
v -0.300256 -1.421193 -1.969893
v 0.300256 -1.421193 -1.969893
v -0.300256 -1.424852 -1.955585
v 0.300256 -1.424852 -1.955585
v -0.300256 -1.429176 -1.941535
v 0.300256 -1.429176 -1.941535
v -0.300256 -1.434166 -1.927743
v 0.300256 -1.434166 -1.927743
v -0.300256 -1.439820 -1.914210
v 0.300256 -1.439820 -1.914210
v -0.300256 -1.446140 -1.900935
v 0.300256 -1.446140 -1.900935
v -0.300256 -1.453125 -1.887918
v 0.300256 -1.453125 -1.887918
v -0.300256 -1.460776 -1.875159
v 0.300256 -1.460776 -1.875159
v -0.300256 -1.469061 -1.862747
v 0.300256 -1.469061 -1.862747
v -0.300256 -1.477953 -1.850773
v 0.300256 -1.477953 -1.850773
v -0.300256 -1.487450 -1.839235
v 0.300256 -1.487450 -1.839235
v -0.300256 -1.497553 -1.828135
v 0.300256 -1.497553 -1.828135
v -0.300256 -1.508262 -1.817471
v 0.300256 -1.508262 -1.817471
v -0.300256 -1.519576 -1.807243
v 0.300256 -1.519576 -1.807243
v -0.300256 -1.531496 -1.797453
v 0.300256 -1.531496 -1.797453
v -0.300256 -1.544021 -1.788100
v 0.300256 -1.544021 -1.788100
v -0.300256 -1.557152 -1.779184
v 0.300256 -1.557152 -1.779184
v -0.300256 -1.570889 -1.770704
v 0.300256 -1.570889 -1.770704
v -0.300256 -1.585232 -1.762662
v 0.300256 -1.585232 -1.762662
v -0.300256 -1.600180 -1.755056
v 0.300256 -1.600180 -1.755056
v -0.300256 -1.615729 -1.747977
v 0.300256 -1.615729 -1.747977
v -0.300256 -1.631874 -1.741513
v 0.300256 -1.631874 -1.741513
v -0.300256 -1.648615 -1.735664
v 0.300256 -1.648615 -1.735664
v -0.300256 -1.665951 -1.730432
v 0.300256 -1.665951 -1.730432
v -0.300256 -1.683883 -1.725815
v 0.300256 -1.683883 -1.725815
v -0.300256 -1.702410 -1.721813
v 0.300256 -1.702410 -1.721813
v -0.300256 -1.721534 -1.718428
v 0.300256 -1.721534 -1.718428
v -0.300256 -1.741253 -1.715658
v 0.300256 -1.741253 -1.715658
v -0.300256 -1.761568 -1.713503
v 0.300256 -1.761568 -1.713503
v -0.300256 -1.782479 -1.711964
v 0.300256 -1.782479 -1.711964
v -0.300256 -1.803985 -1.711040
v 0.300256 -1.803985 -1.711040
v -0.300256 -1.826087 -1.710733
v 0.300256 -1.826087 -1.710733
v -0.300256 -1.847738 -1.711040
v 0.300256 -1.847738 -1.711040
v -0.300256 -1.868842 -1.711964
v 0.300256 -1.868842 -1.711964
v -0.300256 -1.889400 -1.713503
v 0.300256 -1.889400 -1.713503
v -0.300256 -1.909412 -1.715658
v 0.300256 -1.909412 -1.715658
v -0.300256 -1.928878 -1.718428
v 0.300256 -1.928878 -1.718428
v -0.300256 -1.947798 -1.721814
v 0.300256 -1.947798 -1.721814
v -0.300256 -1.966172 -1.725815
v 0.300256 -1.966172 -1.725815
v -0.300256 -1.984000 -1.730432
v 0.300256 -1.984000 -1.730432
v -0.300256 -2.001281 -1.735665
v 0.300256 -2.001281 -1.735665
v -0.300256 -2.018017 -1.741513
v 0.300256 -2.018017 -1.741513
v -0.300256 -2.034206 -1.747977
v 0.300256 -2.034206 -1.747977
v -0.300256 -2.049850 -1.755056
v 0.300256 -2.049850 -1.755056
v -0.300256 -2.064907 -1.762662
v 0.300256 -2.064907 -1.762662
v -0.300256 -2.079339 -1.770705
v 0.300256 -2.079339 -1.770705
v -0.300256 -2.093145 -1.779184
v 0.300256 -2.093145 -1.779184
v -0.300256 -2.106326 -1.788101
v 0.300256 -2.106326 -1.788101
v -0.300256 -2.118882 -1.797454
v 0.300256 -2.118882 -1.797454
v -0.300256 -2.130811 -1.807244
v 0.300256 -2.130811 -1.807244
v -0.300256 -2.142116 -1.817471
v 0.300256 -2.142116 -1.817471
v -0.300256 -2.152795 -1.828135
v 0.300256 -2.152795 -1.828135
v -0.300256 -2.162848 -1.839235
v 0.300256 -2.162848 -1.839235
v -0.300256 -2.172276 -1.850773
v 0.300256 -2.172276 -1.850773
v -0.300256 -2.181078 -1.862748
v 0.300256 -2.181077 -1.862748
vn 1.0000 -0.0000 -0.0000
vn -1.0000 -0.0000 -0.0000
vn 1.0000 -0.0000 -0.0001
vn 1.0000 -0.0000 0.0001
vn -1.0000 -0.0000 -0.0001
vn -1.0000 -0.0000 0.0001
vn -0.0000 -0.7071 -0.7071
vn -0.0000 -0.7071 0.7071
vn -0.0000 0.7071 0.7071
vn -0.0000 0.8254 -0.5645
vn -0.0000 0.3699 -0.9291
vn -0.0000 0.3737 -0.9275
vn -0.0000 0.3670 -0.9302
vn -0.0000 0.3607 -0.9327
vn -0.0000 0.3547 -0.9350
vn -0.0000 0.3490 -0.9371
vn -0.0000 0.3436 -0.9391
vn -0.0000 0.3385 -0.9410
vn -0.0000 0.3336 -0.9427
vn -0.0000 0.3290 -0.9443
vn -0.0000 0.3245 -0.9459
vn -0.0000 0.3203 -0.9473
vn -0.0000 0.3170 -0.9484
vn -0.0000 0.3153 -0.9490
vn -0.0000 0.3143 -0.9493
vn -0.0000 0.3134 -0.9496
vn -0.0000 0.3125 -0.9499
vn -0.0000 0.3116 -0.9502
vn -0.0000 0.3107 -0.9505
vn -0.0000 0.3099 -0.9508
vn -0.0000 0.3091 -0.9510
vn -0.0000 0.3083 -0.9513
vn -0.0000 0.3075 -0.9515
vn -0.0000 0.3068 -0.9518
vn -0.0000 0.3060 -0.9520
vn -0.0000 0.3051 -0.9523
vn -0.0000 0.3043 -0.9526
vn -0.0000 0.3034 -0.9529
vn -0.0000 0.3025 -0.9531
vn -0.0000 0.3016 -0.9534
vn -0.0000 0.3007 -0.9537
vn -0.0000 0.2998 -0.9540
vn -0.0000 0.2989 -0.9543
vn -0.0000 0.2980 -0.9546
vn -0.0000 0.2971 -0.9548
vn -0.0000 0.2962 -0.9551
vn -0.0000 0.2950 -0.9555
vn -0.0000 0.2931 -0.9561
vn -0.0000 0.2909 -0.9567
vn -0.0000 0.2886 -0.9574
vn -0.0000 0.2862 -0.9582
vn -0.0000 0.2837 -0.9589
vn -0.0000 0.2811 -0.9597
vn -0.0000 0.2784 -0.9605
vn -0.0000 0.2756 -0.9613
vn -0.0000 0.2727 -0.9621
vn -0.0000 0.2696 -0.9630
vn -0.0000 0.2664 -0.9639
vn -0.0000 -0.6063 -0.7952
vn -0.0000 -0.5851 0.8110
vn -0.0000 0.3146 0.9492
vn -0.0000 0.3130 0.9498
vn -0.0000 0.3115 0.9503
vn -0.0000 0.3100 0.9507
vn -0.0000 0.3086 0.9512
vn -0.0000 0.3073 0.9516
vn -0.0000 0.3060 0.9520
vn -0.0000 0.3048 0.9524
vn -0.0000 0.3036 0.9528
vn -0.0000 0.3025 0.9532
vn -0.0000 0.3013 0.9535
vn -0.0000 0.3006 0.9538
vn -0.0000 0.3004 0.9538
vn -0.0000 0.3005 0.9538
vn -0.0000 0.3006 0.9537
vn -0.0000 0.3007 0.9537
vn -0.0000 0.3008 0.9537
vn -0.0000 0.3009 0.9537
vn -0.0000 0.3009 0.9536
vn -0.0000 0.3010 0.9536
vn -0.0000 0.3011 0.9536
vn -0.0000 0.3016 0.9534
vn -0.0000 0.3031 0.9530
vn -0.0000 0.3051 0.9523
vn -0.0000 0.3071 0.9517
vn -0.0000 0.3092 0.9510
vn -0.0000 0.3114 0.9503
vn -0.0000 0.3135 0.9496
vn -0.0000 0.3158 0.9488
vn -0.0000 0.3181 0.9481
vn -0.0000 0.3204 0.9473
vn -0.0000 0.3228 0.9465
vn -0.0000 0.3253 0.9456
vn -0.0000 0.3272 0.9450
vn -0.0000 0.3281 0.9447
vn -0.0000 0.3284 0.9445
vn -0.0000 0.3287 0.9444
vn -0.0000 0.3291 0.9443
vn -0.0000 0.3294 0.9442
vn -0.0000 0.3298 0.9440
vn -0.0000 0.3303 0.9439
vn -0.0000 0.3307 0.9437
vn -0.0000 0.3312 0.9436
vn -0.0000 0.3317 0.9434
vn -0.0000 0.3323 0.9432
vn -0.0000 0.3459 0.9383
vn -0.0000 0.8244 0.5661
vn -0.0000 0.7071 -0.7071
vn -0.0000 0.0004 1.0000
vn -0.0000 0.0018 1.0000
vn -0.0000 0.0035 1.0000
vn -0.0000 0.0051 1.0000
vn -0.0000 0.0067 1.0000
vn -0.0000 0.0082 1.0000
vn -0.0000 0.0097 1.0000
vn -0.0000 0.0111 0.9999
vn -0.0000 0.0125 0.9999
vn -0.0000 0.0138 0.9999
vn -0.0000 0.0151 0.9999
vn -0.0000 0.0163 0.9999
vn -0.0000 0.0172 0.9999
vn -0.0000 0.0174 0.9998
vn -0.0000 0.0171 0.9999
vn -0.0000 0.0169 0.9999
vn -0.0000 0.0168 0.9999
vn -0.0000 0.0167 0.9999
vn -0.0000 0.0165 0.9999
vn -0.0000 0.0164 0.9999
vn -0.0000 0.0161 0.9999
vn -0.0000 0.0160 0.9999
vn -0.0000 0.0162 0.9999
vn -0.0000 0.0185 0.9998
vn -0.0000 0.0198 0.9998
vn -0.0000 0.0210 0.9998
vn -0.0000 0.0223 0.9998
vn -0.0000 0.0236 0.9997
vn -0.0000 0.0249 0.9997
vn -0.0000 0.0262 0.9997
vn -0.0000 0.0274 0.9996
vn -0.0000 0.0287 0.9996
vn -0.0000 0.0300 0.9996
vn -0.0000 0.0303 0.9995
vn -0.0000 0.0159 0.9999
vn -0.0000 0.0133 0.9999
vn -0.0000 0.0106 0.9999
vn -0.0000 0.0080 1.0000
vn -0.0000 0.0053 1.0000
vn -0.0000 0.0027 1.0000
vn -0.0000 0.7076 0.7066
vn -0.0000 0.5985 -0.8011
vn -0.0000 -0.2851 -0.9585
vn -0.0000 -0.2880 -0.9576
vn -0.0000 -0.2909 -0.9568
vn -0.0000 -0.2938 -0.9559
vn -0.0000 -0.2966 -0.9550
vn -0.0000 -0.2995 -0.9541
vn -0.0000 -0.3023 -0.9532
vn -0.0000 -0.3051 -0.9523
vn -0.0000 -0.3079 -0.9514
vn -0.0000 -0.3107 -0.9505
vn -0.0000 -0.3135 -0.9496
vn -0.0000 -0.3157 -0.9489
vn -0.0000 -0.3169 -0.9485
vn -0.0000 -0.3176 -0.9482
vn -0.0000 -0.3183 -0.9480
vn -0.0000 -0.3190 -0.9477
vn -0.0000 -0.3198 -0.9475
vn -0.0000 -0.3205 -0.9472
vn -0.0000 -0.3212 -0.9470
vn -0.0000 -0.3220 -0.9467
vn -0.0000 -0.3228 -0.9465
vn -0.0000 -0.3235 -0.9462
vn -0.0000 -0.3243 -0.9460
vn -0.0000 -0.3251 -0.9457
vn -0.0000 -0.3260 -0.9454
vn -0.0000 -0.3268 -0.9451
vn -0.0000 -0.3278 -0.9448
vn -0.0000 -0.3287 -0.9444
vn -0.0000 -0.3297 -0.9441
vn -0.0000 -0.3307 -0.9437
vn -0.0000 -0.3318 -0.9434
vn -0.0000 -0.3328 -0.9430
vn -0.0000 -0.3339 -0.9426
vn -0.0000 -0.3351 -0.9422
vn -0.0000 -0.3363 -0.9418
vn -0.0000 -0.3375 -0.9413
vn -0.0000 -0.3389 -0.9408
vn -0.0000 -0.3405 -0.9402
vn -0.0000 -0.3421 -0.9396
vn -0.0000 -0.3439 -0.9390
vn -0.0000 -0.3457 -0.9383
vn -0.0000 -0.3477 -0.9376
vn -0.0000 -0.3497 -0.9368
vn -0.0000 -0.3520 -0.9360
vn -0.0000 -0.3543 -0.9351
vn -0.0000 -0.3568 -0.9342
vn -0.0000 -0.3596 -0.9331
vn -0.0000 -0.3629 -0.9318
vn -0.0000 -0.8261 -0.5636
vn -0.0000 -0.8273 0.5618
vn -0.0000 -0.3736 0.9276
vn -0.0000 -0.3763 0.9265
vn -0.0000 -0.3722 0.9282
vn -0.0000 -0.3683 0.9297
vn -0.0000 -0.3647 0.9311
vn -0.0000 -0.3614 0.9324
vn -0.0000 -0.3583 0.9336
vn -0.0000 -0.3554 0.9347
vn -0.0000 -0.3526 0.9358
vn -0.0000 -0.3501 0.9367
vn -0.0000 -0.3476 0.9376
vn -0.0000 -0.3454 0.9385
vn -0.0000 -0.3434 0.9392
vn -0.0000 -0.3419 0.9397
vn -0.0000 -0.3406 0.9402
vn -0.0000 -0.3393 0.9407
vn -0.0000 -0.3381 0.9411
vn -0.0000 -0.3370 0.9415
vn -0.0000 -0.3358 0.9419
vn -0.0000 -0.3347 0.9423
vn -0.0000 -0.3337 0.9427
vn -0.0000 -0.3326 0.9431
vn -0.0000 -0.3316 0.9434
vn -0.0000 -0.3306 0.9438
vn -0.0000 -0.3295 0.9441
vn -0.0000 -0.3281 0.9446
vn -0.0000 -0.3265 0.9452
vn -0.0000 -0.3250 0.9457
vn -0.0000 -0.3235 0.9462
vn -0.0000 -0.3220 0.9467
vn -0.0000 -0.3205 0.9472
vn -0.0000 -0.3191 0.9477
vn -0.0000 -0.3176 0.9482
vn -0.0000 -0.3162 0.9487
vn -0.0000 -0.3149 0.9491
vn -0.0000 -0.3135 0.9496
vn -0.0000 -0.3131 0.9497
vn -0.0000 -0.3145 0.9492
vn -0.0000 -0.3169 0.9485
vn -0.0000 -0.3192 0.9477
vn -0.0000 -0.3216 0.9469
vn -0.0000 -0.3239 0.9461
vn -0.0000 -0.3262 0.9453
vn -0.0000 -0.3285 0.9445
vn -0.0000 -0.3307 0.9437
vn -0.0000 -0.3330 0.9429
vn -0.0000 -0.3352 0.9421
vn -0.0000 -0.3374 0.9413
vn -0.0000 0.5751 0.8181
vn -0.0000 0.7193 -0.6947
vn -0.0000 0.0339 -0.9994
vn -0.0000 0.0321 -0.9995
vn -0.0000 0.0303 -0.9995
vn -0.0000 0.0286 -0.9996
vn -0.0000 0.0269 -0.9996
vn -0.0000 0.0252 -0.9997
vn -0.0000 0.0236 -0.9997
vn -0.0000 0.0220 -0.9998
vn -0.0000 0.0204 -0.9998
vn -0.0000 0.0189 -0.9998
vn -0.0000 0.0174 -0.9998
vn -0.0000 0.0162 -0.9999
vn -0.0000 0.0159 -0.9999
vn -0.0000 0.0160 -0.9999
vn -0.0000 0.0161 -0.9999
vn -0.0000 0.0163 -0.9999
vn -0.0000 0.0164 -0.9999
vn -0.0000 0.0165 -0.9999
vn -0.0000 0.0166 -0.9999
vn -0.0000 0.0155 -0.9999
vn -0.0000 0.0144 -0.9999
vn -0.0000 0.0132 -0.9999
vn -0.0000 0.0119 -0.9999
vn -0.0000 0.0106 -0.9999
vn -0.0000 0.0093 -1.0000
vn -0.0000 0.0079 -1.0000
vn -0.0000 0.0064 -1.0000
vn -0.0000 0.0049 -1.0000
vn -0.0000 0.0033 -1.0000
vn -0.0000 0.0017 -1.0000
vn -0.0000 0.0004 -1.0000
vn -0.0000 -0.9478 -0.3187
vn -0.0000 -0.9565 -0.2918
vn -0.0000 -0.9644 -0.2644
vn -0.0000 -0.9715 -0.2369
vn -0.0000 -0.9778 -0.2096
vn -0.0000 -0.9832 -0.1823
vn -0.0000 -0.9879 -0.1553
vn -0.0000 -0.9917 -0.1285
vn -0.0000 -0.9948 -0.1020
vn -0.0000 -0.9971 -0.0759
vn -0.0000 -0.9987 -0.0501
vn -0.0000 -0.9997 -0.0249
vn -0.0000 -1.0000 0.0040
vn -0.0000 -0.9991 0.0412
vn -0.0000 -0.9965 0.0837
vn -0.0000 -0.9919 0.1273
vn -0.0000 -0.9851 0.1719
vn -0.0000 -0.9761 0.2172
vn -0.0000 -0.9648 0.2630
vn -0.0000 -0.9511 0.3089
vn -0.0000 -0.9350 0.3546
vn -0.0000 -0.9166 0.3998
vn -0.0000 -0.8960 0.4441
vn -0.0000 -0.8733 0.4872
vn -0.0000 -0.8487 0.5288
vn -0.0000 -0.8224 0.5689
vn -0.0000 -0.7941 0.6078
vn -0.0000 -0.7639 0.6453
vn -0.0000 -0.7320 0.6813
vn -0.0000 -0.6986 0.7155
vn -0.0000 -0.6641 0.7477
vn -0.0000 -0.6286 0.7777
vn -0.0000 -0.5925 0.8055
vn -0.0000 -0.5561 0.8311
vn -0.0000 -0.5196 0.8544
vn -0.0000 -0.4833 0.8755
vn -0.0000 -0.4461 0.8950
vn -0.0000 -0.4067 0.9136
vn -0.0000 -0.3661 0.9306
vn -0.0000 -0.3256 0.9455
vn -0.0000 -0.2856 0.9583
vn -0.0000 -0.2462 0.9692
vn -0.0000 -0.2077 0.9782
vn -0.0000 -0.1701 0.9854
vn -0.0000 -0.1336 0.9910
vn -0.0000 -0.0983 0.9952
vn -0.0000 -0.0643 0.9979
vn -0.0000 -0.0315 0.9995
vn -0.0000 -0.0001 1.0000
vn -0.0000 0.0311 0.9995
vn -0.0000 0.0634 0.9980
vn -0.0000 0.0971 0.9953
vn -0.0000 0.1321 0.9912
vn -0.0000 0.1686 0.9857
vn -0.0000 0.2062 0.9785
vn -0.0000 0.2450 0.9695
vn -0.0000 0.2847 0.9586
vn -0.0000 0.3664 0.9305
vn -0.0000 0.4079 0.9130
vn -0.0000 0.4480 0.8940
vn -0.0000 0.4854 0.8743
vn -0.0000 0.5217 0.8532
vn -0.0000 0.5581 0.8298
vn -0.0000 0.5943 0.8042
vn -0.0000 0.6302 0.7764
vn -0.0000 0.6655 0.7464
vn -0.0000 0.6998 0.7143
vn -0.0000 0.7330 0.6803
vn -0.0000 0.7646 0.6445
vn -0.0000 0.7946 0.6072
vn -0.0000 0.8226 0.5686
vn -0.0000 0.8488 0.5287
vn -0.0000 0.8733 0.4872
vn -0.0000 0.8960 0.4441
vn -0.0000 0.9166 0.3998
vn -0.0000 0.9350 0.3546
vn -0.0000 0.9511 0.3089
vn -0.0000 0.9648 0.2630
vn -0.0000 0.9761 0.2172
vn -0.0000 0.9851 0.1719
vn -0.0000 0.9919 0.1273
vn -0.0000 0.9965 0.0837
vn -0.0000 0.9991 0.0412
vn -0.0000 1.0000 0.0042
vn -0.0000 0.9997 -0.0241
vn -0.0000 0.9988 -0.0486
vn -0.0000 0.9973 -0.0736
vn -0.0000 0.9951 -0.0989
vn -0.0000 0.9922 -0.1247
vn -0.0000 0.9886 -0.1507
vn -0.0000 0.9842 -0.1770
vn -0.0000 0.9791 -0.2035
vn -0.0000 0.9732 -0.2301
vn -0.0000 0.9664 -0.2569
vn -0.0000 0.9589 -0.2837
vn -0.0000 0.9506 -0.3104
vn -0.0000 0.9414 -0.3372
vn -0.0000 0.9314 -0.3641
vn -0.0000 0.9204 -0.3910
vn -0.0000 0.9085 -0.4178
vn -0.0000 0.8957 -0.4446
vn -0.0000 0.8821 -0.4711
vn -0.0000 0.8675 -0.4974
vn -0.0000 0.8521 -0.5234
vn -0.0000 0.8359 -0.5489
vn -0.0000 0.8189 -0.5739
vn -0.0000 0.8012 -0.5984
vn -0.0000 0.7827 -0.6224
vn -0.0000 0.7633 -0.6460
vn -0.0000 0.7430 -0.6692
vn -0.0000 0.7220 -0.6918
vn -0.0000 0.7004 -0.7138
vn -0.0000 0.6781 -0.7350
vn -0.0000 0.6553 -0.7553
vn -0.0000 0.6321 -0.7749
vn -0.0000 0.6085 -0.7936
vn -0.0000 0.5845 -0.8114
vn -0.0000 0.5604 -0.8282
vn -0.0000 0.5361 -0.8442
vn -0.0000 0.5106 -0.8598
vn -0.0000 0.4825 -0.8759
vn -0.0000 0.4530 -0.8915
vn -0.0000 0.4232 -0.9060
vn -0.0000 0.3932 -0.9195
vn -0.0000 0.3631 -0.9317
vn -0.0000 0.3331 -0.9429
vn -0.0000 0.3032 -0.9529
vn -0.0000 0.2736 -0.9619
vn -0.0000 0.2442 -0.9697
vn -0.0000 0.2153 -0.9766
vn -0.0000 0.1868 -0.9824
vn -0.0000 -0.6432 -0.7657
vn -0.0000 -0.7809 0.6247
vn -0.0000 -0.2332 0.9724
vn -0.0000 -0.2608 0.9654
vn -0.0000 -0.2890 0.9573
vn -0.0000 -0.3177 0.9482
vn -0.0000 -0.3468 0.9379
vn -0.0000 -0.4060 0.9139
vn -0.0000 -0.4359 0.9000
vn -0.0000 -0.4658 0.8849
vn -0.0000 -0.4957 0.8685
vn -0.0000 -0.5254 0.8509
vn -0.0000 -0.5533 0.8329
vn -0.0000 -0.5783 0.8158
vn -0.0000 -0.6016 0.7988
vn -0.0000 -0.6247 0.7809
vn -0.0000 -0.6475 0.7620
vn -0.0000 -0.6700 0.7424
vn -0.0000 -0.6919 0.7220
vn -0.0000 -0.7134 0.7008
vn -0.0000 -0.7342 0.6789
vn -0.0000 -0.7544 0.6564
vn -0.0000 -0.7739 0.6333
vn -0.0000 -0.7927 0.6096
vn -0.0000 -0.8104 0.5859
vn -0.0000 -0.8268 0.5625
vn -0.0000 -0.8423 0.5390
vn -0.0000 -0.8572 0.5151
vn -0.0000 -0.8713 0.4908
vn -0.0000 -0.8847 0.4661
vn -0.0000 -0.8974 0.4412
vn -0.0000 -0.9093 0.4162
vn -0.0000 -0.9204 0.3910
vn -0.0000 -0.9307 0.3657
vn -0.0000 -0.9403 0.3404
vn -0.0000 -0.9490 0.3152
vn -0.0000 -0.9569 0.2903
vn -0.0000 -0.9640 0.2658
vn -0.0000 -0.9704 0.2414
vn -0.0000 -0.9762 0.2169
vn -0.0000 -0.9813 0.1924
vn -0.0000 -0.9858 0.1679
vn -0.0000 -0.9897 0.1435
vn -0.0000 -0.9929 0.1191
vn -0.0000 -0.9955 0.0948
vn -0.0000 -0.9975 0.0708
vn -0.0000 -0.9989 0.0469
vn -0.0000 -0.9997 0.0233
vn -0.0000 -1.0000 -0.0049
vn -0.0000 -0.9991 -0.0432
vn -0.0000 -0.9962 -0.0875
vn -0.0000 -0.9911 -0.1328
vn -0.0000 -0.9838 -0.1790
vn -0.0000 -0.9742 -0.2257
vn -0.0000 -0.9621 -0.2727
vn -0.0000 -0.9476 -0.3195
vn -0.0000 -0.9307 -0.3658
vn -0.0000 -0.9115 -0.4114
vn -0.0000 -0.8901 -0.4557
vn -0.0000 -0.8668 -0.4987
vn -0.0000 -0.8415 -0.5403
vn -0.0000 -0.8139 -0.5811
vn -0.0000 -0.7840 -0.6208
vn -0.0000 -0.7522 -0.6589
vn -0.0000 -0.7189 -0.6951
vn -0.0000 -0.6843 -0.7292
vn -0.0000 -0.6486 -0.7611
vn -0.0000 -0.6123 -0.7906
vn -0.0000 -0.5756 -0.8177
vn -0.0000 -0.5388 -0.8424
vn -0.0000 -0.5022 -0.8647
vn -0.0000 -0.4660 -0.8848
vn -0.0000 -0.4286 -0.9035
vn -0.0000 -0.3882 -0.9216
vn -0.0000 -0.3466 -0.9380
vn -0.0000 -0.3059 -0.9521
vn -0.0000 -0.2663 -0.9639
vn -0.0000 -0.2279 -0.9737
vn -0.0000 -0.1909 -0.9816
vn -0.0000 -0.1554 -0.9879
vn -0.0000 -0.1213 -0.9926
vn -0.0000 -0.0888 -0.9961
vn -0.0000 -0.0578 -0.9983
vn -0.0000 -0.0282 -0.9996
vn -0.0000 0.0002 -1.0000
vn -0.0000 0.0290 -0.9996
vn -0.0000 0.0592 -0.9982
vn -0.0000 0.0910 -0.9959
vn -0.0000 0.1242 -0.9923
vn -0.0000 0.1590 -0.9873
vn -0.0000 0.1951 -0.9808
vn -0.0000 0.2326 -0.9726
vn -0.0000 0.2715 -0.9625
vn -0.0000 0.3114 -0.9503
vn -0.0000 0.3523 -0.9359
vn -0.0000 0.3939 -0.9191
vn -0.0000 0.4342 -0.9008
vn -0.0000 0.4714 -0.8819
vn -0.0000 0.5073 -0.8618
vn -0.0000 0.5436 -0.8393
vn -0.0000 0.5802 -0.8145
vn -0.0000 0.6167 -0.7872
vn -0.0000 0.6528 -0.7575
vn -0.0000 0.6883 -0.7254
vn -0.0000 0.7228 -0.6910
vn -0.0000 0.7561 -0.6545
vn -0.0000 0.7877 -0.6160
vn -0.0000 0.8175 -0.5759
vn -0.0000 0.8449 -0.5349
vn -0.0000 0.8696 -0.4937
vn -0.0000 0.8923 -0.4515
vn -0.0000 0.9131 -0.4078
vn -0.0000 0.9318 -0.3630
vn -0.0000 0.9483 -0.3173
vn -0.0000 0.9626 -0.2710
vn -0.0000 0.9745 -0.2246
vn -0.0000 0.9840 -0.1783
vn -0.0000 0.9912 -0.1324
vn -0.0000 0.9962 -0.0873
vn -0.0000 0.9991 -0.0431
vn -0.0000 1.0000 -0.0049
vn -0.0000 0.9997 0.0233
vn -0.0000 0.9989 0.0469
vn -0.0000 0.9975 0.0708
vn -0.0000 0.9955 0.0948
vn -0.0000 0.9929 0.1191
vn -0.0000 0.9897 0.1435
vn -0.0000 0.9858 0.1679
vn -0.0000 0.9813 0.1924
vn -0.0000 0.9762 0.2169
vn -0.0000 0.9704 0.2414
vn -0.0000 0.9640 0.2658
vn -0.0000 0.9569 0.2903
vn -0.0000 0.9490 0.3152
vn -0.0000 0.9403 0.3404
vn -0.0000 0.9307 0.3657
vn -0.0000 0.9204 0.3910
vn -0.0000 0.9093 0.4162
vn -0.0000 0.8974 0.4412
vn -0.0000 0.8847 0.4661
vn -0.0000 0.8713 0.4908
vn -0.0000 0.8572 0.5151
vn -0.0000 0.8423 0.5390
vn -0.0000 0.8268 0.5625
vn -0.0000 0.8104 0.5859
vn -0.0000 0.7927 0.6096
vn -0.0000 0.7739 0.6333
vn -0.0000 0.7544 0.6564
vn -0.0000 0.7342 0.6789
vn -0.0000 0.7134 0.7008
vn -0.0000 0.6919 0.7220
vn -0.0000 0.6699 0.7424
vn -0.0000 0.6475 0.7620
vn -0.0000 0.6247 0.7808
vn -0.0000 0.6016 0.7988
vn -0.0000 0.5783 0.8158
vn -0.0000 0.5536 0.8328
vn -0.0000 0.5264 0.8502
vn -0.0000 0.4977 0.8673
vn -0.0000 0.4688 0.8833
vn -0.0000 0.4396 0.8982
vn -0.0000 0.4104 0.9119
vn -0.0000 0.3812 0.9245
vn -0.0000 0.3521 0.9360
vn -0.0000 0.3232 0.9463
vn -0.0000 0.2946 0.9556
vn -0.0000 0.2664 0.9638
vn -0.0000 0.2387 0.9711
vn -0.0000 0.7826 0.6225
vn -0.0000 0.6422 -0.7665
vn -0.0000 -0.1891 -0.9820
vn -0.0000 -0.2170 -0.9762
vn -0.0000 -0.2453 -0.9694
vn -0.0000 -0.2740 -0.9617
vn -0.0000 -0.3028 -0.9530
vn -0.0000 -0.3319 -0.9433
vn -0.0000 -0.3610 -0.9326
vn -0.0000 -0.3901 -0.9208
vn -0.0000 -0.4191 -0.9079
vn -0.0000 -0.4479 -0.8941
vn -0.0000 -0.4764 -0.8792
vn -0.0000 -0.5040 -0.8637
vn -0.0000 -0.5303 -0.8478
vn -0.0000 -0.5559 -0.8313
vn -0.0000 -0.5813 -0.8137
vn -0.0000 -0.6064 -0.7952
vn -0.0000 -0.6311 -0.7757
vn -0.0000 -0.6553 -0.7553
vn -0.0000 -0.6790 -0.7341
vn -0.0000 -0.7021 -0.7121
vn -0.0000 -0.7244 -0.6894
vn -0.0000 -0.7460 -0.6659
vn -0.0000 -0.7668 -0.6419
vn -0.0000 -0.7862 -0.6179
vn -0.0000 -0.8041 -0.5945
vn -0.0000 -0.8209 -0.5711
vn -0.0000 -0.8370 -0.5472
vn -0.0000 -0.8525 -0.5228
vn -0.0000 -0.8672 -0.4980
vn -0.0000 -0.8811 -0.4729
vn -0.0000 -0.8943 -0.4476
vn -0.0000 -0.9066 -0.4220
vn -0.0000 -0.9181 -0.3963
vn -0.0000 -0.9288 -0.3706
vn -0.0000 -0.9387 -0.3448
vn -0.0000 -0.8487 -0.5289
vn -0.0000 -0.8733 -0.4872
vn -0.0000 -0.8960 -0.4441
vn -0.0000 -0.9166 -0.3998
vn -0.0000 -0.9350 -0.3546
vn -0.0000 -0.9511 -0.3089
vn -0.0000 -0.9648 -0.2630
vn -0.0000 -0.9761 -0.2172
vn -0.0000 -0.9851 -0.1719
vn -0.0000 -0.9919 -0.1273
vn -0.0000 -0.9965 -0.0837
vn -0.0000 -0.9991 -0.0412
vn -0.0000 -1.0000 -0.0000
vn -0.0000 0.6303 0.7764
vn -0.0000 1.0000 -0.0000
vn -0.0000 0.9991 -0.0412
vn -0.0000 0.9965 -0.0837
vn -0.0000 0.9919 -0.1273
vn -0.0000 0.9851 -0.1719
vn -0.0000 0.9761 -0.2172
vn -0.0000 0.9648 -0.2630
vn -0.0000 0.9511 -0.3089
vn -0.0000 0.9350 -0.3546
vn -0.0000 0.9166 -0.3998
vn -0.0000 0.8960 -0.4441
vn -0.0000 0.8733 -0.4872
vn -0.0000 0.8488 -0.5288
vn -0.0000 0.8225 -0.5688
vn -0.0000 0.7942 -0.6077
vn -0.0000 0.7640 -0.6452
vn -0.0000 0.7320 -0.6813
vn -0.0000 0.6986 -0.7155
vn -0.0000 0.6639 -0.7478
vn -0.0000 0.6282 -0.7780
vn -0.0000 0.5919 -0.8060
vn -0.0000 0.5551 -0.8318
vn -0.0000 0.5183 -0.8552
vn -0.0000 0.4816 -0.8764
vn -0.0000 0.4439 -0.8961
vn -0.0000 0.4038 -0.9148
vn -0.0000 0.3626 -0.9319
vn -0.0000 0.3218 -0.9468
vn -0.0000 0.2816 -0.9595
vn -0.0000 0.2422 -0.9702
vn -0.0000 0.2038 -0.9790
vn -0.0000 0.1666 -0.9860
vn -0.0000 0.1306 -0.9914
vn -0.0000 0.0959 -0.9954
vn -0.0000 0.0626 -0.9980
vn -0.0000 0.0307 -0.9995
vn -0.0000 -0.0001 -1.0000
vn -0.0000 -0.0312 -0.9995
vn -0.0000 -0.0635 -0.9980
vn -0.0000 -0.0971 -0.9953
vn -0.0000 -0.1320 -0.9912
vn -0.0000 -0.1681 -0.9858
vn -0.0000 -0.2053 -0.9787
vn -0.0000 -0.2435 -0.9699
vn -0.0000 -0.2825 -0.9593
vn -0.0000 -0.3222 -0.9467
vn -0.0000 -0.3623 -0.9321
vn -0.0000 -0.4027 -0.9153
vn -0.0000 -0.4420 -0.8970
vn -0.0000 -0.4795 -0.8776
vn -0.0000 -0.5163 -0.8564
vn -0.0000 -0.5532 -0.8330
vn -0.0000 -0.5901 -0.8073
vn -0.0000 -0.6266 -0.7794
vn -0.0000 -0.6625 -0.7491
vn -0.0000 -0.6974 -0.7167
vn -0.0000 -0.7311 -0.6823
vn -0.0000 -0.7633 -0.6461
vn -0.0000 -0.7937 -0.6083
vn -0.0000 -0.8222 -0.5691
vn -0.0000 0.8483 -0.5295
vn -0.0000 0.8728 -0.4881
vn -0.0000 0.8950 -0.4461
vn -0.0000 0.9153 -0.4027
vn -0.0000 0.9336 -0.3583
vn -0.0000 0.9498 -0.3130
vn -0.0000 0.9636 -0.2673
vn -0.0000 0.9752 -0.2214
vn -0.0000 0.9844 -0.1757
vn -0.0000 0.9915 -0.1305
vn -0.0000 0.9963 -0.0860
vn -0.0000 0.9991 -0.0425
vn -0.0000 1.0000 0.0002
vn -0.0000 0.9991 0.0431
vn -0.0000 0.9962 0.0871
vn -0.0000 0.9912 0.1320
vn -0.0000 0.9841 0.1776
vn -0.0000 0.9747 0.2234
vn -0.0000 0.9630 0.2694
vn -0.0000 0.9491 0.3150
vn -0.0000 0.9329 0.3601
vn -0.0000 0.9147 0.4042
vn -0.0000 0.8945 0.4472
vn -0.0000 0.8725 0.4887
vn -0.0000 0.8482 0.5297
vn -0.0000 0.8207 0.5714
vn -0.0000 0.7903 0.6127
vn -0.0000 0.7580 0.6522
vn -0.0000 0.7241 0.6897
vn -0.0000 0.6890 0.7248
vn -0.0000 0.6528 0.7575
vn -0.0000 0.6161 0.7877
vn -0.0000 0.5790 0.8153
vn -0.0000 0.5420 0.8404
vn -0.0000 0.5052 0.8630
vn -0.0000 0.4689 0.8832
vn -0.0000 0.4317 0.9020
vn -0.0000 0.3917 0.9201
vn -0.0000 0.3504 0.9366
vn -0.0000 0.3099 0.9508
vn -0.0000 0.2703 0.9628
vn -0.0000 0.2318 0.9728
vn -0.0000 0.1945 0.9809
vn -0.0000 0.1585 0.9874
vn -0.0000 0.1240 0.9923
vn -0.0000 0.0909 0.9959
vn -0.0000 0.0592 0.9982
vn -0.0000 0.0290 0.9996
vn -0.0000 0.0001 1.0000
vn -0.0000 -0.0284 0.9996
vn -0.0000 -0.0581 0.9983
vn -0.0000 -0.0893 0.9960
vn -0.0000 -0.1221 0.9925
vn -0.0000 -0.1563 0.9877
vn -0.0000 -0.1922 0.9814
vn -0.0000 -0.2294 0.9733
vn -0.0000 -0.2681 0.9634
vn -0.0000 -0.3080 0.9514
vn -0.0000 -0.3490 0.9371
vn -0.0000 -0.3909 0.9205
vn -0.0000 -0.4315 0.9021
vn -0.0000 -0.4689 0.8832
vn -0.0000 -0.5052 0.8630
vn -0.0000 -0.5420 0.8404
vn -0.0000 -0.5790 0.8153
vn -0.0000 -0.6161 0.7877
vn -0.0000 -0.6528 0.7575
vn -0.0000 -0.6890 0.7248
vn -0.0000 -0.7241 0.6896
vn -0.0000 -0.7580 0.6522
vn -0.0000 -0.7903 0.6127
vn -0.0000 -0.8207 0.5714
vn -0.0000 -0.8482 0.5297
vn -0.0000 -0.8725 0.4887
vn -0.0000 -0.8945 0.4472
vn -0.0000 -0.9147 0.4042
vn -0.0000 -0.9329 0.3601
vn -0.0000 -0.9491 0.3150
vn -0.0000 -0.9630 0.2694
vn -0.0000 -0.9747 0.2234
vn -0.0000 -0.9841 0.1776
vn -0.0000 -0.9912 0.1320
vn -0.0000 -0.9962 0.0871
vn -0.0000 -0.9991 0.0431
vn -0.0000 -0.9991 -0.0431
vn -0.0000 -0.9962 -0.0873
vn -0.0000 -0.9912 -0.1324
vn -0.0000 -0.9840 -0.1783
vn -0.0000 -0.9745 -0.2246
vn -0.0000 -0.9626 -0.2710
vn -0.0000 -0.9483 -0.3173
vn -0.0000 -0.9318 -0.3630
vn -0.0000 -0.9131 -0.4078
vn -0.0000 -0.8923 -0.4515
vn -0.0000 -0.8696 -0.4937
vn -0.0000 -0.8449 -0.5349
vn -0.0000 -0.8175 -0.5759
vn -0.0000 -0.7877 -0.6160
vn -0.0000 -0.7561 -0.6545
vn -0.0000 -0.7228 -0.6910
vn -0.0000 -0.6883 -0.7254
vn -0.0000 -0.6528 -0.7575
vn -0.0000 -0.6167 -0.7872
vn -0.0000 -0.5802 -0.8145
vn -0.0000 -0.5436 -0.8393
vn -0.0000 -0.5073 -0.8618
vn -0.0000 -0.4714 -0.8819
vn -0.0000 -0.4340 -0.9009
vn -0.0000 -0.3931 -0.9195
vn -0.0000 -0.3508 -0.9364
vn -0.0000 -0.3095 -0.9509
vn -0.0000 -0.2692 -0.9631
vn -0.0000 -0.2303 -0.9731
vn -0.0000 -0.1928 -0.9812
vn -0.0000 -0.1567 -0.9876
vn -0.0000 -0.1223 -0.9925
vn -0.0000 -0.0895 -0.9960
vn -0.0000 -0.0582 -0.9983
vn -0.0000 -0.0284 -0.9996
vn -0.0000 0.0909 -0.9959
vn -0.0000 0.1240 -0.9923
vn -0.0000 0.1585 -0.9874
vn -0.0000 0.1945 -0.9809
vn -0.0000 0.2318 -0.9728
vn -0.0000 0.2703 -0.9628
vn -0.0000 0.3504 -0.9366
vn -0.0000 0.3916 -0.9201
vn -0.0000 0.4317 -0.9020
vn -0.0000 0.4689 -0.8832
vn -0.0000 0.5052 -0.8630
vn -0.0000 0.5420 -0.8404
vn -0.0000 0.5790 -0.8153
vn -0.0000 0.6161 -0.7877
vn -0.0000 0.6890 -0.7248
vn -0.0000 0.7241 -0.6896
vn -0.0000 0.7580 -0.6522
vn -0.0000 0.7903 -0.6127
vn -0.0000 0.8207 -0.5714
vt 0.259478 0.402852
vt 0.267959 0.402983
vt 0.263717 0.403004
vt 0.272124 0.402787
vt 0.255321 0.402530
vt 0.276211 0.402418
vt 0.251247 0.402035
vt 0.280222 0.401875
vt 0.247255 0.401370
vt 0.284156 0.401159
vt 0.243345 0.400533
vt 0.288012 0.400268
vt 0.239518 0.399524
vt 0.291792 0.399203
vt 0.235773 0.398344
vt 0.295494 0.397965
vt 0.232110 0.396993
vt 0.299120 0.396553
vt 0.228530 0.395470
vt 0.302668 0.394967
vt 0.225032 0.393776
vt 0.306139 0.393207
vt 0.221616 0.391910
vt 0.309534 0.391273
vt 0.218282 0.389873
vt 0.215050 0.387679
vt 0.312831 0.389179
vt 0.211938 0.385343
vt 0.316011 0.386939
vt 0.208945 0.382864
vt 0.319073 0.384553
vt 0.206072 0.380243
vt 0.322018 0.382021
vt 0.203319 0.377479
vt 0.261094 0.379672
vt 0.264074 0.379781
vt 0.267012 0.379764
vt 0.324846 0.379343
vt 0.269906 0.379620
vt 0.258166 0.379436
vt 0.272757 0.379351
vt 0.255289 0.379074
vt 0.275564 0.378955
vt 0.252463 0.378586
vt 0.278327 0.378434
vt 0.249688 0.377971
vt 0.200686 0.374573
vt 0.327557 0.376519
vt 0.281047 0.377787
vt 0.246965 0.377230
vt 0.283723 0.377014
vt 0.244293 0.376363
vt 0.286356 0.376115
vt 0.241672 0.375369
vt 0.288945 0.375090
vt 0.239103 0.374249
vt 0.198173 0.371525
vt 0.330150 0.373549
vt 0.291490 0.373939
vt 0.236585 0.373002
vt 0.293992 0.372663
vt 0.234118 0.371629
vt 0.195780 0.368334
vt 0.332626 0.370433
vt 0.296450 0.371260
vt 0.231702 0.370130
vt 0.298846 0.369734
vt 0.229355 0.368510
vt 0.193506 0.365001
vt 0.334984 0.367171
vt 0.301160 0.368087
vt 0.227093 0.366776
vt 0.303392 0.366319
vt 0.224916 0.364928
vt 0.191352 0.361526
vt 0.337226 0.363763
vt 0.305543 0.364431
vt 0.222825 0.362965
vt 0.307612 0.362422
vt 0.220818 0.360887
vt 0.189318 0.357908
vt 0.339350 0.360209
vt 0.309599 0.360292
vt 0.218897 0.358695
vt 0.311505 0.358041
vt 0.217062 0.356389
vt 0.187404 0.354147
vt 0.341356 0.356509
vt 0.313329 0.355669
vt 0.215311 0.353968
vt 0.185631 0.350255
vt 0.343227 0.352673
vt 0.315071 0.353177
vt 0.213646 0.351433
vt 0.316732 0.350563
vt 0.212066 0.348783
vt 0.184019 0.346243
vt 0.344941 0.348711
vt 0.318311 0.347829
vt 0.210571 0.346019
vt 0.182568 0.342109
vt 0.346500 0.344624
vt 0.319808 0.344974
vt 0.209162 0.343140
vt 0.321207 0.342002
vt 0.207854 0.340148
vt 0.181278 0.337854
vt 0.347904 0.340410
vt 0.322490 0.338916
vt 0.206667 0.337045
vt 0.180149 0.333479
vt 0.349152 0.336071
vt 0.323657 0.335716
vt 0.205598 0.333829
vt 0.324707 0.332403
vt 0.179182 0.328983
vt 0.350244 0.331607
vt 0.204649 0.330501
vt 0.325642 0.328976
vt 0.203819 0.327061
vt 0.351181 0.327016
vt 0.178376 0.324366
vt 0.326462 0.325435
vt 0.203109 0.323509
vt 0.351962 0.322300
vt 0.177732 0.319628
vt 0.327165 0.321780
vt 0.202518 0.319845
vt 0.352587 0.317458
vt 0.177248 0.314769
vt 0.327752 0.318012
vt 0.202047 0.316068
vt 0.328223 0.314130
vt 0.201694 0.312180
vt 0.353057 0.312490
vt 0.176926 0.309789
vt 0.328579 0.310134
vt 0.201462 0.308180
vt 0.353372 0.307397
vt 0.176765 0.304688
vt 0.328818 0.306024
vt 0.201348 0.304068
vt 0.353531 0.302178
vt 0.176766 0.299467
vt 0.328942 0.301801
vt 0.201354 0.299844
vt 0.176924 0.294334
vt 0.201477 0.295708
vt 0.328947 0.297663
vt 0.353531 0.297043
vt 0.328832 0.293628
vt 0.201715 0.291678
vt 0.177240 0.289317
vt 0.353371 0.292019
vt 0.328598 0.289695
vt 0.202069 0.287754
vt 0.177714 0.284417
vt 0.353053 0.287107
vt 0.202540 0.283936
vt 0.328245 0.285864
vt 0.178345 0.279633
vt 0.352575 0.282306
vt 0.203126 0.280225
vt 0.327773 0.282137
vt 0.203828 0.276619
vt 0.327181 0.278512
vt 0.179134 0.274965
vt 0.351938 0.277616
vt 0.204647 0.273120
vt 0.326471 0.274989
vt 0.180081 0.270414
vt 0.351142 0.273038
vt 0.205581 0.269727
vt 0.325641 0.271569
vt 0.181185 0.265979
vt 0.350187 0.268571
vt 0.206632 0.266440
vt 0.324691 0.268251
vt 0.207798 0.263260
vt 0.323623 0.265036
vt 0.182447 0.261660
vt 0.349073 0.264216
vt 0.209081 0.260185
vt 0.322435 0.261924
vt 0.183866 0.257457
vt 0.347799 0.259972
vt 0.210480 0.257217
vt 0.321128 0.258914
vt 0.185443 0.253371
vt 0.346366 0.255840
vt 0.211977 0.254362
vt 0.319719 0.256014
vt 0.213556 0.251628
vt 0.318225 0.253233
vt 0.187178 0.249401
vt 0.344774 0.251819
vt 0.215217 0.249014
vt 0.316645 0.250570
vt 0.189070 0.245548
vt 0.343022 0.247909
vt 0.216959 0.246522
vt 0.314980 0.248025
vt 0.218783 0.244150
vt 0.313229 0.245599
vt 0.191099 0.241826
vt 0.341130 0.244127
vt 0.220689 0.241899
vt 0.311394 0.243291
vt 0.193243 0.238252
vt 0.339117 0.240490
vt 0.222676 0.239769
vt 0.309473 0.241101
vt 0.224745 0.237760
vt 0.307466 0.239029
vt 0.195503 0.234826
vt 0.336981 0.236997
vt 0.226896 0.235872
vt 0.305375 0.237075
vt 0.229128 0.234104
vt 0.303198 0.235240
vt 0.197878 0.231548
vt 0.334724 0.233648
vt 0.231442 0.232457
vt 0.300935 0.233523
vt 0.233838 0.230931
vt 0.298588 0.231924
vt 0.200368 0.228418
vt 0.332345 0.230443
vt 0.236298 0.229528
vt 0.296174 0.230447
vt 0.238805 0.228252
vt 0.293712 0.229094
vt 0.202974 0.225436
vt 0.329844 0.227382
vt 0.241360 0.227101
vt 0.291203 0.227866
vt 0.243962 0.226076
vt 0.288647 0.226762
vt 0.246612 0.225178
vt 0.286043 0.225782
vt 0.205695 0.222602
vt 0.327222 0.224466
vt 0.249309 0.224405
vt 0.283392 0.224928
vt 0.252054 0.223758
vt 0.280693 0.224197
vt 0.254846 0.223237
vt 0.277947 0.223592
vt 0.208532 0.219916
vt 0.324478 0.221694
vt 0.257685 0.222843
vt 0.275153 0.223110
vt 0.260572 0.222574
vt 0.272312 0.222754
vt 0.263506 0.222431
vt 0.269423 0.222522
vt 0.266487 0.222414
vt 0.211483 0.217377
vt 0.321612 0.219066
vt 0.318624 0.216583
vt 0.214551 0.214987
vt 0.315514 0.214244
vt 0.217733 0.212744
vt 0.312283 0.212049
vt 0.221032 0.210649
vt 0.224426 0.208715
vt 0.308949 0.210012
vt 0.227897 0.206955
vt 0.305534 0.208146
vt 0.231446 0.205369
vt 0.302036 0.206452
vt 0.235071 0.203957
vt 0.298455 0.204929
vt 0.238774 0.202718
vt 0.294792 0.203578
vt 0.242553 0.201654
vt 0.291047 0.202398
vt 0.246410 0.200763
vt 0.287220 0.201389
vt 0.250343 0.200046
vt 0.283310 0.200552
vt 0.254354 0.199504
vt 0.279318 0.199887
vt 0.258441 0.199135
vt 0.275244 0.199392
vt 0.262606 0.198939
vt 0.271087 0.199069
vt 0.266848 0.198918
vt 0.954424 0.150555
vt 0.976830 0.000000
vt 0.976830 0.150555
vt 0.954424 0.000000
vt 0.353531 0.403101
vt 0.353531 0.403238
vt 0.353531 0.403004
vt 0.114760 0.721874
vt 0.139898 0.898386
vt 0.114760 0.898386
vt 0.353531 0.403140
vt 0.139898 0.721874
vt 0.437819 0.402941
vt 0.444597 0.402997
vt 0.442060 0.403028
vt 0.447107 0.402906
vt 0.433658 0.402682
vt 0.449591 0.402755
vt 0.452048 0.402542
vt 0.429576 0.402251
vt 0.454479 0.402269
vt 0.456883 0.401935
vt 0.425575 0.401646
vt 0.459261 0.401540
vt 0.421653 0.400869
vt 0.461612 0.401085
vt 0.463936 0.400569
vt 0.417810 0.399920
vt 0.466234 0.399992
vt 0.468505 0.399354
vt 0.414047 0.398797
vt 0.470750 0.398656
vt 0.410364 0.397502
vt 0.472963 0.397899
vt 0.475137 0.397085
vt 0.406761 0.396035
vt 0.477274 0.396214
vt 0.479372 0.395286
vt 0.403237 0.394394
vt 0.481433 0.394301
vt 0.399793 0.392581
vt 0.483456 0.393259
vt 0.485441 0.392161
vt 0.396429 0.390595
vt 0.487387 0.391005
vt 0.489296 0.389793
vt 0.393164 0.388451
vt 0.491167 0.388523
vt 0.493000 0.387197
vt 0.390016 0.386163
vt 0.494795 0.385814
vt 0.386985 0.383730
vt 0.496548 0.384376
vt 0.498253 0.382888
vt 0.384073 0.381153
vt 0.499910 0.381348
vt 0.501520 0.379757
vt 0.381278 0.378432
vt 0.439035 0.379738
vt 0.442060 0.379802
vt 0.443694 0.379783
vt 0.445316 0.379727
vt 0.503083 0.378115
vt 0.436064 0.379544
vt 0.446927 0.379632
vt 0.448527 0.379499
vt 0.433146 0.379222
vt 0.450115 0.379328
vt 0.451692 0.379119
vt 0.430280 0.378770
vt 0.453257 0.378873
vt 0.454811 0.378588
vt 0.427468 0.378190
vt 0.456354 0.378265
vt 0.378600 0.375567
vt 0.457885 0.377905
vt 0.424709 0.377480
vt 0.504598 0.376421
vt 0.459405 0.377506
vt 0.460914 0.377070
vt 0.422004 0.376641
vt 0.462405 0.376597
vt 0.419351 0.375673
vt 0.463874 0.376087
vt 0.506065 0.374676
vt 0.465320 0.375542
vt 0.416751 0.374577
vt 0.376041 0.372558
vt 0.466743 0.374960
vt 0.468143 0.374342
vt 0.507486 0.372880
vt 0.414205 0.373351
vt 0.469521 0.373689
vt 0.470875 0.372999
vt 0.411712 0.371996
vt 0.472207 0.372273
vt 0.508859 0.371033
vt 0.373599 0.369404
vt 0.473517 0.371511
vt 0.409271 0.370512
vt 0.474803 0.370713
vt 0.510184 0.369135
vt 0.476067 0.369879
vt 0.406900 0.368907
vt 0.477308 0.369009
vt 0.371274 0.366106
vt 0.511462 0.367185
vt 0.478522 0.368104
vt 0.404615 0.367188
vt 0.479706 0.367165
vt 0.402415 0.365355
vt 0.512692 0.365184
vt 0.480860 0.366192
vt 0.481983 0.365184
vt 0.369067 0.362664
vt 0.400300 0.363408
vt 0.483076 0.364142
vt 0.513866 0.363136
vt 0.484139 0.363067
vt 0.398271 0.361347
vt 0.514973 0.361044
vt 0.485171 0.361957
vt 0.366978 0.359078
vt 0.486173 0.360812
vt 0.396327 0.359173
vt 0.516014 0.358908
vt 0.487145 0.359634
vt 0.488086 0.358421
vt 0.394468 0.356884
vt 0.365007 0.355348
vt 0.516988 0.356729
vt 0.488996 0.357175
vt 0.489877 0.355894
vt 0.392695 0.354482
vt 0.517896 0.354506
vt 0.490721 0.354578
vt 0.363174 0.351483
vt 0.491524 0.353226
vt 0.518738 0.352239
vt 0.391007 0.351966
vt 0.492285 0.351838
vt 0.519513 0.349929
vt 0.389405 0.349336
vt 0.493004 0.350414
vt 0.361500 0.347496
vt 0.493681 0.348954
vt 0.520222 0.347575
vt 0.387888 0.346592
vt 0.494317 0.347458
vt 0.520864 0.345178
vt 0.359986 0.343385
vt 0.494911 0.345926
vt 0.386456 0.343735
vt 0.495463 0.344357
vt 0.521440 0.342737
vt 0.495974 0.342753
vt 0.385125 0.340765
vt 0.358631 0.339151
vt 0.496442 0.341113
vt 0.521949 0.340252
vt 0.496869 0.339436
vt 0.383910 0.337686
vt 0.522392 0.337724
vt 0.497254 0.337724
vt 0.357436 0.334793
vt 0.382810 0.334496
vt 0.356400 0.330312
vt 0.381826 0.331196
vt 0.380958 0.327786
vt 0.355523 0.325708
vt 0.380206 0.324267
vt 0.354806 0.320980
vt 0.379569 0.320637
vt 0.354248 0.316129
vt 0.379048 0.316897
vt 0.378643 0.313047
vt 0.353849 0.311155
vt 0.378354 0.309087
vt 0.353610 0.306057
vt 0.378180 0.305017
vt 0.353531 0.300836
vt 0.378122 0.300836
vt 0.353610 0.295702
vt 0.378181 0.296700
vt 0.378357 0.292669
vt 0.353849 0.290681
vt 0.378652 0.288745
vt 0.354248 0.285774
vt 0.379063 0.284928
vt 0.354806 0.280981
vt 0.379593 0.281216
vt 0.380240 0.277611
vt 0.355523 0.276302
vt 0.381004 0.274112
vt 0.356400 0.271736
vt 0.381887 0.270719
vt 0.357436 0.267285
vt 0.382887 0.267433
vt 0.384004 0.264253
vt 0.358631 0.262947
vt 0.385240 0.261179
vt 0.496869 0.262553
vt 0.522392 0.264222
vt 0.497254 0.264222
vt 0.521950 0.261737
vt 0.359986 0.258723
vt 0.496442 0.260917
vt 0.521444 0.259293
vt 0.386593 0.258211
vt 0.495974 0.259312
vt 0.495463 0.257740
vt 0.520873 0.256887
vt 0.361500 0.254613
vt 0.388046 0.255354
vt 0.494911 0.256201
vt 0.520237 0.254522
vt 0.494317 0.254693
vt 0.389583 0.252613
vt 0.493681 0.253218
vt 0.363174 0.250617
vt 0.519537 0.252197
vt 0.493004 0.251775
vt 0.391203 0.249988
vt 0.518772 0.249911
vt 0.492285 0.250364
vt 0.365007 0.246735
vt 0.491524 0.248985
vt 0.392907 0.247479
vt 0.517943 0.247666
vt 0.490721 0.247639
vt 0.517049 0.245460
vt 0.489877 0.246325
vt 0.394695 0.245085
vt 0.366978 0.242983
vt 0.488996 0.245044
vt 0.516091 0.243294
vt 0.396566 0.242807
vt 0.488086 0.243798
vt 0.487144 0.242585
vt 0.515068 0.241168
vt 0.369067 0.239376
vt 0.398520 0.240645
vt 0.486173 0.241407
vt 0.485171 0.240263
vt 0.513981 0.239081
vt 0.400558 0.238598
vt 0.484139 0.239153
vt 0.371274 0.235916
vt 0.483076 0.238077
vt 0.512829 0.237035
vt 0.402680 0.236668
vt 0.481983 0.237035
vt 0.480860 0.236027
vt 0.511619 0.235034
vt 0.404884 0.234853
vt 0.479706 0.235054
vt 0.373599 0.232602
vt 0.478522 0.234115
vt 0.510359 0.233084
vt 0.407173 0.233154
vt 0.477308 0.233210
vt 0.476067 0.232340
vt 0.409545 0.231570
vt 0.509046 0.231186
vt 0.376041 0.229435
vt 0.474803 0.231506
vt 0.411983 0.230108
vt 0.473517 0.230708
vt 0.507683 0.229339
vt 0.472207 0.229946
vt 0.414471 0.228773
vt 0.470875 0.229220
vt 0.378600 0.226413
vt 0.506269 0.227543
vt 0.469521 0.228530
vt 0.417007 0.227566
vt 0.468143 0.227877
vt 0.466743 0.227259
vt 0.419594 0.226485
vt 0.504803 0.225798
vt 0.465320 0.226677
vt 0.463874 0.226132
vt 0.422229 0.225531
vt 0.381278 0.223537
vt 0.462405 0.225622
vt 0.503286 0.224104
vt 0.460914 0.225149
vt 0.424914 0.224705
vt 0.459405 0.224713
vt 0.457885 0.224314
vt 0.427649 0.224006
vt 0.456354 0.223954
vt 0.501717 0.222462
vt 0.430432 0.223434
vt 0.454811 0.223631
vt 0.453257 0.223346
vt 0.384073 0.220808
vt 0.433265 0.222989
vt 0.451692 0.223100
vt 0.450115 0.222891
vt 0.436148 0.222671
vt 0.448527 0.222720
vt 0.446927 0.222587
vt 0.439079 0.222480
vt 0.445316 0.222493
vt 0.443694 0.222436
vt 0.442060 0.222417
vt 0.500098 0.220871
vt 0.498427 0.219331
vt 0.386985 0.218224
vt 0.496705 0.217843
vt 0.390016 0.215787
vt 0.494932 0.216405
vt 0.493115 0.215021
vt 0.393164 0.213496
vt 0.491262 0.213692
vt 0.489373 0.212418
vt 0.396429 0.211350
vt 0.487448 0.211199
vt 0.399793 0.209365
vt 0.485487 0.210035
vt 0.483490 0.208925
vt 0.403237 0.207552
vt 0.481457 0.207871
vt 0.479388 0.206872
vt 0.406761 0.205911
vt 0.477282 0.205928
vt 0.475141 0.205039
vt 0.410364 0.204444
vt 0.472964 0.204205
vt 0.414047 0.203149
vt 0.470750 0.203427
vt 0.468505 0.202706
vt 0.417810 0.202026
vt 0.466234 0.202049
vt 0.463936 0.201454
vt 0.421653 0.201076
vt 0.461612 0.200922
vt 0.425575 0.200299
vt 0.459261 0.200452
vt 0.456883 0.200045
vt 0.429576 0.199695
vt 0.454479 0.199701
vt 0.452048 0.199419
vt 0.433658 0.199263
vt 0.449591 0.199200
vt 0.437819 0.199004
vt 0.447107 0.199043
vt 0.444597 0.198949
vt 0.442060 0.198918
vt 0.396743 0.000000
vt 0.421881 0.176512
vt 0.396743 0.198918
vt 0.518881 0.198918
vt 0.518881 0.176512
vt 0.421881 0.111755
vt 0.421881 0.089349
vt 0.512050 0.111755
vt 0.512050 0.089349
vt 0.421881 0.022406
vt 0.519974 0.022406
vt 0.519974 0.000000
vt -0.000000 0.000000
vt 0.020220 0.178698
vt -0.000000 0.198918
vt 0.035794 0.198918
vt 0.022952 0.178698
vt 0.084704 0.073228
vt 0.114214 0.073228
vt 0.174600 0.178698
vt 0.162577 0.198918
vt 0.198372 0.198918
vt 0.176786 0.178698
vt 0.198372 0.000000
vt 0.020809 0.177061
vt 0.022997 0.177417
vt 0.174598 0.177285
vt 0.176327 0.177149
vt 0.023039 0.176122
vt 0.174592 0.175867
vt 0.175864 0.175598
vt 0.021392 0.175427
vt 0.023080 0.174813
vt 0.174583 0.174446
vt 0.175394 0.174045
vt 0.021970 0.173797
vt 0.023119 0.173492
vt 0.174570 0.173021
vt 0.174919 0.172490
vt 0.022542 0.172171
vt 0.023156 0.172157
vt 0.174552 0.171592
vt 0.174438 0.170933
vt 0.023109 0.170549
vt 0.023191 0.170809
vt 0.174532 0.170160
vt 0.173951 0.169374
vt 0.023224 0.169447
vt 0.023669 0.168930
vt 0.174507 0.168723
vt 0.023256 0.168072
vt 0.173458 0.167813
vt 0.024224 0.167315
vt 0.174478 0.167283
vt 0.023285 0.166684
vt 0.172960 0.166251
vt 0.024774 0.165704
vt 0.174446 0.165839
vt 0.023313 0.165283
vt 0.172457 0.164686
vt 0.174410 0.164391
vt 0.025317 0.164097
vt 0.023338 0.163869
vt 0.171947 0.163120
vt 0.174370 0.162940
vt 0.025855 0.162494
vt 0.023362 0.162441
vt 0.171432 0.161552
vt 0.174327 0.161484
vt 0.026387 0.160894
vt 0.023385 0.161006
vt 0.170911 0.159982
vt 0.174282 0.160028
vt 0.023407 0.159572
vt 0.026914 0.159298
vt 0.174239 0.158574
vt 0.170388 0.158415
vt 0.023430 0.158137
vt 0.027437 0.157711
vt 0.174198 0.157121
vt 0.169867 0.156858
vt 0.023453 0.156703
vt 0.027958 0.156137
vt 0.174160 0.155670
vt 0.169348 0.155311
vt 0.023476 0.155268
vt 0.028477 0.154577
vt 0.174123 0.154222
vt 0.168831 0.153773
vt 0.023499 0.153834
vt 0.028994 0.153029
vt 0.174087 0.152775
vt 0.023521 0.152399
vt 0.168316 0.152244
vt 0.029509 0.151495
vt 0.174054 0.151330
vt 0.023544 0.150965
vt 0.167803 0.150726
vt 0.030022 0.149974
vt 0.174023 0.149887
vt 0.023567 0.149530
vt 0.167292 0.149216
vt 0.030534 0.148467
vt 0.173994 0.148446
vt 0.023590 0.148096
vt 0.166782 0.147716
vt 0.031043 0.146972
vt 0.173966 0.147006
vt 0.023612 0.146661
vt 0.166275 0.146226
vt 0.173940 0.145569
vt 0.031551 0.145491
vt 0.023635 0.145227
vt 0.165769 0.144745
vt 0.173917 0.144134
vt 0.032056 0.144024
vt 0.023658 0.143795
vt 0.165265 0.143273
vt 0.173894 0.142705
vt 0.032560 0.142569
vt 0.023681 0.142369
vt 0.164763 0.141811
vt 0.173871 0.141287
vt 0.033062 0.141128
vt 0.023703 0.140949
vt 0.164265 0.140364
vt 0.173848 0.139881
vt 0.033560 0.139704
vt 0.023726 0.139534
vt 0.163773 0.138938
vt 0.173826 0.138487
vt 0.034052 0.138301
vt 0.023749 0.138125
vt 0.163286 0.137533
vt 0.173803 0.137103
vt 0.034539 0.136918
vt 0.023772 0.136722
vt 0.162805 0.136149
vt 0.173780 0.135732
vt 0.035020 0.135557
vt 0.023795 0.135325
vt 0.162330 0.134786
vt 0.173757 0.134371
vt 0.035495 0.134216
vt 0.023817 0.133933
vt 0.161860 0.133443
vt 0.173735 0.133022
vt 0.035965 0.132897
vt 0.023840 0.132547
vt 0.161396 0.132122
vt 0.173712 0.131684
vt 0.036429 0.131598
vt 0.023863 0.131166
vt 0.160938 0.130821
vt 0.173689 0.130358
vt 0.036887 0.130320
vt 0.023886 0.129791
vt 0.160485 0.129541
vt 0.173666 0.129043
vt 0.037340 0.129063
vt 0.023908 0.128422
vt 0.160038 0.128282
vt 0.037787 0.127827
vt 0.173643 0.127739
vt 0.023930 0.127068
vt 0.159597 0.127044
vt 0.038228 0.126611
vt 0.173622 0.126452
vt 0.023950 0.125736
vt 0.159162 0.125827
vt 0.038663 0.125417
vt 0.173602 0.125185
vt 0.158734 0.124636
vt 0.023968 0.124426
vt 0.039091 0.124250
vt 0.173584 0.123940
vt 0.158316 0.123478
vt 0.023984 0.123140
vt 0.039510 0.123117
vt 0.173568 0.122715
vt 0.157907 0.122351
vt 0.023999 0.121876
vt 0.039919 0.122018
vt 0.173553 0.121511
vt 0.157507 0.121257
vt 0.040318 0.120954
vt 0.024011 0.120635
vt 0.173541 0.120328
vt 0.157117 0.120196
vt 0.040708 0.119924
vt 0.024021 0.119417
vt 0.173531 0.119165
vt 0.156737 0.119166
vt 0.041088 0.118927
vt 0.024030 0.118221
vt 0.156366 0.118169
vt 0.173522 0.118024
vt 0.041459 0.117965
vt 0.024036 0.117049
vt 0.156004 0.117204
vt 0.173515 0.116904
vt 0.041821 0.117037
vt 0.155652 0.116272
vt 0.024041 0.115899
vt 0.042173 0.116144
vt 0.173511 0.115804
vt 0.155310 0.115371
vt 0.042515 0.115284
vt 0.024044 0.114772
vt 0.173508 0.114725
vt 0.154977 0.114503
vt 0.042848 0.114459
vt 0.024045 0.113667
vt 0.173507 0.113667
vt 0.154653 0.113667
vt 0.043172 0.113667
vt 0.024045 0.000000
vt 0.088256 0.000000
vt 0.110115 0.000000
vt 0.173507 0.000000
vt 0.085025 0.072441
vt 0.113936 0.072440
vt 0.085349 0.071627
vt 0.113648 0.071623
vt 0.085678 0.070786
vt 0.113352 0.070777
vt 0.086010 0.069919
vt 0.113045 0.069904
vt 0.086345 0.069025
vt 0.112729 0.069001
vt 0.086685 0.068105
vt 0.112404 0.068071
vt 0.087029 0.067158
vt 0.112069 0.067112
vt 0.087376 0.066185
vt 0.111724 0.066124
vt 0.087727 0.065185
vt 0.111371 0.065108
vt 0.088082 0.064158
vt 0.111007 0.064063
vt 0.088440 0.063105
vt 0.110634 0.062990
vt 0.088803 0.062025
vt 0.110252 0.061889
vt 0.089169 0.060925
vt 0.109864 0.060765
vt 0.089539 0.059809
vt 0.109474 0.059627
vt 0.089913 0.058678
vt 0.109082 0.058473
vt 0.090290 0.057532
vt 0.108688 0.057304
vt 0.090672 0.056371
vt 0.108293 0.056120
vt 0.091057 0.055194
vt 0.107895 0.054921
vt 0.091446 0.054003
vt 0.107496 0.053707
vt 0.091839 0.052796
vt 0.107095 0.052477
vt 0.092235 0.051574
vt 0.106691 0.051232
vt 0.092636 0.050337
vt 0.106286 0.049972
vt 0.093040 0.049084
vt 0.105879 0.048697
vt 0.093448 0.047817
vt 0.105470 0.047407
vt 0.093857 0.046543
vt 0.105061 0.046112
vt 0.094264 0.045270
vt 0.104654 0.044823
vt 0.094669 0.044000
vt 0.104249 0.043539
vt 0.095072 0.042732
vt 0.103846 0.042261
vt 0.095473 0.041465
vt 0.103445 0.040989
vt 0.095873 0.040200
vt 0.103045 0.039722
vt 0.096270 0.038938
vt 0.102648 0.038461
vt 0.096666 0.037677
vt 0.102252 0.037206
vt 0.097060 0.036418
vt 0.101858 0.035957
vt 0.097451 0.035161
vt 0.101467 0.034713
vt 0.097841 0.033905
vt 0.101077 0.033475
vt 0.098229 0.032652
vt 0.100689 0.032242
vt 0.098612 0.031410
vt 0.100304 0.031024
vt 0.098985 0.030189
vt 0.099926 0.029829
vt 0.099348 0.028989
vt 0.099553 0.028656
vt 0.099186 0.027506
vt 0.099702 0.027810
vt 0.100046 0.026651
vt 0.098824 0.026379
vt 0.100381 0.025514
vt 0.098469 0.025275
vt 0.100707 0.024397
vt 0.098118 0.024193
vt 0.101023 0.023301
vt 0.097774 0.023134
vt 0.101329 0.022226
vt 0.097435 0.022098
vt 0.101626 0.021172
vt 0.097102 0.021085
vt 0.101913 0.020139
vt 0.096775 0.020094
vt 0.102191 0.019127
vt 0.096453 0.019127
vt 0.094052 0.402852
vt 0.089813 0.403004
vt 0.085572 0.402982
vt 0.081407 0.402787
vt 0.098209 0.402530
vt 0.077319 0.402418
vt 0.102284 0.402035
vt 0.073309 0.401875
vt 0.106276 0.401370
vt 0.069375 0.401159
vt 0.110185 0.400533
vt 0.065519 0.400268
vt 0.114013 0.399524
vt 0.061739 0.399203
vt 0.117758 0.398344
vt 0.058037 0.397965
vt 0.121421 0.396993
vt 0.054411 0.396553
vt 0.125001 0.395470
vt 0.050863 0.394967
vt 0.128499 0.393776
vt 0.047391 0.393207
vt 0.131915 0.391910
vt 0.043997 0.391273
vt 0.135248 0.389873
vt 0.138480 0.387679
vt 0.040700 0.389179
vt 0.141593 0.385343
vt 0.037520 0.386939
vt 0.144586 0.382864
vt 0.034458 0.384553
vt 0.147458 0.380243
vt 0.031512 0.382021
vt 0.150211 0.377479
vt 0.092437 0.379672
vt 0.089457 0.379781
vt 0.086519 0.379764
vt 0.028685 0.379343
vt 0.083625 0.379620
vt 0.095365 0.379436
vt 0.080774 0.379351
vt 0.098242 0.379074
vt 0.077967 0.378955
vt 0.101068 0.378586
vt 0.075203 0.378434
vt 0.103842 0.377971
vt 0.152844 0.374573
vt 0.025974 0.376519
vt 0.072484 0.377787
vt 0.106566 0.377230
vt 0.069807 0.377014
vt 0.109238 0.376363
vt 0.067175 0.376115
vt 0.111858 0.375369
vt 0.064586 0.375090
vt 0.114428 0.374249
vt 0.155358 0.371525
vt 0.023381 0.373549
vt 0.062040 0.373939
vt 0.116946 0.373002
vt 0.059539 0.372662
vt 0.119413 0.371629
vt 0.157751 0.368334
vt 0.020905 0.370433
vt 0.057080 0.371260
vt 0.121828 0.370130
vt 0.054685 0.369734
vt 0.124176 0.368510
vt 0.160025 0.365001
vt 0.018546 0.367171
vt 0.052371 0.368087
vt 0.126438 0.366776
vt 0.050139 0.366319
vt 0.128615 0.364928
vt 0.162179 0.361526
vt 0.016305 0.363763
vt 0.047988 0.364431
vt 0.130706 0.362965
vt 0.045919 0.362422
vt 0.132712 0.360887
vt 0.164212 0.357908
vt 0.014181 0.360209
vt 0.043932 0.360292
vt 0.134633 0.358695
vt 0.042026 0.358041
vt 0.136469 0.356389
vt 0.166126 0.354147
vt 0.012174 0.356509
vt 0.040202 0.355669
vt 0.138220 0.353968
vt 0.167900 0.350255
vt 0.010304 0.352673
vt 0.038460 0.353177
vt 0.139885 0.351433
vt 0.036799 0.350563
vt 0.141465 0.348783
vt 0.169512 0.346243
vt 0.008589 0.348711
vt 0.035220 0.347829
vt 0.142960 0.346019
vt 0.170963 0.342109
vt 0.007030 0.344624
vt 0.033722 0.344974
vt 0.144369 0.343140
vt 0.032324 0.342002
vt 0.145676 0.340148
vt 0.172253 0.337854
vt 0.005627 0.340410
vt 0.031041 0.338916
vt 0.146864 0.337045
vt 0.173381 0.333479
vt 0.004379 0.336071
vt 0.029874 0.335716
vt 0.147933 0.333829
vt 0.028823 0.332403
vt 0.174348 0.328983
vt 0.003287 0.331607
vt 0.148882 0.330501
vt 0.027888 0.328976
vt 0.149711 0.327061
vt 0.002350 0.327016
vt 0.175154 0.324366
vt 0.027069 0.325435
vt 0.150422 0.323509
vt 0.001569 0.322300
vt 0.175799 0.319628
vt 0.026366 0.321780
vt 0.151013 0.319845
vt 0.000943 0.317458
vt 0.176282 0.314769
vt 0.025779 0.318012
vt 0.151484 0.316068
vt 0.025307 0.314130
vt 0.151836 0.312180
vt 0.000473 0.312490
vt 0.176605 0.309789
vt 0.024952 0.310134
vt 0.152069 0.308180
vt 0.000159 0.307397
vt 0.176765 0.304688
vt 0.024712 0.306024
vt 0.152182 0.304068
vt 0.000000 0.302178
vt 0.176765 0.299467
vt 0.024589 0.301801
vt 0.152176 0.299844
vt 0.176607 0.294334
vt 0.152054 0.295708
vt 0.024584 0.297663
vt 0.000000 0.297043
vt 0.024699 0.293628
vt 0.151816 0.291678
vt 0.176291 0.289317
vt 0.000159 0.292019
vt 0.024932 0.289695
vt 0.151461 0.287754
vt 0.175817 0.284417
vt 0.000478 0.287107
vt 0.150991 0.283936
vt 0.025286 0.285864
vt 0.175186 0.279633
vt 0.000955 0.282306
vt 0.150405 0.280225
vt 0.025758 0.282137
vt 0.149702 0.276619
vt 0.026349 0.278512
vt 0.174397 0.274965
vt 0.001592 0.277616
vt 0.148884 0.273120
vt 0.027060 0.274989
vt 0.173450 0.270414
vt 0.002388 0.273038
vt 0.147949 0.269727
vt 0.027890 0.271569
vt 0.172346 0.265979
vt 0.003344 0.268571
vt 0.146899 0.266440
vt 0.028839 0.268251
vt 0.145732 0.263260
vt 0.029908 0.265036
vt 0.171084 0.261660
vt 0.004458 0.264216
vt 0.144450 0.260185
vt 0.031095 0.261924
vt 0.169665 0.257457
vt 0.005732 0.259972
vt 0.143051 0.257217
vt 0.032402 0.258914
vt 0.168088 0.253371
vt 0.007165 0.255840
vt 0.141554 0.254362
vt 0.033811 0.256014
vt 0.139975 0.251628
vt 0.035306 0.253233
vt 0.166353 0.249401
vt 0.008757 0.251819
vt 0.138314 0.249014
vt 0.036886 0.250570
vt 0.164461 0.245548
vt 0.010508 0.247909
vt 0.136571 0.246522
vt 0.038551 0.248025
vt 0.134747 0.244150
vt 0.040301 0.245599
vt 0.162432 0.241826
vt 0.012400 0.244127
vt 0.132842 0.241899
vt 0.042137 0.243291
vt 0.160288 0.238252
vt 0.014414 0.240490
vt 0.130854 0.239769
vt 0.044058 0.241101
vt 0.128785 0.237760
vt 0.046064 0.239029
vt 0.158028 0.234826
vt 0.016549 0.236997
vt 0.126635 0.235872
vt 0.048156 0.237075
vt 0.124403 0.234104
vt 0.050333 0.235240
vt 0.155653 0.231548
vt 0.018807 0.233648
vt 0.122089 0.232457
vt 0.052595 0.233523
vt 0.119693 0.230931
vt 0.054943 0.231924
vt 0.153163 0.228418
vt 0.021186 0.230443
vt 0.117233 0.229528
vt 0.057357 0.230447
vt 0.114726 0.228252
vt 0.059819 0.229094
vt 0.150557 0.225436
vt 0.023686 0.227382
vt 0.112171 0.227101
vt 0.062327 0.227866
vt 0.109568 0.226076
vt 0.064884 0.226762
vt 0.106919 0.225178
vt 0.067488 0.225782
vt 0.147836 0.222602
vt 0.026309 0.224466
vt 0.104222 0.224405
vt 0.070139 0.224928
vt 0.101477 0.223758
vt 0.072838 0.224197
vt 0.098685 0.223237
vt 0.075584 0.223592
vt 0.144999 0.219916
vt 0.029053 0.221694
vt 0.095846 0.222843
vt 0.078378 0.223110
vt 0.092959 0.222574
vt 0.081219 0.222754
vt 0.090025 0.222431
vt 0.084107 0.222522
vt 0.087043 0.222414
vt 0.142047 0.217377
vt 0.031919 0.219066
vt 0.034907 0.216583
vt 0.138980 0.214987
vt 0.038016 0.214244
vt 0.135797 0.212744
vt 0.041248 0.212049
vt 0.132499 0.210649
vt 0.129105 0.208715
vt 0.044581 0.210012
vt 0.125633 0.206955
vt 0.047997 0.208146
vt 0.122085 0.205369
vt 0.051495 0.206452
vt 0.118460 0.203957
vt 0.055076 0.204929
vt 0.114757 0.202718
vt 0.058738 0.203578
vt 0.110978 0.201654
vt 0.062483 0.202398
vt 0.107121 0.200763
vt 0.066311 0.201389
vt 0.103188 0.200046
vt 0.070221 0.200552
vt 0.099177 0.199504
vt 0.074213 0.199887
vt 0.095089 0.199135
vt 0.078287 0.199392
vt 0.090925 0.198939
vt 0.082444 0.199069
vt 0.086683 0.198918
vt 0.956843 0.198918
vt 0.979248 0.198918
vt 0.979248 0.349473
vt 0.956843 0.349473
vt 0.353531 0.403101
vt 0.353531 0.403004
vt 0.353531 0.403238
vt 0.165036 0.721874
vt 0.165036 0.898386
vt 0.353531 0.403140
vt 0.084573 0.607027
vt 0.080332 0.607113
vt 0.077795 0.607083
vt 0.075285 0.606992
vt 0.088734 0.606768
vt 0.072801 0.606840
vt 0.070344 0.606628
vt 0.092816 0.606336
vt 0.067913 0.606354
vt 0.065509 0.606020
vt 0.096818 0.605732
vt 0.063132 0.605626
vt 0.100740 0.604955
vt 0.060781 0.605170
vt 0.058456 0.604654
vt 0.104582 0.604005
vt 0.056158 0.604077
vt 0.053887 0.603440
vt 0.108345 0.602883
vt 0.051642 0.602742
vt 0.112028 0.601588
vt 0.049430 0.601984
vt 0.047255 0.601170
vt 0.115631 0.600120
vt 0.045119 0.600299
vt 0.043020 0.599372
vt 0.119155 0.598480
vt 0.040959 0.598387
vt 0.122599 0.596667
vt 0.038937 0.597345
vt 0.036952 0.596246
vt 0.125963 0.594681
vt 0.035005 0.595091
vt 0.033096 0.593878
vt 0.129229 0.592537
vt 0.031225 0.592609
vt 0.029392 0.591283
vt 0.132377 0.590248
vt 0.027597 0.589899
vt 0.135407 0.587816
vt 0.025845 0.588462
vt 0.024140 0.586973
vt 0.138320 0.585239
vt 0.022482 0.585434
vt 0.020872 0.583843
vt 0.141115 0.582518
vt 0.083357 0.583824
vt 0.080332 0.583888
vt 0.078699 0.583869
vt 0.077076 0.583812
vt 0.019310 0.582200
vt 0.086328 0.583630
vt 0.075465 0.583717
vt 0.073866 0.583584
vt 0.089247 0.583307
vt 0.072278 0.583414
vt 0.070701 0.583205
vt 0.092112 0.582856
vt 0.069135 0.582958
vt 0.067581 0.582674
vt 0.094924 0.582275
vt 0.066039 0.582351
vt 0.143792 0.579653
vt 0.064507 0.581991
vt 0.097683 0.581565
vt 0.017795 0.580507
vt 0.062987 0.581592
vt 0.061479 0.581156
vt 0.100389 0.580727
vt 0.059987 0.580682
vt 0.103042 0.579759
vt 0.058519 0.580173
vt 0.016327 0.578762
vt 0.057073 0.579627
vt 0.105641 0.578662
vt 0.146352 0.576643
vt 0.055650 0.579046
vt 0.054249 0.578428
vt 0.014907 0.576966
vt 0.108188 0.577437
vt 0.052872 0.577774
vt 0.051517 0.577085
vt 0.110681 0.576082
vt 0.050185 0.576359
vt 0.013534 0.575119
vt 0.148794 0.573490
vt 0.048876 0.575597
vt 0.113121 0.574598
vt 0.047589 0.574799
vt 0.012209 0.573220
vt 0.046325 0.573965
vt 0.115492 0.572993
vt 0.045085 0.573095
vt 0.151118 0.570192
vt 0.010931 0.571271
vt 0.043870 0.572190
vt 0.117777 0.571274
vt 0.042686 0.571251
vt 0.119978 0.569441
vt 0.009700 0.569270
vt 0.041532 0.570277
vt 0.040409 0.569270
vt 0.153325 0.566750
vt 0.122092 0.567494
vt 0.039316 0.568228
vt 0.008526 0.567221
vt 0.038254 0.567152
vt 0.124122 0.565433
vt 0.007419 0.565129
vt 0.037221 0.566042
vt 0.155414 0.563164
vt 0.036219 0.564898
vt 0.126066 0.563258
vt 0.006378 0.562994
vt 0.035248 0.563720
vt 0.034307 0.562507
vt 0.127924 0.560970
vt 0.157386 0.559433
vt 0.005404 0.560814
vt 0.033396 0.561260
vt 0.032516 0.559980
vt 0.129698 0.558568
vt 0.004496 0.558592
vt 0.031671 0.558664
vt 0.159219 0.555569
vt 0.030868 0.557312
vt 0.003655 0.556325
vt 0.131385 0.556052
vt 0.030108 0.555924
vt 0.002880 0.554015
vt 0.132988 0.553422
vt 0.029388 0.554500
vt 0.160892 0.551581
vt 0.028711 0.553040
vt 0.002171 0.551661
vt 0.134505 0.550678
vt 0.028075 0.551543
vt 0.001528 0.549264
vt 0.162407 0.547470
vt 0.027481 0.550011
vt 0.135936 0.547821
vt 0.026929 0.548443
vt 0.000953 0.546822
vt 0.026419 0.546839
vt 0.137268 0.544851
vt 0.163761 0.543236
vt 0.025950 0.545198
vt 0.000443 0.544338
vt 0.025523 0.543522
vt 0.138483 0.541771
vt 0.000000 0.541809
vt 0.025138 0.541809
vt 0.164957 0.538879
vt 0.139583 0.538582
vt 0.165993 0.534398
vt 0.140566 0.535282
vt 0.141434 0.531872
vt 0.166869 0.529793
vt 0.142187 0.528352
vt 0.167587 0.525066
vt 0.142823 0.524722
vt 0.168145 0.520215
vt 0.143344 0.520982
vt 0.143749 0.517132
vt 0.168543 0.515240
vt 0.144039 0.513172
vt 0.168782 0.510143
vt 0.144212 0.509102
vt 0.168862 0.504922
vt 0.144270 0.504922
vt 0.168782 0.499787
vt 0.144211 0.500785
vt 0.144035 0.496755
vt 0.168543 0.494767
vt 0.143741 0.492831
vt 0.168145 0.489860
vt 0.143329 0.489013
vt 0.167587 0.485067
vt 0.142800 0.485302
vt 0.142153 0.481697
vt 0.166870 0.480387
vt 0.141388 0.478198
vt 0.165993 0.475822
vt 0.140506 0.474805
vt 0.164957 0.471370
vt 0.139506 0.471518
vt 0.138388 0.468338
vt 0.163761 0.467033
vt 0.137153 0.465264
vt 0.025523 0.466639
vt 0.025138 0.468308
vt 0.000000 0.468308
vt 0.000442 0.465823
vt 0.162407 0.462809
vt 0.025950 0.465002
vt 0.000949 0.463378
vt 0.135800 0.462297
vt 0.026419 0.463398
vt 0.026929 0.461826
vt 0.001520 0.460973
vt 0.160892 0.458699
vt 0.134346 0.459440
vt 0.027481 0.460286
vt 0.002156 0.458608
vt 0.028075 0.458779
vt 0.132809 0.456699
vt 0.028711 0.457303
vt 0.159219 0.454703
vt 0.002856 0.456283
vt 0.029388 0.455860
vt 0.131189 0.454074
vt 0.003620 0.453997
vt 0.030108 0.454450
vt 0.157386 0.450821
vt 0.030868 0.453071
vt 0.129485 0.451564
vt 0.004450 0.451751
vt 0.031671 0.451725
vt 0.005343 0.449545
vt 0.032516 0.450411
vt 0.127698 0.449171
vt 0.155414 0.447068
vt 0.033396 0.449130
vt 0.006302 0.447379
vt 0.125827 0.446893
vt 0.034307 0.447883
vt 0.035248 0.446671
vt 0.007324 0.445253
vt 0.153325 0.443462
vt 0.123872 0.444731
vt 0.036220 0.445492
vt 0.037221 0.444348
vt 0.008412 0.443167
vt 0.121834 0.442684
vt 0.038254 0.443238
vt 0.151118 0.440002
vt 0.039316 0.442162
vt 0.009563 0.441121
vt 0.119713 0.440753
vt 0.040409 0.441121
vt 0.041532 0.440113
vt 0.010773 0.439120
vt 0.117508 0.438938
vt 0.042686 0.439140
vt 0.148794 0.436688
vt 0.043870 0.438200
vt 0.012034 0.437170
vt 0.115220 0.437239
vt 0.045085 0.437295
vt 0.046325 0.436425
vt 0.112848 0.435656
vt 0.013346 0.435272
vt 0.146352 0.433520
vt 0.047589 0.435591
vt 0.110410 0.434194
vt 0.048876 0.434793
vt 0.014709 0.433424
vt 0.050185 0.434032
vt 0.107922 0.432859
vt 0.051517 0.433306
vt 0.143792 0.430498
vt 0.016124 0.431628
vt 0.052872 0.432616
vt 0.105385 0.431651
vt 0.054249 0.431962
vt 0.055650 0.431345
vt 0.102799 0.430571
vt 0.017590 0.429884
vt 0.057073 0.430763
vt 0.058519 0.430218
vt 0.100163 0.429617
vt 0.141115 0.427623
vt 0.059987 0.429708
vt 0.019107 0.428190
vt 0.061479 0.429235
vt 0.097478 0.428791
vt 0.062987 0.428798
vt 0.064507 0.428400
vt 0.094744 0.428091
vt 0.066039 0.428039
vt 0.020675 0.426548
vt 0.091960 0.427519
vt 0.067581 0.427717
vt 0.069135 0.427432
vt 0.138320 0.424893
vt 0.089127 0.427074
vt 0.070701 0.427185
vt 0.072278 0.426977
vt 0.086245 0.426757
vt 0.073866 0.426806
vt 0.075465 0.426673
vt 0.083313 0.426566
vt 0.077076 0.426578
vt 0.078699 0.426521
vt 0.080332 0.426502
vt 0.022295 0.424957
vt 0.023965 0.423417
vt 0.135407 0.422310
vt 0.025687 0.421928
vt 0.132377 0.419872
vt 0.027461 0.420491
vt 0.029277 0.419107
vt 0.129229 0.417581
vt 0.031130 0.417778
vt 0.033019 0.416503
vt 0.125963 0.415436
vt 0.034944 0.415284
vt 0.122599 0.413450
vt 0.036905 0.414120
vt 0.038902 0.413011
vt 0.119155 0.411637
vt 0.040936 0.411957
vt 0.043005 0.410958
vt 0.115631 0.409997
vt 0.045110 0.410014
vt 0.047251 0.409125
vt 0.112028 0.408529
vt 0.049429 0.408291
vt 0.108345 0.407234
vt 0.051642 0.407512
vt 0.053887 0.406792
vt 0.104582 0.406112
vt 0.056158 0.406135
vt 0.058456 0.405540
vt 0.100740 0.405162
vt 0.060781 0.405007
vt 0.096818 0.404385
vt 0.063132 0.404538
vt 0.065509 0.404131
vt 0.092816 0.403781
vt 0.067913 0.403786
vt 0.070344 0.403505
vt 0.088734 0.403349
vt 0.072801 0.403286
vt 0.084573 0.403090
vt 0.075285 0.403129
vt 0.077795 0.403035
vt 0.080332 0.403004
vt 0.292093 0.403004
vt 0.292093 0.601922
vt 0.266955 0.579516
vt 0.169955 0.601922
vt 0.169955 0.579516
vt 0.266955 0.514759
vt 0.266955 0.492353
vt 0.176786 0.514759
vt 0.176786 0.492353
vt 0.266955 0.425409
vt 0.168862 0.425409
vt 0.168862 0.403004
vt 0.396743 0.000000
vt 0.396743 0.198918
vt 0.376524 0.178698
vt 0.360949 0.198918
vt 0.373791 0.178698
vt 0.312039 0.073228
vt 0.282529 0.073228
vt 0.234166 0.198918
vt 0.222143 0.178698
vt 0.198372 0.198918
vt 0.219957 0.178698
vt 0.198372 0.000000
vt 0.375934 0.177061
vt 0.373747 0.177417
vt 0.222145 0.177285
vt 0.220416 0.177149
vt 0.373704 0.176122
vt 0.222151 0.175867
vt 0.220880 0.175598
vt 0.375351 0.175427
vt 0.373663 0.174813
vt 0.222160 0.174446
vt 0.221349 0.174045
vt 0.374773 0.173797
vt 0.373624 0.173492
vt 0.222174 0.173021
vt 0.221825 0.172490
vt 0.374201 0.172171
vt 0.373587 0.172157
vt 0.222191 0.171592
vt 0.222306 0.170933
vt 0.373635 0.170549
vt 0.373552 0.170809
vt 0.222212 0.170160
vt 0.222792 0.169374
vt 0.373519 0.169447
vt 0.373074 0.168930
vt 0.222236 0.168723
vt 0.373488 0.168072
vt 0.223285 0.167813
vt 0.372519 0.167315
vt 0.222265 0.167283
vt 0.373458 0.166684
vt 0.223783 0.166251
vt 0.371970 0.165704
vt 0.222297 0.165839
vt 0.373431 0.165283
vt 0.224287 0.164686
vt 0.222333 0.164391
vt 0.371426 0.164097
vt 0.373405 0.163869
vt 0.224796 0.163120
vt 0.222373 0.162940
vt 0.370888 0.162494
vt 0.373381 0.162441
vt 0.225311 0.161552
vt 0.222417 0.161484
vt 0.370356 0.160894
vt 0.373359 0.161006
vt 0.225832 0.159982
vt 0.222461 0.160028
vt 0.373336 0.159572
vt 0.369829 0.159298
vt 0.222504 0.158574
vt 0.226355 0.158415
vt 0.373313 0.158137
vt 0.369306 0.157711
vt 0.222545 0.157121
vt 0.226876 0.156858
vt 0.373290 0.156703
vt 0.368786 0.156137
vt 0.222584 0.155670
vt 0.227395 0.155311
vt 0.373267 0.155268
vt 0.368267 0.154577
vt 0.222621 0.154222
vt 0.227912 0.153773
vt 0.373245 0.153834
vt 0.367750 0.153029
vt 0.222656 0.152775
vt 0.373222 0.152399
vt 0.228427 0.152244
vt 0.367234 0.151495
vt 0.222689 0.151330
vt 0.373199 0.150965
vt 0.228940 0.150726
vt 0.366721 0.149974
vt 0.222720 0.149887
vt 0.373176 0.149530
vt 0.229452 0.149216
vt 0.366210 0.148467
vt 0.222750 0.148446
vt 0.373154 0.148096
vt 0.229961 0.147716
vt 0.365700 0.146972
vt 0.222777 0.147006
vt 0.373131 0.146661
vt 0.230469 0.146226
vt 0.222803 0.145569
vt 0.365193 0.145491
vt 0.373108 0.145227
vt 0.230974 0.144745
vt 0.222827 0.144134
vt 0.364687 0.144024
vt 0.373085 0.143795
vt 0.231478 0.143273
vt 0.222849 0.142705
vt 0.364183 0.142569
vt 0.373062 0.142369
vt 0.231980 0.141811
vt 0.222872 0.141287
vt 0.363681 0.141128
vt 0.373040 0.140949
vt 0.232478 0.140364
vt 0.222895 0.139881
vt 0.363183 0.139704
vt 0.373017 0.139534
vt 0.232971 0.138938
vt 0.222918 0.138487
vt 0.362691 0.138301
vt 0.372994 0.138125
vt 0.233457 0.137533
vt 0.222940 0.137103
vt 0.362204 0.136918
vt 0.372971 0.136722
vt 0.233938 0.136149
vt 0.222963 0.135732
vt 0.361723 0.135557
vt 0.372949 0.135325
vt 0.234414 0.134786
vt 0.222986 0.134371
vt 0.361248 0.134216
vt 0.372926 0.133933
vt 0.234883 0.133443
vt 0.223009 0.133022
vt 0.360778 0.132897
vt 0.372903 0.132547
vt 0.235347 0.132122
vt 0.223031 0.131684
vt 0.360314 0.131598
vt 0.372880 0.131166
vt 0.235805 0.130821
vt 0.223054 0.130358
vt 0.359856 0.130320
vt 0.372858 0.129791
vt 0.236258 0.129541
vt 0.223077 0.129043
vt 0.359403 0.129063
vt 0.372835 0.128422
vt 0.236705 0.128282
vt 0.358957 0.127827
vt 0.223100 0.127739
vt 0.372813 0.127068
vt 0.237146 0.127044
vt 0.358515 0.126611
vt 0.223122 0.126452
vt 0.372793 0.125736
vt 0.237581 0.125827
vt 0.358080 0.125417
vt 0.223141 0.125185
vt 0.238009 0.124636
vt 0.372775 0.124426
vt 0.357652 0.124250
vt 0.223160 0.123940
vt 0.238428 0.123478
vt 0.372759 0.123140
vt 0.357234 0.123117
vt 0.223176 0.122715
vt 0.238837 0.122351
vt 0.372745 0.121876
vt 0.356825 0.122018
vt 0.223190 0.121511
vt 0.239236 0.121257
vt 0.356425 0.120954
vt 0.372732 0.120635
vt 0.223202 0.120328
vt 0.239626 0.120196
vt 0.356035 0.119924
vt 0.372722 0.119417
vt 0.223213 0.119165
vt 0.240006 0.119166
vt 0.355655 0.118927
vt 0.372713 0.118221
vt 0.240377 0.118169
vt 0.223221 0.118024
vt 0.355284 0.117965
vt 0.372707 0.117049
vt 0.240739 0.117204
vt 0.223228 0.116904
vt 0.354922 0.117037
vt 0.241091 0.116272
vt 0.372702 0.115899
vt 0.354570 0.116144
vt 0.223233 0.115804
vt 0.241433 0.115371
vt 0.354228 0.115284
vt 0.372699 0.114772
vt 0.223235 0.114725
vt 0.241766 0.114503
vt 0.353895 0.114459
vt 0.372698 0.113667
vt 0.223236 0.113667
vt 0.242090 0.113667
vt 0.353571 0.113667
vt 0.372698 0.000000
vt 0.308487 0.000000
vt 0.286628 0.000000
vt 0.223236 0.000000
vt 0.311718 0.072441
vt 0.282807 0.072440
vt 0.311394 0.071627
vt 0.283095 0.071623
vt 0.311066 0.070786
vt 0.283392 0.070777
vt 0.310734 0.069919
vt 0.283698 0.069904
vt 0.310398 0.069025
vt 0.284014 0.069001
vt 0.310058 0.068105
vt 0.284339 0.068071
vt 0.309715 0.067158
vt 0.284674 0.067112
vt 0.309367 0.066185
vt 0.285019 0.066124
vt 0.309016 0.065185
vt 0.285373 0.065108
vt 0.308662 0.064158
vt 0.285736 0.064063
vt 0.308303 0.063105
vt 0.286109 0.062990
vt 0.307941 0.062025
vt 0.286491 0.061889
vt 0.307574 0.060925
vt 0.286879 0.060765
vt 0.307204 0.059809
vt 0.287269 0.059627
vt 0.306830 0.058678
vt 0.287661 0.058473
vt 0.306453 0.057532
vt 0.288055 0.057304
vt 0.306071 0.056371
vt 0.288450 0.056120
vt 0.305686 0.055194
vt 0.288848 0.054921
vt 0.305297 0.054003
vt 0.289247 0.053707
vt 0.304905 0.052796
vt 0.289649 0.052477
vt 0.304508 0.051574
vt 0.290052 0.051232
vt 0.304108 0.050337
vt 0.290457 0.049972
vt 0.303703 0.049084
vt 0.290864 0.048697
vt 0.303295 0.047817
vt 0.291273 0.047407
vt 0.302887 0.046543
vt 0.291682 0.046112
vt 0.302480 0.045270
vt 0.292089 0.044823
vt 0.302074 0.044000
vt 0.292494 0.043539
vt 0.301671 0.042732
vt 0.292897 0.042261
vt 0.301270 0.041465
vt 0.293298 0.040989
vt 0.300870 0.040200
vt 0.293698 0.039722
vt 0.300473 0.038938
vt 0.294095 0.038461
vt 0.300077 0.037677
vt 0.294491 0.037206
vt 0.299684 0.036418
vt 0.294885 0.035957
vt 0.299292 0.035161
vt 0.295277 0.034713
vt 0.298902 0.033905
vt 0.295667 0.033475
vt 0.298514 0.032652
vt 0.296055 0.032242
vt 0.298131 0.031410
vt 0.296439 0.031024
vt 0.297759 0.030189
vt 0.296817 0.029829
vt 0.297395 0.028989
vt 0.297190 0.028656
vt 0.297557 0.027506
vt 0.297041 0.027810
vt 0.296697 0.026651
vt 0.297919 0.026379
vt 0.296362 0.025514
vt 0.298275 0.025275
vt 0.296037 0.024397
vt 0.298625 0.024193
vt 0.295721 0.023301
vt 0.298969 0.023134
vt 0.295414 0.022226
vt 0.299308 0.022098
vt 0.295117 0.021172
vt 0.299641 0.021085
vt 0.294830 0.020139
vt 0.299968 0.020094
vt 0.294552 0.019127
vt 0.300290 0.019127
vt 0.633054 0.884791
vt 0.657099 0.884791
vt 0.657099 0.999551
vt 0.633054 0.999551
vt 0.353531 0.601946
vt 0.353531 0.403028
vt 0.468291 0.403028
vt 0.468291 0.601946
vt 0.927333 0.403028
vt 0.963127 0.403028
vt 0.963127 0.517788
vt 0.927333 0.517788
vt 0.583052 0.582716
vt 0.583052 0.457102
vt 0.697812 0.457102
vt 0.697812 0.582716
vt 0.583052 0.456315
vt 0.697812 0.456315
vt 0.583052 0.455501
vt 0.697812 0.455501
vt 0.583052 0.454661
vt 0.697812 0.454661
vt 0.583052 0.453795
vt 0.697812 0.453795
vt 0.583052 0.452902
vt 0.697812 0.452902
vt 0.583052 0.451982
vt 0.697812 0.451982
vt 0.583052 0.451035
vt 0.697812 0.451035
vt 0.583052 0.450063
vt 0.697812 0.450063
vt 0.583052 0.449063
vt 0.697812 0.449063
vt 0.583052 0.448037
vt 0.697812 0.448037
vt 0.583052 0.446985
vt 0.697812 0.446985
vt 0.583052 0.445905
vt 0.697812 0.445906
vt 0.583052 0.444806
vt 0.697812 0.444806
vt 0.583052 0.443690
vt 0.697812 0.443690
vt 0.583052 0.442560
vt 0.697812 0.442560
vt 0.583052 0.441415
vt 0.697812 0.441415
vt 0.583052 0.440254
vt 0.697812 0.440254
vt 0.583052 0.439078
vt 0.697812 0.439078
vt 0.583052 0.437887
vt 0.697812 0.437887
vt 0.583052 0.436681
vt 0.697812 0.436681
vt 0.583052 0.435459
vt 0.697812 0.435459
vt 0.583052 0.434223
vt 0.697812 0.434223
vt 0.583052 0.432971
vt 0.697812 0.432971
vt 0.583052 0.431704
vt 0.697812 0.431704
vt 0.583052 0.430431
vt 0.697812 0.430431
vt 0.583052 0.429159
vt 0.697812 0.429159
vt 0.583052 0.427889
vt 0.697812 0.427889
vt 0.583052 0.426622
vt 0.697812 0.426622
vt 0.583052 0.425356
vt 0.697812 0.425356
vt 0.583052 0.424092
vt 0.697812 0.424092
vt 0.583052 0.422829
vt 0.697812 0.422829
vt 0.583052 0.421569
vt 0.697812 0.421569
vt 0.583052 0.420311
vt 0.697812 0.420311
vt 0.583052 0.419054
vt 0.697812 0.419054
vt 0.583052 0.417800
vt 0.697812 0.417800
vt 0.583052 0.416547
vt 0.697812 0.416547
vt 0.583052 0.415306
vt 0.697812 0.415306
vt 0.583052 0.414085
vt 0.697812 0.414085
vt 0.583052 0.412886
vt 0.697812 0.412886
vt 0.583052 0.411707
vt 0.697812 0.411707
vt 0.583052 0.410549
vt 0.697812 0.410549
vt 0.583052 0.409412
vt 0.697812 0.409412
vt 0.583052 0.408296
vt 0.697812 0.408296
vt 0.583052 0.407200
vt 0.697812 0.407200
vt 0.583052 0.406126
vt 0.697812 0.406126
vt 0.583052 0.405072
vt 0.697812 0.405072
vt 0.583052 0.404040
vt 0.697812 0.404040
vt 0.583052 0.403028
vt 0.697812 0.403028
vt 0.334093 0.403004
vt 0.339832 0.403004
vt 0.339832 0.517764
vt 0.334093 0.517764
vt 0.522392 0.378647
vt 0.522392 0.377680
vt 0.637153 0.377680
vt 0.637153 0.378647
vt 0.522392 0.376689
vt 0.637153 0.376689
vt 0.522392 0.375677
vt 0.637153 0.375677
vt 0.522392 0.374641
vt 0.637153 0.374641
vt 0.522392 0.373582
vt 0.637153 0.373582
vt 0.522392 0.372501
vt 0.637153 0.372501
vt 0.522392 0.371397
vt 0.637153 0.371397
vt 0.522392 0.370270
vt 0.637153 0.370270
vt 0.522392 0.369121
vt 0.637153 0.369121
vt 0.522392 0.367948
vt 0.637153 0.367948
vt 0.522392 0.366753
vt 0.637153 0.366753
vt 0.522392 0.365536
vt 0.637153 0.365536
vt 0.522392 0.364303
vt 0.637153 0.364304
vt 0.522392 0.363066
vt 0.637153 0.363066
vt 0.522392 0.361822
vt 0.637153 0.361822
vt 0.522392 0.360573
vt 0.637153 0.360573
vt 0.522392 0.359318
vt 0.637153 0.359318
vt 0.522392 0.358058
vt 0.637153 0.358058
vt 0.522392 0.356792
vt 0.637153 0.356792
vt 0.522392 0.355520
vt 0.637153 0.355520
vt 0.522392 0.354242
vt 0.637153 0.354242
vt 0.522392 0.352959
vt 0.637153 0.352959
vt 0.522392 0.351670
vt 0.637153 0.351670
vt 0.522392 0.350375
vt 0.637153 0.350375
vt 0.522392 0.349085
vt 0.637153 0.349085
vt 0.522392 0.347811
vt 0.637153 0.347811
vt 0.522392 0.346551
vt 0.637153 0.346551
vt 0.522392 0.345307
vt 0.637153 0.345307
vt 0.522392 0.344078
vt 0.637153 0.344078
vt 0.522392 0.342864
vt 0.637153 0.342864
vt 0.522392 0.341665
vt 0.637153 0.341665
vt 0.522392 0.340481
vt 0.637153 0.340481
vt 0.522392 0.339313
vt 0.637153 0.339313
vt 0.522392 0.338159
vt 0.637153 0.338159
vt 0.522392 0.337021
vt 0.637153 0.337021
vt 0.522392 0.335898
vt 0.637153 0.335898
vt 0.522392 0.334797
vt 0.637153 0.334797
vt 0.522392 0.333724
vt 0.637153 0.333724
vt 0.522392 0.332680
vt 0.637153 0.332680
vt 0.522392 0.331664
vt 0.637153 0.331664
vt 0.522392 0.330677
vt 0.637153 0.330677
vt 0.522392 0.329718
vt 0.637153 0.329718
vt 0.522392 0.328788
vt 0.637153 0.328788
vt 0.522392 0.327886
vt 0.637153 0.327886
vt 0.522392 0.327012
vt 0.637153 0.327012
vt 0.522392 0.326167
vt 0.637153 0.326167
vt 0.522392 0.325351
vt 0.637153 0.325351
vt 0.522392 0.324562
vt 0.637153 0.324562
vt 0.522393 0.198918
vt 0.637153 0.198918
vt 0.927333 0.523467
vt 0.963127 0.523467
vt 0.963127 0.638228
vt 0.927333 0.638228
vt 0.519974 0.198918
vt 0.519974 0.000000
vt 0.634735 0.000000
vt 0.634734 0.198918
vt 0.608190 0.884791
vt 0.608190 0.999551
vt 0.583052 0.761413
vt 0.583052 0.647746
vt 0.697812 0.647746
vt 0.697812 0.761413
vt 0.583052 0.646688
vt 0.697812 0.646688
vt 0.583052 0.645609
vt 0.697812 0.645609
vt 0.583052 0.644509
vt 0.697812 0.644509
vt 0.583052 0.643389
vt 0.697812 0.643389
vt 0.583052 0.642248
vt 0.697812 0.642248
vt 0.583052 0.641085
vt 0.697812 0.641085
vt 0.583052 0.639902
vt 0.697812 0.639902
vt 0.583052 0.638698
vt 0.697812 0.638698
vt 0.583052 0.637474
vt 0.697812 0.637474
vt 0.583052 0.636228
vt 0.697812 0.636228
vt 0.583052 0.634961
vt 0.697812 0.634961
vt 0.583052 0.633674
vt 0.697812 0.633674
vt 0.583052 0.632370
vt 0.697812 0.632370
vt 0.583052 0.631055
vt 0.697812 0.631055
vt 0.583052 0.629729
vt 0.697812 0.629729
vt 0.583052 0.628391
vt 0.697812 0.628391
vt 0.583052 0.627042
vt 0.697812 0.627042
vt 0.583052 0.625682
vt 0.697812 0.625682
vt 0.583052 0.624310
vt 0.697812 0.624310
vt 0.583052 0.622927
vt 0.697812 0.622927
vt 0.583052 0.621532
vt 0.697812 0.621532
vt 0.583052 0.620126
vt 0.697812 0.620126
vt 0.583052 0.618709
vt 0.697812 0.618709
vt 0.583052 0.617280
vt 0.697812 0.617280
vt 0.583052 0.615844
vt 0.697812 0.615844
vt 0.583052 0.614407
vt 0.697812 0.614407
vt 0.583052 0.612968
vt 0.697812 0.612968
vt 0.583052 0.611527
vt 0.697812 0.611527
vt 0.583052 0.610084
vt 0.697812 0.610084
vt 0.583052 0.608639
vt 0.697812 0.608639
vt 0.583052 0.607192
vt 0.697812 0.607192
vt 0.583052 0.605743
vt 0.697812 0.605743
vt 0.583052 0.604293
vt 0.697812 0.604293
vt 0.583052 0.602840
vt 0.697812 0.602840
vt 0.583052 0.601386
vt 0.697812 0.601386
vt 0.583052 0.599930
vt 0.697812 0.599930
vt 0.583052 0.598474
vt 0.697812 0.598474
vt 0.583052 0.597023
vt 0.697812 0.597023
vt 0.583052 0.595575
vt 0.697812 0.595575
vt 0.583052 0.594131
vt 0.697812 0.594131
vt 0.583052 0.592691
vt 0.697812 0.592691
vt 0.583052 0.591254
vt 0.697812 0.591254
vt 0.583052 0.589822
vt 0.697812 0.589822
vt 0.583052 0.588393
vt 0.697812 0.588393
vt 0.583052 0.586968
vt 0.697812 0.586968
vt 0.583052 0.585547
vt 0.697812 0.585547
vt 0.583052 0.584129
vt 0.697812 0.584129
vt 0.583052 0.582716
vt 0.697812 0.582716
vt 0.342564 0.403004
vt 0.344750 0.403004
vt 0.344750 0.517764
vt 0.342564 0.517764
vt 0.634735 0.178802
vt 0.634735 0.177252
vt 0.749495 0.177252
vt 0.749495 0.178802
vt 0.634735 0.175700
vt 0.749495 0.175700
vt 0.634735 0.174146
vt 0.749495 0.174146
vt 0.634735 0.172590
vt 0.749495 0.172590
vt 0.634735 0.171033
vt 0.749495 0.171033
vt 0.634735 0.169473
vt 0.749495 0.169473
vt 0.634735 0.167912
vt 0.749495 0.167912
vt 0.634735 0.166348
vt 0.749495 0.166348
vt 0.634735 0.164783
vt 0.749495 0.164783
vt 0.634735 0.163216
vt 0.749495 0.163216
vt 0.634735 0.161647
vt 0.749495 0.161647
vt 0.634735 0.160076
vt 0.749495 0.160076
vt 0.634735 0.158509
vt 0.749495 0.158509
vt 0.634735 0.156951
vt 0.749495 0.156951
vt 0.634735 0.155403
vt 0.749495 0.155403
vt 0.634735 0.153864
vt 0.749495 0.153864
vt 0.634735 0.152335
vt 0.749495 0.152335
vt 0.634735 0.150815
vt 0.749495 0.150815
vt 0.634735 0.149305
vt 0.749495 0.149305
vt 0.634735 0.147804
vt 0.749495 0.147804
vt 0.634735 0.146313
vt 0.749495 0.146313
vt 0.634735 0.144831
vt 0.749495 0.144831
vt 0.634735 0.143359
vt 0.749495 0.143359
vt 0.634735 0.141896
vt 0.749495 0.141896
vt 0.634735 0.140448
vt 0.749495 0.140448
vt 0.634735 0.139022
vt 0.749495 0.139022
vt 0.634735 0.137616
vt 0.749495 0.137616
vt 0.634735 0.136231
vt 0.749495 0.136231
vt 0.634735 0.134867
vt 0.749495 0.134867
vt 0.634735 0.133523
vt 0.749495 0.133523
vt 0.634735 0.132201
vt 0.749495 0.132201
vt 0.634735 0.130900
vt 0.749495 0.130900
vt 0.634735 0.129619
vt 0.749495 0.129619
vt 0.634735 0.128359
vt 0.749495 0.128359
vt 0.634735 0.127121
vt 0.749495 0.127121
vt 0.634735 0.125903
vt 0.749495 0.125903
vt 0.634735 0.124711
vt 0.749495 0.124711
vt 0.634735 0.123552
vt 0.749495 0.123552
vt 0.634735 0.122425
vt 0.749495 0.122425
vt 0.634735 0.121331
vt 0.749495 0.121331
vt 0.634735 0.120269
vt 0.749495 0.120269
vt 0.634735 0.119239
vt 0.749495 0.119239
vt 0.634735 0.118241
vt 0.749495 0.118241
vt 0.634735 0.117276
vt 0.749495 0.117276
vt 0.634735 0.116342
vt 0.749495 0.116342
vt 0.634735 0.115442
vt 0.749495 0.115442
vt 0.634735 0.114573
vt 0.749495 0.114573
vt 0.634735 0.113737
vt 0.749495 0.113737
vt 0.634735 -0.000000
vt 0.749495 0.000000
vt 0.978080 0.873232
vt 0.999939 0.873232
vt 0.999939 0.987992
vt 0.978080 0.987992
vt 0.637153 0.377681
vt 0.637153 0.263971
vt 0.751913 0.263971
vt 0.751913 0.377681
vt 0.637153 0.263179
vt 0.751913 0.263179
vt 0.637153 0.262353
vt 0.751913 0.262353
vt 0.637153 0.261493
vt 0.751913 0.261493
vt 0.637153 0.260599
vt 0.751913 0.260599
vt 0.637153 0.259671
vt 0.751913 0.259671
vt 0.637153 0.258709
vt 0.751913 0.258709
vt 0.637153 0.257712
vt 0.751913 0.257712
vt 0.637153 0.256682
vt 0.751913 0.256682
vt 0.637153 0.255617
vt 0.751913 0.255617
vt 0.637153 0.254518
vt 0.751913 0.254518
vt 0.637153 0.253384
vt 0.751913 0.253384
vt 0.637153 0.252217
vt 0.751913 0.252217
vt 0.637153 0.251022
vt 0.751913 0.251022
vt 0.637153 0.249806
vt 0.751913 0.249806
vt 0.637153 0.248570
vt 0.751913 0.248570
vt 0.637153 0.247312
vt 0.751913 0.247312
vt 0.637153 0.246034
vt 0.751913 0.246034
vt 0.637153 0.244735
vt 0.751913 0.244735
vt 0.637153 0.243414
vt 0.751913 0.243415
vt 0.637153 0.242073
vt 0.751913 0.242073
vt 0.637153 0.240712
vt 0.751913 0.240712
vt 0.637153 0.239329
vt 0.751913 0.239329
vt 0.637153 0.237925
vt 0.751913 0.237925
vt 0.637153 0.236501
vt 0.751913 0.236501
vt 0.637153 0.235059
vt 0.751913 0.235059
vt 0.637153 0.233604
vt 0.751913 0.233604
vt 0.637153 0.232136
vt 0.751913 0.232136
vt 0.637153 0.230654
vt 0.751913 0.230654
vt 0.637153 0.229160
vt 0.751913 0.229160
vt 0.637153 0.227652
vt 0.751913 0.227652
vt 0.637153 0.226130
vt 0.751913 0.226130
vt 0.637153 0.224596
vt 0.751913 0.224596
vt 0.637153 0.223048
vt 0.751913 0.223048
vt 0.637153 0.221487
vt 0.751913 0.221487
vt 0.637153 0.219912
vt 0.751913 0.219912
vt 0.637153 0.218324
vt 0.751913 0.218324
vt 0.637153 0.216728
vt 0.751913 0.216728
vt 0.637153 0.215128
vt 0.751913 0.215128
vt 0.637153 0.213524
vt 0.751913 0.213524
vt 0.637153 0.211916
vt 0.751913 0.211916
vt 0.637153 0.210305
vt 0.751913 0.210305
vt 0.637153 0.208690
vt 0.751913 0.208690
vt 0.637153 0.207071
vt 0.751913 0.207071
vt 0.637153 0.205448
vt 0.751913 0.205448
vt 0.637153 0.203821
vt 0.751913 0.203821
vt 0.637153 0.202190
vt 0.751913 0.202190
vt 0.637153 0.200556
vt 0.751913 0.200556
vt 0.637153 0.198918
vt 0.751913 0.198918
vt 0.339832 0.403004
vt 0.339832 0.517764
vt 0.168862 0.780618
vt 0.168862 0.779337
vt 0.283622 0.779337
vt 0.283622 0.780618
vt 0.168862 0.778042
vt 0.283622 0.778042
vt 0.168862 0.776733
vt 0.283622 0.776733
vt 0.168862 0.775412
vt 0.283622 0.775412
vt 0.168862 0.774077
vt 0.283622 0.774077
vt 0.168862 0.772729
vt 0.283622 0.772729
vt 0.168862 0.771368
vt 0.283622 0.771368
vt 0.168862 0.769993
vt 0.283622 0.769993
vt 0.168862 0.768605
vt 0.283622 0.768605
vt 0.168862 0.767204
vt 0.283622 0.767204
vt 0.168862 0.765789
vt 0.283622 0.765789
vt 0.168862 0.764361
vt 0.283622 0.764361
vt 0.168862 0.762927
vt 0.283622 0.762927
vt 0.168862 0.761492
vt 0.283622 0.761492
vt 0.168862 0.760058
vt 0.283622 0.760058
vt 0.168862 0.758623
vt 0.283622 0.758623
vt 0.168862 0.757189
vt 0.283622 0.757189
vt 0.168862 0.755755
vt 0.283622 0.755755
vt 0.168862 0.754320
vt 0.283622 0.754320
vt 0.168862 0.752886
vt 0.283622 0.752886
vt 0.168862 0.751451
vt 0.283622 0.751451
vt 0.168862 0.750017
vt 0.283622 0.750017
vt 0.168862 0.748582
vt 0.283622 0.748582
vt 0.168862 0.747148
vt 0.283622 0.747148
vt 0.168862 0.745716
vt 0.283622 0.745716
vt 0.168862 0.744290
vt 0.283622 0.744290
vt 0.168862 0.742870
vt 0.283622 0.742870
vt 0.168862 0.741455
vt 0.283622 0.741455
vt 0.168862 0.740046
vt 0.283622 0.740046
vt 0.168862 0.738643
vt 0.283622 0.738643
vt 0.168862 0.737246
vt 0.283622 0.737246
vt 0.168862 0.735854
vt 0.283622 0.735854
vt 0.168862 0.734468
vt 0.283622 0.734468
vt 0.168862 0.733088
vt 0.283622 0.733088
vt 0.168862 0.731713
vt 0.283622 0.731713
vt 0.168862 0.730344
vt 0.283622 0.730344
vt 0.168862 0.728989
vt 0.283622 0.728989
vt 0.168862 0.727657
vt 0.283622 0.727657
vt 0.168862 0.726348
vt 0.283622 0.726348
vt 0.168862 0.725061
vt 0.283622 0.725061
vt 0.168862 0.723798
vt 0.283622 0.723798
vt 0.168862 0.722557
vt 0.283622 0.722557
vt 0.168862 0.721339
vt 0.283622 0.721339
vt 0.168862 0.720143
vt 0.283622 0.720143
vt 0.168862 0.718971
vt 0.283622 0.718971
vt 0.168862 0.717821
vt 0.283622 0.717821
vt 0.168862 0.716694
vt 0.283622 0.716694
vt 0.168862 0.715589
vt 0.283622 0.715589
vt 0.168862 0.601922
vt 0.283622 0.601922
vt -0.000000 0.885239
vt 0.000000 0.762009
vt 0.114760 0.762009
vt 0.114760 0.885239
vt 0.468291 0.601946
vt 0.468291 0.403028
vt 0.583052 0.403028
vt 0.583052 0.601946
vt 0.353531 0.900596
vt 0.353531 0.778458
vt 0.468291 0.778458
vt 0.468291 0.900596
vt 0.000000 0.885239
vt 0.022406 0.885239
vt 0.022406 1.000000
vt 0.000000 1.000000
vt 0.812572 0.758471
vt 0.909572 0.758471
vt 0.909572 0.873232
vt 0.812572 0.873232
vt 0.283622 0.716682
vt 0.348380 0.716682
vt 0.348380 0.831443
vt 0.283622 0.831443
vt 0.866674 0.198918
vt 0.956843 0.198918
vt 0.956843 0.313679
vt 0.866674 0.313679
vt 0.044811 0.885239
vt 0.044811 1.000000
vt 0.864255 0.000000
vt 0.954424 0.000000
vt 0.954424 0.114760
vt 0.864255 0.114760
vt 0.283622 0.601922
vt 0.350566 0.601922
vt 0.350566 0.716682
vt 0.283622 0.716682
vt 0.812572 0.643711
vt 0.910665 0.643711
vt 0.910665 0.758471
vt 0.679505 0.884791
vt 0.679505 0.999551
vt 0.812572 0.492495
vt 0.812572 0.490250
vt 0.927333 0.490250
vt 0.927333 0.492495
vt 0.812572 0.487979
vt 0.927333 0.487979
vt 0.812572 0.485681
vt 0.927333 0.485681
vt 0.812572 0.483357
vt 0.927333 0.483357
vt 0.812572 0.481005
vt 0.927333 0.481005
vt 0.812572 0.478628
vt 0.927333 0.478628
vt 0.812572 0.476223
vt 0.927333 0.476223
vt 0.812572 0.473793
vt 0.927333 0.473793
vt 0.812572 0.471335
vt 0.927333 0.471335
vt 0.812572 0.468852
vt 0.927333 0.468852
vt 0.812572 0.466341
vt 0.927333 0.466341
vt 0.812572 0.463804
vt 0.927333 0.463804
vt 0.812572 0.459563
vt 0.927333 0.459563
vt 0.812572 0.455402
vt 0.927333 0.455402
vt 0.812572 0.451321
vt 0.927333 0.451321
vt 0.812572 0.447319
vt 0.927333 0.447319
vt 0.812572 0.443397
vt 0.927333 0.443397
vt 0.812572 0.439555
vt 0.927333 0.439555
vt 0.812572 0.435793
vt 0.927333 0.435793
vt 0.812572 0.432110
vt 0.927333 0.432110
vt 0.812572 0.428507
vt 0.927333 0.428507
vt 0.812572 0.424984
vt 0.927333 0.424984
vt 0.812573 0.421540
vt 0.927333 0.421540
vt 0.812573 0.418176
vt 0.927333 0.418176
vt 0.812573 0.414911
vt 0.927333 0.414911
vt 0.812573 0.411764
vt 0.927333 0.411764
vt 0.812573 0.408734
vt 0.927333 0.408734
vt 0.812573 0.405822
vt 0.927333 0.405822
vt 0.812573 0.403028
vt 0.927333 0.403028
vt 0.000000 0.762009
vt 0.000000 0.759130
vt 0.114760 0.759130
vt 0.114760 0.762009
vt 0.000000 0.756106
vt 0.114760 0.756106
vt 0.000000 0.752936
vt 0.114760 0.752936
vt 0.000000 0.749620
vt 0.114760 0.749620
vt 0.000000 0.746158
vt 0.114760 0.746158
vt 0.000000 0.742550
vt 0.114760 0.742550
vt 0.000000 0.738795
vt 0.114760 0.738795
vt 0.000000 0.734911
vt 0.114760 0.734912
vt 0.000000 0.730914
vt 0.114760 0.730914
vt 0.000000 0.726802
vt 0.114760 0.726802
vt 0.000000 0.722577
vt 0.114760 0.722577
vt 0.000000 0.718238
vt 0.114760 0.718238
vt 0.000000 0.713786
vt 0.114760 0.713786
vt 0.000000 0.709220
vt 0.114760 0.709220
vt 0.000000 0.704540
vt 0.114760 0.704540
vt 0.000000 0.699746
vt 0.114760 0.699746
vt 0.000000 0.694839
vt 0.114760 0.694839
vt 0.000000 0.689818
vt 0.114760 0.689818
vt 0.000000 0.684683
vt 0.114760 0.684683
vt 0.000000 0.679462
vt 0.114760 0.679462
vt 0.000000 0.674365
vt 0.114760 0.674365
vt 0.000000 0.669391
vt 0.114760 0.669391
vt 0.000000 0.664541
vt 0.114760 0.664541
vt 0.000000 0.659814
vt 0.114760 0.659814
vt 0.000000 0.655210
vt 0.114760 0.655210
vt 0.000000 0.650730
vt 0.114760 0.650730
vt 0.000000 0.646374
vt 0.114760 0.646374
vt 0.000000 0.642141
vt 0.114760 0.642141
vt 0.000000 0.638031
vt 0.114760 0.638031
vt 0.000000 0.634045
vt 0.114760 0.634045
vt 0.000000 0.630183
vt 0.114760 0.630183
vt 0.000000 0.626454
vt 0.114760 0.626454
vt 0.000000 0.622870
vt 0.114760 0.622870
vt 0.000000 0.619430
vt 0.114760 0.619430
vt 0.000000 0.616134
vt 0.114760 0.616134
vt 0.000000 0.612983
vt 0.114760 0.612983
vt 0.000000 0.609976
vt 0.114760 0.609976
vt 0.000000 0.607113
vt 0.114760 0.607113
vt 0.812572 0.643711
vt 0.812572 0.640913
vt 0.927333 0.640913
vt 0.927333 0.643711
vt 0.812572 0.637998
vt 0.927333 0.637998
vt 0.812572 0.634965
vt 0.927333 0.634965
vt 0.812572 0.631814
vt 0.927333 0.631814
vt 0.812572 0.628547
vt 0.927333 0.628547
vt 0.812572 0.625180
vt 0.927333 0.625180
vt 0.812572 0.621734
vt 0.927333 0.621734
vt 0.812572 0.618209
vt 0.927333 0.618209
vt 0.812572 0.614604
vt 0.927333 0.614604
vt 0.812572 0.610920
vt 0.927333 0.610920
vt 0.812572 0.607156
vt 0.927333 0.607156
vt 0.812572 0.603312
vt 0.927333 0.603312
vt 0.812572 0.599390
vt 0.927333 0.599390
vt 0.812572 0.595387
vt 0.927333 0.595387
vt 0.812572 0.591305
vt 0.927333 0.591305
vt 0.812572 0.587144
vt 0.927333 0.587144
vt 0.812572 0.582903
vt 0.927333 0.582903
vt 0.812572 0.580366
vt 0.927333 0.580366
vt 0.812572 0.577856
vt 0.927333 0.577856
vt 0.812572 0.575372
vt 0.927333 0.575372
vt 0.812572 0.572915
vt 0.927333 0.572915
vt 0.812572 0.570484
vt 0.927333 0.570484
vt 0.812572 0.568081
vt 0.927333 0.568081
vt 0.812572 0.565704
vt 0.927333 0.565704
vt 0.812572 0.563353
vt 0.927333 0.563353
vt 0.812572 0.561029
vt 0.927333 0.561029
vt 0.812572 0.558732
vt 0.927333 0.558732
vt 0.812572 0.556461
vt 0.927333 0.556461
vt 0.812572 0.554217
vt 0.927333 0.554217
vt 0.812572 0.552005
vt 0.927333 0.552005
vt 0.812572 0.549832
vt 0.927333 0.549832
vt 0.812572 0.547696
vt 0.927333 0.547696
vt 0.812572 0.545599
vt 0.927333 0.545599
vt 0.812572 0.543539
vt 0.927333 0.543539
vt 0.812572 0.541517
vt 0.927333 0.541517
vt 0.812572 0.539533
vt 0.927333 0.539534
vt 0.812572 0.537588
vt 0.927333 0.537588
vt 0.812572 0.535680
vt 0.927333 0.535680
vt 0.812572 0.533811
vt 0.927333 0.533811
vt 0.812572 0.531979
vt 0.927333 0.531979
vt 0.812572 0.530186
vt 0.927333 0.530186
vt 0.812572 0.528435
vt 0.927333 0.528435
vt 0.812572 0.526731
vt 0.927333 0.526731
vt 0.812572 0.525075
vt 0.927333 0.525075
vt 0.812572 0.523467
vt 0.927333 0.523467
vt 0.292093 0.403004
vt 0.293733 0.403004
vt 0.293733 0.517764
vt 0.292093 0.517764
vt 0.295424 0.403004
vt 0.295424 0.517764
vt 0.297166 0.403004
vt 0.297166 0.517764
vt 0.298960 0.403004
vt 0.298960 0.517764
vt 0.300805 0.403004
vt 0.300805 0.517764
vt 0.302701 0.403004
vt 0.302701 0.517764
vt 0.304649 0.403004
vt 0.304649 0.517764
vt 0.306648 0.403004
vt 0.306648 0.517764
vt 0.308695 0.403004
vt 0.308695 0.517764
vt 0.310785 0.403004
vt 0.310785 0.517764
vt 0.312919 0.403004
vt 0.312919 0.517764
vt 0.315097 0.403004
vt 0.315097 0.517764
vt 0.317318 0.403004
vt 0.317318 0.517764
vt 0.319583 0.403004
vt 0.319583 0.517764
vt 0.321892 0.403004
vt 0.321892 0.517764
vt 0.324245 0.403004
vt 0.324245 0.517764
vt 0.326642 0.403004
vt 0.326642 0.517764
vt 0.329082 0.403004
vt 0.329082 0.517764
vt 0.331566 0.403004
vt 0.331566 0.517764
vt 0.963127 0.517788
vt 0.988265 0.517788
vt 0.988265 0.632549
vt 0.963127 0.632549
vt 0.782583 0.863373
vt 0.784296 0.863373
vt 0.784296 0.978133
vt 0.782583 0.978133
vt 0.785972 0.863373
vt 0.785972 0.978133
vt 0.787613 0.863373
vt 0.787613 0.978133
vt 0.789218 0.863373
vt 0.789218 0.978133
vt 0.790787 0.863373
vt 0.790787 0.978133
vt 0.792320 0.863373
vt 0.792320 0.978133
vt 0.793816 0.863373
vt 0.793816 0.978133
vt 0.795277 0.863373
vt 0.795277 0.978133
vt 0.796702 0.863373
vt 0.796702 0.978133
vt 0.798091 0.863373
vt 0.798091 0.978133
vt 0.799443 0.863373
vt 0.799443 0.978133
vt 0.800760 0.863373
vt 0.800760 0.978133
vt 0.802042 0.863373
vt 0.802042 0.978133
vt 0.803289 0.863373
vt 0.803289 0.978133
vt 0.804503 0.863373
vt 0.804503 0.978133
vt 0.805682 0.863373
vt 0.805682 0.978133
vt 0.806827 0.863373
vt 0.806827 0.978133
vt 0.807938 0.863373
vt 0.807938 0.978133
vt 0.809015 0.863373
vt 0.809015 0.978133
vt 0.812572 0.873232
vt 0.813665 0.873232
vt 0.813665 0.987992
vt 0.812572 0.987992
vt 0.814788 0.873232
vt 0.814788 0.987992
vt 0.815942 0.873232
vt 0.815942 0.987992
vt 0.817125 0.873232
vt 0.817125 0.987992
vt 0.818340 0.873232
vt 0.818340 0.987992
vt 0.819580 0.873232
vt 0.819580 0.987992
vt 0.820844 0.873232
vt 0.820844 0.987992
vt 0.822130 0.873232
vt 0.822130 0.987992
vt 0.823439 0.873232
vt 0.823439 0.987992
vt 0.824771 0.873232
vt 0.824771 0.987992
vt 0.826126 0.873232
vt 0.826126 0.987992
vt 0.827503 0.873232
vt 0.827503 0.987992
vt 0.828903 0.873232
vt 0.828903 0.987992
vt 0.830326 0.873232
vt 0.830326 0.987992
vt 0.831772 0.873232
vt 0.831772 0.987992
vt 0.833241 0.873232
vt 0.833241 0.987992
vt 0.834732 0.873232
vt 0.834732 0.987992
vt 0.836240 0.873232
vt 0.836240 0.987992
vt 0.837760 0.873232
vt 0.837760 0.987992
vt 0.839291 0.873232
vt 0.839291 0.987992
vt 0.840834 0.873232
vt 0.840834 0.987992
vt 0.842388 0.873232
vt 0.842388 0.987992
vt 0.843953 0.873232
vt 0.843953 0.987992
vt 0.845530 0.873232
vt 0.845530 0.987992
vt 0.847118 0.873232
vt 0.847118 0.987992
vt 0.848718 0.873232
vt 0.848718 0.987992
vt 0.850329 0.873232
vt 0.850329 0.987992
vt 0.851951 0.873232
vt 0.851951 0.987992
vt 0.853585 0.873232
vt 0.853585 0.987992
vt 0.856609 0.873232
vt 0.856609 0.987992
vt 0.859581 0.873232
vt 0.859581 0.987992
vt 0.862499 0.873232
vt 0.862499 0.987992
vt 0.865365 0.873232
vt 0.865365 0.987992
vt 0.868177 0.873232
vt 0.868177 0.987992
vt 0.870936 0.873232
vt 0.870936 0.987992
vt 0.873642 0.873232
vt 0.873642 0.987992
vt 0.876295 0.873232
vt 0.876295 0.987992
vt 0.878895 0.873232
vt 0.878895 0.987992
vt 0.881442 0.873232
vt 0.881442 0.987992
vt 0.883935 0.873232
vt 0.883935 0.987992
vt 0.886376 0.873232
vt 0.886376 0.987992
vt 0.888747 0.873232
vt 0.888747 0.987992
vt 0.891033 0.873232
vt 0.891033 0.987992
vt 0.893234 0.873232
vt 0.893234 0.987992
vt 0.895349 0.873232
vt 0.895349 0.987992
vt 0.751913 0.323727
vt 0.751913 0.321663
vt 0.866674 0.321663
vt 0.866674 0.323727
vt 0.751913 0.319486
vt 0.866674 0.319486
vt 0.751913 0.317194
vt 0.866674 0.317194
vt 0.751913 0.314790
vt 0.866674 0.314790
vt 0.751913 0.312271
vt 0.866674 0.312271
vt 0.751913 0.309638
vt 0.866674 0.309638
vt 0.751913 0.306892
vt 0.866674 0.306892
vt 0.751913 0.304032
vt 0.866674 0.304032
vt 0.751913 0.301061
vt 0.866674 0.301061
vt 0.751913 0.297979
vt 0.866674 0.297979
vt 0.751913 0.294788
vt 0.866674 0.294788
vt 0.751913 0.291487
vt 0.866674 0.291487
vt 0.751913 0.288075
vt 0.866674 0.288076
vt 0.751913 0.284554
vt 0.866674 0.284554
vt 0.751913 0.280924
vt 0.866674 0.280924
vt 0.751913 0.277183
vt 0.866674 0.277183
vt 0.751913 0.273332
vt 0.866674 0.273332
vt 0.751913 0.269372
vt 0.866674 0.269372
vt 0.751913 0.265301
vt 0.866674 0.265301
vt 0.751913 0.261121
vt 0.866674 0.261121
vt 0.751913 0.256985
vt 0.866674 0.256985
vt 0.751913 0.252955
vt 0.866674 0.252955
vt 0.751913 0.249031
vt 0.866674 0.249031
vt 0.751913 0.245214
vt 0.866674 0.245214
vt 0.751913 0.241503
vt 0.866674 0.241503
vt 0.751913 0.237899
vt 0.866674 0.237899
vt 0.751913 0.234401
vt 0.866674 0.234401
vt 0.751913 0.231010
vt 0.866674 0.231010
vt 0.751913 0.227725
vt 0.866674 0.227725
vt 0.751913 0.224546
vt 0.866674 0.224546
vt 0.751913 0.221474
vt 0.866674 0.221474
vt 0.751913 0.218509
vt 0.866674 0.218509
vt 0.751913 0.215654
vt 0.866674 0.215654
vt 0.751913 0.212916
vt 0.866674 0.212916
vt 0.751913 0.210293
vt 0.866674 0.210293
vt 0.751913 0.207786
vt 0.866674 0.207787
vt 0.751913 0.205396
vt 0.866674 0.205396
vt 0.751913 0.203121
vt 0.866674 0.203121
vt 0.751913 0.200961
vt 0.866674 0.200961
vt 0.751913 0.198918
vt 0.866674 0.198918
vt 0.911692 0.758471
vt 0.911692 0.873232
vt 0.913895 0.758471
vt 0.913895 0.873232
vt 0.916181 0.758471
vt 0.916181 0.873232
vt 0.918552 0.758471
vt 0.918552 0.873232
vt 0.920988 0.758471
vt 0.920988 0.873232
vt 0.923475 0.758471
vt 0.923475 0.873232
vt 0.926010 0.758471
vt 0.926010 0.873232
vt 0.928595 0.758471
vt 0.928595 0.873232
vt 0.931230 0.758471
vt 0.931230 0.873232
vt 0.933914 0.758471
vt 0.933914 0.873232
vt 0.936648 0.758471
vt 0.936648 0.873232
vt 0.939431 0.758471
vt 0.939431 0.873232
vt 0.942263 0.758471
vt 0.942263 0.873232
vt 0.945145 0.758471
vt 0.945145 0.873232
vt 0.948077 0.758471
vt 0.948077 0.873232
vt 0.951057 0.758471
vt 0.951057 0.873232
vt 0.952691 0.758471
vt 0.952691 0.873232
vt 0.954314 0.758471
vt 0.954314 0.873232
vt 0.955925 0.758471
vt 0.955925 0.873232
vt 0.957524 0.758471
vt 0.957524 0.873232
vt 0.959113 0.758471
vt 0.959113 0.873232
vt 0.960690 0.758471
vt 0.960690 0.873232
vt 0.962255 0.758471
vt 0.962255 0.873232
vt 0.963810 0.758471
vt 0.963810 0.873232
vt 0.965353 0.758471
vt 0.965353 0.873232
vt 0.966884 0.758471
vt 0.966884 0.873232
vt 0.968405 0.758471
vt 0.968405 0.873232
vt 0.969914 0.758471
vt 0.969914 0.873232
vt 0.971406 0.758471
vt 0.971406 0.873232
vt 0.972875 0.758471
vt 0.972875 0.873232
vt 0.974321 0.758471
vt 0.974321 0.873232
vt 0.975745 0.758471
vt 0.975745 0.873232
vt 0.977146 0.758471
vt 0.977146 0.873232
vt 0.978524 0.758471
vt 0.978524 0.873232
vt 0.979880 0.758471
vt 0.979880 0.873232
vt 0.981213 0.758471
vt 0.981213 0.873232
vt 0.982523 0.758471
vt 0.982523 0.873232
vt 0.983810 0.758471
vt 0.983810 0.873232
vt 0.985075 0.758471
vt 0.985075 0.873232
vt 0.986316 0.758471
vt 0.986316 0.873232
vt 0.987532 0.758471
vt 0.987532 0.873232
vt 0.988717 0.758471
vt 0.988717 0.873232
vt 0.989871 0.758471
vt 0.989871 0.873232
vt 0.990996 0.758471
vt 0.990996 0.873232
vt 0.992090 0.758471
vt 0.992090 0.873232
vt 0.963127 0.403028
vt 0.964202 0.403028
vt 0.964202 0.517788
vt 0.963127 0.517788
vt 0.965311 0.403028
vt 0.965311 0.517788
vt 0.966454 0.403028
vt 0.966454 0.517788
vt 0.967632 0.403028
vt 0.967632 0.517788
vt 0.968843 0.403028
vt 0.968843 0.517788
vt 0.970089 0.403028
vt 0.970089 0.517788
vt 0.971369 0.403028
vt 0.971369 0.517788
vt 0.972682 0.403028
vt 0.972682 0.517788
vt 0.974028 0.403028
vt 0.974028 0.517788
vt 0.975406 0.403028
vt 0.975406 0.517788
vt 0.976816 0.403028
vt 0.976816 0.517788
vt 0.978258 0.403028
vt 0.978258 0.517788
vt 0.979733 0.403028
vt 0.979733 0.517788
vt 0.981240 0.403028
vt 0.981240 0.517788
vt 0.982779 0.403028
vt 0.982779 0.517788
vt 0.984351 0.403028
vt 0.984351 0.517788
vt 0.985955 0.403028
vt 0.985955 0.517788
vt 0.987591 0.403028
vt 0.987591 0.517788
vt 0.989259 0.403028
vt 0.989259 0.517788
vt 0.973237 0.643711
vt 0.998375 0.643711
vt 0.998375 0.758471
vt 0.973237 0.758471
vt 0.114760 0.607113
vt 0.117246 0.607113
vt 0.117246 0.721874
vt 0.114760 0.721874
vt 0.119692 0.607113
vt 0.119692 0.721874
vt 0.122098 0.607113
vt 0.122098 0.721874
vt 0.124464 0.607113
vt 0.124464 0.721874
vt 0.126790 0.607113
vt 0.126790 0.721874
vt 0.129077 0.607113
vt 0.129077 0.721874
vt 0.131324 0.607113
vt 0.131324 0.721874
vt 0.133531 0.607113
vt 0.133531 0.721874
vt 0.135699 0.607113
vt 0.135699 0.721874
vt 0.137826 0.607113
vt 0.137826 0.721874
vt 0.139914 0.607113
vt 0.139914 0.721874
vt 0.141963 0.607113
vt 0.141963 0.721874
vt 0.143965 0.607113
vt 0.143965 0.721874
vt 0.145917 0.607113
vt 0.145917 0.721874
vt 0.147817 0.607113
vt 0.147817 0.721874
vt 0.149667 0.607113
vt 0.149667 0.721874
vt 0.151465 0.607113
vt 0.151465 0.721874
vt 0.153212 0.607113
vt 0.153212 0.721874
vt 0.154908 0.607113
vt 0.154908 0.721874
vt 0.156553 0.607113
vt 0.156553 0.721874
vt 0.812572 0.523467
vt 0.812572 0.521847
vt 0.927333 0.521847
vt 0.927333 0.523467
vt 0.812572 0.520176
vt 0.927333 0.520176
vt 0.812572 0.518454
vt 0.927333 0.518454
vt 0.812572 0.516680
vt 0.927333 0.516680
vt 0.812572 0.514863
vt 0.927333 0.514863
vt 0.812572 0.513010
vt 0.927333 0.513010
vt 0.812572 0.511121
vt 0.927333 0.511121
vt 0.812572 0.509195
vt 0.927333 0.509195
vt 0.812572 0.507234
vt 0.927333 0.507234
vt 0.812572 0.505237
vt 0.927333 0.505237
vt 0.812572 0.503203
vt 0.927333 0.503203
vt 0.812572 0.501134
vt 0.927333 0.501134
vt 0.812572 0.499028
vt 0.927333 0.499028
vt 0.812572 0.496887
vt 0.927333 0.496887
vt 0.812572 0.494709
vt 0.927333 0.494709
vt 0.283622 0.831443
vt 0.346467 0.831443
vt 0.346467 0.946203
vt 0.283622 0.946203
vt 0.976830 0.000000
vt 0.999236 0.000000
vt 0.999236 0.114760
vt 0.976830 0.114760
vt 0.697812 0.863373
vt 0.697812 0.712818
vt 0.812572 0.712818
vt 0.812572 0.863373
vt 0.067217 0.885239
vt 0.067217 1.000000
vt 0.910665 0.643711
vt 0.910665 0.758471
vt 0.468291 0.778458
vt 0.468291 0.601946
vt 0.583052 0.601946
vt 0.583052 0.778458
vt 0.583052 0.884791
vt 0.583052 0.999551
vt 0.353531 0.778458
vt 0.353531 0.601946
vt 0.468291 0.601946
vt 0.468291 0.778458
vt 0.468291 0.884869
vt 0.468291 0.881504
vt 0.583052 0.881504
vt 0.583052 0.884869
vt 0.468291 0.878059
vt 0.583052 0.878059
vt 0.468291 0.874535
vt 0.583052 0.874535
vt 0.468291 0.870932
vt 0.583052 0.870932
vt 0.468291 0.867248
vt 0.583052 0.867248
vt 0.468291 0.863485
vt 0.583052 0.863485
vt 0.468291 0.859643
vt 0.583052 0.859643
vt 0.468291 0.855720
vt 0.583052 0.855720
vt 0.468291 0.851718
vt 0.583052 0.851718
vt 0.468291 0.847637
vt 0.583052 0.847637
vt 0.468291 0.843476
vt 0.583052 0.843476
vt 0.468291 0.839235
vt 0.583052 0.839235
vt 0.468291 0.834994
vt 0.583052 0.834994
vt 0.468291 0.830832
vt 0.583052 0.830832
vt 0.468291 0.826751
vt 0.583052 0.826751
vt 0.468291 0.822749
vt 0.583052 0.822749
vt 0.468291 0.818828
vt 0.583052 0.818828
vt 0.468291 0.814985
vt 0.583052 0.814985
vt 0.468291 0.811223
vt 0.583052 0.811223
vt 0.468291 0.807540
vt 0.583052 0.807540
vt 0.468291 0.803937
vt 0.583052 0.803937
vt 0.468291 0.800414
vt 0.583052 0.800414
vt 0.468291 0.796970
vt 0.583052 0.796970
vt 0.468291 0.793607
vt 0.583052 0.793607
vt 0.468291 0.790341
vt 0.583052 0.790341
vt 0.468291 0.787194
vt 0.583052 0.787194
vt 0.468291 0.784164
vt 0.583052 0.784164
vt 0.468291 0.781252
vt 0.583052 0.781252
vt 0.468291 0.778458
vt 0.583052 0.778458
vt 0.697812 0.557923
vt 0.697812 0.555045
vt 0.812572 0.555045
vt 0.812572 0.557923
vt 0.697812 0.552021
vt 0.812572 0.552021
vt 0.697812 0.548850
vt 0.812572 0.548850
vt 0.697812 0.545534
vt 0.812572 0.545534
vt 0.697812 0.542072
vt 0.812572 0.542072
vt 0.697812 0.538464
vt 0.812572 0.538464
vt 0.697812 0.534710
vt 0.812572 0.534710
vt 0.697812 0.530826
vt 0.812572 0.530826
vt 0.697812 0.526828
vt 0.812572 0.526828
vt 0.697812 0.522717
vt 0.812572 0.522717
vt 0.697812 0.518492
vt 0.812572 0.518492
vt 0.697812 0.514153
vt 0.812572 0.514153
vt 0.697812 0.509700
vt 0.812572 0.509700
vt 0.697812 0.505134
vt 0.812572 0.505134
vt 0.697812 0.500454
vt 0.812572 0.500454
vt 0.697812 0.495661
vt 0.812572 0.495661
vt 0.697812 0.490753
vt 0.812572 0.490753
vt 0.697812 0.485732
vt 0.812572 0.485732
vt 0.697812 0.480598
vt 0.812572 0.480598
vt 0.697812 0.475377
vt 0.812572 0.475377
vt 0.697812 0.470279
vt 0.812572 0.470279
vt 0.697812 0.465306
vt 0.812572 0.465306
vt 0.697812 0.460455
vt 0.812572 0.460455
vt 0.697812 0.455728
vt 0.812572 0.455728
vt 0.697812 0.451125
vt 0.812572 0.451125
vt 0.697812 0.446645
vt 0.812572 0.446645
vt 0.697812 0.442288
vt 0.812572 0.442288
vt 0.697812 0.438055
vt 0.812572 0.438055
vt 0.697812 0.433946
vt 0.812572 0.433946
vt 0.697812 0.429960
vt 0.812572 0.429960
vt 0.697812 0.426097
vt 0.812572 0.426097
vt 0.697812 0.422369
vt 0.812572 0.422369
vt 0.697812 0.418784
vt 0.812572 0.418784
vt 0.697812 0.415344
vt 0.812572 0.415344
vt 0.697812 0.412049
vt 0.812572 0.412049
vt 0.697812 0.408897
vt 0.812572 0.408897
vt 0.697812 0.405890
vt 0.812572 0.405890
vt 0.697812 0.403028
vt 0.812572 0.403028
vt 0.168862 0.902159
vt 0.168862 0.899362
vt 0.283622 0.899362
vt 0.283622 0.902159
vt 0.168862 0.896446
vt 0.283622 0.896446
vt 0.168862 0.893413
vt 0.283622 0.893413
vt 0.168862 0.890263
vt 0.283622 0.890263
vt 0.168862 0.886995
vt 0.283622 0.886995
vt 0.168862 0.883629
vt 0.283622 0.883629
vt 0.168862 0.880183
vt 0.283622 0.880183
vt 0.168862 0.876658
vt 0.283622 0.876658
vt 0.168862 0.873053
vt 0.283622 0.873053
vt 0.168862 0.869369
vt 0.283622 0.869369
vt 0.168862 0.865605
vt 0.283622 0.865605
vt 0.168862 0.861761
vt 0.283622 0.861761
vt 0.168862 0.857838
vt 0.283622 0.857838
vt 0.168862 0.853836
vt 0.283622 0.853836
vt 0.168862 0.849754
vt 0.283622 0.849754
vt 0.168862 0.845593
vt 0.283622 0.845593
vt 0.168862 0.841351
vt 0.283622 0.841351
vt 0.168862 0.837111
vt 0.283622 0.837111
vt 0.168862 0.832950
vt 0.283622 0.832950
vt 0.168862 0.828869
vt 0.283622 0.828869
vt 0.168862 0.824867
vt 0.283622 0.824867
vt 0.168862 0.820946
vt 0.283622 0.820946
vt 0.168862 0.817105
vt 0.283622 0.817105
vt 0.168862 0.813343
vt 0.283622 0.813343
vt 0.168862 0.809662
vt 0.283622 0.809662
vt 0.168862 0.806060
vt 0.283622 0.806060
vt 0.168862 0.802538
vt 0.283622 0.802538
vt 0.168862 0.799096
vt 0.283622 0.799096
vt 0.168862 0.795734
vt 0.283622 0.795734
vt 0.168862 0.792471
vt 0.283622 0.792471
vt 0.168862 0.789328
vt 0.283622 0.789328
vt 0.168862 0.786305
vt 0.283622 0.786305
vt 0.168862 0.783402
vt 0.283622 0.783402
vt 0.168862 0.780618
vt 0.283622 0.780618
vt 0.697812 0.709957
vt 0.812572 0.709957
vt 0.697812 0.706952
vt 0.812572 0.706952
vt 0.697812 0.703802
vt 0.812572 0.703802
vt 0.697812 0.700507
vt 0.812572 0.700507
vt 0.697812 0.697069
vt 0.812572 0.697069
vt 0.697812 0.693486
vt 0.812572 0.693486
vt 0.697812 0.689758
vt 0.812572 0.689758
vt 0.697812 0.685897
vt 0.812572 0.685897
vt 0.697812 0.681912
vt 0.812572 0.681912
vt 0.697812 0.677803
vt 0.812572 0.677803
vt 0.697812 0.673571
vt 0.812572 0.673571
vt 0.697812 0.669215
vt 0.812572 0.669215
vt 0.697812 0.664736
vt 0.812572 0.664736
vt 0.697812 0.660133
vt 0.812572 0.660133
vt 0.697812 0.655407
vt 0.812572 0.655407
vt 0.697812 0.650557
vt 0.812572 0.650557
vt 0.697812 0.645583
vt 0.812572 0.645583
vt 0.697812 0.640486
vt 0.812572 0.640486
vt 0.697812 0.635265
vt 0.812572 0.635265
vt 0.697812 0.630130
vt 0.812572 0.630130
vt 0.697812 0.625109
vt 0.812572 0.625109
vt 0.697812 0.620201
vt 0.812572 0.620201
vt 0.697812 0.615407
vt 0.812572 0.615407
vt 0.697812 0.610727
vt 0.812572 0.610727
vt 0.697812 0.606160
vt 0.812572 0.606160
vt 0.697812 0.601707
vt 0.812572 0.601707
vt 0.697812 0.597368
vt 0.812572 0.597368
vt 0.697812 0.593142
vt 0.812572 0.593142
vt 0.697812 0.589030
vt 0.812572 0.589030
vt 0.697812 0.585031
vt 0.812572 0.585031
vt 0.697812 0.581146
vt 0.812572 0.581146
vt 0.697812 0.577391
vt 0.812572 0.577391
vt 0.697812 0.573781
vt 0.812572 0.573781
vt 0.697812 0.570318
vt 0.812572 0.570318
vt 0.697812 0.567000
vt 0.812572 0.567000
vt 0.697812 0.563829
vt 0.812572 0.563829
vt 0.697812 0.560803
vt 0.812572 0.560803
vt 0.697812 0.557923
vt 0.812572 0.557923
vt 0.468291 0.899999
vt 0.468291 0.897212
vt 0.583052 0.897212
vt 0.583052 0.899999
vt 0.468291 0.894306
vt 0.583052 0.894306
vt 0.468291 0.891279
vt 0.583052 0.891279
vt 0.468291 0.888134
vt 0.583052 0.888134
vt 0.706791 0.863373
vt 0.709228 0.863373
vt 0.709228 0.978133
vt 0.706791 0.978133
vt 0.711714 0.863373
vt 0.711714 0.978133
vt 0.714250 0.863373
vt 0.714250 0.978133
vt 0.716835 0.863373
vt 0.716835 0.978133
vt 0.719470 0.863373
vt 0.719470 0.978133
vt 0.722154 0.863373
vt 0.722154 0.978133
vt 0.724887 0.863373
vt 0.724887 0.978133
vt 0.727670 0.863373
vt 0.727670 0.978133
vt 0.730503 0.863373
vt 0.730503 0.978133
vt 0.733385 0.863373
vt 0.733385 0.978133
vt 0.736316 0.863373
vt 0.736316 0.978133
vt 0.739297 0.863373
vt 0.739297 0.978133
vt 0.742235 0.863373
vt 0.742235 0.978133
vt 0.745127 0.863373
vt 0.745127 0.978133
vt 0.747973 0.863373
vt 0.747973 0.978133
vt 0.750775 0.863373
vt 0.750775 0.978133
vt 0.753530 0.863373
vt 0.753530 0.978133
vt 0.756241 0.863373
vt 0.756241 0.978133
vt 0.758906 0.863373
vt 0.758906 0.978133
vt 0.761525 0.863373
vt 0.761525 0.978133
vt 0.764099 0.863373
vt 0.764099 0.978133
vt 0.766628 0.863373
vt 0.766628 0.978133
vt 0.769111 0.863373
vt 0.769111 0.978133
vt 0.771549 0.863373
vt 0.771549 0.978133
vt 0.773922 0.863373
vt 0.773922 0.978133
vt 0.776212 0.863373
vt 0.776212 0.978133
vt 0.778419 0.863373
vt 0.778419 0.978133
vt 0.780543 0.863373
vt 0.780543 0.978133
vt 0.583052 0.882632
vt 0.697812 0.882632
vt 0.697812 0.884791
vt 0.583052 0.880354
vt 0.697812 0.880354
vt 0.583052 0.877957
vt 0.697812 0.877957
vt 0.583052 0.875439
vt 0.697812 0.875439
vt 0.583052 0.872802
vt 0.697812 0.872802
vt 0.583052 0.870046
vt 0.697812 0.870046
vt 0.583052 0.867170
vt 0.697812 0.867170
vt 0.583052 0.864181
vt 0.697812 0.864181
vt 0.583052 0.861089
vt 0.697812 0.861089
vt 0.583052 0.857892
vt 0.697812 0.857892
vt 0.583052 0.854590
vt 0.697812 0.854590
vt 0.583052 0.851184
vt 0.697812 0.851184
vt 0.583052 0.847673
vt 0.697812 0.847673
vt 0.583052 0.844058
vt 0.697812 0.844058
vt 0.583052 0.840339
vt 0.697812 0.840339
vt 0.583052 0.836515
vt 0.697812 0.836515
vt 0.583052 0.832586
vt 0.697812 0.832586
vt 0.583052 0.828553
vt 0.697812 0.828553
vt 0.583052 0.824416
vt 0.697812 0.824416
vt 0.583052 0.820191
vt 0.697812 0.820191
vt 0.583052 0.816078
vt 0.697812 0.816078
vt 0.583052 0.812077
vt 0.697812 0.812077
vt 0.583052 0.808187
vt 0.697812 0.808188
vt 0.583052 0.804410
vt 0.697812 0.804410
vt 0.583052 0.800744
vt 0.697812 0.800744
vt 0.583052 0.797191
vt 0.697812 0.797191
vt 0.583052 0.793749
vt 0.697812 0.793749
vt 0.583052 0.790419
vt 0.697812 0.790419
vt 0.583052 0.787200
vt 0.697812 0.787200
vt 0.583052 0.784094
vt 0.697812 0.784094
vt 0.583052 0.781099
vt 0.697812 0.781099
vt 0.583052 0.778220
vt 0.697812 0.778220
vt 0.583052 0.775461
vt 0.697812 0.775461
vt 0.583052 0.772821
vt 0.697812 0.772821
vt 0.583052 0.770300
vt 0.697812 0.770300
vt 0.583052 0.767899
vt 0.697812 0.767899
vt 0.583052 0.765618
vt 0.697812 0.765618
vt 0.583052 0.763456
vt 0.697812 0.763456
vt 0.583052 0.761413
vt 0.697812 0.761413
vt 0.895349 0.873232
vt 0.897470 0.873232
vt 0.897470 0.987992
vt 0.895349 0.987992
vt 0.899674 0.873232
vt 0.899674 0.987992
vt 0.901962 0.873232
vt 0.901962 0.987992
vt 0.904334 0.873232
vt 0.904334 0.987992
vt 0.906770 0.873232
vt 0.906770 0.987992
vt 0.909251 0.873232
vt 0.909251 0.987992
vt 0.911778 0.873232
vt 0.911778 0.987992
vt 0.914351 0.873232
vt 0.914351 0.987992
vt 0.916969 0.873232
vt 0.916969 0.987992
vt 0.919633 0.873232
vt 0.919633 0.987992
vt 0.922343 0.873232
vt 0.922343 0.987992
vt 0.925098 0.873232
vt 0.925098 0.987992
vt 0.927898 0.873232
vt 0.927898 0.987992
vt 0.930745 0.873232
vt 0.930745 0.987992
vt 0.933636 0.873232
vt 0.933636 0.987992
vt 0.936574 0.873232
vt 0.936574 0.987992
vt 0.939555 0.873232
vt 0.939555 0.987992
vt 0.942486 0.873232
vt 0.942486 0.987992
vt 0.945369 0.873232
vt 0.945369 0.987992
vt 0.948202 0.873232
vt 0.948202 0.987992
vt 0.950985 0.873232
vt 0.950985 0.987992
vt 0.953720 0.873232
vt 0.953720 0.987992
vt 0.956405 0.873232
vt 0.956405 0.987992
vt 0.959041 0.873232
vt 0.959041 0.987992
vt 0.961627 0.873232
vt 0.961627 0.987992
vt 0.964165 0.873232
vt 0.964165 0.987992
vt 0.966653 0.873232
vt 0.966653 0.987992
vt 0.969091 0.873232
vt 0.969091 0.987992
vt 0.971464 0.873232
vt 0.971464 0.987992
vt 0.973752 0.873232
vt 0.973752 0.987992
vt 0.975958 0.873232
vt 0.975958 0.987992
vt 0.749495 0.125219
vt 0.749495 0.123170
vt 0.864255 0.123170
vt 0.864255 0.125219
vt 0.749495 0.121004
vt 0.864255 0.121004
vt 0.749495 0.118724
vt 0.864255 0.118724
vt 0.749495 0.116327
vt 0.864255 0.116327
vt 0.749495 0.113815
vt 0.864255 0.113815
vt 0.749495 0.111187
vt 0.864255 0.111187
vt 0.749495 0.108444
vt 0.864255 0.108444
vt 0.749495 0.105585
vt 0.864255 0.105585
vt 0.749495 0.102612
vt 0.864255 0.102612
vt 0.749495 0.099524
vt 0.864255 0.099524
vt 0.749495 0.096323
vt 0.864255 0.096323
vt 0.749495 0.093009
vt 0.864255 0.093009
vt 0.749495 0.089581
vt 0.864255 0.089581
vt 0.749495 0.086039
vt 0.864255 0.086039
vt 0.749495 0.082383
vt 0.864255 0.082383
vt 0.749495 0.078614
vt 0.864255 0.078614
vt 0.749495 0.074731
vt 0.864255 0.074731
vt 0.749495 0.070734
vt 0.864255 0.070734
vt 0.749495 0.066624
vt 0.864255 0.066624
vt 0.749495 0.062400
vt 0.864255 0.062400
vt 0.749495 0.058263
vt 0.864255 0.058263
vt 0.749495 0.054230
vt 0.864255 0.054230
vt 0.749495 0.050302
vt 0.864255 0.050302
vt 0.749495 0.046478
vt 0.864255 0.046478
vt 0.749495 0.042759
vt 0.864255 0.042759
vt 0.749495 0.039144
vt 0.864255 0.039144
vt 0.749495 0.035634
vt 0.864255 0.035634
vt 0.749495 0.032228
vt 0.864255 0.032228
vt 0.749495 0.028927
vt 0.864255 0.028927
vt 0.749495 0.025731
vt 0.864255 0.025731
vt 0.749495 0.022639
vt 0.864255 0.022639
vt 0.749495 0.019651
vt 0.864255 0.019651
vt 0.749495 0.016776
vt 0.864255 0.016776
vt 0.749495 0.014021
vt 0.864255 0.014021
vt 0.749495 0.011385
vt 0.864255 0.011385
vt 0.749495 0.008868
vt 0.864255 0.008868
vt 0.749495 0.006472
vt 0.864255 0.006472
vt 0.749495 0.004195
vt 0.864255 0.004195
vt 0.749495 0.002038
vt 0.864255 0.002038
vt 0.749495 -0.000000
vt 0.864255 0.000000
vt 0.697812 0.863373
vt 0.699931 0.863373
vt 0.699931 0.978133
vt 0.697812 0.978133
vt 0.702134 0.863373
vt 0.702134 0.978133
vt 0.704421 0.863373
vt 0.704421 0.978133
s 0
f 100/22/7 102/23/7 101/24/7
f 100/22/7 103/25/7 102/23/7
f 99/26/7 103/25/7 100/22/7
f 99/26/7 104/27/7 103/25/7
f 98/28/7 104/27/7 99/26/7
f 98/28/7 105/29/7 104/27/7
f 97/30/7 105/29/7 98/28/7
f 97/30/7 106/31/7 105/29/7
f 96/32/7 106/31/7 97/30/7
f 96/32/7 107/33/7 106/31/7
f 95/34/7 107/33/7 96/32/7
f 95/34/7 108/35/7 107/33/7
f 94/36/7 108/35/7 95/34/7
f 94/36/7 109/37/7 108/35/7
f 93/38/7 109/37/7 94/36/7
f 93/38/7 110/39/7 109/37/7
f 92/40/7 110/39/7 93/38/7
f 92/40/7 111/41/7 110/39/7
f 91/42/7 111/41/7 92/40/7
f 91/42/7 112/43/7 111/41/7
f 90/44/7 112/43/7 91/42/7
f 90/44/7 113/45/7 112/43/7
f 89/46/7 113/45/7 90/44/7
f 88/47/7 113/45/7 89/46/7
f 88/47/7 114/48/7 113/45/7
f 87/49/7 114/48/7 88/47/7
f 87/49/7 115/50/7 114/48/7
f 86/51/7 115/50/7 87/49/7
f 86/51/7 116/52/7 115/50/7
f 85/53/7 116/52/7 86/51/7
f 85/53/7 117/54/7 116/52/7
f 84/55/7 117/54/7 85/53/7
f 84/55/7 246/56/7 117/54/7
f 246/56/7 245/57/7 117/54/7
f 245/57/7 244/58/7 117/54/7
f 244/58/7 118/59/7 117/54/7
f 243/60/7 118/59/7 244/58/7
f 84/55/7 247/61/7 246/56/7
f 242/62/7 118/59/7 243/60/7
f 84/55/7 248/63/7 247/61/7
f 241/64/7 118/59/7 242/62/7
f 84/55/7 249/65/7 248/63/7
f 240/66/7 118/59/7 241/64/7
f 84/55/7 250/67/7 249/65/7
f 83/68/7 250/67/7 84/55/7
f 240/66/7 119/69/7 118/59/7
f 239/70/7 119/69/7 240/66/7
f 83/68/7 251/71/7 250/67/7
f 238/72/7 119/69/7 239/70/7
f 83/68/7 252/73/7 251/71/7
f 237/74/7 119/69/7 238/72/7
f 83/68/7 253/75/7 252/73/7
f 236/76/7 119/69/7 237/74/7
f 83/68/7 254/77/7 253/75/7
f 82/78/7 254/77/7 83/68/7
f 236/76/7 120/79/7 119/69/7
f 235/80/7 120/79/7 236/76/7
f 82/78/7 255/81/7 254/77/7
f 234/82/7 120/79/7 235/80/7
f 82/78/7 256/83/7 255/81/7
f 81/84/7 256/83/7 82/78/7
f 234/82/7 121/85/7 120/79/7
f 233/86/7 121/85/7 234/82/7
f 81/84/7 257/87/7 256/83/7
f 232/88/7 121/85/7 233/86/7
f 81/84/7 258/89/7 257/87/7
f 80/90/7 258/89/7 81/84/7
f 232/88/7 122/91/7 121/85/7
f 231/92/7 122/91/7 232/88/7
f 80/90/7 259/93/7 258/89/7
f 230/94/7 122/91/7 231/92/7
f 80/90/7 260/95/7 259/93/7
f 79/96/7 260/95/7 80/90/7
f 230/94/7 123/97/7 122/91/7
f 229/98/7 123/97/7 230/94/7
f 79/96/7 261/99/7 260/95/7
f 228/100/7 123/97/7 229/98/7
f 79/96/7 262/101/7 261/99/7
f 78/102/7 262/101/7 79/96/7
f 228/100/7 124/103/7 123/97/7
f 227/104/7 124/103/7 228/100/7
f 78/102/7 263/105/7 262/101/7
f 226/106/7 124/103/7 227/104/7
f 78/102/7 264/107/7 263/105/7
f 77/108/7 264/107/7 78/102/7
f 226/106/7 125/109/7 124/103/7
f 225/110/7 125/109/7 226/106/7
f 77/108/7 265/111/7 264/107/7
f 76/112/7 265/111/7 77/108/7
f 225/110/7 126/113/7 125/109/7
f 224/114/7 126/113/7 225/110/7
f 76/112/7 266/115/7 265/111/7
f 223/116/7 126/113/7 224/114/7
f 76/112/7 267/117/7 266/115/7
f 75/118/7 267/117/7 76/112/7
f 223/116/7 127/119/7 126/113/7
f 222/120/7 127/119/7 223/116/7
f 75/118/7 268/121/7 267/117/7
f 74/122/7 268/121/7 75/118/7
f 222/120/7 128/123/7 127/119/7
f 221/124/7 128/123/7 222/120/7
f 74/122/7 269/125/7 268/121/7
f 220/126/7 128/123/7 221/124/7
f 74/122/7 270/127/7 269/125/7
f 73/128/7 270/127/7 74/122/7
f 220/126/7 129/129/7 128/123/7
f 219/130/7 129/129/7 220/126/7
f 73/128/7 271/131/7 270/127/7
f 72/132/7 271/131/7 73/128/7
f 219/130/7 130/133/7 129/129/7
f 218/134/7 130/133/7 219/130/7
f 72/132/7 272/135/7 271/131/7
f 217/136/7 130/133/7 218/134/7
f 71/137/7 272/135/7 72/132/7
f 217/136/7 131/138/7 130/133/7
f 71/137/7 273/139/7 272/135/7
f 216/140/7 131/138/7 217/136/7
f 71/137/7 274/141/7 273/139/7
f 216/140/7 132/142/7 131/138/7
f 70/143/7 274/141/7 71/137/7
f 215/144/7 132/142/7 216/140/7
f 70/143/7 275/145/7 274/141/7
f 215/144/7 133/146/7 132/142/7
f 69/147/7 275/145/7 70/143/7
f 214/148/7 133/146/7 215/144/7
f 69/147/7 276/149/7 275/145/7
f 214/148/7 134/150/7 133/146/7
f 68/151/7 276/149/7 69/147/7
f 213/152/7 134/150/7 214/148/7
f 68/151/7 277/153/7 276/149/7
f 212/154/7 134/150/7 213/152/7
f 68/151/7 278/155/7 277/153/7
f 212/154/7 135/156/7 134/150/7
f 67/157/7 278/155/7 68/151/7
f 211/158/7 135/156/7 212/154/7
f 67/157/7 279/159/7 278/155/7
f 211/158/7 136/160/7 135/156/7
f 66/161/7 279/159/7 67/157/7
f 210/162/7 136/160/7 211/158/7
f 66/161/7 280/163/7 279/159/7
f 210/162/7 137/164/7 136/160/7
f 65/165/7 280/163/7 66/161/7
f 209/166/7 137/164/7 210/162/7
f 65/165/7 281/167/7 280/163/7
f 64/168/7 281/167/7 65/165/7
f 64/168/7 282/169/7 281/167/7
f 208/170/7 137/164/7 209/166/7
f 208/170/7 138/171/7 137/164/7
f 207/172/7 138/171/7 208/170/7
f 64/168/7 283/173/7 282/169/7
f 63/174/7 283/173/7 64/168/7
f 207/172/7 139/175/7 138/171/7
f 206/176/7 139/175/7 207/172/7
f 63/174/7 284/177/7 283/173/7
f 62/178/7 284/177/7 63/174/7
f 206/176/7 140/179/7 139/175/7
f 62/178/7 285/180/7 284/177/7
f 205/181/7 140/179/7 206/176/7
f 61/182/7 285/180/7 62/178/7
f 205/181/7 141/183/7 140/179/7
f 61/182/7 286/184/7 285/180/7
f 204/185/7 141/183/7 205/181/7
f 61/182/7 287/186/7 286/184/7
f 203/187/7 141/183/7 204/185/7
f 60/188/7 287/186/7 61/182/7
f 203/187/7 142/189/7 141/183/7
f 60/188/7 288/190/7 287/186/7
f 202/191/7 142/189/7 203/187/7
f 59/192/7 288/190/7 60/188/7
f 202/191/7 143/193/7 142/189/7
f 59/192/7 289/194/7 288/190/7
f 201/195/7 143/193/7 202/191/7
f 58/196/7 289/194/7 59/192/7
f 201/195/7 144/197/7 143/193/7
f 58/196/7 290/198/7 289/194/7
f 200/199/7 144/197/7 201/195/7
f 58/196/7 291/200/7 290/198/7
f 199/201/7 144/197/7 200/199/7
f 57/202/7 291/200/7 58/196/7
f 199/201/7 145/203/7 144/197/7
f 57/202/7 292/204/7 291/200/7
f 198/205/7 145/203/7 199/201/7
f 56/206/7 292/204/7 57/202/7
f 198/205/7 146/207/7 145/203/7
f 56/206/7 293/208/7 292/204/7
f 197/209/7 146/207/7 198/205/7
f 55/210/7 293/208/7 56/206/7
f 197/209/7 147/211/7 146/207/7
f 55/210/7 294/212/7 293/208/7
f 196/213/7 147/211/7 197/209/7
f 55/210/7 295/214/7 294/212/7
f 195/215/7 147/211/7 196/213/7
f 54/216/7 295/214/7 55/210/7
f 195/215/7 148/217/7 147/211/7
f 54/216/7 296/218/7 295/214/7
f 194/219/7 148/217/7 195/215/7
f 53/220/7 296/218/7 54/216/7
f 194/219/7 149/221/7 148/217/7
f 53/220/7 297/222/7 296/218/7
f 193/223/7 149/221/7 194/219/7
f 53/220/7 298/224/7 297/222/7
f 192/225/7 149/221/7 193/223/7
f 52/226/7 298/224/7 53/220/7
f 192/225/7 150/227/7 149/221/7
f 52/226/7 299/228/7 298/224/7
f 191/229/7 150/227/7 192/225/7
f 51/230/7 299/228/7 52/226/7
f 191/229/7 151/231/7 150/227/7
f 51/230/7 300/232/7 299/228/7
f 190/233/7 151/231/7 191/229/7
f 51/230/7 301/234/7 300/232/7
f 189/235/7 151/231/7 190/233/7
f 50/236/7 301/234/7 51/230/7
f 189/235/7 152/237/7 151/231/7
f 50/236/7 302/238/7 301/234/7
f 188/239/7 152/237/7 189/235/7
f 50/236/7 303/240/7 302/238/7
f 187/241/7 152/237/7 188/239/7
f 49/242/7 303/240/7 50/236/7
f 187/241/7 153/243/7 152/237/7
f 49/242/7 304/244/7 303/240/7
f 186/245/7 153/243/7 187/241/7
f 49/242/7 161/246/7 304/244/7
f 185/247/7 153/243/7 186/245/7
f 48/248/7 161/246/7 49/242/7
f 185/247/7 154/249/7 153/243/7
f 48/248/7 162/250/7 161/246/7
f 184/251/7 154/249/7 185/247/7
f 48/248/7 163/252/7 162/250/7
f 183/253/7 154/249/7 184/251/7
f 47/254/7 163/252/7 48/248/7
f 183/253/7 155/255/7 154/249/7
f 47/254/7 164/256/7 163/252/7
f 182/257/7 155/255/7 183/253/7
f 47/254/7 165/258/7 164/256/7
f 181/259/7 155/255/7 182/257/7
f 47/254/7 166/260/7 165/258/7
f 180/261/7 155/255/7 181/259/7
f 46/262/7 166/260/7 47/254/7
f 180/261/7 156/263/7 155/255/7
f 46/262/7 167/264/7 166/260/7
f 179/265/7 156/263/7 180/261/7
f 46/262/7 168/266/7 167/264/7
f 178/267/7 156/263/7 179/265/7
f 46/262/7 169/268/7 168/266/7
f 177/269/7 156/263/7 178/267/7
f 45/270/7 169/268/7 46/262/7
f 177/269/7 157/271/7 156/263/7
f 45/270/7 170/272/7 169/268/7
f 176/273/7 157/271/7 177/269/7
f 45/270/7 171/274/7 170/272/7
f 175/275/7 157/271/7 176/273/7
f 45/270/7 172/276/7 171/274/7
f 174/277/7 157/271/7 175/275/7
f 45/270/7 173/278/7 172/276/7
f 173/278/7 157/271/7 174/277/7
f 45/270/7 157/271/7 173/278/7
f 44/279/7 157/271/7 45/270/7
f 44/279/7 158/280/7 157/271/7
f 44/279/7 159/281/7 158/280/7
f 43/282/7 159/281/7 44/279/7
f 43/282/7 160/283/7 159/281/7
f 42/284/7 160/283/7 43/282/7
f 42/284/7 17/285/7 160/283/7
f 41/286/7 17/285/7 42/284/7
f 40/287/7 17/285/7 41/286/7
f 40/287/7 18/288/7 17/285/7
f 39/289/7 18/288/7 40/287/7
f 39/289/7 19/290/7 18/288/7
f 38/291/7 19/290/7 39/289/7
f 38/291/7 20/292/7 19/290/7
f 37/293/7 20/292/7 38/291/7
f 37/293/7 21/294/7 20/292/7
f 36/295/7 21/294/7 37/293/7
f 36/295/7 22/296/7 21/294/7
f 35/297/7 22/296/7 36/295/7
f 35/297/7 23/298/7 22/296/7
f 34/299/7 23/298/7 35/297/7
f 34/299/7 24/300/7 23/298/7
f 33/301/7 24/300/7 34/299/7
f 33/301/7 25/302/7 24/300/7
f 32/303/7 25/302/7 33/301/7
f 32/303/7 26/304/7 25/302/7
f 31/305/7 26/304/7 32/303/7
f 31/305/7 27/306/7 26/304/7
f 30/307/7 27/306/7 31/305/7
f 30/307/7 28/308/7 27/306/7
f 29/309/7 28/308/7 30/307/7
f 306/310/7 308/311/7 307/312/7
f 306/310/7 309/313/7 308/311/7
f 305/314/7 309/315/7 306/316/7
f 312/317/7 310/318/7 305/319/7
f 310/320/8 309/315/8 305/314/8
f 312/317/7 311/321/7 310/318/7
f 396/322/7 398/323/7 397/324/7
f 396/322/7 399/325/7 398/323/7
f 395/326/7 399/325/7 396/322/7
f 395/326/7 400/327/7 399/325/7
f 395/326/7 401/328/7 400/327/7
f 394/329/7 401/328/7 395/326/7
f 394/329/7 402/330/7 401/328/7
f 394/329/7 403/331/7 402/330/7
f 393/332/7 403/331/7 394/329/7
f 393/332/7 404/333/7 403/331/7
f 392/334/7 404/333/7 393/332/7
f 392/334/7 405/335/7 404/333/7
f 392/334/7 406/336/7 405/335/7
f 391/337/7 406/336/7 392/334/7
f 391/337/7 407/338/7 406/336/7
f 391/337/7 408/339/7 407/338/7
f 390/340/7 408/339/7 391/337/7
f 390/340/7 409/341/7 408/339/7
f 389/342/7 409/341/7 390/340/7
f 389/342/7 410/343/7 409/341/7
f 389/342/7 411/344/7 410/343/7
f 388/345/7 411/344/7 389/342/7
f 388/345/7 412/346/7 411/344/7
f 388/345/7 413/347/7 412/346/7
f 387/348/7 413/347/7 388/345/7
f 387/348/7 414/349/7 413/347/7
f 386/350/7 414/349/7 387/348/7
f 386/350/7 415/351/7 414/349/7
f 386/350/7 416/352/7 415/351/7
f 385/353/7 416/352/7 386/350/7
f 385/353/7 417/354/7 416/352/7
f 385/353/7 418/355/7 417/354/7
f 384/356/7 418/355/7 385/353/7
f 384/356/7 419/357/7 418/355/7
f 384/356/7 420/358/7 419/357/7
f 383/359/7 420/358/7 384/356/7
f 383/359/7 421/360/7 420/358/7
f 382/361/7 421/360/7 383/359/7
f 382/361/7 422/362/7 421/360/7
f 382/361/7 423/363/7 422/362/7
f 381/364/7 423/363/7 382/361/7
f 381/364/7 424/365/7 423/363/7
f 381/364/7 425/366/7 424/365/7
f 380/367/7 495/368/7 381/364/7
f 495/368/7 494/369/7 381/364/7
f 494/369/7 425/366/7 381/364/7
f 493/370/7 425/366/7 494/369/7
f 492/371/7 425/366/7 493/370/7
f 492/371/7 426/372/7 425/366/7
f 380/367/7 496/373/7 495/368/7
f 491/374/7 426/372/7 492/371/7
f 490/375/7 426/372/7 491/374/7
f 380/367/7 497/376/7 496/373/7
f 489/377/7 426/372/7 490/375/7
f 488/378/7 426/372/7 489/377/7
f 380/367/7 498/379/7 497/376/7
f 487/380/7 426/372/7 488/378/7
f 486/381/7 426/372/7 487/380/7
f 380/367/7 499/382/7 498/379/7
f 485/383/7 426/372/7 486/381/7
f 379/384/7 499/382/7 380/367/7
f 484/385/7 426/372/7 485/383/7
f 379/384/7 500/386/7 499/382/7
f 484/385/7 427/387/7 426/372/7
f 483/388/7 427/387/7 484/385/7
f 482/389/7 427/387/7 483/388/7
f 379/384/7 501/390/7 500/386/7
f 481/391/7 427/387/7 482/389/7
f 379/384/7 502/392/7 501/390/7
f 480/393/7 427/387/7 481/391/7
f 480/393/7 428/394/7 427/387/7
f 479/395/7 428/394/7 480/393/7
f 379/384/7 503/396/7 502/392/7
f 378/397/7 503/396/7 379/384/7
f 478/398/7 428/394/7 479/395/7
f 477/399/7 428/394/7 478/398/7
f 477/399/7 429/400/7 428/394/7
f 378/397/7 504/401/7 503/396/7
f 476/402/7 429/400/7 477/399/7
f 475/403/7 429/400/7 476/402/7
f 378/397/7 505/404/7 504/401/7
f 474/405/7 429/400/7 475/403/7
f 474/405/7 430/406/7 429/400/7
f 377/407/7 505/404/7 378/397/7
f 473/408/7 430/406/7 474/405/7
f 377/407/7 506/409/7 505/404/7
f 472/410/7 430/406/7 473/408/7
f 472/410/7 431/411/7 430/406/7
f 471/412/7 431/411/7 472/410/7
f 377/407/7 507/413/7 506/409/7
f 470/414/7 431/411/7 471/412/7
f 376/415/7 507/413/7 377/407/7
f 470/414/7 432/416/7 431/411/7
f 469/417/7 432/416/7 470/414/7
f 376/415/7 508/418/7 507/413/7
f 468/419/7 432/416/7 469/417/7
f 376/415/7 509/420/7 508/418/7
f 468/419/7 433/421/7 432/416/7
f 467/422/7 433/421/7 468/419/7
f 466/423/7 433/421/7 467/422/7
f 375/424/7 509/420/7 376/415/7
f 375/424/7 510/425/7 509/420/7
f 465/426/7 433/421/7 466/423/7
f 465/426/7 434/427/7 433/421/7
f 464/428/7 434/427/7 465/426/7
f 375/424/7 511/429/7 510/425/7
f 464/428/7 435/430/7 434/427/7
f 463/431/7 435/430/7 464/428/7
f 374/432/7 511/429/7 375/424/7
f 462/433/7 435/430/7 463/431/7
f 374/432/7 512/434/7 511/429/7
f 462/433/7 436/435/7 435/430/7
f 461/436/7 436/435/7 462/433/7
f 460/437/7 436/435/7 461/436/7
f 374/432/7 513/438/7 512/434/7
f 373/439/7 513/438/7 374/432/7
f 460/437/7 437/440/7 436/435/7
f 459/441/7 437/440/7 460/437/7
f 458/442/7 437/440/7 459/441/7
f 373/439/7 514/443/7 513/438/7
f 458/442/7 438/444/7 437/440/7
f 457/445/7 438/444/7 458/442/7
f 372/446/7 514/443/7 373/439/7
f 456/447/7 438/444/7 457/445/7
f 456/447/7 439/448/7 438/444/7
f 372/446/7 515/449/7 514/443/7
f 455/450/7 439/448/7 456/447/7
f 455/450/7 440/451/7 439/448/7
f 372/446/7 516/452/7 515/449/7
f 454/453/7 440/451/7 455/450/7
f 371/454/7 516/452/7 372/446/7
f 453/455/7 440/451/7 454/453/7
f 453/455/7 441/456/7 440/451/7
f 371/454/7 517/457/7 516/452/7
f 452/458/7 441/456/7 453/455/7
f 452/458/7 442/459/7 441/456/7
f 370/460/7 517/457/7 371/454/7
f 451/461/7 442/459/7 452/458/7
f 370/460/7 518/462/7 517/457/7
f 450/463/7 442/459/7 451/461/7
f 450/463/7 443/464/7 442/459/7
f 449/465/7 443/464/7 450/463/7
f 370/460/7 519/466/7 518/462/7
f 369/467/7 519/466/7 370/460/7
f 448/468/7 443/464/7 449/465/7
f 448/468/7 444/469/7 443/464/7
f 447/470/7 444/469/7 448/468/7
f 369/467/7 520/471/7 519/466/7
f 447/470/7 445/472/7 444/469/7
f 446/473/7 445/472/7 447/470/7
f 368/474/7 520/471/7 369/467/7
f 368/474/7 521/475/7 520/471/7
f 367/476/7 521/475/7 368/474/7
f 367/476/7 522/477/7 521/475/7
f 367/476/7 523/478/7 522/477/7
f 366/479/7 523/478/7 367/476/7
f 366/479/7 524/480/7 523/478/7
f 365/481/7 524/480/7 366/479/7
f 365/481/7 525/482/7 524/480/7
f 364/483/7 525/482/7 365/481/7
f 364/483/7 526/484/7 525/482/7
f 364/483/7 527/485/7 526/484/7
f 363/486/7 527/485/7 364/483/7
f 363/486/7 528/487/7 527/485/7
f 362/488/7 528/487/7 363/486/7
f 362/488/7 529/489/7 528/487/7
f 361/490/7 529/489/7 362/488/7
f 361/490/7 530/491/7 529/489/7
f 360/492/7 530/491/7 361/490/7
f 360/492/7 531/493/7 530/491/7
f 360/492/7 532/494/7 531/493/7
f 359/495/7 532/494/7 360/492/7
f 359/495/7 533/496/7 532/494/7
f 358/497/7 533/496/7 359/495/7
f 358/497/7 534/498/7 533/496/7
f 357/499/7 534/498/7 358/497/7
f 357/499/7 535/500/7 534/498/7
f 357/499/7 536/501/7 535/500/7
f 356/502/7 536/501/7 357/499/7
f 356/502/7 537/503/7 536/501/7
f 355/504/7 537/503/7 356/502/7
f 355/504/7 538/505/7 537/503/7
f 354/506/7 538/505/7 355/504/7
f 354/506/7 539/507/7 538/505/7
f 354/506/7 540/508/7 539/507/7
f 353/509/7 540/508/7 354/506/7
f 353/509/7 541/510/7 540/508/7
f 613/511/7 615/512/7 614/513/7
f 613/511/7 616/514/7 615/512/7
f 352/515/7 541/510/7 353/509/7
f 612/516/7 616/514/7 613/511/7
f 612/516/7 617/517/7 616/514/7
f 352/515/7 542/518/7 541/510/7
f 611/519/7 617/517/7 612/516/7
f 610/520/7 617/517/7 611/519/7
f 610/520/7 618/521/7 617/517/7
f 351/522/7 542/518/7 352/515/7
f 351/522/7 543/523/7 542/518/7
f 609/524/7 618/521/7 610/520/7
f 609/524/7 619/525/7 618/521/7
f 608/526/7 619/525/7 609/524/7
f 351/522/7 544/527/7 543/523/7
f 607/528/7 619/525/7 608/526/7
f 350/529/7 544/527/7 351/522/7
f 607/528/7 620/530/7 619/525/7
f 606/531/7 620/530/7 607/528/7
f 350/529/7 545/532/7 544/527/7
f 606/531/7 621/533/7 620/530/7
f 605/534/7 621/533/7 606/531/7
f 349/535/7 545/532/7 350/529/7
f 604/536/7 621/533/7 605/534/7
f 349/535/7 546/537/7 545/532/7
f 604/536/7 622/538/7 621/533/7
f 603/539/7 622/538/7 604/536/7
f 603/539/7 623/540/7 622/538/7
f 602/541/7 623/540/7 603/539/7
f 349/535/7 547/542/7 546/537/7
f 348/543/7 547/542/7 349/535/7
f 601/544/7 623/540/7 602/541/7
f 601/544/7 624/545/7 623/540/7
f 348/543/7 548/546/7 547/542/7
f 600/547/7 624/545/7 601/544/7
f 599/548/7 624/545/7 600/547/7
f 599/548/7 625/549/7 624/545/7
f 347/550/7 548/546/7 348/543/7
f 347/550/7 549/551/7 548/546/7
f 598/552/7 625/549/7 599/548/7
f 597/553/7 625/549/7 598/552/7
f 597/553/7 626/554/7 625/549/7
f 347/550/7 550/555/7 549/551/7
f 596/556/7 626/554/7 597/553/7
f 346/557/7 550/555/7 347/550/7
f 595/558/7 626/554/7 596/556/7
f 595/558/7 627/559/7 626/554/7
f 346/557/7 551/560/7 550/555/7
f 594/561/7 627/559/7 595/558/7
f 593/562/7 627/559/7 594/561/7
f 593/562/7 628/563/7 627/559/7
f 346/557/7 552/564/7 551/560/7
f 592/565/7 628/563/7 593/562/7
f 345/566/7 552/564/7 346/557/7
f 591/567/7 628/563/7 592/565/7
f 591/567/7 629/568/7 628/563/7
f 345/566/7 553/569/7 552/564/7
f 590/570/7 629/568/7 591/567/7
f 589/571/7 629/568/7 590/570/7
f 345/566/7 554/572/7 553/569/7
f 589/571/7 630/573/7 629/568/7
f 344/574/7 554/572/7 345/566/7
f 588/575/7 630/573/7 589/571/7
f 344/574/7 555/576/7 554/572/7
f 587/577/7 630/573/7 588/575/7
f 587/577/7 631/578/7 630/573/7
f 586/579/7 631/578/7 587/577/7
f 344/574/7 556/580/7 555/576/7
f 585/581/7 631/578/7 586/579/7
f 343/582/7 556/580/7 344/574/7
f 585/581/7 632/583/7 631/578/7
f 584/584/7 632/583/7 585/581/7
f 343/582/7 557/585/7 556/580/7
f 583/586/7 632/583/7 584/584/7
f 582/587/7 632/583/7 583/586/7
f 343/582/7 558/588/7 557/585/7
f 582/587/7 633/589/7 632/583/7
f 581/590/7 633/589/7 582/587/7
f 580/591/7 633/589/7 581/590/7
f 343/582/7 559/592/7 558/588/7
f 342/593/7 559/592/7 343/582/7
f 579/594/7 633/589/7 580/591/7
f 579/594/7 634/595/7 633/589/7
f 578/596/7 634/595/7 579/594/7
f 342/593/7 560/597/7 559/592/7
f 577/598/7 634/595/7 578/596/7
f 576/599/7 634/595/7 577/598/7
f 342/593/7 561/600/7 560/597/7
f 575/601/7 634/595/7 576/599/7
f 575/601/7 635/602/7 634/595/7
f 342/593/7 562/603/7 561/600/7
f 574/604/7 635/602/7 575/601/7
f 573/605/7 635/602/7 574/604/7
f 341/606/7 562/603/7 342/593/7
f 341/606/7 563/607/7 562/603/7
f 572/608/7 635/602/7 573/605/7
f 571/609/7 635/602/7 572/608/7
f 341/606/7 564/610/7 563/607/7
f 570/611/7 635/602/7 571/609/7
f 569/612/7 635/602/7 570/611/7
f 341/606/7 565/613/7 564/610/7
f 568/614/7 635/602/7 569/612/7
f 567/615/7 635/602/7 568/614/7
f 341/606/7 566/616/7 565/613/7
f 567/615/7 636/617/7 635/602/7
f 566/616/7 636/617/7 567/615/7
f 341/606/7 636/617/7 566/616/7
f 341/606/7 637/618/7 636/617/7
f 340/619/7 637/618/7 341/606/7
f 340/619/7 638/620/7 637/618/7
f 339/621/7 638/620/7 340/619/7
f 339/621/7 639/622/7 638/620/7
f 339/621/7 640/623/7 639/622/7
f 338/624/7 640/623/7 339/621/7
f 338/624/7 641/625/7 640/623/7
f 338/624/7 642/626/7 641/625/7
f 337/627/7 642/626/7 338/624/7
f 337/627/7 643/628/7 642/626/7
f 336/629/7 643/628/7 337/627/7
f 336/629/7 644/630/7 643/628/7
f 336/629/7 645/631/7 644/630/7
f 335/632/7 645/631/7 336/629/7
f 335/632/7 646/633/7 645/631/7
f 335/632/7 647/634/7 646/633/7
f 334/635/7 647/634/7 335/632/7
f 334/635/7 648/636/7 647/634/7
f 334/635/7 649/637/7 648/636/7
f 333/638/7 649/637/7 334/635/7
f 333/638/7 650/639/7 649/637/7
f 332/640/7 650/639/7 333/638/7
f 332/640/7 313/641/7 650/639/7
f 332/640/7 314/642/7 313/641/7
f 331/643/7 314/642/7 332/640/7
f 331/643/7 315/644/7 314/642/7
f 331/643/7 316/645/7 315/644/7
f 330/646/7 316/645/7 331/643/7
f 330/646/7 317/647/7 316/645/7
f 329/648/7 317/647/7 330/646/7
f 329/648/7 318/649/7 317/647/7
f 329/648/7 319/650/7 318/649/7
f 328/651/7 319/650/7 329/648/7
f 328/651/7 320/652/7 319/650/7
f 328/651/7 321/653/7 320/652/7
f 327/654/7 321/653/7 328/651/7
f 327/654/7 322/655/7 321/653/7
f 326/656/7 322/655/7 327/654/7
f 326/656/7 323/657/7 322/655/7
f 326/656/7 324/658/7 323/657/7
f 325/659/7 324/658/7 326/656/7
f 652/660/7 656/661/7 653/662/7
f 656/661/7 654/663/7 653/662/7
f 656/661/7 655/664/7 654/663/7
f 652/660/7 657/665/7 656/661/7
f 652/660/7 660/666/7 657/665/7
f 660/666/7 658/667/7 657/665/7
f 660/666/7 659/668/7 658/667/7
f 652/660/7 661/669/7 660/666/7
f 652/660/7 662/670/7 661/669/7
f 652/660/7 651/671/7 662/670/7
f 664/672/7 917/673/7 665/674/7
f 917/673/7 666/675/7 665/674/7
f 917/673/7 918/676/7 666/675/7
f 918/676/7 667/677/7 666/675/7
f 764/678/7 817/679/7 765/680/7
f 817/679/7 766/681/7 765/680/7
f 817/679/7 818/682/7 766/681/7
f 818/682/7 767/683/7 766/681/7
f 664/672/7 916/684/7 917/673/7
f 919/685/7 667/677/7 918/676/7
f 764/678/7 816/686/7 817/679/7
f 819/687/7 767/683/7 818/682/7
f 920/688/7 667/677/7 919/685/7
f 764/678/7 815/689/7 816/686/7
f 820/690/7 767/683/7 819/687/7
f 664/672/7 915/691/7 916/684/7
f 921/692/7 667/677/7 920/688/7
f 764/678/7 814/693/7 815/689/7
f 821/694/7 767/683/7 820/690/7
f 664/672/7 914/695/7 915/691/7
f 922/696/7 667/677/7 921/692/7
f 764/678/7 813/697/7 814/693/7
f 822/698/7 767/683/7 821/694/7
f 664/672/7 913/699/7 914/695/7
f 923/700/7 667/677/7 922/696/7
f 764/678/7 812/701/7 813/697/7
f 823/702/7 767/683/7 822/698/7
f 664/672/7 912/703/7 913/699/7
f 924/704/7 667/677/7 923/700/7
f 764/678/7 823/702/7 812/701/7
f 823/702/7 811/705/7 812/701/7
f 764/678/7 824/706/7 823/702/7
f 811/705/7 767/683/7 823/702/7
f 925/707/7 911/708/7 924/704/7
f 911/708/7 667/677/7 924/704/7
f 664/672/7 925/707/7 912/703/7
f 925/707/7 911/708/7 912/703/7
f 810/709/7 767/683/7 811/705/7
f 664/672/7 926/710/7 925/707/7
f 764/678/7 825/711/7 824/706/7
f 910/712/7 667/677/7 911/708/7
f 809/713/7 767/683/7 810/709/7
f 664/672/7 927/714/7 926/710/7
f 764/678/7 826/715/7 825/711/7
f 909/716/7 667/677/7 910/712/7
f 808/717/7 767/683/7 809/713/7
f 664/672/7 928/718/7 927/714/7
f 764/678/7 827/719/7 826/715/7
f 807/720/7 767/683/7 808/717/7
f 908/721/7 667/677/7 909/716/7
f 664/672/7 929/722/7 928/718/7
f 764/678/7 828/723/7 827/719/7
f 806/724/7 767/683/7 807/720/7
f 907/725/7 667/677/7 908/721/7
f 664/672/7 930/726/7 929/722/7
f 764/678/7 829/727/7 828/723/7
f 805/728/7 767/683/7 806/724/7
f 906/729/7 667/677/7 907/725/7
f 664/672/7 931/730/7 930/726/7
f 764/678/7 830/731/7 829/727/7
f 804/732/7 767/683/7 805/728/7
f 664/672/7 932/733/7 931/730/7
f 905/734/7 667/677/7 906/729/7
f 803/735/7 767/683/7 804/732/7
f 764/678/7 831/736/7 830/731/7
f 664/672/7 933/737/7 932/733/7
f 904/738/7 667/677/7 905/734/7
f 802/739/7 767/683/7 803/735/7
f 764/678/7 832/740/7 831/736/7
f 664/672/7 934/741/7 933/737/7
f 903/742/7 667/677/7 904/738/7
f 801/743/7 767/683/7 802/739/7
f 764/678/7 833/744/7 832/740/7
f 664/672/7 935/745/7 934/741/7
f 902/746/7 667/677/7 903/742/7
f 800/747/7 767/683/7 801/743/7
f 764/678/7 834/748/7 833/744/7
f 664/672/7 936/749/7 935/745/7
f 901/750/7 667/677/7 902/746/7
f 799/751/7 767/683/7 800/747/7
f 664/672/7 937/752/7 936/749/7
f 764/678/7 835/753/7 834/748/7
f 900/754/7 667/677/7 901/750/7
f 798/755/7 767/683/7 799/751/7
f 664/672/7 938/756/7 937/752/7
f 764/678/7 836/757/7 835/753/7
f 899/758/7 667/677/7 900/754/7
f 797/759/7 767/683/7 798/755/7
f 664/672/7 939/760/7 938/756/7
f 764/678/7 837/761/7 836/757/7
f 898/762/7 667/677/7 899/758/7
f 796/763/7 767/683/7 797/759/7
f 664/672/7 940/764/7 939/760/7
f 764/678/7 838/765/7 837/761/7
f 897/766/7 667/677/7 898/762/7
f 795/767/7 767/683/7 796/763/7
f 664/672/7 941/768/7 940/764/7
f 764/678/7 839/769/7 838/765/7
f 794/770/7 767/683/7 795/767/7
f 896/771/7 667/677/7 897/766/7
f 664/672/7 942/772/7 941/768/7
f 764/678/7 840/773/7 839/769/7
f 793/774/7 767/683/7 794/770/7
f 895/775/7 667/677/7 896/771/7
f 664/672/7 943/776/7 942/772/7
f 764/678/7 841/777/7 840/773/7
f 792/778/7 767/683/7 793/774/7
f 894/779/7 667/677/7 895/775/7
f 664/672/7 944/780/7 943/776/7
f 764/678/7 842/781/7 841/777/7
f 791/782/7 767/683/7 792/778/7
f 893/783/7 667/677/7 894/779/7
f 664/672/7 945/784/7 944/780/7
f 764/678/7 843/785/7 842/781/7
f 790/786/7 767/683/7 791/782/7
f 892/787/7 667/677/7 893/783/7
f 664/672/7 946/788/7 945/784/7
f 764/678/7 844/789/7 843/785/7
f 789/790/7 767/683/7 790/786/7
f 891/791/7 667/677/7 892/787/7
f 664/672/7 947/792/7 946/788/7
f 764/678/7 845/793/7 844/789/7
f 788/794/7 767/683/7 789/790/7
f 890/795/7 667/677/7 891/791/7
f 664/672/7 948/796/7 947/792/7
f 764/678/7 846/797/7 845/793/7
f 787/798/7 767/683/7 788/794/7
f 889/799/7 667/677/7 890/795/7
f 664/672/7 949/800/7 948/796/7
f 764/678/7 847/801/7 846/797/7
f 786/802/7 767/683/7 787/798/7
f 888/803/7 667/677/7 889/799/7
f 664/672/7 950/804/7 949/800/7
f 764/678/7 848/805/7 847/801/7
f 785/806/7 767/683/7 786/802/7
f 887/807/7 667/677/7 888/803/7
f 664/672/7 951/808/7 950/804/7
f 764/678/7 849/809/7 848/805/7
f 784/810/7 767/683/7 785/806/7
f 886/811/7 667/677/7 887/807/7
f 664/672/7 952/812/7 951/808/7
f 764/678/7 850/813/7 849/809/7
f 783/814/7 767/683/7 784/810/7
f 885/815/7 667/677/7 886/811/7
f 664/672/7 953/816/7 952/812/7
f 764/678/7 851/817/7 850/813/7
f 782/818/7 767/683/7 783/814/7
f 884/819/7 667/677/7 885/815/7
f 664/672/7 954/820/7 953/816/7
f 764/678/7 852/821/7 851/817/7
f 883/822/7 667/677/7 884/819/7
f 781/823/7 767/683/7 782/818/7
f 664/672/7 955/824/7 954/820/7
f 764/678/7 853/825/7 852/821/7
f 882/826/7 667/677/7 883/822/7
f 780/827/7 767/683/7 781/823/7
f 664/672/7 956/828/7 955/824/7
f 764/678/7 854/829/7 853/825/7
f 881/830/7 667/677/7 882/826/7
f 779/831/7 767/683/7 780/827/7
f 764/678/7 855/832/7 854/829/7
f 664/672/7 957/833/7 956/828/7
f 880/834/7 667/677/7 881/830/7
f 778/835/7 767/683/7 779/831/7
f 764/678/7 856/836/7 855/832/7
f 664/672/7 958/837/7 957/833/7
f 879/838/7 667/677/7 880/834/7
f 777/839/7 767/683/7 778/835/7
f 764/678/7 857/840/7 856/836/7
f 664/672/7 959/841/7 958/837/7
f 878/842/7 667/677/7 879/838/7
f 776/843/7 767/683/7 777/839/7
f 764/678/7 858/844/7 857/840/7
f 877/845/7 667/677/7 878/842/7
f 664/672/7 960/846/7 959/841/7
f 775/847/7 767/683/7 776/843/7
f 764/678/7 859/848/7 858/844/7
f 876/849/7 667/677/7 877/845/7
f 664/672/7 961/850/7 960/846/7
f 774/851/7 767/683/7 775/847/7
f 764/678/7 860/852/7 859/848/7
f 875/853/7 667/677/7 876/849/7
f 664/672/7 962/854/7 961/850/7
f 764/678/7 861/855/7 860/852/7
f 773/856/7 767/683/7 774/851/7
f 874/857/7 667/677/7 875/853/7
f 664/672/7 963/858/7 962/854/7
f 764/678/7 862/859/7 861/855/7
f 772/860/7 767/683/7 773/856/7
f 873/861/7 667/677/7 874/857/7
f 764/678/7 863/862/7 862/859/7
f 664/672/7 964/863/7 963/858/7
f 872/864/7 667/677/7 873/861/7
f 771/865/7 767/683/7 772/860/7
f 764/678/7 864/866/7 863/862/7
f 871/867/7 667/677/7 872/864/7
f 664/672/7 965/868/7 964/863/7
f 770/869/7 767/683/7 771/865/7
f 764/678/7 865/870/7 864/866/7
f 870/871/7 667/677/7 871/867/7
f 664/672/7 966/872/7 965/868/7
f 769/873/7 767/683/7 770/869/7
f 764/678/7 866/874/7 865/870/7
f 869/875/7 667/677/7 870/871/7
f 664/672/7 663/876/7 966/872/7
f 868/877/7 667/677/7 869/875/7
f 764/678/7 867/878/7 866/874/7
f 768/879/7 767/683/7 769/873/7
f 868/877/7 668/880/7 667/677/7
f 763/881/7 867/878/7 764/678/7
f 868/877/7 669/882/7 668/880/7
f 762/883/7 867/878/7 763/881/7
f 868/877/7 670/884/7 669/882/7
f 761/885/7 867/878/7 762/883/7
f 868/877/7 671/886/7 670/884/7
f 760/887/7 867/878/7 761/885/7
f 868/877/7 672/888/7 671/886/7
f 759/889/7 867/878/7 760/887/7
f 868/877/7 673/890/7 672/888/7
f 758/891/7 867/878/7 759/889/7
f 868/877/7 674/892/7 673/890/7
f 757/893/7 867/878/7 758/891/7
f 868/877/7 675/894/7 674/892/7
f 756/895/7 867/878/7 757/893/7
f 868/877/7 676/896/7 675/894/7
f 755/897/7 867/878/7 756/895/7
f 868/877/7 677/898/7 676/896/7
f 754/899/7 867/878/7 755/897/7
f 868/877/7 678/900/7 677/898/7
f 753/901/7 867/878/7 754/899/7
f 868/877/7 679/902/7 678/900/7
f 752/903/7 867/878/7 753/901/7
f 868/877/7 680/904/7 679/902/7
f 751/905/7 867/878/7 752/903/7
f 868/877/7 681/906/7 680/904/7
f 750/907/7 867/878/7 751/905/7
f 868/877/7 682/908/7 681/906/7
f 749/909/7 867/878/7 750/907/7
f 868/877/7 683/910/7 682/908/7
f 748/911/7 867/878/7 749/909/7
f 868/877/7 684/912/7 683/910/7
f 747/913/7 867/878/7 748/911/7
f 868/877/7 685/914/7 684/912/7
f 746/915/7 867/878/7 747/913/7
f 868/877/7 686/916/7 685/914/7
f 745/917/7 867/878/7 746/915/7
f 868/877/7 687/918/7 686/916/7
f 744/919/7 867/878/7 745/917/7
f 868/877/7 688/920/7 687/918/7
f 743/921/7 867/878/7 744/919/7
f 868/877/7 689/922/7 688/920/7
f 742/923/7 867/878/7 743/921/7
f 868/877/7 690/924/7 689/922/7
f 741/925/7 867/878/7 742/923/7
f 868/877/7 691/926/7 690/924/7
f 740/927/7 867/878/7 741/925/7
f 868/877/7 692/928/7 691/926/7
f 739/929/7 867/878/7 740/927/7
f 868/877/7 693/930/7 692/928/7
f 738/931/7 867/878/7 739/929/7
f 868/877/7 694/932/7 693/930/7
f 737/933/7 867/878/7 738/931/7
f 868/877/7 695/934/7 694/932/7
f 736/935/7 867/878/7 737/933/7
f 868/877/7 696/936/7 695/934/7
f 735/937/7 867/878/7 736/935/7
f 868/877/7 697/938/7 696/936/7
f 734/939/7 867/878/7 735/937/7
f 868/877/7 698/940/7 697/938/7
f 733/941/7 867/878/7 734/939/7
f 868/877/7 699/942/7 698/940/7
f 732/943/7 867/878/7 733/941/7
f 868/877/7 700/944/7 699/942/7
f 731/945/7 867/878/7 732/943/7
f 868/877/7 701/946/7 700/944/7
f 730/947/7 867/878/7 731/945/7
f 868/877/7 702/948/7 701/946/7
f 729/949/7 867/878/7 730/947/7
f 868/877/7 703/950/7 702/948/7
f 728/951/7 867/878/7 729/949/7
f 868/877/7 704/952/7 703/950/7
f 727/953/7 867/878/7 728/951/7
f 868/877/7 705/954/7 704/952/7
f 726/955/7 867/878/7 727/953/7
f 868/877/7 706/956/7 705/954/7
f 725/957/7 867/878/7 726/955/7
f 868/877/7 724/958/7 706/956/7
f 724/958/7 707/959/7 706/956/7
f 724/958/7 707/959/7 725/957/7
f 707/959/7 867/878/7 725/957/7
f 708/960/7 867/878/7 707/959/7
f 868/877/7 723/961/7 724/958/7
f 709/962/7 867/878/7 708/960/7
f 868/877/7 722/963/7 723/961/7
f 710/964/9 867/878/9 709/962/9
f 868/877/7 721/965/7 722/963/7
f 711/966/7 867/878/7 710/964/7
f 868/877/7 720/967/7 721/965/7
f 712/968/10 867/878/10 711/966/10
f 868/877/9 719/969/9 720/967/9
f 713/970/7 867/878/7 712/968/7
f 868/877/7 718/971/7 719/969/7
f 714/972/7 867/878/7 713/970/7
f 868/877/7 717/973/7 718/971/7
f 715/974/9 867/878/9 714/972/9
f 868/877/10 716/975/10 717/973/10
f 868/877/7 715/974/7 716/975/7
f 868/877/7 867/878/7 715/974/7
f 1050/976/8 1051/977/8 1052/978/8
f 1050/976/8 1052/978/8 1053/979/8
f 1049/980/8 1050/976/8 1053/979/8
f 1049/980/8 1053/979/8 1054/981/8
f 1048/982/8 1049/980/8 1054/981/8
f 1048/982/8 1054/981/8 1055/983/8
f 1047/984/8 1048/982/8 1055/983/8
f 1047/984/8 1055/983/8 1056/985/8
f 1046/986/8 1047/984/8 1056/985/8
f 1046/986/8 1056/985/8 1057/987/8
f 1045/988/8 1046/986/8 1057/987/8
f 1045/988/8 1057/987/8 1058/989/8
f 1044/990/8 1045/988/8 1058/989/8
f 1044/990/8 1058/989/8 1059/991/8
f 1043/992/8 1044/990/8 1059/991/8
f 1043/992/8 1059/991/8 1060/993/8
f 1042/994/8 1043/992/8 1060/993/8
f 1042/994/8 1060/993/8 1061/995/8
f 1041/996/8 1042/994/8 1061/995/8
f 1041/996/8 1061/995/8 1062/997/8
f 1040/998/8 1041/996/8 1062/997/8
f 1040/998/8 1062/997/8 1063/999/8
f 1039/1000/8 1040/998/8 1063/999/8
f 1038/1001/8 1039/1000/8 1063/999/8
f 1038/1001/8 1063/999/8 1064/1002/8
f 1037/1003/8 1038/1001/8 1064/1002/8
f 1037/1003/8 1064/1002/8 1065/1004/8
f 1036/1005/8 1037/1003/8 1065/1004/8
f 1036/1005/8 1065/1004/8 1066/1006/8
f 1035/1007/8 1036/1005/8 1066/1006/8
f 1035/1007/8 1066/1006/8 1067/1008/8
f 1034/1009/8 1035/1007/8 1067/1008/8
f 1034/1009/8 1067/1008/8 1196/1010/8
f 1196/1010/8 1067/1008/8 1195/1011/8
f 1195/1011/8 1067/1008/8 1194/1012/8
f 1194/1012/8 1067/1008/8 1068/1013/8
f 1193/1014/8 1194/1012/8 1068/1013/8
f 1034/1009/8 1196/1010/8 1197/1015/8
f 1192/1016/8 1193/1014/8 1068/1013/8
f 1034/1009/8 1197/1015/8 1198/1017/8
f 1191/1018/8 1192/1016/8 1068/1013/8
f 1034/1009/8 1198/1017/8 1199/1019/8
f 1190/1020/8 1191/1018/8 1068/1013/8
f 1034/1009/8 1199/1019/8 1200/1021/8
f 1033/1022/8 1034/1009/8 1200/1021/8
f 1190/1020/8 1068/1013/8 1069/1023/8
f 1189/1024/8 1190/1020/8 1069/1023/8
f 1033/1022/8 1200/1021/8 1201/1025/8
f 1188/1026/8 1189/1024/8 1069/1023/8
f 1033/1022/8 1201/1025/8 1202/1027/8
f 1187/1028/8 1188/1026/8 1069/1023/8
f 1033/1022/8 1202/1027/8 1203/1029/8
f 1186/1030/8 1187/1028/8 1069/1023/8
f 1033/1022/8 1203/1029/8 1204/1031/8
f 1032/1032/8 1033/1022/8 1204/1031/8
f 1186/1030/8 1069/1023/8 1070/1033/8
f 1185/1034/8 1186/1030/8 1070/1033/8
f 1032/1032/8 1204/1031/8 1205/1035/8
f 1184/1036/8 1185/1034/8 1070/1033/8
f 1032/1032/8 1205/1035/8 1206/1037/8
f 1031/1038/8 1032/1032/8 1206/1037/8
f 1184/1036/8 1070/1033/8 1071/1039/8
f 1183/1040/8 1184/1036/8 1071/1039/8
f 1031/1038/8 1206/1037/8 1207/1041/8
f 1182/1042/8 1183/1040/8 1071/1039/8
f 1031/1038/8 1207/1041/8 1208/1043/8
f 1030/1044/8 1031/1038/8 1208/1043/8
f 1182/1042/8 1071/1039/8 1072/1045/8
f 1181/1046/8 1182/1042/8 1072/1045/8
f 1030/1044/8 1208/1043/8 1209/1047/8
f 1180/1048/8 1181/1046/8 1072/1045/8
f 1030/1044/8 1209/1047/8 1210/1049/8
f 1029/1050/8 1030/1044/8 1210/1049/8
f 1180/1048/8 1072/1045/8 1073/1051/8
f 1179/1052/8 1180/1048/8 1073/1051/8
f 1029/1050/8 1210/1049/8 1211/1053/8
f 1178/1054/8 1179/1052/8 1073/1051/8
f 1029/1050/8 1211/1053/8 1212/1055/8
f 1028/1056/8 1029/1050/8 1212/1055/8
f 1178/1054/8 1073/1051/8 1074/1057/8
f 1177/1058/8 1178/1054/8 1074/1057/8
f 1028/1056/8 1212/1055/8 1213/1059/8
f 1176/1060/8 1177/1058/8 1074/1057/8
f 1028/1056/8 1213/1059/8 1214/1061/8
f 1027/1062/8 1028/1056/8 1214/1061/8
f 1176/1060/8 1074/1057/8 1075/1063/8
f 1175/1064/8 1176/1060/8 1075/1063/8
f 1027/1062/8 1214/1061/8 1215/1065/8
f 1026/1066/8 1027/1062/8 1215/1065/8
f 1175/1064/8 1075/1063/8 1076/1067/8
f 1174/1068/8 1175/1064/8 1076/1067/8
f 1026/1066/8 1215/1065/8 1216/1069/8
f 1173/1070/8 1174/1068/8 1076/1067/8
f 1026/1066/8 1216/1069/8 1217/1071/8
f 1025/1072/8 1026/1066/8 1217/1071/8
f 1173/1070/8 1076/1067/8 1077/1073/8
f 1172/1074/8 1173/1070/8 1077/1073/8
f 1025/1072/8 1217/1071/8 1218/1075/8
f 1024/1076/8 1025/1072/8 1218/1075/8
f 1172/1074/8 1077/1073/8 1078/1077/8
f 1171/1078/8 1172/1074/8 1078/1077/8
f 1024/1076/8 1218/1075/8 1219/1079/8
f 1170/1080/8 1171/1078/8 1078/1077/8
f 1024/1076/8 1219/1079/8 1220/1081/8
f 1023/1082/8 1024/1076/8 1220/1081/8
f 1170/1080/8 1078/1077/8 1079/1083/8
f 1169/1084/8 1170/1080/8 1079/1083/8
f 1023/1082/8 1220/1081/8 1221/1085/8
f 1022/1086/8 1023/1082/8 1221/1085/8
f 1169/1084/8 1079/1083/8 1080/1087/8
f 1168/1088/8 1169/1084/8 1080/1087/8
f 1022/1086/8 1221/1085/8 1222/1089/8
f 1167/1090/8 1168/1088/8 1080/1087/8
f 1021/1091/8 1022/1086/8 1222/1089/8
f 1167/1090/8 1080/1087/8 1081/1092/8
f 1021/1091/8 1222/1089/8 1223/1093/8
f 1166/1094/8 1167/1090/8 1081/1092/8
f 1021/1091/8 1223/1093/8 1224/1095/8
f 1166/1094/8 1081/1092/8 1082/1096/8
f 1020/1097/8 1021/1091/8 1224/1095/8
f 1165/1098/8 1166/1094/8 1082/1096/8
f 1020/1097/8 1224/1095/8 1225/1099/8
f 1165/1098/8 1082/1096/8 1083/1100/8
f 1019/1101/8 1020/1097/8 1225/1099/8
f 1164/1102/8 1165/1098/8 1083/1100/8
f 1019/1101/8 1225/1099/8 1226/1103/8
f 1164/1102/8 1083/1100/8 1084/1104/8
f 1018/1105/8 1019/1101/8 1226/1103/8
f 1163/1106/8 1164/1102/8 1084/1104/8
f 1018/1105/8 1226/1103/8 1227/1107/8
f 1162/1108/8 1163/1106/8 1084/1104/8
f 1018/1105/8 1227/1107/8 1228/1109/8
f 1162/1108/8 1084/1104/8 1085/1110/8
f 1017/1111/8 1018/1105/8 1228/1109/8
f 1161/1112/8 1162/1108/8 1085/1110/8
f 1017/1111/8 1228/1109/8 1229/1113/8
f 1161/1112/8 1085/1110/8 1086/1114/8
f 1016/1115/8 1017/1111/8 1229/1113/8
f 1160/1116/8 1161/1112/8 1086/1114/8
f 1016/1115/8 1229/1113/8 1230/1117/8
f 1160/1116/8 1086/1114/8 1087/1118/8
f 1015/1119/8 1016/1115/8 1230/1117/8
f 1159/1120/8 1160/1116/8 1087/1118/8
f 1015/1119/8 1230/1117/8 1231/1121/8
f 1014/1122/8 1015/1119/8 1231/1121/8
f 1014/1122/8 1231/1121/8 1232/1123/8
f 1158/1124/8 1159/1120/8 1087/1118/8
f 1158/1124/8 1087/1118/8 1088/1125/8
f 1157/1126/8 1158/1124/8 1088/1125/8
f 1014/1122/8 1232/1123/8 1233/1127/8
f 1013/1128/8 1014/1122/8 1233/1127/8
f 1157/1126/8 1088/1125/8 1089/1129/8
f 1156/1130/8 1157/1126/8 1089/1129/8
f 1013/1128/8 1233/1127/8 1234/1131/8
f 1012/1132/8 1013/1128/8 1234/1131/8
f 1156/1130/8 1089/1129/8 1090/1133/8
f 1012/1132/8 1234/1131/8 1235/1134/8
f 1155/1135/8 1156/1130/8 1090/1133/8
f 1011/1136/8 1012/1132/8 1235/1134/8
f 1155/1135/8 1090/1133/8 1091/1137/8
f 1011/1136/8 1235/1134/8 1236/1138/8
f 1154/1139/8 1155/1135/8 1091/1137/8
f 1011/1136/8 1236/1138/8 1237/1140/8
f 1153/1141/8 1154/1139/8 1091/1137/8
f 1010/1142/8 1011/1136/8 1237/1140/8
f 1153/1141/8 1091/1137/8 1092/1143/8
f 1010/1142/8 1237/1140/8 1238/1144/8
f 1152/1145/8 1153/1141/8 1092/1143/8
f 1009/1146/8 1010/1142/8 1238/1144/8
f 1152/1145/8 1092/1143/8 1093/1147/8
f 1009/1146/8 1238/1144/8 1239/1148/8
f 1151/1149/8 1152/1145/8 1093/1147/8
f 1008/1150/8 1009/1146/8 1239/1148/8
f 1151/1149/8 1093/1147/8 1094/1151/8
f 1008/1150/8 1239/1148/8 1240/1152/8
f 1150/1153/8 1151/1149/8 1094/1151/8
f 1008/1150/8 1240/1152/8 1241/1154/8
f 1149/1155/8 1150/1153/8 1094/1151/8
f 1007/1156/8 1008/1150/8 1241/1154/8
f 1149/1155/8 1094/1151/8 1095/1157/8
f 1007/1156/8 1241/1154/8 1242/1158/8
f 1148/1159/8 1149/1155/8 1095/1157/8
f 1006/1160/8 1007/1156/8 1242/1158/8
f 1148/1159/8 1095/1157/8 1096/1161/8
f 1006/1160/8 1242/1158/8 1243/1162/8
f 1147/1163/8 1148/1159/8 1096/1161/8
f 1005/1164/8 1006/1160/8 1243/1162/8
f 1147/1163/8 1096/1161/8 1097/1165/8
f 1005/1164/8 1243/1162/8 1244/1166/8
f 1146/1167/8 1147/1163/8 1097/1165/8
f 1005/1164/8 1244/1166/8 1245/1168/8
f 1145/1169/8 1146/1167/8 1097/1165/8
f 1004/1170/8 1005/1164/8 1245/1168/8
f 1145/1169/8 1097/1165/8 1098/1171/8
f 1004/1170/8 1245/1168/8 1246/1172/8
f 1144/1173/8 1145/1169/8 1098/1171/8
f 1003/1174/8 1004/1170/8 1246/1172/8
f 1144/1173/8 1098/1171/8 1099/1175/8
f 1003/1174/8 1246/1172/8 1247/1176/8
f 1143/1177/8 1144/1173/8 1099/1175/8
f 1003/1174/8 1247/1176/8 1248/1178/8
f 1142/1179/8 1143/1177/8 1099/1175/8
f 1002/1180/8 1003/1174/8 1248/1178/8
f 1142/1179/8 1099/1175/8 1100/1181/8
f 1002/1180/8 1248/1178/8 1249/1182/8
f 1141/1183/8 1142/1179/8 1100/1181/8
f 1001/1184/8 1002/1180/8 1249/1182/8
f 1141/1183/8 1100/1181/8 1101/1185/8
f 1001/1184/8 1249/1182/8 1250/1186/8
f 1140/1187/8 1141/1183/8 1101/1185/8
f 1001/1184/8 1250/1186/8 1251/1188/8
f 1139/1189/8 1140/1187/8 1101/1185/8
f 1000/1190/8 1001/1184/8 1251/1188/8
f 1139/1189/8 1101/1185/8 1102/1191/8
f 1000/1190/8 1251/1188/8 1252/1192/8
f 1138/1193/8 1139/1189/8 1102/1191/8
f 1000/1190/8 1252/1192/8 1253/1194/8
f 1137/1195/8 1138/1193/8 1102/1191/8
f 999/1196/8 1000/1190/8 1253/1194/8
f 1137/1195/8 1102/1191/8 1103/1197/8
f 999/1196/8 1253/1194/8 1254/1198/8
f 1136/1199/8 1137/1195/8 1103/1197/8
f 999/1196/8 1254/1198/8 1111/1200/8
f 1135/1201/8 1136/1199/8 1103/1197/8
f 998/1202/8 999/1196/8 1111/1200/8
f 1135/1201/8 1103/1197/8 1104/1203/8
f 998/1202/8 1111/1200/8 1112/1204/8
f 1134/1205/8 1135/1201/8 1104/1203/8
f 998/1202/8 1112/1204/8 1113/1206/8
f 1133/1207/8 1134/1205/8 1104/1203/8
f 997/1208/8 998/1202/8 1113/1206/8
f 1133/1207/8 1104/1203/8 1105/1209/8
f 997/1208/8 1113/1206/8 1114/1210/8
f 1132/1211/8 1133/1207/8 1105/1209/8
f 997/1208/8 1114/1210/8 1115/1212/8
f 1131/1213/8 1132/1211/8 1105/1209/8
f 997/1208/8 1115/1212/8 1116/1214/8
f 1130/1215/8 1131/1213/8 1105/1209/8
f 996/1216/8 997/1208/8 1116/1214/8
f 1130/1215/8 1105/1209/8 1106/1217/8
f 996/1216/8 1116/1214/8 1117/1218/8
f 1129/1219/8 1130/1215/8 1106/1217/8
f 996/1216/8 1117/1218/8 1118/1220/8
f 1128/1221/8 1129/1219/8 1106/1217/8
f 996/1216/8 1118/1220/8 1119/1222/8
f 1127/1223/8 1128/1221/8 1106/1217/8
f 995/1224/8 996/1216/8 1119/1222/8
f 1127/1223/8 1106/1217/8 1107/1225/8
f 995/1224/8 1119/1222/8 1120/1226/8
f 1126/1227/8 1127/1223/8 1107/1225/8
f 995/1224/8 1120/1226/8 1121/1228/8
f 1125/1229/8 1126/1227/8 1107/1225/8
f 995/1224/8 1121/1228/8 1122/1230/8
f 1124/1231/8 1125/1229/8 1107/1225/8
f 995/1224/8 1122/1230/8 1123/1232/8
f 1123/1232/8 1124/1231/8 1107/1225/8
f 995/1224/8 1123/1232/8 1107/1225/8
f 994/1233/8 995/1224/8 1107/1225/8
f 994/1233/8 1107/1225/8 1108/1234/8
f 994/1233/8 1108/1234/8 1109/1235/8
f 993/1236/8 994/1233/8 1109/1235/8
f 993/1236/8 1109/1235/8 1110/1237/8
f 992/1238/8 993/1236/8 1110/1237/8
f 992/1238/8 1110/1237/8 967/1239/8
f 991/1240/8 992/1238/8 967/1239/8
f 990/1241/8 991/1240/8 967/1239/8
f 990/1241/8 967/1239/8 968/1242/8
f 989/1243/8 990/1241/8 968/1242/8
f 989/1243/8 968/1242/8 969/1244/8
f 988/1245/8 989/1243/8 969/1244/8
f 988/1245/8 969/1244/8 970/1246/8
f 987/1247/8 988/1245/8 970/1246/8
f 987/1247/8 970/1246/8 971/1248/8
f 986/1249/8 987/1247/8 971/1248/8
f 986/1249/8 971/1248/8 972/1250/8
f 985/1251/8 986/1249/8 972/1250/8
f 985/1251/8 972/1250/8 973/1252/8
f 984/1253/8 985/1251/8 973/1252/8
f 984/1253/8 973/1252/8 974/1254/8
f 983/1255/8 984/1253/8 974/1254/8
f 983/1255/8 974/1254/8 975/1256/8
f 982/1257/8 983/1255/8 975/1256/8
f 982/1257/8 975/1256/8 976/1258/8
f 981/1259/8 982/1257/8 976/1258/8
f 981/1259/8 976/1258/8 977/1260/8
f 980/1261/8 981/1259/8 977/1260/8
f 980/1261/8 977/1260/8 978/1262/8
f 979/1263/8 980/1261/8 978/1262/8
f 1256/1264/8 1257/1265/8 1258/1266/8
f 1256/1264/8 1258/1266/8 1259/1267/8
f 1255/1268/7 1256/1269/7 1259/1270/7
f 1262/1271/8 1255/1272/8 1260/318/8
f 1260/1273/7 1255/1268/7 1259/1270/7
f 1262/1271/8 1260/318/8 1261/321/8
f 1346/1274/8 1347/1275/8 1348/1276/8
f 1346/1274/8 1348/1276/8 1349/1277/8
f 1345/1278/8 1346/1274/8 1349/1277/8
f 1345/1278/8 1349/1277/8 1350/1279/8
f 1345/1278/8 1350/1279/8 1351/1280/8
f 1344/1281/8 1345/1278/8 1351/1280/8
f 1344/1281/8 1351/1280/8 1352/1282/8
f 1344/1281/8 1352/1282/8 1353/1283/8
f 1343/1284/8 1344/1281/8 1353/1283/8
f 1343/1284/8 1353/1283/8 1354/1285/8
f 1342/1286/8 1343/1284/8 1354/1285/8
f 1342/1286/8 1354/1285/8 1355/1287/8
f 1342/1286/8 1355/1287/8 1356/1288/8
f 1341/1289/8 1342/1286/8 1356/1288/8
f 1341/1289/8 1356/1288/8 1357/1290/8
f 1341/1289/8 1357/1290/8 1358/1291/8
f 1340/1292/8 1341/1289/8 1358/1291/8
f 1340/1292/8 1358/1291/8 1359/1293/8
f 1339/1294/8 1340/1292/8 1359/1293/8
f 1339/1294/8 1359/1293/8 1360/1295/8
f 1339/1294/8 1360/1295/8 1361/1296/8
f 1338/1297/8 1339/1294/8 1361/1296/8
f 1338/1297/8 1361/1296/8 1362/1298/8
f 1338/1297/8 1362/1298/8 1363/1299/8
f 1337/1300/8 1338/1297/8 1363/1299/8
f 1337/1300/8 1363/1299/8 1364/1301/8
f 1336/1302/8 1337/1300/8 1364/1301/8
f 1336/1302/8 1364/1301/8 1365/1303/8
f 1336/1302/8 1365/1303/8 1366/1304/8
f 1335/1305/8 1336/1302/8 1366/1304/8
f 1335/1305/8 1366/1304/8 1367/1306/8
f 1335/1305/8 1367/1306/8 1368/1307/8
f 1334/1308/8 1335/1305/8 1368/1307/8
f 1334/1308/8 1368/1307/8 1369/1309/8
f 1334/1308/8 1369/1309/8 1370/1310/8
f 1333/1311/8 1334/1308/8 1370/1310/8
f 1333/1311/8 1370/1310/8 1371/1312/8
f 1332/1313/8 1333/1311/8 1371/1312/8
f 1332/1313/8 1371/1312/8 1372/1314/8
f 1332/1313/8 1372/1314/8 1373/1315/8
f 1331/1316/8 1332/1313/8 1373/1315/8
f 1331/1316/8 1373/1315/8 1374/1317/8
f 1331/1316/8 1374/1317/8 1375/1318/8
f 1330/1319/8 1331/1316/8 1445/1320/8
f 1445/1320/8 1331/1316/8 1444/1321/8
f 1444/1321/8 1331/1316/8 1375/1318/8
f 1443/1322/8 1444/1321/8 1375/1318/8
f 1442/1323/8 1443/1322/8 1375/1318/8
f 1442/1323/8 1375/1318/8 1376/1324/8
f 1330/1319/8 1445/1320/8 1446/1325/8
f 1441/1326/8 1442/1323/8 1376/1324/8
f 1440/1327/8 1441/1326/8 1376/1324/8
f 1330/1319/8 1446/1325/8 1447/1328/8
f 1439/1329/8 1440/1327/8 1376/1324/8
f 1438/1330/8 1439/1329/8 1376/1324/8
f 1330/1319/8 1447/1328/8 1448/1331/8
f 1437/1332/8 1438/1330/8 1376/1324/8
f 1436/1333/8 1437/1332/8 1376/1324/8
f 1330/1319/8 1448/1331/8 1449/1334/8
f 1435/1335/8 1436/1333/8 1376/1324/8
f 1329/1336/8 1330/1319/8 1449/1334/8
f 1434/1337/8 1435/1335/8 1376/1324/8
f 1329/1336/8 1449/1334/8 1450/1338/8
f 1434/1337/8 1376/1324/8 1377/1339/8
f 1433/1340/8 1434/1337/8 1377/1339/8
f 1432/1341/8 1433/1340/8 1377/1339/8
f 1329/1336/8 1450/1338/8 1451/1342/8
f 1431/1343/8 1432/1341/8 1377/1339/8
f 1329/1336/8 1451/1342/8 1452/1344/8
f 1430/1345/8 1431/1343/8 1377/1339/8
f 1430/1345/8 1377/1339/8 1378/1346/8
f 1429/1347/8 1430/1345/8 1378/1346/8
f 1329/1336/8 1452/1344/8 1453/1348/8
f 1328/1349/8 1329/1336/8 1453/1348/8
f 1428/1350/8 1429/1347/8 1378/1346/8
f 1427/1351/8 1428/1350/8 1378/1346/8
f 1427/1351/8 1378/1346/8 1379/1352/8
f 1328/1349/8 1453/1348/8 1454/1353/8
f 1426/1354/8 1427/1351/8 1379/1352/8
f 1425/1355/8 1426/1354/8 1379/1352/8
f 1328/1349/8 1454/1353/8 1455/1356/8
f 1424/1357/8 1425/1355/8 1379/1352/8
f 1424/1357/8 1379/1352/8 1380/1358/8
f 1327/1359/8 1328/1349/8 1455/1356/8
f 1423/1360/8 1424/1357/8 1380/1358/8
f 1327/1359/8 1455/1356/8 1456/1361/8
f 1422/1362/8 1423/1360/8 1380/1358/8
f 1422/1362/8 1380/1358/8 1381/1363/8
f 1421/1364/8 1422/1362/8 1381/1363/8
f 1327/1359/8 1456/1361/8 1457/1365/8
f 1420/1366/8 1421/1364/8 1381/1363/8
f 1326/1367/8 1327/1359/8 1457/1365/8
f 1420/1366/8 1381/1363/8 1382/1368/8
f 1419/1369/8 1420/1366/8 1382/1368/8
f 1326/1367/8 1457/1365/8 1458/1370/8
f 1418/1371/8 1419/1369/8 1382/1368/8
f 1326/1367/8 1458/1370/8 1459/1372/8
f 1418/1371/8 1382/1368/8 1383/1373/8
f 1417/1374/8 1418/1371/8 1383/1373/8
f 1416/1375/8 1417/1374/8 1383/1373/8
f 1325/1376/8 1326/1367/8 1459/1372/8
f 1325/1376/8 1459/1372/8 1460/1377/8
f 1415/1378/8 1416/1375/8 1383/1373/8
f 1415/1378/8 1383/1373/8 1384/1379/8
f 1414/1380/8 1415/1378/8 1384/1379/8
f 1325/1376/8 1460/1377/8 1461/1381/8
f 1414/1380/8 1384/1379/8 1385/1382/8
f 1413/1383/8 1414/1380/8 1385/1382/8
f 1324/1384/8 1325/1376/8 1461/1381/8
f 1412/1385/8 1413/1383/8 1385/1382/8
f 1324/1384/8 1461/1381/8 1462/1386/8
f 1412/1385/8 1385/1382/8 1386/1387/8
f 1411/1388/8 1412/1385/8 1386/1387/8
f 1410/1389/8 1411/1388/8 1386/1387/8
f 1324/1384/8 1462/1386/8 1463/1390/8
f 1323/1391/8 1324/1384/8 1463/1390/8
f 1410/1389/8 1386/1387/8 1387/1392/8
f 1409/1393/8 1410/1389/8 1387/1392/8
f 1408/1394/8 1409/1393/8 1387/1392/8
f 1323/1391/8 1463/1390/8 1464/1395/8
f 1408/1394/8 1387/1392/8 1388/1396/8
f 1407/1397/8 1408/1394/8 1388/1396/8
f 1322/1398/8 1323/1391/8 1464/1395/8
f 1406/1399/8 1407/1397/8 1388/1396/8
f 1406/1399/8 1388/1396/8 1389/1400/8
f 1322/1398/8 1464/1395/8 1465/1401/8
f 1405/1402/8 1406/1399/8 1389/1400/8
f 1405/1402/8 1389/1400/8 1390/1403/8
f 1322/1398/8 1465/1401/8 1466/1404/8
f 1404/1405/8 1405/1402/8 1390/1403/8
f 1321/1406/8 1322/1398/8 1466/1404/8
f 1403/1407/8 1404/1405/8 1390/1403/8
f 1403/1407/8 1390/1403/8 1391/1408/8
f 1321/1406/8 1466/1404/8 1467/1409/8
f 1402/1410/8 1403/1407/8 1391/1408/8
f 1402/1410/8 1391/1408/8 1392/1411/8
f 1320/1412/8 1321/1406/8 1467/1409/8
f 1401/1413/8 1402/1410/8 1392/1411/8
f 1320/1412/8 1467/1409/8 1468/1414/8
f 1400/1415/8 1401/1413/8 1392/1411/8
f 1400/1415/8 1392/1411/8 1393/1416/8
f 1399/1417/8 1400/1415/8 1393/1416/8
f 1320/1412/8 1468/1414/8 1469/1418/8
f 1319/1419/8 1320/1412/8 1469/1418/8
f 1398/1420/8 1399/1417/8 1393/1416/8
f 1398/1420/8 1393/1416/8 1394/1421/8
f 1397/1422/8 1398/1420/8 1394/1421/8
f 1319/1419/8 1469/1418/8 1470/1423/8
f 1397/1422/8 1394/1421/8 1395/1424/8
f 1396/1425/8 1397/1422/8 1395/1424/8
f 1318/1426/8 1319/1419/8 1470/1423/8
f 1318/1426/8 1470/1423/8 1471/1427/8
f 1317/1428/8 1318/1426/8 1471/1427/8
f 1317/1428/8 1471/1427/8 1472/1429/8
f 1317/1428/8 1472/1429/8 1473/1430/8
f 1316/1431/8 1317/1428/8 1473/1430/8
f 1316/1431/8 1473/1430/8 1474/1432/8
f 1315/1433/8 1316/1431/8 1474/1432/8
f 1315/1433/8 1474/1432/8 1475/1434/8
f 1314/1435/8 1315/1433/8 1475/1434/8
f 1314/1435/8 1475/1434/8 1476/1436/8
f 1314/1435/8 1476/1436/8 1477/1437/8
f 1313/1438/8 1314/1435/8 1477/1437/8
f 1313/1438/8 1477/1437/8 1478/1439/8
f 1312/1440/8 1313/1438/8 1478/1439/8
f 1312/1440/8 1478/1439/8 1479/1441/8
f 1311/1442/8 1312/1440/8 1479/1441/8
f 1311/1442/8 1479/1441/8 1480/1443/8
f 1310/1444/8 1311/1442/8 1480/1443/8
f 1310/1444/8 1480/1443/8 1481/1445/8
f 1310/1444/8 1481/1445/8 1482/1446/8
f 1309/1447/8 1310/1444/8 1482/1446/8
f 1309/1447/8 1482/1446/8 1483/1448/8
f 1308/1449/8 1309/1447/8 1483/1448/8
f 1308/1449/8 1483/1448/8 1484/1450/8
f 1307/1451/8 1308/1449/8 1484/1450/8
f 1307/1451/8 1484/1450/8 1485/1452/8
f 1307/1451/8 1485/1452/8 1486/1453/8
f 1306/1454/8 1307/1451/8 1486/1453/8
f 1306/1454/8 1486/1453/8 1487/1455/8
f 1305/1456/8 1306/1454/8 1487/1455/8
f 1305/1456/8 1487/1455/8 1488/1457/8
f 1304/1458/8 1305/1456/8 1488/1457/8
f 1304/1458/8 1488/1457/8 1489/1459/8
f 1304/1458/8 1489/1459/8 1490/1460/8
f 1303/1461/8 1304/1458/8 1490/1460/8
f 1303/1461/8 1490/1460/8 1491/1462/8
f 1563/1463/8 1564/1464/8 1565/1465/8
f 1563/1463/8 1565/1465/8 1566/1466/8
f 1302/1467/8 1303/1461/8 1491/1462/8
f 1562/1468/8 1563/1463/8 1566/1466/8
f 1562/1468/8 1566/1466/8 1567/1469/8
f 1302/1467/8 1491/1462/8 1492/1470/8
f 1561/1471/8 1562/1468/8 1567/1469/8
f 1560/1472/8 1561/1471/8 1567/1469/8
f 1560/1472/8 1567/1469/8 1568/1473/8
f 1301/1474/8 1302/1467/8 1492/1470/8
f 1301/1474/8 1492/1470/8 1493/1475/8
f 1559/1476/8 1560/1472/8 1568/1473/8
f 1559/1476/8 1568/1473/8 1569/1477/8
f 1558/1478/8 1559/1476/8 1569/1477/8
f 1301/1474/8 1493/1475/8 1494/1479/8
f 1557/1480/8 1558/1478/8 1569/1477/8
f 1300/1481/8 1301/1474/8 1494/1479/8
f 1557/1480/8 1569/1477/8 1570/1482/8
f 1556/1483/8 1557/1480/8 1570/1482/8
f 1300/1481/8 1494/1479/8 1495/1484/8
f 1556/1483/8 1570/1482/8 1571/1485/8
f 1555/1486/8 1556/1483/8 1571/1485/8
f 1299/1487/8 1300/1481/8 1495/1484/8
f 1554/1488/8 1555/1486/8 1571/1485/8
f 1299/1487/8 1495/1484/8 1496/1489/8
f 1554/1488/8 1571/1485/8 1572/1490/8
f 1553/1491/8 1554/1488/8 1572/1490/8
f 1553/1491/8 1572/1490/8 1573/1492/8
f 1552/1493/8 1553/1491/8 1573/1492/8
f 1299/1487/8 1496/1489/8 1497/1494/8
f 1298/1495/8 1299/1487/8 1497/1494/8
f 1551/1496/8 1552/1493/8 1573/1492/8
f 1551/1496/8 1573/1492/8 1574/1497/8
f 1298/1495/8 1497/1494/8 1498/1498/8
f 1550/1499/8 1551/1496/8 1574/1497/8
f 1549/1500/8 1550/1499/8 1574/1497/8
f 1549/1500/8 1574/1497/8 1575/1501/8
f 1297/1502/8 1298/1495/8 1498/1498/8
f 1297/1502/8 1498/1498/8 1499/1503/8
f 1548/1504/8 1549/1500/8 1575/1501/8
f 1547/1505/8 1548/1504/8 1575/1501/8
f 1547/1505/8 1575/1501/8 1576/1506/8
f 1297/1502/8 1499/1503/8 1500/1507/8
f 1546/1508/8 1547/1505/8 1576/1506/8
f 1296/1509/8 1297/1502/8 1500/1507/8
f 1545/1510/8 1546/1508/8 1576/1506/8
f 1545/1510/8 1576/1506/8 1577/1511/8
f 1296/1509/8 1500/1507/8 1501/1512/8
f 1544/1513/8 1545/1510/8 1577/1511/8
f 1543/1514/8 1544/1513/8 1577/1511/8
f 1543/1514/8 1577/1511/8 1578/1515/8
f 1296/1509/8 1501/1512/8 1502/1516/8
f 1542/1517/8 1543/1514/8 1578/1515/8
f 1295/1518/8 1296/1509/8 1502/1516/8
f 1541/1519/8 1542/1517/8 1578/1515/8
f 1541/1519/8 1578/1515/8 1579/1520/8
f 1295/1518/8 1502/1516/8 1503/1521/8
f 1540/1522/8 1541/1519/8 1579/1520/8
f 1539/1523/8 1540/1522/8 1579/1520/8
f 1295/1518/8 1503/1521/8 1504/1524/8
f 1539/1523/8 1579/1520/8 1580/1525/8
f 1294/1526/8 1295/1518/8 1504/1524/8
f 1538/1527/8 1539/1523/8 1580/1525/8
f 1294/1526/8 1504/1524/8 1505/1528/8
f 1537/1529/8 1538/1527/8 1580/1525/8
f 1537/1529/8 1580/1525/8 1581/1530/8
f 1536/1531/8 1537/1529/8 1581/1530/8
f 1294/1526/8 1505/1528/8 1506/1532/8
f 1535/1533/8 1536/1531/8 1581/1530/8
f 1293/1534/8 1294/1526/8 1506/1532/8
f 1535/1533/8 1581/1530/8 1582/1535/8
f 1534/1536/8 1535/1533/8 1582/1535/8
f 1293/1534/8 1506/1532/8 1507/1537/8
f 1533/1538/8 1534/1536/8 1582/1535/8
f 1532/1539/8 1533/1538/8 1582/1535/8
f 1293/1534/8 1507/1537/8 1508/1540/8
f 1532/1539/8 1582/1535/8 1583/1541/8
f 1531/1542/8 1532/1539/8 1583/1541/8
f 1530/1543/8 1531/1542/8 1583/1541/8
f 1293/1534/8 1508/1540/8 1509/1544/8
f 1292/1545/8 1293/1534/8 1509/1544/8
f 1529/1546/8 1530/1543/8 1583/1541/8
f 1529/1546/8 1583/1541/8 1584/1547/8
f 1528/1548/8 1529/1546/8 1584/1547/8
f 1292/1545/8 1509/1544/8 1510/1549/8
f 1527/1550/8 1528/1548/8 1584/1547/8
f 1526/1551/8 1527/1550/8 1584/1547/8
f 1292/1545/8 1510/1549/8 1511/1552/8
f 1525/1553/8 1526/1551/8 1584/1547/8
f 1525/1553/8 1584/1547/8 1585/1554/8
f 1292/1545/8 1511/1552/8 1512/1555/8
f 1524/1556/8 1525/1553/8 1585/1554/8
f 1523/1557/8 1524/1556/8 1585/1554/8
f 1291/1558/8 1292/1545/8 1512/1555/8
f 1291/1558/8 1512/1555/8 1513/1559/8
f 1522/1560/8 1523/1557/8 1585/1554/8
f 1521/1561/8 1522/1560/8 1585/1554/8
f 1291/1558/8 1513/1559/8 1514/1562/8
f 1520/1563/8 1521/1561/8 1585/1554/8
f 1519/1564/8 1520/1563/8 1585/1554/8
f 1291/1558/8 1514/1562/8 1515/1565/8
f 1518/1566/8 1519/1564/8 1585/1554/8
f 1517/1567/8 1518/1566/8 1585/1554/8
f 1291/1558/8 1515/1565/8 1516/1568/8
f 1517/1567/8 1585/1554/8 1586/1569/8
f 1516/1568/8 1517/1567/8 1586/1569/8
f 1291/1558/8 1516/1568/8 1586/1569/8
f 1291/1558/8 1586/1569/8 1587/1570/8
f 1290/1571/8 1291/1558/8 1587/1570/8
f 1290/1571/8 1587/1570/8 1588/1572/8
f 1289/1573/8 1290/1571/8 1588/1572/8
f 1289/1573/8 1588/1572/8 1589/1574/8
f 1289/1573/8 1589/1574/8 1590/1575/8
f 1288/1576/8 1289/1573/8 1590/1575/8
f 1288/1576/8 1590/1575/8 1591/1577/8
f 1288/1576/8 1591/1577/8 1592/1578/8
f 1287/1579/8 1288/1576/8 1592/1578/8
f 1287/1579/8 1592/1578/8 1593/1580/8
f 1286/1581/8 1287/1579/8 1593/1580/8
f 1286/1581/8 1593/1580/8 1594/1582/8
f 1286/1581/8 1594/1582/8 1595/1583/8
f 1285/1584/8 1286/1581/8 1595/1583/8
f 1285/1584/8 1595/1583/8 1596/1585/8
f 1285/1584/8 1596/1585/8 1597/1586/8
f 1284/1587/8 1285/1584/8 1597/1586/8
f 1284/1587/8 1597/1586/8 1598/1588/8
f 1284/1587/8 1598/1588/8 1599/1589/8
f 1283/1590/8 1284/1587/8 1599/1589/8
f 1283/1590/8 1599/1589/8 1600/1591/8
f 1282/1592/8 1283/1590/8 1600/1591/8
f 1282/1592/8 1600/1591/8 1263/1593/8
f 1282/1592/8 1263/1593/8 1264/1594/8
f 1281/1595/8 1282/1592/8 1264/1594/8
f 1281/1595/8 1264/1594/8 1265/1596/8
f 1281/1595/8 1265/1596/8 1266/1597/8
f 1280/1598/8 1281/1595/8 1266/1597/8
f 1280/1598/8 1266/1597/8 1267/1599/8
f 1279/1600/8 1280/1598/8 1267/1599/8
f 1279/1600/8 1267/1599/8 1268/1601/8
f 1279/1600/8 1268/1601/8 1269/1602/8
f 1278/1603/8 1279/1600/8 1269/1602/8
f 1278/1603/8 1269/1602/8 1270/1604/8
f 1278/1603/8 1270/1604/8 1271/1605/8
f 1277/1606/8 1278/1603/8 1271/1605/8
f 1277/1606/8 1271/1605/8 1272/1607/8
f 1276/1608/8 1277/1606/8 1272/1607/8
f 1276/1608/8 1272/1607/8 1273/1609/8
f 1276/1608/8 1273/1609/8 1274/1610/8
f 1275/1611/8 1276/1608/8 1274/1610/8
f 1602/1612/8 1603/1613/8 1606/1614/8
f 1606/1614/8 1603/1613/8 1604/1615/8
f 1606/1614/8 1604/1615/8 1605/1616/8
f 1602/1612/8 1606/1614/8 1607/1617/8
f 1602/1612/8 1607/1617/8 1610/1618/8
f 1610/1618/8 1607/1617/8 1608/1619/8
f 1610/1618/8 1608/1619/8 1609/1620/8
f 1602/1612/8 1610/1618/8 1611/1621/8
f 1602/1612/8 1611/1621/8 1612/1622/8
f 1602/1612/8 1612/1622/8 1601/1623/8
f 1614/1624/8 1615/1625/8 1867/1626/8
f 1867/1626/8 1615/1625/8 1616/1627/8
f 1867/1626/8 1616/1627/8 1868/1628/8
f 1868/1628/8 1616/1627/8 1617/1629/8
f 1714/1630/8 1715/1631/8 1767/1632/8
f 1767/1632/8 1715/1631/8 1716/1633/8
f 1767/1632/8 1716/1633/8 1768/1634/8
f 1768/1634/8 1716/1633/8 1717/1635/8
f 1614/1624/8 1867/1626/8 1866/1636/8
f 1869/1637/8 1868/1628/8 1617/1629/8
f 1714/1630/8 1767/1632/8 1766/1638/8
f 1769/1639/8 1768/1634/8 1717/1635/8
f 1870/1640/8 1869/1637/8 1617/1629/8
f 1714/1630/8 1766/1638/8 1765/1641/8
f 1770/1642/8 1769/1639/8 1717/1635/8
f 1614/1624/8 1866/1636/8 1865/1643/8
f 1871/1644/8 1870/1640/8 1617/1629/8
f 1714/1630/8 1765/1641/8 1764/1645/8
f 1771/1646/8 1770/1642/8 1717/1635/8
f 1614/1624/8 1865/1643/8 1864/1647/8
f 1872/1648/8 1871/1644/8 1617/1629/8
f 1714/1630/8 1764/1645/8 1763/1649/8
f 1772/1650/8 1771/1646/8 1717/1635/8
f 1614/1624/8 1864/1647/8 1863/1651/8
f 1873/1652/8 1872/1648/8 1617/1629/8
f 1714/1630/8 1763/1649/8 1762/1653/8
f 1773/1654/8 1772/1650/8 1717/1635/8
f 1614/1624/8 1863/1651/8 1862/1655/8
f 1874/1656/8 1873/1652/8 1617/1629/8
f 1714/1630/8 1762/1653/8 1773/1654/8
f 1773/1654/8 1762/1653/8 1761/1657/8
f 1714/1630/8 1773/1654/8 1774/1658/8
f 1761/1657/8 1773/1654/8 1717/1635/8
f 1875/1659/8 1874/1656/8 1861/1660/8
f 1861/1660/8 1874/1656/8 1617/1629/8
f 1614/1624/8 1862/1655/8 1875/1659/8
f 1875/1659/8 1862/1655/8 1861/1660/8
f 1760/1661/8 1761/1657/8 1717/1635/8
f 1614/1624/8 1875/1659/8 1876/1662/8
f 1714/1630/8 1774/1658/8 1775/1663/8
f 1860/1664/8 1861/1660/8 1617/1629/8
f 1759/1665/8 1760/1661/8 1717/1635/8
f 1614/1624/8 1876/1662/8 1877/1666/8
f 1714/1630/8 1775/1663/8 1776/1667/8
f 1859/1668/8 1860/1664/8 1617/1629/8
f 1758/1669/8 1759/1665/8 1717/1635/8
f 1614/1624/8 1877/1666/8 1878/1670/8
f 1714/1630/8 1776/1667/8 1777/1671/8
f 1757/1672/8 1758/1669/8 1717/1635/8
f 1858/1673/8 1859/1668/8 1617/1629/8
f 1614/1624/8 1878/1670/8 1879/1674/8
f 1714/1630/8 1777/1671/8 1778/1675/8
f 1756/1676/8 1757/1672/8 1717/1635/8
f 1857/1677/8 1858/1673/8 1617/1629/8
f 1614/1624/8 1879/1674/8 1880/1678/8
f 1714/1630/8 1778/1675/8 1779/1679/8
f 1755/1680/8 1756/1676/8 1717/1635/8
f 1856/1681/8 1857/1677/8 1617/1629/8
f 1614/1624/8 1880/1678/8 1881/1682/8
f 1714/1630/8 1779/1679/8 1780/1683/8
f 1754/1684/8 1755/1680/8 1717/1635/8
f 1614/1624/8 1881/1682/8 1882/1685/8
f 1855/1686/8 1856/1681/8 1617/1629/8
f 1753/1687/8 1754/1684/8 1717/1635/8
f 1714/1630/8 1780/1683/8 1781/1688/8
f 1614/1624/8 1882/1685/8 1883/1689/8
f 1854/1690/8 1855/1686/8 1617/1629/8
f 1752/1691/8 1753/1687/8 1717/1635/8
f 1714/1630/8 1781/1688/8 1782/1692/8
f 1614/1624/8 1883/1689/8 1884/1693/8
f 1853/1694/8 1854/1690/8 1617/1629/8
f 1751/1695/8 1752/1691/8 1717/1635/8
f 1714/1630/8 1782/1692/8 1783/1696/8
f 1614/1624/8 1884/1693/8 1885/1697/8
f 1852/1698/8 1853/1694/8 1617/1629/8
f 1750/1699/8 1751/1695/8 1717/1635/8
f 1714/1630/8 1783/1696/8 1784/1700/8
f 1614/1624/8 1885/1697/8 1886/1701/8
f 1851/1702/8 1852/1698/8 1617/1629/8
f 1749/1703/8 1750/1699/8 1717/1635/8
f 1614/1624/8 1886/1701/8 1887/1704/8
f 1714/1630/8 1784/1700/8 1785/1705/8
f 1850/1706/8 1851/1702/8 1617/1629/8
f 1748/1707/8 1749/1703/8 1717/1635/8
f 1614/1624/8 1887/1704/8 1888/1708/8
f 1714/1630/8 1785/1705/8 1786/1709/8
f 1849/1710/8 1850/1706/8 1617/1629/8
f 1747/1711/8 1748/1707/8 1717/1635/8
f 1614/1624/8 1888/1708/8 1889/1712/8
f 1714/1630/8 1786/1709/8 1787/1713/8
f 1848/1714/8 1849/1710/8 1617/1629/8
f 1746/1715/8 1747/1711/8 1717/1635/8
f 1614/1624/8 1889/1712/8 1890/1716/8
f 1714/1630/8 1787/1713/8 1788/1717/8
f 1847/1718/8 1848/1714/8 1617/1629/8
f 1745/1719/8 1746/1715/8 1717/1635/8
f 1614/1624/8 1890/1716/8 1891/1720/8
f 1714/1630/8 1788/1717/8 1789/1721/8
f 1744/1722/8 1745/1719/8 1717/1635/8
f 1846/1723/8 1847/1718/8 1617/1629/8
f 1614/1624/8 1891/1720/8 1892/1724/8
f 1714/1630/8 1789/1721/8 1790/1725/8
f 1743/1726/8 1744/1722/8 1717/1635/8
f 1845/1727/8 1846/1723/8 1617/1629/8
f 1614/1624/8 1892/1724/8 1893/1728/8
f 1714/1630/8 1790/1725/8 1791/1729/8
f 1742/1730/8 1743/1726/8 1717/1635/8
f 1844/1731/8 1845/1727/8 1617/1629/8
f 1614/1624/8 1893/1728/8 1894/1732/8
f 1714/1630/8 1791/1729/8 1792/1733/8
f 1741/1734/8 1742/1730/8 1717/1635/8
f 1843/1735/8 1844/1731/8 1617/1629/8
f 1614/1624/8 1894/1732/8 1895/1736/8
f 1714/1630/8 1792/1733/8 1793/1737/8
f 1740/1738/8 1741/1734/8 1717/1635/8
f 1842/1739/8 1843/1735/8 1617/1629/8
f 1614/1624/8 1895/1736/8 1896/1740/8
f 1714/1630/8 1793/1737/8 1794/1741/8
f 1739/1742/8 1740/1738/8 1717/1635/8
f 1841/1743/8 1842/1739/8 1617/1629/8
f 1614/1624/8 1896/1740/8 1897/1744/8
f 1714/1630/8 1794/1741/8 1795/1745/8
f 1738/1746/8 1739/1742/8 1717/1635/8
f 1840/1747/8 1841/1743/8 1617/1629/8
f 1614/1624/8 1897/1744/8 1898/1748/8
f 1714/1630/8 1795/1745/8 1796/1749/8
f 1737/1750/8 1738/1746/8 1717/1635/8
f 1839/1751/8 1840/1747/8 1617/1629/8
f 1614/1624/8 1898/1748/8 1899/1752/8
f 1714/1630/8 1796/1749/8 1797/1753/8
f 1736/1754/8 1737/1750/8 1717/1635/8
f 1838/1755/8 1839/1751/8 1617/1629/8
f 1614/1624/8 1899/1752/8 1900/1756/8
f 1714/1630/8 1797/1753/8 1798/1757/8
f 1735/1758/8 1736/1754/8 1717/1635/8
f 1837/1759/8 1838/1755/8 1617/1629/8
f 1614/1624/8 1900/1756/8 1901/1760/8
f 1714/1630/8 1798/1757/8 1799/1761/8
f 1734/1762/8 1735/1758/8 1717/1635/8
f 1836/1763/8 1837/1759/8 1617/1629/8
f 1614/1624/8 1901/1760/8 1902/1764/8
f 1714/1630/8 1799/1761/8 1800/1765/8
f 1733/1766/8 1734/1762/8 1717/1635/8
f 1835/1767/8 1836/1763/8 1617/1629/8
f 1614/1624/8 1902/1764/8 1903/1768/8
f 1714/1630/8 1800/1765/8 1801/1769/8
f 1732/1770/8 1733/1766/8 1717/1635/8
f 1834/1771/8 1835/1767/8 1617/1629/8
f 1614/1624/8 1903/1768/8 1904/1772/8
f 1714/1630/8 1801/1769/8 1802/1773/8
f 1833/1774/8 1834/1771/8 1617/1629/8
f 1731/1775/8 1732/1770/8 1717/1635/8
f 1614/1624/8 1904/1772/8 1905/1776/8
f 1714/1630/8 1802/1773/8 1803/1777/8
f 1832/1778/8 1833/1774/8 1617/1629/8
f 1730/1779/8 1731/1775/8 1717/1635/8
f 1614/1624/8 1905/1776/8 1906/1780/8
f 1714/1630/8 1803/1777/8 1804/1781/8
f 1831/1782/8 1832/1778/8 1617/1629/8
f 1729/1783/8 1730/1779/8 1717/1635/8
f 1714/1630/8 1804/1781/8 1805/1784/8
f 1614/1624/8 1906/1780/8 1907/1785/8
f 1830/1786/8 1831/1782/8 1617/1629/8
f 1728/1787/8 1729/1783/8 1717/1635/8
f 1714/1630/8 1805/1784/8 1806/1788/8
f 1614/1624/8 1907/1785/8 1908/1789/8
f 1829/1790/8 1830/1786/8 1617/1629/8
f 1727/1791/8 1728/1787/8 1717/1635/8
f 1714/1630/8 1806/1788/8 1807/1792/8
f 1614/1624/8 1908/1789/8 1909/1793/8
f 1828/1794/8 1829/1790/8 1617/1629/8
f 1726/1795/8 1727/1791/8 1717/1635/8
f 1714/1630/8 1807/1792/8 1808/1796/8
f 1827/1797/8 1828/1794/8 1617/1629/8
f 1614/1624/8 1909/1793/8 1910/1798/8
f 1725/1799/8 1726/1795/8 1717/1635/8
f 1714/1630/8 1808/1796/8 1809/1800/8
f 1826/1801/8 1827/1797/8 1617/1629/8
f 1614/1624/8 1910/1798/8 1911/1802/8
f 1724/1803/8 1725/1799/8 1717/1635/8
f 1714/1630/8 1809/1800/8 1810/1804/8
f 1825/1805/8 1826/1801/8 1617/1629/8
f 1614/1624/8 1911/1802/8 1912/1806/8
f 1714/1630/8 1810/1804/8 1811/1807/8
f 1723/1808/8 1724/1803/8 1717/1635/8
f 1824/1809/8 1825/1805/8 1617/1629/8
f 1614/1624/8 1912/1806/8 1913/1810/8
f 1714/1630/8 1811/1807/8 1812/1811/8
f 1722/1812/8 1723/1808/8 1717/1635/8
f 1823/1813/8 1824/1809/8 1617/1629/8
f 1714/1630/8 1812/1811/8 1813/1814/8
f 1614/1624/8 1913/1810/8 1914/1815/8
f 1822/1816/8 1823/1813/8 1617/1629/8
f 1721/1817/8 1722/1812/8 1717/1635/8
f 1714/1630/8 1813/1814/8 1814/1818/8
f 1821/1819/8 1822/1816/8 1617/1629/8
f 1614/1624/8 1914/1815/8 1915/1820/8
f 1720/1821/8 1721/1817/8 1717/1635/8
f 1714/1630/8 1814/1818/8 1815/1822/8
f 1820/1823/8 1821/1819/8 1617/1629/8
f 1614/1624/8 1915/1820/8 1916/1824/8
f 1719/1825/8 1720/1821/8 1717/1635/8
f 1714/1630/8 1815/1822/8 1816/1826/8
f 1819/1827/8 1820/1823/8 1617/1629/8
f 1614/1624/8 1916/1824/8 1613/1828/8
f 1818/1829/8 1819/1827/8 1617/1629/8
f 1714/1630/8 1816/1826/8 1817/1830/8
f 1718/1831/8 1719/1825/8 1717/1635/8
f 1818/1829/8 1617/1629/8 1618/1832/8
f 1713/1833/8 1714/1630/8 1817/1830/8
f 1818/1829/8 1618/1832/8 1619/1834/8
f 1712/1835/8 1713/1833/8 1817/1830/8
f 1818/1829/8 1619/1834/8 1620/1836/8
f 1711/1837/8 1712/1835/8 1817/1830/8
f 1818/1829/8 1620/1836/8 1621/1838/8
f 1710/1839/8 1711/1837/8 1817/1830/8
f 1818/1829/8 1621/1838/8 1622/1840/8
f 1709/1841/8 1710/1839/8 1817/1830/8
f 1818/1829/8 1622/1840/8 1623/1842/8
f 1708/1843/8 1709/1841/8 1817/1830/8
f 1818/1829/8 1623/1842/8 1624/1844/8
f 1707/1845/8 1708/1843/8 1817/1830/8
f 1818/1829/8 1624/1844/8 1625/1846/8
f 1706/1847/8 1707/1845/8 1817/1830/8
f 1818/1829/8 1625/1846/8 1626/1848/8
f 1705/1849/8 1706/1847/8 1817/1830/8
f 1818/1829/8 1626/1848/8 1627/1850/8
f 1704/1851/8 1705/1849/8 1817/1830/8
f 1818/1829/8 1627/1850/8 1628/1852/8
f 1703/1853/8 1704/1851/8 1817/1830/8
f 1818/1829/8 1628/1852/8 1629/1854/8
f 1702/1855/8 1703/1853/8 1817/1830/8
f 1818/1829/8 1629/1854/8 1630/1856/8
f 1701/1857/8 1702/1855/8 1817/1830/8
f 1818/1829/8 1630/1856/8 1631/1858/8
f 1700/1859/8 1701/1857/8 1817/1830/8
f 1818/1829/8 1631/1858/8 1632/1860/8
f 1699/1861/8 1700/1859/8 1817/1830/8
f 1818/1829/8 1632/1860/8 1633/1862/8
f 1698/1863/8 1699/1861/8 1817/1830/8
f 1818/1829/8 1633/1862/8 1634/1864/8
f 1697/1865/8 1698/1863/8 1817/1830/8
f 1818/1829/8 1634/1864/8 1635/1866/8
f 1696/1867/8 1697/1865/8 1817/1830/8
f 1818/1829/8 1635/1866/8 1636/1868/8
f 1695/1869/8 1696/1867/8 1817/1830/8
f 1818/1829/8 1636/1868/8 1637/1870/8
f 1694/1871/8 1695/1869/8 1817/1830/8
f 1818/1829/8 1637/1870/8 1638/1872/8
f 1693/1873/8 1694/1871/8 1817/1830/8
f 1818/1829/8 1638/1872/8 1639/1874/8
f 1692/1875/8 1693/1873/8 1817/1830/8
f 1818/1829/8 1639/1874/8 1640/1876/8
f 1691/1877/8 1692/1875/8 1817/1830/8
f 1818/1829/8 1640/1876/8 1641/1878/8
f 1690/1879/8 1691/1877/8 1817/1830/8
f 1818/1829/8 1641/1878/8 1642/1880/8
f 1689/1881/8 1690/1879/8 1817/1830/8
f 1818/1829/8 1642/1880/8 1643/1882/8
f 1688/1883/8 1689/1881/8 1817/1830/8
f 1818/1829/8 1643/1882/8 1644/1884/8
f 1687/1885/8 1688/1883/8 1817/1830/8
f 1818/1829/8 1644/1884/8 1645/1886/8
f 1686/1887/8 1687/1885/8 1817/1830/8
f 1818/1829/8 1645/1886/8 1646/1888/8
f 1685/1889/8 1686/1887/8 1817/1830/8
f 1818/1829/8 1646/1888/8 1647/1890/8
f 1684/1891/8 1685/1889/8 1817/1830/8
f 1818/1829/8 1647/1890/8 1648/1892/8
f 1683/1893/8 1684/1891/8 1817/1830/8
f 1818/1829/8 1648/1892/8 1649/1894/8
f 1682/1895/8 1683/1893/8 1817/1830/8
f 1818/1829/8 1649/1894/8 1650/1896/8
f 1681/1897/8 1682/1895/8 1817/1830/8
f 1818/1829/8 1650/1896/8 1651/1898/8
f 1680/1899/8 1681/1897/8 1817/1830/8
f 1818/1829/8 1651/1898/8 1652/1900/8
f 1679/1901/8 1680/1899/8 1817/1830/8
f 1818/1829/8 1652/1900/8 1653/1902/8
f 1678/1903/8 1679/1901/8 1817/1830/8
f 1818/1829/8 1653/1902/8 1654/1904/8
f 1677/1905/8 1678/1903/8 1817/1830/8
f 1818/1829/8 1654/1904/8 1655/1906/8
f 1676/1907/8 1677/1905/8 1817/1830/8
f 1818/1829/8 1655/1906/8 1656/1908/8
f 1675/1909/8 1676/1907/8 1817/1830/8
f 1818/1829/8 1656/1908/8 1674/1910/8
f 1674/1910/8 1656/1908/8 1657/1911/8
f 1674/1910/8 1675/1909/8 1657/1911/8
f 1657/1911/8 1675/1909/8 1817/1830/8
f 1658/1912/8 1657/1911/8 1817/1830/8
f 1818/1829/8 1674/1910/8 1673/1913/8
f 1659/1914/8 1658/1912/8 1817/1830/8
f 1818/1829/8 1673/1913/8 1672/1915/8
f 1660/1916/11 1659/1914/11 1817/1830/11
f 1818/1829/8 1672/1915/8 1671/1917/8
f 1661/1918/8 1660/1916/8 1817/1830/8
f 1818/1829/8 1671/1917/8 1670/1919/8
f 1662/1920/12 1661/1918/12 1817/1830/12
f 1818/1829/11 1670/1919/11 1669/1921/11
f 1663/1922/8 1662/1920/8 1817/1830/8
f 1818/1829/8 1669/1921/8 1668/1923/8
f 1664/1924/8 1663/1922/8 1817/1830/8
f 1818/1829/8 1668/1923/8 1667/1925/8
f 1665/1926/11 1664/1924/11 1817/1830/11
f 1818/1829/12 1667/1925/12 1666/1927/12
f 1818/1829/8 1666/1927/8 1665/1926/8
f 1818/1829/8 1665/1926/8 1817/1830/8
s 1
f 1918/1928/13 1920/1929/14 1919/1930/14 1917/1931/13
f 1920/1932/14 1922/1933/15 1921/1934/15 1919/1935/14
f 1922/1936/15 1924/1937/16 1923/1938/16 1921/1939/15
f 1924/1940/16 1926/1941/17 1925/1942/17 1923/1943/16
f 1926/1941/17 1928/1944/18 1927/1945/18 1925/1942/17
f 1928/1944/18 1930/1946/19 1929/1947/19 1927/1945/18
f 1930/1946/19 1932/1948/20 1931/1949/20 1929/1947/19
f 1932/1948/20 1934/1950/21 1933/1951/21 1931/1949/20
f 1934/1950/21 1936/1952/22 1935/1953/22 1933/1951/21
f 1936/1952/22 1938/1954/23 1937/1955/23 1935/1953/22
f 1938/1954/23 1940/1956/24 1939/1957/24 1937/1955/23
f 1940/1956/24 1942/1958/25 1941/1959/25 1939/1957/24
f 1942/1958/25 1944/1960/26 1943/1961/26 1941/1959/25
f 1944/1960/26 1946/1962/27 1945/1963/27 1943/1961/26
f 1946/1962/27 1948/1964/28 1947/1965/28 1945/1963/27
f 1948/1964/28 1950/1966/29 1949/1967/29 1947/1965/28
f 1950/1966/29 1952/1968/30 1951/1969/30 1949/1967/29
f 1952/1968/30 1954/1970/31 1953/1971/31 1951/1969/30
f 1954/1970/31 1956/1972/32 1955/1973/32 1953/1971/31
f 1956/1972/32 1958/1974/33 1957/1975/33 1955/1973/32
f 1958/1974/33 1960/1976/34 1959/1977/34 1957/1975/33
f 1960/1976/34 1962/1978/35 1961/1979/35 1959/1977/34
f 1962/1978/35 1964/1980/36 1963/1981/36 1961/1979/35
f 1964/1980/36 1966/1982/37 1965/1983/37 1963/1981/36
f 1966/1982/37 1968/1984/38 1967/1985/38 1965/1983/37
f 1968/1984/38 1970/1986/39 1969/1987/39 1967/1985/38
f 1970/1986/39 1972/1988/40 1971/1989/40 1969/1987/39
f 1972/1988/40 1974/1990/41 1973/1991/41 1971/1989/40
f 1974/1990/41 1976/1992/42 1975/1993/42 1973/1991/41
f 1976/1992/42 1978/1994/43 1977/1995/43 1975/1993/42
f 1978/1994/43 1980/1996/44 1979/1997/44 1977/1995/43
f 1980/1996/44 1982/1998/45 1981/1999/45 1979/1997/44
f 1982/1998/45 1984/2000/46 1983/2001/46 1981/1999/45
f 1984/2000/46 1986/2002/47 1985/2003/47 1983/2001/46
f 1986/2002/47 1988/2004/48 1987/2005/48 1985/2003/47
f 1988/2004/48 1990/2006/49 1989/2007/49 1987/2005/48
f 1990/2006/49 1992/2008/50 1991/2009/50 1989/2007/49
f 1992/2008/50 1994/2010/51 1993/2011/51 1991/2009/50
f 1994/2010/51 1996/2012/52 1995/2013/52 1993/2011/51
f 1996/2012/52 1998/2014/53 1997/2015/53 1995/2013/52
f 1998/2014/53 2000/2016/54 1999/2017/54 1997/2015/53
f 2000/2016/54 2002/2018/55 2001/2019/55 1999/2017/54
f 2002/2018/55 2004/2020/56 2003/2021/56 2001/2019/55
f 2004/2020/56 2006/2022/57 2005/2023/57 2003/2021/56
f 2006/2022/57 2008/2024/58 2007/2025/58 2005/2023/57
f 2008/2024/58 2010/2026/59 2009/2027/59 2007/2025/58
f 2010/2026/59 2012/2028/60 2011/2029/60 2009/2027/59
f 2012/2028/60 2014/2030/61 2013/2031/61 2011/2029/60
f 2014/2030/61 2016/2032/62 2015/2033/62 2013/2031/61
f 2016/2032/62 2018/2034/63 2017/2035/63 2015/2033/62
f 2018/2034/63 2020/2036/64 2019/2037/64 2017/2035/63
f 2020/2036/64 2022/2038/65 2021/2039/65 2019/2037/64
f 2022/2040/65 2024/2041/66 2023/2042/66 2021/2043/65
f 2024/2044/66 2026/2045/67 2025/2046/67 2023/2047/66
f 2026/2045/67 2028/2048/68 2027/2049/68 2025/2046/67
f 2028/2048/68 2030/2050/69 2029/2051/69 2027/2049/68
f 2030/2050/69 2032/2052/70 2031/2053/70 2029/2051/69
f 2032/2052/70 2034/2054/71 2033/2055/71 2031/2053/70
f 2034/2054/71 2036/2056/72 2035/2057/72 2033/2055/71
f 2036/2056/72 2038/2058/73 2037/2059/73 2035/2057/72
f 2038/2058/73 2040/2060/74 2039/2061/74 2037/2059/73
f 2040/2060/74 2042/2062/75 2041/2063/75 2039/2061/74
f 2042/2062/75 2044/2064/76 2043/2065/76 2041/2063/75
f 2044/2064/76 2046/2066/77 2045/2067/77 2043/2065/76
f 2046/2066/77 2048/2068/78 2047/2069/78 2045/2067/77
f 2048/2068/78 2050/2070/79 2049/2071/79 2047/2069/78
f 2050/2070/79 2052/2072/79 2051/2073/79 2049/2071/79
f 2052/2072/79 2054/2074/80 2053/2075/80 2051/2073/79
f 2054/2074/80 2056/2076/78 2055/2077/78 2053/2075/80
f 2056/2076/78 2058/2078/81 2057/2079/81 2055/2077/78
f 2058/2078/81 2060/2080/82 2059/2081/82 2057/2079/81
f 2060/2080/82 2062/2082/83 2061/2083/83 2059/2081/82
f 2062/2082/83 2064/2084/84 2063/2085/84 2061/2083/83
f 2064/2084/84 2066/2086/85 2065/2087/85 2063/2085/84
f 2066/2086/85 2068/2088/86 2067/2089/86 2065/2087/85
f 2068/2088/86 2070/2090/87 2069/2091/87 2067/2089/86
f 2070/2090/87 2072/2092/88 2071/2093/88 2069/2091/87
f 2072/2092/88 2074/2094/89 2073/2095/89 2071/2093/88
f 2074/2094/89 2076/2096/90 2075/2097/90 2073/2095/89
f 2076/2096/90 2078/2098/91 2077/2099/91 2075/2097/90
f 2078/2098/91 2080/2100/92 2079/2101/92 2077/2099/91
f 2080/2100/92 2082/2102/93 2081/2103/93 2079/2101/92
f 2082/2102/93 2084/2104/94 2083/2105/94 2081/2103/93
f 2084/2104/94 2086/2106/95 2085/2107/95 2083/2105/94
f 2086/2106/95 2088/2108/96 2087/2109/96 2085/2107/95
f 2088/2108/96 2090/2110/97 2089/2111/97 2087/2109/96
f 2090/2110/97 2092/2112/98 2091/2113/98 2089/2111/97
f 2092/2112/98 2094/2114/99 2093/2115/99 2091/2113/98
f 2094/2114/99 2096/2116/100 2095/2117/100 2093/2115/99
f 2096/2116/100 2098/2118/101 2097/2119/101 2095/2117/100
f 2098/2118/101 2100/2120/102 2099/2121/102 2097/2119/101
f 2100/2120/102 2102/2122/103 2101/2123/103 2099/2121/102
f 2102/2122/103 2104/2124/104 2103/2125/104 2101/2123/103
f 2104/2124/104 2106/2126/105 2105/2127/105 2103/2125/104
f 2106/2126/105 2108/2128/106 2107/2129/106 2105/2127/105
f 2108/2128/106 2110/2130/107 2109/2131/107 2107/2129/106
f 2110/2130/107 2112/2132/108 2111/2133/108 2109/2131/107
f 2112/2132/108 2114/2134/109 2113/2135/109 2111/2133/108
f 2114/2134/109 2116/2136/110 2115/2137/110 2113/2135/109
f 2116/2136/110 2118/2138/111 2117/2139/111 2115/2137/110
f 2118/2138/111 2120/2140/112 2119/2141/112 2117/2139/111
f 2120/2140/112 2122/2142/113 2121/2143/113 2119/2141/112
f 2122/2144/113 2124/2145/114 2123/2146/114 2121/2147/113
f 2124/2148/114 2126/2149/13 2125/2150/13 2123/2151/114
f 2126/2152/13 2128/1928/14 2127/1931/14 2125/2153/13
f 2128/2154/14 2130/2155/115 2129/2156/115 2127/2157/14
f 2130/2155/115 2132/2158/116 2131/2159/116 2129/2156/115
f 2132/2158/116 2134/2160/117 2133/2161/117 2131/2159/116
f 2134/2160/117 2136/2162/118 2135/2163/118 2133/2161/117
f 2136/2162/118 2138/2164/119 2137/2165/119 2135/2163/118
f 2138/2164/119 2140/2166/120 2139/2167/120 2137/2165/119
f 2140/2166/120 2142/2168/121 2141/2169/121 2139/2167/120
f 2142/2168/121 2144/2170/122 2143/2171/122 2141/2169/121
f 2144/2170/122 2146/2172/123 2145/2173/123 2143/2171/122
f 2146/2172/123 2148/2174/124 2147/2175/124 2145/2173/123
f 2148/2174/124 2150/2176/125 2149/2177/125 2147/2175/124
f 2150/2176/125 2152/2178/126 2151/2179/126 2149/2177/125
f 2152/2178/126 2154/2180/127 2153/2181/127 2151/2179/126
f 2154/2180/127 2156/2182/128 2155/2183/128 2153/2181/127
f 2156/2182/128 2158/2184/127 2157/2185/127 2155/2183/128
f 2158/2184/127 2160/2186/129 2159/2187/129 2157/2185/127
f 2160/2186/129 2162/2188/130 2161/2189/130 2159/2187/129
f 2162/2188/130 2164/2190/131 2163/2191/131 2161/2189/130
f 2164/2190/131 2166/2192/132 2165/2193/132 2163/2191/131
f 2166/2192/132 2168/2194/133 2167/2195/133 2165/2193/132
f 2168/2194/133 2170/2196/134 2169/2197/134 2167/2195/133
f 2170/2196/134 2172/2198/126 2171/2199/126 2169/2197/134
f 2172/2198/126 2174/2200/135 2173/2201/135 2171/2199/126
f 2174/2200/135 2176/2202/136 2175/2203/136 2173/2201/135
f 2176/2202/136 2178/2204/137 2177/2205/137 2175/2203/136
f 2178/2204/137 2180/2206/127 2179/2207/127 2177/2205/137
f 2180/2206/127 2182/2208/138 2181/2209/138 2179/2207/127
f 2182/2208/138 2184/2210/139 2183/2211/139 2181/2209/138
f 2184/2210/139 2186/2212/140 2185/2213/140 2183/2211/139
f 2186/2212/140 2188/2214/141 2187/2215/141 2185/2213/140
f 2188/2214/141 2190/2216/142 2189/2217/142 2187/2215/141
f 2190/2216/142 2192/2218/143 2191/2219/143 2189/2217/142
f 2192/2218/143 2194/2220/144 2193/2221/144 2191/2219/143
f 2194/2220/144 2196/2222/145 2195/2223/145 2193/2221/144
f 2196/2222/145 2198/2224/146 2197/2225/146 2195/2223/145
f 2198/2224/146 2200/2226/147 2199/2227/147 2197/2225/146
f 2200/2226/147 2202/2228/148 2201/2229/148 2199/2227/147
f 2202/2228/148 2204/2230/146 2203/2231/146 2201/2229/148
f 2204/2230/146 2206/2232/144 2205/2233/144 2203/2231/146
f 2206/2232/144 2208/2234/142 2207/2235/142 2205/2233/144
f 2208/2234/142 2210/2236/140 2209/2237/140 2207/2235/142
f 2210/2236/140 2212/2238/138 2211/2239/138 2209/2237/140
f 2212/2238/138 2214/2240/149 2213/2241/149 2211/2239/138
f 2214/2240/149 2216/2242/150 2215/2243/150 2213/2241/149
f 2216/2242/150 2218/2244/151 2217/2245/151 2215/2243/150
f 2218/2244/151 2220/2246/152 2219/2247/152 2217/2245/151
f 2220/2246/152 2222/2248/153 2221/2249/153 2219/2247/152
f 2222/2248/153 2224/2250/154 2223/2251/154 2221/2249/153
f 2224/2250/154 2226/2252/155 2225/2253/155 2223/2251/154
f 2226/2254/155 2228/2255/156 2227/2256/156 2225/2257/155
f 2228/2258/156 2230/2259/157 2229/2260/157 2227/2261/156
f 2230/2259/157 2232/2262/158 2231/2263/158 2229/2260/157
f 2232/2262/158 2234/2264/159 2233/2265/159 2231/2263/158
f 2234/2264/159 2236/2266/160 2235/2267/160 2233/2265/159
f 2236/2266/160 2238/2268/161 2237/2269/161 2235/2267/160
f 2238/2268/161 2240/2270/162 2239/2271/162 2237/2269/161
f 2240/2270/162 2242/2272/163 2241/2273/163 2239/2271/162
f 2242/2272/163 2244/2274/164 2243/2275/164 2241/2273/163
f 2244/2274/164 2246/2276/165 2245/2277/165 2243/2275/164
f 2246/2276/165 2248/2278/166 2247/2279/166 2245/2277/165
f 2248/2278/166 2250/2280/167 2249/2281/167 2247/2279/166
f 2250/2280/167 2252/2282/168 2251/2283/168 2249/2281/167
f 2252/2282/168 2254/2284/169 2253/2285/169 2251/2283/168
f 2254/2284/169 2256/2286/170 2255/2287/170 2253/2285/169
f 2256/2286/170 2258/2288/171 2257/2289/171 2255/2287/170
f 2258/2288/171 2260/2290/172 2259/2291/172 2257/2289/171
f 2260/2290/172 2262/2292/173 2261/2293/173 2259/2291/172
f 2262/2292/173 2264/2294/174 2263/2295/174 2261/2293/173
f 2264/2294/174 2266/2296/175 2265/2297/175 2263/2295/174
f 2266/2296/175 2268/2298/176 2267/2299/176 2265/2297/175
f 2268/2298/176 2270/2300/177 2269/2301/177 2267/2299/176
f 2270/2300/177 2272/2302/178 2271/2303/178 2269/2301/177
f 2272/2302/178 2274/2304/179 2273/2305/179 2271/2303/178
f 2274/2304/179 2276/2306/180 2275/2307/180 2273/2305/179
f 2276/2306/180 2278/2308/181 2277/2309/181 2275/2307/180
f 2278/2308/181 2280/2310/182 2279/2311/182 2277/2309/181
f 2280/2310/182 2282/2312/183 2281/2313/183 2279/2311/182
f 2282/2312/183 2284/2314/184 2283/2315/184 2281/2313/183
f 2284/2314/184 2286/2316/185 2285/2317/185 2283/2315/184
f 2286/2316/185 2288/2318/186 2287/2319/186 2285/2317/185
f 2288/2318/186 2290/2320/187 2289/2321/187 2287/2319/186
f 2290/2320/187 2292/2322/188 2291/2323/188 2289/2321/187
f 2292/2322/188 2294/2324/189 2293/2325/189 2291/2323/188
f 2294/2324/189 2296/2326/190 2295/2327/190 2293/2325/189
f 2296/2326/190 2298/2328/191 2297/2329/191 2295/2327/190
f 2298/2328/191 2300/2330/192 2299/2331/192 2297/2329/191
f 2300/2330/192 2302/2332/193 2301/2333/193 2299/2331/192
f 2302/2332/193 2304/2334/194 2303/2335/194 2301/2333/193
f 2304/2334/194 2306/2336/195 2305/2337/195 2303/2335/194
f 2306/2336/195 2308/2338/196 2307/2339/196 2305/2337/195
f 2308/2338/196 2310/2340/197 2309/2341/197 2307/2339/196
f 2310/2340/197 2312/2342/198 2311/2343/198 2309/2341/197
f 2312/2342/198 2314/2344/199 2313/2345/199 2311/2343/198
f 2314/2344/199 2316/2346/200 2315/2347/200 2313/2345/199
f 2316/2346/200 2318/2348/201 2317/2349/201 2315/2347/200
f 2318/2348/201 2320/2350/202 2319/2351/202 2317/2349/201
f 2320/2350/202 2322/2352/203 2321/2353/203 2319/2351/202
f 2322/2352/203 2324/2354/204 2323/2355/204 2321/2353/203
f 2324/2354/204 2326/2356/205 2325/2357/205 2323/2355/204
f 2326/2358/205 2328/2359/206 2327/2360/206 2325/2361/205
f 2328/2362/206 2330/2363/207 2329/2364/207 2327/2365/206
f 2330/2363/207 2332/2366/208 2331/2367/208 2329/2364/207
f 2332/2366/208 2334/2368/209 2333/2369/209 2331/2367/208
f 2334/2368/209 2336/2370/210 2335/2371/210 2333/2369/209
f 2336/2370/210 2338/2372/211 2337/2373/211 2335/2371/210
f 2338/2372/211 2340/2374/212 2339/2375/212 2337/2373/211
f 2340/2374/212 2342/2376/213 2341/2377/213 2339/2375/212
f 2342/2376/213 2344/2378/214 2343/2379/214 2341/2377/213
f 2344/2378/214 2346/2380/215 2345/2381/215 2343/2379/214
f 2346/2380/215 2348/2382/216 2347/2383/216 2345/2381/215
f 2348/2382/216 2350/2384/217 2349/2385/217 2347/2383/216
f 2350/2384/217 2352/2386/218 2351/2387/218 2349/2385/217
f 2352/2386/218 2354/2388/219 2353/2389/219 2351/2387/218
f 2354/2388/219 2356/2390/220 2355/2391/220 2353/2389/219
f 2356/2390/220 2358/2392/221 2357/2393/221 2355/2391/220
f 2358/2392/221 2360/2394/222 2359/2395/222 2357/2393/221
f 2360/2394/222 2362/2396/223 2361/2397/223 2359/2395/222
f 2362/2396/223 2364/2398/224 2363/2399/224 2361/2397/223
f 2364/2398/224 2366/2400/225 2365/2401/225 2363/2399/224
f 2366/2400/225 2368/2402/226 2367/2403/226 2365/2401/225
f 2368/2402/226 2370/2404/227 2369/2405/227 2367/2403/226
f 2370/2404/227 2372/2406/228 2371/2407/228 2369/2405/227
f 2372/2406/228 2374/2408/229 2373/2409/229 2371/2407/228
f 2374/2408/229 2376/2410/230 2375/2411/230 2373/2409/229
f 2376/2410/230 2378/2412/231 2377/2413/231 2375/2411/230
f 2378/2412/231 2380/2414/232 2379/2415/232 2377/2413/231
f 2380/2414/232 2382/2416/233 2381/2417/233 2379/2415/232
f 2382/2416/233 2384/2418/234 2383/2419/234 2381/2417/233
f 2384/2418/234 2386/2420/235 2385/2421/235 2383/2419/234
f 2386/2420/235 2388/2422/236 2387/2423/236 2385/2421/235
f 2388/2422/236 2390/2424/237 2389/2425/237 2387/2423/236
f 2390/2424/237 2392/2426/238 2391/2427/238 2389/2425/237
f 2392/2426/238 2394/2428/239 2393/2429/239 2391/2427/238
f 2394/2428/239 2396/2430/240 2395/2431/240 2393/2429/239
f 2396/2430/240 2398/2432/241 2397/2433/241 2395/2431/240
f 2398/2432/241 2400/2434/242 2399/2435/242 2397/2433/241
f 2400/2434/242 2402/2436/243 2401/2437/243 2399/2435/242
f 2402/2436/243 2404/2438/244 2403/2439/244 2401/2437/243
f 2404/2438/244 2406/2440/245 2405/2441/245 2403/2439/244
f 2406/2440/245 2408/2442/246 2407/2443/246 2405/2441/245
f 2408/2442/246 2410/2444/247 2409/2445/247 2407/2443/246
f 2410/2444/247 2412/2446/248 2411/2447/248 2409/2445/247
f 2412/2446/248 2414/2448/249 2413/2449/249 2411/2447/248
f 2414/2448/249 2416/2450/250 2415/2451/250 2413/2449/249
f 2416/2450/250 2418/2452/251 2417/2453/251 2415/2451/250
f 2418/2452/251 2420/2454/252 2419/2455/252 2417/2453/251
f 2420/2454/252 2422/2456/253 2421/2457/253 2419/2455/252
f 2422/2456/253 2424/2458/254 2423/2459/254 2421/2457/253
f 2424/2458/254 2426/2460/255 2425/2461/255 2423/2459/254
f 2426/2462/255 2428/2254/256 2427/2257/256 2425/2463/255
f 2428/2464/256 2430/2465/257 2429/2466/257 2427/2467/256
f 2430/2465/257 2432/2468/258 2431/2469/258 2429/2466/257
f 2432/2468/258 2434/2470/259 2433/2471/259 2431/2469/258
f 2434/2470/259 2436/2472/260 2435/2473/260 2433/2471/259
f 2436/2472/260 2438/2474/261 2437/2475/261 2435/2473/260
f 2438/2474/261 2440/2476/262 2439/2477/262 2437/2475/261
f 2440/2476/262 2442/2478/263 2441/2479/263 2439/2477/262
f 2442/2478/263 2444/2480/264 2443/2481/264 2441/2479/263
f 2444/2480/264 2446/2482/265 2445/2483/265 2443/2481/264
f 2446/2482/265 2448/2484/266 2447/2485/266 2445/2483/265
f 2448/2484/266 2450/2486/267 2449/2487/267 2447/2485/266
f 2450/2486/267 2452/2488/268 2451/2489/268 2449/2487/267
f 2452/2488/268 2454/2490/269 2453/2491/269 2451/2489/268
f 2454/2490/269 2456/2492/269 2455/2493/269 2453/2491/269
f 2456/2492/269 2458/2494/269 2457/2495/269 2455/2493/269
f 2458/2494/269 2460/2496/269 2459/2497/269 2457/2495/269
f 2460/2496/269 2462/2498/269 2461/2499/269 2459/2497/269
f 2462/2498/269 2464/2500/269 2463/2501/269 2461/2499/269
f 2464/2500/269 2466/2502/269 2465/2503/269 2463/2501/269
f 2466/2502/269 2468/2504/269 2467/2505/269 2465/2503/269
f 2468/2504/269 2470/2506/269 2469/2507/269 2467/2505/269
f 2470/2506/269 2472/2508/269 2471/2509/269 2469/2507/269
f 2472/2508/269 2474/2510/269 2473/2511/269 2471/2509/269
f 2474/2510/269 2476/2512/269 2475/2513/269 2473/2511/269
f 2476/2512/269 2478/2514/269 2477/2515/269 2475/2513/269
f 2478/2514/269 2480/2516/270 2479/2517/270 2477/2515/269
f 2480/2516/270 2482/2518/271 2481/2519/271 2479/2517/270
f 2482/2518/271 2484/2520/271 2483/2521/271 2481/2519/271
f 2484/2520/271 2486/2522/268 2485/2523/268 2483/2521/271
f 2486/2522/268 2488/2524/272 2487/2525/272 2485/2523/268
f 2488/2524/272 2490/2526/272 2489/2527/272 2487/2525/272
f 2490/2526/272 2492/2528/273 2491/2529/273 2489/2527/272
f 2492/2528/273 2494/2530/274 2493/2531/274 2491/2529/273
f 2494/2530/274 2496/2532/274 2495/2533/274 2493/2531/274
f 2496/2532/274 2498/2534/275 2497/2535/275 2495/2533/274
f 2498/2534/275 2500/2536/273 2499/2537/273 2497/2535/275
f 2500/2536/273 2502/2538/276 2501/2539/276 2499/2537/273
f 2502/2538/276 2504/2540/277 2503/2541/277 2501/2539/276
f 2504/2540/277 2506/2542/278 2505/2543/278 2503/2541/277
f 2506/2542/278 2508/2544/279 2507/2545/279 2505/2543/278
f 2508/2544/279 2510/2546/280 2509/2547/280 2507/2545/279
f 2510/2546/280 2512/2548/281 2511/2549/281 2509/2547/280
f 2512/2548/281 2514/2550/282 2513/2551/282 2511/2549/281
f 2514/2550/282 2516/2552/283 2515/2553/283 2513/2551/282
f 2516/2552/283 2518/2554/284 2517/2555/284 2515/2553/283
f 2518/2554/284 2520/2556/285 2519/2557/285 2517/2555/284
f 2520/2556/285 2522/2558/286 2521/2559/286 2519/2557/285
f 2522/2558/286 2524/2560/287 2523/2561/287 2521/2559/286
f 2524/2560/287 1918/2562/13 1917/2563/13 2523/2561/287
f 2526/2564/13 2528/2565/14 2527/2566/14 2525/2567/13
f 2528/2568/14 2530/2569/15 2529/2570/15 2527/2571/14
f 2530/2572/15 2532/2573/114 2531/2574/114 2529/2575/15
f 2532/2576/114 2534/2577/13 2533/2578/13 2531/2579/114
f 2534/2580/13 2536/2581/13 2535/2582/13 2533/2583/13
f 2536/2584/13 2538/2585/114 2537/2586/114 2535/2587/13
f 2538/2588/114 2540/2589/114 2539/2590/114 2537/2591/114
f 2540/2577/114 2542/2592/13 2541/2593/13 2539/2578/114
f 2542/2594/13 2544/2595/13 2543/2596/13 2541/2597/13
f 2544/2598/13 2546/2599/114 2545/2600/114 2543/2601/13
f 2546/2602/114 2548/2603/114 2547/2604/114 2545/2580/114
f 2548/1929/114 2526/2605/13 2525/2606/13 2547/1930/114
f 2550/2607/288 2552/2608/289 2551/2609/289 2549/2610/288
f 2552/2608/289 2554/2611/290 2553/2612/290 2551/2609/289
f 2554/2611/290 2556/2613/291 2555/2614/291 2553/2612/290
f 2556/2613/291 2558/2615/292 2557/2616/292 2555/2614/291
f 2558/2615/292 2560/2617/293 2559/2618/293 2557/2616/292
f 2560/2617/293 2562/2619/294 2561/2620/294 2559/2618/293
f 2562/2619/294 2564/2621/295 2563/2622/295 2561/2620/294
f 2564/2621/295 2566/2623/296 2565/2624/296 2563/2622/295
f 2566/2623/296 2568/2625/297 2567/2626/297 2565/2624/296
f 2568/2625/297 2570/2627/298 2569/2628/298 2567/2626/297
f 2570/2627/298 2572/2629/299 2571/2630/299 2569/2628/298
f 2572/2629/299 2574/2631/300 2573/2632/300 2571/2630/299
f 2574/2631/300 2576/2633/301 2575/2634/301 2573/2632/300
f 2576/2633/301 2578/2635/302 2577/2636/302 2575/2634/301
f 2578/2635/302 2580/2637/303 2579/2638/303 2577/2636/302
f 2580/2637/303 2582/2639/304 2581/2640/304 2579/2638/303
f 2582/2639/304 2584/2641/305 2583/2642/305 2581/2640/304
f 2584/2641/305 2586/2643/306 2585/2644/306 2583/2642/305
f 2586/2643/306 2588/2645/307 2587/2646/307 2585/2644/306
f 2588/2645/307 2590/2647/308 2589/2648/308 2587/2646/307
f 2590/2647/308 2592/2649/309 2591/2650/309 2589/2648/308
f 2592/2649/309 2594/2651/310 2593/2652/310 2591/2650/309
f 2594/2651/310 2596/2653/311 2595/2654/311 2593/2652/310
f 2596/2653/311 2598/2655/312 2597/2656/312 2595/2654/311
f 2598/2655/312 2600/2657/313 2599/2658/313 2597/2656/312
f 2600/2657/313 2602/2659/314 2601/2660/314 2599/2658/313
f 2602/2659/314 2604/2661/315 2603/2662/315 2601/2660/314
f 2604/2661/315 2606/2663/316 2605/2664/316 2603/2662/315
f 2606/2663/316 2608/2665/317 2607/2666/317 2605/2664/316
f 2608/2667/317 2610/2668/318 2609/2669/318 2607/2670/317
f 2610/2668/318 2612/2671/319 2611/2672/319 2609/2669/318
f 2612/2671/319 2614/2673/320 2613/2674/320 2611/2672/319
f 2614/2673/320 2616/2675/321 2615/2676/321 2613/2674/320
f 2616/2675/321 2618/2677/322 2617/2678/322 2615/2676/321
f 2618/2677/322 2620/2679/323 2619/2680/323 2617/2678/322
f 2620/2679/323 2622/2681/324 2621/2682/324 2619/2680/323
f 2622/2681/324 2624/2683/325 2623/2684/325 2621/2682/324
f 2624/2683/325 2626/2685/326 2625/2686/326 2623/2684/325
f 2626/2685/326 2628/2687/327 2627/2688/327 2625/2686/326
f 2628/2687/327 2630/2689/328 2629/2690/328 2627/2688/327
f 2630/2689/328 2632/2691/329 2631/2692/329 2629/2690/328
f 2632/2691/329 2634/2693/330 2633/2694/330 2631/2692/329
f 2634/2693/330 2636/2695/331 2635/2696/331 2633/2694/330
f 2636/2695/331 2638/2697/332 2637/2698/332 2635/2696/331
f 2638/2697/332 2640/2699/333 2639/2700/333 2637/2698/332
f 2640/2699/333 2642/2701/334 2641/2702/334 2639/2700/333
f 2642/2701/334 2644/2703/335 2643/2704/335 2641/2702/334
f 2644/2703/335 2646/2705/336 2645/2706/336 2643/2704/335
f 2646/2705/336 2648/2707/337 2647/2708/337 2645/2706/336
f 2648/2707/337 2650/2709/338 2649/2710/338 2647/2708/337
f 2650/2709/338 2652/2711/339 2651/2712/339 2649/2710/338
f 2652/2711/339 2654/2713/340 2653/2714/340 2651/2712/339
f 2654/2713/340 2656/2715/341 2655/2716/341 2653/2714/340
f 2656/2715/341 2658/2717/342 2657/2718/342 2655/2716/341
f 2658/2717/342 2660/2719/343 2659/2720/343 2657/2718/342
f 2660/2719/343 2662/2721/344 2661/2722/344 2659/2720/343
f 2662/2721/344 2664/2723/99 2663/2724/99 2661/2722/344
f 2664/2723/99 2666/2725/345 2665/2726/345 2663/2724/99
f 2666/2725/345 2668/2727/346 2667/2728/346 2665/2726/345
f 2668/2727/346 2670/2729/347 2669/2730/347 2667/2728/346
f 2670/2729/347 2672/2731/348 2671/2732/348 2669/2730/347
f 2672/2731/348 2674/2733/349 2673/2734/349 2671/2732/348
f 2674/2733/349 2676/2735/350 2675/2736/350 2673/2734/349
f 2676/2735/350 2678/2737/351 2677/2738/351 2675/2736/350
f 2678/2737/351 2680/2739/352 2679/2740/352 2677/2738/351
f 2680/2739/352 2682/2741/353 2681/2742/353 2679/2740/352
f 2682/2741/353 2684/2743/354 2683/2744/354 2681/2742/353
f 2684/2745/354 2686/2746/355 2685/2747/355 2683/2748/354
f 2686/2746/355 2688/2749/356 2687/2750/356 2685/2747/355
f 2688/2749/356 2690/2751/357 2689/2752/357 2687/2750/356
f 2690/2751/357 2692/2753/358 2691/2754/358 2689/2752/357
f 2692/2753/358 2694/2755/359 2693/2756/359 2691/2754/358
f 2694/2755/359 2696/2757/360 2695/2758/360 2693/2756/359
f 2696/2757/360 2698/2759/361 2697/2760/361 2695/2758/360
f 2698/2759/361 2700/2761/362 2699/2762/362 2697/2760/361
f 2700/2761/362 2702/2763/363 2701/2764/363 2699/2762/362
f 2702/2763/363 2704/2765/364 2703/2766/364 2701/2764/363
f 2704/2765/364 2706/2767/365 2705/2768/365 2703/2766/364
f 2706/2767/365 2708/2769/366 2707/2770/366 2705/2768/365
f 2708/2769/366 2710/2771/367 2709/2772/367 2707/2770/366
f 2710/2771/367 2712/2773/368 2711/2774/368 2709/2772/367
f 2712/2773/368 2714/2775/369 2713/2776/369 2711/2774/368
f 2714/2775/369 2716/2777/370 2715/2778/370 2713/2776/369
f 2716/2777/370 2718/2779/371 2717/2780/371 2715/2778/370
f 2718/2779/371 2720/2781/372 2719/2782/372 2717/2780/371
f 2720/2781/372 2722/2783/373 2721/2784/373 2719/2782/372
f 2722/2783/373 2724/2785/374 2723/2786/374 2721/2784/373
f 2724/2785/374 2726/2787/375 2725/2788/375 2723/2786/374
f 2726/2787/375 2728/2789/376 2727/2790/376 2725/2788/375
f 2728/2789/376 2730/2791/377 2729/2792/377 2727/2790/376
f 2730/2791/377 2732/2793/378 2731/2794/378 2729/2792/377
f 2732/2793/378 2734/2795/379 2733/2796/379 2731/2794/378
f 2734/2795/379 2736/2797/380 2735/2798/380 2733/2796/379
f 2736/2797/380 2738/2799/381 2737/2800/381 2735/2798/380
f 2738/2799/381 2740/2801/382 2739/2802/382 2737/2800/381
f 2740/2801/382 2742/2803/383 2741/2804/383 2739/2802/382
f 2742/2803/383 2744/2805/384 2743/2806/384 2741/2804/383
f 2744/2805/384 2746/2807/385 2745/2808/385 2743/2806/384
f 2746/2807/385 2748/2809/386 2747/2810/386 2745/2808/385
f 2748/2809/386 2750/2811/387 2749/2812/387 2747/2810/386
f 2750/2811/387 2752/2813/388 2751/2814/388 2749/2812/387
f 2752/2813/388 2754/2815/389 2753/2816/389 2751/2814/388
f 2754/2815/389 2756/2817/390 2755/2818/390 2753/2816/389
f 2756/2817/390 2758/2819/391 2757/2820/391 2755/2818/390
f 2758/2819/391 2760/2821/392 2759/2822/392 2757/2820/391
f 2760/2821/392 2762/2823/393 2761/2824/393 2759/2822/392
f 2762/2823/393 2764/2825/394 2763/2826/394 2761/2824/393
f 2764/2825/394 2766/2827/395 2765/2828/395 2763/2826/394
f 2766/2827/395 2768/2829/396 2767/2830/396 2765/2828/395
f 2768/2829/396 2770/2831/397 2769/2832/397 2767/2830/396
f 2770/2831/397 2772/2833/398 2771/2834/398 2769/2832/397
f 2772/2833/398 2774/2835/399 2773/2836/399 2771/2834/398
f 2774/2837/399 2776/2838/400 2775/2839/400 2773/2840/399
f 2776/2838/400 2778/2841/401 2777/2842/401 2775/2839/400
f 2778/2841/401 2780/2843/402 2779/2844/402 2777/2842/401
f 2780/2843/402 2782/2845/403 2781/2846/403 2779/2844/402
f 2782/2845/403 2784/2847/404 2783/2848/404 2781/2846/403
f 2784/2847/404 2786/2849/405 2785/2850/405 2783/2848/404
f 2786/2849/405 2788/2851/406 2787/2852/406 2785/2850/405
f 2788/2851/406 2790/2853/407 2789/2854/407 2787/2852/406
f 2790/2853/407 2792/2855/408 2791/2856/408 2789/2854/407
f 2792/2855/408 2794/2857/409 2793/2858/409 2791/2856/408
f 2794/2857/409 2796/2859/410 2795/2860/410 2793/2858/409
f 2796/2859/410 2798/2861/411 2797/2862/411 2795/2860/410
f 2798/2861/411 2800/2863/412 2799/2864/412 2797/2862/411
f 2800/2863/412 2802/2865/413 2801/2866/413 2799/2864/412
f 2802/2865/413 2804/2867/414 2803/2868/414 2801/2866/413
f 2804/2867/414 2806/2869/415 2805/2870/415 2803/2868/414
f 2806/2869/415 2808/2871/416 2807/2872/416 2805/2870/415
f 2808/2871/416 2810/2873/417 2809/2874/417 2807/2872/416
f 2810/2873/417 2812/2875/418 2811/2876/418 2809/2874/417
f 2812/2875/418 2814/2040/419 2813/2043/419 2811/2876/418
f 2814/2877/419 2816/2878/420 2815/2879/420 2813/2880/419
f 2816/2881/420 2818/2882/421 2817/2883/421 2815/2884/420
f 2818/2882/421 2820/2885/422 2819/2886/422 2817/2883/421
f 2820/2885/422 2822/2887/423 2821/2888/423 2819/2886/422
f 2822/2887/423 2824/2889/424 2823/2890/424 2821/2888/423
f 2824/2889/424 2826/2891/425 2825/2892/425 2823/2890/424
f 2826/2891/425 2828/2893/208 2827/2894/208 2825/2892/425
f 2828/2893/208 2830/2895/426 2829/2896/426 2827/2894/208
f 2830/2895/426 2832/2897/427 2831/2898/427 2829/2896/426
f 2832/2897/427 2834/2899/428 2833/2900/428 2831/2898/427
f 2834/2899/428 2836/2901/429 2835/2902/429 2833/2900/428
f 2836/2901/429 2838/2903/430 2837/2904/430 2835/2902/429
f 2838/2903/430 2840/2905/431 2839/2906/431 2837/2904/430
f 2840/2905/431 2842/2907/432 2841/2908/432 2839/2906/431
f 2842/2907/432 2844/2909/433 2843/2910/433 2841/2908/432
f 2844/2909/433 2846/2911/434 2845/2912/434 2843/2910/433
f 2846/2911/434 2848/2913/435 2847/2914/435 2845/2912/434
f 2848/2913/435 2850/2915/436 2849/2916/436 2847/2914/435
f 2850/2915/436 2852/2917/437 2851/2918/437 2849/2916/436
f 2852/2917/437 2854/2919/438 2853/2920/438 2851/2918/437
f 2854/2921/438 2856/2922/439 2855/2923/439 2853/2924/438
f 2856/2922/439 2858/2925/440 2857/2926/440 2855/2923/439
f 2858/2925/440 2860/2927/441 2859/2928/441 2857/2926/440
f 2860/2927/441 2862/2929/442 2861/2930/442 2859/2928/441
f 2862/2929/442 2864/2931/443 2863/2932/443 2861/2930/442
f 2864/2931/443 2866/2933/444 2865/2934/444 2863/2932/443
f 2866/2933/444 2868/2935/445 2867/2936/445 2865/2934/444
f 2868/2935/445 2870/2937/446 2869/2938/446 2867/2936/445
f 2870/2937/446 2872/2939/447 2871/2940/447 2869/2938/446
f 2872/2939/447 2874/2941/448 2873/2942/448 2871/2940/447
f 2874/2941/448 2876/2943/449 2875/2944/449 2873/2942/448
f 2876/2943/449 2878/2945/450 2877/2946/450 2875/2944/449
f 2878/2945/450 2880/2947/451 2879/2948/451 2877/2946/450
f 2880/2947/451 2882/2949/452 2881/2950/452 2879/2948/451
f 2882/2949/452 2884/2951/453 2883/2952/453 2881/2950/452
f 2884/2951/453 2886/2953/454 2885/2954/454 2883/2952/453
f 2886/2953/454 2888/2955/455 2887/2956/455 2885/2954/454
f 2888/2955/455 2890/2957/456 2889/2958/456 2887/2956/455
f 2890/2957/456 2892/2959/457 2891/2960/457 2889/2958/456
f 2892/2959/457 2894/2961/458 2893/2962/458 2891/2960/457
f 2894/2961/458 2896/2963/459 2895/2964/459 2893/2962/458
f 2896/2963/459 2898/2965/460 2897/2966/460 2895/2964/459
f 2898/2965/460 2900/2967/461 2899/2968/461 2897/2966/460
f 2900/2967/461 2902/2969/462 2901/2970/462 2899/2968/461
f 2902/2969/462 2904/2971/463 2903/2972/463 2901/2970/462
f 2904/2971/463 2906/2973/464 2905/2974/464 2903/2972/463
f 2906/2973/464 2908/2975/465 2907/2976/465 2905/2974/464
f 2908/2975/465 2910/2977/466 2909/2978/466 2907/2976/465
f 2910/2977/466 2912/2979/467 2911/2980/467 2909/2978/466
f 2912/2979/467 2914/2981/468 2913/2982/468 2911/2980/467
f 2914/2981/468 2916/2983/469 2915/2984/469 2913/2982/468
f 2916/2983/469 2918/2985/470 2917/2986/470 2915/2984/469
f 2918/2985/470 2920/2987/471 2919/2988/471 2917/2986/470
f 2920/2987/471 2922/2989/472 2921/2990/472 2919/2988/471
f 2922/2989/472 2924/2991/473 2923/2992/473 2921/2990/472
f 2924/2991/473 2926/2993/474 2925/2994/474 2923/2992/473
f 2926/2993/474 2928/2995/475 2927/2996/475 2925/2994/474
f 2928/2995/475 2930/2997/476 2929/2998/476 2927/2996/475
f 2930/2997/476 2932/2999/477 2931/3000/477 2929/2998/476
f 2932/2999/477 2934/3001/478 2933/3002/478 2931/3000/477
f 2934/3001/478 2936/3003/479 2935/3004/479 2933/3002/478
f 2936/3003/479 2938/3005/480 2937/3006/480 2935/3004/479
f 2938/3005/480 2940/3007/481 2939/3008/481 2937/3006/480
f 2940/3007/481 2942/3009/482 2941/3010/482 2939/3008/481
f 2942/3009/482 2944/3011/483 2943/3012/483 2941/3010/482
f 2944/3013/483 2946/3014/484 2945/3015/484 2943/3016/483
f 2946/3014/484 2948/3017/485 2947/3018/485 2945/3015/484
f 2948/3017/485 2950/3019/486 2949/3020/486 2947/3018/485
f 2950/3019/486 2952/3021/487 2951/3022/487 2949/3020/486
f 2952/3021/487 2954/3023/488 2953/3024/488 2951/3022/487
f 2954/3023/488 2956/3025/489 2955/3026/489 2953/3024/488
f 2956/3025/489 2958/3027/490 2957/3028/490 2955/3026/489
f 2958/3027/490 2960/3029/491 2959/3030/491 2957/3028/490
f 2960/3029/491 2962/3031/492 2961/3032/492 2959/3030/491
f 2962/3031/492 2964/3033/493 2963/3034/493 2961/3032/492
f 2964/3033/493 2966/3035/494 2965/3036/494 2963/3034/493
f 2966/3035/494 2968/3037/495 2967/3038/495 2965/3036/494
f 2968/3037/495 2970/3039/496 2969/3040/496 2967/3038/495
f 2970/3039/496 2972/3041/497 2971/3042/497 2969/3040/496
f 2972/3041/497 2974/3043/498 2973/3044/498 2971/3042/497
f 2974/3043/498 2976/3045/499 2975/3046/499 2973/3044/498
f 2976/3045/499 2978/3047/500 2977/3048/500 2975/3046/499
f 2978/3047/500 2980/3049/501 2979/3050/501 2977/3048/500
f 2980/3049/501 2982/3051/502 2981/3052/502 2979/3050/501
f 2982/3051/502 2984/3053/503 2983/3054/503 2981/3052/502
f 2984/3053/503 2986/3055/504 2985/3056/504 2983/3054/503
f 2986/3055/504 2988/3057/505 2987/3058/505 2985/3056/504
f 2988/3057/505 2990/3059/506 2989/3060/506 2987/3058/505
f 2990/3059/506 2992/3061/507 2991/3062/507 2989/3060/506
f 2992/3061/507 2994/3063/508 2993/3064/508 2991/3062/507
f 2994/3063/508 2996/3065/509 2995/3066/509 2993/3064/508
f 2996/3065/509 2998/3067/510 2997/3068/510 2995/3066/509
f 2998/3067/510 3000/3069/511 2999/3070/511 2997/3068/510
f 3000/3069/511 3002/3071/512 3001/3072/512 2999/3070/511
f 3002/3071/512 3004/3073/513 3003/3074/513 3001/3072/512
f 3004/3073/513 3006/3075/514 3005/3076/514 3003/3074/513
f 3006/3075/514 3008/3077/515 3007/3078/515 3005/3076/514
f 3008/3077/515 3010/3079/516 3009/3080/516 3007/3078/515
f 3010/3079/516 3012/3081/517 3011/3082/517 3009/3080/516
f 3012/3081/517 3014/3083/518 3013/3084/518 3011/3082/517
f 3014/3083/518 3016/3085/519 3015/3086/519 3013/3084/518
f 3016/3085/519 3018/3087/520 3017/3088/520 3015/3086/519
f 3018/3087/520 3020/3089/521 3019/3090/521 3017/3088/520
f 3020/3089/521 3022/3091/522 3021/3092/522 3019/3090/521
f 3022/3091/522 3024/3093/523 3023/3094/523 3021/3092/522
f 3024/2581/523 3026/3095/524 3025/3096/524 3023/2582/523
f 3026/3095/524 3028/3097/525 3027/3098/525 3025/3096/524
f 3028/3097/525 3030/3099/526 3029/3100/526 3027/3098/525
f 3030/3099/526 3032/3101/527 3031/3102/527 3029/3100/526
f 3032/3101/527 3034/3103/528 3033/3104/528 3031/3102/527
f 3034/3103/528 3036/3105/529 3035/3106/529 3033/3104/528
f 3036/3105/529 3038/3107/530 3037/3108/530 3035/3106/529
f 3038/3107/530 3040/3109/531 3039/3110/531 3037/3108/530
f 3040/3109/531 3042/3111/532 3041/3112/532 3039/3110/531
f 3042/3111/532 3044/3113/533 3043/3114/533 3041/3112/532
f 3044/3113/533 3046/3115/534 3045/3116/534 3043/3114/533
f 3046/3115/534 3048/3117/535 3047/3118/535 3045/3116/534
f 3048/3117/535 3050/3119/536 3049/3120/536 3047/3118/535
f 3050/3119/536 3052/3121/537 3051/3122/537 3049/3120/536
f 3052/3121/537 3054/3123/538 3053/3124/538 3051/3122/537
f 3054/3123/538 3056/3125/539 3055/3126/539 3053/3124/538
f 3056/3125/539 3058/3127/540 3057/3128/540 3055/3126/539
f 3058/3127/540 3060/3129/541 3059/3130/541 3057/3128/540
f 3060/3129/541 3062/3131/542 3061/3132/542 3059/3130/541
f 3062/3131/542 3064/3133/543 3063/3134/543 3061/3132/542
f 3064/3133/543 3066/3135/544 3065/3136/544 3063/3134/543
f 3066/3135/544 3068/3137/545 3067/3138/545 3065/3136/544
f 3068/3137/545 3070/3139/546 3069/3140/546 3067/3138/545
f 3070/3139/546 3072/3141/547 3071/3142/547 3069/3140/546
f 3072/3141/547 3074/3143/548 3073/3144/548 3071/3142/547
f 3074/3143/548 3076/3145/549 3075/3146/549 3073/3144/548
f 3076/3145/549 3078/3147/550 3077/3148/550 3075/3146/549
f 3078/3147/550 3080/3149/551 3079/3150/551 3077/3148/550
f 3080/3149/551 3082/3151/552 3081/3152/552 3079/3150/551
f 3082/3151/552 3084/3153/553 3083/3154/553 3081/3152/552
f 3084/3153/553 3086/3155/554 3085/3156/554 3083/3154/553
f 3086/3155/554 3088/3157/555 3087/3158/555 3085/3156/554
f 3088/3157/555 3090/3159/556 3089/3160/556 3087/3158/555
f 3090/3159/556 3092/3161/557 3091/3162/557 3089/3160/556
f 3092/3161/557 3094/3163/558 3093/3164/558 3091/3162/557
f 3094/3163/558 3096/3165/559 3095/3166/559 3093/3164/558
f 3096/3165/559 3098/3167/560 3097/3168/560 3095/3166/559
f 3098/3167/560 3100/3169/561 3099/3170/561 3097/3168/560
f 3100/3169/561 3102/3171/562 3101/3172/562 3099/3170/561
f 3102/3171/562 3104/3173/563 3103/3174/563 3101/3172/562
f 3104/3173/563 3106/3175/564 3105/3176/564 3103/3174/563
f 3106/3175/564 3108/3177/565 3107/3178/565 3105/3176/564
f 3108/3177/565 3110/3179/566 3109/3180/566 3107/3178/565
f 3110/3179/566 3112/3181/567 3111/3182/567 3109/3180/566
f 3112/3181/567 3114/3183/568 3113/3184/568 3111/3182/567
f 3114/3185/568 3116/3186/569 3115/3187/569 3113/3188/568
f 3116/3186/569 3118/3189/570 3117/3190/570 3115/3187/569
f 3118/3189/570 3120/3191/571 3119/3192/571 3117/3190/570
f 3120/3191/571 3122/3193/572 3121/3194/572 3119/3192/571
f 3122/3193/572 3124/3195/573 3123/3196/573 3121/3194/572
f 3124/3195/573 3126/3197/574 3125/3198/574 3123/3196/573
f 3126/3197/574 3128/3199/575 3127/3200/575 3125/3198/574
f 3128/3199/575 3130/3201/576 3129/3202/576 3127/3200/575
f 3130/3201/576 3132/3203/577 3131/3204/577 3129/3202/576
f 3132/3203/577 3134/3205/578 3133/3206/578 3131/3204/577
f 3134/3205/578 3136/3207/579 3135/3208/579 3133/3206/578
f 3136/3207/579 3138/3209/580 3137/3210/580 3135/3208/579
f 3138/3209/580 3140/3211/581 3139/3212/581 3137/3210/580
f 3140/3211/581 3142/3213/582 3141/3214/582 3139/3212/581
f 3142/3213/582 3144/3215/583 3143/3216/583 3141/3214/582
f 3144/3215/583 3146/3217/584 3145/3218/584 3143/3216/583
f 3146/3217/584 3148/3219/585 3147/3220/585 3145/3218/584
f 3148/3219/585 3150/3221/586 3149/3222/586 3147/3220/585
f 3150/3221/586 3152/3223/587 3151/3224/587 3149/3222/586
f 3152/3225/587 3154/3226/588 3153/3227/588 3151/3228/587
f 3154/3229/588 3156/3230/589 3155/3231/589 3153/3232/588
f 3156/3230/589 3158/3233/590 3157/3234/590 3155/3231/589
f 3158/3233/590 3160/3235/591 3159/3236/591 3157/3234/590
f 3160/3235/591 3162/3237/592 3161/3238/592 3159/3236/591
f 3162/3237/592 3164/3239/593 3163/3240/593 3161/3238/592
f 3164/3239/593 3166/3241/594 3165/3242/594 3163/3240/593
f 3166/3241/594 3168/3243/595 3167/3244/595 3165/3242/594
f 3168/3243/595 3170/3245/596 3169/3246/596 3167/3244/595
f 3170/3245/596 3172/3247/597 3171/3248/597 3169/3246/596
f 3172/3247/597 3174/3249/598 3173/3250/598 3171/3248/597
f 3174/3249/598 3176/3251/599 3175/3252/599 3173/3250/598
f 3176/3251/599 3178/3253/600 3177/3254/600 3175/3252/599
f 3178/3253/600 3180/3255/601 3179/3256/601 3177/3254/600
f 3180/3255/601 3182/3257/602 3181/3258/602 3179/3256/601
f 3182/3257/602 3184/3259/603 3183/3260/603 3181/3258/602
f 3184/3259/603 3186/3261/604 3185/3262/604 3183/3260/603
f 3186/3261/604 3188/3263/605 3187/3264/605 3185/3262/604
f 3188/3263/605 3190/3265/606 3189/3266/606 3187/3264/605
f 3190/3265/606 3192/3267/607 3191/3268/607 3189/3266/606
f 3192/3267/607 3194/3269/608 3193/3270/608 3191/3268/607
f 3194/3271/608 3196/3272/609 3195/3273/609 3193/3274/608
f 3196/3272/609 3198/3275/610 3197/3276/610 3195/3273/609
f 3198/3275/610 3200/3277/611 3199/3278/611 3197/3276/610
f 3200/3277/611 3202/3279/612 3201/3280/612 3199/3278/611
f 3202/3279/612 3204/3281/613 3203/3282/613 3201/3280/612
f 3204/3281/613 3206/3283/614 3205/3284/614 3203/3282/613
f 3206/3283/614 3208/3285/615 3207/3286/615 3205/3284/614
f 3208/3285/615 3210/3287/616 3209/3288/616 3207/3286/615
f 3210/3287/616 3212/3289/617 3211/3290/617 3209/3288/616
f 3212/3289/617 3214/3291/618 3213/3292/618 3211/3290/617
f 3214/3291/618 3216/3293/619 3215/3294/619 3213/3292/618
f 3216/3293/619 3218/3295/620 3217/3296/620 3215/3294/619
f 3218/3295/620 3220/3297/621 3219/3298/621 3217/3296/620
f 3220/3297/621 3222/3299/622 3221/3300/622 3219/3298/621
f 3222/3299/622 3224/3301/623 3223/3302/623 3221/3300/622
f 3224/3301/623 2550/2607/288 2549/2610/288 3223/3302/623
f 3226/3303/14 3228/3304/14 3227/3305/14 3225/3306/14
f 3228/3307/14 3230/3308/15 3229/3309/15 3227/3310/14
f 3230/3311/15 3232/3312/114 3231/3313/114 3229/3314/15
f 3232/2592/114 3234/3315/13 3233/3316/13 3231/2593/114
f 3234/3317/13 3236/3225/13 3235/3228/13 3233/3318/13
f 3236/3319/13 3238/3320/13 3237/3321/13 3235/3322/13
f 3238/3323/13 3240/2152/14 3239/2153/14 3237/3324/13
f 3240/3325/14 3226/3326/14 3225/3327/14 3239/3328/14
f 3242/3329/624 3244/3330/625 3243/3331/625 3241/3332/624
f 3244/3330/625 3246/3333/626 3245/3334/626 3243/3331/625
f 3246/3333/626 3248/3335/627 3247/3336/627 3245/3334/626
f 3248/3335/627 3250/3337/628 3249/3338/628 3247/3336/627
f 3250/3337/628 3252/3339/629 3251/3340/629 3249/3338/628
f 3252/3339/629 3254/3341/630 3253/3342/630 3251/3340/629
f 3254/3341/630 3256/3343/631 3255/3344/631 3253/3342/630
f 3256/3343/631 3258/3345/632 3257/3346/632 3255/3344/631
f 3258/3345/632 3260/3347/633 3259/3348/633 3257/3346/632
f 3260/3347/633 3262/3349/634 3261/3350/634 3259/3348/633
f 3262/3349/634 3264/3351/635 3263/3352/635 3261/3350/634
f 3264/3351/635 3266/3353/636 3265/3354/636 3263/3352/635
f 3266/3353/636 3268/3355/301 3267/3356/301 3265/3354/636
f 3268/3355/301 3270/3357/302 3269/3358/302 3267/3356/301
f 3270/3357/302 3272/3359/303 3271/3360/303 3269/3358/302
f 3272/3359/303 3274/3361/304 3273/3362/304 3271/3360/303
f 3274/3361/304 3276/3363/305 3275/3364/305 3273/3362/304
f 3276/3363/305 3278/3365/306 3277/3366/306 3275/3364/305
f 3278/3365/306 3280/3367/307 3279/3368/307 3277/3366/306
f 3280/3367/307 3282/3369/308 3281/3370/308 3279/3368/307
f 3282/3369/308 3284/3371/309 3283/3372/309 3281/3370/308
f 3284/3371/309 3286/3373/310 3285/3374/310 3283/3372/309
f 3286/3373/310 3288/3375/311 3287/3376/311 3285/3374/310
f 3288/3375/311 3290/3377/312 3289/3378/312 3287/3376/311
f 3290/3377/312 3292/3379/313 3291/3380/313 3289/3378/312
f 3292/3379/313 3294/3381/314 3293/3382/314 3291/3380/313
f 3294/3381/314 3296/3383/315 3295/3384/315 3293/3382/314
f 3296/3383/315 3298/3385/316 3297/3386/316 3295/3384/315
f 3298/3385/316 3300/3387/317 3299/3388/317 3297/3386/316
f 3300/3389/317 3302/3390/318 3301/3391/318 3299/3392/317
f 3302/3390/318 3304/3393/319 3303/3394/319 3301/3391/318
f 3304/3393/319 3306/3395/320 3305/3396/320 3303/3394/319
f 3306/3395/320 3308/3397/321 3307/3398/321 3305/3396/320
f 3308/3397/321 3310/3399/322 3309/3400/322 3307/3398/321
f 3310/3399/322 3312/3401/323 3311/3402/323 3309/3400/322
f 3312/3401/323 3314/3403/324 3313/3404/324 3311/3402/323
f 3314/3403/324 3316/3405/325 3315/3406/325 3313/3404/324
f 3316/3405/325 3318/3407/326 3317/3408/326 3315/3406/325
f 3318/3407/326 3320/3409/327 3319/3410/327 3317/3408/326
f 3320/3409/327 3322/3411/328 3321/3412/328 3319/3410/327
f 3322/3411/328 3324/3413/329 3323/3414/329 3321/3412/328
f 3324/3413/329 3326/3415/330 3325/3416/330 3323/3414/329
f 3326/3415/330 3328/3417/331 3327/3418/331 3325/3416/330
f 3328/3417/331 3330/3419/332 3329/3420/332 3327/3418/331
f 3330/3419/332 3332/3421/333 3331/3422/333 3329/3420/332
f 3332/3421/333 3334/3423/334 3333/3424/334 3331/3422/333
f 3334/3423/334 3336/3425/335 3335/3426/335 3333/3424/334
f 3336/3425/335 3338/3427/336 3337/3428/336 3335/3426/335
f 3338/3427/336 3340/3429/337 3339/3430/337 3337/3428/336
f 3340/3429/337 3342/3431/338 3341/3432/338 3339/3430/337
f 3342/3431/338 3344/3433/339 3343/3434/339 3341/3432/338
f 3344/3433/339 3346/3435/340 3345/3436/340 3343/3434/339
f 3346/3435/340 3348/3437/341 3347/3438/341 3345/3436/340
f 3348/3437/341 3350/3439/342 3349/3440/342 3347/3438/341
f 3350/3439/342 3352/3441/343 3351/3442/343 3349/3440/342
f 3352/3441/343 3354/3443/344 3353/3444/344 3351/3442/343
f 3354/3443/344 3356/3445/99 3355/3446/99 3353/3444/344
f 3356/3445/99 3358/3447/345 3357/3448/345 3355/3446/99
f 3358/3447/345 3360/3449/346 3359/3450/346 3357/3448/345
f 3360/3449/346 3362/3451/347 3361/3452/347 3359/3450/346
f 3362/3451/347 3364/3453/348 3363/3454/348 3361/3452/347
f 3364/3453/348 3366/3455/349 3365/3456/349 3363/3454/348
f 3366/3455/349 3368/3457/350 3367/3458/350 3365/3456/349
f 3368/3457/350 3370/3459/351 3369/3460/351 3367/3458/350
f 3370/3459/351 3372/3461/637 3371/3462/637 3369/3460/351
f 3372/3461/637 3374/3463/353 3373/3464/353 3371/3462/637
f 3374/3463/353 3376/3465/354 3375/3466/354 3373/3464/353
f 3376/3467/354 3378/3468/355 3377/3469/355 3375/3470/354
f 3378/3468/355 3380/3471/356 3379/3472/356 3377/3469/355
f 3380/3471/356 3382/3473/357 3381/3474/357 3379/3472/356
f 3382/3473/357 3384/3475/358 3383/3476/358 3381/3474/357
f 3384/3475/358 3386/3477/359 3385/3478/359 3383/3476/358
f 3386/3477/359 3388/3479/360 3387/3480/360 3385/3478/359
f 3388/3479/360 3390/3481/361 3389/3482/361 3387/3480/360
f 3390/3481/361 3392/3483/362 3391/3484/362 3389/3482/361
f 3392/3483/362 3394/3485/363 3393/3486/363 3391/3484/362
f 3394/3485/363 3396/3487/364 3395/3488/364 3393/3486/363
f 3396/3487/364 3398/3489/365 3397/3490/365 3395/3488/364
f 3398/3489/365 3400/3491/366 3399/3492/366 3397/3490/365
f 3400/3491/366 3402/3493/367 3401/3494/367 3399/3492/366
f 3402/3493/367 3404/3495/368 3403/3496/368 3401/3494/367
f 3404/3495/368 3406/3497/369 3405/3498/369 3403/3496/368
f 3406/3497/369 3408/3499/370 3407/3500/370 3405/3498/369
f 3408/3499/370 3410/3501/638 3409/3502/638 3407/3500/370
f 3410/3501/638 3412/3503/639 3411/3504/639 3409/3502/638
f 3412/3503/639 3414/3505/640 3413/3506/640 3411/3504/639
f 3414/3505/640 3416/3507/641 3415/3508/641 3413/3506/640
f 3416/3507/641 3418/3509/642 3417/3510/642 3415/3508/641
f 3418/3509/642 3420/3511/643 3419/3512/643 3417/3510/642
f 3420/3511/643 3422/3513/644 3421/3514/644 3419/3512/643
f 3422/3513/644 3424/3515/645 3423/3516/645 3421/3514/644
f 3424/3515/645 3426/3517/646 3425/3518/646 3423/3516/645
f 3426/3517/646 3428/3519/647 3427/3520/647 3425/3518/646
f 3428/3519/647 3430/3521/648 3429/3522/648 3427/3520/647
f 3430/3521/648 3432/3523/649 3431/3524/649 3429/3522/648
f 3432/3523/649 3434/3525/650 3433/3526/650 3431/3524/649
f 3434/3525/650 3436/3527/651 3435/3528/651 3433/3526/650
f 3436/3527/651 3438/3529/652 3437/3530/652 3435/3528/651
f 3438/3529/652 3440/3531/653 3439/3532/653 3437/3530/652
f 3440/3531/653 3442/3533/654 3441/3534/654 3439/3532/653
f 3442/3533/654 3444/3535/655 3443/3536/655 3441/3534/654
f 3444/3312/655 3446/3537/656 3445/3538/656 3443/3313/655
f 3446/3537/656 3448/3539/657 3447/3540/657 3445/3538/656
f 3448/3539/657 3450/3541/658 3449/3542/658 3447/3540/657
f 3450/3541/658 3452/3543/659 3451/3544/659 3449/3542/658
f 3452/3543/659 3454/3545/660 3453/3546/660 3451/3544/659
f 3454/3545/660 3456/3547/661 3455/3548/661 3453/3546/660
f 3456/3547/661 3458/3549/662 3457/3550/662 3455/3548/661
f 3458/3549/662 3460/3551/663 3459/3552/663 3457/3550/662
f 3460/3551/663 3462/3553/664 3461/3554/664 3459/3552/663
f 3462/3553/664 3464/3555/665 3463/3556/665 3461/3554/664
f 3464/3555/665 3466/3557/666 3465/3558/666 3463/3556/665
f 3466/3557/666 3468/3559/667 3467/3560/667 3465/3558/666
f 3468/3559/667 3470/3561/668 3469/3562/668 3467/3560/667
f 3470/3561/668 3472/3563/669 3471/3564/669 3469/3562/668
f 3472/3563/669 3474/3565/670 3473/3566/670 3471/3564/669
f 3474/3565/670 3476/3567/671 3475/3568/671 3473/3566/670
f 3476/3567/671 3478/3569/672 3477/3570/672 3475/3568/671
f 3478/3569/672 3480/3571/673 3479/3572/673 3477/3570/672
f 3480/3571/673 3482/3573/674 3481/3574/674 3479/3572/673
f 3482/3573/674 3484/3575/675 3483/3576/675 3481/3574/674
f 3484/3575/675 3486/3577/676 3485/3578/676 3483/3576/675
f 3486/3577/676 3488/3579/677 3487/3580/677 3485/3578/676
f 3488/3579/677 3490/3581/678 3489/3582/678 3487/3580/677
f 3490/3581/678 3492/3583/679 3491/3584/679 3489/3582/678
f 3492/3583/679 3494/3585/680 3493/3586/680 3491/3584/679
f 3494/3585/680 3496/3587/681 3495/3588/681 3493/3586/680
f 3496/3587/681 3498/3589/682 3497/3590/682 3495/3588/681
f 3498/3589/682 3500/3591/683 3499/3592/683 3497/3590/682
f 3500/3591/683 3502/3593/684 3501/3594/684 3499/3592/683
f 3502/3593/684 3504/3595/685 3503/3596/685 3501/3594/684
f 3504/3595/685 3506/3597/686 3505/3598/686 3503/3596/685
f 3506/3597/686 3508/3599/687 3507/3600/687 3505/3598/686
f 3508/3599/687 3510/3601/688 3509/3602/688 3507/3600/687
f 3510/3601/688 3512/3603/689 3511/3604/689 3509/3602/688
f 3512/3603/689 3514/3605/690 3513/3606/690 3511/3604/689
f 3514/3605/690 3516/3607/691 3515/3608/691 3513/3606/690
f 3516/3607/691 3518/3609/692 3517/3610/692 3515/3608/691
f 3518/3609/692 3520/3611/693 3519/3612/693 3517/3610/692
f 3520/3613/693 3522/3614/694 3521/3615/694 3519/3616/693
f 3522/3614/694 3524/3617/695 3523/3618/695 3521/3615/694
f 3524/3617/695 3526/3619/696 3525/3620/696 3523/3618/695
f 3526/3619/696 3528/3621/697 3527/3622/697 3525/3620/696
f 3528/3621/697 3242/3329/624 3241/3332/624 3527/3622/697
f 3530/3623/698 3532/3624/699 3531/3625/699 3529/3626/698
f 3532/3624/699 3534/3627/700 3533/3628/700 3531/3625/699
f 3534/3627/700 3536/3629/701 3535/3630/701 3533/3628/700
f 3536/3629/701 3538/3631/702 3537/3632/702 3535/3630/701
f 3538/3631/702 3540/3633/703 3539/3634/703 3537/3632/702
f 3540/3633/703 3542/3635/704 3541/3636/704 3539/3634/703
f 3542/3635/704 3544/3637/705 3543/3638/705 3541/3636/704
f 3544/3637/705 3546/3639/706 3545/3640/706 3543/3638/705
f 3546/3639/706 3548/3641/707 3547/3642/707 3545/3640/706
f 3548/3641/707 3550/3643/708 3549/3644/708 3547/3642/707
f 3550/3643/708 3552/3645/709 3551/3646/709 3549/3644/708
f 3552/3645/709 3554/3647/710 3553/3648/710 3551/3646/709
f 3554/3647/710 3556/3649/711 3555/3650/711 3553/3648/710
f 3556/3649/711 3558/3651/712 3557/3652/712 3555/3650/711
f 3558/3651/712 3560/3653/713 3559/3654/713 3557/3652/712
f 3560/3653/713 3562/3655/714 3561/3656/714 3559/3654/713
f 3562/3655/714 3564/3657/715 3563/3658/715 3561/3656/714
f 3564/3657/715 3566/3659/716 3565/3660/716 3563/3658/715
f 3566/3659/716 3568/3661/717 3567/3662/717 3565/3660/716
f 3568/3661/717 3570/3663/718 3569/3664/718 3567/3662/717
f 3570/3663/718 3572/3665/719 3571/3666/719 3569/3664/718
f 3572/3665/719 3574/3667/720 3573/3668/720 3571/3666/719
f 3574/3667/720 3576/3669/721 3575/3670/721 3573/3668/720
f 3576/3669/721 3578/3671/722 3577/3672/722 3575/3670/721
f 3578/3671/722 3580/3673/723 3579/3674/723 3577/3672/722
f 3580/3673/723 3582/3675/724 3581/3676/724 3579/3674/723
f 3582/3675/724 3584/3677/725 3583/3678/725 3581/3676/724
f 3584/3677/725 3586/3679/726 3585/3680/726 3583/3678/725
f 3586/3679/726 3588/2881/727 3587/2884/727 3585/3680/726
f 3588/3323/727 3590/3681/728 3589/3682/728 3587/3683/727
f 3590/3681/728 3592/3684/729 3591/3685/729 3589/3682/728
f 3592/3684/729 3594/3686/730 3593/3687/730 3591/3685/729
f 3594/3686/730 3596/3688/731 3595/3689/731 3593/3687/730
f 3596/3688/731 3598/3690/732 3597/3691/732 3595/3689/731
f 3598/3690/732 3600/3692/733 3599/3693/733 3597/3691/732
f 3600/3692/733 3602/3694/734 3601/3695/734 3599/3693/733
f 3602/3694/734 3604/3696/735 3603/3697/735 3601/3695/734
f 3604/3696/735 3606/3698/736 3605/3699/736 3603/3697/735
f 3606/3698/736 3608/3700/737 3607/3701/737 3605/3699/736
f 3608/3700/737 3610/3702/738 3609/3703/738 3607/3701/737
f 3610/3702/738 3612/3704/739 3611/3705/739 3609/3703/738
f 3612/3704/739 3614/3706/740 3613/3707/740 3611/3705/739
f 3614/3706/740 3616/3708/741 3615/3709/741 3613/3707/740
f 3616/3708/741 3618/3710/742 3617/3711/742 3615/3709/741
f 3618/3710/742 3620/3712/743 3619/3713/743 3617/3711/742
f 3620/3712/743 3622/3714/744 3621/3715/744 3619/3713/743
f 3622/3714/744 3624/3716/745 3623/3717/745 3621/3715/744
f 3624/3716/745 3626/3718/746 3625/3719/746 3623/3717/745
f 3626/3718/746 3628/3720/747 3627/3721/747 3625/3719/746
f 3628/3720/747 3630/3722/748 3629/3723/748 3627/3721/747
f 3630/3722/748 3632/3724/749 3631/3725/749 3629/3723/748
f 3632/3724/749 3634/3726/750 3633/3727/750 3631/3725/749
f 3634/3726/750 3636/3728/751 3635/3729/751 3633/3727/750
f 3636/3728/751 3638/3730/752 3637/3731/752 3635/3729/751
f 3638/3730/752 3640/3732/753 3639/3733/753 3637/3731/752
f 3640/3732/753 3642/3734/754 3641/3735/754 3639/3733/753
f 3642/3734/754 3644/3736/755 3643/3737/755 3641/3735/754
f 3644/3736/755 3646/3738/756 3645/3739/756 3643/3737/755
f 3646/3738/756 3648/3740/757 3647/3741/757 3645/3739/756
f 3648/3740/757 3650/3742/758 3649/3743/758 3647/3741/757
f 3650/3742/758 3652/3744/759 3651/3745/759 3649/3743/758
f 3652/3744/759 3654/3746/760 3653/3747/760 3651/3745/759
f 3654/3746/760 3656/3748/761 3655/3749/761 3653/3747/760
f 3656/3748/761 3658/3750/762 3657/3751/762 3655/3749/761
f 3658/3750/762 3660/3752/763 3659/3753/763 3657/3751/762
f 3660/3752/763 3662/3754/764 3661/3755/764 3659/3753/763
f 3662/3754/764 3664/3756/765 3663/3757/765 3661/3755/764
f 3664/3756/765 3666/3758/766 3665/3759/766 3663/3757/765
f 3666/3760/766 3668/3761/767 3667/3762/767 3665/3763/766
f 3668/3761/767 3670/3764/768 3669/3765/768 3667/3762/767
f 3670/3764/768 3672/3766/769 3671/3767/769 3669/3765/768
f 3672/3766/769 3674/3768/770 3673/3769/770 3671/3767/769
f 3674/3768/770 3676/3770/771 3675/3771/771 3673/3769/770
f 3676/3770/771 3678/3772/772 3677/3773/772 3675/3771/771
f 3678/3772/772 3680/3774/773 3679/3775/773 3677/3773/772
f 3680/3774/773 3682/3776/774 3681/3777/774 3679/3775/773
f 3682/3776/774 3684/3778/775 3683/3779/775 3681/3777/774
f 3684/3778/775 3686/3780/776 3685/3781/776 3683/3779/775
f 3686/3780/776 3688/3782/777 3687/3783/777 3685/3781/776
f 3688/3782/777 3690/3784/778 3689/3785/778 3687/3783/777
f 3690/3784/778 3692/3786/779 3691/3787/779 3689/3785/778
f 3692/3786/779 3694/3788/780 3693/3789/780 3691/3787/779
f 3694/3788/780 3696/3790/781 3695/3791/781 3693/3789/780
f 3696/3790/781 3698/3792/636 3697/3793/636 3695/3791/781
f 3698/3792/636 3700/3794/782 3699/3795/782 3697/3793/636
f 3700/3794/782 3702/3796/783 3701/3797/783 3699/3795/782
f 3702/3796/783 3704/3798/784 3703/3799/784 3701/3797/783
f 3704/3798/784 3706/3800/785 3705/3801/785 3703/3799/784
f 3706/3800/785 3708/3802/786 3707/3803/786 3705/3801/785
f 3708/3802/786 3710/3804/787 3709/3805/787 3707/3803/786
f 3710/3804/787 3712/3806/788 3711/3807/788 3709/3805/787
f 3712/3806/788 3714/3808/789 3713/3809/789 3711/3807/788
f 3714/3808/789 3716/3810/790 3715/3811/790 3713/3809/789
f 3716/3810/790 3718/3812/791 3717/3813/791 3715/3811/790
f 3718/3812/791 3720/3814/792 3719/3815/792 3717/3813/791
f 3720/3814/792 3722/3816/793 3721/3817/793 3719/3815/792
f 3722/3816/793 3724/3818/794 3723/3819/794 3721/3817/793
f 3724/3818/794 3726/3820/795 3725/3821/795 3723/3819/794
f 3726/3820/795 3728/3822/796 3727/3823/796 3725/3821/795
f 3728/3822/796 3730/2358/797 3729/2361/797 3727/3823/796
f 3730/3824/797 3732/3825/798 3731/3826/798 3729/3827/797
f 3732/3825/798 3734/3828/799 3733/3829/799 3731/3826/798
f 3734/3828/799 3736/3830/800 3735/3831/800 3733/3829/799
f 3736/3830/800 3738/3832/801 3737/3833/801 3735/3831/800
f 3738/3832/801 3740/3834/802 3739/3835/802 3737/3833/801
f 3740/3834/802 3742/3836/803 3741/3837/803 3739/3835/802
f 3742/3836/803 3744/3838/804 3743/3839/804 3741/3837/803
f 3744/3838/804 3746/3840/805 3745/3841/805 3743/3839/804
f 3746/3840/805 3748/3842/806 3747/3843/806 3745/3841/805
f 3748/3842/806 3750/3844/807 3749/3845/807 3747/3843/806
f 3750/3844/807 3752/3846/808 3751/3847/808 3749/3845/807
f 3752/3846/808 3754/3848/809 3753/3849/809 3751/3847/808
f 3754/3848/809 3756/3850/810 3755/3851/810 3753/3849/809
f 3756/3850/810 3758/3852/811 3757/3853/811 3755/3851/810
f 3758/3852/811 3760/3854/812 3759/3855/812 3757/3853/811
f 3760/3854/812 3762/3856/813 3761/3857/813 3759/3855/812
f 3762/3856/813 3764/3858/814 3763/3859/814 3761/3857/813
f 3764/3858/814 3766/3860/815 3765/3861/815 3763/3859/814
f 3766/3860/815 3768/3862/816 3767/3863/816 3765/3861/815
f 3768/3862/816 3770/3864/503 3769/3865/503 3767/3863/816
f 3770/3864/503 3772/3866/504 3771/3867/504 3769/3865/503
f 3772/3866/504 3774/3868/505 3773/3869/505 3771/3867/504
f 3774/3868/505 3776/3870/817 3775/3871/817 3773/3869/505
f 3776/3870/817 3778/3872/818 3777/3873/818 3775/3871/817
f 3778/3872/818 3780/3874/819 3779/3875/819 3777/3873/818
f 3780/3874/819 3782/3876/820 3781/3877/820 3779/3875/819
f 3782/3876/820 3784/3878/821 3783/3879/821 3781/3877/820
f 3784/3878/821 3786/3880/822 3785/3881/822 3783/3879/821
f 3786/3880/822 3788/3882/36 3787/3883/36 3785/3881/822
f 3788/3882/36 3790/3884/823 3789/3885/823 3787/3883/36
f 3790/3884/823 3792/3886/824 3791/3887/824 3789/3885/823
f 3792/3886/824 3794/3888/825 3793/3889/825 3791/3887/824
f 3794/3888/825 3796/3890/826 3795/3891/826 3793/3889/825
f 3796/3890/826 3798/3892/827 3797/3893/827 3795/3891/826
f 3798/3892/827 3800/3894/828 3799/3895/828 3797/3893/827
f 3800/3894/828 3802/3896/829 3801/3897/829 3799/3895/828
f 3802/3896/829 3804/3898/830 3803/3899/830 3801/3897/829
f 3804/3898/830 3806/3900/521 3805/3901/521 3803/3899/830
f 3806/3900/521 3808/3902/831 3807/3903/831 3805/3901/521
f 3808/3902/831 3810/3904/832 3809/3905/832 3807/3903/831
f 3810/3906/832 3812/3907/833 3811/3908/833 3809/3909/832
f 3812/3907/833 3814/3910/834 3813/3911/834 3811/3908/833
f 3814/3910/834 3816/3912/835 3815/3913/835 3813/3911/834
f 3816/3912/835 3530/3623/698 3529/3626/698 3815/3913/835
