# Blender 4.3.1
# www.blender.org
mtllib number2.mtl
o Text
v 0.471387 -2.345102 1.489460
v 0.471387 -2.297963 1.489460
v 0.471387 -2.140359 1.359419
v 0.471387 -1.974851 1.222995
v 0.471387 -1.802796 1.081941
v 0.471387 -1.625551 0.938011
v 0.471387 -1.444471 0.792960
v 0.471387 -1.260912 0.648539
v 0.471387 -1.076231 0.506503
v 0.471387 -0.891783 0.368606
v 0.471387 -0.708926 0.236601
v 0.471387 -0.529015 0.112243
v 0.471387 -0.353406 -0.002716
v 0.471387 -0.183456 -0.106522
v 0.471387 -0.093637 -0.158150
v 0.471387 -0.008682 -0.205289
v 0.471387 0.072440 -0.247938
v 0.471387 0.150755 -0.286098
v 0.471387 0.227293 -0.319768
v 0.471387 0.303082 -0.348949
v 0.471387 0.379153 -0.373641
v 0.471387 0.456533 -0.393843
v 0.471387 0.536251 -0.409556
v 0.471387 0.619336 -0.420779
v 0.471387 0.706817 -0.427513
v 0.471387 0.799722 -0.429758
v 0.471387 0.922779 -0.422872
v 0.471387 1.038938 -0.402728
v 0.471387 1.147475 -0.370098
v 0.471387 1.247664 -0.325754
v 0.471387 1.338781 -0.270466
v 0.471387 1.420100 -0.205008
v 0.471387 1.490898 -0.130149
v 0.471387 1.550449 -0.046663
v 0.471387 1.598028 0.044680
v 0.471387 1.632911 0.143108
v 0.471387 1.654372 0.247849
v 0.471387 1.661686 0.358131
v 0.471387 1.658499 0.440780
v 0.471387 1.648530 0.523803
v 0.471387 1.631173 0.607293
v 0.471387 1.605819 0.691344
v 0.471387 1.571860 0.776051
v 0.471387 1.528688 0.861505
v 0.471387 1.475696 0.947801
v 0.471387 1.412275 1.035033
v 0.471387 1.337818 1.123293
v 0.471387 1.251717 1.212676
v 0.471387 1.153363 1.303274
v 0.471387 1.042150 1.395182
v 0.471387 1.870444 1.395182
v 0.471387 1.941300 1.303119
v 0.471387 2.005749 1.211990
v 0.471387 2.063839 1.121610
v 0.471387 2.115615 1.031790
v 0.471387 2.161125 0.942345
v 0.471387 2.200415 0.853087
v 0.471387 2.233532 0.763830
v 0.471387 2.260523 0.674385
v 0.471387 2.281435 0.584565
v 0.471387 2.296313 0.494185
v 0.471387 2.305206 0.403057
v 0.471387 2.308160 0.310993
v 0.471387 2.296142 0.109433
v 0.471387 2.260835 -0.080365
v 0.471386 2.203361 -0.257302
v 0.471386 2.124843 -0.420280
v 0.471386 2.026404 -0.568201
v 0.471386 1.909165 -0.699964
v 0.471386 1.774249 -0.814471
v 0.471386 1.622779 -0.910623
v 0.471386 1.455876 -0.987321
v 0.471386 1.274663 -1.043465
v 0.471386 1.080263 -1.077958
v 0.471386 0.873797 -1.089700
v 0.471386 0.689039 -1.081157
v 0.471387 0.506852 -1.055031
v 0.471387 0.324758 -1.010574
v 0.471387 0.140280 -0.947037
v 0.471387 -0.049062 -0.863671
v 0.471387 -0.245746 -0.759729
v 0.471387 -0.452251 -0.634462
v 0.471387 -0.671054 -0.487123
v 0.471387 -0.904636 -0.316962
v 0.471387 -1.155473 -0.123232
v 0.471387 -1.426045 0.094815
v 0.471387 -1.718831 0.337929
v 0.471387 -1.718830 -1.419671
v 0.471387 -2.345102 -1.419671
v -0.471387 -2.345102 1.489460
v -0.471387 -2.297963 1.489460
v -0.471387 -2.140359 1.359419
v -0.471387 -1.974851 1.222995
v -0.471387 -1.802796 1.081941
v -0.471387 -1.625551 0.938012
v -0.471387 -1.444471 0.792960
v -0.471387 -1.260912 0.648539
v -0.471387 -1.076231 0.506503
v -0.471387 -0.891783 0.368606
v -0.471387 -0.708926 0.236601
v -0.471387 -0.529015 0.112243
v -0.471387 -0.353406 -0.002716
v -0.471387 -0.183456 -0.106522
v -0.471387 -0.093637 -0.158150
v -0.471387 -0.008682 -0.205289
v -0.471387 0.072440 -0.247938
v -0.471387 0.150755 -0.286098
v -0.471387 0.227293 -0.319768
v -0.471387 0.303082 -0.348949
v -0.471387 0.379153 -0.373641
v -0.471387 0.456533 -0.393843
v -0.471387 0.536251 -0.409556
v -0.471387 0.619336 -0.420779
v -0.471387 0.706817 -0.427513
v -0.471387 0.799722 -0.429758
v -0.471387 0.922779 -0.422872
v -0.471387 1.038938 -0.402728
v -0.471387 1.147475 -0.370098
v -0.471387 1.247664 -0.325754
v -0.471387 1.338781 -0.270466
v -0.471387 1.420100 -0.205008
v -0.471387 1.490898 -0.130149
v -0.471387 1.550449 -0.046663
v -0.471387 1.598028 0.044680
v -0.471387 1.632911 0.143108
v -0.471387 1.654372 0.247849
v -0.471387 1.661686 0.358131
v -0.471387 1.658499 0.440780
v -0.471387 1.648530 0.523803
v -0.471387 1.631173 0.607293
v -0.471387 1.605819 0.691344
v -0.471387 1.571860 0.776051
v -0.471387 1.528688 0.861505
v -0.471387 1.475696 0.947801
v -0.471387 1.412275 1.035033
v -0.471387 1.337818 1.123293
v -0.471387 1.251717 1.212676
v -0.471387 1.153363 1.303274
v -0.471387 1.042150 1.395182
v -0.471387 1.870444 1.395182
v -0.471387 1.941300 1.303119
v -0.471387 2.005749 1.211990
v -0.471387 2.063839 1.121610
v -0.471387 2.115615 1.031791
v -0.471387 2.161125 0.942346
v -0.471387 2.200415 0.853088
v -0.471387 2.233532 0.763830
v -0.471387 2.260523 0.674385
v -0.471387 2.281435 0.584565
v -0.471387 2.296313 0.494185
v -0.471387 2.305206 0.403057
v -0.471387 2.308160 0.310993
v -0.471387 2.296142 0.109433
v -0.471387 2.260835 -0.080365
v -0.471387 2.203361 -0.257302
v -0.471387 2.124843 -0.420280
v -0.471387 2.026404 -0.568201
v -0.471387 1.909165 -0.699964
v -0.471387 1.774249 -0.814471
v -0.471387 1.622779 -0.910623
v -0.471387 1.455876 -0.987321
v -0.471387 1.274663 -1.043465
v -0.471387 1.080263 -1.077958
v -0.471387 0.873797 -1.089700
v -0.471387 0.689039 -1.081157
v -0.471387 0.506852 -1.055031
v -0.471387 0.324758 -1.010574
v -0.471387 0.140280 -0.947037
v -0.471387 -0.049062 -0.863671
v -0.471387 -0.245746 -0.759729
v -0.471387 -0.452251 -0.634462
v -0.471387 -0.671054 -0.487123
v -0.471387 -0.904636 -0.316962
v -0.471387 -1.155473 -0.123232
v -0.471387 -1.426045 0.094815
v -0.471387 -1.718831 0.337929
v -0.471387 -1.718830 -1.419671
v -0.471387 -2.345102 -1.419671
v -0.471387 -2.345102 1.489460
v 0.471387 -2.345102 1.489460
v -0.471387 -2.297963 1.489460
v 0.471387 -2.297963 1.489460
v -0.471387 -2.140359 1.359419
v 0.471387 -2.140359 1.359419
v -0.471387 -1.974851 1.222995
v 0.471387 -1.974851 1.222995
v -0.471387 -1.802796 1.081941
v 0.471387 -1.802796 1.081941
v -0.471387 -1.625551 0.938012
v 0.471387 -1.625551 0.938011
v -0.471387 -1.444471 0.792960
v 0.471387 -1.444471 0.792960
v -0.471387 -1.260912 0.648539
v 0.471387 -1.260912 0.648539
v -0.471387 -1.076231 0.506503
v 0.471387 -1.076231 0.506503
v -0.471387 -0.891783 0.368606
v 0.471387 -0.891783 0.368606
v -0.471387 -0.708926 0.236601
v 0.471387 -0.708926 0.236601
v -0.471387 -0.529015 0.112243
v 0.471387 -0.529015 0.112243
v -0.471387 -0.353406 -0.002716
v 0.471387 -0.353406 -0.002716
v -0.471387 -0.183456 -0.106522
v 0.471387 -0.183456 -0.106522
v -0.471387 -0.093637 -0.158150
v 0.471387 -0.093637 -0.158150
v -0.471387 -0.008682 -0.205289
v 0.471387 -0.008682 -0.205289
v -0.471387 0.072440 -0.247938
v 0.471387 0.072440 -0.247938
v -0.471387 0.150755 -0.286098
v 0.471387 0.150755 -0.286098
v -0.471387 0.227293 -0.319768
v 0.471387 0.227293 -0.319768
v -0.471387 0.303082 -0.348949
v 0.471387 0.303082 -0.348949
v -0.471387 0.379153 -0.373641
v 0.471387 0.379153 -0.373641
v -0.471387 0.456533 -0.393843
v 0.471387 0.456533 -0.393843
v -0.471387 0.536251 -0.409556
v 0.471387 0.536251 -0.409556
v -0.471387 0.619336 -0.420779
v 0.471387 0.619336 -0.420779
v -0.471387 0.706817 -0.427513
v 0.471387 0.706817 -0.427513
v -0.471387 0.799722 -0.429758
v 0.471387 0.799722 -0.429758
v -0.471387 0.922779 -0.422872
v 0.471387 0.922779 -0.422872
v -0.471387 1.038938 -0.402728
v 0.471387 1.038938 -0.402728
v -0.471387 1.147475 -0.370098
v 0.471387 1.147475 -0.370098
v -0.471387 1.247664 -0.325754
v 0.471387 1.247664 -0.325754
v -0.471387 1.338781 -0.270466
v 0.471387 1.338781 -0.270466
v -0.471387 1.420100 -0.205008
v 0.471387 1.420100 -0.205008
v -0.471387 1.490898 -0.130149
v 0.471387 1.490898 -0.130149
v -0.471387 1.550449 -0.046663
v 0.471387 1.550449 -0.046663
v -0.471387 1.598028 0.044680
v 0.471387 1.598028 0.044680
v -0.471387 1.632911 0.143108
v 0.471387 1.632911 0.143108
v -0.471387 1.654372 0.247849
v 0.471387 1.654372 0.247849
v -0.471387 1.661686 0.358131
v 0.471387 1.661686 0.358131
v -0.471387 1.658499 0.440780
v 0.471387 1.658499 0.440780
v -0.471387 1.648530 0.523803
v 0.471387 1.648530 0.523803
v -0.471387 1.631173 0.607293
v 0.471387 1.631173 0.607293
v -0.471387 1.605819 0.691344
v 0.471387 1.605819 0.691344
v -0.471387 1.571860 0.776051
v 0.471387 1.571860 0.776051
v -0.471387 1.528688 0.861505
v 0.471387 1.528688 0.861505
v -0.471387 1.475696 0.947801
v 0.471387 1.475696 0.947801
v -0.471387 1.412275 1.035033
v 0.471387 1.412275 1.035033
v -0.471387 1.337818 1.123293
v 0.471387 1.337818 1.123293
v -0.471387 1.251717 1.212676
v 0.471387 1.251717 1.212676
v -0.471387 1.153363 1.303274
v 0.471387 1.153363 1.303274
v -0.471387 1.042150 1.395182
v 0.471387 1.042150 1.395182
v -0.471387 1.870444 1.395182
v 0.471387 1.870444 1.395182
v -0.471387 1.941300 1.303119
v 0.471387 1.941300 1.303119
v -0.471387 2.005749 1.211990
v 0.471387 2.005749 1.211990
v -0.471387 2.063839 1.121610
v 0.471387 2.063839 1.121610
v -0.471387 2.115615 1.031791
v 0.471387 2.115615 1.031790
v -0.471387 2.161125 0.942346
v 0.471387 2.161125 0.942345
v -0.471387 2.200415 0.853088
v 0.471387 2.200415 0.853087
v -0.471387 2.233532 0.763830
v 0.471387 2.233532 0.763830
v -0.471387 2.260523 0.674385
v 0.471387 2.260523 0.674385
v -0.471387 2.281435 0.584565
v 0.471387 2.281435 0.584565
v -0.471387 2.296313 0.494185
v 0.471387 2.296313 0.494185
v -0.471387 2.305206 0.403057
v 0.471387 2.305206 0.403057
v -0.471387 2.308160 0.310993
v 0.471387 2.308160 0.310993
v -0.471387 2.296142 0.109433
v 0.471387 2.296142 0.109433
v -0.471387 2.260835 -0.080365
v 0.471387 2.260835 -0.080365
v -0.471387 2.203361 -0.257302
v 0.471386 2.203361 -0.257302
v -0.471387 2.124843 -0.420280
v 0.471386 2.124843 -0.420280
v -0.471387 2.026404 -0.568201
v 0.471386 2.026404 -0.568201
v -0.471387 1.909165 -0.699964
v 0.471386 1.909165 -0.699964
v -0.471387 1.774249 -0.814471
v 0.471386 1.774249 -0.814471
v -0.471387 1.622779 -0.910623
v 0.471386 1.622779 -0.910623
v -0.471387 1.455876 -0.987321
v 0.471386 1.455876 -0.987321
v -0.471387 1.274663 -1.043465
v 0.471386 1.274663 -1.043465
v -0.471387 1.080263 -1.077958
v 0.471386 1.080263 -1.077958
v -0.471387 0.873797 -1.089700
v 0.471386 0.873797 -1.089700
v -0.471387 0.689039 -1.081157
v 0.471386 0.689039 -1.081157
v -0.471387 0.506852 -1.055031
v 0.471387 0.506852 -1.055031
v -0.471387 0.324758 -1.010574
v 0.471387 0.324758 -1.010574
v -0.471387 0.140280 -0.947037
v 0.471387 0.140280 -0.947037
v -0.471387 -0.049062 -0.863671
v 0.471387 -0.049062 -0.863671
v -0.471387 -0.245746 -0.759729
v 0.471387 -0.245746 -0.759729
v -0.471387 -0.452251 -0.634462
v 0.471387 -0.452251 -0.634462
v -0.471387 -0.671054 -0.487123
v 0.471387 -0.671054 -0.487123
v -0.471387 -0.904636 -0.316962
v 0.471387 -0.904636 -0.316962
v -0.471387 -1.155473 -0.123232
v 0.471387 -1.155473 -0.123232
v -0.471387 -1.426045 0.094815
v 0.471387 -1.426045 0.094815
v -0.471387 -1.718831 0.337929
v 0.471387 -1.718831 0.337929
v -0.471387 -1.718830 -1.419671
v 0.471387 -1.718830 -1.419671
v -0.471387 -2.345102 -1.419671
v 0.471387 -2.345102 -1.419671
vn 1.0000 -0.0000 -0.0000
vn -1.0000 -0.0000 -0.0000
vn -0.0000 -0.7071 0.7071
vn -0.0000 0.3381 0.9411
vn -0.0000 0.6362 0.7715
vn -0.0000 0.6350 0.7725
vn -0.0000 0.6322 0.7748
vn -0.0000 0.6278 0.7784
vn -0.0000 0.6218 0.7832
vn -0.0000 0.6140 0.7893
vn -0.0000 0.6042 0.7968
vn -0.0000 0.5921 0.8059
vn -0.0000 0.5770 0.8167
vn -0.0000 0.5582 0.8297
vn -0.0000 0.5345 0.8451
vn -0.0000 0.5098 0.8603
vn -0.0000 0.4918 0.8707
vn -0.0000 0.4753 0.8798
vn -0.0000 0.4517 0.8921
vn -0.0000 0.4204 0.9073
vn -0.0000 0.3811 0.9245
vn -0.0000 0.3341 0.9425
vn -0.0000 0.2808 0.9598
vn -0.0000 0.2231 0.9748
vn -0.0000 0.1637 0.9865
vn -0.0000 0.1054 0.9944
vn -0.0000 0.0505 0.9987
vn -0.0000 -0.0159 0.9999
vn -0.0000 -0.1136 0.9935
vn -0.0000 -0.2298 0.9732
vn -0.0000 -0.3470 0.9379
vn -0.0000 -0.4627 0.8865
vn -0.0000 -0.5742 0.8187
vn -0.0000 -0.6783 0.7347
vn -0.0000 -0.7722 0.6354
vn -0.0000 -0.8526 0.5226
vn -0.0000 -0.9170 0.3990
vn -0.0000 -0.9634 0.2680
vn -0.0000 -0.9910 0.1338
vn -0.0000 -0.9999 0.0138
vn -0.0000 -0.9969 -0.0789
vn -0.0000 -0.9869 -0.1615
vn -0.0000 -0.9692 -0.2464
vn -0.0000 -0.9437 -0.3308
vn -0.0000 -0.9112 -0.4119
vn -0.0000 -0.8731 -0.4875
vn -0.0000 -0.8311 -0.5561
vn -0.0000 -0.7871 -0.6168
vn -0.0000 -0.7427 -0.6696
vn -0.0000 -0.6992 -0.7150
vn -0.0000 -0.6575 -0.7534
vn -0.0000 -0.9410 0.3385
vn -0.0000 0.4416 0.8972
vn -0.0000 0.8046 0.5938
vn -0.0000 0.8290 0.5592
vn -0.0000 0.8540 0.5202
vn -0.0000 0.8791 0.4766
vn -0.0000 0.9036 0.4283
vn -0.0000 0.9268 0.3755
vn -0.0000 0.9479 0.3185
vn -0.0000 0.9662 0.2580
vn -0.0000 0.9809 0.1947
vn -0.0000 0.9915 0.1299
vn -0.0000 0.9979 0.0646
vn -0.0000 0.9999 -0.0137
vn -0.0000 0.9926 -0.1214
vn -0.0000 0.9692 -0.2464
vn -0.0000 0.9281 -0.3723
vn -0.0000 0.8688 -0.4952
vn -0.0000 0.7917 -0.6109
vn -0.0000 0.6988 -0.7153
vn -0.0000 0.5929 -0.8053
vn -0.0000 0.4778 -0.8785
vn -0.0000 0.3575 -0.9339
vn -0.0000 0.2358 -0.9718
vn -0.0000 0.1159 -0.9933
vn -0.0000 0.0053 -1.0000
vn -0.0000 -0.0942 -0.9956
vn -0.0000 -0.1898 -0.9818
vn -0.0000 -0.2817 -0.9595
vn -0.0000 -0.3646 -0.9312
vn -0.0000 -0.4354 -0.9002
vn -0.0000 -0.4932 -0.8699
vn -0.0000 -0.5387 -0.8425
vn -0.0000 -0.5738 -0.8190
vn -0.0000 -0.6001 -0.7999
vn -0.0000 -0.6194 -0.7851
vn -0.0000 -0.6332 -0.7740
vn -0.0000 0.4250 -0.9052
vn -0.0000 0.7071 -0.7071
vn -0.0000 -0.7071 -0.7071
vt 0.147555 0.631604
vt 0.187435 0.630373
vt 0.160059 0.632005
vt 0.135178 0.630396
vt 0.122903 0.628375
vt 0.213213 0.625577
vt 0.110703 0.625535
vt 0.237245 0.617771
vt 0.098555 0.621869
vt 0.086432 0.617371
vt 0.259380 0.607107
vt 0.074309 0.612034
vt 0.062161 0.605853
vt 0.279471 0.593737
vt 0.049961 0.598821
vt 0.037686 0.590931
vt 0.297367 0.577813
vt 0.025309 0.582178
vt 0.012805 0.572554
vt 0.312919 0.559489
vt 0.012805 0.460056
vt 0.025288 0.475161
vt 0.037593 0.488519
vt 0.049733 0.500213
vt 0.061720 0.510326
vt 0.073568 0.518940
vt 0.085289 0.526137
vt 0.096895 0.532001
vt 0.108400 0.536613
vt 0.119816 0.540057
vt 0.131155 0.542414
vt 0.142431 0.543768
vt 0.153657 0.544201
vt 0.325979 0.538916
vt 0.168635 0.543207
vt 0.182861 0.540293
vt 0.196230 0.535555
vt 0.336396 0.516248
vt 0.208636 0.529093
vt 0.219975 0.521004
vt 0.230142 0.511389
vt 0.344021 0.491636
vt 0.239033 0.500344
vt 0.246542 0.487969
vt 0.348706 0.465232
vt 0.252565 0.474361
vt 0.256996 0.459619
vt 0.350301 0.437190
vt 0.259732 0.443843
vt 0.260668 0.427129
vt 0.349140 0.412096
vt 0.260363 0.414511
vt 0.259448 0.402629
vt 0.345592 0.387352
vt 0.257924 0.391345
vt 0.255790 0.380517
vt 0.339554 0.362620
vt 0.253046 0.370008
vt 0.249692 0.359676
vt 0.330924 0.337564
vt 0.245729 0.349382
vt 0.241156 0.338987
vt 0.235973 0.328350
vt 0.319602 0.311847
vt 0.230180 0.317332
vt 0.223778 0.305793
vt 0.305484 0.285134
vt 0.216766 0.293594
vt 0.202667 0.270512
vt 0.288471 0.257087
vt 0.187053 0.246660
vt 0.268459 0.227369
vt 0.170163 0.222225
vt 0.245348 0.195644
vt 0.152234 0.197389
vt 0.133505 0.172338
vt 0.219035 0.161575
vt 0.114214 0.147254
vt 0.189420 0.124826
vt 0.094598 0.122323
vt 0.156401 0.085060
vt 0.074898 0.097729
vt 0.055349 0.073656
vt 0.395117 0.085060
vt 0.395117 0.000000
vt 0.036191 0.050287
vt 0.017662 0.027808
vt 0.000000 0.006402
vt 0.000000 0.000000
vt 0.642680 0.631604
vt 0.630176 0.632005
vt 0.602800 0.630373
vt 0.655057 0.630396
vt 0.667332 0.628375
vt 0.577021 0.625577
vt 0.679531 0.625535
vt 0.552990 0.617771
vt 0.691680 0.621869
vt 0.703803 0.617371
vt 0.530854 0.607107
vt 0.715926 0.612034
vt 0.728074 0.605853
vt 0.510764 0.593737
vt 0.740273 0.598821
vt 0.752549 0.590931
vt 0.492868 0.577813
vt 0.764926 0.582178
vt 0.777430 0.572554
vt 0.477315 0.559489
vt 0.777430 0.460056
vt 0.764947 0.475161
vt 0.752642 0.488519
vt 0.740502 0.500213
vt 0.728514 0.510326
vt 0.716667 0.518940
vt 0.704946 0.526137
vt 0.693340 0.532001
vt 0.681835 0.536613
vt 0.670419 0.540057
vt 0.659079 0.542414
vt 0.647803 0.543768
vt 0.636578 0.544201
vt 0.464256 0.538916
vt 0.621599 0.543207
vt 0.607373 0.540293
vt 0.594005 0.535555
vt 0.453839 0.516248
vt 0.581599 0.529093
vt 0.570260 0.521004
vt 0.560093 0.511389
vt 0.446213 0.491636
vt 0.551202 0.500344
vt 0.543693 0.487969
vt 0.441529 0.465232
vt 0.537670 0.474361
vt 0.533238 0.459619
vt 0.439934 0.437190
vt 0.530502 0.443843
vt 0.529567 0.427129
vt 0.441094 0.412096
vt 0.529872 0.414511
vt 0.530786 0.402629
vt 0.444643 0.387352
vt 0.532311 0.391345
vt 0.534445 0.380517
vt 0.450681 0.362620
vt 0.537189 0.370008
vt 0.540542 0.359676
vt 0.459310 0.337564
vt 0.544506 0.349382
vt 0.549079 0.338987
vt 0.554262 0.328350
vt 0.470633 0.311847
vt 0.560054 0.317332
vt 0.566457 0.305793
vt 0.484750 0.285134
vt 0.573469 0.293594
vt 0.587568 0.270512
vt 0.501764 0.257087
vt 0.603181 0.246660
vt 0.521776 0.227369
vt 0.620072 0.222225
vt 0.544887 0.195644
vt 0.638001 0.197389
vt 0.656730 0.172338
vt 0.571199 0.161575
vt 0.676021 0.147254
vt 0.600814 0.124826
vt 0.695636 0.122323
vt 0.633834 0.085060
vt 0.715337 0.097729
vt 0.734886 0.073656
vt 0.395117 0.085060
vt 0.395117 0.000000
vt 0.754043 0.050287
vt 0.772573 0.027808
vt 0.790235 0.006402
vt 0.790235 0.000000
vt 0.388723 0.632005
vt 0.395117 0.632005
vt 0.395117 0.760052
vt 0.388723 0.760052
vt 0.523165 0.772270
vt 0.523165 0.750655
vt 0.651212 0.750655
vt 0.651212 0.772270
vt 0.523165 0.727974
vt 0.651212 0.727974
vt 0.523165 0.704499
vt 0.651212 0.704499
vt 0.523165 0.680498
vt 0.651212 0.680498
vt 0.523165 0.656244
vt 0.651212 0.656244
vt 0.523165 0.632005
vt 0.651212 0.632005
vt -0.000000 1.000000
vt 0.000000 0.975912
vt 0.128047 0.975912
vt 0.128047 1.000000
vt 0.000000 0.951829
vt 0.128047 0.951829
vt 0.000000 0.927920
vt 0.128047 0.927920
vt 0.000000 0.904360
vt 0.128047 0.904360
vt 0.000000 0.881319
vt 0.128047 0.881319
vt 0.000000 0.858970
vt 0.128047 0.858970
vt 0.000000 0.847137
vt 0.128047 0.847137
vt 0.000000 0.835933
vt 0.128047 0.835933
vt 0.000000 0.825218
vt 0.128047 0.825218
vt 0.000000 0.814854
vt 0.128047 0.814854
vt 0.000000 0.804700
vt 0.128047 0.804700
vt 0.000000 0.794618
vt 0.128047 0.794618
vt 0.000000 0.784466
vt 0.128047 0.784466
vt 0.000000 0.774107
vt 0.128047 0.774107
vt 0.000000 0.763400
vt 0.128047 0.763400
vt 0.000000 0.752206
vt 0.128047 0.752206
vt 0.000000 0.740385
vt 0.128047 0.740385
vt 0.000000 0.727797
vt 0.128047 0.727797
vt 0.000000 0.711058
vt 0.128047 0.711058
vt 0.000000 0.695164
vt 0.128047 0.695164
vt 0.000000 0.680219
vt 0.128047 0.680219
vt 0.000000 0.666328
vt 0.128047 0.666328
vt 0.000000 0.653592
vt 0.128047 0.653592
vt 0.000000 0.642117
vt 0.128047 0.642117
vt 0.000000 0.632005
vt 0.128047 0.632005
vt 0.395117 0.843455
vt 0.395117 0.832814
vt 0.523165 0.832814
vt 0.523165 0.843455
vt 0.395117 0.820976
vt 0.523165 0.820976
vt 0.395117 0.808038
vt 0.523165 0.808038
vt 0.395117 0.794098
vt 0.523165 0.794098
vt 0.395117 0.779250
vt 0.523165 0.779250
vt 0.395117 0.768027
vt 0.523165 0.768027
vt 0.395117 0.756678
vt 0.523165 0.756678
vt 0.395117 0.745184
vt 0.523165 0.745184
vt 0.395117 0.733525
vt 0.523165 0.733525
vt 0.395117 0.721682
vt 0.523165 0.721682
vt 0.395117 0.709636
vt 0.523165 0.709636
vt 0.395117 0.697368
vt 0.523165 0.697368
vt 0.395117 0.684857
vt 0.523165 0.684857
vt 0.395117 0.672085
vt 0.523165 0.672085
vt 0.395117 0.659032
vt 0.523165 0.659032
vt 0.395117 0.645678
vt 0.523165 0.645678
vt 0.395117 0.632005
vt 0.651212 0.632005
vt 0.763570 0.632005
vt 0.763570 0.760052
vt 0.651212 0.760052
vt 0.128047 0.897466
vt 0.128047 0.883278
vt 0.256095 0.883278
vt 0.256095 0.897466
vt 0.128047 0.869391
vt 0.256095 0.869391
vt 0.128047 0.855777
vt 0.256095 0.855777
vt 0.128047 0.842410
vt 0.256095 0.842410
vt 0.128047 0.829265
vt 0.256095 0.829265
vt 0.128047 0.816315
vt 0.256095 0.816315
vt 0.128047 0.803534
vt 0.256095 0.803534
vt 0.128047 0.790896
vt 0.256095 0.790896
vt 0.128047 0.778375
vt 0.256095 0.778375
vt 0.128047 0.765944
vt 0.256095 0.765944
vt 0.128047 0.753578
vt 0.256095 0.753578
vt 0.128047 0.741250
vt 0.256095 0.741250
vt 0.128047 0.714765
vt 0.256095 0.714765
vt 0.128047 0.690483
vt 0.256095 0.690483
vt 0.128047 0.668518
vt 0.256095 0.668518
vt 0.128047 0.648987
vt 0.256095 0.648987
vt 0.128047 0.632005
vt 0.256095 0.632005
vt 0.790235 0.452956
vt 0.790235 0.434814
vt 0.918282 0.434814
vt 0.918282 0.452956
vt 0.790235 0.414600
vt 0.918282 0.414600
vt 0.790235 0.392486
vt 0.918282 0.392486
vt 0.790235 0.368642
vt 0.918282 0.368642
vt 0.790235 0.343240
vt 0.918282 0.343240
vt 0.790235 0.316449
vt 0.918282 0.316449
vt 0.790235 0.288441
vt 0.918282 0.288441
vt 0.790235 0.263719
vt 0.918282 0.263719
vt 0.790235 0.239658
vt 0.918282 0.239658
vt 0.790235 0.215937
vt 0.918282 0.215937
vt 0.790235 0.192237
vt 0.918282 0.192237
vt 0.790235 0.168237
vt 0.918282 0.168237
vt 0.790235 0.143616
vt 0.918282 0.143617
vt 0.790235 0.118056
vt 0.918282 0.118056
vt 0.790235 0.091234
vt 0.918282 0.091234
vt 0.790235 0.062831
vt 0.918282 0.062831
vt 0.790235 0.032526
vt 0.918282 0.032526
vt 0.790235 -0.000000
vt 0.918282 0.000000
vt 0.735530 0.760052
vt 0.771683 0.760052
vt 0.771683 0.888099
vt 0.735530 0.888099
vt 0.256095 0.865820
vt 0.256095 0.632005
vt 0.384142 0.632005
vt 0.384142 0.865820
vt 0.651212 0.760052
vt 0.651212 0.888099
vt 0.790235 0.846757
vt 0.790235 0.452956
vt 0.918282 0.452956
vt 0.918282 0.846757
s 0
f 62/1/1 64/2/1 63/3/1
f 61/4/1 64/2/1 62/1/1
f 60/5/1 64/2/1 61/4/1
f 60/5/1 65/6/1 64/2/1
f 59/7/1 65/6/1 60/5/1
f 59/7/1 66/8/1 65/6/1
f 58/9/1 66/8/1 59/7/1
f 57/10/1 66/8/1 58/9/1
f 57/10/1 67/11/1 66/8/1
f 56/12/1 67/11/1 57/10/1
f 55/13/1 67/11/1 56/12/1
f 55/13/1 68/14/1 67/11/1
f 54/15/1 68/14/1 55/13/1
f 53/16/1 68/14/1 54/15/1
f 53/16/1 69/17/1 68/14/1
f 52/18/1 69/17/1 53/16/1
f 51/19/1 69/17/1 52/18/1
f 51/19/1 70/20/1 69/17/1
f 50/21/1 49/22/1 51/19/1
f 49/22/1 48/23/1 51/19/1
f 48/23/1 47/24/1 51/19/1
f 47/24/1 46/25/1 51/19/1
f 46/25/1 45/26/1 51/19/1
f 45/26/1 44/27/1 51/19/1
f 44/27/1 43/28/1 51/19/1
f 43/28/1 42/29/1 51/19/1
f 42/29/1 41/30/1 51/19/1
f 41/30/1 40/31/1 51/19/1
f 40/31/1 39/32/1 51/19/1
f 39/32/1 70/20/1 51/19/1
f 39/32/1 38/33/1 70/20/1
f 38/33/1 71/34/1 70/20/1
f 37/35/1 71/34/1 38/33/1
f 36/36/1 71/34/1 37/35/1
f 35/37/1 71/34/1 36/36/1
f 35/37/1 72/38/1 71/34/1
f 34/39/1 72/38/1 35/37/1
f 33/40/1 72/38/1 34/39/1
f 32/41/1 72/38/1 33/40/1
f 32/41/1 73/42/1 72/38/1
f 31/43/1 73/42/1 32/41/1
f 30/44/1 73/42/1 31/43/1
f 30/44/1 74/45/1 73/42/1
f 29/46/1 74/45/1 30/44/1
f 28/47/1 74/45/1 29/46/1
f 28/47/1 75/48/1 74/45/1
f 27/49/1 75/48/1 28/47/1
f 26/50/1 75/48/1 27/49/1
f 26/50/1 76/51/1 75/48/1
f 25/52/1 76/51/1 26/50/1
f 24/53/1 76/51/1 25/52/1
f 24/53/1 77/54/1 76/51/1
f 23/55/1 77/54/1 24/53/1
f 22/56/1 77/54/1 23/55/1
f 22/56/1 78/57/1 77/54/1
f 21/58/1 78/57/1 22/56/1
f 20/59/1 78/57/1 21/58/1
f 20/59/1 79/60/1 78/57/1
f 19/61/1 79/60/1 20/59/1
f 18/62/1 79/60/1 19/61/1
f 17/63/1 79/60/1 18/62/1
f 17/63/1 80/64/1 79/60/1
f 16/65/1 80/64/1 17/63/1
f 15/66/1 80/64/1 16/65/1
f 15/66/1 81/67/1 80/64/1
f 14/68/1 81/67/1 15/66/1
f 13/69/1 81/67/1 14/68/1
f 13/69/1 82/70/1 81/67/1
f 12/71/1 82/70/1 13/69/1
f 12/71/1 83/72/1 82/70/1
f 11/73/1 83/72/1 12/71/1
f 11/73/1 84/74/1 83/72/1
f 10/75/1 84/74/1 11/73/1
f 9/76/1 84/74/1 10/75/1
f 9/76/1 85/77/1 84/74/1
f 8/78/1 85/77/1 9/76/1
f 8/78/1 86/79/1 85/77/1
f 7/80/1 86/79/1 8/78/1
f 7/80/1 87/81/1 86/79/1
f 6/82/1 87/81/1 7/80/1
f 5/83/1 87/81/1 6/82/1
f 5/83/1 88/84/1 87/81/1
f 5/83/1 89/85/1 88/84/1
f 4/86/1 89/85/1 5/83/1
f 3/87/1 89/85/1 4/86/1
f 2/88/1 89/85/1 3/87/1
f 1/89/1 89/85/1 2/88/1
f 151/90/2 152/91/2 153/92/2
f 150/93/2 151/90/2 153/92/2
f 149/94/2 150/93/2 153/92/2
f 149/94/2 153/92/2 154/95/2
f 148/96/2 149/94/2 154/95/2
f 148/96/2 154/95/2 155/97/2
f 147/98/2 148/96/2 155/97/2
f 146/99/2 147/98/2 155/97/2
f 146/99/2 155/97/2 156/100/2
f 145/101/2 146/99/2 156/100/2
f 144/102/2 145/101/2 156/100/2
f 144/102/2 156/100/2 157/103/2
f 143/104/2 144/102/2 157/103/2
f 142/105/2 143/104/2 157/103/2
f 142/105/2 157/103/2 158/106/2
f 141/107/2 142/105/2 158/106/2
f 140/108/2 141/107/2 158/106/2
f 140/108/2 158/106/2 159/109/2
f 139/110/2 140/108/2 138/111/2
f 138/111/2 140/108/2 137/112/2
f 137/112/2 140/108/2 136/113/2
f 136/113/2 140/108/2 135/114/2
f 135/114/2 140/108/2 134/115/2
f 134/115/2 140/108/2 133/116/2
f 133/116/2 140/108/2 132/117/2
f 132/117/2 140/108/2 131/118/2
f 131/118/2 140/108/2 130/119/2
f 130/119/2 140/108/2 129/120/2
f 129/120/2 140/108/2 128/121/2
f 128/121/2 140/108/2 159/109/2
f 128/121/2 159/109/2 127/122/2
f 127/122/2 159/109/2 160/123/2
f 126/124/2 127/122/2 160/123/2
f 125/125/2 126/124/2 160/123/2
f 124/126/2 125/125/2 160/123/2
f 124/126/2 160/123/2 161/127/2
f 123/128/2 124/126/2 161/127/2
f 122/129/2 123/128/2 161/127/2
f 121/130/2 122/129/2 161/127/2
f 121/130/2 161/127/2 162/131/2
f 120/132/2 121/130/2 162/131/2
f 119/133/2 120/132/2 162/131/2
f 119/133/2 162/131/2 163/134/2
f 118/135/2 119/133/2 163/134/2
f 117/136/2 118/135/2 163/134/2
f 117/136/2 163/134/2 164/137/2
f 116/138/2 117/136/2 164/137/2
f 115/139/2 116/138/2 164/137/2
f 115/139/2 164/137/2 165/140/2
f 114/141/2 115/139/2 165/140/2
f 113/142/2 114/141/2 165/140/2
f 113/142/2 165/140/2 166/143/2
f 112/144/2 113/142/2 166/143/2
f 111/145/2 112/144/2 166/143/2
f 111/145/2 166/143/2 167/146/2
f 110/147/2 111/145/2 167/146/2
f 109/148/2 110/147/2 167/146/2
f 109/148/2 167/146/2 168/149/2
f 108/150/2 109/148/2 168/149/2
f 107/151/2 108/150/2 168/149/2
f 106/152/2 107/151/2 168/149/2
f 106/152/2 168/149/2 169/153/2
f 105/154/2 106/152/2 169/153/2
f 104/155/2 105/154/2 169/153/2
f 104/155/2 169/153/2 170/156/2
f 103/157/2 104/155/2 170/156/2
f 102/158/2 103/157/2 170/156/2
f 102/158/2 170/156/2 171/159/2
f 101/160/2 102/158/2 171/159/2
f 101/160/2 171/159/2 172/161/2
f 100/162/2 101/160/2 172/161/2
f 100/162/2 172/161/2 173/163/2
f 99/164/2 100/162/2 173/163/2
f 98/165/2 99/164/2 173/163/2
f 98/165/2 173/163/2 174/166/2
f 97/167/2 98/165/2 174/166/2
f 97/167/2 174/166/2 175/168/2
f 96/169/2 97/167/2 175/168/2
f 96/169/2 175/168/2 176/170/2
f 95/171/2 96/169/2 176/170/2
f 94/172/2 95/171/2 176/170/2
f 94/172/2 176/170/2 177/173/2
f 94/172/2 177/173/2 178/174/2
f 93/175/2 94/172/2 178/174/2
f 92/176/2 93/175/2 178/174/2
f 91/177/2 92/176/2 178/174/2
f 90/178/2 91/177/2 178/174/2
s 1
f 180/179/3 182/180/4 181/181/4 179/182/3
f 182/183/4 184/184/5 183/185/5 181/186/4
f 184/184/5 186/187/6 185/188/6 183/185/5
f 186/187/6 188/189/7 187/190/7 185/188/6
f 188/189/7 190/191/8 189/192/8 187/190/7
f 190/191/8 192/193/9 191/194/9 189/192/8
f 192/193/9 194/195/10 193/196/10 191/194/9
f 194/197/10 196/198/11 195/199/11 193/200/10
f 196/198/11 198/201/12 197/202/12 195/199/11
f 198/201/12 200/203/13 199/204/13 197/202/12
f 200/203/13 202/205/14 201/206/14 199/204/13
f 202/205/14 204/207/15 203/208/15 201/206/14
f 204/207/15 206/209/16 205/210/16 203/208/15
f 206/209/16 208/211/17 207/212/17 205/210/16
f 208/211/17 210/213/18 209/214/18 207/212/17
f 210/213/18 212/215/19 211/216/19 209/214/18
f 212/215/19 214/217/20 213/218/20 211/216/19
f 214/217/20 216/219/21 215/220/21 213/218/20
f 216/219/21 218/221/22 217/222/22 215/220/21
f 218/221/22 220/223/23 219/224/23 217/222/22
f 220/223/23 222/225/24 221/226/24 219/224/23
f 222/225/24 224/227/25 223/228/25 221/226/24
f 224/227/25 226/229/26 225/230/26 223/228/25
f 226/229/26 228/231/27 227/232/27 225/230/26
f 228/231/27 230/233/28 229/234/28 227/232/27
f 230/233/28 232/235/29 231/236/29 229/234/28
f 232/235/29 234/237/30 233/238/30 231/236/29
f 234/237/30 236/239/31 235/240/31 233/238/30
f 236/239/31 238/241/32 237/242/32 235/240/31
f 238/241/32 240/243/33 239/244/33 237/242/32
f 240/243/33 242/245/34 241/246/34 239/244/33
f 242/245/34 244/247/35 243/248/35 241/246/34
f 244/249/35 246/250/36 245/251/36 243/252/35
f 246/250/36 248/253/37 247/254/37 245/251/36
f 248/253/37 250/255/38 249/256/38 247/254/37
f 250/255/38 252/257/39 251/258/39 249/256/38
f 252/257/39 254/259/40 253/260/40 251/258/39
f 254/259/40 256/261/41 255/262/41 253/260/40
f 256/261/41 258/263/42 257/264/42 255/262/41
f 258/263/42 260/265/43 259/266/43 257/264/42
f 260/265/43 262/267/44 261/268/44 259/266/43
f 262/267/44 264/269/45 263/270/45 261/268/44
f 264/269/45 266/271/46 265/272/46 263/270/45
f 266/271/46 268/273/47 267/274/47 265/272/46
f 268/273/47 270/275/48 269/276/48 267/274/47
f 270/275/48 272/277/49 271/278/49 269/276/48
f 272/277/49 274/279/50 273/280/50 271/278/49
f 274/279/50 276/281/51 275/282/51 273/280/50
f 276/281/51 278/283/52 277/195/52 275/282/51
f 278/284/52 280/285/53 279/286/53 277/287/52
f 280/288/53 282/289/54 281/290/54 279/291/53
f 282/289/54 284/292/55 283/293/55 281/290/54
f 284/292/55 286/294/56 285/295/56 283/293/55
f 286/294/56 288/296/57 287/297/57 285/295/56
f 288/296/57 290/298/58 289/299/58 287/297/57
f 290/298/58 292/300/59 291/301/59 289/299/58
f 292/300/59 294/302/60 293/303/60 291/301/59
f 294/302/60 296/304/61 295/305/61 293/303/60
f 296/304/61 298/306/62 297/307/62 295/305/61
f 298/306/62 300/308/63 299/309/63 297/307/62
f 300/308/63 302/310/64 301/311/64 299/309/63
f 302/310/64 304/312/65 303/313/65 301/311/64
f 304/312/65 306/314/66 305/315/66 303/313/65
f 306/314/66 308/316/67 307/317/67 305/315/66
f 308/316/67 310/318/68 309/319/68 307/317/67
f 310/318/68 312/320/69 311/321/69 309/319/68
f 312/320/69 314/322/70 313/323/70 311/321/69
f 314/324/70 316/325/71 315/326/71 313/327/70
f 316/325/71 318/328/72 317/329/72 315/326/71
f 318/328/72 320/330/73 319/331/73 317/329/72
f 320/330/73 322/332/74 321/333/74 319/331/73
f 322/332/74 324/334/75 323/335/75 321/333/74
f 324/334/75 326/336/76 325/337/76 323/335/75
f 326/336/76 328/338/77 327/339/77 325/337/76
f 328/338/77 330/340/78 329/341/78 327/339/77
f 330/340/78 332/342/79 331/343/79 329/341/78
f 332/342/79 334/344/80 333/345/80 331/343/79
f 334/344/80 336/346/81 335/347/81 333/345/80
f 336/346/81 338/348/82 337/349/82 335/347/81
f 338/348/82 340/350/83 339/351/83 337/349/82
f 340/350/83 342/352/84 341/353/84 339/351/83
f 342/352/84 344/354/85 343/355/85 341/353/84
f 344/354/85 346/356/86 345/357/86 343/355/85
f 346/356/86 348/358/87 347/359/87 345/357/86
f 348/358/87 350/360/88 349/361/88 347/359/87
f 350/362/88 352/363/89 351/364/89 349/365/88
f 352/366/89 354/367/90 353/368/90 351/369/89
f 354/370/90 356/362/91 355/365/91 353/371/90
f 356/372/91 180/373/3 179/374/3 355/375/91
o Text.001
v 0.471387 -2.345102 0.358131
v 0.471387 2.247553 0.358131
v 0.471386 2.247553 -0.301810
v 0.471387 -2.345102 -0.301811
v -0.471387 -2.345102 0.358131
v -0.471387 2.247553 0.358131
v -0.471387 2.247553 -0.301810
v -0.471387 -2.345102 -0.301811
v -0.471387 -2.345102 0.358131
v 0.471387 -2.345102 0.358131
v -0.471387 2.247553 0.358131
v 0.471387 2.247553 0.358131
v -0.471387 2.247553 -0.301810
v 0.471386 2.247553 -0.301810
v -0.471387 -2.345102 -0.301811
v 0.471387 -2.345102 -0.301811
vn 1.0000 -0.0000 -0.0000
vn -1.0000 -0.0000 -0.0000
vn -0.0000 -0.7071 0.7071
vn -0.0000 0.7071 0.7071
vn -0.0000 0.7071 -0.7071
vn -0.0000 -0.7071 -0.7071
vt 0.000000 0.000000
vt 0.666667 0.000000
vt 0.333333 0.000000
vt 1.000000 0.000000
vt 0.000000 1.000000
vt 0.250000 1.000000
vt 0.250000 0.000000
vt 0.500000 1.000000
vt 0.500000 0.000000
vt 0.750000 1.000000
vt 0.750000 0.000000
vt 1.000000 1.000000
s 0
f 357/376/92 359/377/92 358/378/92
f 357/376/92 360/379/92 359/377/92
f 361/376/93 362/378/93 363/377/93
f 361/376/93 363/377/93 364/379/93
s 1
f 366/380/94 368/381/95 367/382/95 365/376/94
f 368/381/95 370/383/96 369/384/96 367/382/95
f 370/383/96 372/385/97 371/386/97 369/384/96
f 372/385/97 366/387/94 365/379/94 371/386/97
o Text.002
v 0.471387 2.145006 1.104159
v 0.471387 2.174101 1.035594
v 0.471387 2.200203 0.966936
v 0.471387 2.223360 0.897857
v 0.471387 2.243617 0.828029
v 0.471387 2.261021 0.757127
v 0.471387 2.275620 0.684821
v 0.471387 2.287459 0.610785
v 0.471387 2.296586 0.534691
v 0.471387 2.303047 0.456212
v 0.471387 2.306890 0.375021
v 0.471387 2.308160 0.290790
v 0.471387 2.298464 0.091573
v 0.471387 2.269876 -0.094737
v 0.471386 2.223142 -0.267298
v 0.471386 2.159012 -0.425269
v 0.471386 2.078234 -0.567807
v 0.471386 1.981556 -0.694072
v 0.471386 1.869727 -0.803220
v 0.471386 1.743494 -0.894411
v 0.471386 1.603605 -0.966803
v 0.471386 1.450810 -1.019553
v 0.471386 1.285856 -1.051821
v 0.471386 1.109491 -1.062763
v 0.471386 0.986079 -1.059210
v 0.471386 0.871366 -1.048360
v 0.471386 0.764789 -1.029935
v 0.471387 0.665789 -1.003653
v 0.471387 0.573803 -0.969234
v 0.471387 0.488270 -0.926398
v 0.471387 0.408630 -0.874863
v 0.471387 0.334321 -0.814350
v 0.471387 0.264782 -0.744577
v 0.471387 0.199452 -0.665265
v 0.471387 0.137770 -0.576131
v 0.471387 0.079174 -0.476897
v 0.471387 0.037004 -0.586077
v 0.471387 -0.018003 -0.684781
v 0.471387 -0.084654 -0.773197
v 0.471387 -0.161757 -0.851512
v 0.471387 -0.248120 -0.919913
v 0.471387 -0.342549 -0.978587
v 0.471387 -0.443853 -1.027721
v 0.471387 -0.550839 -1.067502
v 0.471387 -0.662314 -1.098118
v 0.471387 -0.777086 -1.119754
v 0.471387 -0.893962 -1.132599
v 0.471387 -1.011750 -1.136839
v 0.471387 -1.211762 -1.124555
v 0.471387 -1.400270 -1.088515
v 0.471387 -1.576152 -1.029935
v 0.471387 -1.738284 -0.950030
v 0.471387 -1.885546 -0.850016
v 0.471387 -2.016814 -0.731109
v 0.471387 -2.130967 -0.594526
v 0.471387 -2.226881 -0.441481
v 0.471387 -2.303434 -0.273191
v 0.471387 -2.359505 -0.090871
v 0.471387 -2.393971 0.104262
v 0.471387 -2.405709 0.310992
v 0.471387 -2.403756 0.390391
v 0.471387 -2.397946 0.470303
v 0.471387 -2.388347 0.550684
v 0.471387 -2.375031 0.631485
v 0.471387 -2.358067 0.712661
v 0.471387 -2.337526 0.794164
v 0.471387 -2.313477 0.875947
v 0.471387 -2.285991 0.957964
v 0.471387 -2.255138 1.040169
v 0.471387 -2.220989 1.122513
v 0.471387 -2.183612 1.204952
v 0.471387 -2.143079 1.287436
v 0.471387 -1.429264 1.287437
v 0.471387 -1.485666 1.200166
v 0.471387 -1.537041 1.113410
v 0.471387 -1.583412 1.027122
v 0.471387 -1.624803 0.941254
v 0.471387 -1.661236 0.855761
v 0.471387 -1.692736 0.770595
v 0.471387 -1.719326 0.685709
v 0.471387 -1.741028 0.601057
v 0.471387 -1.757867 0.516593
v 0.471387 -1.769866 0.432269
v 0.471387 -1.777049 0.348038
v 0.471387 -1.779437 0.263854
v 0.471387 -1.773483 0.154498
v 0.471387 -1.755930 0.052322
v 0.471387 -1.727248 -0.042233
v 0.471387 -1.687903 -0.128720
v 0.471387 -1.638364 -0.206695
v 0.471387 -1.579098 -0.275716
v 0.471387 -1.510572 -0.335337
v 0.471387 -1.433255 -0.385114
v 0.471387 -1.347613 -0.424603
v 0.471387 -1.254115 -0.453359
v 0.471387 -1.153229 -0.470939
v 0.471387 -1.045421 -0.476897
v 0.471387 -0.934893 -0.470026
v 0.471387 -0.829555 -0.449430
v 0.471387 -0.730391 -0.415133
v 0.471387 -0.638382 -0.367156
v 0.471387 -0.554510 -0.305524
v 0.471387 -0.479756 -0.230261
v 0.471387 -0.415105 -0.141389
v 0.471387 -0.361536 -0.038931
v 0.471387 -0.320032 0.077088
v 0.471387 -0.291576 0.206645
v 0.471387 -0.277149 0.349717
v 0.471387 -0.277734 0.506281
v 0.471387 0.328335 0.506281
v 0.471387 0.333480 0.361077
v 0.471387 0.348725 0.228500
v 0.471387 0.373791 0.108549
v 0.471387 0.408396 0.001224
v 0.471387 0.452262 -0.093474
v 0.471387 0.505106 -0.175546
v 0.471387 0.566648 -0.244992
v 0.471387 0.636608 -0.301811
v 0.471387 0.714704 -0.346003
v 0.471387 0.800658 -0.377569
v 0.471387 0.894187 -0.396509
v 0.471387 0.995011 -0.402822
v 0.471387 1.097647 -0.396447
v 0.471387 1.193199 -0.377632
v 0.471387 1.281315 -0.346845
v 0.471387 1.361645 -0.304554
v 0.471387 1.433838 -0.251227
v 0.471387 1.497543 -0.187331
v 0.471387 1.552410 -0.113334
v 0.471387 1.598087 -0.029703
v 0.471387 1.634225 0.063094
v 0.471387 1.660471 0.164588
v 0.471387 1.676476 0.274314
v 0.471387 1.681889 0.391802
v 0.471387 1.680747 0.453469
v 0.471387 1.677244 0.514200
v 0.471387 1.671262 0.574464
v 0.471387 1.662684 0.634728
v 0.471387 1.651395 0.695460
v 0.471387 1.637276 0.757127
v 0.471387 1.620210 0.820196
v 0.471387 1.600082 0.885137
v 0.471387 1.576774 0.952415
v 0.471387 1.550169 1.022500
v 0.471387 1.520149 1.095858
v 0.471387 1.486600 1.172957
v 0.471387 2.112872 1.172957
v -0.471387 2.145006 1.104159
v -0.471387 2.174101 1.035594
v -0.471387 2.200203 0.966936
v -0.471387 2.223360 0.897857
v -0.471387 2.243617 0.828030
v -0.471387 2.261021 0.757127
v -0.471387 2.275620 0.684821
v -0.471387 2.287459 0.610785
v -0.471387 2.296586 0.534691
v -0.471387 2.303047 0.456212
v -0.471387 2.306890 0.375021
v -0.471387 2.308160 0.290790
v -0.471387 2.298464 0.091573
v -0.471387 2.269876 -0.094737
v -0.471387 2.223142 -0.267298
v -0.471387 2.159012 -0.425269
v -0.471387 2.078234 -0.567807
v -0.471387 1.981556 -0.694072
v -0.471387 1.869727 -0.803220
v -0.471387 1.743494 -0.894411
v -0.471387 1.603605 -0.966803
v -0.471387 1.450810 -1.019553
v -0.471387 1.285856 -1.051821
v -0.471387 1.109491 -1.062763
v -0.471387 0.986079 -1.059210
v -0.471387 0.871366 -1.048360
v -0.471387 0.764789 -1.029935
v -0.471387 0.665789 -1.003653
v -0.471387 0.573803 -0.969234
v -0.471387 0.488270 -0.926398
v -0.471387 0.408630 -0.874863
v -0.471387 0.334321 -0.814350
v -0.471387 0.264782 -0.744577
v -0.471387 0.199452 -0.665265
v -0.471387 0.137770 -0.576131
v -0.471387 0.079174 -0.476897
v -0.471387 0.037004 -0.586077
v -0.471387 -0.018003 -0.684781
v -0.471387 -0.084654 -0.773197
v -0.471387 -0.161757 -0.851512
v -0.471387 -0.248120 -0.919913
v -0.471387 -0.342549 -0.978587
v -0.471387 -0.443853 -1.027721
v -0.471387 -0.550839 -1.067502
v -0.471387 -0.662314 -1.098118
v -0.471387 -0.777086 -1.119754
v -0.471387 -0.893962 -1.132599
v -0.471387 -1.011750 -1.136839
v -0.471387 -1.211762 -1.124555
v -0.471387 -1.400270 -1.088515
v -0.471387 -1.576152 -1.029935
v -0.471387 -1.738284 -0.950030
v -0.471387 -1.885546 -0.850016
v -0.471387 -2.016814 -0.731109
v -0.471387 -2.130967 -0.594526
v -0.471387 -2.226881 -0.441481
v -0.471387 -2.303434 -0.273191
v -0.471387 -2.359505 -0.090871
v -0.471387 -2.393971 0.104262
v -0.471387 -2.405709 0.310992
v -0.471387 -2.403756 0.390391
v -0.471387 -2.397946 0.470303
v -0.471387 -2.388347 0.550684
v -0.471387 -2.375031 0.631485
v -0.471387 -2.358067 0.712661
v -0.471387 -2.337526 0.794164
v -0.471387 -2.313477 0.875947
v -0.471387 -2.285991 0.957965
v -0.471387 -2.255138 1.040169
v -0.471387 -2.220989 1.122514
v -0.471387 -2.183612 1.204952
v -0.471387 -2.143079 1.287437
v -0.471387 -1.429264 1.287437
v -0.471387 -1.485666 1.200166
v -0.471387 -1.537041 1.113410
v -0.471387 -1.583412 1.027122
v -0.471387 -1.624803 0.941254
v -0.471387 -1.661236 0.855761
v -0.471387 -1.692736 0.770595
v -0.471387 -1.719326 0.685709
v -0.471387 -1.741028 0.601057
v -0.471387 -1.757867 0.516593
v -0.471387 -1.769866 0.432269
v -0.471387 -1.777049 0.348038
v -0.471387 -1.779437 0.263854
v -0.471387 -1.773483 0.154498
v -0.471387 -1.755930 0.052322
v -0.471387 -1.727248 -0.042233
v -0.471387 -1.687903 -0.128720
v -0.471387 -1.638364 -0.206695
v -0.471387 -1.579098 -0.275716
v -0.471387 -1.510572 -0.335337
v -0.471387 -1.433255 -0.385114
v -0.471387 -1.347613 -0.424603
v -0.471387 -1.254115 -0.453359
v -0.471387 -1.153229 -0.470939
v -0.471387 -1.045421 -0.476897
v -0.471387 -0.934893 -0.470026
v -0.471387 -0.829555 -0.449430
v -0.471387 -0.730391 -0.415133
v -0.471387 -0.638382 -0.367156
v -0.471387 -0.554510 -0.305524
v -0.471387 -0.479756 -0.230261
v -0.471387 -0.415105 -0.141389
v -0.471387 -0.361536 -0.038931
v -0.471387 -0.320032 0.077088
v -0.471387 -0.291576 0.206645
v -0.471387 -0.277149 0.349717
v -0.471387 -0.277734 0.506281
v -0.471387 0.328335 0.506281
v -0.471387 0.333480 0.361077
v -0.471387 0.348725 0.228500
v -0.471387 0.373791 0.108549
v -0.471387 0.408396 0.001224
v -0.471387 0.452262 -0.093474
v -0.471387 0.505106 -0.175546
v -0.471387 0.566648 -0.244992
v -0.471387 0.636608 -0.301811
v -0.471387 0.714704 -0.346003
v -0.471387 0.800658 -0.377569
v -0.471387 0.894187 -0.396509
v -0.471387 0.995011 -0.402822
v -0.471387 1.097647 -0.396447
v -0.471387 1.193199 -0.377632
v -0.471387 1.281315 -0.346845
v -0.471387 1.361645 -0.304554
v -0.471387 1.433838 -0.251227
v -0.471387 1.497543 -0.187331
v -0.471387 1.552410 -0.113334
v -0.471387 1.598087 -0.029703
v -0.471387 1.634225 0.063094
v -0.471387 1.660471 0.164588
v -0.471387 1.676476 0.274314
v -0.471387 1.681889 0.391802
v -0.471387 1.680747 0.453469
v -0.471387 1.677244 0.514200
v -0.471387 1.671262 0.574464
v -0.471387 1.662684 0.634728
v -0.471387 1.651395 0.695460
v -0.471387 1.637276 0.757127
v -0.471387 1.620210 0.820197
v -0.471387 1.600082 0.885137
v -0.471387 1.576774 0.952416
v -0.471387 1.550169 1.022500
v -0.471387 1.520149 1.095858
v -0.471387 1.486600 1.172957
v -0.471387 2.112872 1.172957
v -0.471387 2.145006 1.104159
v 0.471387 2.145006 1.104159
v -0.471387 2.174101 1.035594
v 0.471387 2.174101 1.035594
v -0.471387 2.200203 0.966936
v 0.471387 2.200203 0.966936
v -0.471387 2.223360 0.897857
v 0.471387 2.223360 0.897857
v -0.471387 2.243617 0.828030
v 0.471387 2.243617 0.828029
v -0.471387 2.261021 0.757127
v 0.471387 2.261021 0.757127
v -0.471387 2.275620 0.684821
v 0.471387 2.275620 0.684821
v -0.471387 2.287459 0.610785
v 0.471387 2.287459 0.610785
v -0.471387 2.296586 0.534691
v 0.471387 2.296586 0.534691
v -0.471387 2.303047 0.456212
v 0.471387 2.303047 0.456212
v -0.471387 2.306890 0.375021
v 0.471387 2.306890 0.375021
v -0.471387 2.308160 0.290790
v 0.471387 2.308160 0.290790
v -0.471387 2.298464 0.091573
v 0.471387 2.298464 0.091573
v -0.471387 2.269876 -0.094737
v 0.471387 2.269876 -0.094737
v -0.471387 2.223142 -0.267298
v 0.471386 2.223142 -0.267298
v -0.471387 2.159012 -0.425269
v 0.471386 2.159012 -0.425269
v -0.471387 2.078234 -0.567807
v 0.471386 2.078234 -0.567807
v -0.471387 1.981556 -0.694072
v 0.471386 1.981556 -0.694072
v -0.471387 1.869727 -0.803220
v 0.471386 1.869727 -0.803220
v -0.471387 1.743494 -0.894411
v 0.471386 1.743494 -0.894411
v -0.471387 1.603605 -0.966803
v 0.471386 1.603605 -0.966803
v -0.471387 1.450810 -1.019553
v 0.471386 1.450810 -1.019553
v -0.471387 1.285856 -1.051821
v 0.471386 1.285856 -1.051821
v -0.471387 1.109491 -1.062763
v 0.471386 1.109491 -1.062763
v -0.471387 0.986079 -1.059210
v 0.471386 0.986079 -1.059210
v -0.471387 0.871366 -1.048360
v 0.471386 0.871366 -1.048360
v -0.471387 0.764789 -1.029935
v 0.471386 0.764789 -1.029935
v -0.471387 0.665789 -1.003653
v 0.471387 0.665789 -1.003653
v -0.471387 0.573803 -0.969234
v 0.471387 0.573803 -0.969234
v -0.471387 0.488270 -0.926398
v 0.471387 0.488270 -0.926398
v -0.471387 0.408630 -0.874863
v 0.471387 0.408630 -0.874863
v -0.471387 0.334321 -0.814350
v 0.471387 0.334321 -0.814350
v -0.471387 0.264782 -0.744577
v 0.471387 0.264782 -0.744577
v -0.471387 0.199452 -0.665265
v 0.471387 0.199452 -0.665265
v -0.471387 0.137770 -0.576131
v 0.471387 0.137770 -0.576131
v -0.471387 0.079174 -0.476897
v 0.471387 0.079174 -0.476897
v -0.471387 0.037004 -0.586077
v 0.471387 0.037004 -0.586077
v -0.471387 -0.018003 -0.684781
v 0.471387 -0.018003 -0.684781
v -0.471387 -0.084654 -0.773197
v 0.471387 -0.084654 -0.773197
v -0.471387 -0.161757 -0.851512
v 0.471387 -0.161757 -0.851512
v -0.471387 -0.248120 -0.919913
v 0.471387 -0.248120 -0.919913
v -0.471387 -0.342549 -0.978587
v 0.471387 -0.342549 -0.978587
v -0.471387 -0.443853 -1.027721
v 0.471387 -0.443853 -1.027721
v -0.471387 -0.550839 -1.067502
v 0.471387 -0.550839 -1.067502
v -0.471387 -0.662314 -1.098118
v 0.471387 -0.662314 -1.098118
v -0.471387 -0.777086 -1.119754
v 0.471387 -0.777086 -1.119754
v -0.471387 -0.893962 -1.132599
v 0.471387 -0.893962 -1.132599
v -0.471387 -1.011750 -1.136839
v 0.471387 -1.011750 -1.136839
v -0.471387 -1.211762 -1.124555
v 0.471387 -1.211762 -1.124555
v -0.471387 -1.400270 -1.088515
v 0.471387 -1.400270 -1.088515
v -0.471387 -1.576152 -1.029935
v 0.471387 -1.576152 -1.029935
v -0.471387 -1.738284 -0.950030
v 0.471387 -1.738284 -0.950030
v -0.471387 -1.885546 -0.850016
v 0.471387 -1.885546 -0.850016
v -0.471387 -2.016814 -0.731109
v 0.471387 -2.016814 -0.731109
v -0.471387 -2.130967 -0.594526
v 0.471387 -2.130967 -0.594526
v -0.471387 -2.226881 -0.441481
v 0.471387 -2.226881 -0.441481
v -0.471387 -2.303434 -0.273191
v 0.471387 -2.303434 -0.273191
v -0.471387 -2.359505 -0.090871
v 0.471387 -2.359505 -0.090871
v -0.471387 -2.393971 0.104262
v 0.471387 -2.393971 0.104262
v -0.471387 -2.405709 0.310992
v 0.471387 -2.405709 0.310992
v -0.471387 -2.403756 0.390391
v 0.471387 -2.403756 0.390391
v -0.471387 -2.397946 0.470303
v 0.471387 -2.397946 0.470303
v -0.471387 -2.388347 0.550684
v 0.471387 -2.388347 0.550684
v -0.471387 -2.375031 0.631485
v 0.471387 -2.375031 0.631485
v -0.471387 -2.358067 0.712661
v 0.471387 -2.358067 0.712661
v -0.471387 -2.337526 0.794164
v 0.471387 -2.337526 0.794164
v -0.471387 -2.313477 0.875947
v 0.471387 -2.313477 0.875947
v -0.471387 -2.285991 0.957965
v 0.471387 -2.285991 0.957964
v -0.471387 -2.255138 1.040169
v 0.471387 -2.255138 1.040169
v -0.471387 -2.220989 1.122514
v 0.471387 -2.220989 1.122513
v -0.471387 -2.183612 1.204952
v 0.471387 -2.183612 1.204952
v -0.471387 -2.143079 1.287437
v 0.471387 -2.143079 1.287436
v -0.471387 -1.429264 1.287437
v 0.471387 -1.429264 1.287437
v -0.471387 -1.485666 1.200166
v 0.471387 -1.485666 1.200166
v -0.471387 -1.537041 1.113410
v 0.471387 -1.537041 1.113410
v -0.471387 -1.583412 1.027122
v 0.471387 -1.583412 1.027122
v -0.471387 -1.624803 0.941254
v 0.471387 -1.624803 0.941254
v -0.471387 -1.661236 0.855761
v 0.471387 -1.661236 0.855761
v -0.471387 -1.692736 0.770595
v 0.471387 -1.692736 0.770595
v -0.471387 -1.719326 0.685709
v 0.471387 -1.719326 0.685709
v -0.471387 -1.741028 0.601057
v 0.471387 -1.741028 0.601057
v -0.471387 -1.757867 0.516593
v 0.471387 -1.757867 0.516593
v -0.471387 -1.769866 0.432269
v 0.471387 -1.769866 0.432269
v -0.471387 -1.777049 0.348038
v 0.471387 -1.777049 0.348038
v -0.471387 -1.779437 0.263854
v 0.471387 -1.779437 0.263854
v -0.471387 -1.773483 0.154498
v 0.471387 -1.773483 0.154498
v -0.471387 -1.755930 0.052322
v 0.471387 -1.755930 0.052322
v -0.471387 -1.727248 -0.042233
v 0.471387 -1.727248 -0.042233
v -0.471387 -1.687903 -0.128720
v 0.471387 -1.687903 -0.128720
v -0.471387 -1.638364 -0.206695
v 0.471387 -1.638364 -0.206695
v -0.471387 -1.579098 -0.275716
v 0.471387 -1.579098 -0.275716
v -0.471387 -1.510572 -0.335337
v 0.471387 -1.510572 -0.335337
v -0.471387 -1.433255 -0.385114
v 0.471387 -1.433255 -0.385114
v -0.471387 -1.347613 -0.424603
v 0.471387 -1.347613 -0.424603
v -0.471387 -1.254115 -0.453359
v 0.471387 -1.254115 -0.453359
v -0.471387 -1.153229 -0.470939
v 0.471387 -1.153229 -0.470939
v -0.471387 -1.045421 -0.476897
v 0.471387 -1.045421 -0.476897
v -0.471387 -0.934893 -0.470026
v 0.471387 -0.934893 -0.470026
v -0.471387 -0.829555 -0.449430
v 0.471387 -0.829555 -0.449430
v -0.471387 -0.730391 -0.415133
v 0.471387 -0.730391 -0.415133
v -0.471387 -0.638382 -0.367156
v 0.471387 -0.638382 -0.367156
v -0.471387 -0.554510 -0.305524
v 0.471387 -0.554510 -0.305524
v -0.471387 -0.479756 -0.230261
v 0.471387 -0.479756 -0.230261
v -0.471387 -0.415105 -0.141389
v 0.471387 -0.415105 -0.141389
v -0.471387 -0.361536 -0.038931
v 0.471387 -0.361536 -0.038931
v -0.471387 -0.320032 0.077088
v 0.471387 -0.320032 0.077088
v -0.471387 -0.291576 0.206645
v 0.471387 -0.291576 0.206645
v -0.471387 -0.277149 0.349717
v 0.471387 -0.277149 0.349717
v -0.471387 -0.277734 0.506281
v 0.471387 -0.277734 0.506281
v -0.471387 0.328335 0.506281
v 0.471387 0.328335 0.506281
v -0.471387 0.333480 0.361077
v 0.471387 0.333480 0.361077
v -0.471387 0.348725 0.228500
v 0.471387 0.348725 0.228500
v -0.471387 0.373791 0.108549
v 0.471387 0.373791 0.108549
v -0.471387 0.408396 0.001224
v 0.471387 0.408396 0.001224
v -0.471387 0.452262 -0.093474
v 0.471387 0.452262 -0.093474
v -0.471387 0.505106 -0.175546
v 0.471387 0.505106 -0.175546
v -0.471387 0.566648 -0.244992
v 0.471387 0.566648 -0.244992
v -0.471387 0.636608 -0.301811
v 0.471387 0.636608 -0.301811
v -0.471387 0.714704 -0.346003
v 0.471387 0.714704 -0.346003
v -0.471387 0.800658 -0.377569
v 0.471387 0.800658 -0.377569
v -0.471387 0.894187 -0.396509
v 0.471387 0.894187 -0.396509
v -0.471387 0.995011 -0.402822
v 0.471387 0.995011 -0.402822
v -0.471387 1.097647 -0.396447
v 0.471387 1.097647 -0.396447
v -0.471387 1.193199 -0.377632
v 0.471387 1.193199 -0.377632
v -0.471387 1.281315 -0.346845
v 0.471387 1.281315 -0.346845
v -0.471387 1.361645 -0.304554
v 0.471387 1.361645 -0.304554
v -0.471387 1.433838 -0.251227
v 0.471387 1.433838 -0.251227
v -0.471387 1.497543 -0.187331
v 0.471387 1.497543 -0.187331
v -0.471387 1.552410 -0.113334
v 0.471387 1.552410 -0.113334
v -0.471387 1.598087 -0.029703
v 0.471387 1.598087 -0.029703
v -0.471387 1.634225 0.063094
v 0.471387 1.634225 0.063094
v -0.471387 1.660471 0.164588
v 0.471387 1.660471 0.164588
v -0.471387 1.676476 0.274314
v 0.471387 1.676476 0.274314
v -0.471387 1.681889 0.391802
v 0.471387 1.681889 0.391802
v -0.471387 1.680747 0.453469
v 0.471387 1.680747 0.453469
v -0.471387 1.677244 0.514200
v 0.471387 1.677244 0.514200
v -0.471387 1.671262 0.574464
v 0.471387 1.671262 0.574464
v -0.471387 1.662684 0.634728
v 0.471387 1.662684 0.634728
v -0.471387 1.651395 0.695460
v 0.471387 1.651395 0.695460
v -0.471387 1.637276 0.757127
v 0.471387 1.637276 0.757127
v -0.471387 1.620210 0.820197
v 0.471387 1.620210 0.820196
v -0.471387 1.600082 0.885137
v 0.471387 1.600082 0.885137
v -0.471387 1.576774 0.952416
v 0.471387 1.576774 0.952415
v -0.471387 1.550169 1.022500
v 0.471387 1.550169 1.022500
v -0.471387 1.520149 1.095858
v 0.471387 1.520149 1.095858
v -0.471387 1.486600 1.172957
v 0.471387 1.486600 1.172957
v -0.471387 2.112872 1.172957
v 0.471387 2.112872 1.172957
vn 1.0000 -0.0000 -0.0000
vn -1.0000 -0.0000 -0.0000
vn -0.0000 0.9134 0.4070
vn -0.0000 0.9278 0.3731
vn -0.0000 0.9416 0.3367
vn -0.0000 0.9545 0.2983
vn -0.0000 0.9660 0.2586
vn -0.0000 0.9759 0.2182
vn -0.0000 0.9840 0.1779
vn -0.0000 0.9904 0.1385
vn -0.0000 0.9949 0.1006
vn -0.0000 0.9979 0.0647
vn -0.0000 0.9995 0.0312
vn -0.0000 0.9999 -0.0168
vn -0.0000 0.9950 -0.1003
vn -0.0000 0.9784 -0.2069
vn -0.0000 0.9476 -0.3194
vn -0.0000 0.9002 -0.4355
vn -0.0000 0.8340 -0.5518
vn -0.0000 0.7482 -0.6635
vn -0.0000 0.6438 -0.7652
vn -0.0000 0.5240 -0.8517
vn -0.0000 0.3940 -0.9191
vn -0.0000 0.2598 -0.9657
vn -0.0000 0.1272 -0.9919
vn -0.0000 0.0166 -0.9999
vn -0.0000 -0.0615 -0.9981
vn -0.0000 -0.1324 -0.9912
vn -0.0000 -0.2137 -0.9769
vn -0.0000 -0.3039 -0.9527
vn -0.0000 -0.3997 -0.9167
vn -0.0000 -0.4963 -0.8682
vn -0.0000 -0.5882 -0.8087
vn -0.0000 -0.6708 -0.7417
vn -0.0000 -0.7409 -0.6716
vn -0.0000 -0.7978 -0.6029
vn -0.0000 -0.8422 -0.5391
vn -0.0000 0.0823 -0.9966
vn -0.0000 0.9054 -0.4246
vn -0.0000 0.8380 -0.5457
vn -0.0000 0.7572 -0.6532
vn -0.0000 0.6680 -0.7442
vn -0.0000 0.5753 -0.8180
vn -0.0000 0.4827 -0.8758
vn -0.0000 0.3929 -0.9196
vn -0.0000 0.3070 -0.9517
vn -0.0000 0.2252 -0.9743
vn -0.0000 0.1474 -0.9891
vn -0.0000 0.0727 -0.9974
vn -0.0000 -0.0127 -0.9999
vn -0.0000 -0.1248 -0.9922
vn -0.0000 -0.2524 -0.9676
vn -0.0000 -0.3799 -0.9250
vn -0.0000 -0.5032 -0.8642
vn -0.0000 -0.6181 -0.7861
vn -0.0000 -0.7211 -0.6929
vn -0.0000 -0.8092 -0.5875
vn -0.0000 -0.8807 -0.4736
vn -0.0000 -0.9350 -0.3547
vn -0.0000 -0.9721 -0.2344
vn -0.0000 -0.9933 -0.1155
vn -0.0000 -0.9999 -0.0161
vn -0.0000 -0.9988 0.0486
vn -0.0000 -0.9954 0.0956
vn -0.0000 -0.9901 0.1406
vn -0.0000 -0.9830 0.1836
vn -0.0000 -0.9745 0.2245
vn -0.0000 -0.9647 0.2633
vn -0.0000 -0.9539 0.3000
vn -0.0000 -0.9424 0.3346
vn -0.0000 -0.9301 0.3673
vn -0.0000 -0.9174 0.3981
vn -0.0000 -0.9042 0.4270
vn -0.0000 -0.5287 0.8488
vn -0.0000 0.8783 0.4781
vn -0.0000 0.8503 -0.5263
vn -0.0000 0.8708 -0.4916
vn -0.0000 0.8911 -0.4539
vn -0.0000 0.9106 -0.4132
vn -0.0000 0.9292 -0.3696
vn -0.0000 0.9464 -0.3230
vn -0.0000 0.9618 -0.2737
vn -0.0000 0.9750 -0.2220
vn -0.0000 0.9857 -0.1683
vn -0.0000 0.9936 -0.1130
vn -0.0000 0.9984 -0.0567
vn -0.0000 0.9999 0.0130
vn -0.0000 0.9937 0.1120
vn -0.0000 0.9731 0.2302
vn -0.0000 0.9356 0.3530
vn -0.0000 0.8793 0.4763
vn -0.0000 0.8034 0.5954
vn -0.0000 0.7094 0.7048
vn -0.0000 0.6004 0.7997
vn -0.0000 0.4812 0.8766
vn -0.0000 0.3571 0.9340
vn -0.0000 0.2333 0.9724
vn -0.0000 0.1136 0.9935
vn -0.0000 -0.0034 1.0000
vn -0.0000 -0.1272 0.9919
vn -0.0000 -0.2600 0.9656
vn -0.0000 -0.3957 0.9184
vn -0.0000 -0.5288 0.8487
vn -0.0000 -0.6528 0.7575
vn -0.0000 -0.7613 0.6484
vn -0.0000 -0.8497 0.5272
vn -0.0000 -0.9161 0.4010
vn -0.0000 -0.9611 0.2762
vn -0.0000 -0.9875 0.1577
vn -0.0000 -0.9988 0.0484
vn -0.0000 -0.7084 0.7058
vn -0.0000 0.6945 0.7195
vn -0.0000 0.9972 0.0749
vn -0.0000 0.9872 0.1596
vn -0.0000 0.9667 0.2561
vn -0.0000 0.9313 0.3643
vn -0.0000 0.8762 0.4820
vn -0.0000 0.7969 0.6041
vn -0.0000 0.6917 0.7222
vn -0.0000 0.5634 0.8262
vn -0.0000 0.4200 0.9075
vn -0.0000 0.2724 0.9622
vn -0.0000 0.1308 0.9914
vn -0.0000 0.0002 1.0000
vn -0.0000 -0.1279 0.9918
vn -0.0000 -0.2622 0.9650
vn -0.0000 -0.3989 0.9170
vn -0.0000 -0.5315 0.8470
vn -0.0000 -0.6530 0.7573
vn -0.0000 -0.7577 0.6526
vn -0.0000 -0.8425 0.5388
vn -0.0000 -0.9066 0.4220
vn -0.0000 -0.9517 0.3072
vn -0.0000 -0.9803 0.1976
vn -0.0000 -0.9954 0.0953
vn -0.0000 -0.9999 0.0138
vn -0.0000 -0.9993 -0.0381
vn -0.0000 -0.9969 -0.0782
vn -0.0000 -0.9928 -0.1199
vn -0.0000 -0.9868 -0.1619
vn -0.0000 -0.9792 -0.2030
vn -0.0000 -0.9702 -0.2422
vn -0.0000 -0.9604 -0.2787
vn -0.0000 -0.9502 -0.3117
vn -0.0000 -0.9400 -0.3412
vn -0.0000 -0.9303 -0.3668
vn -0.0000 -0.9213 -0.3889
vn -0.0000 -0.8364 0.5482
vn -0.0000 0.5370 0.8436
vt 0.068493 0.000000
vt 0.082192 0.000000
vt 0.075342 0.000000
vt 0.061644 0.000000
vt 0.054795 0.000000
vt 0.089041 0.000000
vt 0.047945 0.000000
vt 0.041096 0.000000
vt 0.034247 0.000000
vt 0.095890 0.000000
vt 0.027397 0.000000
vt 0.020548 0.000000
vt 0.013699 0.000000
vt 0.102740 0.000000
vt 0.006849 0.000000
vt 0.000000 0.000000
vt 0.109589 0.000000
vt 1.000000 0.000000
vt 0.993151 0.000000
vt 0.986301 0.000000
vt 0.979452 0.000000
vt 0.972603 0.000000
vt 0.965753 0.000000
vt 0.958904 0.000000
vt 0.952055 0.000000
vt 0.116438 0.000000
vt 0.945205 0.000000
vt 0.938356 0.000000
vt 0.123288 0.000000
vt 0.931507 0.000000
vt 0.924658 0.000000
vt 0.917808 0.000000
vt 0.130137 0.000000
vt 0.910959 0.000000
vt 0.904110 0.000000
vt 0.136986 0.000000
vt 0.897260 0.000000
vt 0.890411 0.000000
vt 0.883562 0.000000
vt 0.143836 0.000000
vt 0.876712 0.000000
vt 0.869863 0.000000
vt 0.863014 0.000000
vt 0.150685 0.000000
vt 0.856164 0.000000
vt 0.849315 0.000000
vt 0.157534 0.000000
vt 0.842466 0.000000
vt 0.835616 0.000000
vt 0.164384 0.000000
vt 0.828767 0.000000
vt 0.821918 0.000000
vt 0.171233 0.000000
vt 0.815068 0.000000
vt 0.178082 0.000000
vt 0.808219 0.000000
vt 0.184932 0.000000
vt 0.801370 0.000000
vt 0.191781 0.000000
vt 0.794521 0.000000
vt 0.198630 0.000000
vt 0.787671 0.000000
vt 0.780822 0.000000
vt 0.205479 0.000000
vt 0.773973 0.000000
vt 0.212329 0.000000
vt 0.767123 0.000000
vt 0.760274 0.000000
vt 0.753425 0.000000
vt 0.219178 0.000000
vt 0.746575 0.000000
vt 0.739726 0.000000
vt 0.226027 0.000000
vt 0.232877 0.000000
vt 0.239726 0.000000
vt 0.246575 0.000000
vt 0.253425 0.000000
vt 0.260274 0.000000
vt 0.267123 0.000000
vt 0.273973 0.000000
vt 0.732877 0.000000
vt 0.280822 0.000000
vt 0.726027 0.000000
vt 0.719178 0.000000
vt 0.712329 0.000000
vt 0.287671 0.000000
vt 0.705479 0.000000
vt 0.698630 0.000000
vt 0.294521 0.000000
vt 0.691781 0.000000
vt 0.301370 0.000000
vt 0.684932 0.000000
vt 0.678082 0.000000
vt 0.308219 0.000000
vt 0.671233 0.000000
vt 0.315068 0.000000
vt 0.664384 0.000000
vt 0.321918 0.000000
vt 0.657534 0.000000
vt 0.328767 0.000000
vt 0.650685 0.000000
vt 0.643836 0.000000
vt 0.335616 0.000000
vt 0.636986 0.000000
vt 0.630137 0.000000
vt 0.342466 0.000000
vt 0.486301 0.000000
vt 0.500000 0.000000
vt 0.493151 0.000000
vt 0.623288 0.000000
vt 0.506849 0.000000
vt 0.616438 0.000000
vt 0.513699 0.000000
vt 0.349315 0.000000
vt 0.609589 0.000000
vt 0.520548 0.000000
vt 0.527397 0.000000
vt 0.602740 0.000000
vt 0.534247 0.000000
vt 0.595890 0.000000
vt 0.541096 0.000000
vt 0.547945 0.000000
vt 0.589041 0.000000
vt 0.356164 0.000000
vt 0.554795 0.000000
vt 0.582192 0.000000
vt 0.561644 0.000000
vt 0.568493 0.000000
vt 0.575342 0.000000
vt 0.363014 0.000000
vt 0.369863 0.000000
vt 0.376712 0.000000
vt 0.479452 0.000000
vt 0.472603 0.000000
vt 0.465753 0.000000
vt 0.383562 0.000000
vt 0.458904 0.000000
vt 0.452055 0.000000
vt 0.390411 0.000000
vt 0.445205 0.000000
vt 0.438356 0.000000
vt 0.431507 0.000000
vt 0.397260 0.000000
vt 0.424658 0.000000
vt 0.417808 0.000000
vt 0.404110 0.000000
vt 0.410959 0.000000
vt 0.000000 1.000000
vt 0.006803 1.000000
vt 0.006803 0.000000
vt 0.013605 1.000000
vt 0.013605 0.000000
vt 0.020408 1.000000
vt 0.020408 0.000000
vt 0.027211 1.000000
vt 0.027211 0.000000
vt 0.034014 1.000000
vt 0.034014 0.000000
vt 0.040816 1.000000
vt 0.040816 0.000000
vt 0.047619 1.000000
vt 0.047619 0.000000
vt 0.054422 1.000000
vt 0.054422 0.000000
vt 0.061224 1.000000
vt 0.061224 0.000000
vt 0.068027 1.000000
vt 0.068027 0.000000
vt 0.074830 1.000000
vt 0.074830 0.000000
vt 0.081633 1.000000
vt 0.081633 0.000000
vt 0.088435 1.000000
vt 0.088435 0.000000
vt 0.095238 1.000000
vt 0.095238 0.000000
vt 0.102041 1.000000
vt 0.102041 0.000000
vt 0.108844 1.000000
vt 0.108844 0.000000
vt 0.115646 1.000000
vt 0.115646 0.000000
vt 0.122449 1.000000
vt 0.122449 0.000000
vt 0.129252 1.000000
vt 0.129252 0.000000
vt 0.136054 1.000000
vt 0.136054 0.000000
vt 0.142857 1.000000
vt 0.142857 0.000000
vt 0.149660 1.000000
vt 0.149660 0.000000
vt 0.156463 1.000000
vt 0.156463 0.000000
vt 0.163265 1.000000
vt 0.163265 0.000000
vt 0.170068 1.000000
vt 0.170068 0.000000
vt 0.176871 1.000000
vt 0.176871 0.000000
vt 0.183673 1.000000
vt 0.183673 0.000000
vt 0.190476 1.000000
vt 0.190476 0.000000
vt 0.197279 1.000000
vt 0.197279 0.000000
vt 0.204082 1.000000
vt 0.204082 0.000000
vt 0.210884 1.000000
vt 0.210884 0.000000
vt 0.217687 1.000000
vt 0.217687 0.000000
vt 0.224490 1.000000
vt 0.224490 0.000000
vt 0.231293 1.000000
vt 0.231293 0.000000
vt 0.238095 1.000000
vt 0.238095 0.000000
vt 0.244898 1.000000
vt 0.244898 0.000000
vt 0.251701 1.000000
vt 0.251701 0.000000
vt 0.258503 1.000000
vt 0.258503 0.000000
vt 0.265306 1.000000
vt 0.265306 0.000000
vt 0.272109 1.000000
vt 0.272109 0.000000
vt 0.278912 1.000000
vt 0.278912 0.000000
vt 0.285714 1.000000
vt 0.285714 0.000000
vt 0.292517 1.000000
vt 0.292517 0.000000
vt 0.299320 1.000000
vt 0.299320 0.000000
vt 0.306122 1.000000
vt 0.306122 0.000000
vt 0.312925 1.000000
vt 0.312925 0.000000
vt 0.319728 1.000000
vt 0.319728 0.000000
vt 0.326531 1.000000
vt 0.326531 0.000000
vt 0.333333 1.000000
vt 0.333333 0.000000
vt 0.340136 1.000000
vt 0.340136 0.000000
vt 0.346939 1.000000
vt 0.346939 0.000000
vt 0.353741 1.000000
vt 0.353741 0.000000
vt 0.360544 1.000000
vt 0.360544 0.000000
vt 0.367347 1.000000
vt 0.367347 0.000000
vt 0.374150 1.000000
vt 0.374150 0.000000
vt 0.380952 1.000000
vt 0.380952 0.000000
vt 0.387755 1.000000
vt 0.387755 0.000000
vt 0.394558 1.000000
vt 0.394558 0.000000
vt 0.401361 1.000000
vt 0.401361 0.000000
vt 0.408163 1.000000
vt 0.408163 0.000000
vt 0.414966 1.000000
vt 0.414966 0.000000
vt 0.421769 1.000000
vt 0.421769 0.000000
vt 0.428571 1.000000
vt 0.428571 0.000000
vt 0.435374 1.000000
vt 0.435374 0.000000
vt 0.442177 1.000000
vt 0.442177 0.000000
vt 0.448980 1.000000
vt 0.448980 0.000000
vt 0.455782 1.000000
vt 0.455782 0.000000
vt 0.462585 1.000000
vt 0.462585 0.000000
vt 0.469388 1.000000
vt 0.469388 0.000000
vt 0.476190 1.000000
vt 0.476190 0.000000
vt 0.482993 1.000000
vt 0.482993 0.000000
vt 0.489796 1.000000
vt 0.489796 0.000000
vt 0.496599 1.000000
vt 0.496599 0.000000
vt 0.503401 1.000000
vt 0.503401 0.000000
vt 0.510204 1.000000
vt 0.510204 0.000000
vt 0.517007 1.000000
vt 0.517007 0.000000
vt 0.523810 1.000000
vt 0.523810 0.000000
vt 0.530612 1.000000
vt 0.530612 0.000000
vt 0.537415 1.000000
vt 0.537415 0.000000
vt 0.544218 1.000000
vt 0.544218 0.000000
vt 0.551020 1.000000
vt 0.551020 0.000000
vt 0.557823 1.000000
vt 0.557823 0.000000
vt 0.564626 1.000000
vt 0.564626 0.000000
vt 0.571429 1.000000
vt 0.571429 0.000000
vt 0.578231 1.000000
vt 0.578231 0.000000
vt 0.585034 1.000000
vt 0.585034 0.000000
vt 0.591837 1.000000
vt 0.591837 0.000000
vt 0.598639 1.000000
vt 0.598639 0.000000
vt 0.605442 1.000000
vt 0.605442 0.000000
vt 0.612245 1.000000
vt 0.612245 0.000000
vt 0.619048 1.000000
vt 0.619048 0.000000
vt 0.625850 1.000000
vt 0.625850 0.000000
vt 0.632653 1.000000
vt 0.632653 0.000000
vt 0.639456 1.000000
vt 0.639456 0.000000
vt 0.646259 1.000000
vt 0.646259 0.000000
vt 0.653061 1.000000
vt 0.653061 0.000000
vt 0.659864 1.000000
vt 0.659864 0.000000
vt 0.666667 1.000000
vt 0.666667 0.000000
vt 0.673469 1.000000
vt 0.673469 0.000000
vt 0.680272 1.000000
vt 0.680272 0.000000
vt 0.687075 1.000000
vt 0.687075 0.000000
vt 0.693878 1.000000
vt 0.693878 0.000000
vt 0.700680 1.000000
vt 0.700680 0.000000
vt 0.707483 1.000000
vt 0.707483 0.000000
vt 0.714286 1.000000
vt 0.714286 0.000000
vt 0.721088 1.000000
vt 0.721088 0.000000
vt 0.727891 1.000000
vt 0.727891 0.000000
vt 0.734694 1.000000
vt 0.734694 0.000000
vt 0.741497 1.000000
vt 0.741497 0.000000
vt 0.748299 1.000000
vt 0.748299 0.000000
vt 0.755102 1.000000
vt 0.755102 0.000000
vt 0.761905 1.000000
vt 0.761905 0.000000
vt 0.768707 1.000000
vt 0.768707 0.000000
vt 0.775510 1.000000
vt 0.775510 0.000000
vt 0.782313 1.000000
vt 0.782313 0.000000
vt 0.789116 1.000000
vt 0.789116 0.000000
vt 0.795918 1.000000
vt 0.795918 0.000000
vt 0.802721 1.000000
vt 0.802721 0.000000
vt 0.809524 1.000000
vt 0.809524 0.000000
vt 0.816327 1.000000
vt 0.816327 0.000000
vt 0.823129 1.000000
vt 0.823129 0.000000
vt 0.829932 1.000000
vt 0.829932 0.000000
vt 0.836735 1.000000
vt 0.836735 0.000000
vt 0.843537 1.000000
vt 0.843537 0.000000
vt 0.850340 1.000000
vt 0.850340 0.000000
vt 0.857143 1.000000
vt 0.857143 0.000000
vt 0.863946 1.000000
vt 0.863946 0.000000
vt 0.870748 1.000000
vt 0.870748 0.000000
vt 0.877551 1.000000
vt 0.877551 0.000000
vt 0.884354 1.000000
vt 0.884354 0.000000
vt 0.891156 1.000000
vt 0.891156 0.000000
vt 0.897959 1.000000
vt 0.897959 0.000000
vt 0.904762 1.000000
vt 0.904762 0.000000
vt 0.911565 1.000000
vt 0.911565 0.000000
vt 0.918367 1.000000
vt 0.918367 0.000000
vt 0.925170 1.000000
vt 0.925170 0.000000
vt 0.931973 1.000000
vt 0.931973 0.000000
vt 0.938776 1.000000
vt 0.938776 0.000000
vt 0.945578 1.000000
vt 0.945578 0.000000
vt 0.952381 1.000000
vt 0.952381 0.000000
vt 0.959184 1.000000
vt 0.959184 0.000000
vt 0.965986 1.000000
vt 0.965986 0.000000
vt 0.972789 1.000000
vt 0.972789 0.000000
vt 0.979592 1.000000
vt 0.979592 0.000000
vt 0.986395 1.000000
vt 0.986395 0.000000
vt 0.993197 1.000000
vt 0.993197 0.000000
vt 1.000000 1.000000
s 0
f 383/388/98 385/389/98 384/390/98
f 382/391/98 385/389/98 383/388/98
f 381/392/98 385/389/98 382/391/98
f 381/392/98 386/393/98 385/389/98
f 380/394/98 386/393/98 381/392/98
f 379/395/98 386/393/98 380/394/98
f 378/396/98 386/393/98 379/395/98
f 378/396/98 387/397/98 386/393/98
f 377/398/98 387/397/98 378/396/98
f 376/399/98 387/397/98 377/398/98
f 375/400/98 387/397/98 376/399/98
f 375/400/98 388/401/98 387/397/98
f 374/402/98 388/401/98 375/400/98
f 373/403/98 388/401/98 374/402/98
f 373/403/98 389/404/98 388/401/98
f 519/405/98 389/404/98 373/403/98
f 518/406/98 517/407/98 519/405/98
f 517/407/98 516/408/98 519/405/98
f 516/408/98 515/409/98 519/405/98
f 515/409/98 514/410/98 519/405/98
f 514/410/98 389/404/98 519/405/98
f 514/410/98 513/411/98 389/404/98
f 513/411/98 512/412/98 389/404/98
f 512/412/98 390/413/98 389/404/98
f 512/412/98 511/414/98 390/413/98
f 511/414/98 510/415/98 390/413/98
f 510/415/98 391/416/98 390/413/98
f 510/415/98 509/417/98 391/416/98
f 509/417/98 508/418/98 391/416/98
f 508/418/98 507/419/98 391/416/98
f 507/419/98 392/420/98 391/416/98
f 507/419/98 506/421/98 392/420/98
f 506/421/98 505/422/98 392/420/98
f 505/422/98 393/423/98 392/420/98
f 504/424/98 393/423/98 505/422/98
f 503/425/98 393/423/98 504/424/98
f 502/426/98 393/423/98 503/425/98
f 502/426/98 394/427/98 393/423/98
f 501/428/98 394/427/98 502/426/98
f 500/429/98 394/427/98 501/428/98
f 499/430/98 394/427/98 500/429/98
f 499/430/98 395/431/98 394/427/98
f 498/432/98 395/431/98 499/430/98
f 497/433/98 395/431/98 498/432/98
f 497/433/98 396/434/98 395/431/98
f 496/435/98 396/434/98 497/433/98
f 495/436/98 396/434/98 496/435/98
f 495/436/98 397/437/98 396/434/98
f 494/438/98 397/437/98 495/436/98
f 493/439/98 397/437/98 494/438/98
f 493/439/98 398/440/98 397/437/98
f 492/441/98 398/440/98 493/439/98
f 492/441/98 399/442/98 398/440/98
f 491/443/98 399/442/98 492/441/98
f 491/443/98 400/444/98 399/442/98
f 490/445/98 400/444/98 491/443/98
f 490/445/98 401/446/98 400/444/98
f 489/447/98 401/446/98 490/445/98
f 489/447/98 402/448/98 401/446/98
f 488/449/98 402/448/98 489/447/98
f 487/450/98 402/448/98 488/449/98
f 487/450/98 403/451/98 402/448/98
f 486/452/98 403/451/98 487/450/98
f 486/452/98 404/453/98 403/451/98
f 485/454/98 404/453/98 486/452/98
f 484/455/98 404/453/98 485/454/98
f 483/456/98 404/453/98 484/455/98
f 483/456/98 405/457/98 404/453/98
f 482/458/98 405/457/98 483/456/98
f 481/459/98 405/457/98 482/458/98
f 481/459/98 406/460/98 405/457/98
f 481/459/98 407/461/98 406/460/98
f 481/459/98 408/462/98 407/461/98
f 481/459/98 409/463/98 408/462/98
f 481/459/98 410/464/98 409/463/98
f 481/459/98 411/465/98 410/464/98
f 481/459/98 412/466/98 411/465/98
f 481/459/98 413/467/98 412/466/98
f 481/459/98 480/468/98 413/467/98
f 480/468/98 414/469/98 413/467/98
f 479/470/98 414/469/98 480/468/98
f 478/471/98 414/469/98 479/470/98
f 477/472/98 414/469/98 478/471/98
f 477/472/98 415/473/98 414/469/98
f 476/474/98 415/473/98 477/472/98
f 475/475/98 415/473/98 476/474/98
f 475/475/98 416/476/98 415/473/98
f 474/477/98 416/476/98 475/475/98
f 474/477/98 417/478/98 416/476/98
f 473/479/98 417/478/98 474/477/98
f 472/480/98 417/478/98 473/479/98
f 472/480/98 418/481/98 417/478/98
f 471/482/98 418/481/98 472/480/98
f 471/482/98 419/483/98 418/481/98
f 470/484/98 419/483/98 471/482/98
f 470/484/98 420/485/98 419/483/98
f 469/486/98 420/485/98 470/484/98
f 469/486/98 421/487/98 420/485/98
f 468/488/98 421/487/98 469/486/98
f 467/489/98 421/487/98 468/488/98
f 467/489/98 422/490/98 421/487/98
f 466/491/98 422/490/98 467/489/98
f 465/492/98 422/490/98 466/491/98
f 465/492/98 423/493/98 422/490/98
f 444/494/98 446/495/98 445/496/98
f 464/497/98 423/493/98 465/492/98
f 444/494/98 447/498/98 446/495/98
f 463/499/98 423/493/98 464/497/98
f 444/494/98 448/500/98 447/498/98
f 463/499/98 424/501/98 423/493/98
f 462/502/98 424/501/98 463/499/98
f 444/494/98 449/503/98 448/500/98
f 444/494/98 450/504/98 449/503/98
f 461/505/98 424/501/98 462/502/98
f 444/494/98 451/506/98 450/504/98
f 460/507/98 424/501/98 461/505/98
f 444/494/98 452/508/98 451/506/98
f 444/494/98 453/509/98 452/508/98
f 459/510/98 424/501/98 460/507/98
f 459/510/98 425/511/98 424/501/98
f 444/494/98 454/512/98 453/509/98
f 458/513/98 425/511/98 459/510/98
f 444/494/98 455/514/98 454/512/98
f 444/494/98 456/515/98 455/514/98
f 457/516/98 425/511/98 458/513/98
f 444/494/98 457/516/98 456/515/98
f 444/494/98 425/511/98 457/516/98
f 444/494/98 426/517/98 425/511/98
f 444/494/98 427/518/98 426/517/98
f 444/494/98 428/519/98 427/518/98
f 443/520/98 428/519/98 444/494/98
f 442/521/98 428/519/98 443/520/98
f 441/522/98 428/519/98 442/521/98
f 441/522/98 429/523/98 428/519/98
f 440/524/98 429/523/98 441/522/98
f 439/525/98 429/523/98 440/524/98
f 439/525/98 430/526/98 429/523/98
f 438/527/98 430/526/98 439/525/98
f 437/528/98 430/526/98 438/527/98
f 436/529/98 430/526/98 437/528/98
f 436/529/98 431/530/98 430/526/98
f 435/531/98 431/530/98 436/529/98
f 434/532/98 431/530/98 435/531/98
f 434/532/98 432/533/98 431/530/98
f 433/534/98 432/533/98 434/532/98
f 530/388/99 531/390/99 532/389/99
f 529/391/99 530/388/99 532/389/99
f 528/392/99 529/391/99 532/389/99
f 528/392/99 532/389/99 533/393/99
f 527/394/99 528/392/99 533/393/99
f 526/395/99 527/394/99 533/393/99
f 525/396/99 526/395/99 533/393/99
f 525/396/99 533/393/99 534/397/99
f 524/398/99 525/396/99 534/397/99
f 523/399/99 524/398/99 534/397/99
f 522/400/99 523/399/99 534/397/99
f 522/400/99 534/397/99 535/401/99
f 521/402/99 522/400/99 535/401/99
f 520/403/99 521/402/99 535/401/99
f 520/403/99 535/401/99 536/404/99
f 666/405/99 520/403/99 536/404/99
f 665/406/99 666/405/99 664/407/99
f 664/407/99 666/405/99 663/408/99
f 663/408/99 666/405/99 662/409/99
f 662/409/99 666/405/99 661/410/99
f 661/410/99 666/405/99 536/404/99
f 661/410/99 536/404/99 660/411/99
f 660/411/99 536/404/99 659/412/99
f 659/412/99 536/404/99 537/413/99
f 659/412/99 537/413/99 658/414/99
f 658/414/99 537/413/99 657/415/99
f 657/415/99 537/413/99 538/416/99
f 657/415/99 538/416/99 656/417/99
f 656/417/99 538/416/99 655/418/99
f 655/418/99 538/416/99 654/419/99
f 654/419/99 538/416/99 539/420/99
f 654/419/99 539/420/99 653/421/99
f 653/421/99 539/420/99 652/422/99
f 652/422/99 539/420/99 540/423/99
f 651/424/99 652/422/99 540/423/99
f 650/425/99 651/424/99 540/423/99
f 649/426/99 650/425/99 540/423/99
f 649/426/99 540/423/99 541/427/99
f 648/428/99 649/426/99 541/427/99
f 647/429/99 648/428/99 541/427/99
f 646/430/99 647/429/99 541/427/99
f 646/430/99 541/427/99 542/431/99
f 645/432/99 646/430/99 542/431/99
f 644/433/99 645/432/99 542/431/99
f 644/433/99 542/431/99 543/434/99
f 643/435/99 644/433/99 543/434/99
f 642/436/99 643/435/99 543/434/99
f 642/436/99 543/434/99 544/437/99
f 641/438/99 642/436/99 544/437/99
f 640/439/99 641/438/99 544/437/99
f 640/439/99 544/437/99 545/440/99
f 639/441/99 640/439/99 545/440/99
f 639/441/99 545/440/99 546/442/99
f 638/443/99 639/441/99 546/442/99
f 638/443/99 546/442/99 547/444/99
f 637/445/99 638/443/99 547/444/99
f 637/445/99 547/444/99 548/446/99
f 636/447/99 637/445/99 548/446/99
f 636/447/99 548/446/99 549/448/99
f 635/449/99 636/447/99 549/448/99
f 634/450/99 635/449/99 549/448/99
f 634/450/99 549/448/99 550/451/99
f 633/452/99 634/450/99 550/451/99
f 633/452/99 550/451/99 551/453/99
f 632/454/99 633/452/99 551/453/99
f 631/455/99 632/454/99 551/453/99
f 630/456/99 631/455/99 551/453/99
f 630/456/99 551/453/99 552/457/99
f 629/458/99 630/456/99 552/457/99
f 628/459/99 629/458/99 552/457/99
f 628/459/99 552/457/99 553/460/99
f 628/459/99 553/460/99 554/461/99
f 628/459/99 554/461/99 555/462/99
f 628/459/99 555/462/99 556/463/99
f 628/459/99 556/463/99 557/464/99
f 628/459/99 557/464/99 558/465/99
f 628/459/99 558/465/99 559/466/99
f 628/459/99 559/466/99 560/467/99
f 628/459/99 560/467/99 627/468/99
f 627/468/99 560/467/99 561/469/99
f 626/470/99 627/468/99 561/469/99
f 625/471/99 626/470/99 561/469/99
f 624/472/99 625/471/99 561/469/99
f 624/472/99 561/469/99 562/473/99
f 623/474/99 624/472/99 562/473/99
f 622/475/99 623/474/99 562/473/99
f 622/475/99 562/473/99 563/476/99
f 621/477/99 622/475/99 563/476/99
f 621/477/99 563/476/99 564/478/99
f 620/479/99 621/477/99 564/478/99
f 619/480/99 620/479/99 564/478/99
f 619/480/99 564/478/99 565/481/99
f 618/482/99 619/480/99 565/481/99
f 618/482/99 565/481/99 566/483/99
f 617/484/99 618/482/99 566/483/99
f 617/484/99 566/483/99 567/485/99
f 616/486/99 617/484/99 567/485/99
f 616/486/99 567/485/99 568/487/99
f 615/488/99 616/486/99 568/487/99
f 614/489/99 615/488/99 568/487/99
f 614/489/99 568/487/99 569/490/99
f 613/491/99 614/489/99 569/490/99
f 612/492/99 613/491/99 569/490/99
f 612/492/99 569/490/99 570/493/99
f 591/494/99 592/496/99 593/495/99
f 611/497/99 612/492/99 570/493/99
f 591/494/99 593/495/99 594/498/99
f 610/499/99 611/497/99 570/493/99
f 591/494/99 594/498/99 595/500/99
f 610/499/99 570/493/99 571/501/99
f 609/502/99 610/499/99 571/501/99
f 591/494/99 595/500/99 596/503/99
f 591/494/99 596/503/99 597/504/99
f 608/505/99 609/502/99 571/501/99
f 591/494/99 597/504/99 598/506/99
f 607/507/99 608/505/99 571/501/99
f 591/494/99 598/506/99 599/508/99
f 591/494/99 599/508/99 600/509/99
f 606/510/99 607/507/99 571/501/99
f 606/510/99 571/501/99 572/511/99
f 591/494/99 600/509/99 601/512/99
f 605/513/99 606/510/99 572/511/99
f 591/494/99 601/512/99 602/514/99
f 591/494/99 602/514/99 603/515/99
f 604/516/99 605/513/99 572/511/99
f 591/494/99 603/515/99 604/516/99
f 591/494/99 604/516/99 572/511/99
f 591/494/99 572/511/99 573/517/99
f 591/494/99 573/517/99 574/518/99
f 591/494/99 574/518/99 575/519/99
f 590/520/99 591/494/99 575/519/99
f 589/521/99 590/520/99 575/519/99
f 588/522/99 589/521/99 575/519/99
f 588/522/99 575/519/99 576/523/99
f 587/524/99 588/522/99 576/523/99
f 586/525/99 587/524/99 576/523/99
f 586/525/99 576/523/99 577/526/99
f 585/527/99 586/525/99 577/526/99
f 584/528/99 585/527/99 577/526/99
f 583/529/99 584/528/99 577/526/99
f 583/529/99 577/526/99 578/530/99
f 582/531/99 583/529/99 578/530/99
f 581/532/99 582/531/99 578/530/99
f 581/532/99 578/530/99 579/533/99
f 580/534/99 581/532/99 579/533/99
s 1
f 668/535/100 670/536/101 669/537/101 667/403/100
f 670/536/101 672/538/102 671/539/102 669/537/101
f 672/538/102 674/540/103 673/541/103 671/539/102
f 674/540/103 676/542/104 675/543/104 673/541/103
f 676/542/104 678/544/105 677/545/105 675/543/104
f 678/544/105 680/546/106 679/547/106 677/545/105
f 680/546/106 682/548/107 681/549/107 679/547/106
f 682/548/107 684/550/108 683/551/108 681/549/107
f 684/550/108 686/552/109 685/553/109 683/551/108
f 686/552/109 688/554/110 687/555/110 685/553/109
f 688/554/110 690/556/111 689/557/111 687/555/110
f 690/556/111 692/558/112 691/559/112 689/557/111
f 692/558/112 694/560/113 693/561/113 691/559/112
f 694/560/113 696/562/114 695/563/114 693/561/113
f 696/562/114 698/564/115 697/565/115 695/563/114
f 698/564/115 700/566/116 699/567/116 697/565/115
f 700/566/116 702/568/117 701/569/117 699/567/116
f 702/568/117 704/570/118 703/571/118 701/569/117
f 704/570/118 706/572/119 705/573/119 703/571/118
f 706/572/119 708/574/120 707/575/120 705/573/119
f 708/574/120 710/576/121 709/577/121 707/575/120
f 710/576/121 712/578/122 711/579/122 709/577/121
f 712/578/122 714/580/123 713/581/123 711/579/122
f 714/580/123 716/582/124 715/583/124 713/581/123
f 716/582/124 718/584/125 717/585/125 715/583/124
f 718/584/125 720/586/126 719/587/126 717/585/125
f 720/586/126 722/588/127 721/589/127 719/587/126
f 722/588/127 724/590/128 723/591/128 721/589/127
f 724/590/128 726/592/129 725/593/129 723/591/128
f 726/592/129 728/594/130 727/595/130 725/593/129
f 728/594/130 730/596/131 729/597/131 727/595/130
f 730/596/131 732/598/132 731/599/132 729/597/131
f 732/598/132 734/600/133 733/601/133 731/599/132
f 734/600/133 736/602/134 735/603/134 733/601/133
f 736/602/134 738/604/135 737/605/135 735/603/134
f 738/604/135 740/606/136 739/607/136 737/605/135
f 740/606/136 742/608/137 741/609/137 739/607/136
f 742/608/137 744/610/138 743/611/138 741/609/137
f 744/610/138 746/612/139 745/613/139 743/611/138
f 746/612/139 748/614/140 747/615/140 745/613/139
f 748/614/140 750/616/141 749/617/141 747/615/140
f 750/616/141 752/618/142 751/619/142 749/617/141
f 752/618/142 754/620/143 753/621/143 751/619/142
f 754/620/143 756/622/144 755/623/144 753/621/143
f 756/622/144 758/624/145 757/625/145 755/623/144
f 758/624/145 760/626/146 759/627/146 757/625/145
f 760/626/146 762/628/147 761/629/147 759/627/146
f 762/628/147 764/630/148 763/631/148 761/629/147
f 764/630/148 766/632/149 765/633/149 763/631/148
f 766/632/149 768/634/150 767/635/150 765/633/149
f 768/634/150 770/636/151 769/637/151 767/635/150
f 770/636/151 772/638/152 771/639/152 769/637/151
f 772/638/152 774/640/153 773/641/153 771/639/152
f 774/640/153 776/642/154 775/643/154 773/641/153
f 776/642/154 778/644/155 777/645/155 775/643/154
f 778/644/155 780/646/156 779/647/156 777/645/155
f 780/646/156 782/648/157 781/649/157 779/647/156
f 782/648/157 784/650/158 783/651/158 781/649/157
f 784/650/158 786/652/159 785/653/159 783/651/158
f 786/652/159 788/654/160 787/655/160 785/653/159
f 788/654/160 790/656/161 789/657/161 787/655/160
f 790/656/161 792/658/162 791/659/162 789/657/161
f 792/658/162 794/660/163 793/661/163 791/659/162
f 794/660/163 796/662/164 795/663/164 793/661/163
f 796/662/164 798/664/165 797/665/165 795/663/164
f 798/664/165 800/666/166 799/667/166 797/665/165
f 800/666/166 802/668/167 801/669/167 799/667/166
f 802/668/167 804/670/168 803/671/168 801/669/167
f 804/670/168 806/672/169 805/673/169 803/671/168
f 806/672/169 808/674/170 807/675/170 805/673/169
f 808/674/170 810/676/171 809/677/171 807/675/170
f 810/676/171 812/678/172 811/679/172 809/677/171
f 812/678/172 814/680/173 813/681/173 811/679/172
f 814/680/173 816/682/174 815/683/174 813/681/173
f 816/682/174 818/684/175 817/685/175 815/683/174
f 818/684/175 820/686/176 819/687/176 817/685/175
f 820/686/176 822/688/177 821/689/177 819/687/176
f 822/688/177 824/690/178 823/691/178 821/689/177
f 824/690/178 826/692/179 825/693/179 823/691/178
f 826/692/179 828/694/180 827/695/180 825/693/179
f 828/694/180 830/696/181 829/697/181 827/695/180
f 830/696/181 832/698/182 831/699/182 829/697/181
f 832/698/182 834/700/183 833/701/183 831/699/182
f 834/700/183 836/702/184 835/703/184 833/701/183
f 836/702/184 838/704/185 837/705/185 835/703/184
f 838/704/185 840/706/186 839/707/186 837/705/185
f 840/706/186 842/708/187 841/709/187 839/707/186
f 842/708/187 844/710/188 843/711/188 841/709/187
f 844/710/188 846/712/189 845/713/189 843/711/188
f 846/712/189 848/714/190 847/715/190 845/713/189
f 848/714/190 850/716/191 849/717/191 847/715/190
f 850/716/191 852/718/192 851/719/192 849/717/191
f 852/718/192 854/720/193 853/721/193 851/719/192
f 854/720/193 856/722/194 855/723/194 853/721/193
f 856/722/194 858/724/195 857/725/195 855/723/194
f 858/724/195 860/726/196 859/727/196 857/725/195
f 860/726/196 862/728/197 861/729/197 859/727/196
f 862/728/197 864/730/198 863/731/198 861/729/197
f 864/730/198 866/732/199 865/733/199 863/731/198
f 866/732/199 868/734/200 867/735/200 865/733/199
f 868/734/200 870/736/201 869/737/201 867/735/200
f 870/736/201 872/738/202 871/739/202 869/737/201
f 872/738/202 874/740/203 873/741/203 871/739/202
f 874/740/203 876/742/204 875/743/204 873/741/203
f 876/742/204 878/744/205 877/745/205 875/743/204
f 878/744/205 880/746/206 879/747/206 877/745/205
f 880/746/206 882/748/207 881/749/207 879/747/206
f 882/748/207 884/750/208 883/751/208 881/749/207
f 884/750/208 886/752/209 885/753/209 883/751/208
f 886/752/209 888/754/210 887/755/210 885/753/209
f 888/754/210 890/756/211 889/757/211 887/755/210
f 890/756/211 892/758/212 891/759/212 889/757/211
f 892/758/212 894/760/213 893/761/213 891/759/212
f 894/760/213 896/762/214 895/763/214 893/761/213
f 896/762/214 898/764/215 897/765/215 895/763/214
f 898/764/215 900/766/216 899/767/216 897/765/215
f 900/766/216 902/768/217 901/769/217 899/767/216
f 902/768/217 904/770/218 903/771/218 901/769/217
f 904/770/218 906/772/219 905/773/219 903/771/218
f 906/772/219 908/774/220 907/775/220 905/773/219
f 908/774/220 910/776/221 909/777/221 907/775/220
f 910/776/221 912/778/222 911/779/222 909/777/221
f 912/778/222 914/780/223 913/781/223 911/779/222
f 914/780/223 916/782/224 915/783/224 913/781/223
f 916/782/224 918/784/225 917/785/225 915/783/224
f 918/784/225 920/786/226 919/787/226 917/785/225
f 920/786/226 922/788/227 921/789/227 919/787/226
f 922/788/227 924/790/228 923/791/228 921/789/227
f 924/790/228 926/792/229 925/793/229 923/791/228
f 926/792/229 928/794/230 927/795/230 925/793/229
f 928/794/230 930/796/231 929/797/231 927/795/230
f 930/796/231 932/798/232 931/799/232 929/797/231
f 932/798/232 934/800/233 933/801/233 931/799/232
f 934/800/233 936/802/234 935/803/234 933/801/233
f 936/802/234 938/804/235 937/805/235 935/803/234
f 938/804/235 940/806/236 939/807/236 937/805/235
f 940/806/236 942/808/237 941/809/237 939/807/236
f 942/808/237 944/810/238 943/811/238 941/809/237
f 944/810/238 946/812/239 945/813/239 943/811/238
f 946/812/239 948/814/240 947/815/240 945/813/239
f 948/814/240 950/816/241 949/817/241 947/815/240
f 950/816/241 952/818/242 951/819/242 949/817/241
f 952/818/242 954/820/243 953/821/243 951/819/242
f 954/820/243 956/822/244 955/823/244 953/821/243
f 956/822/244 958/824/245 957/825/245 955/823/244
f 958/824/245 960/826/246 959/827/246 957/825/245
f 960/826/246 668/828/100 667/405/100 959/827/246
o Text.003
v 0.300256 -2.294344 -2.284079
v 0.300256 -2.304735 -2.266475
v 0.300256 -2.314222 -2.248453
v 0.300256 -2.322806 -2.230015
v 0.300256 -2.330486 -2.211160
v 0.300256 -2.337262 -2.191887
v 0.300256 -2.343135 -2.172198
v 0.300256 -2.348105 -2.152092
v 0.300256 -2.352171 -2.131568
v 0.300256 -2.355333 -2.110628
v 0.300256 -2.357592 -2.089270
v 0.300256 -2.358948 -2.067496
v 0.300256 -2.359399 -2.045304
v 0.300256 -2.358948 -2.023112
v 0.300256 -2.357592 -2.001338
v 0.300256 -2.355333 -1.979980
v 0.300256 -2.352171 -1.959040
v 0.300256 -2.348105 -1.938516
v 0.300256 -2.343135 -1.918410
v 0.300256 -2.337262 -1.898721
v 0.300256 -2.330486 -1.879448
v 0.300256 -2.322806 -1.860593
v 0.300256 -2.314222 -1.842155
v 0.300256 -2.304735 -1.824133
v 0.300256 -2.294344 -1.806529
v 0.300256 -2.283119 -1.789441
v 0.300256 -2.271130 -1.772968
v 0.300256 -2.258376 -1.757112
v 0.300256 -2.244857 -1.741870
v 0.300256 -2.230574 -1.727245
v 0.300256 -2.215527 -1.713235
v 0.300256 -2.199714 -1.699841
v 0.300256 -2.183138 -1.687061
v 0.300256 -2.165797 -1.674898
v 0.300256 -2.147691 -1.663351
v 0.300256 -2.128821 -1.652419
v 0.300256 -2.109186 -1.642103
v 0.300256 -2.088871 -1.632511
v 0.300256 -2.067960 -1.623754
v 0.300256 -2.046454 -1.615830
v 0.300256 -2.024352 -1.608741
v 0.300256 -2.001654 -1.602486
v 0.300256 -1.978360 -1.597064
v 0.300256 -1.954471 -1.592477
v 0.300256 -1.929986 -1.588724
v 0.300256 -1.904904 -1.585805
v 0.300256 -1.879228 -1.583720
v 0.300256 -1.852955 -1.582469
v 0.300256 -1.826087 -1.582052
v 0.300256 -1.798767 -1.582469
v 0.300256 -1.772093 -1.583720
v 0.300256 -1.746064 -1.585805
v 0.300256 -1.720680 -1.588724
v 0.300256 -1.695942 -1.592477
v 0.300256 -1.671849 -1.597064
v 0.300256 -1.648401 -1.602486
v 0.300256 -1.625599 -1.608741
v 0.300256 -1.603442 -1.615830
v 0.300256 -1.581931 -1.623754
v 0.300256 -1.561064 -1.632511
v 0.300256 -1.540844 -1.642103
v 0.300256 -1.521323 -1.652419
v 0.300256 -1.502558 -1.663351
v 0.300256 -1.484546 -1.674899
v 0.300256 -1.467289 -1.687062
v 0.300256 -1.450787 -1.699841
v 0.300256 -1.435040 -1.713235
v 0.300256 -1.420047 -1.727245
v 0.300256 -1.405808 -1.741870
v 0.300256 -1.392325 -1.757112
v 0.300256 -1.379596 -1.772968
v 0.300256 -1.367621 -1.789441
v 0.300256 -1.356401 -1.806529
v 0.300256 -1.346010 -1.824133
v 0.300256 -1.336523 -1.842154
v 0.300256 -1.327939 -1.860592
v 0.300256 -1.320259 -1.879448
v 0.300256 -1.313483 -1.898720
v 0.300256 -1.307609 -1.918410
v 0.300256 -1.302640 -1.938516
v 0.300256 -1.298574 -1.959040
v 0.300256 -1.295412 -1.979980
v 0.300256 -1.293153 -2.001338
v 0.300256 -1.291797 -2.023112
v 0.300256 -1.291346 -2.045304
v 0.300256 -1.291797 -2.067495
v 0.300256 -1.293153 -2.089270
v 0.300256 -1.295411 -2.110627
v 0.300256 -1.298574 -2.131567
v 0.300256 -1.302640 -2.152091
v 0.300256 -1.307609 -2.172197
v 0.300256 -1.313482 -2.191887
v 0.300256 -1.320259 -2.211159
v 0.300256 -1.327939 -2.230015
v 0.300256 -1.336523 -2.248453
v 0.300256 -1.346010 -2.266474
v 0.300256 -1.356401 -2.284079
v 0.300256 -1.367621 -2.301162
v 0.300256 -1.379596 -2.317619
v 0.300256 -1.392325 -2.333451
v 0.300256 -1.405808 -2.348658
v 0.300256 -1.420047 -2.363238
v 0.300256 -1.435040 -2.377194
v 0.300256 -1.450787 -2.390523
v 0.300256 -1.467289 -2.403228
v 0.300256 -1.484546 -2.415307
v 0.300256 -1.502557 -2.426760
v 0.300256 -1.521323 -2.437587
v 0.300256 -1.540844 -2.447790
v 0.300256 -1.561065 -2.457267
v 0.300256 -1.581931 -2.465920
v 0.300256 -1.603442 -2.473750
v 0.300256 -1.625599 -2.480755
v 0.300256 -1.648401 -2.486936
v 0.300256 -1.671849 -2.492292
v 0.300256 -1.695941 -2.496825
v 0.300256 -1.720680 -2.500534
v 0.300256 -1.746064 -2.503417
v 0.300256 -1.772093 -2.505478
v 0.300256 -1.798767 -2.506714
v 0.300256 -1.826087 -2.507126
v 0.300256 -1.852955 -2.506714
v 0.300256 -1.879228 -2.505478
v 0.300256 -1.904904 -2.503417
v 0.300256 -1.929985 -2.500534
v 0.300256 -1.954471 -2.496825
v 0.300256 -1.978360 -2.492292
v 0.300256 -2.001654 -2.486936
v 0.300256 -2.024352 -2.480755
v 0.300256 -2.046454 -2.473750
v 0.300256 -2.067960 -2.465920
v 0.300256 -2.088871 -2.457267
v 0.300256 -2.109186 -2.447790
v 0.300256 -2.128821 -2.437588
v 0.300256 -2.147691 -2.426760
v 0.300256 -2.165797 -2.415307
v 0.300256 -2.183138 -2.403228
v 0.300256 -2.199714 -2.390524
v 0.300256 -2.215527 -2.377194
v 0.300256 -2.230574 -2.363239
v 0.300256 -2.244857 -2.348658
v 0.300256 -2.258376 -2.333452
v 0.300256 -2.271130 -2.317620
v 0.300256 -2.283119 -2.301163
v 0.300256 -2.189254 -1.875159
v 0.300256 -2.196790 -1.887918
v 0.300256 -2.203671 -1.900935
v 0.300256 -2.209897 -1.914210
v 0.300256 -2.215467 -1.927743
v 0.300256 -2.220382 -1.941535
v 0.300256 -2.224642 -1.955585
v 0.300256 -2.228246 -1.969893
v 0.300256 -2.231195 -1.984458
v 0.300256 -2.233488 -1.999282
v 0.300256 -2.235127 -2.014365
v 0.300256 -2.236110 -2.029705
v 0.300256 -2.236437 -2.045304
v 0.300256 -2.236110 -2.060674
v 0.300256 -2.235127 -2.075806
v 0.300256 -2.233488 -2.090700
v 0.300256 -2.231195 -2.105355
v 0.300256 -2.228246 -2.119772
v 0.300256 -2.224642 -2.133952
v 0.300256 -2.220382 -2.147892
v 0.300256 -2.215467 -2.161594
v 0.300256 -2.209897 -2.175057
v 0.300256 -2.203671 -2.188283
v 0.300256 -2.196790 -2.201270
v 0.300256 -2.189254 -2.214019
v 0.300256 -2.181077 -2.226430
v 0.300256 -2.172276 -2.238405
v 0.300256 -2.162848 -2.249943
v 0.300256 -2.152795 -2.261044
v 0.300256 -2.142116 -2.271708
v 0.300256 -2.130811 -2.281934
v 0.300256 -2.118882 -2.291724
v 0.300256 -2.106326 -2.301078
v 0.300256 -2.093145 -2.309994
v 0.300256 -2.079339 -2.318473
v 0.300256 -2.064907 -2.326516
v 0.300256 -2.049850 -2.334122
v 0.300256 -2.034206 -2.341201
v 0.300256 -2.018017 -2.347665
v 0.300256 -2.001281 -2.353514
v 0.300256 -1.984000 -2.358746
v 0.300256 -1.966172 -2.363363
v 0.300256 -1.947798 -2.367364
v 0.300256 -1.928878 -2.370750
v 0.300256 -1.909412 -2.373520
v 0.300256 -1.889400 -2.375675
v 0.300256 -1.868842 -2.377214
v 0.300256 -1.847738 -2.378138
v 0.300256 -1.826087 -2.378445
v 0.300256 -1.803980 -2.378137
v 0.300256 -1.782459 -2.377214
v 0.300256 -1.761523 -2.375675
v 0.300256 -1.741174 -2.373520
v 0.300256 -1.721410 -2.370750
v 0.300256 -1.702232 -2.367364
v 0.300256 -1.683640 -2.363363
v 0.300256 -1.665633 -2.358746
v 0.300256 -1.648212 -2.353513
v 0.300256 -1.631378 -2.347665
v 0.300256 -1.615129 -2.341201
v 0.300256 -1.599465 -2.334122
v 0.300256 -1.584408 -2.326516
v 0.300256 -1.569976 -2.318473
v 0.300256 -1.556170 -2.309994
v 0.300256 -1.542989 -2.301077
v 0.300256 -1.530433 -2.291724
v 0.300256 -1.518503 -2.281934
v 0.300256 -1.507199 -2.271707
v 0.300256 -1.496521 -2.261043
v 0.300256 -1.486467 -2.249942
v 0.300256 -1.477040 -2.238405
v 0.300256 -1.468237 -2.226430
v 0.300256 -1.460061 -2.214019
v 0.300256 -1.452525 -2.201270
v 0.300256 -1.445644 -2.188283
v 0.300256 -1.439418 -2.175057
v 0.300256 -1.433848 -2.161594
v 0.300256 -1.428933 -2.147892
v 0.300256 -1.424674 -2.133952
v 0.300256 -1.421069 -2.119772
v 0.300256 -1.418120 -2.105355
v 0.300256 -1.415827 -2.090700
v 0.300256 -1.414188 -2.075806
v 0.300256 -1.413205 -2.060674
v 0.300256 -1.412878 -2.045304
v 0.300256 -1.413210 -2.029705
v 0.300256 -1.414208 -2.014365
v 0.300256 -1.415871 -1.999282
v 0.300256 -1.418200 -1.984458
v 0.300256 -1.421193 -1.969893
v 0.300256 -1.424852 -1.955585
v 0.300256 -1.429176 -1.941535
v 0.300256 -1.434166 -1.927743
v 0.300256 -1.439820 -1.914210
v 0.300256 -1.446140 -1.900935
v 0.300256 -1.453125 -1.887918
v 0.300256 -1.460776 -1.875159
v 0.300256 -1.469061 -1.862747
v 0.300256 -1.477953 -1.850773
v 0.300256 -1.487450 -1.839235
v 0.300256 -1.497553 -1.828135
v 0.300256 -1.508262 -1.817471
v 0.300256 -1.519576 -1.807243
v 0.300256 -1.531496 -1.797453
v 0.300256 -1.544021 -1.788100
v 0.300256 -1.557152 -1.779184
v 0.300256 -1.570889 -1.770704
v 0.300256 -1.585232 -1.762662
v 0.300256 -1.600180 -1.755056
v 0.300256 -1.615729 -1.747977
v 0.300256 -1.631874 -1.741513
v 0.300256 -1.648615 -1.735664
v 0.300256 -1.665951 -1.730432
v 0.300256 -1.683883 -1.725815
v 0.300256 -1.702410 -1.721813
v 0.300256 -1.721534 -1.718428
v 0.300256 -1.741253 -1.715658
v 0.300256 -1.761568 -1.713503
v 0.300256 -1.782479 -1.711964
v 0.300256 -1.803985 -1.711040
v 0.300256 -1.826087 -1.710733
v 0.300256 -1.847738 -1.711040
v 0.300256 -1.868842 -1.711964
v 0.300256 -1.889400 -1.713503
v 0.300256 -1.909412 -1.715658
v 0.300256 -1.928878 -1.718428
v 0.300256 -1.947798 -1.721814
v 0.300256 -1.966172 -1.725815
v 0.300256 -1.984000 -1.730432
v 0.300256 -2.001281 -1.735665
v 0.300256 -2.018017 -1.741513
v 0.300256 -2.034206 -1.747977
v 0.300256 -2.049850 -1.755056
v 0.300256 -2.064907 -1.762662
v 0.300256 -2.079339 -1.770705
v 0.300256 -2.093145 -1.779184
v 0.300256 -2.106326 -1.788101
v 0.300256 -2.118882 -1.797454
v 0.300256 -2.130811 -1.807244
v 0.300256 -2.142116 -1.817471
v 0.300256 -2.152795 -1.828135
v 0.300256 -2.162848 -1.839235
v 0.300256 -2.172276 -1.850773
v 0.300256 -2.181077 -1.862748
v 0.300256 -1.421457 -0.975820
v 0.300256 -1.421457 -0.646968
v 0.300256 -1.304214 -0.646968
v 0.300256 -1.304214 -1.434783
v 0.300256 -1.421457 -1.434783
v 0.300256 -1.421457 -1.107361
v 0.300256 -2.345102 -1.107361
v 0.300256 -2.345102 -0.975820
v 0.300256 -2.335808 -0.236618
v 0.300256 -2.339576 -0.224872
v 0.300256 -2.343016 -0.212987
v 0.300256 -2.346129 -0.200963
v 0.300256 -2.348914 -0.188800
v 0.300256 -2.351372 -0.176497
v 0.300256 -2.353502 -0.164056
v 0.300256 -2.355304 -0.151476
v 0.300256 -2.356778 -0.138757
v 0.300256 -2.357925 -0.125899
v 0.300256 -2.358744 -0.112901
v 0.300256 -2.359236 -0.099765
v 0.300256 -2.359400 -0.086490
v 0.300256 -2.358948 -0.064299
v 0.300256 -2.357592 -0.042524
v 0.300256 -2.355334 -0.021167
v 0.300256 -2.352171 -0.000226
v 0.300256 -2.348105 0.020297
v 0.300256 -2.343136 0.040404
v 0.300256 -2.337263 0.060093
v 0.300256 -2.330486 0.079365
v 0.300256 -2.322806 0.098221
v 0.300256 -2.314222 0.116659
v 0.300256 -2.304735 0.134680
v 0.300256 -2.294344 0.152285
v 0.300256 -2.283119 0.169373
v 0.300256 -2.271130 0.185845
v 0.300256 -2.258376 0.201702
v 0.300256 -2.244857 0.216943
v 0.300256 -2.230574 0.231569
v 0.300256 -2.215527 0.245579
v 0.300256 -2.199715 0.258973
v 0.300256 -2.183138 0.271752
v 0.300256 -2.165797 0.283915
v 0.300256 -2.147691 0.295463
v 0.300256 -2.128821 0.306395
v 0.300256 -2.109186 0.316711
v 0.300256 -2.088871 0.326302
v 0.300256 -2.067961 0.335060
v 0.300256 -2.046454 0.342983
v 0.300256 -2.024352 0.350073
v 0.300256 -2.001654 0.356328
v 0.300256 -1.978360 0.361749
v 0.300256 -1.954471 0.366337
v 0.300256 -1.929986 0.370090
v 0.300256 -1.904905 0.373009
v 0.300256 -1.879228 0.375094
v 0.300256 -1.852956 0.376345
v 0.300256 -1.826088 0.376762
v 0.300256 -1.798768 0.376345
v 0.300256 -1.772093 0.375094
v 0.300256 -1.746064 0.373009
v 0.300256 -1.720680 0.370090
v 0.300256 -1.695942 0.366337
v 0.300256 -1.671849 0.361749
v 0.300256 -1.648401 0.356328
v 0.300256 -1.625599 0.350073
v 0.300256 -1.603442 0.342983
v 0.300256 -1.581931 0.335060
v 0.300256 -1.561065 0.326302
v 0.300256 -1.540844 0.316711
v 0.300256 -1.521324 0.306395
v 0.300256 -1.502558 0.295463
v 0.300256 -1.484546 0.283915
v 0.300256 -1.467289 0.271752
v 0.300256 -1.450787 0.258973
v 0.300256 -1.435040 0.245579
v 0.300256 -1.420047 0.231569
v 0.300256 -1.405808 0.216943
v 0.300256 -1.392325 0.201702
v 0.300256 -1.379596 0.185845
v 0.300256 -1.367621 0.169373
v 0.300256 -1.356401 0.152285
v 0.300256 -1.346010 0.134681
v 0.300256 -1.336523 0.116659
v 0.300256 -1.327939 0.098221
v 0.300256 -1.320259 0.079365
v 0.300256 -1.313483 0.060093
v 0.300256 -1.307610 0.040404
v 0.300256 -1.302640 0.020297
v 0.300256 -1.298574 -0.000226
v 0.300256 -1.295412 -0.021167
v 0.300256 -1.293153 -0.042524
v 0.300256 -1.291798 -0.064298
v 0.300256 -1.291346 -0.086490
v 0.300256 -1.291505 -0.099765
v 0.300256 -1.291981 -0.112901
v 0.300256 -1.292775 -0.125899
v 0.300256 -1.293887 -0.138757
v 0.300256 -1.295317 -0.151476
v 0.300256 -1.297065 -0.164056
v 0.300256 -1.299130 -0.176497
v 0.300256 -1.301513 -0.188800
v 0.300256 -1.304214 -0.200963
v 0.300256 -1.307232 -0.212987
v 0.300256 -1.310568 -0.224872
v 0.300256 -1.314222 -0.236618
v 0.300256 -1.318184 -0.248195
v 0.300256 -1.322444 -0.259574
v 0.300256 -1.327001 -0.270754
v 0.300256 -1.331856 -0.281736
v 0.300256 -1.337010 -0.292519
v 0.300256 -1.342461 -0.303104
v 0.300256 -1.348210 -0.313490
v 0.300256 -1.354257 -0.323677
v 0.300256 -1.360601 -0.333665
v 0.300256 -1.367244 -0.343456
v 0.300256 -1.374184 -0.353047
v 0.300256 -1.381423 -0.362440
v 0.300256 -1.388944 -0.371609
v 0.300256 -1.396733 -0.380531
v 0.300256 -1.404791 -0.389204
v 0.300256 -1.413116 -0.397629
v 0.300256 -1.421710 -0.405805
v 0.300256 -1.430572 -0.413734
v 0.300256 -1.439701 -0.421414
v 0.300256 -1.449099 -0.428846
v 0.300256 -1.458765 -0.436030
v 0.300256 -1.468699 -0.442965
v 0.300256 -1.478902 -0.449652
v 0.300256 -1.489372 -0.456091
v 0.300256 -1.500090 -0.462232
v 0.300256 -1.511037 -0.468026
v 0.300256 -1.522212 -0.473472
v 0.300256 -1.533616 -0.478571
v 0.300256 -1.545248 -0.483322
v 0.300256 -1.557108 -0.487725
v 0.300256 -1.569197 -0.491781
v 0.300256 -1.581514 -0.495490
v 0.300256 -1.594059 -0.498851
v 0.300256 -1.606833 -0.501864
v 0.300256 -1.619835 -0.504530
v 0.300256 -1.633066 -0.506849
v 0.300256 -1.633066 -0.375308
v 0.300256 -1.624105 -0.373292
v 0.300256 -1.615332 -0.371058
v 0.300256 -1.606749 -0.368606
v 0.300256 -1.598354 -0.365935
v 0.300256 -1.590147 -0.363046
v 0.300256 -1.582129 -0.359938
v 0.300256 -1.574300 -0.356611
v 0.300256 -1.566660 -0.353067
v 0.300256 -1.559208 -0.349304
v 0.300256 -1.551945 -0.345322
v 0.300256 -1.544870 -0.341122
v 0.300256 -1.537985 -0.336704
v 0.300256 -1.531282 -0.332096
v 0.300256 -1.524759 -0.327330
v 0.300256 -1.518414 -0.322406
v 0.300256 -1.512248 -0.317322
v 0.300256 -1.506261 -0.312079
v 0.300256 -1.500453 -0.306678
v 0.300256 -1.494823 -0.301118
v 0.300256 -1.489372 -0.295399
v 0.300256 -1.484099 -0.289521
v 0.300256 -1.479006 -0.283484
v 0.300256 -1.474091 -0.277288
v 0.300256 -1.469355 -0.270933
v 0.300256 -1.464802 -0.264440
v 0.300256 -1.460438 -0.257827
v 0.300256 -1.456263 -0.251095
v 0.300256 -1.452277 -0.244244
v 0.300256 -1.448479 -0.237274
v 0.300256 -1.444870 -0.230184
v 0.300256 -1.441449 -0.222976
v 0.300256 -1.438217 -0.215648
v 0.300256 -1.435174 -0.208201
v 0.300256 -1.432319 -0.200635
v 0.300256 -1.429653 -0.192950
v 0.300256 -1.427176 -0.185146
v 0.300256 -1.424892 -0.177252
v 0.300256 -1.422807 -0.169299
v 0.300256 -1.420920 -0.161286
v 0.300256 -1.419233 -0.153214
v 0.300256 -1.417743 -0.145082
v 0.300256 -1.416452 -0.136890
v 0.300256 -1.415360 -0.128639
v 0.300256 -1.414467 -0.120328
v 0.300256 -1.413772 -0.111958
v 0.300256 -1.413275 -0.103528
v 0.300256 -1.412977 -0.095039
v 0.300256 -1.412878 -0.086490
v 0.300256 -1.413216 -0.070663
v 0.300256 -1.414228 -0.055114
v 0.300256 -1.415916 -0.039843
v 0.300256 -1.418279 -0.024850
v 0.300256 -1.421318 -0.010135
v 0.300256 -1.425031 0.004302
v 0.300256 -1.429420 0.018461
v 0.300256 -1.434484 0.032341
v 0.300256 -1.440223 0.045944
v 0.300256 -1.446637 0.059269
v 0.300256 -1.453726 0.072316
v 0.300256 -1.461491 0.085085
v 0.300256 -1.469891 0.097491
v 0.300256 -1.478887 0.109451
v 0.300256 -1.488478 0.120964
v 0.300256 -1.498665 0.132030
v 0.300256 -1.509448 0.142649
v 0.300256 -1.520827 0.152821
v 0.300256 -1.532802 0.162546
v 0.300256 -1.545372 0.171825
v 0.300256 -1.558538 0.180657
v 0.300256 -1.572300 0.189042
v 0.300256 -1.586657 0.196981
v 0.300256 -1.601610 0.204472
v 0.300256 -1.617149 0.211437
v 0.300256 -1.633264 0.217797
v 0.300256 -1.649955 0.223551
v 0.300256 -1.667222 0.228699
v 0.300256 -1.685064 0.233242
v 0.300256 -1.703483 0.237179
v 0.300256 -1.722477 0.240510
v 0.300256 -1.742048 0.243235
v 0.300256 -1.762194 0.245355
v 0.300256 -1.782916 0.246869
v 0.300256 -1.804214 0.247778
v 0.300256 -1.826088 0.248081
v 0.300256 -1.847733 0.247773
v 0.300256 -1.868822 0.246850
v 0.300256 -1.889356 0.245311
v 0.300256 -1.909333 0.243156
v 0.300256 -1.928754 0.240386
v 0.300256 -1.947620 0.237000
v 0.300256 -1.965929 0.232999
v 0.300256 -1.983682 0.228382
v 0.300256 -2.000880 0.223149
v 0.300256 -2.017521 0.217301
v 0.300256 -2.033606 0.210837
v 0.300256 -2.049135 0.203757
v 0.300256 -2.064083 0.196151
v 0.300256 -2.078426 0.188109
v 0.300256 -2.092163 0.179630
v 0.300256 -2.105294 0.170713
v 0.300256 -2.117820 0.161360
v 0.300256 -2.129739 0.151570
v 0.300256 -2.141054 0.141343
v 0.300256 -2.151762 0.130679
v 0.300256 -2.161865 0.119578
v 0.300256 -2.171362 0.108041
v 0.300256 -2.180254 0.096066
v 0.300256 -2.188540 0.083655
v 0.300256 -2.196190 0.070896
v 0.300256 -2.203175 0.057879
v 0.300256 -2.209495 0.044604
v 0.300256 -2.215149 0.031070
v 0.300256 -2.220139 0.017279
v 0.300256 -2.224463 0.003229
v 0.300256 -2.228122 -0.011079
v 0.300256 -2.231116 -0.025645
v 0.300256 -2.233444 -0.040469
v 0.300256 -2.235107 -0.055551
v 0.300256 -2.236105 -0.070892
v 0.300256 -2.236438 -0.086490
v 0.300256 -2.236338 -0.095039
v 0.300256 -2.236040 -0.103528
v 0.300256 -2.235544 -0.111958
v 0.300256 -2.234849 -0.120328
v 0.300256 -2.233955 -0.128639
v 0.300256 -2.232863 -0.136890
v 0.300256 -2.231572 -0.145082
v 0.300256 -2.230083 -0.153214
v 0.300256 -2.228395 -0.161286
v 0.300256 -2.226508 -0.169299
v 0.300256 -2.224423 -0.177252
v 0.300256 -2.222140 -0.185146
v 0.300256 -2.219662 -0.192950
v 0.300256 -2.216996 -0.200635
v 0.300256 -2.214142 -0.208201
v 0.300256 -2.211098 -0.215648
v 0.300256 -2.207866 -0.222976
v 0.300256 -2.204446 -0.230184
v 0.300256 -2.200837 -0.237274
v 0.300256 -2.197039 -0.244244
v 0.300256 -2.193052 -0.251095
v 0.300256 -2.188877 -0.257827
v 0.300256 -2.184513 -0.264440
v 0.300256 -2.179961 -0.270933
v 0.300256 -2.175225 -0.277287
v 0.300256 -2.170310 -0.283483
v 0.300256 -2.165216 -0.289520
v 0.300256 -2.159944 -0.295398
v 0.300256 -2.154493 -0.301117
v 0.300256 -2.148863 -0.306677
v 0.300256 -2.143054 -0.312079
v 0.300256 -2.137067 -0.317321
v 0.300256 -2.130901 -0.322405
v 0.300256 -2.124556 -0.327330
v 0.300256 -2.118033 -0.332096
v 0.300256 -2.111331 -0.336704
v 0.300256 -2.104455 -0.341122
v 0.300256 -2.097410 -0.345322
v 0.300256 -2.090197 -0.349304
v 0.300256 -2.082814 -0.353067
v 0.300256 -2.075263 -0.356611
v 0.300256 -2.067544 -0.359938
v 0.300256 -2.059655 -0.363046
v 0.300256 -2.051597 -0.365935
v 0.300256 -2.043371 -0.368606
v 0.300256 -2.034976 -0.371058
v 0.300256 -2.026412 -0.373292
v 0.300256 -2.017679 -0.375308
v 0.300256 -2.017679 -0.506849
v 0.300256 -2.030682 -0.504535
v 0.300256 -2.043475 -0.501884
v 0.300256 -2.056060 -0.498896
v 0.300256 -2.068437 -0.495569
v 0.300256 -2.080605 -0.491905
v 0.300256 -2.092565 -0.487904
v 0.300256 -2.104316 -0.483565
v 0.300256 -2.115858 -0.478888
v 0.300256 -2.127192 -0.473874
v 0.300256 -2.138318 -0.468522
v 0.300256 -2.149235 -0.462833
v 0.300256 -2.159944 -0.456806
v 0.300256 -2.170414 -0.450476
v 0.300256 -2.180616 -0.443878
v 0.300256 -2.190550 -0.437013
v 0.300256 -2.200216 -0.429878
v 0.300256 -2.209614 -0.422477
v 0.300256 -2.218744 -0.414806
v 0.300256 -2.227606 -0.406868
v 0.300256 -2.236199 -0.398661
v 0.300256 -2.244525 -0.390187
v 0.300256 -2.252582 -0.381444
v 0.300256 -2.260371 -0.372434
v 0.300256 -2.267893 -0.363155
v 0.300256 -2.275136 -0.353648
v 0.300256 -2.282091 -0.343952
v 0.300256 -2.288759 -0.334067
v 0.300256 -2.295138 -0.323994
v 0.300256 -2.301230 -0.313733
v 0.300256 -2.307033 -0.303282
v 0.300256 -2.312549 -0.292643
v 0.300256 -2.317777 -0.281816
v 0.300256 -2.322716 -0.270799
v 0.300256 -2.327368 -0.259594
v 0.300256 -2.331732 -0.248200
v 0.300256 -2.345102 0.546907
v 0.300256 -2.345102 1.191743
v 0.300256 -1.304214 1.191743
v 0.300256 -1.304214 0.552626
v 0.300256 -1.421457 0.552626
v 0.300256 -1.421457 1.060202
v 0.300256 -1.760317 1.060202
v 0.300256 -1.760317 0.588371
v 0.300256 -1.877560 0.588371
v 0.300256 -1.877560 1.060202
v 0.300256 -2.227859 1.060202
v 0.300256 -2.227859 0.546907
v 0.300256 -2.345102 2.349874
v 0.300256 -2.345102 2.475695
v 0.300256 -1.304214 2.475695
v 0.300256 -1.304214 2.288393
v 0.300256 -1.961918 2.032460
v 0.300256 -1.966038 2.030782
v 0.300256 -1.970298 2.029084
v 0.300256 -1.974697 2.027366
v 0.300256 -1.979234 2.025629
v 0.300256 -1.983911 2.023871
v 0.300256 -1.988726 2.022094
v 0.300256 -1.993681 2.020297
v 0.300256 -1.998775 2.018480
v 0.300256 -2.004007 2.016643
v 0.300256 -2.009379 2.014786
v 0.300256 -2.014889 2.012909
v 0.300256 -2.020539 2.011013
v 0.300256 -2.026298 2.009097
v 0.300256 -2.032136 2.007161
v 0.300256 -2.038054 2.005205
v 0.300256 -2.044051 2.003229
v 0.300256 -2.050128 2.001233
v 0.300256 -2.056284 1.999217
v 0.300256 -2.062520 1.997182
v 0.300256 -2.068834 1.995126
v 0.300256 -2.075229 1.993051
v 0.300256 -2.081702 1.990956
v 0.300256 -2.088256 1.988841
v 0.300256 -2.094888 1.986707
v 0.300256 -2.101556 1.984567
v 0.300256 -2.108213 1.982437
v 0.300256 -2.114861 1.980317
v 0.300256 -2.121498 1.978207
v 0.300256 -2.128126 1.976107
v 0.300256 -2.134744 1.974017
v 0.300256 -2.141352 1.971937
v 0.300256 -2.147949 1.969867
v 0.300256 -2.154537 1.967807
v 0.300256 -2.161115 1.965756
v 0.300256 -2.167684 1.963716
v 0.300256 -2.174242 1.961685
v 0.300256 -2.180740 1.959685
v 0.300256 -2.187130 1.957734
v 0.300256 -2.193410 1.955832
v 0.300256 -2.199581 1.953980
v 0.300256 -2.205642 1.952178
v 0.300256 -2.211595 1.950426
v 0.300256 -2.217438 1.948723
v 0.300256 -2.223172 1.947070
v 0.300256 -2.228797 1.945466
v 0.300256 -2.234313 1.943912
v 0.300256 -2.239719 1.942408
v 0.300256 -2.245016 1.940953
v 0.300256 -2.245016 1.970979
v 0.300256 -2.239953 1.969296
v 0.300256 -2.234770 1.967583
v 0.300256 -2.229467 1.965841
v 0.300256 -2.224046 1.964068
v 0.300256 -2.218506 1.962266
v 0.300256 -2.212846 1.960434
v 0.300256 -2.207067 1.958572
v 0.300256 -2.201169 1.956681
v 0.300256 -2.195153 1.954760
v 0.300256 -2.189016 1.952809
v 0.300256 -2.182761 1.950828
v 0.300256 -2.176386 1.948817
v 0.300256 -2.169937 1.946787
v 0.300256 -2.163459 1.944746
v 0.300256 -2.156950 1.942696
v 0.300256 -2.150412 1.940636
v 0.300256 -2.143844 1.938565
v 0.300256 -2.137246 1.936485
v 0.300256 -2.130618 1.934395
v 0.300256 -2.123961 1.932295
v 0.300256 -2.117274 1.930185
v 0.300256 -2.110557 1.928065
v 0.300256 -2.103810 1.925936
v 0.300256 -2.097033 1.923796
v 0.300256 -2.090281 1.921656
v 0.300256 -2.083609 1.919526
v 0.300256 -2.077016 1.917406
v 0.300256 -2.070503 1.915297
v 0.300256 -2.064068 1.913197
v 0.300256 -2.057714 1.911106
v 0.300256 -2.051439 1.909026
v 0.300256 -2.045243 1.906956
v 0.300256 -2.039126 1.904896
v 0.300256 -2.033090 1.902845
v 0.300256 -2.027132 1.900805
v 0.300256 -2.021254 1.898775
v 0.300256 -2.015490 1.896774
v 0.300256 -2.009875 1.894823
v 0.300256 -2.004409 1.892921
v 0.300256 -1.999092 1.891070
v 0.300256 -1.993924 1.889267
v 0.300256 -1.988905 1.887515
v 0.300256 -1.984035 1.885812
v 0.300256 -1.979314 1.884159
v 0.300256 -1.974741 1.882555
v 0.300256 -1.970318 1.881002
v 0.300256 -1.966043 1.879497
v 0.300256 -1.961918 1.878043
v 0.300256 -1.304214 1.624970
v 0.300256 -1.304214 1.437667
v 0.300256 -2.345102 1.437667
v 0.300256 -2.345102 1.567778
v 0.300256 -1.750309 1.567778
v 0.300256 -1.744773 1.567773
v 0.300256 -1.739129 1.567758
v 0.300256 -1.733375 1.567733
v 0.300256 -1.727512 1.567698
v 0.300256 -1.721539 1.567654
v 0.300256 -1.715458 1.567599
v 0.300256 -1.709267 1.567535
v 0.300256 -1.702967 1.567460
v 0.300256 -1.696558 1.567376
v 0.300256 -1.690039 1.567281
v 0.300256 -1.683411 1.567177
v 0.300256 -1.676674 1.567063
v 0.300256 -1.669853 1.566944
v 0.300256 -1.662972 1.566825
v 0.300256 -1.656032 1.566706
v 0.300256 -1.649032 1.566586
v 0.300256 -1.641972 1.566467
v 0.300256 -1.634853 1.566348
v 0.300256 -1.627674 1.566229
v 0.300256 -1.620436 1.566110
v 0.300256 -1.613138 1.565991
v 0.300256 -1.605780 1.565872
v 0.300256 -1.598363 1.565753
v 0.300256 -1.590887 1.565633
v 0.300256 -1.583376 1.565509
v 0.300256 -1.575854 1.565375
v 0.300256 -1.568323 1.565231
v 0.300256 -1.560782 1.565077
v 0.300256 -1.553231 1.564914
v 0.300256 -1.545670 1.564740
v 0.300256 -1.538099 1.564556
v 0.300256 -1.530518 1.564363
v 0.300256 -1.522927 1.564159
v 0.300256 -1.515326 1.563946
v 0.300256 -1.507716 1.563722
v 0.300256 -1.500095 1.563489
v 0.300256 -1.492480 1.563260
v 0.300256 -1.484884 1.563052
v 0.300256 -1.477308 1.562863
v 0.300256 -1.469752 1.562694
v 0.300256 -1.462216 1.562545
v 0.300256 -1.454699 1.562416
v 0.300256 -1.447203 1.562307
v 0.300256 -1.439726 1.562217
v 0.300256 -1.432270 1.562148
v 0.300256 -1.424833 1.562098
v 0.300256 -1.417416 1.562068
v 0.300256 -1.410018 1.562059
v 0.300256 -1.410018 1.550621
v 0.300256 -1.418126 1.553018
v 0.300256 -1.426243 1.555446
v 0.300256 -1.434370 1.557904
v 0.300256 -1.442507 1.560391
v 0.300256 -1.450653 1.562908
v 0.300256 -1.458810 1.565454
v 0.300256 -1.466977 1.568031
v 0.300256 -1.475153 1.570637
v 0.300256 -1.483340 1.573274
v 0.300256 -1.491536 1.575940
v 0.300256 -1.499743 1.578635
v 0.300256 -1.507959 1.581361
v 0.300256 -1.516156 1.584096
v 0.300256 -1.524302 1.586822
v 0.300256 -1.532400 1.589538
v 0.300256 -1.540447 1.592243
v 0.300256 -1.548445 1.594939
v 0.300256 -1.556393 1.597625
v 0.300256 -1.564292 1.600301
v 0.300256 -1.572141 1.602967
v 0.300256 -1.579940 1.605623
v 0.300256 -1.587690 1.608269
v 0.300256 -1.595390 1.610905
v 0.300256 -1.603040 1.613531
v 0.300256 -1.610611 1.616138
v 0.300256 -1.618073 1.618714
v 0.300256 -1.625425 1.621261
v 0.300256 -1.632669 1.623778
v 0.300256 -1.639803 1.626265
v 0.300256 -1.646828 1.628723
v 0.300256 -1.653743 1.631150
v 0.300256 -1.660550 1.633548
v 0.300256 -1.667247 1.635916
v 0.300256 -1.673835 1.638255
v 0.300256 -1.680314 1.640563
v 0.300256 -1.686683 1.642842
v 0.300256 -1.692914 1.645081
v 0.300256 -1.698975 1.647270
v 0.300256 -1.704868 1.649410
v 0.300256 -1.710592 1.651500
v 0.300256 -1.716148 1.653541
v 0.300256 -1.721534 1.655531
v 0.300256 -1.726752 1.657472
v 0.300256 -1.731801 1.659364
v 0.300256 -1.736681 1.661206
v 0.300256 -1.741392 1.662998
v 0.300256 -1.745935 1.664741
v 0.300256 -1.750309 1.666434
v 0.300256 -2.345102 1.899489
v 0.300256 -2.345102 2.013873
v 0.300256 -1.750309 2.249788
v 0.300256 -1.746168 2.251481
v 0.300256 -1.741849 2.253224
v 0.300256 -1.737351 2.255016
v 0.300256 -1.732675 2.256858
v 0.300256 -1.727819 2.258749
v 0.300256 -1.722785 2.260690
v 0.300256 -1.717573 2.262681
v 0.300256 -1.712181 2.264722
v 0.300256 -1.706611 2.266812
v 0.300256 -1.700862 2.268951
v 0.300256 -1.694934 2.271141
v 0.300256 -1.688828 2.273380
v 0.300256 -1.682577 2.275658
v 0.300256 -1.676218 2.277967
v 0.300256 -1.669749 2.280305
v 0.300256 -1.663171 2.282673
v 0.300256 -1.656484 2.285071
v 0.300256 -1.649687 2.287499
v 0.300256 -1.642782 2.289956
v 0.300256 -1.635767 2.292444
v 0.300256 -1.628643 2.294960
v 0.300256 -1.621409 2.297508
v 0.300256 -1.614067 2.300084
v 0.300256 -1.606615 2.302691
v 0.300256 -1.599074 2.305317
v 0.300256 -1.591463 2.307953
v 0.300256 -1.583783 2.310599
v 0.300256 -1.576033 2.313255
v 0.300256 -1.568214 2.315921
v 0.300256 -1.560325 2.318597
v 0.300256 -1.552367 2.321283
v 0.300256 -1.544340 2.323978
v 0.300256 -1.536242 2.326684
v 0.300256 -1.528076 2.329400
v 0.300256 -1.519839 2.332125
v 0.300256 -1.511534 2.334861
v 0.300256 -1.503183 2.337616
v 0.300256 -1.494813 2.340401
v 0.300256 -1.486423 2.343216
v 0.300256 -1.478013 2.346061
v 0.300256 -1.469583 2.348935
v 0.300256 -1.461133 2.351840
v 0.300256 -1.452664 2.354774
v 0.300256 -1.444175 2.357737
v 0.300256 -1.435665 2.360731
v 0.300256 -1.427136 2.363755
v 0.300256 -1.418587 2.366808
v 0.300256 -1.410019 2.369891
v 0.300256 -1.410019 2.355593
v 0.300256 -1.416726 2.355359
v 0.300256 -1.423502 2.355136
v 0.300256 -1.430348 2.354923
v 0.300256 -1.437264 2.354719
v 0.300256 -1.444249 2.354525
v 0.300256 -1.451304 2.354342
v 0.300256 -1.458428 2.354168
v 0.300256 -1.465622 2.354004
v 0.300256 -1.472885 2.353850
v 0.300256 -1.480217 2.353706
v 0.300256 -1.487620 2.353572
v 0.300256 -1.495091 2.353448
v 0.300256 -1.502598 2.353329
v 0.300256 -1.510104 2.353210
v 0.300256 -1.517610 2.353091
v 0.300256 -1.525117 2.352972
v 0.300256 -1.532623 2.352852
v 0.300256 -1.540129 2.352733
v 0.300256 -1.547636 2.352614
v 0.300256 -1.555142 2.352495
v 0.300256 -1.562649 2.352376
v 0.300256 -1.570155 2.352257
v 0.300256 -1.577661 2.352137
v 0.300256 -1.585168 2.352018
v 0.300256 -1.592659 2.351899
v 0.300256 -1.600121 2.351780
v 0.300256 -1.607553 2.351661
v 0.300256 -1.614955 2.351542
v 0.300256 -1.622328 2.351423
v 0.300256 -1.629670 2.351303
v 0.300256 -1.636983 2.351184
v 0.300256 -1.644266 2.351065
v 0.300256 -1.651519 2.350946
v 0.300256 -1.658743 2.350827
v 0.300256 -1.665936 2.350708
v 0.300256 -1.673100 2.350588
v 0.300256 -1.680189 2.350474
v 0.300256 -1.687160 2.350370
v 0.300256 -1.694011 2.350276
v 0.300256 -1.700743 2.350191
v 0.300256 -1.707355 2.350117
v 0.300256 -1.713849 2.350052
v 0.300256 -1.720224 2.349998
v 0.300256 -1.726479 2.349953
v 0.300256 -1.732615 2.349918
v 0.300256 -1.738632 2.349894
v 0.300256 -1.744530 2.349879
v 0.300256 -1.750309 2.349874
v -0.300256 -2.294344 -2.284079
v -0.300256 -2.304735 -2.266475
v -0.300256 -2.314222 -2.248453
v -0.300256 -2.322806 -2.230015
v -0.300256 -2.330486 -2.211160
v -0.300256 -2.337262 -2.191887
v -0.300256 -2.343135 -2.172198
v -0.300256 -2.348105 -2.152092
v -0.300256 -2.352171 -2.131568
v -0.300256 -2.355333 -2.110628
v -0.300256 -2.357592 -2.089270
v -0.300256 -2.358948 -2.067496
v -0.300256 -2.359399 -2.045304
v -0.300256 -2.358948 -2.023112
v -0.300256 -2.357592 -2.001338
v -0.300256 -2.355333 -1.979980
v -0.300256 -2.352171 -1.959040
v -0.300256 -2.348105 -1.938516
v -0.300256 -2.343136 -1.918410
v -0.300256 -2.337262 -1.898721
v -0.300256 -2.330486 -1.879448
v -0.300256 -2.322806 -1.860593
v -0.300256 -2.314222 -1.842155
v -0.300256 -2.304735 -1.824133
v -0.300256 -2.294344 -1.806529
v -0.300256 -2.283119 -1.789441
v -0.300256 -2.271130 -1.772968
v -0.300256 -2.258376 -1.757112
v -0.300256 -2.244857 -1.741870
v -0.300256 -2.230574 -1.727245
v -0.300256 -2.215527 -1.713235
v -0.300256 -2.199715 -1.699841
v -0.300256 -2.183138 -1.687061
v -0.300256 -2.165797 -1.674898
v -0.300256 -2.147691 -1.663351
v -0.300256 -2.128821 -1.652419
v -0.300256 -2.109186 -1.642103
v -0.300256 -2.088871 -1.632511
v -0.300256 -2.067960 -1.623754
v -0.300256 -2.046454 -1.615830
v -0.300256 -2.024352 -1.608741
v -0.300256 -2.001654 -1.602486
v -0.300256 -1.978360 -1.597064
v -0.300256 -1.954471 -1.592477
v -0.300256 -1.929986 -1.588724
v -0.300256 -1.904904 -1.585805
v -0.300256 -1.879228 -1.583720
v -0.300256 -1.852955 -1.582469
v -0.300256 -1.826087 -1.582052
v -0.300256 -1.798767 -1.582469
v -0.300256 -1.772093 -1.583720
v -0.300256 -1.746064 -1.585805
v -0.300256 -1.720680 -1.588724
v -0.300256 -1.695942 -1.592477
v -0.300256 -1.671849 -1.597064
v -0.300256 -1.648401 -1.602486
v -0.300256 -1.625599 -1.608741
v -0.300256 -1.603442 -1.615830
v -0.300256 -1.581931 -1.623754
v -0.300256 -1.561064 -1.632511
v -0.300256 -1.540844 -1.642103
v -0.300256 -1.521323 -1.652419
v -0.300256 -1.502558 -1.663351
v -0.300256 -1.484546 -1.674899
v -0.300256 -1.467289 -1.687062
v -0.300256 -1.450787 -1.699841
v -0.300256 -1.435040 -1.713235
v -0.300256 -1.420047 -1.727245
v -0.300256 -1.405808 -1.741870
v -0.300256 -1.392325 -1.757112
v -0.300256 -1.379596 -1.772968
v -0.300256 -1.367621 -1.789441
v -0.300256 -1.356401 -1.806529
v -0.300256 -1.346010 -1.824133
v -0.300256 -1.336523 -1.842154
v -0.300256 -1.327939 -1.860592
v -0.300256 -1.320259 -1.879448
v -0.300256 -1.313483 -1.898720
v -0.300256 -1.307609 -1.918410
v -0.300256 -1.302640 -1.938516
v -0.300256 -1.298574 -1.959040
v -0.300256 -1.295412 -1.979980
v -0.300256 -1.293153 -2.001338
v -0.300256 -1.291797 -2.023112
v -0.300256 -1.291346 -2.045304
v -0.300256 -1.291797 -2.067495
v -0.300256 -1.293153 -2.089270
v -0.300256 -1.295411 -2.110627
v -0.300257 -1.298574 -2.131567
v -0.300257 -1.302640 -2.152091
v -0.300257 -1.307609 -2.172197
v -0.300257 -1.313482 -2.191887
v -0.300257 -1.320259 -2.211159
v -0.300257 -1.327939 -2.230015
v -0.300257 -1.336523 -2.248453
v -0.300257 -1.346010 -2.266474
v -0.300257 -1.356401 -2.284079
v -0.300257 -1.367621 -2.301162
v -0.300257 -1.379596 -2.317619
v -0.300257 -1.392325 -2.333451
v -0.300257 -1.405808 -2.348658
v -0.300257 -1.420047 -2.363238
v -0.300257 -1.435040 -2.377194
v -0.300257 -1.450787 -2.390523
v -0.300257 -1.467289 -2.403228
v -0.300257 -1.484546 -2.415307
v -0.300257 -1.502557 -2.426760
v -0.300257 -1.521323 -2.437587
v -0.300257 -1.540844 -2.447790
v -0.300257 -1.561065 -2.457267
v -0.300257 -1.581931 -2.465920
v -0.300257 -1.603442 -2.473750
v -0.300257 -1.625599 -2.480755
v -0.300257 -1.648401 -2.486936
v -0.300257 -1.671849 -2.492292
v -0.300257 -1.695941 -2.496825
v -0.300257 -1.720680 -2.500534
v -0.300257 -1.746064 -2.503417
v -0.300257 -1.772093 -2.505478
v -0.300257 -1.798767 -2.506714
v -0.300257 -1.826087 -2.507126
v -0.300257 -1.852955 -2.506714
v -0.300257 -1.879228 -2.505478
v -0.300257 -1.904904 -2.503417
v -0.300257 -1.929985 -2.500534
v -0.300256 -1.954471 -2.496825
v -0.300256 -1.978360 -2.492292
v -0.300256 -2.001654 -2.486936
v -0.300256 -2.024352 -2.480755
v -0.300256 -2.046454 -2.473750
v -0.300256 -2.067960 -2.465920
v -0.300256 -2.088871 -2.457267
v -0.300256 -2.109186 -2.447790
v -0.300256 -2.128821 -2.437588
v -0.300256 -2.147691 -2.426760
v -0.300256 -2.165797 -2.415307
v -0.300256 -2.183138 -2.403228
v -0.300256 -2.199714 -2.390524
v -0.300256 -2.215527 -2.377194
v -0.300256 -2.230574 -2.363239
v -0.300256 -2.244857 -2.348658
v -0.300256 -2.258376 -2.333452
v -0.300256 -2.271130 -2.317620
v -0.300256 -2.283119 -2.301163
v -0.300256 -2.189254 -1.875159
v -0.300256 -2.196790 -1.887918
v -0.300256 -2.203671 -1.900935
v -0.300256 -2.209897 -1.914210
v -0.300256 -2.215467 -1.927743
v -0.300256 -2.220382 -1.941535
v -0.300256 -2.224642 -1.955585
v -0.300256 -2.228246 -1.969893
v -0.300256 -2.231195 -1.984458
v -0.300256 -2.233488 -1.999282
v -0.300256 -2.235127 -2.014365
v -0.300256 -2.236110 -2.029705
v -0.300256 -2.236437 -2.045304
v -0.300256 -2.236110 -2.060674
v -0.300256 -2.235127 -2.075806
v -0.300256 -2.233488 -2.090700
v -0.300256 -2.231195 -2.105355
v -0.300256 -2.228246 -2.119772
v -0.300256 -2.224642 -2.133952
v -0.300256 -2.220382 -2.147892
v -0.300256 -2.215467 -2.161594
v -0.300256 -2.209897 -2.175057
v -0.300256 -2.203671 -2.188283
v -0.300256 -2.196790 -2.201270
v -0.300256 -2.189254 -2.214019
v -0.300256 -2.181078 -2.226430
v -0.300256 -2.172276 -2.238405
v -0.300256 -2.162848 -2.249943
v -0.300256 -2.152795 -2.261044
v -0.300256 -2.142116 -2.271708
v -0.300256 -2.130811 -2.281934
v -0.300256 -2.118882 -2.291724
v -0.300256 -2.106326 -2.301078
v -0.300256 -2.093145 -2.309994
v -0.300256 -2.079339 -2.318473
v -0.300256 -2.064907 -2.326516
v -0.300256 -2.049850 -2.334122
v -0.300256 -2.034206 -2.341201
v -0.300256 -2.018017 -2.347665
v -0.300256 -2.001281 -2.353514
v -0.300256 -1.984000 -2.358746
v -0.300256 -1.966172 -2.363363
v -0.300256 -1.947798 -2.367364
v -0.300256 -1.928878 -2.370750
v -0.300256 -1.909412 -2.373520
v -0.300256 -1.889400 -2.375675
v -0.300256 -1.868842 -2.377214
v -0.300256 -1.847738 -2.378138
v -0.300256 -1.826087 -2.378445
v -0.300256 -1.803980 -2.378137
v -0.300256 -1.782459 -2.377214
v -0.300256 -1.761523 -2.375675
v -0.300256 -1.741174 -2.373520
v -0.300257 -1.721410 -2.370750
v -0.300257 -1.702232 -2.367364
v -0.300257 -1.683640 -2.363363
v -0.300257 -1.665633 -2.358746
v -0.300257 -1.648212 -2.353513
v -0.300257 -1.631378 -2.347665
v -0.300257 -1.615129 -2.341201
v -0.300257 -1.599465 -2.334122
v -0.300257 -1.584408 -2.326516
v -0.300257 -1.569976 -2.318473
v -0.300257 -1.556170 -2.309994
v -0.300257 -1.542989 -2.301077
v -0.300257 -1.530433 -2.291724
v -0.300257 -1.518503 -2.281934
v -0.300257 -1.507199 -2.271707
v -0.300257 -1.496521 -2.261043
v -0.300257 -1.486467 -2.249942
v -0.300257 -1.477040 -2.238405
v -0.300257 -1.468237 -2.226430
v -0.300256 -1.460061 -2.214019
v -0.300256 -1.452525 -2.201270
v -0.300256 -1.445644 -2.188283
v -0.300256 -1.439418 -2.175057
v -0.300256 -1.433848 -2.161594
v -0.300256 -1.428933 -2.147892
v -0.300256 -1.424674 -2.133952
v -0.300256 -1.421069 -2.119772
v -0.300256 -1.418120 -2.105355
v -0.300256 -1.415827 -2.090700
v -0.300256 -1.414188 -2.075806
v -0.300256 -1.413205 -2.060674
v -0.300256 -1.412878 -2.045304
v -0.300256 -1.413210 -2.029705
v -0.300256 -1.414208 -2.014365
v -0.300256 -1.415871 -1.999282
v -0.300256 -1.418200 -1.984458
v -0.300256 -1.421193 -1.969893
v -0.300256 -1.424852 -1.955585
v -0.300256 -1.429176 -1.941535
v -0.300256 -1.434166 -1.927743
v -0.300256 -1.439820 -1.914210
v -0.300256 -1.446140 -1.900935
v -0.300256 -1.453125 -1.887918
v -0.300256 -1.460776 -1.875159
v -0.300256 -1.469061 -1.862747
v -0.300256 -1.477953 -1.850773
v -0.300256 -1.487450 -1.839235
v -0.300256 -1.497553 -1.828135
v -0.300256 -1.508262 -1.817471
v -0.300256 -1.519576 -1.807243
v -0.300256 -1.531496 -1.797453
v -0.300256 -1.544021 -1.788100
v -0.300256 -1.557152 -1.779184
v -0.300256 -1.570889 -1.770704
v -0.300256 -1.585232 -1.762662
v -0.300256 -1.600180 -1.755056
v -0.300256 -1.615729 -1.747977
v -0.300256 -1.631874 -1.741513
v -0.300256 -1.648615 -1.735664
v -0.300256 -1.665951 -1.730432
v -0.300256 -1.683883 -1.725815
v -0.300256 -1.702410 -1.721813
v -0.300256 -1.721534 -1.718428
v -0.300256 -1.741253 -1.715658
v -0.300256 -1.761568 -1.713503
v -0.300256 -1.782479 -1.711964
v -0.300256 -1.803985 -1.711040
v -0.300256 -1.826087 -1.710733
v -0.300256 -1.847738 -1.711040
v -0.300256 -1.868842 -1.711964
v -0.300256 -1.889400 -1.713503
v -0.300256 -1.909412 -1.715658
v -0.300256 -1.928878 -1.718428
v -0.300256 -1.947798 -1.721814
v -0.300256 -1.966172 -1.725815
v -0.300256 -1.984000 -1.730432
v -0.300256 -2.001281 -1.735665
v -0.300256 -2.018017 -1.741513
v -0.300256 -2.034206 -1.747977
v -0.300256 -2.049850 -1.755056
v -0.300256 -2.064907 -1.762662
v -0.300256 -2.079339 -1.770705
v -0.300256 -2.093145 -1.779184
v -0.300256 -2.106326 -1.788101
v -0.300256 -2.118882 -1.797454
v -0.300256 -2.130811 -1.807244
v -0.300256 -2.142116 -1.817471
v -0.300256 -2.152795 -1.828135
v -0.300256 -2.162848 -1.839235
v -0.300256 -2.172276 -1.850773
v -0.300256 -2.181078 -1.862748
v -0.300256 -1.421457 -0.975820
v -0.300256 -1.421457 -0.646968
v -0.300256 -1.304214 -0.646968
v -0.300256 -1.304214 -1.434783
v -0.300256 -1.421457 -1.434783
v -0.300256 -1.421457 -1.107361
v -0.300256 -2.345102 -1.107361
v -0.300256 -2.345102 -0.975820
v -0.300256 -2.335808 -0.236618
v -0.300256 -2.339576 -0.224872
v -0.300256 -2.343016 -0.212987
v -0.300256 -2.346129 -0.200963
v -0.300256 -2.348914 -0.188800
v -0.300256 -2.351372 -0.176497
v -0.300256 -2.353502 -0.164056
v -0.300256 -2.355304 -0.151476
v -0.300256 -2.356778 -0.138757
v -0.300256 -2.357925 -0.125899
v -0.300256 -2.358744 -0.112901
v -0.300256 -2.359236 -0.099765
v -0.300256 -2.359400 -0.086490
v -0.300256 -2.358948 -0.064299
v -0.300256 -2.357592 -0.042524
v -0.300256 -2.355334 -0.021167
v -0.300256 -2.352171 -0.000226
v -0.300256 -2.348105 0.020297
v -0.300256 -2.343136 0.040404
v -0.300256 -2.337263 0.060093
v -0.300256 -2.330486 0.079365
v -0.300256 -2.322806 0.098221
v -0.300256 -2.314222 0.116659
v -0.300256 -2.304735 0.134680
v -0.300256 -2.294344 0.152285
v -0.300256 -2.283119 0.169373
v -0.300256 -2.271130 0.185845
v -0.300256 -2.258376 0.201702
v -0.300256 -2.244857 0.216943
v -0.300256 -2.230574 0.231569
v -0.300256 -2.215527 0.245579
v -0.300256 -2.199715 0.258973
v -0.300256 -2.183138 0.271752
v -0.300256 -2.165797 0.283915
v -0.300256 -2.147691 0.295463
v -0.300256 -2.128821 0.306395
v -0.300256 -2.109186 0.316711
v -0.300256 -2.088871 0.326302
v -0.300256 -2.067961 0.335060
v -0.300256 -2.046454 0.342983
v -0.300256 -2.024352 0.350073
v -0.300256 -2.001654 0.356328
v -0.300256 -1.978360 0.361749
v -0.300256 -1.954471 0.366337
v -0.300256 -1.929986 0.370090
v -0.300256 -1.904905 0.373009
v -0.300256 -1.879228 0.375094
v -0.300256 -1.852956 0.376345
v -0.300256 -1.826088 0.376762
v -0.300256 -1.798768 0.376345
v -0.300256 -1.772093 0.375094
v -0.300256 -1.746064 0.373009
v -0.300256 -1.720680 0.370090
v -0.300256 -1.695942 0.366337
v -0.300256 -1.671849 0.361749
v -0.300256 -1.648401 0.356328
v -0.300256 -1.625599 0.350073
v -0.300256 -1.603442 0.342983
v -0.300256 -1.581931 0.335060
v -0.300256 -1.561065 0.326302
v -0.300256 -1.540844 0.316711
v -0.300256 -1.521324 0.306395
v -0.300256 -1.502558 0.295463
v -0.300256 -1.484546 0.283915
v -0.300256 -1.467289 0.271752
v -0.300256 -1.450787 0.258973
v -0.300256 -1.435040 0.245579
v -0.300256 -1.420047 0.231569
v -0.300256 -1.405808 0.216943
v -0.300256 -1.392325 0.201702
v -0.300256 -1.379596 0.185845
v -0.300256 -1.367621 0.169373
v -0.300256 -1.356401 0.152285
v -0.300256 -1.346010 0.134681
v -0.300256 -1.336523 0.116659
v -0.300256 -1.327939 0.098221
v -0.300256 -1.320259 0.079365
v -0.300256 -1.313483 0.060093
v -0.300256 -1.307610 0.040404
v -0.300256 -1.302640 0.020297
v -0.300256 -1.298574 -0.000226
v -0.300256 -1.295412 -0.021167
v -0.300256 -1.293153 -0.042524
v -0.300256 -1.291798 -0.064298
v -0.300256 -1.291346 -0.086490
v -0.300256 -1.291505 -0.099765
v -0.300256 -1.291981 -0.112901
v -0.300256 -1.292775 -0.125899
v -0.300256 -1.293887 -0.138757
v -0.300256 -1.295317 -0.151476
v -0.300256 -1.297065 -0.164056
v -0.300256 -1.299130 -0.176497
v -0.300256 -1.301513 -0.188800
v -0.300256 -1.304214 -0.200963
v -0.300256 -1.307232 -0.212987
v -0.300256 -1.310568 -0.224872
v -0.300256 -1.314222 -0.236618
v -0.300256 -1.318184 -0.248195
v -0.300256 -1.322444 -0.259574
v -0.300256 -1.327001 -0.270754
v -0.300256 -1.331856 -0.281736
v -0.300256 -1.337010 -0.292519
v -0.300256 -1.342461 -0.303104
v -0.300256 -1.348210 -0.313490
v -0.300256 -1.354257 -0.323677
v -0.300256 -1.360601 -0.333665
v -0.300256 -1.367244 -0.343456
v -0.300256 -1.374184 -0.353047
v -0.300256 -1.381423 -0.362440
v -0.300256 -1.388944 -0.371609
v -0.300256 -1.396733 -0.380531
v -0.300256 -1.404791 -0.389204
v -0.300256 -1.413116 -0.397629
v -0.300256 -1.421710 -0.405805
v -0.300256 -1.430572 -0.413734
v -0.300256 -1.439701 -0.421414
v -0.300256 -1.449099 -0.428846
v -0.300256 -1.458765 -0.436030
v -0.300256 -1.468699 -0.442965
v -0.300256 -1.478902 -0.449652
v -0.300256 -1.489372 -0.456091
v -0.300256 -1.500090 -0.462232
v -0.300256 -1.511037 -0.468026
v -0.300256 -1.522212 -0.473472
v -0.300256 -1.533616 -0.478571
v -0.300256 -1.545248 -0.483322
v -0.300256 -1.557108 -0.487725
v -0.300256 -1.569197 -0.491781
v -0.300256 -1.581514 -0.495490
v -0.300256 -1.594059 -0.498851
v -0.300256 -1.606833 -0.501864
v -0.300256 -1.619835 -0.504530
v -0.300256 -1.633066 -0.506849
v -0.300256 -1.633066 -0.375308
v -0.300256 -1.624105 -0.373292
v -0.300256 -1.615332 -0.371058
v -0.300256 -1.606749 -0.368606
v -0.300256 -1.598354 -0.365935
v -0.300256 -1.590147 -0.363046
v -0.300256 -1.582129 -0.359938
v -0.300256 -1.574300 -0.356611
v -0.300256 -1.566660 -0.353067
v -0.300256 -1.559208 -0.349304
v -0.300256 -1.551945 -0.345322
v -0.300256 -1.544870 -0.341122
v -0.300256 -1.537985 -0.336704
v -0.300256 -1.531282 -0.332096
v -0.300256 -1.524759 -0.327330
v -0.300256 -1.518414 -0.322406
v -0.300256 -1.512248 -0.317322
v -0.300256 -1.506261 -0.312079
v -0.300256 -1.500453 -0.306678
v -0.300256 -1.494823 -0.301118
v -0.300256 -1.489372 -0.295399
v -0.300256 -1.484099 -0.289521
v -0.300256 -1.479006 -0.283484
v -0.300256 -1.474091 -0.277288
v -0.300256 -1.469355 -0.270933
v -0.300256 -1.464802 -0.264440
v -0.300256 -1.460438 -0.257827
v -0.300256 -1.456263 -0.251095
v -0.300256 -1.452277 -0.244244
v -0.300256 -1.448479 -0.237274
v -0.300256 -1.444870 -0.230184
v -0.300256 -1.441449 -0.222976
v -0.300256 -1.438217 -0.215648
v -0.300256 -1.435174 -0.208201
v -0.300256 -1.432319 -0.200635
v -0.300256 -1.429653 -0.192950
v -0.300256 -1.427176 -0.185146
v -0.300256 -1.424892 -0.177252
v -0.300256 -1.422807 -0.169299
v -0.300256 -1.420920 -0.161286
v -0.300256 -1.419233 -0.153214
v -0.300256 -1.417743 -0.145082
v -0.300256 -1.416452 -0.136890
v -0.300256 -1.415360 -0.128639
v -0.300256 -1.414467 -0.120328
v -0.300256 -1.413772 -0.111958
v -0.300256 -1.413275 -0.103528
v -0.300256 -1.412977 -0.095039
v -0.300256 -1.412878 -0.086490
v -0.300256 -1.413216 -0.070663
v -0.300256 -1.414228 -0.055114
v -0.300256 -1.415916 -0.039843
v -0.300256 -1.418279 -0.024850
v -0.300256 -1.421318 -0.010135
v -0.300256 -1.425031 0.004302
v -0.300256 -1.429420 0.018461
v -0.300256 -1.434484 0.032341
v -0.300256 -1.440223 0.045944
v -0.300256 -1.446637 0.059269
v -0.300256 -1.453726 0.072316
v -0.300256 -1.461491 0.085085
v -0.300256 -1.469891 0.097491
v -0.300256 -1.478887 0.109451
v -0.300256 -1.488478 0.120964
v -0.300256 -1.498665 0.132030
v -0.300256 -1.509448 0.142649
v -0.300256 -1.520827 0.152821
v -0.300256 -1.532802 0.162546
v -0.300256 -1.545372 0.171825
v -0.300256 -1.558538 0.180657
v -0.300256 -1.572300 0.189042
v -0.300256 -1.586657 0.196981
v -0.300256 -1.601610 0.204472
v -0.300256 -1.617149 0.211437
v -0.300256 -1.633264 0.217797
v -0.300256 -1.649955 0.223551
v -0.300256 -1.667222 0.228699
v -0.300256 -1.685064 0.233242
v -0.300256 -1.703483 0.237179
v -0.300256 -1.722477 0.240510
v -0.300256 -1.742048 0.243235
v -0.300256 -1.762194 0.245355
v -0.300256 -1.782916 0.246869
v -0.300256 -1.804214 0.247778
v -0.300256 -1.826088 0.248081
v -0.300256 -1.847733 0.247773
v -0.300256 -1.868822 0.246850
v -0.300256 -1.889356 0.245311
v -0.300256 -1.909333 0.243156
v -0.300256 -1.928754 0.240386
v -0.300256 -1.947620 0.237000
v -0.300256 -1.965929 0.232999
v -0.300256 -1.983682 0.228382
v -0.300256 -2.000880 0.223149
v -0.300256 -2.017521 0.217301
v -0.300256 -2.033606 0.210837
v -0.300256 -2.049135 0.203757
v -0.300256 -2.064083 0.196151
v -0.300256 -2.078426 0.188109
v -0.300256 -2.092163 0.179630
v -0.300256 -2.105294 0.170713
v -0.300256 -2.117820 0.161360
v -0.300256 -2.129739 0.151570
v -0.300256 -2.141054 0.141343
v -0.300256 -2.151762 0.130679
v -0.300256 -2.161865 0.119578
v -0.300256 -2.171362 0.108041
v -0.300256 -2.180254 0.096066
v -0.300256 -2.188540 0.083655
v -0.300256 -2.196190 0.070896
v -0.300256 -2.203175 0.057879
v -0.300256 -2.209495 0.044604
v -0.300256 -2.215149 0.031070
v -0.300256 -2.220139 0.017279
v -0.300256 -2.224463 0.003229
v -0.300256 -2.228122 -0.011079
v -0.300256 -2.231116 -0.025645
v -0.300256 -2.233444 -0.040469
v -0.300256 -2.235107 -0.055551
v -0.300256 -2.236105 -0.070892
v -0.300256 -2.236438 -0.086490
v -0.300256 -2.236338 -0.095039
v -0.300256 -2.236040 -0.103528
v -0.300256 -2.235544 -0.111958
v -0.300256 -2.234849 -0.120328
v -0.300256 -2.233955 -0.128639
v -0.300256 -2.232863 -0.136890
v -0.300256 -2.231572 -0.145082
v -0.300256 -2.230083 -0.153214
v -0.300256 -2.228395 -0.161286
v -0.300256 -2.226508 -0.169299
v -0.300256 -2.224423 -0.177252
v -0.300256 -2.222140 -0.185146
v -0.300256 -2.219662 -0.192950
v -0.300256 -2.216996 -0.200635
v -0.300256 -2.214142 -0.208201
v -0.300256 -2.211098 -0.215648
v -0.300256 -2.207866 -0.222976
v -0.300256 -2.204446 -0.230184
v -0.300256 -2.200837 -0.237274
v -0.300256 -2.197039 -0.244244
v -0.300256 -2.193052 -0.251095
v -0.300256 -2.188877 -0.257827
v -0.300256 -2.184513 -0.264440
v -0.300256 -2.179961 -0.270933
v -0.300256 -2.175225 -0.277287
v -0.300256 -2.170310 -0.283483
v -0.300256 -2.165216 -0.289520
v -0.300256 -2.159944 -0.295398
v -0.300256 -2.154493 -0.301117
v -0.300256 -2.148863 -0.306677
v -0.300256 -2.143054 -0.312079
v -0.300256 -2.137067 -0.317321
v -0.300256 -2.130901 -0.322405
v -0.300256 -2.124556 -0.327330
v -0.300256 -2.118033 -0.332096
v -0.300256 -2.111331 -0.336704
v -0.300256 -2.104455 -0.341122
v -0.300256 -2.097410 -0.345322
v -0.300256 -2.090197 -0.349304
v -0.300256 -2.082814 -0.353067
v -0.300256 -2.075263 -0.356611
v -0.300256 -2.067544 -0.359938
v -0.300256 -2.059655 -0.363046
v -0.300256 -2.051597 -0.365935
v -0.300256 -2.043371 -0.368606
v -0.300256 -2.034976 -0.371058
v -0.300256 -2.026412 -0.373292
v -0.300256 -2.017679 -0.375308
v -0.300256 -2.017679 -0.506849
v -0.300256 -2.030682 -0.504535
v -0.300256 -2.043475 -0.501884
v -0.300256 -2.056060 -0.498896
v -0.300256 -2.068437 -0.495569
v -0.300256 -2.080605 -0.491905
v -0.300256 -2.092565 -0.487904
v -0.300256 -2.104316 -0.483565
v -0.300256 -2.115858 -0.478888
v -0.300256 -2.127192 -0.473874
v -0.300256 -2.138318 -0.468522
v -0.300256 -2.149235 -0.462833
v -0.300256 -2.159944 -0.456806
v -0.300256 -2.170414 -0.450476
v -0.300256 -2.180616 -0.443878
v -0.300256 -2.190550 -0.437013
v -0.300256 -2.200216 -0.429878
v -0.300256 -2.209614 -0.422477
v -0.300256 -2.218744 -0.414806
v -0.300256 -2.227606 -0.406868
v -0.300256 -2.236199 -0.398661
v -0.300256 -2.244525 -0.390187
v -0.300256 -2.252582 -0.381444
v -0.300256 -2.260372 -0.372434
v -0.300256 -2.267893 -0.363155
v -0.300256 -2.275136 -0.353648
v -0.300256 -2.282092 -0.343952
v -0.300256 -2.288759 -0.334067
v -0.300256 -2.295138 -0.323994
v -0.300256 -2.301230 -0.313733
v -0.300256 -2.307034 -0.303282
v -0.300256 -2.312549 -0.292643
v -0.300256 -2.317777 -0.281816
v -0.300256 -2.322716 -0.270799
v -0.300256 -2.327368 -0.259594
v -0.300256 -2.331732 -0.248200
v -0.300256 -2.345102 0.546907
v -0.300256 -2.345102 1.191743
v -0.300256 -1.304214 1.191743
v -0.300256 -1.304214 0.552626
v -0.300256 -1.421457 0.552626
v -0.300256 -1.421457 1.060202
v -0.300256 -1.760317 1.060202
v -0.300256 -1.760317 0.588371
v -0.300256 -1.877560 0.588371
v -0.300256 -1.877560 1.060202
v -0.300256 -2.227859 1.060202
v -0.300256 -2.227859 0.546907
v -0.300256 -2.345102 2.349874
v -0.300256 -2.345102 2.475695
v -0.300256 -1.304214 2.475695
v -0.300256 -1.304214 2.288393
v -0.300256 -1.961918 2.032460
v -0.300256 -1.966038 2.030782
v -0.300256 -1.970298 2.029084
v -0.300256 -1.974697 2.027366
v -0.300256 -1.979234 2.025629
v -0.300256 -1.983911 2.023871
v -0.300256 -1.988726 2.022094
v -0.300256 -1.993681 2.020297
v -0.300256 -1.998775 2.018480
v -0.300256 -2.004007 2.016643
v -0.300256 -2.009379 2.014786
v -0.300256 -2.014889 2.012909
v -0.300256 -2.020539 2.011013
v -0.300256 -2.026298 2.009097
v -0.300256 -2.032136 2.007161
v -0.300256 -2.038054 2.005205
v -0.300256 -2.044051 2.003229
v -0.300256 -2.050128 2.001233
v -0.300256 -2.056284 1.999217
v -0.300256 -2.062520 1.997182
v -0.300256 -2.068834 1.995126
v -0.300256 -2.075229 1.993051
v -0.300256 -2.081702 1.990956
v -0.300256 -2.088256 1.988841
v -0.300256 -2.094888 1.986707
v -0.300256 -2.101556 1.984567
v -0.300256 -2.108213 1.982437
v -0.300256 -2.114861 1.980317
v -0.300256 -2.121498 1.978207
v -0.300256 -2.128126 1.976107
v -0.300256 -2.134744 1.974017
v -0.300256 -2.141352 1.971937
v -0.300256 -2.147950 1.969867
v -0.300256 -2.154537 1.967807
v -0.300256 -2.161116 1.965756
v -0.300256 -2.167684 1.963716
v -0.300256 -2.174242 1.961685
v -0.300256 -2.180740 1.959685
v -0.300256 -2.187130 1.957734
v -0.300256 -2.193410 1.955832
v -0.300256 -2.199581 1.953980
v -0.300256 -2.205642 1.952178
v -0.300256 -2.211595 1.950426
v -0.300256 -2.217438 1.948723
v -0.300256 -2.223172 1.947070
v -0.300256 -2.228797 1.945466
v -0.300256 -2.234313 1.943912
v -0.300256 -2.239719 1.942408
v -0.300256 -2.245016 1.940953
v -0.300256 -2.245016 1.970979
v -0.300256 -2.239953 1.969296
v -0.300256 -2.234770 1.967583
v -0.300256 -2.229467 1.965841
v -0.300256 -2.224046 1.964068
v -0.300256 -2.218506 1.962266
v -0.300256 -2.212846 1.960434
v -0.300256 -2.207067 1.958572
v -0.300256 -2.201169 1.956681
v -0.300256 -2.195153 1.954760
v -0.300256 -2.189016 1.952809
v -0.300256 -2.182761 1.950828
v -0.300256 -2.176386 1.948817
v -0.300256 -2.169938 1.946787
v -0.300256 -2.163459 1.944746
v -0.300256 -2.156950 1.942696
v -0.300256 -2.150412 1.940636
v -0.300256 -2.143844 1.938565
v -0.300256 -2.137246 1.936485
v -0.300256 -2.130618 1.934395
v -0.300256 -2.123961 1.932295
v -0.300256 -2.117274 1.930185
v -0.300256 -2.110557 1.928065
v -0.300256 -2.103810 1.925936
v -0.300256 -2.097033 1.923796
v -0.300256 -2.090281 1.921656
v -0.300256 -2.083609 1.919526
v -0.300256 -2.077016 1.917406
v -0.300256 -2.070503 1.915297
v -0.300256 -2.064068 1.913197
v -0.300256 -2.057714 1.911106
v -0.300256 -2.051439 1.909026
v -0.300256 -2.045243 1.906956
v -0.300256 -2.039126 1.904896
v -0.300256 -2.033090 1.902845
v -0.300256 -2.027132 1.900805
v -0.300256 -2.021254 1.898775
v -0.300256 -2.015490 1.896774
v -0.300256 -2.009875 1.894823
v -0.300256 -2.004409 1.892921
v -0.300256 -1.999092 1.891070
v -0.300256 -1.993924 1.889267
v -0.300256 -1.988905 1.887515
v -0.300256 -1.984035 1.885812
v -0.300256 -1.979314 1.884159
v -0.300256 -1.974741 1.882555
v -0.300256 -1.970318 1.881002
v -0.300256 -1.966043 1.879497
v -0.300256 -1.961918 1.878043
v -0.300256 -1.304214 1.624970
v -0.300256 -1.304214 1.437667
v -0.300256 -2.345102 1.437667
v -0.300256 -2.345102 1.567778
v -0.300256 -1.750309 1.567778
v -0.300256 -1.744773 1.567773
v -0.300256 -1.739129 1.567758
v -0.300256 -1.733375 1.567733
v -0.300256 -1.727512 1.567698
v -0.300256 -1.721539 1.567654
v -0.300256 -1.715458 1.567599
v -0.300256 -1.709267 1.567535
v -0.300256 -1.702967 1.567460
v -0.300256 -1.696558 1.567376
v -0.300256 -1.690039 1.567281
v -0.300256 -1.683411 1.567177
v -0.300256 -1.676674 1.567063
v -0.300256 -1.669853 1.566944
v -0.300256 -1.662972 1.566825
v -0.300256 -1.656032 1.566706
v -0.300256 -1.649032 1.566586
v -0.300256 -1.641972 1.566467
v -0.300256 -1.634853 1.566348
v -0.300256 -1.627674 1.566229
v -0.300256 -1.620436 1.566110
v -0.300256 -1.613138 1.565991
v -0.300256 -1.605780 1.565872
v -0.300256 -1.598363 1.565753
v -0.300256 -1.590887 1.565633
v -0.300256 -1.583376 1.565509
v -0.300256 -1.575854 1.565375
v -0.300256 -1.568323 1.565231
v -0.300256 -1.560782 1.565077
v -0.300256 -1.553231 1.564914
v -0.300256 -1.545670 1.564740
v -0.300256 -1.538099 1.564556
v -0.300256 -1.530518 1.564363
v -0.300256 -1.522927 1.564159
v -0.300256 -1.515326 1.563946
v -0.300256 -1.507716 1.563722
v -0.300256 -1.500095 1.563489
v -0.300256 -1.492480 1.563260
v -0.300256 -1.484884 1.563052
v -0.300256 -1.477308 1.562863
v -0.300256 -1.469752 1.562694
v -0.300256 -1.462216 1.562545
v -0.300256 -1.454699 1.562416
v -0.300256 -1.447203 1.562307
v -0.300256 -1.439726 1.562217
v -0.300256 -1.432270 1.562148
v -0.300256 -1.424833 1.562098
v -0.300256 -1.417416 1.562068
v -0.300256 -1.410018 1.562059
v -0.300256 -1.410018 1.550621
v -0.300256 -1.418126 1.553018
v -0.300256 -1.426243 1.555446
v -0.300256 -1.434370 1.557904
v -0.300256 -1.442507 1.560391
v -0.300256 -1.450653 1.562908
v -0.300256 -1.458810 1.565454
v -0.300256 -1.466977 1.568031
v -0.300256 -1.475153 1.570637
v -0.300256 -1.483340 1.573274
v -0.300256 -1.491536 1.575940
v -0.300256 -1.499743 1.578635
v -0.300256 -1.507959 1.581361
v -0.300256 -1.516156 1.584096
v -0.300256 -1.524302 1.586822
v -0.300256 -1.532400 1.589538
v -0.300256 -1.540447 1.592243
v -0.300256 -1.548445 1.594939
v -0.300256 -1.556393 1.597625
v -0.300256 -1.564292 1.600301
v -0.300256 -1.572141 1.602967
v -0.300256 -1.579940 1.605623
v -0.300256 -1.587690 1.608269
v -0.300256 -1.595390 1.610905
v -0.300256 -1.603040 1.613531
v -0.300256 -1.610611 1.616138
v -0.300256 -1.618073 1.618714
v -0.300256 -1.625425 1.621261
v -0.300256 -1.632669 1.623778
v -0.300256 -1.639803 1.626265
v -0.300256 -1.646828 1.628723
v -0.300256 -1.653743 1.631150
v -0.300256 -1.660550 1.633548
v -0.300256 -1.667247 1.635916
v -0.300256 -1.673835 1.638255
v -0.300256 -1.680314 1.640563
v -0.300256 -1.686683 1.642842
v -0.300256 -1.692914 1.645081
v -0.300256 -1.698975 1.647270
v -0.300256 -1.704868 1.649410
v -0.300256 -1.710592 1.651500
v -0.300256 -1.716148 1.653541
v -0.300256 -1.721534 1.655531
v -0.300256 -1.726752 1.657472
v -0.300256 -1.731801 1.659364
v -0.300256 -1.736681 1.661206
v -0.300256 -1.741392 1.662998
v -0.300256 -1.745935 1.664741
v -0.300256 -1.750309 1.666434
v -0.300256 -2.345102 1.899489
v -0.300256 -2.345102 2.013873
v -0.300256 -1.750309 2.249788
v -0.300256 -1.746168 2.251481
v -0.300256 -1.741849 2.253224
v -0.300256 -1.737351 2.255016
v -0.300256 -1.732675 2.256858
v -0.300256 -1.727819 2.258749
v -0.300256 -1.722785 2.260690
v -0.300256 -1.717573 2.262681
v -0.300256 -1.712181 2.264722
v -0.300256 -1.706611 2.266812
v -0.300256 -1.700862 2.268951
v -0.300256 -1.694934 2.271141
v -0.300256 -1.688828 2.273380
v -0.300256 -1.682577 2.275659
v -0.300256 -1.676218 2.277967
v -0.300256 -1.669749 2.280305
v -0.300256 -1.663171 2.282673
v -0.300256 -1.656484 2.285071
v -0.300256 -1.649687 2.287499
v -0.300256 -1.642782 2.289956
v -0.300256 -1.635767 2.292444
v -0.300256 -1.628643 2.294961
v -0.300256 -1.621409 2.297508
v -0.300256 -1.614067 2.300084
v -0.300256 -1.606615 2.302691
v -0.300256 -1.599074 2.305317
v -0.300256 -1.591463 2.307953
v -0.300256 -1.583783 2.310599
v -0.300256 -1.576033 2.313255
v -0.300256 -1.568214 2.315921
v -0.300256 -1.560325 2.318597
v -0.300256 -1.552367 2.321283
v -0.300256 -1.544340 2.323978
v -0.300256 -1.536242 2.326684
v -0.300256 -1.528076 2.329400
v -0.300256 -1.519839 2.332125
v -0.300256 -1.511534 2.334861
v -0.300256 -1.503183 2.337616
v -0.300256 -1.494813 2.340401
v -0.300256 -1.486423 2.343216
v -0.300256 -1.478013 2.346061
v -0.300256 -1.469583 2.348935
v -0.300256 -1.461133 2.351840
v -0.300256 -1.452664 2.354774
v -0.300256 -1.444175 2.357738
v -0.300256 -1.435665 2.360731
v -0.300256 -1.427136 2.363755
v -0.300256 -1.418587 2.366808
v -0.300256 -1.410019 2.369891
v -0.300256 -1.410019 2.355593
v -0.300256 -1.416726 2.355360
v -0.300256 -1.423502 2.355136
v -0.300256 -1.430348 2.354923
v -0.300256 -1.437264 2.354719
v -0.300256 -1.444249 2.354525
v -0.300256 -1.451304 2.354342
v -0.300256 -1.458428 2.354168
v -0.300256 -1.465622 2.354004
v -0.300256 -1.472885 2.353850
v -0.300256 -1.480217 2.353706
v -0.300256 -1.487620 2.353572
v -0.300256 -1.495091 2.353448
v -0.300256 -1.502598 2.353329
v -0.300256 -1.510104 2.353210
v -0.300256 -1.517610 2.353091
v -0.300256 -1.525117 2.352972
v -0.300256 -1.532623 2.352852
v -0.300256 -1.540129 2.352733
v -0.300256 -1.547636 2.352614
v -0.300256 -1.555142 2.352495
v -0.300256 -1.562649 2.352376
v -0.300256 -1.570155 2.352257
v -0.300256 -1.577661 2.352138
v -0.300256 -1.585168 2.352018
v -0.300256 -1.592659 2.351899
v -0.300256 -1.600121 2.351780
v -0.300256 -1.607553 2.351661
v -0.300256 -1.614955 2.351542
v -0.300256 -1.622328 2.351423
v -0.300256 -1.629670 2.351303
v -0.300256 -1.636983 2.351184
v -0.300256 -1.644266 2.351065
v -0.300256 -1.651519 2.350946
v -0.300256 -1.658743 2.350827
v -0.300256 -1.665936 2.350708
v -0.300256 -1.673100 2.350589
v -0.300256 -1.680189 2.350474
v -0.300256 -1.687160 2.350370
v -0.300256 -1.694011 2.350276
v -0.300256 -1.700743 2.350191
v -0.300256 -1.707355 2.350117
v -0.300256 -1.713849 2.350052
v -0.300256 -1.720224 2.349998
v -0.300256 -1.726479 2.349953
v -0.300256 -1.732615 2.349918
v -0.300256 -1.738632 2.349894
v -0.300256 -1.744530 2.349879
v -0.300256 -1.750309 2.349874
v -0.300256 -2.345102 2.349874
v 0.300256 -2.345102 2.349874
v -0.300256 -2.345102 2.475695
v 0.300256 -2.345102 2.475695
v -0.300256 -1.304214 2.475695
v 0.300256 -1.304214 2.475695
v -0.300256 -1.304214 2.288393
v 0.300256 -1.304214 2.288393
v -0.300256 -1.961918 2.032460
v 0.300256 -1.961918 2.032460
v -0.300256 -1.966038 2.030782
v 0.300256 -1.966038 2.030782
v -0.300256 -1.970298 2.029084
v 0.300256 -1.970298 2.029084
v -0.300256 -1.974697 2.027366
v 0.300256 -1.974697 2.027366
v -0.300256 -1.979234 2.025629
v 0.300256 -1.979234 2.025629
v -0.300256 -1.983911 2.023871
v 0.300256 -1.983911 2.023871
v -0.300256 -1.988726 2.022094
v 0.300256 -1.988726 2.022094
v -0.300256 -1.993681 2.020297
v 0.300256 -1.993681 2.020297
v -0.300256 -1.998775 2.018480
v 0.300256 -1.998775 2.018480
v -0.300256 -2.004007 2.016643
v 0.300256 -2.004007 2.016643
v -0.300256 -2.009379 2.014786
v 0.300256 -2.009379 2.014786
v -0.300256 -2.014889 2.012909
v 0.300256 -2.014889 2.012909
v -0.300256 -2.020539 2.011013
v 0.300256 -2.020539 2.011013
v -0.300256 -2.026298 2.009097
v 0.300256 -2.026298 2.009097
v -0.300256 -2.032136 2.007161
v 0.300256 -2.032136 2.007161
v -0.300256 -2.038054 2.005205
v 0.300256 -2.038054 2.005205
v -0.300256 -2.044051 2.003229
v 0.300256 -2.044051 2.003229
v -0.300256 -2.050128 2.001233
v 0.300256 -2.050128 2.001233
v -0.300256 -2.056284 1.999217
v 0.300256 -2.056284 1.999217
v -0.300256 -2.062520 1.997182
v 0.300256 -2.062520 1.997182
v -0.300256 -2.068834 1.995126
v 0.300256 -2.068834 1.995126
v -0.300256 -2.075229 1.993051
v 0.300256 -2.075229 1.993051
v -0.300256 -2.081702 1.990956
v 0.300256 -2.081702 1.990956
v -0.300256 -2.088256 1.988841
v 0.300256 -2.088256 1.988841
v -0.300256 -2.094888 1.986707
v 0.300256 -2.094888 1.986707
v -0.300256 -2.101556 1.984567
v 0.300256 -2.101556 1.984567
v -0.300256 -2.108213 1.982437
v 0.300256 -2.108213 1.982437
v -0.300256 -2.114861 1.980317
v 0.300256 -2.114861 1.980317
v -0.300256 -2.121498 1.978207
v 0.300256 -2.121498 1.978207
v -0.300256 -2.128126 1.976107
v 0.300256 -2.128126 1.976107
v -0.300256 -2.134744 1.974017
v 0.300256 -2.134744 1.974017
v -0.300256 -2.141352 1.971937
v 0.300256 -2.141352 1.971937
v -0.300256 -2.147950 1.969867
v 0.300256 -2.147949 1.969867
v -0.300256 -2.154537 1.967807
v 0.300256 -2.154537 1.967807
v -0.300256 -2.161116 1.965756
v 0.300256 -2.161115 1.965756
v -0.300256 -2.167684 1.963716
v 0.300256 -2.167684 1.963716
v -0.300256 -2.174242 1.961685
v 0.300256 -2.174242 1.961685
v -0.300256 -2.180740 1.959685
v 0.300256 -2.180740 1.959685
v -0.300256 -2.187130 1.957734
v 0.300256 -2.187130 1.957734
v -0.300256 -2.193410 1.955832
v 0.300256 -2.193410 1.955832
v -0.300256 -2.199581 1.953980
v 0.300256 -2.199581 1.953980
v -0.300256 -2.205642 1.952178
v 0.300256 -2.205642 1.952178
v -0.300256 -2.211595 1.950426
v 0.300256 -2.211595 1.950426
v -0.300256 -2.217438 1.948723
v 0.300256 -2.217438 1.948723
v -0.300256 -2.223172 1.947070
v 0.300256 -2.223172 1.947070
v -0.300256 -2.228797 1.945466
v 0.300256 -2.228797 1.945466
v -0.300256 -2.234313 1.943912
v 0.300256 -2.234313 1.943912
v -0.300256 -2.239719 1.942408
v 0.300256 -2.239719 1.942408
v -0.300256 -2.245016 1.940953
v 0.300256 -2.245016 1.940953
v -0.300256 -2.245016 1.970979
v 0.300256 -2.245016 1.970979
v -0.300256 -2.239953 1.969296
v 0.300256 -2.239953 1.969296
v -0.300256 -2.234770 1.967583
v 0.300256 -2.234770 1.967583
v -0.300256 -2.229467 1.965841
v 0.300256 -2.229467 1.965841
v -0.300256 -2.224046 1.964068
v 0.300256 -2.224046 1.964068
v -0.300256 -2.218506 1.962266
v 0.300256 -2.218506 1.962266
v -0.300256 -2.212846 1.960434
v 0.300256 -2.212846 1.960434
v -0.300256 -2.207067 1.958572
v 0.300256 -2.207067 1.958572
v -0.300256 -2.201169 1.956681
v 0.300256 -2.201169 1.956681
v -0.300256 -2.195153 1.954760
v 0.300256 -2.195153 1.954760
v -0.300256 -2.189016 1.952809
v 0.300256 -2.189016 1.952809
v -0.300256 -2.182761 1.950828
v 0.300256 -2.182761 1.950828
v -0.300256 -2.176386 1.948817
v 0.300256 -2.176386 1.948817
v -0.300256 -2.169938 1.946787
v 0.300256 -2.169937 1.946787
v -0.300256 -2.163459 1.944746
v 0.300256 -2.163459 1.944746
v -0.300256 -2.156950 1.942696
v 0.300256 -2.156950 1.942696
v -0.300256 -2.150412 1.940636
v 0.300256 -2.150412 1.940636
v -0.300256 -2.143844 1.938565
v 0.300256 -2.143844 1.938565
v -0.300256 -2.137246 1.936485
v 0.300256 -2.137246 1.936485
v -0.300256 -2.130618 1.934395
v 0.300256 -2.130618 1.934395
v -0.300256 -2.123961 1.932295
v 0.300256 -2.123961 1.932295
v -0.300256 -2.117274 1.930185
v 0.300256 -2.117274 1.930185
v -0.300256 -2.110557 1.928065
v 0.300256 -2.110557 1.928065
v -0.300256 -2.103810 1.925936
v 0.300256 -2.103810 1.925936
v -0.300256 -2.097033 1.923796
v 0.300256 -2.097033 1.923796
v -0.300256 -2.090281 1.921656
v 0.300256 -2.090281 1.921656
v -0.300256 -2.083609 1.919526
v 0.300256 -2.083609 1.919526
v -0.300256 -2.077016 1.917406
v 0.300256 -2.077016 1.917406
v -0.300256 -2.070503 1.915297
v 0.300256 -2.070503 1.915297
v -0.300256 -2.064068 1.913197
v 0.300256 -2.064068 1.913197
v -0.300256 -2.057714 1.911106
v 0.300256 -2.057714 1.911106
v -0.300256 -2.051439 1.909026
v 0.300256 -2.051439 1.909026
v -0.300256 -2.045243 1.906956
v 0.300256 -2.045243 1.906956
v -0.300256 -2.039126 1.904896
v 0.300256 -2.039126 1.904896
v -0.300256 -2.033090 1.902845
v 0.300256 -2.033090 1.902845
v -0.300256 -2.027132 1.900805
v 0.300256 -2.027132 1.900805
v -0.300256 -2.021254 1.898775
v 0.300256 -2.021254 1.898775
v -0.300256 -2.015490 1.896774
v 0.300256 -2.015490 1.896774
v -0.300256 -2.009875 1.894823
v 0.300256 -2.009875 1.894823
v -0.300256 -2.004409 1.892921
v 0.300256 -2.004409 1.892921
v -0.300256 -1.999092 1.891070
v 0.300256 -1.999092 1.891070
v -0.300256 -1.993924 1.889267
v 0.300256 -1.993924 1.889267
v -0.300256 -1.988905 1.887515
v 0.300256 -1.988905 1.887515
v -0.300256 -1.984035 1.885812
v 0.300256 -1.984035 1.885812
v -0.300256 -1.979314 1.884159
v 0.300256 -1.979314 1.884159
v -0.300256 -1.974741 1.882555
v 0.300256 -1.974741 1.882555
v -0.300256 -1.970318 1.881002
v 0.300256 -1.970318 1.881002
v -0.300256 -1.966043 1.879497
v 0.300256 -1.966043 1.879497
v -0.300256 -1.961918 1.878043
v 0.300256 -1.961918 1.878043
v -0.300256 -1.304214 1.624970
v 0.300256 -1.304214 1.624970
v -0.300256 -1.304214 1.437667
v 0.300256 -1.304214 1.437667
v -0.300256 -2.345102 1.437667
v 0.300256 -2.345102 1.437667
v -0.300256 -2.345102 1.567778
v 0.300256 -2.345102 1.567778
v -0.300256 -1.750309 1.567778
v 0.300256 -1.750309 1.567778
v -0.300256 -1.744773 1.567773
v 0.300256 -1.744773 1.567773
v -0.300256 -1.739129 1.567758
v 0.300256 -1.739129 1.567758
v -0.300256 -1.733375 1.567733
v 0.300256 -1.733375 1.567733
v -0.300256 -1.727512 1.567698
v 0.300256 -1.727512 1.567698
v -0.300256 -1.721539 1.567654
v 0.300256 -1.721539 1.567654
v -0.300256 -1.715458 1.567599
v 0.300256 -1.715458 1.567599
v -0.300256 -1.709267 1.567535
v 0.300256 -1.709267 1.567535
v -0.300256 -1.702967 1.567460
v 0.300256 -1.702967 1.567460
v -0.300256 -1.696558 1.567376
v 0.300256 -1.696558 1.567376
v -0.300256 -1.690039 1.567281
v 0.300256 -1.690039 1.567281
v -0.300256 -1.683411 1.567177
v 0.300256 -1.683411 1.567177
v -0.300256 -1.676674 1.567063
v 0.300256 -1.676674 1.567063
v -0.300256 -1.669853 1.566944
v 0.300256 -1.669853 1.566944
v -0.300256 -1.662972 1.566825
v 0.300256 -1.662972 1.566825
v -0.300256 -1.656032 1.566706
v 0.300256 -1.656032 1.566706
v -0.300256 -1.649032 1.566586
v 0.300256 -1.649032 1.566586
v -0.300256 -1.641972 1.566467
v 0.300256 -1.641972 1.566467
v -0.300256 -1.634853 1.566348
v 0.300256 -1.634853 1.566348
v -0.300256 -1.627674 1.566229
v 0.300256 -1.627674 1.566229
v -0.300256 -1.620436 1.566110
v 0.300256 -1.620436 1.566110
v -0.300256 -1.613138 1.565991
v 0.300256 -1.613138 1.565991
v -0.300256 -1.605780 1.565872
v 0.300256 -1.605780 1.565872
v -0.300256 -1.598363 1.565753
v 0.300256 -1.598363 1.565753
v -0.300256 -1.590887 1.565633
v 0.300256 -1.590887 1.565633
v -0.300256 -1.583376 1.565509
v 0.300256 -1.583376 1.565509
v -0.300256 -1.575854 1.565375
v 0.300256 -1.575854 1.565375
v -0.300256 -1.568323 1.565231
v 0.300256 -1.568323 1.565231
v -0.300256 -1.560782 1.565077
v 0.300256 -1.560782 1.565077
v -0.300256 -1.553231 1.564914
v 0.300256 -1.553231 1.564914
v -0.300256 -1.545670 1.564740
v 0.300256 -1.545670 1.564740
v -0.300256 -1.538099 1.564556
v 0.300256 -1.538099 1.564556
v -0.300256 -1.530518 1.564363
v 0.300256 -1.530518 1.564363
v -0.300256 -1.522927 1.564159
v 0.300256 -1.522927 1.564159
v -0.300256 -1.515326 1.563946
v 0.300256 -1.515326 1.563946
v -0.300256 -1.507716 1.563722
v 0.300256 -1.507716 1.563722
v -0.300256 -1.500095 1.563489
v 0.300256 -1.500095 1.563489
v -0.300256 -1.492480 1.563260
v 0.300256 -1.492480 1.563260
v -0.300256 -1.484884 1.563052
v 0.300256 -1.484884 1.563052
v -0.300256 -1.477308 1.562863
v 0.300256 -1.477308 1.562863
v -0.300256 -1.469752 1.562694
v 0.300256 -1.469752 1.562694
v -0.300256 -1.462216 1.562545
v 0.300256 -1.462216 1.562545
v -0.300256 -1.454699 1.562416
v 0.300256 -1.454699 1.562416
v -0.300256 -1.447203 1.562307
v 0.300256 -1.447203 1.562307
v -0.300256 -1.439726 1.562217
v 0.300256 -1.439726 1.562217
v -0.300256 -1.432270 1.562148
v 0.300256 -1.432270 1.562148
v -0.300256 -1.424833 1.562098
v 0.300256 -1.424833 1.562098
v -0.300256 -1.417416 1.562068
v 0.300256 -1.417416 1.562068
v -0.300256 -1.410018 1.562059
v 0.300256 -1.410018 1.562059
v -0.300256 -1.410018 1.550621
v 0.300256 -1.410018 1.550621
v -0.300256 -1.418126 1.553018
v 0.300256 -1.418126 1.553018
v -0.300256 -1.426243 1.555446
v 0.300256 -1.426243 1.555446
v -0.300256 -1.434370 1.557904
v 0.300256 -1.434370 1.557904
v -0.300256 -1.442507 1.560391
v 0.300256 -1.442507 1.560391
v -0.300256 -1.450653 1.562908
v 0.300256 -1.450653 1.562908
v -0.300256 -1.458810 1.565454
v 0.300256 -1.458810 1.565454
v -0.300256 -1.466977 1.568031
v 0.300256 -1.466977 1.568031
v -0.300256 -1.475153 1.570637
v 0.300256 -1.475153 1.570637
v -0.300256 -1.483340 1.573274
v 0.300256 -1.483340 1.573274
v -0.300256 -1.491536 1.575940
v 0.300256 -1.491536 1.575940
v -0.300256 -1.499743 1.578635
v 0.300256 -1.499743 1.578635
v -0.300256 -1.507959 1.581361
v 0.300256 -1.507959 1.581361
v -0.300256 -1.516156 1.584096
v 0.300256 -1.516156 1.584096
v -0.300256 -1.524302 1.586822
v 0.300256 -1.524302 1.586822
v -0.300256 -1.532400 1.589538
v 0.300256 -1.532400 1.589538
v -0.300256 -1.540447 1.592243
v 0.300256 -1.540447 1.592243
v -0.300256 -1.548445 1.594939
v 0.300256 -1.548445 1.594939
v -0.300256 -1.556393 1.597625
v 0.300256 -1.556393 1.597625
v -0.300256 -1.564292 1.600301
v 0.300256 -1.564292 1.600301
v -0.300256 -1.572141 1.602967
v 0.300256 -1.572141 1.602967
v -0.300256 -1.579940 1.605623
v 0.300256 -1.579940 1.605623
v -0.300256 -1.587690 1.608269
v 0.300256 -1.587690 1.608269
v -0.300256 -1.595390 1.610905
v 0.300256 -1.595390 1.610905
v -0.300256 -1.603040 1.613531
v 0.300256 -1.603040 1.613531
v -0.300256 -1.610611 1.616138
v 0.300256 -1.610611 1.616138
v -0.300256 -1.618073 1.618714
v 0.300256 -1.618073 1.618714
v -0.300256 -1.625425 1.621261
v 0.300256 -1.625425 1.621261
v -0.300256 -1.632669 1.623778
v 0.300256 -1.632669 1.623778
v -0.300256 -1.639803 1.626265
v 0.300256 -1.639803 1.626265
v -0.300256 -1.646828 1.628723
v 0.300256 -1.646828 1.628723
v -0.300256 -1.653743 1.631150
v 0.300256 -1.653743 1.631150
v -0.300256 -1.660550 1.633548
v 0.300256 -1.660550 1.633548
v -0.300256 -1.667247 1.635916
v 0.300256 -1.667247 1.635916
v -0.300256 -1.673835 1.638255
v 0.300256 -1.673835 1.638255
v -0.300256 -1.680314 1.640563
v 0.300256 -1.680314 1.640563
v -0.300256 -1.686683 1.642842
v 0.300256 -1.686683 1.642842
v -0.300256 -1.692914 1.645081
v 0.300256 -1.692914 1.645081
v -0.300256 -1.698975 1.647270
v 0.300256 -1.698975 1.647270
v -0.300256 -1.704868 1.649410
v 0.300256 -1.704868 1.649410
v -0.300256 -1.710592 1.651500
v 0.300256 -1.710592 1.651500
v -0.300256 -1.716148 1.653541
v 0.300256 -1.716148 1.653541
v -0.300256 -1.721534 1.655531
v 0.300256 -1.721534 1.655531
v -0.300256 -1.726752 1.657472
v 0.300256 -1.726752 1.657472
v -0.300256 -1.731801 1.659364
v 0.300256 -1.731801 1.659364
v -0.300256 -1.736681 1.661206
v 0.300256 -1.736681 1.661206
v -0.300256 -1.741392 1.662998
v 0.300256 -1.741392 1.662998
v -0.300256 -1.745935 1.664741
v 0.300256 -1.745935 1.664741
v -0.300256 -1.750309 1.666434
v 0.300256 -1.750309 1.666434
v -0.300256 -2.345102 1.899489
v 0.300256 -2.345102 1.899489
v -0.300256 -2.345102 2.013873
v 0.300256 -2.345102 2.013873
v -0.300256 -1.750309 2.249788
v 0.300256 -1.750309 2.249788
v -0.300256 -1.746168 2.251481
v 0.300256 -1.746168 2.251481
v -0.300256 -1.741849 2.253224
v 0.300256 -1.741849 2.253224
v -0.300256 -1.737351 2.255016
v 0.300256 -1.737351 2.255016
v -0.300256 -1.732675 2.256858
v 0.300256 -1.732675 2.256858
v -0.300256 -1.727819 2.258749
v 0.300256 -1.727819 2.258749
v -0.300256 -1.722785 2.260690
v 0.300256 -1.722785 2.260690
v -0.300256 -1.717573 2.262681
v 0.300256 -1.717573 2.262681
v -0.300256 -1.712181 2.264722
v 0.300256 -1.712181 2.264722
v -0.300256 -1.706611 2.266812
v 0.300256 -1.706611 2.266812
v -0.300256 -1.700862 2.268951
v 0.300256 -1.700862 2.268951
v -0.300256 -1.694934 2.271141
v 0.300256 -1.694934 2.271141
v -0.300256 -1.688828 2.273380
v 0.300256 -1.688828 2.273380
v -0.300256 -1.682577 2.275659
v 0.300256 -1.682577 2.275658
v -0.300256 -1.676218 2.277967
v 0.300256 -1.676218 2.277967
v -0.300256 -1.669749 2.280305
v 0.300256 -1.669749 2.280305
v -0.300256 -1.663171 2.282673
v 0.300256 -1.663171 2.282673
v -0.300256 -1.656484 2.285071
v 0.300256 -1.656484 2.285071
v -0.300256 -1.649687 2.287499
v 0.300256 -1.649687 2.287499
v -0.300256 -1.642782 2.289956
v 0.300256 -1.642782 2.289956
v -0.300256 -1.635767 2.292444
v 0.300256 -1.635767 2.292444
v -0.300256 -1.628643 2.294961
v 0.300256 -1.628643 2.294960
v -0.300256 -1.621409 2.297508
v 0.300256 -1.621409 2.297508
v -0.300256 -1.614067 2.300084
v 0.300256 -1.614067 2.300084
v -0.300256 -1.606615 2.302691
v 0.300256 -1.606615 2.302691
v -0.300256 -1.599074 2.305317
v 0.300256 -1.599074 2.305317
v -0.300256 -1.591463 2.307953
v 0.300256 -1.591463 2.307953
v -0.300256 -1.583783 2.310599
v 0.300256 -1.583783 2.310599
v -0.300256 -1.576033 2.313255
v 0.300256 -1.576033 2.313255
v -0.300256 -1.568214 2.315921
v 0.300256 -1.568214 2.315921
v -0.300256 -1.560325 2.318597
v 0.300256 -1.560325 2.318597
v -0.300256 -1.552367 2.321283
v 0.300256 -1.552367 2.321283
v -0.300256 -1.544340 2.323978
v 0.300256 -1.544340 2.323978
v -0.300256 -1.536242 2.326684
v 0.300256 -1.536242 2.326684
v -0.300256 -1.528076 2.329400
v 0.300256 -1.528076 2.329400
v -0.300256 -1.519839 2.332125
v 0.300256 -1.519839 2.332125
v -0.300256 -1.511534 2.334861
v 0.300256 -1.511534 2.334861
v -0.300256 -1.503183 2.337616
v 0.300256 -1.503183 2.337616
v -0.300256 -1.494813 2.340401
v 0.300256 -1.494813 2.340401
v -0.300256 -1.486423 2.343216
v 0.300256 -1.486423 2.343216
v -0.300256 -1.478013 2.346061
v 0.300256 -1.478013 2.346061
v -0.300256 -1.469583 2.348935
v 0.300256 -1.469583 2.348935
v -0.300256 -1.461133 2.351840
v 0.300256 -1.461133 2.351840
v -0.300256 -1.452664 2.354774
v 0.300256 -1.452664 2.354774
v -0.300256 -1.444175 2.357738
v 0.300256 -1.444175 2.357737
v -0.300256 -1.435665 2.360731
v 0.300256 -1.435665 2.360731
v -0.300256 -1.427136 2.363755
v 0.300256 -1.427136 2.363755
v -0.300256 -1.418587 2.366808
v 0.300256 -1.418587 2.366808
v -0.300256 -1.410019 2.369891
v 0.300256 -1.410019 2.369891
v -0.300256 -1.410019 2.355593
v 0.300256 -1.410019 2.355593
v -0.300256 -1.416726 2.355360
v 0.300256 -1.416726 2.355359
v -0.300256 -1.423502 2.355136
v 0.300256 -1.423502 2.355136
v -0.300256 -1.430348 2.354923
v 0.300256 -1.430348 2.354923
v -0.300256 -1.437264 2.354719
v 0.300256 -1.437264 2.354719
v -0.300256 -1.444249 2.354525
v 0.300256 -1.444249 2.354525
v -0.300256 -1.451304 2.354342
v 0.300256 -1.451304 2.354342
v -0.300256 -1.458428 2.354168
v 0.300256 -1.458428 2.354168
v -0.300256 -1.465622 2.354004
v 0.300256 -1.465622 2.354004
v -0.300256 -1.472885 2.353850
v 0.300256 -1.472885 2.353850
v -0.300256 -1.480217 2.353706
v 0.300256 -1.480217 2.353706
v -0.300256 -1.487620 2.353572
v 0.300256 -1.487620 2.353572
v -0.300256 -1.495091 2.353448
v 0.300256 -1.495091 2.353448
v -0.300256 -1.502598 2.353329
v 0.300256 -1.502598 2.353329
v -0.300256 -1.510104 2.353210
v 0.300256 -1.510104 2.353210
v -0.300256 -1.517610 2.353091
v 0.300256 -1.517610 2.353091
v -0.300256 -1.525117 2.352972
v 0.300256 -1.525117 2.352972
v -0.300256 -1.532623 2.352852
v 0.300256 -1.532623 2.352852
v -0.300256 -1.540129 2.352733
v 0.300256 -1.540129 2.352733
v -0.300256 -1.547636 2.352614
v 0.300256 -1.547636 2.352614
v -0.300256 -1.555142 2.352495
v 0.300256 -1.555142 2.352495
v -0.300256 -1.562649 2.352376
v 0.300256 -1.562649 2.352376
v -0.300256 -1.570155 2.352257
v 0.300256 -1.570155 2.352257
v -0.300256 -1.577661 2.352138
v 0.300256 -1.577661 2.352137
v -0.300256 -1.585168 2.352018
v 0.300256 -1.585168 2.352018
v -0.300256 -1.592659 2.351899
v 0.300256 -1.592659 2.351899
v -0.300256 -1.600121 2.351780
v 0.300256 -1.600121 2.351780
v -0.300256 -1.607553 2.351661
v 0.300256 -1.607553 2.351661
v -0.300256 -1.614955 2.351542
v 0.300256 -1.614955 2.351542
v -0.300256 -1.622328 2.351423
v 0.300256 -1.622328 2.351423
v -0.300256 -1.629670 2.351303
v 0.300256 -1.629670 2.351303
v -0.300256 -1.636983 2.351184
v 0.300256 -1.636983 2.351184
v -0.300256 -1.644266 2.351065
v 0.300256 -1.644266 2.351065
v -0.300256 -1.651519 2.350946
v 0.300256 -1.651519 2.350946
v -0.300256 -1.658743 2.350827
v 0.300256 -1.658743 2.350827
v -0.300256 -1.665936 2.350708
v 0.300256 -1.665936 2.350708
v -0.300256 -1.673100 2.350589
v 0.300256 -1.673100 2.350588
v -0.300256 -1.680189 2.350474
v 0.300256 -1.680189 2.350474
v -0.300256 -1.687160 2.350370
v 0.300256 -1.687160 2.350370
v -0.300256 -1.694011 2.350276
v 0.300256 -1.694011 2.350276
v -0.300256 -1.700743 2.350191
v 0.300256 -1.700743 2.350191
v -0.300256 -1.707355 2.350117
v 0.300256 -1.707355 2.350117
v -0.300256 -1.713849 2.350052
v 0.300256 -1.713849 2.350052
v -0.300256 -1.720224 2.349998
v 0.300256 -1.720224 2.349998
v -0.300256 -1.726479 2.349953
v 0.300256 -1.726479 2.349953
v -0.300256 -1.732615 2.349918
v 0.300256 -1.732615 2.349918
v -0.300256 -1.738632 2.349894
v 0.300256 -1.738632 2.349894
v -0.300256 -1.744530 2.349879
v 0.300256 -1.744530 2.349879
v -0.300256 -1.750309 2.349874
v 0.300256 -1.750309 2.349874
v -0.300256 -2.345102 0.546907
v 0.300256 -2.345102 0.546907
v -0.300256 -2.345102 1.191743
v 0.300256 -2.345102 1.191743
v -0.300256 -1.304214 1.191743
v 0.300256 -1.304214 1.191743
v -0.300256 -1.304214 0.552626
v 0.300256 -1.304214 0.552626
v -0.300256 -1.421457 0.552626
v 0.300256 -1.421457 0.552626
v -0.300256 -1.421457 1.060202
v 0.300256 -1.421457 1.060202
v -0.300256 -1.760317 1.060202
v 0.300256 -1.760317 1.060202
v -0.300256 -1.760317 0.588371
v 0.300256 -1.760317 0.588371
v -0.300256 -1.877560 0.588371
v 0.300256 -1.877560 0.588371
v -0.300256 -1.877560 1.060202
v 0.300256 -1.877560 1.060202
v -0.300256 -2.227859 1.060202
v 0.300256 -2.227859 1.060202
v -0.300256 -2.227859 0.546907
v 0.300256 -2.227859 0.546907
v -0.300256 -2.335808 -0.236618
v 0.300256 -2.335808 -0.236618
v -0.300256 -2.339576 -0.224872
v 0.300256 -2.339576 -0.224872
v -0.300256 -2.343016 -0.212987
v 0.300256 -2.343016 -0.212987
v -0.300256 -2.346129 -0.200963
v 0.300256 -2.346129 -0.200963
v -0.300256 -2.348914 -0.188800
v 0.300256 -2.348914 -0.188800
v -0.300256 -2.351372 -0.176497
v 0.300256 -2.351372 -0.176497
v -0.300256 -2.353502 -0.164056
v 0.300256 -2.353502 -0.164056
v -0.300256 -2.355304 -0.151476
v 0.300256 -2.355304 -0.151476
v -0.300256 -2.356778 -0.138757
v 0.300256 -2.356778 -0.138757
v -0.300256 -2.357925 -0.125899
v 0.300256 -2.357925 -0.125899
v -0.300256 -2.358744 -0.112901
v 0.300256 -2.358744 -0.112901
v -0.300256 -2.359236 -0.099765
v 0.300256 -2.359236 -0.099765
v -0.300256 -2.359400 -0.086490
v 0.300256 -2.359400 -0.086490
v -0.300256 -2.358948 -0.064299
v 0.300256 -2.358948 -0.064299
v -0.300256 -2.357592 -0.042524
v 0.300256 -2.357592 -0.042524
v -0.300256 -2.355334 -0.021167
v 0.300256 -2.355334 -0.021167
v -0.300256 -2.352171 -0.000226
v 0.300256 -2.352171 -0.000226
v -0.300256 -2.348105 0.020297
v 0.300256 -2.348105 0.020297
v -0.300256 -2.343136 0.040404
v 0.300256 -2.343136 0.040404
v -0.300256 -2.337263 0.060093
v 0.300256 -2.337263 0.060093
v -0.300256 -2.330486 0.079365
v 0.300256 -2.330486 0.079365
v -0.300256 -2.322806 0.098221
v 0.300256 -2.322806 0.098221
v -0.300256 -2.314222 0.116659
v 0.300256 -2.314222 0.116659
v -0.300256 -2.304735 0.134680
v 0.300256 -2.304735 0.134680
v -0.300256 -2.294344 0.152285
v 0.300256 -2.294344 0.152285
v -0.300256 -2.283119 0.169373
v 0.300256 -2.283119 0.169373
v -0.300256 -2.271130 0.185845
v 0.300256 -2.271130 0.185845
v -0.300256 -2.258376 0.201702
v 0.300256 -2.258376 0.201702
v -0.300256 -2.244857 0.216943
v 0.300256 -2.244857 0.216943
v -0.300256 -2.230574 0.231569
v 0.300256 -2.230574 0.231569
v -0.300256 -2.215527 0.245579
v 0.300256 -2.215527 0.245579
v -0.300256 -2.199715 0.258973
v 0.300256 -2.199715 0.258973
v -0.300256 -2.183138 0.271752
v 0.300256 -2.183138 0.271752
v -0.300256 -2.165797 0.283915
v 0.300256 -2.165797 0.283915
v -0.300256 -2.147691 0.295463
v 0.300256 -2.147691 0.295463
v -0.300256 -2.128821 0.306395
v 0.300256 -2.128821 0.306395
v -0.300256 -2.109186 0.316711
v 0.300256 -2.109186 0.316711
v -0.300256 -2.088871 0.326302
v 0.300256 -2.088871 0.326302
v -0.300256 -2.067961 0.335060
v 0.300256 -2.067961 0.335060
v -0.300256 -2.046454 0.342983
v 0.300256 -2.046454 0.342983
v -0.300256 -2.024352 0.350073
v 0.300256 -2.024352 0.350073
v -0.300256 -2.001654 0.356328
v 0.300256 -2.001654 0.356328
v -0.300256 -1.978360 0.361749
v 0.300256 -1.978360 0.361749
v -0.300256 -1.954471 0.366337
v 0.300256 -1.954471 0.366337
v -0.300256 -1.929986 0.370090
v 0.300256 -1.929986 0.370090
v -0.300256 -1.904905 0.373009
v 0.300256 -1.904905 0.373009
v -0.300256 -1.879228 0.375094
v 0.300256 -1.879228 0.375094
v -0.300256 -1.852956 0.376345
v 0.300256 -1.852956 0.376345
v -0.300256 -1.826088 0.376762
v 0.300256 -1.826088 0.376762
v -0.300256 -1.798768 0.376345
v 0.300256 -1.798768 0.376345
v -0.300256 -1.772093 0.375094
v 0.300256 -1.772093 0.375094
v -0.300256 -1.746064 0.373009
v 0.300256 -1.746064 0.373009
v -0.300256 -1.720680 0.370090
v 0.300256 -1.720680 0.370090
v -0.300256 -1.695942 0.366337
v 0.300256 -1.695942 0.366337
v -0.300256 -1.671849 0.361749
v 0.300256 -1.671849 0.361749
v -0.300256 -1.648401 0.356328
v 0.300256 -1.648401 0.356328
v -0.300256 -1.625599 0.350073
v 0.300256 -1.625599 0.350073
v -0.300256 -1.603442 0.342983
v 0.300256 -1.603442 0.342983
v -0.300256 -1.581931 0.335060
v 0.300256 -1.581931 0.335060
v -0.300256 -1.561065 0.326302
v 0.300256 -1.561065 0.326302
v -0.300256 -1.540844 0.316711
v 0.300256 -1.540844 0.316711
v -0.300256 -1.521324 0.306395
v 0.300256 -1.521324 0.306395
v -0.300256 -1.502558 0.295463
v 0.300256 -1.502558 0.295463
v -0.300256 -1.484546 0.283915
v 0.300256 -1.484546 0.283915
v -0.300256 -1.467289 0.271752
v 0.300256 -1.467289 0.271752
v -0.300256 -1.450787 0.258973
v 0.300256 -1.450787 0.258973
v -0.300256 -1.435040 0.245579
v 0.300256 -1.435040 0.245579
v -0.300256 -1.420047 0.231569
v 0.300256 -1.420047 0.231569
v -0.300256 -1.405808 0.216943
v 0.300256 -1.405808 0.216943
v -0.300256 -1.392325 0.201702
v 0.300256 -1.392325 0.201702
v -0.300256 -1.379596 0.185845
v 0.300256 -1.379596 0.185845
v -0.300256 -1.367621 0.169373
v 0.300256 -1.367621 0.169373
v -0.300256 -1.356401 0.152285
v 0.300256 -1.356401 0.152285
v -0.300256 -1.346010 0.134681
v 0.300256 -1.346010 0.134681
v -0.300256 -1.336523 0.116659
v 0.300256 -1.336523 0.116659
v -0.300256 -1.327939 0.098221
v 0.300256 -1.327939 0.098221
v -0.300256 -1.320259 0.079365
v 0.300256 -1.320259 0.079365
v -0.300256 -1.313483 0.060093
v 0.300256 -1.313483 0.060093
v -0.300256 -1.307610 0.040404
v 0.300256 -1.307610 0.040404
v -0.300256 -1.302640 0.020297
v 0.300256 -1.302640 0.020297
v -0.300256 -1.298574 -0.000226
v 0.300256 -1.298574 -0.000226
v -0.300256 -1.295412 -0.021167
v 0.300256 -1.295412 -0.021167
v -0.300256 -1.293153 -0.042524
v 0.300256 -1.293153 -0.042524
v -0.300256 -1.291798 -0.064298
v 0.300256 -1.291798 -0.064298
v -0.300256 -1.291346 -0.086490
v 0.300256 -1.291346 -0.086490
v -0.300256 -1.291505 -0.099765
v 0.300256 -1.291505 -0.099765
v -0.300256 -1.291981 -0.112901
v 0.300256 -1.291981 -0.112901
v -0.300256 -1.292775 -0.125899
v 0.300256 -1.292775 -0.125899
v -0.300256 -1.293887 -0.138757
v 0.300256 -1.293887 -0.138757
v -0.300256 -1.295317 -0.151476
v 0.300256 -1.295317 -0.151476
v -0.300256 -1.297065 -0.164056
v 0.300256 -1.297065 -0.164056
v -0.300256 -1.299130 -0.176497
v 0.300256 -1.299130 -0.176497
v -0.300256 -1.301513 -0.188800
v 0.300256 -1.301513 -0.188800
v -0.300256 -1.304214 -0.200963
v 0.300256 -1.304214 -0.200963
v -0.300256 -1.307232 -0.212987
v 0.300256 -1.307232 -0.212987
v -0.300256 -1.310568 -0.224872
v 0.300256 -1.310568 -0.224872
v -0.300256 -1.314222 -0.236618
v 0.300256 -1.314222 -0.236618
v -0.300256 -1.318184 -0.248195
v 0.300256 -1.318184 -0.248195
v -0.300256 -1.322444 -0.259574
v 0.300256 -1.322444 -0.259574
v -0.300256 -1.327001 -0.270754
v 0.300256 -1.327001 -0.270754
v -0.300256 -1.331856 -0.281736
v 0.300256 -1.331856 -0.281736
v -0.300256 -1.337010 -0.292519
v 0.300256 -1.337010 -0.292519
v -0.300256 -1.342461 -0.303104
v 0.300256 -1.342461 -0.303104
v -0.300256 -1.348210 -0.313490
v 0.300256 -1.348210 -0.313490
v -0.300256 -1.354257 -0.323677
v 0.300256 -1.354257 -0.323677
v -0.300256 -1.360601 -0.333665
v 0.300256 -1.360601 -0.333665
v -0.300256 -1.367244 -0.343456
v 0.300256 -1.367244 -0.343456
v -0.300256 -1.374184 -0.353047
v 0.300256 -1.374184 -0.353047
v -0.300256 -1.381423 -0.362440
v 0.300256 -1.381423 -0.362440
v -0.300256 -1.388944 -0.371609
v 0.300256 -1.388944 -0.371609
v -0.300256 -1.396733 -0.380531
v 0.300256 -1.396733 -0.380531
v -0.300256 -1.404791 -0.389204
v 0.300256 -1.404791 -0.389204
v -0.300256 -1.413116 -0.397629
v 0.300256 -1.413116 -0.397629
v -0.300256 -1.421710 -0.405805
v 0.300256 -1.421710 -0.405805
v -0.300256 -1.430572 -0.413734
v 0.300256 -1.430572 -0.413734
v -0.300256 -1.439701 -0.421414
v 0.300256 -1.439701 -0.421414
v -0.300256 -1.449099 -0.428846
v 0.300256 -1.449099 -0.428846
v -0.300256 -1.458765 -0.436030
v 0.300256 -1.458765 -0.436030
v -0.300256 -1.468699 -0.442965
v 0.300256 -1.468699 -0.442965
v -0.300256 -1.478902 -0.449652
v 0.300256 -1.478902 -0.449652
v -0.300256 -1.489372 -0.456091
v 0.300256 -1.489372 -0.456091
v -0.300256 -1.500090 -0.462232
v 0.300256 -1.500090 -0.462232
v -0.300256 -1.511037 -0.468026
v 0.300256 -1.511037 -0.468026
v -0.300256 -1.522212 -0.473472
v 0.300256 -1.522212 -0.473472
v -0.300256 -1.533616 -0.478571
v 0.300256 -1.533616 -0.478571
v -0.300256 -1.545248 -0.483322
v 0.300256 -1.545248 -0.483322
v -0.300256 -1.557108 -0.487725
v 0.300256 -1.557108 -0.487725
v -0.300256 -1.569197 -0.491781
v 0.300256 -1.569197 -0.491781
v -0.300256 -1.581514 -0.495490
v 0.300256 -1.581514 -0.495490
v -0.300256 -1.594059 -0.498851
v 0.300256 -1.594059 -0.498851
v -0.300256 -1.606833 -0.501864
v 0.300256 -1.606833 -0.501864
v -0.300256 -1.619835 -0.504530
v 0.300256 -1.619835 -0.504530
v -0.300256 -1.633066 -0.506849
v 0.300256 -1.633066 -0.506849
v -0.300256 -1.633066 -0.375308
v 0.300256 -1.633066 -0.375308
v -0.300256 -1.624105 -0.373292
v 0.300256 -1.624105 -0.373292
v -0.300256 -1.615332 -0.371058
v 0.300256 -1.615332 -0.371058
v -0.300256 -1.606749 -0.368606
v 0.300256 -1.606749 -0.368606
v -0.300256 -1.598354 -0.365935
v 0.300256 -1.598354 -0.365935
v -0.300256 -1.590147 -0.363046
v 0.300256 -1.590147 -0.363046
v -0.300256 -1.582129 -0.359938
v 0.300256 -1.582129 -0.359938
v -0.300256 -1.574300 -0.356611
v 0.300256 -1.574300 -0.356611
v -0.300256 -1.566660 -0.353067
v 0.300256 -1.566660 -0.353067
v -0.300256 -1.559208 -0.349304
v 0.300256 -1.559208 -0.349304
v -0.300256 -1.551945 -0.345322
v 0.300256 -1.551945 -0.345322
v -0.300256 -1.544870 -0.341122
v 0.300256 -1.544870 -0.341122
v -0.300256 -1.537985 -0.336704
v 0.300256 -1.537985 -0.336704
v -0.300256 -1.531282 -0.332096
v 0.300256 -1.531282 -0.332096
v -0.300256 -1.524759 -0.327330
v 0.300256 -1.524759 -0.327330
v -0.300256 -1.518414 -0.322406
v 0.300256 -1.518414 -0.322406
v -0.300256 -1.512248 -0.317322
v 0.300256 -1.512248 -0.317322
v -0.300256 -1.506261 -0.312079
v 0.300256 -1.506261 -0.312079
v -0.300256 -1.500453 -0.306678
v 0.300256 -1.500453 -0.306678
v -0.300256 -1.494823 -0.301118
v 0.300256 -1.494823 -0.301118
v -0.300256 -1.489372 -0.295399
v 0.300256 -1.489372 -0.295399
v -0.300256 -1.484099 -0.289521
v 0.300256 -1.484099 -0.289521
v -0.300256 -1.479006 -0.283484
v 0.300256 -1.479006 -0.283484
v -0.300256 -1.474091 -0.277288
v 0.300256 -1.474091 -0.277288
v -0.300256 -1.469355 -0.270933
v 0.300256 -1.469355 -0.270933
v -0.300256 -1.464802 -0.264440
v 0.300256 -1.464802 -0.264440
v -0.300256 -1.460438 -0.257827
v 0.300256 -1.460438 -0.257827
v -0.300256 -1.456263 -0.251095
v 0.300256 -1.456263 -0.251095
v -0.300256 -1.452277 -0.244244
v 0.300256 -1.452277 -0.244244
v -0.300256 -1.448479 -0.237274
v 0.300256 -1.448479 -0.237274
v -0.300256 -1.444870 -0.230184
v 0.300256 -1.444870 -0.230184
v -0.300256 -1.441449 -0.222976
v 0.300256 -1.441449 -0.222976
v -0.300256 -1.438217 -0.215648
v 0.300256 -1.438217 -0.215648
v -0.300256 -1.435174 -0.208201
v 0.300256 -1.435174 -0.208201
v -0.300256 -1.432319 -0.200635
v 0.300256 -1.432319 -0.200635
v -0.300256 -1.429653 -0.192950
v 0.300256 -1.429653 -0.192950
v -0.300256 -1.427176 -0.185146
v 0.300256 -1.427176 -0.185146
v -0.300256 -1.424892 -0.177252
v 0.300256 -1.424892 -0.177252
v -0.300256 -1.422807 -0.169299
v 0.300256 -1.422807 -0.169299
v -0.300256 -1.420920 -0.161286
v 0.300256 -1.420920 -0.161286
v -0.300256 -1.419233 -0.153214
v 0.300256 -1.419233 -0.153214
v -0.300256 -1.417743 -0.145082
v 0.300256 -1.417743 -0.145082
v -0.300256 -1.416452 -0.136890
v 0.300256 -1.416452 -0.136890
v -0.300256 -1.415360 -0.128639
v 0.300256 -1.415360 -0.128639
v -0.300256 -1.414467 -0.120328
v 0.300256 -1.414467 -0.120328
v -0.300256 -1.413772 -0.111958
v 0.300256 -1.413772 -0.111958
v -0.300256 -1.413275 -0.103528
v 0.300256 -1.413275 -0.103528
v -0.300256 -1.412977 -0.095039
v 0.300256 -1.412977 -0.095039
v -0.300256 -1.412878 -0.086490
v 0.300256 -1.412878 -0.086490
v -0.300256 -1.413216 -0.070663
v 0.300256 -1.413216 -0.070663
v -0.300256 -1.414228 -0.055114
v 0.300256 -1.414228 -0.055114
v -0.300256 -1.415916 -0.039843
v 0.300256 -1.415916 -0.039843
v -0.300256 -1.418279 -0.024850
v 0.300256 -1.418279 -0.024850
v -0.300256 -1.421318 -0.010135
v 0.300256 -1.421318 -0.010135
v -0.300256 -1.425031 0.004302
v 0.300256 -1.425031 0.004302
v -0.300256 -1.429420 0.018461
v 0.300256 -1.429420 0.018461
v -0.300256 -1.434484 0.032341
v 0.300256 -1.434484 0.032341
v -0.300256 -1.440223 0.045944
v 0.300256 -1.440223 0.045944
v -0.300256 -1.446637 0.059269
v 0.300256 -1.446637 0.059269
v -0.300256 -1.453726 0.072316
v 0.300256 -1.453726 0.072316
v -0.300256 -1.461491 0.085085
v 0.300256 -1.461491 0.085085
v -0.300256 -1.469891 0.097491
v 0.300256 -1.469891 0.097491
v -0.300256 -1.478887 0.109451
v 0.300256 -1.478887 0.109451
v -0.300256 -1.488478 0.120964
v 0.300256 -1.488478 0.120964
v -0.300256 -1.498665 0.132030
v 0.300256 -1.498665 0.132030
v -0.300256 -1.509448 0.142649
v 0.300256 -1.509448 0.142649
v -0.300256 -1.520827 0.152821
v 0.300256 -1.520827 0.152821
v -0.300256 -1.532802 0.162546
v 0.300256 -1.532802 0.162546
v -0.300256 -1.545372 0.171825
v 0.300256 -1.545372 0.171825
v -0.300256 -1.558538 0.180657
v 0.300256 -1.558538 0.180657
v -0.300256 -1.572300 0.189042
v 0.300256 -1.572300 0.189042
v -0.300256 -1.586657 0.196981
v 0.300256 -1.586657 0.196981
v -0.300256 -1.601610 0.204472
v 0.300256 -1.601610 0.204472
v -0.300256 -1.617149 0.211437
v 0.300256 -1.617149 0.211437
v -0.300256 -1.633264 0.217797
v 0.300256 -1.633264 0.217797
v -0.300256 -1.649955 0.223551
v 0.300256 -1.649955 0.223551
v -0.300256 -1.667222 0.228699
v 0.300256 -1.667222 0.228699
v -0.300256 -1.685064 0.233242
v 0.300256 -1.685064 0.233242
v -0.300256 -1.703483 0.237179
v 0.300256 -1.703483 0.237179
v -0.300256 -1.722477 0.240510
v 0.300256 -1.722477 0.240510
v -0.300256 -1.742048 0.243235
v 0.300256 -1.742048 0.243235
v -0.300256 -1.762194 0.245355
v 0.300256 -1.762194 0.245355
v -0.300256 -1.782916 0.246869
v 0.300256 -1.782916 0.246869
v -0.300256 -1.804214 0.247778
v 0.300256 -1.804214 0.247778
v -0.300256 -1.826088 0.248081
v 0.300256 -1.826088 0.248081
v -0.300256 -1.847733 0.247773
v 0.300256 -1.847733 0.247773
v -0.300256 -1.868822 0.246850
v 0.300256 -1.868822 0.246850
v -0.300256 -1.889356 0.245311
v 0.300256 -1.889356 0.245311
v -0.300256 -1.909333 0.243156
v 0.300256 -1.909333 0.243156
v -0.300256 -1.928754 0.240386
v 0.300256 -1.928754 0.240386
v -0.300256 -1.947620 0.237000
v 0.300256 -1.947620 0.237000
v -0.300256 -1.965929 0.232999
v 0.300256 -1.965929 0.232999
v -0.300256 -1.983682 0.228382
v 0.300256 -1.983682 0.228382
v -0.300256 -2.000880 0.223149
v 0.300256 -2.000880 0.223149
v -0.300256 -2.017521 0.217301
v 0.300256 -2.017521 0.217301
v -0.300256 -2.033606 0.210837
v 0.300256 -2.033606 0.210837
v -0.300256 -2.049135 0.203757
v 0.300256 -2.049135 0.203757
v -0.300256 -2.064083 0.196151
v 0.300256 -2.064083 0.196151
v -0.300256 -2.078426 0.188109
v 0.300256 -2.078426 0.188109
v -0.300256 -2.092163 0.179630
v 0.300256 -2.092163 0.179630
v -0.300256 -2.105294 0.170713
v 0.300256 -2.105294 0.170713
v -0.300256 -2.117820 0.161360
v 0.300256 -2.117820 0.161360
v -0.300256 -2.129739 0.151570
v 0.300256 -2.129739 0.151570
v -0.300256 -2.141054 0.141343
v 0.300256 -2.141054 0.141343
v -0.300256 -2.151762 0.130679
v 0.300256 -2.151762 0.130679
v -0.300256 -2.161865 0.119578
v 0.300256 -2.161865 0.119578
v -0.300256 -2.171362 0.108041
v 0.300256 -2.171362 0.108041
v -0.300256 -2.180254 0.096066
v 0.300256 -2.180254 0.096066
v -0.300256 -2.188540 0.083655
v 0.300256 -2.188540 0.083655
v -0.300256 -2.196190 0.070896
v 0.300256 -2.196190 0.070896
v -0.300256 -2.203175 0.057879
v 0.300256 -2.203175 0.057879
v -0.300256 -2.209495 0.044604
v 0.300256 -2.209495 0.044604
v -0.300256 -2.215149 0.031070
v 0.300256 -2.215149 0.031070
v -0.300256 -2.220139 0.017279
v 0.300256 -2.220139 0.017279
v -0.300256 -2.224463 0.003229
v 0.300256 -2.224463 0.003229
v -0.300256 -2.228122 -0.011079
v 0.300256 -2.228122 -0.011079
v -0.300256 -2.231116 -0.025645
v 0.300256 -2.231116 -0.025645
v -0.300256 -2.233444 -0.040469
v 0.300256 -2.233444 -0.040469
v -0.300256 -2.235107 -0.055551
v 0.300256 -2.235107 -0.055551
v -0.300256 -2.236105 -0.070892
v 0.300256 -2.236105 -0.070892
v -0.300256 -2.236438 -0.086490
v 0.300256 -2.236438 -0.086490
v -0.300256 -2.236338 -0.095039
v 0.300256 -2.236338 -0.095039
v -0.300256 -2.236040 -0.103528
v 0.300256 -2.236040 -0.103528
v -0.300256 -2.235544 -0.111958
v 0.300256 -2.235544 -0.111958
v -0.300256 -2.234849 -0.120328
v 0.300256 -2.234849 -0.120328
v -0.300256 -2.233955 -0.128639
v 0.300256 -2.233955 -0.128639
v -0.300256 -2.232863 -0.136890
v 0.300256 -2.232863 -0.136890
v -0.300256 -2.231572 -0.145082
v 0.300256 -2.231572 -0.145082
v -0.300256 -2.230083 -0.153214
v 0.300256 -2.230083 -0.153214
v -0.300256 -2.228395 -0.161286
v 0.300256 -2.228395 -0.161286
v -0.300256 -2.226508 -0.169299
v 0.300256 -2.226508 -0.169299
v -0.300256 -2.224423 -0.177252
v 0.300256 -2.224423 -0.177252
v -0.300256 -2.222140 -0.185146
v 0.300256 -2.222140 -0.185146
v -0.300256 -2.219662 -0.192950
v 0.300256 -2.219662 -0.192950
v -0.300256 -2.216996 -0.200635
v 0.300256 -2.216996 -0.200635
v -0.300256 -2.214142 -0.208201
v 0.300256 -2.214142 -0.208201
v -0.300256 -2.211098 -0.215648
v 0.300256 -2.211098 -0.215648
v -0.300256 -2.207866 -0.222976
v 0.300256 -2.207866 -0.222976
v -0.300256 -2.204446 -0.230184
v 0.300256 -2.204446 -0.230184
v -0.300256 -2.200837 -0.237274
v 0.300256 -2.200837 -0.237274
v -0.300256 -2.197039 -0.244244
v 0.300256 -2.197039 -0.244244
v -0.300256 -2.193052 -0.251095
v 0.300256 -2.193052 -0.251095
v -0.300256 -2.188877 -0.257827
v 0.300256 -2.188877 -0.257827
v -0.300256 -2.184513 -0.264440
v 0.300256 -2.184513 -0.264440
v -0.300256 -2.179961 -0.270933
v 0.300256 -2.179961 -0.270933
v -0.300256 -2.175225 -0.277287
v 0.300256 -2.175225 -0.277287
v -0.300256 -2.170310 -0.283483
v 0.300256 -2.170310 -0.283483
v -0.300256 -2.165216 -0.289520
v 0.300256 -2.165216 -0.289520
v -0.300256 -2.159944 -0.295398
v 0.300256 -2.159944 -0.295398
v -0.300256 -2.154493 -0.301117
v 0.300256 -2.154493 -0.301117
v -0.300256 -2.148863 -0.306677
v 0.300256 -2.148863 -0.306677
v -0.300256 -2.143054 -0.312079
v 0.300256 -2.143054 -0.312079
v -0.300256 -2.137067 -0.317321
v 0.300256 -2.137067 -0.317321
v -0.300256 -2.130901 -0.322405
v 0.300256 -2.130901 -0.322405
v -0.300256 -2.124556 -0.327330
v 0.300256 -2.124556 -0.327330
v -0.300256 -2.118033 -0.332096
v 0.300256 -2.118033 -0.332096
v -0.300256 -2.111331 -0.336704
v 0.300256 -2.111331 -0.336704
v -0.300256 -2.104455 -0.341122
v 0.300256 -2.104455 -0.341122
v -0.300256 -2.097410 -0.345322
v 0.300256 -2.097410 -0.345322
v -0.300256 -2.090197 -0.349304
v 0.300256 -2.090197 -0.349304
v -0.300256 -2.082814 -0.353067
v 0.300256 -2.082814 -0.353067
v -0.300256 -2.075263 -0.356611
v 0.300256 -2.075263 -0.356611
v -0.300256 -2.067544 -0.359938
v 0.300256 -2.067544 -0.359938
v -0.300256 -2.059655 -0.363046
v 0.300256 -2.059655 -0.363046
v -0.300256 -2.051597 -0.365935
v 0.300256 -2.051597 -0.365935
v -0.300256 -2.043371 -0.368606
v 0.300256 -2.043371 -0.368606
v -0.300256 -2.034976 -0.371058
v 0.300256 -2.034976 -0.371058
v -0.300256 -2.026412 -0.373292
v 0.300256 -2.026412 -0.373292
v -0.300256 -2.017679 -0.375308
v 0.300256 -2.017679 -0.375308
v -0.300256 -2.017679 -0.506849
v 0.300256 -2.017679 -0.506849
v -0.300256 -2.030682 -0.504535
v 0.300256 -2.030682 -0.504535
v -0.300256 -2.043475 -0.501884
v 0.300256 -2.043475 -0.501884
v -0.300256 -2.056060 -0.498896
v 0.300256 -2.056060 -0.498896
v -0.300256 -2.068437 -0.495569
v 0.300256 -2.068437 -0.495569
v -0.300256 -2.080605 -0.491905
v 0.300256 -2.080605 -0.491905
v -0.300256 -2.092565 -0.487904
v 0.300256 -2.092565 -0.487904
v -0.300256 -2.104316 -0.483565
v 0.300256 -2.104316 -0.483565
v -0.300256 -2.115858 -0.478888
v 0.300256 -2.115858 -0.478888
v -0.300256 -2.127192 -0.473874
v 0.300256 -2.127192 -0.473874
v -0.300256 -2.138318 -0.468522
v 0.300256 -2.138318 -0.468522
v -0.300256 -2.149235 -0.462833
v 0.300256 -2.149235 -0.462833
v -0.300256 -2.159944 -0.456806
v 0.300256 -2.159944 -0.456806
v -0.300256 -2.170414 -0.450476
v 0.300256 -2.170414 -0.450476
v -0.300256 -2.180616 -0.443878
v 0.300256 -2.180616 -0.443878
v -0.300256 -2.190550 -0.437013
v 0.300256 -2.190550 -0.437013
v -0.300256 -2.200216 -0.429878
v 0.300256 -2.200216 -0.429878
v -0.300256 -2.209614 -0.422477
v 0.300256 -2.209614 -0.422477
v -0.300256 -2.218744 -0.414806
v 0.300256 -2.218744 -0.414806
v -0.300256 -2.227606 -0.406868
v 0.300256 -2.227606 -0.406868
v -0.300256 -2.236199 -0.398661
v 0.300256 -2.236199 -0.398661
v -0.300256 -2.244525 -0.390187
v 0.300256 -2.244525 -0.390187
v -0.300256 -2.252582 -0.381444
v 0.300256 -2.252582 -0.381444
v -0.300256 -2.260372 -0.372434
v 0.300256 -2.260371 -0.372434
v -0.300256 -2.267893 -0.363155
v 0.300256 -2.267893 -0.363155
v -0.300256 -2.275136 -0.353648
v 0.300256 -2.275136 -0.353648
v -0.300256 -2.282092 -0.343952
v 0.300256 -2.282091 -0.343952
v -0.300256 -2.288759 -0.334067
v 0.300256 -2.288759 -0.334067
v -0.300256 -2.295138 -0.323994
v 0.300256 -2.295138 -0.323994
v -0.300256 -2.301230 -0.313733
v 0.300256 -2.301230 -0.313733
v -0.300256 -2.307034 -0.303282
v 0.300256 -2.307033 -0.303282
v -0.300256 -2.312549 -0.292643
v 0.300256 -2.312549 -0.292643
v -0.300256 -2.317777 -0.281816
v 0.300256 -2.317777 -0.281816
v -0.300256 -2.322716 -0.270799
v 0.300256 -2.322716 -0.270799
v -0.300256 -2.327368 -0.259594
v 0.300256 -2.327368 -0.259594
v -0.300256 -2.331732 -0.248200
v 0.300256 -2.331732 -0.248200
v -0.300256 -1.421457 -0.975820
v 0.300256 -1.421457 -0.975820
v -0.300256 -1.421457 -0.646968
v 0.300256 -1.421457 -0.646968
v -0.300256 -1.304214 -0.646968
v 0.300256 -1.304214 -0.646968
v -0.300256 -1.304214 -1.434783
v 0.300256 -1.304214 -1.434783
v -0.300256 -1.421457 -1.434783
v 0.300256 -1.421457 -1.434783
v -0.300256 -1.421457 -1.107361
v 0.300256 -1.421457 -1.107361
v -0.300256 -2.345102 -1.107361
v 0.300256 -2.345102 -1.107361
v -0.300256 -2.345102 -0.975820
v 0.300256 -2.345102 -0.975820
v -0.300256 -2.294344 -2.284079
v 0.300256 -2.294344 -2.284079
v -0.300256 -2.304735 -2.266475
v 0.300256 -2.304735 -2.266475
v -0.300256 -2.314222 -2.248453
v 0.300256 -2.314222 -2.248453
v -0.300256 -2.322806 -2.230015
v 0.300256 -2.322806 -2.230015
v -0.300256 -2.330486 -2.211160
v 0.300256 -2.330486 -2.211160
v -0.300256 -2.337262 -2.191887
v 0.300256 -2.337262 -2.191887
v -0.300256 -2.343135 -2.172198
v 0.300256 -2.343135 -2.172198
v -0.300256 -2.348105 -2.152092
v 0.300256 -2.348105 -2.152092
v -0.300256 -2.352171 -2.131568
v 0.300256 -2.352171 -2.131568
v -0.300256 -2.355333 -2.110628
v 0.300256 -2.355333 -2.110628
v -0.300256 -2.357592 -2.089270
v 0.300256 -2.357592 -2.089270
v -0.300256 -2.358948 -2.067496
v 0.300256 -2.358948 -2.067496
v -0.300256 -2.359399 -2.045304
v 0.300256 -2.359399 -2.045304
v -0.300256 -2.358948 -2.023112
v 0.300256 -2.358948 -2.023112
v -0.300256 -2.357592 -2.001338
v 0.300256 -2.357592 -2.001338
v -0.300256 -2.355333 -1.979980
v 0.300256 -2.355333 -1.979980
v -0.300256 -2.352171 -1.959040
v 0.300256 -2.352171 -1.959040
v -0.300256 -2.348105 -1.938516
v 0.300256 -2.348105 -1.938516
v -0.300256 -2.343136 -1.918410
v 0.300256 -2.343135 -1.918410
v -0.300256 -2.337262 -1.898721
v 0.300256 -2.337262 -1.898721
v -0.300256 -2.330486 -1.879448
v 0.300256 -2.330486 -1.879448
v -0.300256 -2.322806 -1.860593
v 0.300256 -2.322806 -1.860593
v -0.300256 -2.314222 -1.842155
v 0.300256 -2.314222 -1.842155
v -0.300256 -2.304735 -1.824133
v 0.300256 -2.304735 -1.824133
v -0.300256 -2.294344 -1.806529
v 0.300256 -2.294344 -1.806529
v -0.300256 -2.283119 -1.789441
v 0.300256 -2.283119 -1.789441
v -0.300256 -2.271130 -1.772968
v 0.300256 -2.271130 -1.772968
v -0.300256 -2.258376 -1.757112
v 0.300256 -2.258376 -1.757112
v -0.300256 -2.244857 -1.741870
v 0.300256 -2.244857 -1.741870
v -0.300256 -2.230574 -1.727245
v 0.300256 -2.230574 -1.727245
v -0.300256 -2.215527 -1.713235
v 0.300256 -2.215527 -1.713235
v -0.300256 -2.199715 -1.699841
v 0.300256 -2.199714 -1.699841
v -0.300256 -2.183138 -1.687061
v 0.300256 -2.183138 -1.687061
v -0.300256 -2.165797 -1.674898
v 0.300256 -2.165797 -1.674898
v -0.300256 -2.147691 -1.663351
v 0.300256 -2.147691 -1.663351
v -0.300256 -2.128821 -1.652419
v 0.300256 -2.128821 -1.652419
v -0.300256 -2.109186 -1.642103
v 0.300256 -2.109186 -1.642103
v -0.300256 -2.088871 -1.632511
v 0.300256 -2.088871 -1.632511
v -0.300256 -2.067960 -1.623754
v 0.300256 -2.067960 -1.623754
v -0.300256 -2.046454 -1.615830
v 0.300256 -2.046454 -1.615830
v -0.300256 -2.024352 -1.608741
v 0.300256 -2.024352 -1.608741
v -0.300256 -2.001654 -1.602486
v 0.300256 -2.001654 -1.602486
v -0.300256 -1.978360 -1.597064
v 0.300256 -1.978360 -1.597064
v -0.300256 -1.954471 -1.592477
v 0.300256 -1.954471 -1.592477
v -0.300256 -1.929986 -1.588724
v 0.300256 -1.929986 -1.588724
v -0.300256 -1.904904 -1.585805
v 0.300256 -1.904904 -1.585805
v -0.300256 -1.879228 -1.583720
v 0.300256 -1.879228 -1.583720
v -0.300256 -1.852955 -1.582469
v 0.300256 -1.852955 -1.582469
v -0.300256 -1.826087 -1.582052
v 0.300256 -1.826087 -1.582052
v -0.300256 -1.798767 -1.582469
v 0.300256 -1.798767 -1.582469
v -0.300256 -1.772093 -1.583720
v 0.300256 -1.772093 -1.583720
v -0.300256 -1.746064 -1.585805
v 0.300256 -1.746064 -1.585805
v -0.300256 -1.720680 -1.588724
v 0.300256 -1.720680 -1.588724
v -0.300256 -1.695942 -1.592477
v 0.300256 -1.695942 -1.592477
v -0.300256 -1.671849 -1.597064
v 0.300256 -1.671849 -1.597064
v -0.300256 -1.648401 -1.602486
v 0.300256 -1.648401 -1.602486
v -0.300256 -1.625599 -1.608741
v 0.300256 -1.625599 -1.608741
v -0.300256 -1.603442 -1.615830
v 0.300256 -1.603442 -1.615830
v -0.300256 -1.581931 -1.623754
v 0.300256 -1.581931 -1.623754
v -0.300256 -1.561064 -1.632511
v 0.300256 -1.561064 -1.632511
v -0.300256 -1.540844 -1.642103
v 0.300256 -1.540844 -1.642103
v -0.300256 -1.521323 -1.652419
v 0.300256 -1.521323 -1.652419
v -0.300256 -1.502558 -1.663351
v 0.300256 -1.502558 -1.663351
v -0.300256 -1.484546 -1.674899
v 0.300256 -1.484546 -1.674899
v -0.300256 -1.467289 -1.687062
v 0.300256 -1.467289 -1.687062
v -0.300256 -1.450787 -1.699841
v 0.300256 -1.450787 -1.699841
v -0.300256 -1.435040 -1.713235
v 0.300256 -1.435040 -1.713235
v -0.300256 -1.420047 -1.727245
v 0.300256 -1.420047 -1.727245
v -0.300256 -1.405808 -1.741870
v 0.300256 -1.405808 -1.741870
v -0.300256 -1.392325 -1.757112
v 0.300256 -1.392325 -1.757112
v -0.300256 -1.379596 -1.772968
v 0.300256 -1.379596 -1.772968
v -0.300256 -1.367621 -1.789441
v 0.300256 -1.367621 -1.789441
v -0.300256 -1.356401 -1.806529
v 0.300256 -1.356401 -1.806529
v -0.300256 -1.346010 -1.824133
v 0.300256 -1.346010 -1.824133
v -0.300256 -1.336523 -1.842154
v 0.300256 -1.336523 -1.842154
v -0.300256 -1.327939 -1.860592
v 0.300256 -1.327939 -1.860592
v -0.300256 -1.320259 -1.879448
v 0.300256 -1.320259 -1.879448
v -0.300256 -1.313483 -1.898720
v 0.300256 -1.313483 -1.898720
v -0.300256 -1.307609 -1.918410
v 0.300256 -1.307609 -1.918410
v -0.300256 -1.302640 -1.938516
v 0.300256 -1.302640 -1.938516
v -0.300256 -1.298574 -1.959040
v 0.300256 -1.298574 -1.959040
v -0.300256 -1.295412 -1.979980
v 0.300256 -1.295412 -1.979980
v -0.300256 -1.293153 -2.001338
v 0.300256 -1.293153 -2.001338
v -0.300256 -1.291797 -2.023112
v 0.300256 -1.291797 -2.023112
v -0.300256 -1.291346 -2.045304
v 0.300256 -1.291346 -2.045304
v -0.300256 -1.291797 -2.067495
v 0.300256 -1.291797 -2.067495
v -0.300256 -1.293153 -2.089270
v 0.300256 -1.293153 -2.089270
v -0.300256 -1.295411 -2.110627
v 0.300256 -1.295411 -2.110627
v -0.300257 -1.298574 -2.131567
v 0.300256 -1.298574 -2.131567
v -0.300257 -1.302640 -2.152091
v 0.300256 -1.302640 -2.152091
v -0.300257 -1.307609 -2.172197
v 0.300256 -1.307609 -2.172197
v -0.300257 -1.313482 -2.191887
v 0.300256 -1.313482 -2.191887
v -0.300257 -1.320259 -2.211159
v 0.300256 -1.320259 -2.211159
v -0.300257 -1.327939 -2.230015
v 0.300256 -1.327939 -2.230015
v -0.300257 -1.336523 -2.248453
v 0.300256 -1.336523 -2.248453
v -0.300257 -1.346010 -2.266474
v 0.300256 -1.346010 -2.266474
v -0.300257 -1.356401 -2.284079
v 0.300256 -1.356401 -2.284079
v -0.300257 -1.367621 -2.301162
v 0.300256 -1.367621 -2.301162
v -0.300257 -1.379596 -2.317619
v 0.300256 -1.379596 -2.317619
v -0.300257 -1.392325 -2.333451
v 0.300256 -1.392325 -2.333451
v -0.300257 -1.405808 -2.348658
v 0.300256 -1.405808 -2.348658
v -0.300257 -1.420047 -2.363238
v 0.300256 -1.420047 -2.363238
v -0.300257 -1.435040 -2.377194
v 0.300256 -1.435040 -2.377194
v -0.300257 -1.450787 -2.390523
v 0.300256 -1.450787 -2.390523
v -0.300257 -1.467289 -2.403228
v 0.300256 -1.467289 -2.403228
v -0.300257 -1.484546 -2.415307
v 0.300256 -1.484546 -2.415307
v -0.300257 -1.502557 -2.426760
v 0.300256 -1.502557 -2.426760
v -0.300257 -1.521323 -2.437587
v 0.300256 -1.521323 -2.437587
v -0.300257 -1.540844 -2.447790
v 0.300256 -1.540844 -2.447790
v -0.300257 -1.561065 -2.457267
v 0.300256 -1.561065 -2.457267
v -0.300257 -1.581931 -2.465920
v 0.300256 -1.581931 -2.465920
v -0.300257 -1.603442 -2.473750
v 0.300256 -1.603442 -2.473750
v -0.300257 -1.625599 -2.480755
v 0.300256 -1.625599 -2.480755
v -0.300257 -1.648401 -2.486936
v 0.300256 -1.648401 -2.486936
v -0.300257 -1.671849 -2.492292
v 0.300256 -1.671849 -2.492292
v -0.300257 -1.695941 -2.496825
v 0.300256 -1.695941 -2.496825
v -0.300257 -1.720680 -2.500534
v 0.300256 -1.720680 -2.500534
v -0.300257 -1.746064 -2.503417
v 0.300256 -1.746064 -2.503417
v -0.300257 -1.772093 -2.505478
v 0.300256 -1.772093 -2.505478
v -0.300257 -1.798767 -2.506714
v 0.300256 -1.798767 -2.506714
v -0.300257 -1.826087 -2.507126
v 0.300256 -1.826087 -2.507126
v -0.300257 -1.852955 -2.506714
v 0.300256 -1.852955 -2.506714
v -0.300257 -1.879228 -2.505478
v 0.300256 -1.879228 -2.505478
v -0.300257 -1.904904 -2.503417
v 0.300256 -1.904904 -2.503417
v -0.300257 -1.929985 -2.500534
v 0.300256 -1.929985 -2.500534
v -0.300256 -1.954471 -2.496825
v 0.300256 -1.954471 -2.496825
v -0.300256 -1.978360 -2.492292
v 0.300256 -1.978360 -2.492292
v -0.300256 -2.001654 -2.486936
v 0.300256 -2.001654 -2.486936
v -0.300256 -2.024352 -2.480755
v 0.300256 -2.024352 -2.480755
v -0.300256 -2.046454 -2.473750
v 0.300256 -2.046454 -2.473750
v -0.300256 -2.067960 -2.465920
v 0.300256 -2.067960 -2.465920
v -0.300256 -2.088871 -2.457267
v 0.300256 -2.088871 -2.457267
v -0.300256 -2.109186 -2.447790
v 0.300256 -2.109186 -2.447790
v -0.300256 -2.128821 -2.437588
v 0.300256 -2.128821 -2.437588
v -0.300256 -2.147691 -2.426760
v 0.300256 -2.147691 -2.426760
v -0.300256 -2.165797 -2.415307
v 0.300256 -2.165797 -2.415307
v -0.300256 -2.183138 -2.403228
v 0.300256 -2.183138 -2.403228
v -0.300256 -2.199714 -2.390524
v 0.300256 -2.199714 -2.390524
v -0.300256 -2.215527 -2.377194
v 0.300256 -2.215527 -2.377194
v -0.300256 -2.230574 -2.363239
v 0.300256 -2.230574 -2.363239
v -0.300256 -2.244857 -2.348658
v 0.300256 -2.244857 -2.348658
v -0.300256 -2.258376 -2.333452
v 0.300256 -2.258376 -2.333452
v -0.300256 -2.271130 -2.317620
v 0.300256 -2.271130 -2.317620
v -0.300256 -2.283119 -2.301163
v 0.300256 -2.283119 -2.301163
v -0.300256 -2.189254 -1.875159
v 0.300256 -2.189254 -1.875159
v -0.300256 -2.196790 -1.887918
v 0.300256 -2.196790 -1.887918
v -0.300256 -2.203671 -1.900935
v 0.300256 -2.203671 -1.900935
v -0.300256 -2.209897 -1.914210
v 0.300256 -2.209897 -1.914210
v -0.300256 -2.215467 -1.927743
v 0.300256 -2.215467 -1.927743
v -0.300256 -2.220382 -1.941535
v 0.300256 -2.220382 -1.941535
v -0.300256 -2.224642 -1.955585
v 0.300256 -2.224642 -1.955585
v -0.300256 -2.228246 -1.969893
v 0.300256 -2.228246 -1.969893
v -0.300256 -2.231195 -1.984458
v 0.300256 -2.231195 -1.984458
v -0.300256 -2.233488 -1.999282
v 0.300256 -2.233488 -1.999282
v -0.300256 -2.235127 -2.014365
v 0.300256 -2.235127 -2.014365
v -0.300256 -2.236110 -2.029705
v 0.300256 -2.236110 -2.029705
v -0.300256 -2.236437 -2.045304
v 0.300256 -2.236437 -2.045304
v -0.300256 -2.236110 -2.060674
v 0.300256 -2.236110 -2.060674
v -0.300256 -2.235127 -2.075806
v 0.300256 -2.235127 -2.075806
v -0.300256 -2.233488 -2.090700
v 0.300256 -2.233488 -2.090700
v -0.300256 -2.231195 -2.105355
v 0.300256 -2.231195 -2.105355
v -0.300256 -2.228246 -2.119772
v 0.300256 -2.228246 -2.119772
v -0.300256 -2.224642 -2.133952
v 0.300256 -2.224642 -2.133952
v -0.300256 -2.220382 -2.147892
v 0.300256 -2.220382 -2.147892
v -0.300256 -2.215467 -2.161594
v 0.300256 -2.215467 -2.161594
v -0.300256 -2.209897 -2.175057
v 0.300256 -2.209897 -2.175057
v -0.300256 -2.203671 -2.188283
v 0.300256 -2.203671 -2.188283
v -0.300256 -2.196790 -2.201270
v 0.300256 -2.196790 -2.201270
v -0.300256 -2.189254 -2.214019
v 0.300256 -2.189254 -2.214019
v -0.300256 -2.181078 -2.226430
v 0.300256 -2.181077 -2.226430
v -0.300256 -2.172276 -2.238405
v 0.300256 -2.172276 -2.238405
v -0.300256 -2.162848 -2.249943
v 0.300256 -2.162848 -2.249943
v -0.300256 -2.152795 -2.261044
v 0.300256 -2.152795 -2.261044
v -0.300256 -2.142116 -2.271708
v 0.300256 -2.142116 -2.271708
v -0.300256 -2.130811 -2.281934
v 0.300256 -2.130811 -2.281934
v -0.300256 -2.118882 -2.291724
v 0.300256 -2.118882 -2.291724
v -0.300256 -2.106326 -2.301078
v 0.300256 -2.106326 -2.301078
v -0.300256 -2.093145 -2.309994
v 0.300256 -2.093145 -2.309994
v -0.300256 -2.079339 -2.318473
v 0.300256 -2.079339 -2.318473
v -0.300256 -2.064907 -2.326516
v 0.300256 -2.064907 -2.326516
v -0.300256 -2.049850 -2.334122
v 0.300256 -2.049850 -2.334122
v -0.300256 -2.034206 -2.341201
v 0.300256 -2.034206 -2.341201
v -0.300256 -2.018017 -2.347665
v 0.300256 -2.018017 -2.347665
v -0.300256 -2.001281 -2.353514
v 0.300256 -2.001281 -2.353514
v -0.300256 -1.984000 -2.358746
v 0.300256 -1.984000 -2.358746
v -0.300256 -1.966172 -2.363363
v 0.300256 -1.966172 -2.363363
v -0.300256 -1.947798 -2.367364
v 0.300256 -1.947798 -2.367364
v -0.300256 -1.928878 -2.370750
v 0.300256 -1.928878 -2.370750
v -0.300256 -1.909412 -2.373520
v 0.300256 -1.909412 -2.373520
v -0.300256 -1.889400 -2.375675
v 0.300256 -1.889400 -2.375675
v -0.300256 -1.868842 -2.377214
v 0.300256 -1.868842 -2.377214
v -0.300256 -1.847738 -2.378138
v 0.300256 -1.847738 -2.378138
v -0.300256 -1.826087 -2.378445
v 0.300256 -1.826087 -2.378445
v -0.300256 -1.803980 -2.378137
v 0.300256 -1.803980 -2.378137
v -0.300256 -1.782459 -2.377214
v 0.300256 -1.782459 -2.377214
v -0.300256 -1.761523 -2.375675
v 0.300256 -1.761523 -2.375675
v -0.300256 -1.741174 -2.373520
v 0.300256 -1.741174 -2.373520
v -0.300257 -1.721410 -2.370750
v 0.300256 -1.721410 -2.370750
v -0.300257 -1.702232 -2.367364
v 0.300256 -1.702232 -2.367364
v -0.300257 -1.683640 -2.363363
v 0.300256 -1.683640 -2.363363
v -0.300257 -1.665633 -2.358746
v 0.300256 -1.665633 -2.358746
v -0.300257 -1.648212 -2.353513
v 0.300256 -1.648212 -2.353513
v -0.300257 -1.631378 -2.347665
v 0.300256 -1.631378 -2.347665
v -0.300257 -1.615129 -2.341201
v 0.300256 -1.615129 -2.341201
v -0.300257 -1.599465 -2.334122
v 0.300256 -1.599465 -2.334122
v -0.300257 -1.584408 -2.326516
v 0.300256 -1.584408 -2.326516
v -0.300257 -1.569976 -2.318473
v 0.300256 -1.569976 -2.318473
v -0.300257 -1.556170 -2.309994
v 0.300256 -1.556170 -2.309994
v -0.300257 -1.542989 -2.301077
v 0.300256 -1.542989 -2.301077
v -0.300257 -1.530433 -2.291724
v 0.300256 -1.530433 -2.291724
v -0.300257 -1.518503 -2.281934
v 0.300256 -1.518503 -2.281934
v -0.300257 -1.507199 -2.271707
v 0.300256 -1.507199 -2.271707
v -0.300257 -1.496521 -2.261043
v 0.300256 -1.496521 -2.261043
v -0.300257 -1.486467 -2.249942
v 0.300256 -1.486467 -2.249942
v -0.300257 -1.477040 -2.238405
v 0.300256 -1.477040 -2.238405
v -0.300257 -1.468237 -2.226430
v 0.300256 -1.468237 -2.226430
v -0.300256 -1.460061 -2.214019
v 0.300256 -1.460061 -2.214019
v -0.300256 -1.452525 -2.201270
v 0.300256 -1.452525 -2.201270
v -0.300256 -1.445644 -2.188283
v 0.300256 -1.445644 -2.188283
v -0.300256 -1.439418 -2.175057
v 0.300256 -1.439418 -2.175057
v -0.300256 -1.433848 -2.161594
v 0.300256 -1.433848 -2.161594
v -0.300256 -1.428933 -2.147892
v 0.300256 -1.428933 -2.147892
v -0.300256 -1.424674 -2.133952
v 0.300256 -1.424674 -2.133952
v -0.300256 -1.421069 -2.119772
v 0.300256 -1.421069 -2.119772
v -0.300256 -1.418120 -2.105355
v 0.300256 -1.418120 -2.105355
v -0.300256 -1.415827 -2.090700
v 0.300256 -1.415827 -2.090700
v -0.300256 -1.414188 -2.075806
v 0.300256 -1.414188 -2.075806
v -0.300256 -1.413205 -2.060674
v 0.300256 -1.413205 -2.060674
v -0.300256 -1.412878 -2.045304
v 0.300256 -1.412878 -2.045304
v -0.300256 -1.413210 -2.029705
v 0.300256 -1.413210 -2.029705
v -0.300256 -1.414208 -2.014365
v 0.300256 -1.414208 -2.014365
v -0.300256 -1.415871 -1.999282
v 0.300256 -1.415871 -1.999282
v -0.300256 -1.418200 -1.984458
v 0.300256 -1.418200 -1.984458
v -0.300256 -1.421193 -1.969893
v 0.300256 -1.421193 -1.969893
v -0.300256 -1.424852 -1.955585
v 0.300256 -1.424852 -1.955585
v -0.300256 -1.429176 -1.941535
v 0.300256 -1.429176 -1.941535
v -0.300256 -1.434166 -1.927743
v 0.300256 -1.434166 -1.927743
v -0.300256 -1.439820 -1.914210
v 0.300256 -1.439820 -1.914210
v -0.300256 -1.446140 -1.900935
v 0.300256 -1.446140 -1.900935
v -0.300256 -1.453125 -1.887918
v 0.300256 -1.453125 -1.887918
v -0.300256 -1.460776 -1.875159
v 0.300256 -1.460776 -1.875159
v -0.300256 -1.469061 -1.862747
v 0.300256 -1.469061 -1.862747
v -0.300256 -1.477953 -1.850773
v 0.300256 -1.477953 -1.850773
v -0.300256 -1.487450 -1.839235
v 0.300256 -1.487450 -1.839235
v -0.300256 -1.497553 -1.828135
v 0.300256 -1.497553 -1.828135
v -0.300256 -1.508262 -1.817471
v 0.300256 -1.508262 -1.817471
v -0.300256 -1.519576 -1.807243
v 0.300256 -1.519576 -1.807243
v -0.300256 -1.531496 -1.797453
v 0.300256 -1.531496 -1.797453
v -0.300256 -1.544021 -1.788100
v 0.300256 -1.544021 -1.788100
v -0.300256 -1.557152 -1.779184
v 0.300256 -1.557152 -1.779184
v -0.300256 -1.570889 -1.770704
v 0.300256 -1.570889 -1.770704
v -0.300256 -1.585232 -1.762662
v 0.300256 -1.585232 -1.762662
v -0.300256 -1.600180 -1.755056
v 0.300256 -1.600180 -1.755056
v -0.300256 -1.615729 -1.747977
v 0.300256 -1.615729 -1.747977
v -0.300256 -1.631874 -1.741513
v 0.300256 -1.631874 -1.741513
v -0.300256 -1.648615 -1.735664
v 0.300256 -1.648615 -1.735664
v -0.300256 -1.665951 -1.730432
v 0.300256 -1.665951 -1.730432
v -0.300256 -1.683883 -1.725815
v 0.300256 -1.683883 -1.725815
v -0.300256 -1.702410 -1.721813
v 0.300256 -1.702410 -1.721813
v -0.300256 -1.721534 -1.718428
v 0.300256 -1.721534 -1.718428
v -0.300256 -1.741253 -1.715658
v 0.300256 -1.741253 -1.715658
v -0.300256 -1.761568 -1.713503
v 0.300256 -1.761568 -1.713503
v -0.300256 -1.782479 -1.711964
v 0.300256 -1.782479 -1.711964
v -0.300256 -1.803985 -1.711040
v 0.300256 -1.803985 -1.711040
v -0.300256 -1.826087 -1.710733
v 0.300256 -1.826087 -1.710733
v -0.300256 -1.847738 -1.711040
v 0.300256 -1.847738 -1.711040
v -0.300256 -1.868842 -1.711964
v 0.300256 -1.868842 -1.711964
v -0.300256 -1.889400 -1.713503
v 0.300256 -1.889400 -1.713503
v -0.300256 -1.909412 -1.715658
v 0.300256 -1.909412 -1.715658
v -0.300256 -1.928878 -1.718428
v 0.300256 -1.928878 -1.718428
v -0.300256 -1.947798 -1.721814
v 0.300256 -1.947798 -1.721814
v -0.300256 -1.966172 -1.725815
v 0.300256 -1.966172 -1.725815
v -0.300256 -1.984000 -1.730432
v 0.300256 -1.984000 -1.730432
v -0.300256 -2.001281 -1.735665
v 0.300256 -2.001281 -1.735665
v -0.300256 -2.018017 -1.741513
v 0.300256 -2.018017 -1.741513
v -0.300256 -2.034206 -1.747977
v 0.300256 -2.034206 -1.747977
v -0.300256 -2.049850 -1.755056
v 0.300256 -2.049850 -1.755056
v -0.300256 -2.064907 -1.762662
v 0.300256 -2.064907 -1.762662
v -0.300256 -2.079339 -1.770705
v 0.300256 -2.079339 -1.770705
v -0.300256 -2.093145 -1.779184
v 0.300256 -2.093145 -1.779184
v -0.300256 -2.106326 -1.788101
v 0.300256 -2.106326 -1.788101
v -0.300256 -2.118882 -1.797454
v 0.300256 -2.118882 -1.797454
v -0.300256 -2.130811 -1.807244
v 0.300256 -2.130811 -1.807244
v -0.300256 -2.142116 -1.817471
v 0.300256 -2.142116 -1.817471
v -0.300256 -2.152795 -1.828135
v 0.300256 -2.152795 -1.828135
v -0.300256 -2.162848 -1.839235
v 0.300256 -2.162848 -1.839235
v -0.300256 -2.172276 -1.850773
v 0.300256 -2.172276 -1.850773
v -0.300256 -2.181078 -1.862748
v 0.300256 -2.181077 -1.862748
vn 1.0000 -0.0000 -0.0000
vn -1.0000 -0.0000 -0.0000
vn 1.0000 -0.0000 -0.0001
vn 1.0000 -0.0000 0.0001
vn -1.0000 -0.0000 -0.0001
vn -1.0000 -0.0000 0.0001
vn -0.0000 -0.7071 -0.7071
vn -0.0000 -0.7071 0.7071
vn -0.0000 0.7071 0.7071
vn -0.0000 0.8254 -0.5645
vn -0.0000 0.3699 -0.9291
vn -0.0000 0.3737 -0.9275
vn -0.0000 0.3670 -0.9302
vn -0.0000 0.3607 -0.9327
vn -0.0000 0.3547 -0.9350
vn -0.0000 0.3490 -0.9371
vn -0.0000 0.3436 -0.9391
vn -0.0000 0.3385 -0.9410
vn -0.0000 0.3336 -0.9427
vn -0.0000 0.3290 -0.9443
vn -0.0000 0.3245 -0.9459
vn -0.0000 0.3203 -0.9473
vn -0.0000 0.3170 -0.9484
vn -0.0000 0.3153 -0.9490
vn -0.0000 0.3143 -0.9493
vn -0.0000 0.3134 -0.9496
vn -0.0000 0.3125 -0.9499
vn -0.0000 0.3116 -0.9502
vn -0.0000 0.3107 -0.9505
vn -0.0000 0.3099 -0.9508
vn -0.0000 0.3091 -0.9510
vn -0.0000 0.3083 -0.9513
vn -0.0000 0.3075 -0.9515
vn -0.0000 0.3068 -0.9518
vn -0.0000 0.3060 -0.9520
vn -0.0000 0.3051 -0.9523
vn -0.0000 0.3043 -0.9526
vn -0.0000 0.3034 -0.9529
vn -0.0000 0.3025 -0.9531
vn -0.0000 0.3016 -0.9534
vn -0.0000 0.3007 -0.9537
vn -0.0000 0.2998 -0.9540
vn -0.0000 0.2989 -0.9543
vn -0.0000 0.2980 -0.9546
vn -0.0000 0.2971 -0.9548
vn -0.0000 0.2962 -0.9551
vn -0.0000 0.2950 -0.9555
vn -0.0000 0.2931 -0.9561
vn -0.0000 0.2909 -0.9567
vn -0.0000 0.2886 -0.9574
vn -0.0000 0.2862 -0.9582
vn -0.0000 0.2837 -0.9589
vn -0.0000 0.2811 -0.9597
vn -0.0000 0.2784 -0.9605
vn -0.0000 0.2756 -0.9613
vn -0.0000 0.2727 -0.9621
vn -0.0000 0.2696 -0.9630
vn -0.0000 0.2664 -0.9639
vn -0.0000 -0.6063 -0.7952
vn -0.0000 -0.5851 0.8110
vn -0.0000 0.3146 0.9492
vn -0.0000 0.3130 0.9498
vn -0.0000 0.3115 0.9503
vn -0.0000 0.3100 0.9507
vn -0.0000 0.3086 0.9512
vn -0.0000 0.3073 0.9516
vn -0.0000 0.3060 0.9520
vn -0.0000 0.3048 0.9524
vn -0.0000 0.3036 0.9528
vn -0.0000 0.3025 0.9532
vn -0.0000 0.3013 0.9535
vn -0.0000 0.3006 0.9538
vn -0.0000 0.3004 0.9538
vn -0.0000 0.3005 0.9538
vn -0.0000 0.3006 0.9537
vn -0.0000 0.3007 0.9537
vn -0.0000 0.3008 0.9537
vn -0.0000 0.3009 0.9537
vn -0.0000 0.3009 0.9536
vn -0.0000 0.3010 0.9536
vn -0.0000 0.3011 0.9536
vn -0.0000 0.3016 0.9534
vn -0.0000 0.3031 0.9530
vn -0.0000 0.3051 0.9523
vn -0.0000 0.3071 0.9517
vn -0.0000 0.3092 0.9510
vn -0.0000 0.3114 0.9503
vn -0.0000 0.3135 0.9496
vn -0.0000 0.3158 0.9488
vn -0.0000 0.3181 0.9481
vn -0.0000 0.3204 0.9473
vn -0.0000 0.3228 0.9465
vn -0.0000 0.3253 0.9456
vn -0.0000 0.3272 0.9450
vn -0.0000 0.3281 0.9447
vn -0.0000 0.3284 0.9445
vn -0.0000 0.3287 0.9444
vn -0.0000 0.3291 0.9443
vn -0.0000 0.3294 0.9442
vn -0.0000 0.3298 0.9440
vn -0.0000 0.3303 0.9439
vn -0.0000 0.3307 0.9437
vn -0.0000 0.3312 0.9436
vn -0.0000 0.3317 0.9434
vn -0.0000 0.3323 0.9432
vn -0.0000 0.3459 0.9383
vn -0.0000 0.8244 0.5661
vn -0.0000 0.7071 -0.7071
vn -0.0000 0.0004 1.0000
vn -0.0000 0.0018 1.0000
vn -0.0000 0.0035 1.0000
vn -0.0000 0.0051 1.0000
vn -0.0000 0.0067 1.0000
vn -0.0000 0.0082 1.0000
vn -0.0000 0.0097 1.0000
vn -0.0000 0.0111 0.9999
vn -0.0000 0.0125 0.9999
vn -0.0000 0.0138 0.9999
vn -0.0000 0.0151 0.9999
vn -0.0000 0.0163 0.9999
vn -0.0000 0.0172 0.9999
vn -0.0000 0.0174 0.9998
vn -0.0000 0.0171 0.9999
vn -0.0000 0.0169 0.9999
vn -0.0000 0.0168 0.9999
vn -0.0000 0.0167 0.9999
vn -0.0000 0.0165 0.9999
vn -0.0000 0.0164 0.9999
vn -0.0000 0.0161 0.9999
vn -0.0000 0.0160 0.9999
vn -0.0000 0.0162 0.9999
vn -0.0000 0.0185 0.9998
vn -0.0000 0.0198 0.9998
vn -0.0000 0.0210 0.9998
vn -0.0000 0.0223 0.9998
vn -0.0000 0.0236 0.9997
vn -0.0000 0.0249 0.9997
vn -0.0000 0.0262 0.9997
vn -0.0000 0.0274 0.9996
vn -0.0000 0.0287 0.9996
vn -0.0000 0.0300 0.9996
vn -0.0000 0.0303 0.9995
vn -0.0000 0.0159 0.9999
vn -0.0000 0.0133 0.9999
vn -0.0000 0.0106 0.9999
vn -0.0000 0.0080 1.0000
vn -0.0000 0.0053 1.0000
vn -0.0000 0.0027 1.0000
vn -0.0000 0.7076 0.7066
vn -0.0000 0.5985 -0.8011
vn -0.0000 -0.2851 -0.9585
vn -0.0000 -0.2880 -0.9576
vn -0.0000 -0.2909 -0.9568
vn -0.0000 -0.2938 -0.9559
vn -0.0000 -0.2966 -0.9550
vn -0.0000 -0.2995 -0.9541
vn -0.0000 -0.3023 -0.9532
vn -0.0000 -0.3051 -0.9523
vn -0.0000 -0.3079 -0.9514
vn -0.0000 -0.3107 -0.9505
vn -0.0000 -0.3135 -0.9496
vn -0.0000 -0.3157 -0.9489
vn -0.0000 -0.3169 -0.9485
vn -0.0000 -0.3176 -0.9482
vn -0.0000 -0.3183 -0.9480
vn -0.0000 -0.3190 -0.9477
vn -0.0000 -0.3198 -0.9475
vn -0.0000 -0.3205 -0.9472
vn -0.0000 -0.3212 -0.9470
vn -0.0000 -0.3220 -0.9467
vn -0.0000 -0.3228 -0.9465
vn -0.0000 -0.3235 -0.9462
vn -0.0000 -0.3243 -0.9460
vn -0.0000 -0.3251 -0.9457
vn -0.0000 -0.3260 -0.9454
vn -0.0000 -0.3268 -0.9451
vn -0.0000 -0.3278 -0.9448
vn -0.0000 -0.3287 -0.9444
vn -0.0000 -0.3297 -0.9441
vn -0.0000 -0.3307 -0.9437
vn -0.0000 -0.3318 -0.9434
vn -0.0000 -0.3328 -0.9430
vn -0.0000 -0.3339 -0.9426
vn -0.0000 -0.3351 -0.9422
vn -0.0000 -0.3363 -0.9418
vn -0.0000 -0.3375 -0.9413
vn -0.0000 -0.3389 -0.9408
vn -0.0000 -0.3405 -0.9402
vn -0.0000 -0.3421 -0.9396
vn -0.0000 -0.3439 -0.9390
vn -0.0000 -0.3457 -0.9383
vn -0.0000 -0.3477 -0.9376
vn -0.0000 -0.3497 -0.9368
vn -0.0000 -0.3520 -0.9360
vn -0.0000 -0.3543 -0.9351
vn -0.0000 -0.3568 -0.9342
vn -0.0000 -0.3596 -0.9331
vn -0.0000 -0.3629 -0.9318
vn -0.0000 -0.8261 -0.5636
vn -0.0000 -0.8273 0.5618
vn -0.0000 -0.3736 0.9276
vn -0.0000 -0.3763 0.9265
vn -0.0000 -0.3722 0.9282
vn -0.0000 -0.3683 0.9297
vn -0.0000 -0.3647 0.9311
vn -0.0000 -0.3614 0.9324
vn -0.0000 -0.3583 0.9336
vn -0.0000 -0.3554 0.9347
vn -0.0000 -0.3526 0.9358
vn -0.0000 -0.3501 0.9367
vn -0.0000 -0.3476 0.9376
vn -0.0000 -0.3454 0.9385
vn -0.0000 -0.3434 0.9392
vn -0.0000 -0.3419 0.9397
vn -0.0000 -0.3406 0.9402
vn -0.0000 -0.3393 0.9407
vn -0.0000 -0.3381 0.9411
vn -0.0000 -0.3370 0.9415
vn -0.0000 -0.3358 0.9419
vn -0.0000 -0.3347 0.9423
vn -0.0000 -0.3337 0.9427
vn -0.0000 -0.3326 0.9431
vn -0.0000 -0.3316 0.9434
vn -0.0000 -0.3306 0.9438
vn -0.0000 -0.3295 0.9441
vn -0.0000 -0.3281 0.9446
vn -0.0000 -0.3265 0.9452
vn -0.0000 -0.3250 0.9457
vn -0.0000 -0.3235 0.9462
vn -0.0000 -0.3220 0.9467
vn -0.0000 -0.3205 0.9472
vn -0.0000 -0.3191 0.9477
vn -0.0000 -0.3176 0.9482
vn -0.0000 -0.3162 0.9487
vn -0.0000 -0.3149 0.9491
vn -0.0000 -0.3135 0.9496
vn -0.0000 -0.3131 0.9497
vn -0.0000 -0.3145 0.9492
vn -0.0000 -0.3169 0.9485
vn -0.0000 -0.3192 0.9477
vn -0.0000 -0.3216 0.9469
vn -0.0000 -0.3239 0.9461
vn -0.0000 -0.3262 0.9453
vn -0.0000 -0.3285 0.9445
vn -0.0000 -0.3307 0.9437
vn -0.0000 -0.3330 0.9429
vn -0.0000 -0.3352 0.9421
vn -0.0000 -0.3374 0.9413
vn -0.0000 0.5751 0.8181
vn -0.0000 0.7193 -0.6947
vn -0.0000 0.0339 -0.9994
vn -0.0000 0.0321 -0.9995
vn -0.0000 0.0303 -0.9995
vn -0.0000 0.0286 -0.9996
vn -0.0000 0.0269 -0.9996
vn -0.0000 0.0252 -0.9997
vn -0.0000 0.0236 -0.9997
vn -0.0000 0.0220 -0.9998
vn -0.0000 0.0204 -0.9998
vn -0.0000 0.0189 -0.9998
vn -0.0000 0.0174 -0.9998
vn -0.0000 0.0162 -0.9999
vn -0.0000 0.0159 -0.9999
vn -0.0000 0.0160 -0.9999
vn -0.0000 0.0161 -0.9999
vn -0.0000 0.0163 -0.9999
vn -0.0000 0.0164 -0.9999
vn -0.0000 0.0165 -0.9999
vn -0.0000 0.0166 -0.9999
vn -0.0000 0.0155 -0.9999
vn -0.0000 0.0144 -0.9999
vn -0.0000 0.0132 -0.9999
vn -0.0000 0.0119 -0.9999
vn -0.0000 0.0106 -0.9999
vn -0.0000 0.0093 -1.0000
vn -0.0000 0.0079 -1.0000
vn -0.0000 0.0064 -1.0000
vn -0.0000 0.0049 -1.0000
vn -0.0000 0.0033 -1.0000
vn -0.0000 0.0017 -1.0000
vn -0.0000 0.0004 -1.0000
vn -0.0000 -0.9478 -0.3187
vn -0.0000 -0.9565 -0.2918
vn -0.0000 -0.9644 -0.2644
vn -0.0000 -0.9715 -0.2369
vn -0.0000 -0.9778 -0.2096
vn -0.0000 -0.9832 -0.1823
vn -0.0000 -0.9879 -0.1553
vn -0.0000 -0.9917 -0.1285
vn -0.0000 -0.9948 -0.1020
vn -0.0000 -0.9971 -0.0759
vn -0.0000 -0.9987 -0.0501
vn -0.0000 -0.9997 -0.0249
vn -0.0000 -1.0000 0.0040
vn -0.0000 -0.9991 0.0412
vn -0.0000 -0.9965 0.0837
vn -0.0000 -0.9919 0.1273
vn -0.0000 -0.9851 0.1719
vn -0.0000 -0.9761 0.2172
vn -0.0000 -0.9648 0.2630
vn -0.0000 -0.9511 0.3089
vn -0.0000 -0.9350 0.3546
vn -0.0000 -0.9166 0.3998
vn -0.0000 -0.8960 0.4441
vn -0.0000 -0.8733 0.4872
vn -0.0000 -0.8487 0.5288
vn -0.0000 -0.8224 0.5689
vn -0.0000 -0.7941 0.6078
vn -0.0000 -0.7639 0.6453
vn -0.0000 -0.7320 0.6813
vn -0.0000 -0.6986 0.7155
vn -0.0000 -0.6641 0.7477
vn -0.0000 -0.6286 0.7777
vn -0.0000 -0.5925 0.8055
vn -0.0000 -0.5561 0.8311
vn -0.0000 -0.5196 0.8544
vn -0.0000 -0.4833 0.8755
vn -0.0000 -0.4461 0.8950
vn -0.0000 -0.4067 0.9136
vn -0.0000 -0.3661 0.9306
vn -0.0000 -0.3256 0.9455
vn -0.0000 -0.2856 0.9583
vn -0.0000 -0.2462 0.9692
vn -0.0000 -0.2077 0.9782
vn -0.0000 -0.1701 0.9854
vn -0.0000 -0.1336 0.9910
vn -0.0000 -0.0983 0.9952
vn -0.0000 -0.0643 0.9979
vn -0.0000 -0.0315 0.9995
vn -0.0000 -0.0001 1.0000
vn -0.0000 0.0311 0.9995
vn -0.0000 0.0634 0.9980
vn -0.0000 0.0971 0.9953
vn -0.0000 0.1321 0.9912
vn -0.0000 0.1686 0.9857
vn -0.0000 0.2062 0.9785
vn -0.0000 0.2450 0.9695
vn -0.0000 0.2847 0.9586
vn -0.0000 0.3664 0.9305
vn -0.0000 0.4079 0.9130
vn -0.0000 0.4480 0.8940
vn -0.0000 0.4854 0.8743
vn -0.0000 0.5217 0.8532
vn -0.0000 0.5581 0.8298
vn -0.0000 0.5943 0.8042
vn -0.0000 0.6302 0.7764
vn -0.0000 0.6655 0.7464
vn -0.0000 0.6998 0.7143
vn -0.0000 0.7330 0.6803
vn -0.0000 0.7646 0.6445
vn -0.0000 0.7946 0.6072
vn -0.0000 0.8226 0.5686
vn -0.0000 0.8488 0.5287
vn -0.0000 0.8733 0.4872
vn -0.0000 0.8960 0.4441
vn -0.0000 0.9166 0.3998
vn -0.0000 0.9350 0.3546
vn -0.0000 0.9511 0.3089
vn -0.0000 0.9648 0.2630
vn -0.0000 0.9761 0.2172
vn -0.0000 0.9851 0.1719
vn -0.0000 0.9919 0.1273
vn -0.0000 0.9965 0.0837
vn -0.0000 0.9991 0.0412
vn -0.0000 1.0000 0.0042
vn -0.0000 0.9997 -0.0241
vn -0.0000 0.9988 -0.0486
vn -0.0000 0.9973 -0.0736
vn -0.0000 0.9951 -0.0989
vn -0.0000 0.9922 -0.1247
vn -0.0000 0.9886 -0.1507
vn -0.0000 0.9842 -0.1770
vn -0.0000 0.9791 -0.2035
vn -0.0000 0.9732 -0.2301
vn -0.0000 0.9664 -0.2569
vn -0.0000 0.9589 -0.2837
vn -0.0000 0.9506 -0.3104
vn -0.0000 0.9414 -0.3372
vn -0.0000 0.9314 -0.3641
vn -0.0000 0.9204 -0.3910
vn -0.0000 0.9085 -0.4178
vn -0.0000 0.8957 -0.4446
vn -0.0000 0.8821 -0.4711
vn -0.0000 0.8675 -0.4974
vn -0.0000 0.8521 -0.5234
vn -0.0000 0.8359 -0.5489
vn -0.0000 0.8189 -0.5739
vn -0.0000 0.8012 -0.5984
vn -0.0000 0.7827 -0.6224
vn -0.0000 0.7633 -0.6460
vn -0.0000 0.7430 -0.6692
vn -0.0000 0.7220 -0.6918
vn -0.0000 0.7004 -0.7138
vn -0.0000 0.6781 -0.7350
vn -0.0000 0.6553 -0.7553
vn -0.0000 0.6321 -0.7749
vn -0.0000 0.6085 -0.7936
vn -0.0000 0.5845 -0.8114
vn -0.0000 0.5604 -0.8282
vn -0.0000 0.5361 -0.8442
vn -0.0000 0.5106 -0.8598
vn -0.0000 0.4825 -0.8759
vn -0.0000 0.4530 -0.8915
vn -0.0000 0.4232 -0.9060
vn -0.0000 0.3932 -0.9195
vn -0.0000 0.3631 -0.9317
vn -0.0000 0.3331 -0.9429
vn -0.0000 0.3032 -0.9529
vn -0.0000 0.2736 -0.9619
vn -0.0000 0.2442 -0.9697
vn -0.0000 0.2153 -0.9766
vn -0.0000 0.1868 -0.9824
vn -0.0000 -0.6432 -0.7657
vn -0.0000 -0.7809 0.6247
vn -0.0000 -0.2332 0.9724
vn -0.0000 -0.2608 0.9654
vn -0.0000 -0.2890 0.9573
vn -0.0000 -0.3177 0.9482
vn -0.0000 -0.3468 0.9379
vn -0.0000 -0.4060 0.9139
vn -0.0000 -0.4359 0.9000
vn -0.0000 -0.4658 0.8849
vn -0.0000 -0.4957 0.8685
vn -0.0000 -0.5254 0.8509
vn -0.0000 -0.5533 0.8329
vn -0.0000 -0.5783 0.8158
vn -0.0000 -0.6016 0.7988
vn -0.0000 -0.6247 0.7809
vn -0.0000 -0.6475 0.7620
vn -0.0000 -0.6700 0.7424
vn -0.0000 -0.6919 0.7220
vn -0.0000 -0.7134 0.7008
vn -0.0000 -0.7342 0.6789
vn -0.0000 -0.7544 0.6564
vn -0.0000 -0.7739 0.6333
vn -0.0000 -0.7927 0.6096
vn -0.0000 -0.8104 0.5859
vn -0.0000 -0.8268 0.5625
vn -0.0000 -0.8423 0.5390
vn -0.0000 -0.8572 0.5151
vn -0.0000 -0.8713 0.4908
vn -0.0000 -0.8847 0.4661
vn -0.0000 -0.8974 0.4412
vn -0.0000 -0.9093 0.4162
vn -0.0000 -0.9204 0.3910
vn -0.0000 -0.9307 0.3657
vn -0.0000 -0.9403 0.3404
vn -0.0000 -0.9490 0.3152
vn -0.0000 -0.9569 0.2903
vn -0.0000 -0.9640 0.2658
vn -0.0000 -0.9704 0.2414
vn -0.0000 -0.9762 0.2169
vn -0.0000 -0.9813 0.1924
vn -0.0000 -0.9858 0.1679
vn -0.0000 -0.9897 0.1435
vn -0.0000 -0.9929 0.1191
vn -0.0000 -0.9955 0.0948
vn -0.0000 -0.9975 0.0708
vn -0.0000 -0.9989 0.0469
vn -0.0000 -0.9997 0.0233
vn -0.0000 -1.0000 -0.0049
vn -0.0000 -0.9991 -0.0432
vn -0.0000 -0.9962 -0.0875
vn -0.0000 -0.9911 -0.1328
vn -0.0000 -0.9838 -0.1790
vn -0.0000 -0.9742 -0.2257
vn -0.0000 -0.9621 -0.2727
vn -0.0000 -0.9476 -0.3195
vn -0.0000 -0.9307 -0.3658
vn -0.0000 -0.9115 -0.4114
vn -0.0000 -0.8901 -0.4557
vn -0.0000 -0.8668 -0.4987
vn -0.0000 -0.8415 -0.5403
vn -0.0000 -0.8139 -0.5811
vn -0.0000 -0.7840 -0.6208
vn -0.0000 -0.7522 -0.6589
vn -0.0000 -0.7189 -0.6951
vn -0.0000 -0.6843 -0.7292
vn -0.0000 -0.6486 -0.7611
vn -0.0000 -0.6123 -0.7906
vn -0.0000 -0.5756 -0.8177
vn -0.0000 -0.5388 -0.8424
vn -0.0000 -0.5022 -0.8647
vn -0.0000 -0.4660 -0.8848
vn -0.0000 -0.4286 -0.9035
vn -0.0000 -0.3882 -0.9216
vn -0.0000 -0.3466 -0.9380
vn -0.0000 -0.3059 -0.9521
vn -0.0000 -0.2663 -0.9639
vn -0.0000 -0.2279 -0.9737
vn -0.0000 -0.1909 -0.9816
vn -0.0000 -0.1554 -0.9879
vn -0.0000 -0.1213 -0.9926
vn -0.0000 -0.0888 -0.9961
vn -0.0000 -0.0578 -0.9983
vn -0.0000 -0.0282 -0.9996
vn -0.0000 0.0002 -1.0000
vn -0.0000 0.0290 -0.9996
vn -0.0000 0.0592 -0.9982
vn -0.0000 0.0910 -0.9959
vn -0.0000 0.1242 -0.9923
vn -0.0000 0.1590 -0.9873
vn -0.0000 0.1951 -0.9808
vn -0.0000 0.2326 -0.9726
vn -0.0000 0.2715 -0.9625
vn -0.0000 0.3114 -0.9503
vn -0.0000 0.3523 -0.9359
vn -0.0000 0.3939 -0.9191
vn -0.0000 0.4342 -0.9008
vn -0.0000 0.4714 -0.8819
vn -0.0000 0.5073 -0.8618
vn -0.0000 0.5436 -0.8393
vn -0.0000 0.5802 -0.8145
vn -0.0000 0.6167 -0.7872
vn -0.0000 0.6528 -0.7575
vn -0.0000 0.6883 -0.7254
vn -0.0000 0.7228 -0.6910
vn -0.0000 0.7561 -0.6545
vn -0.0000 0.7877 -0.6160
vn -0.0000 0.8175 -0.5759
vn -0.0000 0.8449 -0.5349
vn -0.0000 0.8696 -0.4937
vn -0.0000 0.8923 -0.4515
vn -0.0000 0.9131 -0.4078
vn -0.0000 0.9318 -0.3630
vn -0.0000 0.9483 -0.3173
vn -0.0000 0.9626 -0.2710
vn -0.0000 0.9745 -0.2246
vn -0.0000 0.9840 -0.1783
vn -0.0000 0.9912 -0.1324
vn -0.0000 0.9962 -0.0873
vn -0.0000 0.9991 -0.0431
vn -0.0000 1.0000 -0.0049
vn -0.0000 0.9997 0.0233
vn -0.0000 0.9989 0.0469
vn -0.0000 0.9975 0.0708
vn -0.0000 0.9955 0.0948
vn -0.0000 0.9929 0.1191
vn -0.0000 0.9897 0.1435
vn -0.0000 0.9858 0.1679
vn -0.0000 0.9813 0.1924
vn -0.0000 0.9762 0.2169
vn -0.0000 0.9704 0.2414
vn -0.0000 0.9640 0.2658
vn -0.0000 0.9569 0.2903
vn -0.0000 0.9490 0.3152
vn -0.0000 0.9403 0.3404
vn -0.0000 0.9307 0.3657
vn -0.0000 0.9204 0.3910
vn -0.0000 0.9093 0.4162
vn -0.0000 0.8974 0.4412
vn -0.0000 0.8847 0.4661
vn -0.0000 0.8713 0.4908
vn -0.0000 0.8572 0.5151
vn -0.0000 0.8423 0.5390
vn -0.0000 0.8268 0.5625
vn -0.0000 0.8104 0.5859
vn -0.0000 0.7927 0.6096
vn -0.0000 0.7739 0.6333
vn -0.0000 0.7544 0.6564
vn -0.0000 0.7342 0.6789
vn -0.0000 0.7134 0.7008
vn -0.0000 0.6919 0.7220
vn -0.0000 0.6699 0.7424
vn -0.0000 0.6475 0.7620
vn -0.0000 0.6247 0.7808
vn -0.0000 0.6016 0.7988
vn -0.0000 0.5783 0.8158
vn -0.0000 0.5536 0.8328
vn -0.0000 0.5264 0.8502
vn -0.0000 0.4977 0.8673
vn -0.0000 0.4688 0.8833
vn -0.0000 0.4396 0.8982
vn -0.0000 0.4104 0.9119
vn -0.0000 0.3812 0.9245
vn -0.0000 0.3521 0.9360
vn -0.0000 0.3232 0.9463
vn -0.0000 0.2946 0.9556
vn -0.0000 0.2664 0.9638
vn -0.0000 0.2387 0.9711
vn -0.0000 0.7826 0.6225
vn -0.0000 0.6422 -0.7665
vn -0.0000 -0.1891 -0.9820
vn -0.0000 -0.2170 -0.9762
vn -0.0000 -0.2453 -0.9694
vn -0.0000 -0.2740 -0.9617
vn -0.0000 -0.3028 -0.9530
vn -0.0000 -0.3319 -0.9433
vn -0.0000 -0.3610 -0.9326
vn -0.0000 -0.3901 -0.9208
vn -0.0000 -0.4191 -0.9079
vn -0.0000 -0.4479 -0.8941
vn -0.0000 -0.4764 -0.8792
vn -0.0000 -0.5040 -0.8637
vn -0.0000 -0.5303 -0.8478
vn -0.0000 -0.5559 -0.8313
vn -0.0000 -0.5813 -0.8137
vn -0.0000 -0.6064 -0.7952
vn -0.0000 -0.6311 -0.7757
vn -0.0000 -0.6553 -0.7553
vn -0.0000 -0.6790 -0.7341
vn -0.0000 -0.7021 -0.7121
vn -0.0000 -0.7244 -0.6894
vn -0.0000 -0.7460 -0.6659
vn -0.0000 -0.7668 -0.6419
vn -0.0000 -0.7862 -0.6179
vn -0.0000 -0.8041 -0.5945
vn -0.0000 -0.8209 -0.5711
vn -0.0000 -0.8370 -0.5472
vn -0.0000 -0.8525 -0.5228
vn -0.0000 -0.8672 -0.4980
vn -0.0000 -0.8811 -0.4729
vn -0.0000 -0.8943 -0.4476
vn -0.0000 -0.9066 -0.4220
vn -0.0000 -0.9181 -0.3963
vn -0.0000 -0.9288 -0.3706
vn -0.0000 -0.9387 -0.3448
vn -0.0000 -0.8487 -0.5289
vn -0.0000 -0.8733 -0.4872
vn -0.0000 -0.8960 -0.4441
vn -0.0000 -0.9166 -0.3998
vn -0.0000 -0.9350 -0.3546
vn -0.0000 -0.9511 -0.3089
vn -0.0000 -0.9648 -0.2630
vn -0.0000 -0.9761 -0.2172
vn -0.0000 -0.9851 -0.1719
vn -0.0000 -0.9919 -0.1273
vn -0.0000 -0.9965 -0.0837
vn -0.0000 -0.9991 -0.0412
vn -0.0000 -1.0000 -0.0000
vn -0.0000 0.6303 0.7764
vn -0.0000 1.0000 -0.0000
vn -0.0000 0.9991 -0.0412
vn -0.0000 0.9965 -0.0837
vn -0.0000 0.9919 -0.1273
vn -0.0000 0.9851 -0.1719
vn -0.0000 0.9761 -0.2172
vn -0.0000 0.9648 -0.2630
vn -0.0000 0.9511 -0.3089
vn -0.0000 0.9350 -0.3546
vn -0.0000 0.9166 -0.3998
vn -0.0000 0.8960 -0.4441
vn -0.0000 0.8733 -0.4872
vn -0.0000 0.8488 -0.5288
vn -0.0000 0.8225 -0.5688
vn -0.0000 0.7942 -0.6077
vn -0.0000 0.7640 -0.6452
vn -0.0000 0.7320 -0.6813
vn -0.0000 0.6986 -0.7155
vn -0.0000 0.6639 -0.7478
vn -0.0000 0.6282 -0.7780
vn -0.0000 0.5919 -0.8060
vn -0.0000 0.5551 -0.8318
vn -0.0000 0.5183 -0.8552
vn -0.0000 0.4816 -0.8764
vn -0.0000 0.4439 -0.8961
vn -0.0000 0.4038 -0.9148
vn -0.0000 0.3626 -0.9319
vn -0.0000 0.3218 -0.9468
vn -0.0000 0.2816 -0.9595
vn -0.0000 0.2422 -0.9702
vn -0.0000 0.2038 -0.9790
vn -0.0000 0.1666 -0.9860
vn -0.0000 0.1306 -0.9914
vn -0.0000 0.0959 -0.9954
vn -0.0000 0.0626 -0.9980
vn -0.0000 0.0307 -0.9995
vn -0.0000 -0.0001 -1.0000
vn -0.0000 -0.0312 -0.9995
vn -0.0000 -0.0635 -0.9980
vn -0.0000 -0.0971 -0.9953
vn -0.0000 -0.1320 -0.9912
vn -0.0000 -0.1681 -0.9858
vn -0.0000 -0.2053 -0.9787
vn -0.0000 -0.2435 -0.9699
vn -0.0000 -0.2825 -0.9593
vn -0.0000 -0.3222 -0.9467
vn -0.0000 -0.3623 -0.9321
vn -0.0000 -0.4027 -0.9153
vn -0.0000 -0.4420 -0.8970
vn -0.0000 -0.4795 -0.8776
vn -0.0000 -0.5163 -0.8564
vn -0.0000 -0.5532 -0.8330
vn -0.0000 -0.5901 -0.8073
vn -0.0000 -0.6266 -0.7794
vn -0.0000 -0.6625 -0.7491
vn -0.0000 -0.6974 -0.7167
vn -0.0000 -0.7311 -0.6823
vn -0.0000 -0.7633 -0.6461
vn -0.0000 -0.7937 -0.6083
vn -0.0000 -0.8222 -0.5691
vn -0.0000 0.8483 -0.5295
vn -0.0000 0.8728 -0.4881
vn -0.0000 0.8950 -0.4461
vn -0.0000 0.9153 -0.4027
vn -0.0000 0.9336 -0.3583
vn -0.0000 0.9498 -0.3130
vn -0.0000 0.9636 -0.2673
vn -0.0000 0.9752 -0.2214
vn -0.0000 0.9844 -0.1757
vn -0.0000 0.9915 -0.1305
vn -0.0000 0.9963 -0.0860
vn -0.0000 0.9991 -0.0425
vn -0.0000 1.0000 0.0002
vn -0.0000 0.9991 0.0431
vn -0.0000 0.9962 0.0871
vn -0.0000 0.9912 0.1320
vn -0.0000 0.9841 0.1776
vn -0.0000 0.9747 0.2234
vn -0.0000 0.9630 0.2694
vn -0.0000 0.9491 0.3150
vn -0.0000 0.9329 0.3601
vn -0.0000 0.9147 0.4042
vn -0.0000 0.8945 0.4472
vn -0.0000 0.8725 0.4887
vn -0.0000 0.8482 0.5297
vn -0.0000 0.8207 0.5714
vn -0.0000 0.7903 0.6127
vn -0.0000 0.7580 0.6522
vn -0.0000 0.7241 0.6897
vn -0.0000 0.6890 0.7248
vn -0.0000 0.6528 0.7575
vn -0.0000 0.6161 0.7877
vn -0.0000 0.5790 0.8153
vn -0.0000 0.5420 0.8404
vn -0.0000 0.5052 0.8630
vn -0.0000 0.4689 0.8832
vn -0.0000 0.4317 0.9020
vn -0.0000 0.3917 0.9201
vn -0.0000 0.3504 0.9366
vn -0.0000 0.3099 0.9508
vn -0.0000 0.2703 0.9628
vn -0.0000 0.2318 0.9728
vn -0.0000 0.1945 0.9809
vn -0.0000 0.1585 0.9874
vn -0.0000 0.1240 0.9923
vn -0.0000 0.0909 0.9959
vn -0.0000 0.0592 0.9982
vn -0.0000 0.0290 0.9996
vn -0.0000 0.0001 1.0000
vn -0.0000 -0.0284 0.9996
vn -0.0000 -0.0581 0.9983
vn -0.0000 -0.0893 0.9960
vn -0.0000 -0.1221 0.9925
vn -0.0000 -0.1563 0.9877
vn -0.0000 -0.1922 0.9814
vn -0.0000 -0.2294 0.9733
vn -0.0000 -0.2681 0.9634
vn -0.0000 -0.3080 0.9514
vn -0.0000 -0.3490 0.9371
vn -0.0000 -0.3909 0.9205
vn -0.0000 -0.4315 0.9021
vn -0.0000 -0.4689 0.8832
vn -0.0000 -0.5052 0.8630
vn -0.0000 -0.5420 0.8404
vn -0.0000 -0.5790 0.8153
vn -0.0000 -0.6161 0.7877
vn -0.0000 -0.6528 0.7575
vn -0.0000 -0.6890 0.7248
vn -0.0000 -0.7241 0.6896
vn -0.0000 -0.7580 0.6522
vn -0.0000 -0.7903 0.6127
vn -0.0000 -0.8207 0.5714
vn -0.0000 -0.8482 0.5297
vn -0.0000 -0.8725 0.4887
vn -0.0000 -0.8945 0.4472
vn -0.0000 -0.9147 0.4042
vn -0.0000 -0.9329 0.3601
vn -0.0000 -0.9491 0.3150
vn -0.0000 -0.9630 0.2694
vn -0.0000 -0.9747 0.2234
vn -0.0000 -0.9841 0.1776
vn -0.0000 -0.9912 0.1320
vn -0.0000 -0.9962 0.0871
vn -0.0000 -0.9991 0.0431
vn -0.0000 -0.9991 -0.0431
vn -0.0000 -0.9962 -0.0873
vn -0.0000 -0.9912 -0.1324
vn -0.0000 -0.9840 -0.1783
vn -0.0000 -0.9745 -0.2246
vn -0.0000 -0.9626 -0.2710
vn -0.0000 -0.9483 -0.3173
vn -0.0000 -0.9318 -0.3630
vn -0.0000 -0.9131 -0.4078
vn -0.0000 -0.8923 -0.4515
vn -0.0000 -0.8696 -0.4937
vn -0.0000 -0.8449 -0.5349
vn -0.0000 -0.8175 -0.5759
vn -0.0000 -0.7877 -0.6160
vn -0.0000 -0.7561 -0.6545
vn -0.0000 -0.7228 -0.6910
vn -0.0000 -0.6883 -0.7254
vn -0.0000 -0.6528 -0.7575
vn -0.0000 -0.6167 -0.7872
vn -0.0000 -0.5802 -0.8145
vn -0.0000 -0.5436 -0.8393
vn -0.0000 -0.5073 -0.8618
vn -0.0000 -0.4714 -0.8819
vn -0.0000 -0.4340 -0.9009
vn -0.0000 -0.3931 -0.9195
vn -0.0000 -0.3508 -0.9364
vn -0.0000 -0.3095 -0.9509
vn -0.0000 -0.2692 -0.9631
vn -0.0000 -0.2303 -0.9731
vn -0.0000 -0.1928 -0.9812
vn -0.0000 -0.1567 -0.9876
vn -0.0000 -0.1223 -0.9925
vn -0.0000 -0.0895 -0.9960
vn -0.0000 -0.0582 -0.9983
vn -0.0000 -0.0284 -0.9996
vn -0.0000 0.0909 -0.9959
vn -0.0000 0.1240 -0.9923
vn -0.0000 0.1585 -0.9874
vn -0.0000 0.1945 -0.9809
vn -0.0000 0.2318 -0.9728
vn -0.0000 0.2703 -0.9628
vn -0.0000 0.3504 -0.9366
vn -0.0000 0.3916 -0.9201
vn -0.0000 0.4317 -0.9020
vn -0.0000 0.4689 -0.8832
vn -0.0000 0.5052 -0.8630
vn -0.0000 0.5420 -0.8404
vn -0.0000 0.5790 -0.8153
vn -0.0000 0.6161 -0.7877
vn -0.0000 0.6890 -0.7248
vn -0.0000 0.7241 -0.6896
vn -0.0000 0.7580 -0.6522
vn -0.0000 0.7903 -0.6127
vn -0.0000 0.8207 -0.5714
vt 0.259478 0.402852
vt 0.267959 0.402983
vt 0.263717 0.403004
vt 0.272124 0.402787
vt 0.255321 0.402530
vt 0.276211 0.402418
vt 0.251247 0.402035
vt 0.280222 0.401875
vt 0.247255 0.401370
vt 0.284156 0.401159
vt 0.243345 0.400533
vt 0.288012 0.400268
vt 0.239518 0.399524
vt 0.291792 0.399203
vt 0.235773 0.398344
vt 0.295494 0.397965
vt 0.232110 0.396993
vt 0.299120 0.396553
vt 0.228530 0.395470
vt 0.302668 0.394967
vt 0.225032 0.393776
vt 0.306139 0.393207
vt 0.221616 0.391910
vt 0.309534 0.391273
vt 0.218282 0.389873
vt 0.215050 0.387679
vt 0.312831 0.389179
vt 0.211938 0.385343
vt 0.316011 0.386939
vt 0.208945 0.382864
vt 0.319073 0.384553
vt 0.206072 0.380243
vt 0.322018 0.382021
vt 0.203319 0.377479
vt 0.261094 0.379672
vt 0.264074 0.379781
vt 0.267012 0.379764
vt 0.324846 0.379343
vt 0.269906 0.379620
vt 0.258166 0.379436
vt 0.272757 0.379351
vt 0.255289 0.379074
vt 0.275564 0.378955
vt 0.252463 0.378586
vt 0.278327 0.378434
vt 0.249688 0.377971
vt 0.200686 0.374573
vt 0.327557 0.376519
vt 0.281047 0.377787
vt 0.246965 0.377230
vt 0.283723 0.377014
vt 0.244293 0.376363
vt 0.286356 0.376115
vt 0.241672 0.375369
vt 0.288945 0.375090
vt 0.239103 0.374249
vt 0.198173 0.371525
vt 0.330150 0.373549
vt 0.291490 0.373939
vt 0.236585 0.373002
vt 0.293992 0.372663
vt 0.234118 0.371629
vt 0.195780 0.368334
vt 0.332626 0.370433
vt 0.296450 0.371260
vt 0.231702 0.370130
vt 0.298846 0.369734
vt 0.229355 0.368510
vt 0.193506 0.365001
vt 0.334984 0.367171
vt 0.301160 0.368087
vt 0.227093 0.366776
vt 0.303392 0.366319
vt 0.224916 0.364928
vt 0.191352 0.361526
vt 0.337226 0.363763
vt 0.305543 0.364431
vt 0.222825 0.362965
vt 0.307612 0.362422
vt 0.220818 0.360887
vt 0.189318 0.357908
vt 0.339350 0.360209
vt 0.309599 0.360292
vt 0.218897 0.358695
vt 0.311505 0.358041
vt 0.217062 0.356389
vt 0.187404 0.354147
vt 0.341356 0.356509
vt 0.313329 0.355669
vt 0.215311 0.353968
vt 0.185631 0.350255
vt 0.343227 0.352673
vt 0.315071 0.353177
vt 0.213646 0.351433
vt 0.316732 0.350563
vt 0.212066 0.348783
vt 0.184019 0.346243
vt 0.344941 0.348711
vt 0.318311 0.347829
vt 0.210571 0.346019
vt 0.182568 0.342109
vt 0.346500 0.344624
vt 0.319808 0.344974
vt 0.209162 0.343140
vt 0.321207 0.342002
vt 0.207854 0.340148
vt 0.181278 0.337854
vt 0.347904 0.340410
vt 0.322490 0.338916
vt 0.206667 0.337045
vt 0.180149 0.333479
vt 0.349152 0.336071
vt 0.323657 0.335716
vt 0.205598 0.333829
vt 0.324707 0.332403
vt 0.179182 0.328983
vt 0.350244 0.331607
vt 0.204649 0.330501
vt 0.325642 0.328976
vt 0.203819 0.327061
vt 0.351181 0.327016
vt 0.178376 0.324366
vt 0.326462 0.325435
vt 0.203109 0.323509
vt 0.351962 0.322300
vt 0.177732 0.319628
vt 0.327165 0.321780
vt 0.202518 0.319845
vt 0.352587 0.317458
vt 0.177248 0.314769
vt 0.327752 0.318012
vt 0.202047 0.316068
vt 0.328223 0.314130
vt 0.201694 0.312180
vt 0.353057 0.312490
vt 0.176926 0.309789
vt 0.328579 0.310134
vt 0.201462 0.308180
vt 0.353372 0.307397
vt 0.176765 0.304688
vt 0.328818 0.306024
vt 0.201348 0.304068
vt 0.353531 0.302178
vt 0.176766 0.299467
vt 0.328942 0.301801
vt 0.201354 0.299844
vt 0.176924 0.294334
vt 0.201477 0.295708
vt 0.328947 0.297663
vt 0.353531 0.297043
vt 0.328832 0.293628
vt 0.201715 0.291678
vt 0.177240 0.289317
vt 0.353371 0.292019
vt 0.328598 0.289695
vt 0.202069 0.287754
vt 0.177714 0.284417
vt 0.353053 0.287107
vt 0.202540 0.283936
vt 0.328245 0.285864
vt 0.178345 0.279633
vt 0.352575 0.282306
vt 0.203126 0.280225
vt 0.327773 0.282137
vt 0.203828 0.276619
vt 0.327181 0.278512
vt 0.179134 0.274965
vt 0.351938 0.277616
vt 0.204647 0.273120
vt 0.326471 0.274989
vt 0.180081 0.270414
vt 0.351142 0.273038
vt 0.205581 0.269727
vt 0.325641 0.271569
vt 0.181185 0.265979
vt 0.350187 0.268571
vt 0.206632 0.266440
vt 0.324691 0.268251
vt 0.207798 0.263260
vt 0.323623 0.265036
vt 0.182447 0.261660
vt 0.349073 0.264216
vt 0.209081 0.260185
vt 0.322435 0.261924
vt 0.183866 0.257457
vt 0.347799 0.259972
vt 0.210480 0.257217
vt 0.321128 0.258914
vt 0.185443 0.253371
vt 0.346366 0.255840
vt 0.211977 0.254362
vt 0.319719 0.256014
vt 0.213556 0.251628
vt 0.318225 0.253233
vt 0.187178 0.249401
vt 0.344774 0.251819
vt 0.215217 0.249014
vt 0.316645 0.250570
vt 0.189070 0.245548
vt 0.343022 0.247909
vt 0.216959 0.246522
vt 0.314980 0.248025
vt 0.218783 0.244150
vt 0.313229 0.245599
vt 0.191099 0.241826
vt 0.341130 0.244127
vt 0.220689 0.241899
vt 0.311394 0.243291
vt 0.193243 0.238252
vt 0.339117 0.240490
vt 0.222676 0.239769
vt 0.309473 0.241101
vt 0.224745 0.237760
vt 0.307466 0.239029
vt 0.195503 0.234826
vt 0.336981 0.236997
vt 0.226896 0.235872
vt 0.305375 0.237075
vt 0.229128 0.234104
vt 0.303198 0.235240
vt 0.197878 0.231548
vt 0.334724 0.233648
vt 0.231442 0.232457
vt 0.300935 0.233523
vt 0.233838 0.230931
vt 0.298588 0.231924
vt 0.200368 0.228418
vt 0.332345 0.230443
vt 0.236298 0.229528
vt 0.296174 0.230447
vt 0.238805 0.228252
vt 0.293712 0.229094
vt 0.202974 0.225436
vt 0.329844 0.227382
vt 0.241360 0.227101
vt 0.291203 0.227866
vt 0.243962 0.226076
vt 0.288647 0.226762
vt 0.246612 0.225178
vt 0.286043 0.225782
vt 0.205695 0.222602
vt 0.327222 0.224466
vt 0.249309 0.224405
vt 0.283392 0.224928
vt 0.252054 0.223758
vt 0.280693 0.224197
vt 0.254846 0.223237
vt 0.277947 0.223592
vt 0.208532 0.219916
vt 0.324478 0.221694
vt 0.257685 0.222843
vt 0.275153 0.223110
vt 0.260572 0.222574
vt 0.272312 0.222754
vt 0.263506 0.222431
vt 0.269423 0.222522
vt 0.266487 0.222414
vt 0.211483 0.217377
vt 0.321612 0.219066
vt 0.318624 0.216583
vt 0.214551 0.214987
vt 0.315514 0.214244
vt 0.217733 0.212744
vt 0.312283 0.212049
vt 0.221032 0.210649
vt 0.224426 0.208715
vt 0.308949 0.210012
vt 0.227897 0.206955
vt 0.305534 0.208146
vt 0.231446 0.205369
vt 0.302036 0.206452
vt 0.235071 0.203957
vt 0.298455 0.204929
vt 0.238774 0.202718
vt 0.294792 0.203578
vt 0.242553 0.201654
vt 0.291047 0.202398
vt 0.246410 0.200763
vt 0.287220 0.201389
vt 0.250343 0.200046
vt 0.283310 0.200552
vt 0.254354 0.199504
vt 0.279318 0.199887
vt 0.258441 0.199135
vt 0.275244 0.199392
vt 0.262606 0.198939
vt 0.271087 0.199069
vt 0.266848 0.198918
vt 0.954424 0.150555
vt 0.976830 0.000000
vt 0.976830 0.150555
vt 0.954424 0.000000
vt 0.353531 0.403101
vt 0.353531 0.403238
vt 0.353531 0.403004
vt 0.114760 0.721874
vt 0.139898 0.898386
vt 0.114760 0.898386
vt 0.353531 0.403140
vt 0.139898 0.721874
vt 0.437819 0.402941
vt 0.444597 0.402997
vt 0.442060 0.403028
vt 0.447107 0.402906
vt 0.433658 0.402682
vt 0.449591 0.402755
vt 0.452048 0.402542
vt 0.429576 0.402251
vt 0.454479 0.402269
vt 0.456883 0.401935
vt 0.425575 0.401646
vt 0.459261 0.401540
vt 0.421653 0.400869
vt 0.461612 0.401085
vt 0.463936 0.400569
vt 0.417810 0.399920
vt 0.466234 0.399992
vt 0.468505 0.399354
vt 0.414047 0.398797
vt 0.470750 0.398656
vt 0.410364 0.397502
vt 0.472963 0.397899
vt 0.475137 0.397085
vt 0.406761 0.396035
vt 0.477274 0.396214
vt 0.479372 0.395286
vt 0.403237 0.394394
vt 0.481433 0.394301
vt 0.399793 0.392581
vt 0.483456 0.393259
vt 0.485441 0.392161
vt 0.396429 0.390595
vt 0.487387 0.391005
vt 0.489296 0.389793
vt 0.393164 0.388451
vt 0.491167 0.388523
vt 0.493000 0.387197
vt 0.390016 0.386163
vt 0.494795 0.385814
vt 0.386985 0.383730
vt 0.496548 0.384376
vt 0.498253 0.382888
vt 0.384073 0.381153
vt 0.499910 0.381348
vt 0.501520 0.379757
vt 0.381278 0.378432
vt 0.439035 0.379738
vt 0.442060 0.379802
vt 0.443694 0.379783
vt 0.445316 0.379727
vt 0.503083 0.378115
vt 0.436064 0.379544
vt 0.446927 0.379632
vt 0.448527 0.379499
vt 0.433146 0.379222
vt 0.450115 0.379328
vt 0.451692 0.379119
vt 0.430280 0.378770
vt 0.453257 0.378873
vt 0.454811 0.378588
vt 0.427468 0.378190
vt 0.456354 0.378265
vt 0.378600 0.375567
vt 0.457885 0.377905
vt 0.424709 0.377480
vt 0.504598 0.376421
vt 0.459405 0.377506
vt 0.460914 0.377070
vt 0.422004 0.376641
vt 0.462405 0.376597
vt 0.419351 0.375673
vt 0.463874 0.376087
vt 0.506065 0.374676
vt 0.465320 0.375542
vt 0.416751 0.374577
vt 0.376041 0.372558
vt 0.466743 0.374960
vt 0.468143 0.374342
vt 0.507486 0.372880
vt 0.414205 0.373351
vt 0.469521 0.373689
vt 0.470875 0.372999
vt 0.411712 0.371996
vt 0.472207 0.372273
vt 0.508859 0.371033
vt 0.373599 0.369404
vt 0.473517 0.371511
vt 0.409271 0.370512
vt 0.474803 0.370713
vt 0.510184 0.369135
vt 0.476067 0.369879
vt 0.406900 0.368907
vt 0.477308 0.369009
vt 0.371274 0.366106
vt 0.511462 0.367185
vt 0.478522 0.368104
vt 0.404615 0.367188
vt 0.479706 0.367165
vt 0.402415 0.365355
vt 0.512692 0.365184
vt 0.480860 0.366192
vt 0.481983 0.365184
vt 0.369067 0.362664
vt 0.400300 0.363408
vt 0.483076 0.364142
vt 0.513866 0.363136
vt 0.484139 0.363067
vt 0.398271 0.361347
vt 0.514973 0.361044
vt 0.485171 0.361957
vt 0.366978 0.359078
vt 0.486173 0.360812
vt 0.396327 0.359173
vt 0.516014 0.358908
vt 0.487145 0.359634
vt 0.488086 0.358421
vt 0.394468 0.356884
vt 0.365007 0.355348
vt 0.516988 0.356729
vt 0.488996 0.357175
vt 0.489877 0.355894
vt 0.392695 0.354482
vt 0.517896 0.354506
vt 0.490721 0.354578
vt 0.363174 0.351483
vt 0.491524 0.353226
vt 0.518738 0.352239
vt 0.391007 0.351966
vt 0.492285 0.351838
vt 0.519513 0.349929
vt 0.389405 0.349336
vt 0.493004 0.350414
vt 0.361500 0.347496
vt 0.493681 0.348954
vt 0.520222 0.347575
vt 0.387888 0.346592
vt 0.494317 0.347458
vt 0.520864 0.345178
vt 0.359986 0.343385
vt 0.494911 0.345926
vt 0.386456 0.343735
vt 0.495463 0.344357
vt 0.521440 0.342737
vt 0.495974 0.342753
vt 0.385125 0.340765
vt 0.358631 0.339151
vt 0.496442 0.341113
vt 0.521949 0.340252
vt 0.496869 0.339436
vt 0.383910 0.337686
vt 0.522392 0.337724
vt 0.497254 0.337724
vt 0.357436 0.334793
vt 0.382810 0.334496
vt 0.356400 0.330312
vt 0.381826 0.331196
vt 0.380958 0.327786
vt 0.355523 0.325708
vt 0.380206 0.324267
vt 0.354806 0.320980
vt 0.379569 0.320637
vt 0.354248 0.316129
vt 0.379048 0.316897
vt 0.378643 0.313047
vt 0.353849 0.311155
vt 0.378354 0.309087
vt 0.353610 0.306057
vt 0.378180 0.305017
vt 0.353531 0.300836
vt 0.378122 0.300836
vt 0.353610 0.295702
vt 0.378181 0.296700
vt 0.378357 0.292669
vt 0.353849 0.290681
vt 0.378652 0.288745
vt 0.354248 0.285774
vt 0.379063 0.284928
vt 0.354806 0.280981
vt 0.379593 0.281216
vt 0.380240 0.277611
vt 0.355523 0.276302
vt 0.381004 0.274112
vt 0.356400 0.271736
vt 0.381887 0.270719
vt 0.357436 0.267285
vt 0.382887 0.267433
vt 0.384004 0.264253
vt 0.358631 0.262947
vt 0.385240 0.261179
vt 0.496869 0.262553
vt 0.522392 0.264222
vt 0.497254 0.264222
vt 0.521950 0.261737
vt 0.359986 0.258723
vt 0.496442 0.260917
vt 0.521444 0.259293
vt 0.386593 0.258211
vt 0.495974 0.259312
vt 0.495463 0.257740
vt 0.520873 0.256887
vt 0.361500 0.254613
vt 0.388046 0.255354
vt 0.494911 0.256201
vt 0.520237 0.254522
vt 0.494317 0.254693
vt 0.389583 0.252613
vt 0.493681 0.253218
vt 0.363174 0.250617
vt 0.519537 0.252197
vt 0.493004 0.251775
vt 0.391203 0.249988
vt 0.518772 0.249911
vt 0.492285 0.250364
vt 0.365007 0.246735
vt 0.491524 0.248985
vt 0.392907 0.247479
vt 0.517943 0.247666
vt 0.490721 0.247639
vt 0.517049 0.245460
vt 0.489877 0.246325
vt 0.394695 0.245085
vt 0.366978 0.242983
vt 0.488996 0.245044
vt 0.516091 0.243294
vt 0.396566 0.242807
vt 0.488086 0.243798
vt 0.487144 0.242585
vt 0.515068 0.241168
vt 0.369067 0.239376
vt 0.398520 0.240645
vt 0.486173 0.241407
vt 0.485171 0.240263
vt 0.513981 0.239081
vt 0.400558 0.238598
vt 0.484139 0.239153
vt 0.371274 0.235916
vt 0.483076 0.238077
vt 0.512829 0.237035
vt 0.402680 0.236668
vt 0.481983 0.237035
vt 0.480860 0.236027
vt 0.511619 0.235034
vt 0.404884 0.234853
vt 0.479706 0.235054
vt 0.373599 0.232602
vt 0.478522 0.234115
vt 0.510359 0.233084
vt 0.407173 0.233154
vt 0.477308 0.233210
vt 0.476067 0.232340
vt 0.409545 0.231570
vt 0.509046 0.231186
vt 0.376041 0.229435
vt 0.474803 0.231506
vt 0.411983 0.230108
vt 0.473517 0.230708
vt 0.507683 0.229339
vt 0.472207 0.229946
vt 0.414471 0.228773
vt 0.470875 0.229220
vt 0.378600 0.226413
vt 0.506269 0.227543
vt 0.469521 0.228530
vt 0.417007 0.227566
vt 0.468143 0.227877
vt 0.466743 0.227259
vt 0.419594 0.226485
vt 0.504803 0.225798
vt 0.465320 0.226677
vt 0.463874 0.226132
vt 0.422229 0.225531
vt 0.381278 0.223537
vt 0.462405 0.225622
vt 0.503286 0.224104
vt 0.460914 0.225149
vt 0.424914 0.224705
vt 0.459405 0.224713
vt 0.457885 0.224314
vt 0.427649 0.224006
vt 0.456354 0.223954
vt 0.501717 0.222462
vt 0.430432 0.223434
vt 0.454811 0.223631
vt 0.453257 0.223346
vt 0.384073 0.220808
vt 0.433265 0.222989
vt 0.451692 0.223100
vt 0.450115 0.222891
vt 0.436148 0.222671
vt 0.448527 0.222720
vt 0.446927 0.222587
vt 0.439079 0.222480
vt 0.445316 0.222493
vt 0.443694 0.222436
vt 0.442060 0.222417
vt 0.500098 0.220871
vt 0.498427 0.219331
vt 0.386985 0.218224
vt 0.496705 0.217843
vt 0.390016 0.215787
vt 0.494932 0.216405
vt 0.493115 0.215021
vt 0.393164 0.213496
vt 0.491262 0.213692
vt 0.489373 0.212418
vt 0.396429 0.211350
vt 0.487448 0.211199
vt 0.399793 0.209365
vt 0.485487 0.210035
vt 0.483490 0.208925
vt 0.403237 0.207552
vt 0.481457 0.207871
vt 0.479388 0.206872
vt 0.406761 0.205911
vt 0.477282 0.205928
vt 0.475141 0.205039
vt 0.410364 0.204444
vt 0.472964 0.204205
vt 0.414047 0.203149
vt 0.470750 0.203427
vt 0.468505 0.202706
vt 0.417810 0.202026
vt 0.466234 0.202049
vt 0.463936 0.201454
vt 0.421653 0.201076
vt 0.461612 0.200922
vt 0.425575 0.200299
vt 0.459261 0.200452
vt 0.456883 0.200045
vt 0.429576 0.199695
vt 0.454479 0.199701
vt 0.452048 0.199419
vt 0.433658 0.199263
vt 0.449591 0.199200
vt 0.437819 0.199004
vt 0.447107 0.199043
vt 0.444597 0.198949
vt 0.442060 0.198918
vt 0.396743 0.000000
vt 0.421881 0.176512
vt 0.396743 0.198918
vt 0.518881 0.198918
vt 0.518881 0.176512
vt 0.421881 0.111755
vt 0.421881 0.089349
vt 0.512050 0.111755
vt 0.512050 0.089349
vt 0.421881 0.022406
vt 0.519974 0.022406
vt 0.519974 0.000000
vt -0.000000 0.000000
vt 0.020220 0.178698
vt -0.000000 0.198918
vt 0.035794 0.198918
vt 0.022952 0.178698
vt 0.084704 0.073228
vt 0.114214 0.073228
vt 0.174600 0.178698
vt 0.162577 0.198918
vt 0.198372 0.198918
vt 0.176786 0.178698
vt 0.198372 0.000000
vt 0.020809 0.177061
vt 0.022997 0.177417
vt 0.174598 0.177285
vt 0.176327 0.177149
vt 0.023039 0.176122
vt 0.174592 0.175867
vt 0.175864 0.175598
vt 0.021392 0.175427
vt 0.023080 0.174813
vt 0.174583 0.174446
vt 0.175394 0.174045
vt 0.021970 0.173797
vt 0.023119 0.173492
vt 0.174570 0.173021
vt 0.174919 0.172490
vt 0.022542 0.172171
vt 0.023156 0.172157
vt 0.174552 0.171592
vt 0.174438 0.170933
vt 0.023109 0.170549
vt 0.023191 0.170809
vt 0.174532 0.170160
vt 0.173951 0.169374
vt 0.023224 0.169447
vt 0.023669 0.168930
vt 0.174507 0.168723
vt 0.023256 0.168072
vt 0.173458 0.167813
vt 0.024224 0.167315
vt 0.174478 0.167283
vt 0.023285 0.166684
vt 0.172960 0.166251
vt 0.024774 0.165704
vt 0.174446 0.165839
vt 0.023313 0.165283
vt 0.172457 0.164686
vt 0.174410 0.164391
vt 0.025317 0.164097
vt 0.023338 0.163869
vt 0.171947 0.163120
vt 0.174370 0.162940
vt 0.025855 0.162494
vt 0.023362 0.162441
vt 0.171432 0.161552
vt 0.174327 0.161484
vt 0.026387 0.160894
vt 0.023385 0.161006
vt 0.170911 0.159982
vt 0.174282 0.160028
vt 0.023407 0.159572
vt 0.026914 0.159298
vt 0.174239 0.158574
vt 0.170388 0.158415
vt 0.023430 0.158137
vt 0.027437 0.157711
vt 0.174198 0.157121
vt 0.169867 0.156858
vt 0.023453 0.156703
vt 0.027958 0.156137
vt 0.174160 0.155670
vt 0.169348 0.155311
vt 0.023476 0.155268
vt 0.028477 0.154577
vt 0.174123 0.154222
vt 0.168831 0.153773
vt 0.023499 0.153834
vt 0.028994 0.153029
vt 0.174087 0.152775
vt 0.023521 0.152399
vt 0.168316 0.152244
vt 0.029509 0.151495
vt 0.174054 0.151330
vt 0.023544 0.150965
vt 0.167803 0.150726
vt 0.030022 0.149974
vt 0.174023 0.149887
vt 0.023567 0.149530
vt 0.167292 0.149216
vt 0.030534 0.148467
vt 0.173994 0.148446
vt 0.023590 0.148096
vt 0.166782 0.147716
vt 0.031043 0.146972
vt 0.173966 0.147006
vt 0.023612 0.146661
vt 0.166275 0.146226
vt 0.173940 0.145569
vt 0.031551 0.145491
vt 0.023635 0.145227
vt 0.165769 0.144745
vt 0.173917 0.144134
vt 0.032056 0.144024
vt 0.023658 0.143795
vt 0.165265 0.143273
vt 0.173894 0.142705
vt 0.032560 0.142569
vt 0.023681 0.142369
vt 0.164763 0.141811
vt 0.173871 0.141287
vt 0.033062 0.141128
vt 0.023703 0.140949
vt 0.164265 0.140364
vt 0.173848 0.139881
vt 0.033560 0.139704
vt 0.023726 0.139534
vt 0.163773 0.138938
vt 0.173826 0.138487
vt 0.034052 0.138301
vt 0.023749 0.138125
vt 0.163286 0.137533
vt 0.173803 0.137103
vt 0.034539 0.136918
vt 0.023772 0.136722
vt 0.162805 0.136149
vt 0.173780 0.135732
vt 0.035020 0.135557
vt 0.023795 0.135325
vt 0.162330 0.134786
vt 0.173757 0.134371
vt 0.035495 0.134216
vt 0.023817 0.133933
vt 0.161860 0.133443
vt 0.173735 0.133022
vt 0.035965 0.132897
vt 0.023840 0.132547
vt 0.161396 0.132122
vt 0.173712 0.131684
vt 0.036429 0.131598
vt 0.023863 0.131166
vt 0.160938 0.130821
vt 0.173689 0.130358
vt 0.036887 0.130320
vt 0.023886 0.129791
vt 0.160485 0.129541
vt 0.173666 0.129043
vt 0.037340 0.129063
vt 0.023908 0.128422
vt 0.160038 0.128282
vt 0.037787 0.127827
vt 0.173643 0.127739
vt 0.023930 0.127068
vt 0.159597 0.127044
vt 0.038228 0.126611
vt 0.173622 0.126452
vt 0.023950 0.125736
vt 0.159162 0.125827
vt 0.038663 0.125417
vt 0.173602 0.125185
vt 0.158734 0.124636
vt 0.023968 0.124426
vt 0.039091 0.124250
vt 0.173584 0.123940
vt 0.158316 0.123478
vt 0.023984 0.123140
vt 0.039510 0.123117
vt 0.173568 0.122715
vt 0.157907 0.122351
vt 0.023999 0.121876
vt 0.039919 0.122018
vt 0.173553 0.121511
vt 0.157507 0.121257
vt 0.040318 0.120954
vt 0.024011 0.120635
vt 0.173541 0.120328
vt 0.157117 0.120196
vt 0.040708 0.119924
vt 0.024021 0.119417
vt 0.173531 0.119165
vt 0.156737 0.119166
vt 0.041088 0.118927
vt 0.024030 0.118221
vt 0.156366 0.118169
vt 0.173522 0.118024
vt 0.041459 0.117965
vt 0.024036 0.117049
vt 0.156004 0.117204
vt 0.173515 0.116904
vt 0.041821 0.117037
vt 0.155652 0.116272
vt 0.024041 0.115899
vt 0.042173 0.116144
vt 0.173511 0.115804
vt 0.155310 0.115371
vt 0.042515 0.115284
vt 0.024044 0.114772
vt 0.173508 0.114725
vt 0.154977 0.114503
vt 0.042848 0.114459
vt 0.024045 0.113667
vt 0.173507 0.113667
vt 0.154653 0.113667
vt 0.043172 0.113667
vt 0.024045 0.000000
vt 0.088256 0.000000
vt 0.110115 0.000000
vt 0.173507 0.000000
vt 0.085025 0.072441
vt 0.113936 0.072440
vt 0.085349 0.071627
vt 0.113648 0.071623
vt 0.085678 0.070786
vt 0.113352 0.070777
vt 0.086010 0.069919
vt 0.113045 0.069904
vt 0.086345 0.069025
vt 0.112729 0.069001
vt 0.086685 0.068105
vt 0.112404 0.068071
vt 0.087029 0.067158
vt 0.112069 0.067112
vt 0.087376 0.066185
vt 0.111724 0.066124
vt 0.087727 0.065185
vt 0.111371 0.065108
vt 0.088082 0.064158
vt 0.111007 0.064063
vt 0.088440 0.063105
vt 0.110634 0.062990
vt 0.088803 0.062025
vt 0.110252 0.061889
vt 0.089169 0.060925
vt 0.109864 0.060765
vt 0.089539 0.059809
vt 0.109474 0.059627
vt 0.089913 0.058678
vt 0.109082 0.058473
vt 0.090290 0.057532
vt 0.108688 0.057304
vt 0.090672 0.056371
vt 0.108293 0.056120
vt 0.091057 0.055194
vt 0.107895 0.054921
vt 0.091446 0.054003
vt 0.107496 0.053707
vt 0.091839 0.052796
vt 0.107095 0.052477
vt 0.092235 0.051574
vt 0.106691 0.051232
vt 0.092636 0.050337
vt 0.106286 0.049972
vt 0.093040 0.049084
vt 0.105879 0.048697
vt 0.093448 0.047817
vt 0.105470 0.047407
vt 0.093857 0.046543
vt 0.105061 0.046112
vt 0.094264 0.045270
vt 0.104654 0.044823
vt 0.094669 0.044000
vt 0.104249 0.043539
vt 0.095072 0.042732
vt 0.103846 0.042261
vt 0.095473 0.041465
vt 0.103445 0.040989
vt 0.095873 0.040200
vt 0.103045 0.039722
vt 0.096270 0.038938
vt 0.102648 0.038461
vt 0.096666 0.037677
vt 0.102252 0.037206
vt 0.097060 0.036418
vt 0.101858 0.035957
vt 0.097451 0.035161
vt 0.101467 0.034713
vt 0.097841 0.033905
vt 0.101077 0.033475
vt 0.098229 0.032652
vt 0.100689 0.032242
vt 0.098612 0.031410
vt 0.100304 0.031024
vt 0.098985 0.030189
vt 0.099926 0.029829
vt 0.099348 0.028989
vt 0.099553 0.028656
vt 0.099186 0.027506
vt 0.099702 0.027810
vt 0.100046 0.026651
vt 0.098824 0.026379
vt 0.100381 0.025514
vt 0.098469 0.025275
vt 0.100707 0.024397
vt 0.098118 0.024193
vt 0.101023 0.023301
vt 0.097774 0.023134
vt 0.101329 0.022226
vt 0.097435 0.022098
vt 0.101626 0.021172
vt 0.097102 0.021085
vt 0.101913 0.020139
vt 0.096775 0.020094
vt 0.102191 0.019127
vt 0.096453 0.019127
vt 0.094052 0.402852
vt 0.089813 0.403004
vt 0.085572 0.402982
vt 0.081407 0.402787
vt 0.098209 0.402530
vt 0.077319 0.402418
vt 0.102284 0.402035
vt 0.073309 0.401875
vt 0.106276 0.401370
vt 0.069375 0.401159
vt 0.110185 0.400533
vt 0.065519 0.400268
vt 0.114013 0.399524
vt 0.061739 0.399203
vt 0.117758 0.398344
vt 0.058037 0.397965
vt 0.121421 0.396993
vt 0.054411 0.396553
vt 0.125001 0.395470
vt 0.050863 0.394967
vt 0.128499 0.393776
vt 0.047391 0.393207
vt 0.131915 0.391910
vt 0.043997 0.391273
vt 0.135248 0.389873
vt 0.138480 0.387679
vt 0.040700 0.389179
vt 0.141593 0.385343
vt 0.037520 0.386939
vt 0.144586 0.382864
vt 0.034458 0.384553
vt 0.147458 0.380243
vt 0.031512 0.382021
vt 0.150211 0.377479
vt 0.092437 0.379672
vt 0.089457 0.379781
vt 0.086519 0.379764
vt 0.028685 0.379343
vt 0.083625 0.379620
vt 0.095365 0.379436
vt 0.080774 0.379351
vt 0.098242 0.379074
vt 0.077967 0.378955
vt 0.101068 0.378586
vt 0.075203 0.378434
vt 0.103842 0.377971
vt 0.152844 0.374573
vt 0.025974 0.376519
vt 0.072484 0.377787
vt 0.106566 0.377230
vt 0.069807 0.377014
vt 0.109238 0.376363
vt 0.067175 0.376115
vt 0.111858 0.375369
vt 0.064586 0.375090
vt 0.114428 0.374249
vt 0.155358 0.371525
vt 0.023381 0.373549
vt 0.062040 0.373939
vt 0.116946 0.373002
vt 0.059539 0.372662
vt 0.119413 0.371629
vt 0.157751 0.368334
vt 0.020905 0.370433
vt 0.057080 0.371260
vt 0.121828 0.370130
vt 0.054685 0.369734
vt 0.124176 0.368510
vt 0.160025 0.365001
vt 0.018546 0.367171
vt 0.052371 0.368087
vt 0.126438 0.366776
vt 0.050139 0.366319
vt 0.128615 0.364928
vt 0.162179 0.361526
vt 0.016305 0.363763
vt 0.047988 0.364431
vt 0.130706 0.362965
vt 0.045919 0.362422
vt 0.132712 0.360887
vt 0.164212 0.357908
vt 0.014181 0.360209
vt 0.043932 0.360292
vt 0.134633 0.358695
vt 0.042026 0.358041
vt 0.136469 0.356389
vt 0.166126 0.354147
vt 0.012174 0.356509
vt 0.040202 0.355669
vt 0.138220 0.353968
vt 0.167900 0.350255
vt 0.010304 0.352673
vt 0.038460 0.353177
vt 0.139885 0.351433
vt 0.036799 0.350563
vt 0.141465 0.348783
vt 0.169512 0.346243
vt 0.008589 0.348711
vt 0.035220 0.347829
vt 0.142960 0.346019
vt 0.170963 0.342109
vt 0.007030 0.344624
vt 0.033722 0.344974
vt 0.144369 0.343140
vt 0.032324 0.342002
vt 0.145676 0.340148
vt 0.172253 0.337854
vt 0.005627 0.340410
vt 0.031041 0.338916
vt 0.146864 0.337045
vt 0.173381 0.333479
vt 0.004379 0.336071
vt 0.029874 0.335716
vt 0.147933 0.333829
vt 0.028823 0.332403
vt 0.174348 0.328983
vt 0.003287 0.331607
vt 0.148882 0.330501
vt 0.027888 0.328976
vt 0.149711 0.327061
vt 0.002350 0.327016
vt 0.175154 0.324366
vt 0.027069 0.325435
vt 0.150422 0.323509
vt 0.001569 0.322300
vt 0.175799 0.319628
vt 0.026366 0.321780
vt 0.151013 0.319845
vt 0.000943 0.317458
vt 0.176282 0.314769
vt 0.025779 0.318012
vt 0.151484 0.316068
vt 0.025307 0.314130
vt 0.151836 0.312180
vt 0.000473 0.312490
vt 0.176605 0.309789
vt 0.024952 0.310134
vt 0.152069 0.308180
vt 0.000159 0.307397
vt 0.176765 0.304688
vt 0.024712 0.306024
vt 0.152182 0.304068
vt 0.000000 0.302178
vt 0.176765 0.299467
vt 0.024589 0.301801
vt 0.152176 0.299844
vt 0.176607 0.294334
vt 0.152054 0.295708
vt 0.024584 0.297663
vt 0.000000 0.297043
vt 0.024699 0.293628
vt 0.151816 0.291678
vt 0.176291 0.289317
vt 0.000159 0.292019
vt 0.024932 0.289695
vt 0.151461 0.287754
vt 0.175817 0.284417
vt 0.000478 0.287107
vt 0.150991 0.283936
vt 0.025286 0.285864
vt 0.175186 0.279633
vt 0.000955 0.282306
vt 0.150405 0.280225
vt 0.025758 0.282137
vt 0.149702 0.276619
vt 0.026349 0.278512
vt 0.174397 0.274965
vt 0.001592 0.277616
vt 0.148884 0.273120
vt 0.027060 0.274989
vt 0.173450 0.270414
vt 0.002388 0.273038
vt 0.147949 0.269727
vt 0.027890 0.271569
vt 0.172346 0.265979
vt 0.003344 0.268571
vt 0.146899 0.266440
vt 0.028839 0.268251
vt 0.145732 0.263260
vt 0.029908 0.265036
vt 0.171084 0.261660
vt 0.004458 0.264216
vt 0.144450 0.260185
vt 0.031095 0.261924
vt 0.169665 0.257457
vt 0.005732 0.259972
vt 0.143051 0.257217
vt 0.032402 0.258914
vt 0.168088 0.253371
vt 0.007165 0.255840
vt 0.141554 0.254362
vt 0.033811 0.256014
vt 0.139975 0.251628
vt 0.035306 0.253233
vt 0.166353 0.249401
vt 0.008757 0.251819
vt 0.138314 0.249014
vt 0.036886 0.250570
vt 0.164461 0.245548
vt 0.010508 0.247909
vt 0.136571 0.246522
vt 0.038551 0.248025
vt 0.134747 0.244150
vt 0.040301 0.245599
vt 0.162432 0.241826
vt 0.012400 0.244127
vt 0.132842 0.241899
vt 0.042137 0.243291
vt 0.160288 0.238252
vt 0.014414 0.240490
vt 0.130854 0.239769
vt 0.044058 0.241101
vt 0.128785 0.237760
vt 0.046064 0.239029
vt 0.158028 0.234826
vt 0.016549 0.236997
vt 0.126635 0.235872
vt 0.048156 0.237075
vt 0.124403 0.234104
vt 0.050333 0.235240
vt 0.155653 0.231548
vt 0.018807 0.233648
vt 0.122089 0.232457
vt 0.052595 0.233523
vt 0.119693 0.230931
vt 0.054943 0.231924
vt 0.153163 0.228418
vt 0.021186 0.230443
vt 0.117233 0.229528
vt 0.057357 0.230447
vt 0.114726 0.228252
vt 0.059819 0.229094
vt 0.150557 0.225436
vt 0.023686 0.227382
vt 0.112171 0.227101
vt 0.062327 0.227866
vt 0.109568 0.226076
vt 0.064884 0.226762
vt 0.106919 0.225178
vt 0.067488 0.225782
vt 0.147836 0.222602
vt 0.026309 0.224466
vt 0.104222 0.224405
vt 0.070139 0.224928
vt 0.101477 0.223758
vt 0.072838 0.224197
vt 0.098685 0.223237
vt 0.075584 0.223592
vt 0.144999 0.219916
vt 0.029053 0.221694
vt 0.095846 0.222843
vt 0.078378 0.223110
vt 0.092959 0.222574
vt 0.081219 0.222754
vt 0.090025 0.222431
vt 0.084107 0.222522
vt 0.087043 0.222414
vt 0.142047 0.217377
vt 0.031919 0.219066
vt 0.034907 0.216583
vt 0.138980 0.214987
vt 0.038016 0.214244
vt 0.135797 0.212744
vt 0.041248 0.212049
vt 0.132499 0.210649
vt 0.129105 0.208715
vt 0.044581 0.210012
vt 0.125633 0.206955
vt 0.047997 0.208146
vt 0.122085 0.205369
vt 0.051495 0.206452
vt 0.118460 0.203957
vt 0.055076 0.204929
vt 0.114757 0.202718
vt 0.058738 0.203578
vt 0.110978 0.201654
vt 0.062483 0.202398
vt 0.107121 0.200763
vt 0.066311 0.201389
vt 0.103188 0.200046
vt 0.070221 0.200552
vt 0.099177 0.199504
vt 0.074213 0.199887
vt 0.095089 0.199135
vt 0.078287 0.199392
vt 0.090925 0.198939
vt 0.082444 0.199069
vt 0.086683 0.198918
vt 0.956843 0.198918
vt 0.979248 0.198918
vt 0.979248 0.349473
vt 0.956843 0.349473
vt 0.353531 0.403101
vt 0.353531 0.403004
vt 0.353531 0.403238
vt 0.165036 0.721874
vt 0.165036 0.898386
vt 0.353531 0.403140
vt 0.084573 0.607027
vt 0.080332 0.607113
vt 0.077795 0.607083
vt 0.075285 0.606992
vt 0.088734 0.606768
vt 0.072801 0.606840
vt 0.070344 0.606628
vt 0.092816 0.606336
vt 0.067913 0.606354
vt 0.065509 0.606020
vt 0.096818 0.605732
vt 0.063132 0.605626
vt 0.100740 0.604955
vt 0.060781 0.605170
vt 0.058456 0.604654
vt 0.104582 0.604005
vt 0.056158 0.604077
vt 0.053887 0.603440
vt 0.108345 0.602883
vt 0.051642 0.602742
vt 0.112028 0.601588
vt 0.049430 0.601984
vt 0.047255 0.601170
vt 0.115631 0.600120
vt 0.045119 0.600299
vt 0.043020 0.599372
vt 0.119155 0.598480
vt 0.040959 0.598387
vt 0.122599 0.596667
vt 0.038937 0.597345
vt 0.036952 0.596246
vt 0.125963 0.594681
vt 0.035005 0.595091
vt 0.033096 0.593878
vt 0.129229 0.592537
vt 0.031225 0.592609
vt 0.029392 0.591283
vt 0.132377 0.590248
vt 0.027597 0.589899
vt 0.135407 0.587816
vt 0.025845 0.588462
vt 0.024140 0.586973
vt 0.138320 0.585239
vt 0.022482 0.585434
vt 0.020872 0.583843
vt 0.141115 0.582518
vt 0.083357 0.583824
vt 0.080332 0.583888
vt 0.078699 0.583869
vt 0.077076 0.583812
vt 0.019310 0.582200
vt 0.086328 0.583630
vt 0.075465 0.583717
vt 0.073866 0.583584
vt 0.089247 0.583307
vt 0.072278 0.583414
vt 0.070701 0.583205
vt 0.092112 0.582856
vt 0.069135 0.582958
vt 0.067581 0.582674
vt 0.094924 0.582275
vt 0.066039 0.582351
vt 0.143792 0.579653
vt 0.064507 0.581991
vt 0.097683 0.581565
vt 0.017795 0.580507
vt 0.062987 0.581592
vt 0.061479 0.581156
vt 0.100389 0.580727
vt 0.059987 0.580682
vt 0.103042 0.579759
vt 0.058519 0.580173
vt 0.016327 0.578762
vt 0.057073 0.579627
vt 0.105641 0.578662
vt 0.146352 0.576643
vt 0.055650 0.579046
vt 0.054249 0.578428
vt 0.014907 0.576966
vt 0.108188 0.577437
vt 0.052872 0.577774
vt 0.051517 0.577085
vt 0.110681 0.576082
vt 0.050185 0.576359
vt 0.013534 0.575119
vt 0.148794 0.573490
vt 0.048876 0.575597
vt 0.113121 0.574598
vt 0.047589 0.574799
vt 0.012209 0.573220
vt 0.046325 0.573965
vt 0.115492 0.572993
vt 0.045085 0.573095
vt 0.151118 0.570192
vt 0.010931 0.571271
vt 0.043870 0.572190
vt 0.117777 0.571274
vt 0.042686 0.571251
vt 0.119978 0.569441
vt 0.009700 0.569270
vt 0.041532 0.570277
vt 0.040409 0.569270
vt 0.153325 0.566750
vt 0.122092 0.567494
vt 0.039316 0.568228
vt 0.008526 0.567221
vt 0.038254 0.567152
vt 0.124122 0.565433
vt 0.007419 0.565129
vt 0.037221 0.566042
vt 0.155414 0.563164
vt 0.036219 0.564898
vt 0.126066 0.563258
vt 0.006378 0.562994
vt 0.035248 0.563720
vt 0.034307 0.562507
vt 0.127924 0.560970
vt 0.157386 0.559433
vt 0.005404 0.560814
vt 0.033396 0.561260
vt 0.032516 0.559980
vt 0.129698 0.558568
vt 0.004496 0.558592
vt 0.031671 0.558664
vt 0.159219 0.555569
vt 0.030868 0.557312
vt 0.003655 0.556325
vt 0.131385 0.556052
vt 0.030108 0.555924
vt 0.002880 0.554015
vt 0.132988 0.553422
vt 0.029388 0.554500
vt 0.160892 0.551581
vt 0.028711 0.553040
vt 0.002171 0.551661
vt 0.134505 0.550678
vt 0.028075 0.551543
vt 0.001528 0.549264
vt 0.162407 0.547470
vt 0.027481 0.550011
vt 0.135936 0.547821
vt 0.026929 0.548443
vt 0.000953 0.546822
vt 0.026419 0.546839
vt 0.137268 0.544851
vt 0.163761 0.543236
vt 0.025950 0.545198
vt 0.000443 0.544338
vt 0.025523 0.543522
vt 0.138483 0.541771
vt 0.000000 0.541809
vt 0.025138 0.541809
vt 0.164957 0.538879
vt 0.139583 0.538582
vt 0.165993 0.534398
vt 0.140566 0.535282
vt 0.141434 0.531872
vt 0.166869 0.529793
vt 0.142187 0.528352
vt 0.167587 0.525066
vt 0.142823 0.524722
vt 0.168145 0.520215
vt 0.143344 0.520982
vt 0.143749 0.517132
vt 0.168543 0.515240
vt 0.144039 0.513172
vt 0.168782 0.510143
vt 0.144212 0.509102
vt 0.168862 0.504922
vt 0.144270 0.504922
vt 0.168782 0.499787
vt 0.144211 0.500785
vt 0.144035 0.496755
vt 0.168543 0.494767
vt 0.143741 0.492831
vt 0.168145 0.489860
vt 0.143329 0.489013
vt 0.167587 0.485067
vt 0.142800 0.485302
vt 0.142153 0.481697
vt 0.166870 0.480387
vt 0.141388 0.478198
vt 0.165993 0.475822
vt 0.140506 0.474805
vt 0.164957 0.471370
vt 0.139506 0.471518
vt 0.138388 0.468338
vt 0.163761 0.467033
vt 0.137153 0.465264
vt 0.025523 0.466639
vt 0.025138 0.468308
vt 0.000000 0.468308
vt 0.000442 0.465823
vt 0.162407 0.462809
vt 0.025950 0.465002
vt 0.000949 0.463378
vt 0.135800 0.462297
vt 0.026419 0.463398
vt 0.026929 0.461826
vt 0.001520 0.460973
vt 0.160892 0.458699
vt 0.134346 0.459440
vt 0.027481 0.460286
vt 0.002156 0.458608
vt 0.028075 0.458779
vt 0.132809 0.456699
vt 0.028711 0.457303
vt 0.159219 0.454703
vt 0.002856 0.456283
vt 0.029388 0.455860
vt 0.131189 0.454074
vt 0.003620 0.453997
vt 0.030108 0.454450
vt 0.157386 0.450821
vt 0.030868 0.453071
vt 0.129485 0.451564
vt 0.004450 0.451751
vt 0.031671 0.451725
vt 0.005343 0.449545
vt 0.032516 0.450411
vt 0.127698 0.449171
vt 0.155414 0.447068
vt 0.033396 0.449130
vt 0.006302 0.447379
vt 0.125827 0.446893
vt 0.034307 0.447883
vt 0.035248 0.446671
vt 0.007324 0.445253
vt 0.153325 0.443462
vt 0.123872 0.444731
vt 0.036220 0.445492
vt 0.037221 0.444348
vt 0.008412 0.443167
vt 0.121834 0.442684
vt 0.038254 0.443238
vt 0.151118 0.440002
vt 0.039316 0.442162
vt 0.009563 0.441121
vt 0.119713 0.440753
vt 0.040409 0.441121
vt 0.041532 0.440113
vt 0.010773 0.439120
vt 0.117508 0.438938
vt 0.042686 0.439140
vt 0.148794 0.436688
vt 0.043870 0.438200
vt 0.012034 0.437170
vt 0.115220 0.437239
vt 0.045085 0.437295
vt 0.046325 0.436425
vt 0.112848 0.435656
vt 0.013346 0.435272
vt 0.146352 0.433520
vt 0.047589 0.435591
vt 0.110410 0.434194
vt 0.048876 0.434793
vt 0.014709 0.433424
vt 0.050185 0.434032
vt 0.107922 0.432859
vt 0.051517 0.433306
vt 0.143792 0.430498
vt 0.016124 0.431628
vt 0.052872 0.432616
vt 0.105385 0.431651
vt 0.054249 0.431962
vt 0.055650 0.431345
vt 0.102799 0.430571
vt 0.017590 0.429884
vt 0.057073 0.430763
vt 0.058519 0.430218
vt 0.100163 0.429617
vt 0.141115 0.427623
vt 0.059987 0.429708
vt 0.019107 0.428190
vt 0.061479 0.429235
vt 0.097478 0.428791
vt 0.062987 0.428798
vt 0.064507 0.428400
vt 0.094744 0.428091
vt 0.066039 0.428039
vt 0.020675 0.426548
vt 0.091960 0.427519
vt 0.067581 0.427717
vt 0.069135 0.427432
vt 0.138320 0.424893
vt 0.089127 0.427074
vt 0.070701 0.427185
vt 0.072278 0.426977
vt 0.086245 0.426757
vt 0.073866 0.426806
vt 0.075465 0.426673
vt 0.083313 0.426566
vt 0.077076 0.426578
vt 0.078699 0.426521
vt 0.080332 0.426502
vt 0.022295 0.424957
vt 0.023965 0.423417
vt 0.135407 0.422310
vt 0.025687 0.421928
vt 0.132377 0.419872
vt 0.027461 0.420491
vt 0.029277 0.419107
vt 0.129229 0.417581
vt 0.031130 0.417778
vt 0.033019 0.416503
vt 0.125963 0.415436
vt 0.034944 0.415284
vt 0.122599 0.413450
vt 0.036905 0.414120
vt 0.038902 0.413011
vt 0.119155 0.411637
vt 0.040936 0.411957
vt 0.043005 0.410958
vt 0.115631 0.409997
vt 0.045110 0.410014
vt 0.047251 0.409125
vt 0.112028 0.408529
vt 0.049429 0.408291
vt 0.108345 0.407234
vt 0.051642 0.407512
vt 0.053887 0.406792
vt 0.104582 0.406112
vt 0.056158 0.406135
vt 0.058456 0.405540
vt 0.100740 0.405162
vt 0.060781 0.405007
vt 0.096818 0.404385
vt 0.063132 0.404538
vt 0.065509 0.404131
vt 0.092816 0.403781
vt 0.067913 0.403786
vt 0.070344 0.403505
vt 0.088734 0.403349
vt 0.072801 0.403286
vt 0.084573 0.403090
vt 0.075285 0.403129
vt 0.077795 0.403035
vt 0.080332 0.403004
vt 0.292093 0.403004
vt 0.292093 0.601922
vt 0.266955 0.579516
vt 0.169955 0.601922
vt 0.169955 0.579516
vt 0.266955 0.514759
vt 0.266955 0.492353
vt 0.176786 0.514759
vt 0.176786 0.492353
vt 0.266955 0.425409
vt 0.168862 0.425409
vt 0.168862 0.403004
vt 0.396743 0.000000
vt 0.396743 0.198918
vt 0.376524 0.178698
vt 0.360949 0.198918
vt 0.373791 0.178698
vt 0.312039 0.073228
vt 0.282529 0.073228
vt 0.234166 0.198918
vt 0.222143 0.178698
vt 0.198372 0.198918
vt 0.219957 0.178698
vt 0.198372 0.000000
vt 0.375934 0.177061
vt 0.373747 0.177417
vt 0.222145 0.177285
vt 0.220416 0.177149
vt 0.373704 0.176122
vt 0.222151 0.175867
vt 0.220880 0.175598
vt 0.375351 0.175427
vt 0.373663 0.174813
vt 0.222160 0.174446
vt 0.221349 0.174045
vt 0.374773 0.173797
vt 0.373624 0.173492
vt 0.222174 0.173021
vt 0.221825 0.172490
vt 0.374201 0.172171
vt 0.373587 0.172157
vt 0.222191 0.171592
vt 0.222306 0.170933
vt 0.373635 0.170549
vt 0.373552 0.170809
vt 0.222212 0.170160
vt 0.222792 0.169374
vt 0.373519 0.169447
vt 0.373074 0.168930
vt 0.222236 0.168723
vt 0.373488 0.168072
vt 0.223285 0.167813
vt 0.372519 0.167315
vt 0.222265 0.167283
vt 0.373458 0.166684
vt 0.223783 0.166251
vt 0.371970 0.165704
vt 0.222297 0.165839
vt 0.373431 0.165283
vt 0.224287 0.164686
vt 0.222333 0.164391
vt 0.371426 0.164097
vt 0.373405 0.163869
vt 0.224796 0.163120
vt 0.222373 0.162940
vt 0.370888 0.162494
vt 0.373381 0.162441
vt 0.225311 0.161552
vt 0.222417 0.161484
vt 0.370356 0.160894
vt 0.373359 0.161006
vt 0.225832 0.159982
vt 0.222461 0.160028
vt 0.373336 0.159572
vt 0.369829 0.159298
vt 0.222504 0.158574
vt 0.226355 0.158415
vt 0.373313 0.158137
vt 0.369306 0.157711
vt 0.222545 0.157121
vt 0.226876 0.156858
vt 0.373290 0.156703
vt 0.368786 0.156137
vt 0.222584 0.155670
vt 0.227395 0.155311
vt 0.373267 0.155268
vt 0.368267 0.154577
vt 0.222621 0.154222
vt 0.227912 0.153773
vt 0.373245 0.153834
vt 0.367750 0.153029
vt 0.222656 0.152775
vt 0.373222 0.152399
vt 0.228427 0.152244
vt 0.367234 0.151495
vt 0.222689 0.151330
vt 0.373199 0.150965
vt 0.228940 0.150726
vt 0.366721 0.149974
vt 0.222720 0.149887
vt 0.373176 0.149530
vt 0.229452 0.149216
vt 0.366210 0.148467
vt 0.222750 0.148446
vt 0.373154 0.148096
vt 0.229961 0.147716
vt 0.365700 0.146972
vt 0.222777 0.147006
vt 0.373131 0.146661
vt 0.230469 0.146226
vt 0.222803 0.145569
vt 0.365193 0.145491
vt 0.373108 0.145227
vt 0.230974 0.144745
vt 0.222827 0.144134
vt 0.364687 0.144024
vt 0.373085 0.143795
vt 0.231478 0.143273
vt 0.222849 0.142705
vt 0.364183 0.142569
vt 0.373062 0.142369
vt 0.231980 0.141811
vt 0.222872 0.141287
vt 0.363681 0.141128
vt 0.373040 0.140949
vt 0.232478 0.140364
vt 0.222895 0.139881
vt 0.363183 0.139704
vt 0.373017 0.139534
vt 0.232971 0.138938
vt 0.222918 0.138487
vt 0.362691 0.138301
vt 0.372994 0.138125
vt 0.233457 0.137533
vt 0.222940 0.137103
vt 0.362204 0.136918
vt 0.372971 0.136722
vt 0.233938 0.136149
vt 0.222963 0.135732
vt 0.361723 0.135557
vt 0.372949 0.135325
vt 0.234414 0.134786
vt 0.222986 0.134371
vt 0.361248 0.134216
vt 0.372926 0.133933
vt 0.234883 0.133443
vt 0.223009 0.133022
vt 0.360778 0.132897
vt 0.372903 0.132547
vt 0.235347 0.132122
vt 0.223031 0.131684
vt 0.360314 0.131598
vt 0.372880 0.131166
vt 0.235805 0.130821
vt 0.223054 0.130358
vt 0.359856 0.130320
vt 0.372858 0.129791
vt 0.236258 0.129541
vt 0.223077 0.129043
vt 0.359403 0.129063
vt 0.372835 0.128422
vt 0.236705 0.128282
vt 0.358957 0.127827
vt 0.223100 0.127739
vt 0.372813 0.127068
vt 0.237146 0.127044
vt 0.358515 0.126611
vt 0.223122 0.126452
vt 0.372793 0.125736
vt 0.237581 0.125827
vt 0.358080 0.125417
vt 0.223141 0.125185
vt 0.238009 0.124636
vt 0.372775 0.124426
vt 0.357652 0.124250
vt 0.223160 0.123940
vt 0.238428 0.123478
vt 0.372759 0.123140
vt 0.357234 0.123117
vt 0.223176 0.122715
vt 0.238837 0.122351
vt 0.372745 0.121876
vt 0.356825 0.122018
vt 0.223190 0.121511
vt 0.239236 0.121257
vt 0.356425 0.120954
vt 0.372732 0.120635
vt 0.223202 0.120328
vt 0.239626 0.120196
vt 0.356035 0.119924
vt 0.372722 0.119417
vt 0.223213 0.119165
vt 0.240006 0.119166
vt 0.355655 0.118927
vt 0.372713 0.118221
vt 0.240377 0.118169
vt 0.223221 0.118024
vt 0.355284 0.117965
vt 0.372707 0.117049
vt 0.240739 0.117204
vt 0.223228 0.116904
vt 0.354922 0.117037
vt 0.241091 0.116272
vt 0.372702 0.115899
vt 0.354570 0.116144
vt 0.223233 0.115804
vt 0.241433 0.115371
vt 0.354228 0.115284
vt 0.372699 0.114772
vt 0.223235 0.114725
vt 0.241766 0.114503
vt 0.353895 0.114459
vt 0.372698 0.113667
vt 0.223236 0.113667
vt 0.242090 0.113667
vt 0.353571 0.113667
vt 0.372698 0.000000
vt 0.308487 0.000000
vt 0.286628 0.000000
vt 0.223236 0.000000
vt 0.311718 0.072441
vt 0.282807 0.072440
vt 0.311394 0.071627
vt 0.283095 0.071623
vt 0.311066 0.070786
vt 0.283392 0.070777
vt 0.310734 0.069919
vt 0.283698 0.069904
vt 0.310398 0.069025
vt 0.284014 0.069001
vt 0.310058 0.068105
vt 0.284339 0.068071
vt 0.309715 0.067158
vt 0.284674 0.067112
vt 0.309367 0.066185
vt 0.285019 0.066124
vt 0.309016 0.065185
vt 0.285373 0.065108
vt 0.308662 0.064158
vt 0.285736 0.064063
vt 0.308303 0.063105
vt 0.286109 0.062990
vt 0.307941 0.062025
vt 0.286491 0.061889
vt 0.307574 0.060925
vt 0.286879 0.060765
vt 0.307204 0.059809
vt 0.287269 0.059627
vt 0.306830 0.058678
vt 0.287661 0.058473
vt 0.306453 0.057532
vt 0.288055 0.057304
vt 0.306071 0.056371
vt 0.288450 0.056120
vt 0.305686 0.055194
vt 0.288848 0.054921
vt 0.305297 0.054003
vt 0.289247 0.053707
vt 0.304905 0.052796
vt 0.289649 0.052477
vt 0.304508 0.051574
vt 0.290052 0.051232
vt 0.304108 0.050337
vt 0.290457 0.049972
vt 0.303703 0.049084
vt 0.290864 0.048697
vt 0.303295 0.047817
vt 0.291273 0.047407
vt 0.302887 0.046543
vt 0.291682 0.046112
vt 0.302480 0.045270
vt 0.292089 0.044823
vt 0.302074 0.044000
vt 0.292494 0.043539
vt 0.301671 0.042732
vt 0.292897 0.042261
vt 0.301270 0.041465
vt 0.293298 0.040989
vt 0.300870 0.040200
vt 0.293698 0.039722
vt 0.300473 0.038938
vt 0.294095 0.038461
vt 0.300077 0.037677
vt 0.294491 0.037206
vt 0.299684 0.036418
vt 0.294885 0.035957
vt 0.299292 0.035161
vt 0.295277 0.034713
vt 0.298902 0.033905
vt 0.295667 0.033475
vt 0.298514 0.032652
vt 0.296055 0.032242
vt 0.298131 0.031410
vt 0.296439 0.031024
vt 0.297759 0.030189
vt 0.296817 0.029829
vt 0.297395 0.028989
vt 0.297190 0.028656
vt 0.297557 0.027506
vt 0.297041 0.027810
vt 0.296697 0.026651
vt 0.297919 0.026379
vt 0.296362 0.025514
vt 0.298275 0.025275
vt 0.296037 0.024397
vt 0.298625 0.024193
vt 0.295721 0.023301
vt 0.298969 0.023134
vt 0.295414 0.022226
vt 0.299308 0.022098
vt 0.295117 0.021172
vt 0.299641 0.021085
vt 0.294830 0.020139
vt 0.299968 0.020094
vt 0.294552 0.019127
vt 0.300290 0.019127
vt 0.633054 0.884791
vt 0.657099 0.884791
vt 0.657099 0.999551
vt 0.633054 0.999551
vt 0.353531 0.601946
vt 0.353531 0.403028
vt 0.468291 0.403028
vt 0.468291 0.601946
vt 0.927333 0.403028
vt 0.963127 0.403028
vt 0.963127 0.517788
vt 0.927333 0.517788
vt 0.583052 0.582716
vt 0.583052 0.457102
vt 0.697812 0.457102
vt 0.697812 0.582716
vt 0.583052 0.456315
vt 0.697812 0.456315
vt 0.583052 0.455501
vt 0.697812 0.455501
vt 0.583052 0.454661
vt 0.697812 0.454661
vt 0.583052 0.453795
vt 0.697812 0.453795
vt 0.583052 0.452902
vt 0.697812 0.452902
vt 0.583052 0.451982
vt 0.697812 0.451982
vt 0.583052 0.451035
vt 0.697812 0.451035
vt 0.583052 0.450063
vt 0.697812 0.450063
vt 0.583052 0.449063
vt 0.697812 0.449063
vt 0.583052 0.448037
vt 0.697812 0.448037
vt 0.583052 0.446985
vt 0.697812 0.446985
vt 0.583052 0.445905
vt 0.697812 0.445906
vt 0.583052 0.444806
vt 0.697812 0.444806
vt 0.583052 0.443690
vt 0.697812 0.443690
vt 0.583052 0.442560
vt 0.697812 0.442560
vt 0.583052 0.441415
vt 0.697812 0.441415
vt 0.583052 0.440254
vt 0.697812 0.440254
vt 0.583052 0.439078
vt 0.697812 0.439078
vt 0.583052 0.437887
vt 0.697812 0.437887
vt 0.583052 0.436681
vt 0.697812 0.436681
vt 0.583052 0.435459
vt 0.697812 0.435459
vt 0.583052 0.434223
vt 0.697812 0.434223
vt 0.583052 0.432971
vt 0.697812 0.432971
vt 0.583052 0.431704
vt 0.697812 0.431704
vt 0.583052 0.430431
vt 0.697812 0.430431
vt 0.583052 0.429159
vt 0.697812 0.429159
vt 0.583052 0.427889
vt 0.697812 0.427889
vt 0.583052 0.426622
vt 0.697812 0.426622
vt 0.583052 0.425356
vt 0.697812 0.425356
vt 0.583052 0.424092
vt 0.697812 0.424092
vt 0.583052 0.422829
vt 0.697812 0.422829
vt 0.583052 0.421569
vt 0.697812 0.421569
vt 0.583052 0.420311
vt 0.697812 0.420311
vt 0.583052 0.419054
vt 0.697812 0.419054
vt 0.583052 0.417800
vt 0.697812 0.417800
vt 0.583052 0.416547
vt 0.697812 0.416547
vt 0.583052 0.415306
vt 0.697812 0.415306
vt 0.583052 0.414085
vt 0.697812 0.414085
vt 0.583052 0.412886
vt 0.697812 0.412886
vt 0.583052 0.411707
vt 0.697812 0.411707
vt 0.583052 0.410549
vt 0.697812 0.410549
vt 0.583052 0.409412
vt 0.697812 0.409412
vt 0.583052 0.408296
vt 0.697812 0.408296
vt 0.583052 0.407200
vt 0.697812 0.407200
vt 0.583052 0.406126
vt 0.697812 0.406126
vt 0.583052 0.405072
vt 0.697812 0.405072
vt 0.583052 0.404040
vt 0.697812 0.404040
vt 0.583052 0.403028
vt 0.697812 0.403028
vt 0.334093 0.403004
vt 0.339832 0.403004
vt 0.339832 0.517764
vt 0.334093 0.517764
vt 0.522392 0.378647
vt 0.522392 0.377680
vt 0.637153 0.377680
vt 0.637153 0.378647
vt 0.522392 0.376689
vt 0.637153 0.376689
vt 0.522392 0.375677
vt 0.637153 0.375677
vt 0.522392 0.374641
vt 0.637153 0.374641
vt 0.522392 0.373582
vt 0.637153 0.373582
vt 0.522392 0.372501
vt 0.637153 0.372501
vt 0.522392 0.371397
vt 0.637153 0.371397
vt 0.522392 0.370270
vt 0.637153 0.370270
vt 0.522392 0.369121
vt 0.637153 0.369121
vt 0.522392 0.367948
vt 0.637153 0.367948
vt 0.522392 0.366753
vt 0.637153 0.366753
vt 0.522392 0.365536
vt 0.637153 0.365536
vt 0.522392 0.364303
vt 0.637153 0.364304
vt 0.522392 0.363066
vt 0.637153 0.363066
vt 0.522392 0.361822
vt 0.637153 0.361822
vt 0.522392 0.360573
vt 0.637153 0.360573
vt 0.522392 0.359318
vt 0.637153 0.359318
vt 0.522392 0.358058
vt 0.637153 0.358058
vt 0.522392 0.356792
vt 0.637153 0.356792
vt 0.522392 0.355520
vt 0.637153 0.355520
vt 0.522392 0.354242
vt 0.637153 0.354242
vt 0.522392 0.352959
vt 0.637153 0.352959
vt 0.522392 0.351670
vt 0.637153 0.351670
vt 0.522392 0.350375
vt 0.637153 0.350375
vt 0.522392 0.349085
vt 0.637153 0.349085
vt 0.522392 0.347811
vt 0.637153 0.347811
vt 0.522392 0.346551
vt 0.637153 0.346551
vt 0.522392 0.345307
vt 0.637153 0.345307
vt 0.522392 0.344078
vt 0.637153 0.344078
vt 0.522392 0.342864
vt 0.637153 0.342864
vt 0.522392 0.341665
vt 0.637153 0.341665
vt 0.522392 0.340481
vt 0.637153 0.340481
vt 0.522392 0.339313
vt 0.637153 0.339313
vt 0.522392 0.338159
vt 0.637153 0.338159
vt 0.522392 0.337021
vt 0.637153 0.337021
vt 0.522392 0.335898
vt 0.637153 0.335898
vt 0.522392 0.334797
vt 0.637153 0.334797
vt 0.522392 0.333724
vt 0.637153 0.333724
vt 0.522392 0.332680
vt 0.637153 0.332680
vt 0.522392 0.331664
vt 0.637153 0.331664
vt 0.522392 0.330677
vt 0.637153 0.330677
vt 0.522392 0.329718
vt 0.637153 0.329718
vt 0.522392 0.328788
vt 0.637153 0.328788
vt 0.522392 0.327886
vt 0.637153 0.327886
vt 0.522392 0.327012
vt 0.637153 0.327012
vt 0.522392 0.326167
vt 0.637153 0.326167
vt 0.522392 0.325351
vt 0.637153 0.325351
vt 0.522392 0.324562
vt 0.637153 0.324562
vt 0.522393 0.198918
vt 0.637153 0.198918
vt 0.927333 0.523467
vt 0.963127 0.523467
vt 0.963127 0.638228
vt 0.927333 0.638228
vt 0.519974 0.198918
vt 0.519974 0.000000
vt 0.634735 0.000000
vt 0.634734 0.198918
vt 0.608190 0.884791
vt 0.608190 0.999551
vt 0.583052 0.761413
vt 0.583052 0.647746
vt 0.697812 0.647746
vt 0.697812 0.761413
vt 0.583052 0.646688
vt 0.697812 0.646688
vt 0.583052 0.645609
vt 0.697812 0.645609
vt 0.583052 0.644509
vt 0.697812 0.644509
vt 0.583052 0.643389
vt 0.697812 0.643389
vt 0.583052 0.642248
vt 0.697812 0.642248
vt 0.583052 0.641085
vt 0.697812 0.641085
vt 0.583052 0.639902
vt 0.697812 0.639902
vt 0.583052 0.638698
vt 0.697812 0.638698
vt 0.583052 0.637474
vt 0.697812 0.637474
vt 0.583052 0.636228
vt 0.697812 0.636228
vt 0.583052 0.634961
vt 0.697812 0.634961
vt 0.583052 0.633674
vt 0.697812 0.633674
vt 0.583052 0.632370
vt 0.697812 0.632370
vt 0.583052 0.631055
vt 0.697812 0.631055
vt 0.583052 0.629729
vt 0.697812 0.629729
vt 0.583052 0.628391
vt 0.697812 0.628391
vt 0.583052 0.627042
vt 0.697812 0.627042
vt 0.583052 0.625682
vt 0.697812 0.625682
vt 0.583052 0.624310
vt 0.697812 0.624310
vt 0.583052 0.622927
vt 0.697812 0.622927
vt 0.583052 0.621532
vt 0.697812 0.621532
vt 0.583052 0.620126
vt 0.697812 0.620126
vt 0.583052 0.618709
vt 0.697812 0.618709
vt 0.583052 0.617280
vt 0.697812 0.617280
vt 0.583052 0.615844
vt 0.697812 0.615844
vt 0.583052 0.614407
vt 0.697812 0.614407
vt 0.583052 0.612968
vt 0.697812 0.612968
vt 0.583052 0.611527
vt 0.697812 0.611527
vt 0.583052 0.610084
vt 0.697812 0.610084
vt 0.583052 0.608639
vt 0.697812 0.608639
vt 0.583052 0.607192
vt 0.697812 0.607192
vt 0.583052 0.605743
vt 0.697812 0.605743
vt 0.583052 0.604293
vt 0.697812 0.604293
vt 0.583052 0.602840
vt 0.697812 0.602840
vt 0.583052 0.601386
vt 0.697812 0.601386
vt 0.583052 0.599930
vt 0.697812 0.599930
vt 0.583052 0.598474
vt 0.697812 0.598474
vt 0.583052 0.597023
vt 0.697812 0.597023
vt 0.583052 0.595575
vt 0.697812 0.595575
vt 0.583052 0.594131
vt 0.697812 0.594131
vt 0.583052 0.592691
vt 0.697812 0.592691
vt 0.583052 0.591254
vt 0.697812 0.591254
vt 0.583052 0.589822
vt 0.697812 0.589822
vt 0.583052 0.588393
vt 0.697812 0.588393
vt 0.583052 0.586968
vt 0.697812 0.586968
vt 0.583052 0.585547
vt 0.697812 0.585547
vt 0.583052 0.584129
vt 0.697812 0.584129
vt 0.583052 0.582716
vt 0.697812 0.582716
vt 0.342564 0.403004
vt 0.344750 0.403004
vt 0.344750 0.517764
vt 0.342564 0.517764
vt 0.634735 0.178802
vt 0.634735 0.177252
vt 0.749495 0.177252
vt 0.749495 0.178802
vt 0.634735 0.175700
vt 0.749495 0.175700
vt 0.634735 0.174146
vt 0.749495 0.174146
vt 0.634735 0.172590
vt 0.749495 0.172590
vt 0.634735 0.171033
vt 0.749495 0.171033
vt 0.634735 0.169473
vt 0.749495 0.169473
vt 0.634735 0.167912
vt 0.749495 0.167912
vt 0.634735 0.166348
vt 0.749495 0.166348
vt 0.634735 0.164783
vt 0.749495 0.164783
vt 0.634735 0.163216
vt 0.749495 0.163216
vt 0.634735 0.161647
vt 0.749495 0.161647
vt 0.634735 0.160076
vt 0.749495 0.160076
vt 0.634735 0.158509
vt 0.749495 0.158509
vt 0.634735 0.156951
vt 0.749495 0.156951
vt 0.634735 0.155403
vt 0.749495 0.155403
vt 0.634735 0.153864
vt 0.749495 0.153864
vt 0.634735 0.152335
vt 0.749495 0.152335
vt 0.634735 0.150815
vt 0.749495 0.150815
vt 0.634735 0.149305
vt 0.749495 0.149305
vt 0.634735 0.147804
vt 0.749495 0.147804
vt 0.634735 0.146313
vt 0.749495 0.146313
vt 0.634735 0.144831
vt 0.749495 0.144831
vt 0.634735 0.143359
vt 0.749495 0.143359
vt 0.634735 0.141896
vt 0.749495 0.141896
vt 0.634735 0.140448
vt 0.749495 0.140448
vt 0.634735 0.139022
vt 0.749495 0.139022
vt 0.634735 0.137616
vt 0.749495 0.137616
vt 0.634735 0.136231
vt 0.749495 0.136231
vt 0.634735 0.134867
vt 0.749495 0.134867
vt 0.634735 0.133523
vt 0.749495 0.133523
vt 0.634735 0.132201
vt 0.749495 0.132201
vt 0.634735 0.130900
vt 0.749495 0.130900
vt 0.634735 0.129619
vt 0.749495 0.129619
vt 0.634735 0.128359
vt 0.749495 0.128359
vt 0.634735 0.127121
vt 0.749495 0.127121
vt 0.634735 0.125903
vt 0.749495 0.125903
vt 0.634735 0.124711
vt 0.749495 0.124711
vt 0.634735 0.123552
vt 0.749495 0.123552
vt 0.634735 0.122425
vt 0.749495 0.122425
vt 0.634735 0.121331
vt 0.749495 0.121331
vt 0.634735 0.120269
vt 0.749495 0.120269
vt 0.634735 0.119239
vt 0.749495 0.119239
vt 0.634735 0.118241
vt 0.749495 0.118241
vt 0.634735 0.117276
vt 0.749495 0.117276
vt 0.634735 0.116342
vt 0.749495 0.116342
vt 0.634735 0.115442
vt 0.749495 0.115442
vt 0.634735 0.114573
vt 0.749495 0.114573
vt 0.634735 0.113737
vt 0.749495 0.113737
vt 0.634735 -0.000000
vt 0.749495 0.000000
vt 0.978080 0.873232
vt 0.999939 0.873232
vt 0.999939 0.987992
vt 0.978080 0.987992
vt 0.637153 0.377681
vt 0.637153 0.263971
vt 0.751913 0.263971
vt 0.751913 0.377681
vt 0.637153 0.263179
vt 0.751913 0.263179
vt 0.637153 0.262353
vt 0.751913 0.262353
vt 0.637153 0.261493
vt 0.751913 0.261493
vt 0.637153 0.260599
vt 0.751913 0.260599
vt 0.637153 0.259671
vt 0.751913 0.259671
vt 0.637153 0.258709
vt 0.751913 0.258709
vt 0.637153 0.257712
vt 0.751913 0.257712
vt 0.637153 0.256682
vt 0.751913 0.256682
vt 0.637153 0.255617
vt 0.751913 0.255617
vt 0.637153 0.254518
vt 0.751913 0.254518
vt 0.637153 0.253384
vt 0.751913 0.253384
vt 0.637153 0.252217
vt 0.751913 0.252217
vt 0.637153 0.251022
vt 0.751913 0.251022
vt 0.637153 0.249806
vt 0.751913 0.249806
vt 0.637153 0.248570
vt 0.751913 0.248570
vt 0.637153 0.247312
vt 0.751913 0.247312
vt 0.637153 0.246034
vt 0.751913 0.246034
vt 0.637153 0.244735
vt 0.751913 0.244735
vt 0.637153 0.243414
vt 0.751913 0.243415
vt 0.637153 0.242073
vt 0.751913 0.242073
vt 0.637153 0.240712
vt 0.751913 0.240712
vt 0.637153 0.239329
vt 0.751913 0.239329
vt 0.637153 0.237925
vt 0.751913 0.237925
vt 0.637153 0.236501
vt 0.751913 0.236501
vt 0.637153 0.235059
vt 0.751913 0.235059
vt 0.637153 0.233604
vt 0.751913 0.233604
vt 0.637153 0.232136
vt 0.751913 0.232136
vt 0.637153 0.230654
vt 0.751913 0.230654
vt 0.637153 0.229160
vt 0.751913 0.229160
vt 0.637153 0.227652
vt 0.751913 0.227652
vt 0.637153 0.226130
vt 0.751913 0.226130
vt 0.637153 0.224596
vt 0.751913 0.224596
vt 0.637153 0.223048
vt 0.751913 0.223048
vt 0.637153 0.221487
vt 0.751913 0.221487
vt 0.637153 0.219912
vt 0.751913 0.219912
vt 0.637153 0.218324
vt 0.751913 0.218324
vt 0.637153 0.216728
vt 0.751913 0.216728
vt 0.637153 0.215128
vt 0.751913 0.215128
vt 0.637153 0.213524
vt 0.751913 0.213524
vt 0.637153 0.211916
vt 0.751913 0.211916
vt 0.637153 0.210305
vt 0.751913 0.210305
vt 0.637153 0.208690
vt 0.751913 0.208690
vt 0.637153 0.207071
vt 0.751913 0.207071
vt 0.637153 0.205448
vt 0.751913 0.205448
vt 0.637153 0.203821
vt 0.751913 0.203821
vt 0.637153 0.202190
vt 0.751913 0.202190
vt 0.637153 0.200556
vt 0.751913 0.200556
vt 0.637153 0.198918
vt 0.751913 0.198918
vt 0.339832 0.403004
vt 0.339832 0.517764
vt 0.168862 0.780618
vt 0.168862 0.779337
vt 0.283622 0.779337
vt 0.283622 0.780618
vt 0.168862 0.778042
vt 0.283622 0.778042
vt 0.168862 0.776733
vt 0.283622 0.776733
vt 0.168862 0.775412
vt 0.283622 0.775412
vt 0.168862 0.774077
vt 0.283622 0.774077
vt 0.168862 0.772729
vt 0.283622 0.772729
vt 0.168862 0.771368
vt 0.283622 0.771368
vt 0.168862 0.769993
vt 0.283622 0.769993
vt 0.168862 0.768605
vt 0.283622 0.768605
vt 0.168862 0.767204
vt 0.283622 0.767204
vt 0.168862 0.765789
vt 0.283622 0.765789
vt 0.168862 0.764361
vt 0.283622 0.764361
vt 0.168862 0.762927
vt 0.283622 0.762927
vt 0.168862 0.761492
vt 0.283622 0.761492
vt 0.168862 0.760058
vt 0.283622 0.760058
vt 0.168862 0.758623
vt 0.283622 0.758623
vt 0.168862 0.757189
vt 0.283622 0.757189
vt 0.168862 0.755755
vt 0.283622 0.755755
vt 0.168862 0.754320
vt 0.283622 0.754320
vt 0.168862 0.752886
vt 0.283622 0.752886
vt 0.168862 0.751451
vt 0.283622 0.751451
vt 0.168862 0.750017
vt 0.283622 0.750017
vt 0.168862 0.748582
vt 0.283622 0.748582
vt 0.168862 0.747148
vt 0.283622 0.747148
vt 0.168862 0.745716
vt 0.283622 0.745716
vt 0.168862 0.744290
vt 0.283622 0.744290
vt 0.168862 0.742870
vt 0.283622 0.742870
vt 0.168862 0.741455
vt 0.283622 0.741455
vt 0.168862 0.740046
vt 0.283622 0.740046
vt 0.168862 0.738643
vt 0.283622 0.738643
vt 0.168862 0.737246
vt 0.283622 0.737246
vt 0.168862 0.735854
vt 0.283622 0.735854
vt 0.168862 0.734468
vt 0.283622 0.734468
vt 0.168862 0.733088
vt 0.283622 0.733088
vt 0.168862 0.731713
vt 0.283622 0.731713
vt 0.168862 0.730344
vt 0.283622 0.730344
vt 0.168862 0.728989
vt 0.283622 0.728989
vt 0.168862 0.727657
vt 0.283622 0.727657
vt 0.168862 0.726348
vt 0.283622 0.726348
vt 0.168862 0.725061
vt 0.283622 0.725061
vt 0.168862 0.723798
vt 0.283622 0.723798
vt 0.168862 0.722557
vt 0.283622 0.722557
vt 0.168862 0.721339
vt 0.283622 0.721339
vt 0.168862 0.720143
vt 0.283622 0.720143
vt 0.168862 0.718971
vt 0.283622 0.718971
vt 0.168862 0.717821
vt 0.283622 0.717821
vt 0.168862 0.716694
vt 0.283622 0.716694
vt 0.168862 0.715589
vt 0.283622 0.715589
vt 0.168862 0.601922
vt 0.283622 0.601922
vt -0.000000 0.885239
vt 0.000000 0.762009
vt 0.114760 0.762009
vt 0.114760 0.885239
vt 0.468291 0.601946
vt 0.468291 0.403028
vt 0.583052 0.403028
vt 0.583052 0.601946
vt 0.353531 0.900596
vt 0.353531 0.778458
vt 0.468291 0.778458
vt 0.468291 0.900596
vt 0.000000 0.885239
vt 0.022406 0.885239
vt 0.022406 1.000000
vt 0.000000 1.000000
vt 0.812572 0.758471
vt 0.909572 0.758471
vt 0.909572 0.873232
vt 0.812572 0.873232
vt 0.283622 0.716682
vt 0.348380 0.716682
vt 0.348380 0.831443
vt 0.283622 0.831443
vt 0.866674 0.198918
vt 0.956843 0.198918
vt 0.956843 0.313679
vt 0.866674 0.313679
vt 0.044811 0.885239
vt 0.044811 1.000000
vt 0.864255 0.000000
vt 0.954424 0.000000
vt 0.954424 0.114760
vt 0.864255 0.114760
vt 0.283622 0.601922
vt 0.350566 0.601922
vt 0.350566 0.716682
vt 0.283622 0.716682
vt 0.812572 0.643711
vt 0.910665 0.643711
vt 0.910665 0.758471
vt 0.679505 0.884791
vt 0.679505 0.999551
vt 0.812572 0.492495
vt 0.812572 0.490250
vt 0.927333 0.490250
vt 0.927333 0.492495
vt 0.812572 0.487979
vt 0.927333 0.487979
vt 0.812572 0.485681
vt 0.927333 0.485681
vt 0.812572 0.483357
vt 0.927333 0.483357
vt 0.812572 0.481005
vt 0.927333 0.481005
vt 0.812572 0.478628
vt 0.927333 0.478628
vt 0.812572 0.476223
vt 0.927333 0.476223
vt 0.812572 0.473793
vt 0.927333 0.473793
vt 0.812572 0.471335
vt 0.927333 0.471335
vt 0.812572 0.468852
vt 0.927333 0.468852
vt 0.812572 0.466341
vt 0.927333 0.466341
vt 0.812572 0.463804
vt 0.927333 0.463804
vt 0.812572 0.459563
vt 0.927333 0.459563
vt 0.812572 0.455402
vt 0.927333 0.455402
vt 0.812572 0.451321
vt 0.927333 0.451321
vt 0.812572 0.447319
vt 0.927333 0.447319
vt 0.812572 0.443397
vt 0.927333 0.443397
vt 0.812572 0.439555
vt 0.927333 0.439555
vt 0.812572 0.435793
vt 0.927333 0.435793
vt 0.812572 0.432110
vt 0.927333 0.432110
vt 0.812572 0.428507
vt 0.927333 0.428507
vt 0.812572 0.424984
vt 0.927333 0.424984
vt 0.812573 0.421540
vt 0.927333 0.421540
vt 0.812573 0.418176
vt 0.927333 0.418176
vt 0.812573 0.414911
vt 0.927333 0.414911
vt 0.812573 0.411764
vt 0.927333 0.411764
vt 0.812573 0.408734
vt 0.927333 0.408734
vt 0.812573 0.405822
vt 0.927333 0.405822
vt 0.812573 0.403028
vt 0.927333 0.403028
vt 0.000000 0.762009
vt 0.000000 0.759130
vt 0.114760 0.759130
vt 0.114760 0.762009
vt 0.000000 0.756106
vt 0.114760 0.756106
vt 0.000000 0.752936
vt 0.114760 0.752936
vt 0.000000 0.749620
vt 0.114760 0.749620
vt 0.000000 0.746158
vt 0.114760 0.746158
vt 0.000000 0.742550
vt 0.114760 0.742550
vt 0.000000 0.738795
vt 0.114760 0.738795
vt 0.000000 0.734911
vt 0.114760 0.734912
vt 0.000000 0.730914
vt 0.114760 0.730914
vt 0.000000 0.726802
vt 0.114760 0.726802
vt 0.000000 0.722577
vt 0.114760 0.722577
vt 0.000000 0.718238
vt 0.114760 0.718238
vt 0.000000 0.713786
vt 0.114760 0.713786
vt 0.000000 0.709220
vt 0.114760 0.709220
vt 0.000000 0.704540
vt 0.114760 0.704540
vt 0.000000 0.699746
vt 0.114760 0.699746
vt 0.000000 0.694839
vt 0.114760 0.694839
vt 0.000000 0.689818
vt 0.114760 0.689818
vt 0.000000 0.684683
vt 0.114760 0.684683
vt 0.000000 0.679462
vt 0.114760 0.679462
vt 0.000000 0.674365
vt 0.114760 0.674365
vt 0.000000 0.669391
vt 0.114760 0.669391
vt 0.000000 0.664541
vt 0.114760 0.664541
vt 0.000000 0.659814
vt 0.114760 0.659814
vt 0.000000 0.655210
vt 0.114760 0.655210
vt 0.000000 0.650730
vt 0.114760 0.650730
vt 0.000000 0.646374
vt 0.114760 0.646374
vt 0.000000 0.642141
vt 0.114760 0.642141
vt 0.000000 0.638031
vt 0.114760 0.638031
vt 0.000000 0.634045
vt 0.114760 0.634045
vt 0.000000 0.630183
vt 0.114760 0.630183
vt 0.000000 0.626454
vt 0.114760 0.626454
vt 0.000000 0.622870
vt 0.114760 0.622870
vt 0.000000 0.619430
vt 0.114760 0.619430
vt 0.000000 0.616134
vt 0.114760 0.616134
vt 0.000000 0.612983
vt 0.114760 0.612983
vt 0.000000 0.609976
vt 0.114760 0.609976
vt 0.000000 0.607113
vt 0.114760 0.607113
vt 0.812572 0.643711
vt 0.812572 0.640913
vt 0.927333 0.640913
vt 0.927333 0.643711
vt 0.812572 0.637998
vt 0.927333 0.637998
vt 0.812572 0.634965
vt 0.927333 0.634965
vt 0.812572 0.631814
vt 0.927333 0.631814
vt 0.812572 0.628547
vt 0.927333 0.628547
vt 0.812572 0.625180
vt 0.927333 0.625180
vt 0.812572 0.621734
vt 0.927333 0.621734
vt 0.812572 0.618209
vt 0.927333 0.618209
vt 0.812572 0.614604
vt 0.927333 0.614604
vt 0.812572 0.610920
vt 0.927333 0.610920
vt 0.812572 0.607156
vt 0.927333 0.607156
vt 0.812572 0.603312
vt 0.927333 0.603312
vt 0.812572 0.599390
vt 0.927333 0.599390
vt 0.812572 0.595387
vt 0.927333 0.595387
vt 0.812572 0.591305
vt 0.927333 0.591305
vt 0.812572 0.587144
vt 0.927333 0.587144
vt 0.812572 0.582903
vt 0.927333 0.582903
vt 0.812572 0.580366
vt 0.927333 0.580366
vt 0.812572 0.577856
vt 0.927333 0.577856
vt 0.812572 0.575372
vt 0.927333 0.575372
vt 0.812572 0.572915
vt 0.927333 0.572915
vt 0.812572 0.570484
vt 0.927333 0.570484
vt 0.812572 0.568081
vt 0.927333 0.568081
vt 0.812572 0.565704
vt 0.927333 0.565704
vt 0.812572 0.563353
vt 0.927333 0.563353
vt 0.812572 0.561029
vt 0.927333 0.561029
vt 0.812572 0.558732
vt 0.927333 0.558732
vt 0.812572 0.556461
vt 0.927333 0.556461
vt 0.812572 0.554217
vt 0.927333 0.554217
vt 0.812572 0.552005
vt 0.927333 0.552005
vt 0.812572 0.549832
vt 0.927333 0.549832
vt 0.812572 0.547696
vt 0.927333 0.547696
vt 0.812572 0.545599
vt 0.927333 0.545599
vt 0.812572 0.543539
vt 0.927333 0.543539
vt 0.812572 0.541517
vt 0.927333 0.541517
vt 0.812572 0.539533
vt 0.927333 0.539534
vt 0.812572 0.537588
vt 0.927333 0.537588
vt 0.812572 0.535680
vt 0.927333 0.535680
vt 0.812572 0.533811
vt 0.927333 0.533811
vt 0.812572 0.531979
vt 0.927333 0.531979
vt 0.812572 0.530186
vt 0.927333 0.530186
vt 0.812572 0.528435
vt 0.927333 0.528435
vt 0.812572 0.526731
vt 0.927333 0.526731
vt 0.812572 0.525075
vt 0.927333 0.525075
vt 0.812572 0.523467
vt 0.927333 0.523467
vt 0.292093 0.403004
vt 0.293733 0.403004
vt 0.293733 0.517764
vt 0.292093 0.517764
vt 0.295424 0.403004
vt 0.295424 0.517764
vt 0.297166 0.403004
vt 0.297166 0.517764
vt 0.298960 0.403004
vt 0.298960 0.517764
vt 0.300805 0.403004
vt 0.300805 0.517764
vt 0.302701 0.403004
vt 0.302701 0.517764
vt 0.304649 0.403004
vt 0.304649 0.517764
vt 0.306648 0.403004
vt 0.306648 0.517764
vt 0.308695 0.403004
vt 0.308695 0.517764
vt 0.310785 0.403004
vt 0.310785 0.517764
vt 0.312919 0.403004
vt 0.312919 0.517764
vt 0.315097 0.403004
vt 0.315097 0.517764
vt 0.317318 0.403004
vt 0.317318 0.517764
vt 0.319583 0.403004
vt 0.319583 0.517764
vt 0.321892 0.403004
vt 0.321892 0.517764
vt 0.324245 0.403004
vt 0.324245 0.517764
vt 0.326642 0.403004
vt 0.326642 0.517764
vt 0.329082 0.403004
vt 0.329082 0.517764
vt 0.331566 0.403004
vt 0.331566 0.517764
vt 0.963127 0.517788
vt 0.988265 0.517788
vt 0.988265 0.632549
vt 0.963127 0.632549
vt 0.782583 0.863373
vt 0.784296 0.863373
vt 0.784296 0.978133
vt 0.782583 0.978133
vt 0.785972 0.863373
vt 0.785972 0.978133
vt 0.787613 0.863373
vt 0.787613 0.978133
vt 0.789218 0.863373
vt 0.789218 0.978133
vt 0.790787 0.863373
vt 0.790787 0.978133
vt 0.792320 0.863373
vt 0.792320 0.978133
vt 0.793816 0.863373
vt 0.793816 0.978133
vt 0.795277 0.863373
vt 0.795277 0.978133
vt 0.796702 0.863373
vt 0.796702 0.978133
vt 0.798091 0.863373
vt 0.798091 0.978133
vt 0.799443 0.863373
vt 0.799443 0.978133
vt 0.800760 0.863373
vt 0.800760 0.978133
vt 0.802042 0.863373
vt 0.802042 0.978133
vt 0.803289 0.863373
vt 0.803289 0.978133
vt 0.804503 0.863373
vt 0.804503 0.978133
vt 0.805682 0.863373
vt 0.805682 0.978133
vt 0.806827 0.863373
vt 0.806827 0.978133
vt 0.807938 0.863373
vt 0.807938 0.978133
vt 0.809015 0.863373
vt 0.809015 0.978133
vt 0.812572 0.873232
vt 0.813665 0.873232
vt 0.813665 0.987992
vt 0.812572 0.987992
vt 0.814788 0.873232
vt 0.814788 0.987992
vt 0.815942 0.873232
vt 0.815942 0.987992
vt 0.817125 0.873232
vt 0.817125 0.987992
vt 0.818340 0.873232
vt 0.818340 0.987992
vt 0.819580 0.873232
vt 0.819580 0.987992
vt 0.820844 0.873232
vt 0.820844 0.987992
vt 0.822130 0.873232
vt 0.822130 0.987992
vt 0.823439 0.873232
vt 0.823439 0.987992
vt 0.824771 0.873232
vt 0.824771 0.987992
vt 0.826126 0.873232
vt 0.826126 0.987992
vt 0.827503 0.873232
vt 0.827503 0.987992
vt 0.828903 0.873232
vt 0.828903 0.987992
vt 0.830326 0.873232
vt 0.830326 0.987992
vt 0.831772 0.873232
vt 0.831772 0.987992
vt 0.833241 0.873232
vt 0.833241 0.987992
vt 0.834732 0.873232
vt 0.834732 0.987992
vt 0.836240 0.873232
vt 0.836240 0.987992
vt 0.837760 0.873232
vt 0.837760 0.987992
vt 0.839291 0.873232
vt 0.839291 0.987992
vt 0.840834 0.873232
vt 0.840834 0.987992
vt 0.842388 0.873232
vt 0.842388 0.987992
vt 0.843953 0.873232
vt 0.843953 0.987992
vt 0.845530 0.873232
vt 0.845530 0.987992
vt 0.847118 0.873232
vt 0.847118 0.987992
vt 0.848718 0.873232
vt 0.848718 0.987992
vt 0.850329 0.873232
vt 0.850329 0.987992
vt 0.851951 0.873232
vt 0.851951 0.987992
vt 0.853585 0.873232
vt 0.853585 0.987992
vt 0.856609 0.873232
vt 0.856609 0.987992
vt 0.859581 0.873232
vt 0.859581 0.987992
vt 0.862499 0.873232
vt 0.862499 0.987992
vt 0.865365 0.873232
vt 0.865365 0.987992
vt 0.868177 0.873232
vt 0.868177 0.987992
vt 0.870936 0.873232
vt 0.870936 0.987992
vt 0.873642 0.873232
vt 0.873642 0.987992
vt 0.876295 0.873232
vt 0.876295 0.987992
vt 0.878895 0.873232
vt 0.878895 0.987992
vt 0.881442 0.873232
vt 0.881442 0.987992
vt 0.883935 0.873232
vt 0.883935 0.987992
vt 0.886376 0.873232
vt 0.886376 0.987992
vt 0.888747 0.873232
vt 0.888747 0.987992
vt 0.891033 0.873232
vt 0.891033 0.987992
vt 0.893234 0.873232
vt 0.893234 0.987992
vt 0.895349 0.873232
vt 0.895349 0.987992
vt 0.751913 0.323727
vt 0.751913 0.321663
vt 0.866674 0.321663
vt 0.866674 0.323727
vt 0.751913 0.319486
vt 0.866674 0.319486
vt 0.751913 0.317194
vt 0.866674 0.317194
vt 0.751913 0.314790
vt 0.866674 0.314790
vt 0.751913 0.312271
vt 0.866674 0.312271
vt 0.751913 0.309638
vt 0.866674 0.309638
vt 0.751913 0.306892
vt 0.866674 0.306892
vt 0.751913 0.304032
vt 0.866674 0.304032
vt 0.751913 0.301061
vt 0.866674 0.301061
vt 0.751913 0.297979
vt 0.866674 0.297979
vt 0.751913 0.294788
vt 0.866674 0.294788
vt 0.751913 0.291487
vt 0.866674 0.291487
vt 0.751913 0.288075
vt 0.866674 0.288076
vt 0.751913 0.284554
vt 0.866674 0.284554
vt 0.751913 0.280924
vt 0.866674 0.280924
vt 0.751913 0.277183
vt 0.866674 0.277183
vt 0.751913 0.273332
vt 0.866674 0.273332
vt 0.751913 0.269372
vt 0.866674 0.269372
vt 0.751913 0.265301
vt 0.866674 0.265301
vt 0.751913 0.261121
vt 0.866674 0.261121
vt 0.751913 0.256985
vt 0.866674 0.256985
vt 0.751913 0.252955
vt 0.866674 0.252955
vt 0.751913 0.249031
vt 0.866674 0.249031
vt 0.751913 0.245214
vt 0.866674 0.245214
vt 0.751913 0.241503
vt 0.866674 0.241503
vt 0.751913 0.237899
vt 0.866674 0.237899
vt 0.751913 0.234401
vt 0.866674 0.234401
vt 0.751913 0.231010
vt 0.866674 0.231010
vt 0.751913 0.227725
vt 0.866674 0.227725
vt 0.751913 0.224546
vt 0.866674 0.224546
vt 0.751913 0.221474
vt 0.866674 0.221474
vt 0.751913 0.218509
vt 0.866674 0.218509
vt 0.751913 0.215654
vt 0.866674 0.215654
vt 0.751913 0.212916
vt 0.866674 0.212916
vt 0.751913 0.210293
vt 0.866674 0.210293
vt 0.751913 0.207786
vt 0.866674 0.207787
vt 0.751913 0.205396
vt 0.866674 0.205396
vt 0.751913 0.203121
vt 0.866674 0.203121
vt 0.751913 0.200961
vt 0.866674 0.200961
vt 0.751913 0.198918
vt 0.866674 0.198918
vt 0.911692 0.758471
vt 0.911692 0.873232
vt 0.913895 0.758471
vt 0.913895 0.873232
vt 0.916181 0.758471
vt 0.916181 0.873232
vt 0.918552 0.758471
vt 0.918552 0.873232
vt 0.920988 0.758471
vt 0.920988 0.873232
vt 0.923475 0.758471
vt 0.923475 0.873232
vt 0.926010 0.758471
vt 0.926010 0.873232
vt 0.928595 0.758471
vt 0.928595 0.873232
vt 0.931230 0.758471
vt 0.931230 0.873232
vt 0.933914 0.758471
vt 0.933914 0.873232
vt 0.936648 0.758471
vt 0.936648 0.873232
vt 0.939431 0.758471
vt 0.939431 0.873232
vt 0.942263 0.758471
vt 0.942263 0.873232
vt 0.945145 0.758471
vt 0.945145 0.873232
vt 0.948077 0.758471
vt 0.948077 0.873232
vt 0.951057 0.758471
vt 0.951057 0.873232
vt 0.952691 0.758471
vt 0.952691 0.873232
vt 0.954314 0.758471
vt 0.954314 0.873232
vt 0.955925 0.758471
vt 0.955925 0.873232
vt 0.957524 0.758471
vt 0.957524 0.873232
vt 0.959113 0.758471
vt 0.959113 0.873232
vt 0.960690 0.758471
vt 0.960690 0.873232
vt 0.962255 0.758471
vt 0.962255 0.873232
vt 0.963810 0.758471
vt 0.963810 0.873232
vt 0.965353 0.758471
vt 0.965353 0.873232
vt 0.966884 0.758471
vt 0.966884 0.873232
vt 0.968405 0.758471
vt 0.968405 0.873232
vt 0.969914 0.758471
vt 0.969914 0.873232
vt 0.971406 0.758471
vt 0.971406 0.873232
vt 0.972875 0.758471
vt 0.972875 0.873232
vt 0.974321 0.758471
vt 0.974321 0.873232
vt 0.975745 0.758471
vt 0.975745 0.873232
vt 0.977146 0.758471
vt 0.977146 0.873232
vt 0.978524 0.758471
vt 0.978524 0.873232
vt 0.979880 0.758471
vt 0.979880 0.873232
vt 0.981213 0.758471
vt 0.981213 0.873232
vt 0.982523 0.758471
vt 0.982523 0.873232
vt 0.983810 0.758471
vt 0.983810 0.873232
vt 0.985075 0.758471
vt 0.985075 0.873232
vt 0.986316 0.758471
vt 0.986316 0.873232
vt 0.987532 0.758471
vt 0.987532 0.873232
vt 0.988717 0.758471
vt 0.988717 0.873232
vt 0.989871 0.758471
vt 0.989871 0.873232
vt 0.990996 0.758471
vt 0.990996 0.873232
vt 0.992090 0.758471
vt 0.992090 0.873232
vt 0.963127 0.403028
vt 0.964202 0.403028
vt 0.964202 0.517788
vt 0.963127 0.517788
vt 0.965311 0.403028
vt 0.965311 0.517788
vt 0.966454 0.403028
vt 0.966454 0.517788
vt 0.967632 0.403028
vt 0.967632 0.517788
vt 0.968843 0.403028
vt 0.968843 0.517788
vt 0.970089 0.403028
vt 0.970089 0.517788
vt 0.971369 0.403028
vt 0.971369 0.517788
vt 0.972682 0.403028
vt 0.972682 0.517788
vt 0.974028 0.403028
vt 0.974028 0.517788
vt 0.975406 0.403028
vt 0.975406 0.517788
vt 0.976816 0.403028
vt 0.976816 0.517788
vt 0.978258 0.403028
vt 0.978258 0.517788
vt 0.979733 0.403028
vt 0.979733 0.517788
vt 0.981240 0.403028
vt 0.981240 0.517788
vt 0.982779 0.403028
vt 0.982779 0.517788
vt 0.984351 0.403028
vt 0.984351 0.517788
vt 0.985955 0.403028
vt 0.985955 0.517788
vt 0.987591 0.403028
vt 0.987591 0.517788
vt 0.989259 0.403028
vt 0.989259 0.517788
vt 0.973237 0.643711
vt 0.998375 0.643711
vt 0.998375 0.758471
vt 0.973237 0.758471
vt 0.114760 0.607113
vt 0.117246 0.607113
vt 0.117246 0.721874
vt 0.114760 0.721874
vt 0.119692 0.607113
vt 0.119692 0.721874
vt 0.122098 0.607113
vt 0.122098 0.721874
vt 0.124464 0.607113
vt 0.124464 0.721874
vt 0.126790 0.607113
vt 0.126790 0.721874
vt 0.129077 0.607113
vt 0.129077 0.721874
vt 0.131324 0.607113
vt 0.131324 0.721874
vt 0.133531 0.607113
vt 0.133531 0.721874
vt 0.135699 0.607113
vt 0.135699 0.721874
vt 0.137826 0.607113
vt 0.137826 0.721874
vt 0.139914 0.607113
vt 0.139914 0.721874
vt 0.141963 0.607113
vt 0.141963 0.721874
vt 0.143965 0.607113
vt 0.143965 0.721874
vt 0.145917 0.607113
vt 0.145917 0.721874
vt 0.147817 0.607113
vt 0.147817 0.721874
vt 0.149667 0.607113
vt 0.149667 0.721874
vt 0.151465 0.607113
vt 0.151465 0.721874
vt 0.153212 0.607113
vt 0.153212 0.721874
vt 0.154908 0.607113
vt 0.154908 0.721874
vt 0.156553 0.607113
vt 0.156553 0.721874
vt 0.812572 0.523467
vt 0.812572 0.521847
vt 0.927333 0.521847
vt 0.927333 0.523467
vt 0.812572 0.520176
vt 0.927333 0.520176
vt 0.812572 0.518454
vt 0.927333 0.518454
vt 0.812572 0.516680
vt 0.927333 0.516680
vt 0.812572 0.514863
vt 0.927333 0.514863
vt 0.812572 0.513010
vt 0.927333 0.513010
vt 0.812572 0.511121
vt 0.927333 0.511121
vt 0.812572 0.509195
vt 0.927333 0.509195
vt 0.812572 0.507234
vt 0.927333 0.507234
vt 0.812572 0.505237
vt 0.927333 0.505237
vt 0.812572 0.503203
vt 0.927333 0.503203
vt 0.812572 0.501134
vt 0.927333 0.501134
vt 0.812572 0.499028
vt 0.927333 0.499028
vt 0.812572 0.496887
vt 0.927333 0.496887
vt 0.812572 0.494709
vt 0.927333 0.494709
vt 0.283622 0.831443
vt 0.346467 0.831443
vt 0.346467 0.946203
vt 0.283622 0.946203
vt 0.976830 0.000000
vt 0.999236 0.000000
vt 0.999236 0.114760
vt 0.976830 0.114760
vt 0.697812 0.863373
vt 0.697812 0.712818
vt 0.812572 0.712818
vt 0.812572 0.863373
vt 0.067217 0.885239
vt 0.067217 1.000000
vt 0.910665 0.643711
vt 0.910665 0.758471
vt 0.468291 0.778458
vt 0.468291 0.601946
vt 0.583052 0.601946
vt 0.583052 0.778458
vt 0.583052 0.884791
vt 0.583052 0.999551
vt 0.353531 0.778458
vt 0.353531 0.601946
vt 0.468291 0.601946
vt 0.468291 0.778458
vt 0.468291 0.884869
vt 0.468291 0.881504
vt 0.583052 0.881504
vt 0.583052 0.884869
vt 0.468291 0.878059
vt 0.583052 0.878059
vt 0.468291 0.874535
vt 0.583052 0.874535
vt 0.468291 0.870932
vt 0.583052 0.870932
vt 0.468291 0.867248
vt 0.583052 0.867248
vt 0.468291 0.863485
vt 0.583052 0.863485
vt 0.468291 0.859643
vt 0.583052 0.859643
vt 0.468291 0.855720
vt 0.583052 0.855720
vt 0.468291 0.851718
vt 0.583052 0.851718
vt 0.468291 0.847637
vt 0.583052 0.847637
vt 0.468291 0.843476
vt 0.583052 0.843476
vt 0.468291 0.839235
vt 0.583052 0.839235
vt 0.468291 0.834994
vt 0.583052 0.834994
vt 0.468291 0.830832
vt 0.583052 0.830832
vt 0.468291 0.826751
vt 0.583052 0.826751
vt 0.468291 0.822749
vt 0.583052 0.822749
vt 0.468291 0.818828
vt 0.583052 0.818828
vt 0.468291 0.814985
vt 0.583052 0.814985
vt 0.468291 0.811223
vt 0.583052 0.811223
vt 0.468291 0.807540
vt 0.583052 0.807540
vt 0.468291 0.803937
vt 0.583052 0.803937
vt 0.468291 0.800414
vt 0.583052 0.800414
vt 0.468291 0.796970
vt 0.583052 0.796970
vt 0.468291 0.793607
vt 0.583052 0.793607
vt 0.468291 0.790341
vt 0.583052 0.790341
vt 0.468291 0.787194
vt 0.583052 0.787194
vt 0.468291 0.784164
vt 0.583052 0.784164
vt 0.468291 0.781252
vt 0.583052 0.781252
vt 0.468291 0.778458
vt 0.583052 0.778458
vt 0.697812 0.557923
vt 0.697812 0.555045
vt 0.812572 0.555045
vt 0.812572 0.557923
vt 0.697812 0.552021
vt 0.812572 0.552021
vt 0.697812 0.548850
vt 0.812572 0.548850
vt 0.697812 0.545534
vt 0.812572 0.545534
vt 0.697812 0.542072
vt 0.812572 0.542072
vt 0.697812 0.538464
vt 0.812572 0.538464
vt 0.697812 0.534710
vt 0.812572 0.534710
vt 0.697812 0.530826
vt 0.812572 0.530826
vt 0.697812 0.526828
vt 0.812572 0.526828
vt 0.697812 0.522717
vt 0.812572 0.522717
vt 0.697812 0.518492
vt 0.812572 0.518492
vt 0.697812 0.514153
vt 0.812572 0.514153
vt 0.697812 0.509700
vt 0.812572 0.509700
vt 0.697812 0.505134
vt 0.812572 0.505134
vt 0.697812 0.500454
vt 0.812572 0.500454
vt 0.697812 0.495661
vt 0.812572 0.495661
vt 0.697812 0.490753
vt 0.812572 0.490753
vt 0.697812 0.485732
vt 0.812572 0.485732
vt 0.697812 0.480598
vt 0.812572 0.480598
vt 0.697812 0.475377
vt 0.812572 0.475377
vt 0.697812 0.470279
vt 0.812572 0.470279
vt 0.697812 0.465306
vt 0.812572 0.465306
vt 0.697812 0.460455
vt 0.812572 0.460455
vt 0.697812 0.455728
vt 0.812572 0.455728
vt 0.697812 0.451125
vt 0.812572 0.451125
vt 0.697812 0.446645
vt 0.812572 0.446645
vt 0.697812 0.442288
vt 0.812572 0.442288
vt 0.697812 0.438055
vt 0.812572 0.438055
vt 0.697812 0.433946
vt 0.812572 0.433946
vt 0.697812 0.429960
vt 0.812572 0.429960
vt 0.697812 0.426097
vt 0.812572 0.426097
vt 0.697812 0.422369
vt 0.812572 0.422369
vt 0.697812 0.418784
vt 0.812572 0.418784
vt 0.697812 0.415344
vt 0.812572 0.415344
vt 0.697812 0.412049
vt 0.812572 0.412049
vt 0.697812 0.408897
vt 0.812572 0.408897
vt 0.697812 0.405890
vt 0.812572 0.405890
vt 0.697812 0.403028
vt 0.812572 0.403028
vt 0.168862 0.902159
vt 0.168862 0.899362
vt 0.283622 0.899362
vt 0.283622 0.902159
vt 0.168862 0.896446
vt 0.283622 0.896446
vt 0.168862 0.893413
vt 0.283622 0.893413
vt 0.168862 0.890263
vt 0.283622 0.890263
vt 0.168862 0.886995
vt 0.283622 0.886995
vt 0.168862 0.883629
vt 0.283622 0.883629
vt 0.168862 0.880183
vt 0.283622 0.880183
vt 0.168862 0.876658
vt 0.283622 0.876658
vt 0.168862 0.873053
vt 0.283622 0.873053
vt 0.168862 0.869369
vt 0.283622 0.869369
vt 0.168862 0.865605
vt 0.283622 0.865605
vt 0.168862 0.861761
vt 0.283622 0.861761
vt 0.168862 0.857838
vt 0.283622 0.857838
vt 0.168862 0.853836
vt 0.283622 0.853836
vt 0.168862 0.849754
vt 0.283622 0.849754
vt 0.168862 0.845593
vt 0.283622 0.845593
vt 0.168862 0.841351
vt 0.283622 0.841351
vt 0.168862 0.837111
vt 0.283622 0.837111
vt 0.168862 0.832950
vt 0.283622 0.832950
vt 0.168862 0.828869
vt 0.283622 0.828869
vt 0.168862 0.824867
vt 0.283622 0.824867
vt 0.168862 0.820946
vt 0.283622 0.820946
vt 0.168862 0.817105
vt 0.283622 0.817105
vt 0.168862 0.813343
vt 0.283622 0.813343
vt 0.168862 0.809662
vt 0.283622 0.809662
vt 0.168862 0.806060
vt 0.283622 0.806060
vt 0.168862 0.802538
vt 0.283622 0.802538
vt 0.168862 0.799096
vt 0.283622 0.799096
vt 0.168862 0.795734
vt 0.283622 0.795734
vt 0.168862 0.792471
vt 0.283622 0.792471
vt 0.168862 0.789328
vt 0.283622 0.789328
vt 0.168862 0.786305
vt 0.283622 0.786305
vt 0.168862 0.783402
vt 0.283622 0.783402
vt 0.168862 0.780618
vt 0.283622 0.780618
vt 0.697812 0.709957
vt 0.812572 0.709957
vt 0.697812 0.706952
vt 0.812572 0.706952
vt 0.697812 0.703802
vt 0.812572 0.703802
vt 0.697812 0.700507
vt 0.812572 0.700507
vt 0.697812 0.697069
vt 0.812572 0.697069
vt 0.697812 0.693486
vt 0.812572 0.693486
vt 0.697812 0.689758
vt 0.812572 0.689758
vt 0.697812 0.685897
vt 0.812572 0.685897
vt 0.697812 0.681912
vt 0.812572 0.681912
vt 0.697812 0.677803
vt 0.812572 0.677803
vt 0.697812 0.673571
vt 0.812572 0.673571
vt 0.697812 0.669215
vt 0.812572 0.669215
vt 0.697812 0.664736
vt 0.812572 0.664736
vt 0.697812 0.660133
vt 0.812572 0.660133
vt 0.697812 0.655407
vt 0.812572 0.655407
vt 0.697812 0.650557
vt 0.812572 0.650557
vt 0.697812 0.645583
vt 0.812572 0.645583
vt 0.697812 0.640486
vt 0.812572 0.640486
vt 0.697812 0.635265
vt 0.812572 0.635265
vt 0.697812 0.630130
vt 0.812572 0.630130
vt 0.697812 0.625109
vt 0.812572 0.625109
vt 0.697812 0.620201
vt 0.812572 0.620201
vt 0.697812 0.615407
vt 0.812572 0.615407
vt 0.697812 0.610727
vt 0.812572 0.610727
vt 0.697812 0.606160
vt 0.812572 0.606160
vt 0.697812 0.601707
vt 0.812572 0.601707
vt 0.697812 0.597368
vt 0.812572 0.597368
vt 0.697812 0.593142
vt 0.812572 0.593142
vt 0.697812 0.589030
vt 0.812572 0.589030
vt 0.697812 0.585031
vt 0.812572 0.585031
vt 0.697812 0.581146
vt 0.812572 0.581146
vt 0.697812 0.577391
vt 0.812572 0.577391
vt 0.697812 0.573781
vt 0.812572 0.573781
vt 0.697812 0.570318
vt 0.812572 0.570318
vt 0.697812 0.567000
vt 0.812572 0.567000
vt 0.697812 0.563829
vt 0.812572 0.563829
vt 0.697812 0.560803
vt 0.812572 0.560803
vt 0.697812 0.557923
vt 0.812572 0.557923
vt 0.468291 0.899999
vt 0.468291 0.897212
vt 0.583052 0.897212
vt 0.583052 0.899999
vt 0.468291 0.894306
vt 0.583052 0.894306
vt 0.468291 0.891279
vt 0.583052 0.891279
vt 0.468291 0.888134
vt 0.583052 0.888134
vt 0.706791 0.863373
vt 0.709228 0.863373
vt 0.709228 0.978133
vt 0.706791 0.978133
vt 0.711714 0.863373
vt 0.711714 0.978133
vt 0.714250 0.863373
vt 0.714250 0.978133
vt 0.716835 0.863373
vt 0.716835 0.978133
vt 0.719470 0.863373
vt 0.719470 0.978133
vt 0.722154 0.863373
vt 0.722154 0.978133
vt 0.724887 0.863373
vt 0.724887 0.978133
vt 0.727670 0.863373
vt 0.727670 0.978133
vt 0.730503 0.863373
vt 0.730503 0.978133
vt 0.733385 0.863373
vt 0.733385 0.978133
vt 0.736316 0.863373
vt 0.736316 0.978133
vt 0.739297 0.863373
vt 0.739297 0.978133
vt 0.742235 0.863373
vt 0.742235 0.978133
vt 0.745127 0.863373
vt 0.745127 0.978133
vt 0.747973 0.863373
vt 0.747973 0.978133
vt 0.750775 0.863373
vt 0.750775 0.978133
vt 0.753530 0.863373
vt 0.753530 0.978133
vt 0.756241 0.863373
vt 0.756241 0.978133
vt 0.758906 0.863373
vt 0.758906 0.978133
vt 0.761525 0.863373
vt 0.761525 0.978133
vt 0.764099 0.863373
vt 0.764099 0.978133
vt 0.766628 0.863373
vt 0.766628 0.978133
vt 0.769111 0.863373
vt 0.769111 0.978133
vt 0.771549 0.863373
vt 0.771549 0.978133
vt 0.773922 0.863373
vt 0.773922 0.978133
vt 0.776212 0.863373
vt 0.776212 0.978133
vt 0.778419 0.863373
vt 0.778419 0.978133
vt 0.780543 0.863373
vt 0.780543 0.978133
vt 0.583052 0.882632
vt 0.697812 0.882632
vt 0.697812 0.884791
vt 0.583052 0.880354
vt 0.697812 0.880354
vt 0.583052 0.877957
vt 0.697812 0.877957
vt 0.583052 0.875439
vt 0.697812 0.875439
vt 0.583052 0.872802
vt 0.697812 0.872802
vt 0.583052 0.870046
vt 0.697812 0.870046
vt 0.583052 0.867170
vt 0.697812 0.867170
vt 0.583052 0.864181
vt 0.697812 0.864181
vt 0.583052 0.861089
vt 0.697812 0.861089
vt 0.583052 0.857892
vt 0.697812 0.857892
vt 0.583052 0.854590
vt 0.697812 0.854590
vt 0.583052 0.851184
vt 0.697812 0.851184
vt 0.583052 0.847673
vt 0.697812 0.847673
vt 0.583052 0.844058
vt 0.697812 0.844058
vt 0.583052 0.840339
vt 0.697812 0.840339
vt 0.583052 0.836515
vt 0.697812 0.836515
vt 0.583052 0.832586
vt 0.697812 0.832586
vt 0.583052 0.828553
vt 0.697812 0.828553
vt 0.583052 0.824416
vt 0.697812 0.824416
vt 0.583052 0.820191
vt 0.697812 0.820191
vt 0.583052 0.816078
vt 0.697812 0.816078
vt 0.583052 0.812077
vt 0.697812 0.812077
vt 0.583052 0.808187
vt 0.697812 0.808188
vt 0.583052 0.804410
vt 0.697812 0.804410
vt 0.583052 0.800744
vt 0.697812 0.800744
vt 0.583052 0.797191
vt 0.697812 0.797191
vt 0.583052 0.793749
vt 0.697812 0.793749
vt 0.583052 0.790419
vt 0.697812 0.790419
vt 0.583052 0.787200
vt 0.697812 0.787200
vt 0.583052 0.784094
vt 0.697812 0.784094
vt 0.583052 0.781099
vt 0.697812 0.781099
vt 0.583052 0.778220
vt 0.697812 0.778220
vt 0.583052 0.775461
vt 0.697812 0.775461
vt 0.583052 0.772821
vt 0.697812 0.772821
vt 0.583052 0.770300
vt 0.697812 0.770300
vt 0.583052 0.767899
vt 0.697812 0.767899
vt 0.583052 0.765618
vt 0.697812 0.765618
vt 0.583052 0.763456
vt 0.697812 0.763456
vt 0.583052 0.761413
vt 0.697812 0.761413
vt 0.895349 0.873232
vt 0.897470 0.873232
vt 0.897470 0.987992
vt 0.895349 0.987992
vt 0.899674 0.873232
vt 0.899674 0.987992
vt 0.901962 0.873232
vt 0.901962 0.987992
vt 0.904334 0.873232
vt 0.904334 0.987992
vt 0.906770 0.873232
vt 0.906770 0.987992
vt 0.909251 0.873232
vt 0.909251 0.987992
vt 0.911778 0.873232
vt 0.911778 0.987992
vt 0.914351 0.873232
vt 0.914351 0.987992
vt 0.916969 0.873232
vt 0.916969 0.987992
vt 0.919633 0.873232
vt 0.919633 0.987992
vt 0.922343 0.873232
vt 0.922343 0.987992
vt 0.925098 0.873232
vt 0.925098 0.987992
vt 0.927898 0.873232
vt 0.927898 0.987992
vt 0.930745 0.873232
vt 0.930745 0.987992
vt 0.933636 0.873232
vt 0.933636 0.987992
vt 0.936574 0.873232
vt 0.936574 0.987992
vt 0.939555 0.873232
vt 0.939555 0.987992
vt 0.942486 0.873232
vt 0.942486 0.987992
vt 0.945369 0.873232
vt 0.945369 0.987992
vt 0.948202 0.873232
vt 0.948202 0.987992
vt 0.950985 0.873232
vt 0.950985 0.987992
vt 0.953720 0.873232
vt 0.953720 0.987992
vt 0.956405 0.873232
vt 0.956405 0.987992
vt 0.959041 0.873232
vt 0.959041 0.987992
vt 0.961627 0.873232
vt 0.961627 0.987992
vt 0.964165 0.873232
vt 0.964165 0.987992
vt 0.966653 0.873232
vt 0.966653 0.987992
vt 0.969091 0.873232
vt 0.969091 0.987992
vt 0.971464 0.873232
vt 0.971464 0.987992
vt 0.973752 0.873232
vt 0.973752 0.987992
vt 0.975958 0.873232
vt 0.975958 0.987992
vt 0.749495 0.125219
vt 0.749495 0.123170
vt 0.864255 0.123170
vt 0.864255 0.125219
vt 0.749495 0.121004
vt 0.864255 0.121004
vt 0.749495 0.118724
vt 0.864255 0.118724
vt 0.749495 0.116327
vt 0.864255 0.116327
vt 0.749495 0.113815
vt 0.864255 0.113815
vt 0.749495 0.111187
vt 0.864255 0.111187
vt 0.749495 0.108444
vt 0.864255 0.108444
vt 0.749495 0.105585
vt 0.864255 0.105585
vt 0.749495 0.102612
vt 0.864255 0.102612
vt 0.749495 0.099524
vt 0.864255 0.099524
vt 0.749495 0.096323
vt 0.864255 0.096323
vt 0.749495 0.093009
vt 0.864255 0.093009
vt 0.749495 0.089581
vt 0.864255 0.089581
vt 0.749495 0.086039
vt 0.864255 0.086039
vt 0.749495 0.082383
vt 0.864255 0.082383
vt 0.749495 0.078614
vt 0.864255 0.078614
vt 0.749495 0.074731
vt 0.864255 0.074731
vt 0.749495 0.070734
vt 0.864255 0.070734
vt 0.749495 0.066624
vt 0.864255 0.066624
vt 0.749495 0.062400
vt 0.864255 0.062400
vt 0.749495 0.058263
vt 0.864255 0.058263
vt 0.749495 0.054230
vt 0.864255 0.054230
vt 0.749495 0.050302
vt 0.864255 0.050302
vt 0.749495 0.046478
vt 0.864255 0.046478
vt 0.749495 0.042759
vt 0.864255 0.042759
vt 0.749495 0.039144
vt 0.864255 0.039144
vt 0.749495 0.035634
vt 0.864255 0.035634
vt 0.749495 0.032228
vt 0.864255 0.032228
vt 0.749495 0.028927
vt 0.864255 0.028927
vt 0.749495 0.025731
vt 0.864255 0.025731
vt 0.749495 0.022639
vt 0.864255 0.022639
vt 0.749495 0.019651
vt 0.864255 0.019651
vt 0.749495 0.016776
vt 0.864255 0.016776
vt 0.749495 0.014021
vt 0.864255 0.014021
vt 0.749495 0.011385
vt 0.864255 0.011385
vt 0.749495 0.008868
vt 0.864255 0.008868
vt 0.749495 0.006472
vt 0.864255 0.006472
vt 0.749495 0.004195
vt 0.864255 0.004195
vt 0.749495 0.002038
vt 0.864255 0.002038
vt 0.749495 -0.000000
vt 0.864255 0.000000
vt 0.697812 0.863373
vt 0.699931 0.863373
vt 0.699931 0.978133
vt 0.697812 0.978133
vt 0.702134 0.863373
vt 0.702134 0.978133
vt 0.704421 0.863373
vt 0.704421 0.978133
s 0
f 1044/829/247 1046/830/247 1045/831/247
f 1044/829/247 1047/832/247 1046/830/247
f 1043/833/247 1047/832/247 1044/829/247
f 1043/833/247 1048/834/247 1047/832/247
f 1042/835/247 1048/834/247 1043/833/247
f 1042/835/247 1049/836/247 1048/834/247
f 1041/837/247 1049/836/247 1042/835/247
f 1041/837/247 1050/838/247 1049/836/247
f 1040/839/247 1050/838/247 1041/837/247
f 1040/839/247 1051/840/247 1050/838/247
f 1039/841/247 1051/840/247 1040/839/247
f 1039/841/247 1052/842/247 1051/840/247
f 1038/843/247 1052/842/247 1039/841/247
f 1038/843/247 1053/844/247 1052/842/247
f 1037/845/247 1053/844/247 1038/843/247
f 1037/845/247 1054/846/247 1053/844/247
f 1036/847/247 1054/846/247 1037/845/247
f 1036/847/247 1055/848/247 1054/846/247
f 1035/849/247 1055/848/247 1036/847/247
f 1035/849/247 1056/850/247 1055/848/247
f 1034/851/247 1056/850/247 1035/849/247
f 1034/851/247 1057/852/247 1056/850/247
f 1033/853/247 1057/852/247 1034/851/247
f 1032/854/247 1057/852/247 1033/853/247
f 1032/854/247 1058/855/247 1057/852/247
f 1031/856/247 1058/855/247 1032/854/247
f 1031/856/247 1059/857/247 1058/855/247
f 1030/858/247 1059/857/247 1031/856/247
f 1030/858/247 1060/859/247 1059/857/247
f 1029/860/247 1060/859/247 1030/858/247
f 1029/860/247 1061/861/247 1060/859/247
f 1028/862/247 1061/861/247 1029/860/247
f 1028/862/247 1190/863/247 1061/861/247
f 1190/863/247 1189/864/247 1061/861/247
f 1189/864/247 1188/865/247 1061/861/247
f 1188/865/247 1062/866/247 1061/861/247
f 1187/867/247 1062/866/247 1188/865/247
f 1028/862/247 1191/868/247 1190/863/247
f 1186/869/247 1062/866/247 1187/867/247
f 1028/862/247 1192/870/247 1191/868/247
f 1185/871/247 1062/866/247 1186/869/247
f 1028/862/247 1193/872/247 1192/870/247
f 1184/873/247 1062/866/247 1185/871/247
f 1028/862/247 1194/874/247 1193/872/247
f 1027/875/247 1194/874/247 1028/862/247
f 1184/873/247 1063/876/247 1062/866/247
f 1183/877/247 1063/876/247 1184/873/247
f 1027/875/247 1195/878/247 1194/874/247
f 1182/879/247 1063/876/247 1183/877/247
f 1027/875/247 1196/880/247 1195/878/247
f 1181/881/247 1063/876/247 1182/879/247
f 1027/875/247 1197/882/247 1196/880/247
f 1180/883/247 1063/876/247 1181/881/247
f 1027/875/247 1198/884/247 1197/882/247
f 1026/885/247 1198/884/247 1027/875/247
f 1180/883/247 1064/886/247 1063/876/247
f 1179/887/247 1064/886/247 1180/883/247
f 1026/885/247 1199/888/247 1198/884/247
f 1178/889/247 1064/886/247 1179/887/247
f 1026/885/247 1200/890/247 1199/888/247
f 1025/891/247 1200/890/247 1026/885/247
f 1178/889/247 1065/892/247 1064/886/247
f 1177/893/247 1065/892/247 1178/889/247
f 1025/891/247 1201/894/247 1200/890/247
f 1176/895/247 1065/892/247 1177/893/247
f 1025/891/247 1202/896/247 1201/894/247
f 1024/897/247 1202/896/247 1025/891/247
f 1176/895/247 1066/898/247 1065/892/247
f 1175/899/247 1066/898/247 1176/895/247
f 1024/897/247 1203/900/247 1202/896/247
f 1174/901/247 1066/898/247 1175/899/247
f 1024/897/247 1204/902/247 1203/900/247
f 1023/903/247 1204/902/247 1024/897/247
f 1174/901/247 1067/904/247 1066/898/247
f 1173/905/247 1067/904/247 1174/901/247
f 1023/903/247 1205/906/247 1204/902/247
f 1172/907/247 1067/904/247 1173/905/247
f 1023/903/247 1206/908/247 1205/906/247
f 1022/909/247 1206/908/247 1023/903/247
f 1172/907/247 1068/910/247 1067/904/247
f 1171/911/247 1068/910/247 1172/907/247
f 1022/909/247 1207/912/247 1206/908/247
f 1170/913/247 1068/910/247 1171/911/247
f 1022/909/247 1208/914/247 1207/912/247
f 1021/915/247 1208/914/247 1022/909/247
f 1170/913/247 1069/916/247 1068/910/247
f 1169/917/247 1069/916/247 1170/913/247
f 1021/915/247 1209/918/247 1208/914/247
f 1020/919/247 1209/918/247 1021/915/247
f 1169/917/247 1070/920/247 1069/916/247
f 1168/921/247 1070/920/247 1169/917/247
f 1020/919/247 1210/922/247 1209/918/247
f 1167/923/247 1070/920/247 1168/921/247
f 1020/919/247 1211/924/247 1210/922/247
f 1019/925/247 1211/924/247 1020/919/247
f 1167/923/247 1071/926/247 1070/920/247
f 1166/927/247 1071/926/247 1167/923/247
f 1019/925/247 1212/928/247 1211/924/247
f 1018/929/247 1212/928/247 1019/925/247
f 1166/927/247 1072/930/247 1071/926/247
f 1165/931/247 1072/930/247 1166/927/247
f 1018/929/247 1213/932/247 1212/928/247
f 1164/933/247 1072/930/247 1165/931/247
f 1018/929/247 1214/934/247 1213/932/247
f 1017/935/247 1214/934/247 1018/929/247
f 1164/933/247 1073/936/247 1072/930/247
f 1163/937/247 1073/936/247 1164/933/247
f 1017/935/247 1215/938/247 1214/934/247
f 1016/939/247 1215/938/247 1017/935/247
f 1163/937/247 1074/940/247 1073/936/247
f 1162/941/247 1074/940/247 1163/937/247
f 1016/939/247 1216/942/247 1215/938/247
f 1161/943/247 1074/940/247 1162/941/247
f 1015/944/247 1216/942/247 1016/939/247
f 1161/943/247 1075/945/247 1074/940/247
f 1015/944/247 1217/946/247 1216/942/247
f 1160/947/247 1075/945/247 1161/943/247
f 1015/944/247 1218/948/247 1217/946/247
f 1160/947/247 1076/949/247 1075/945/247
f 1014/950/247 1218/948/247 1015/944/247
f 1159/951/247 1076/949/247 1160/947/247
f 1014/950/247 1219/952/247 1218/948/247
f 1159/951/247 1077/953/247 1076/949/247
f 1013/954/247 1219/952/247 1014/950/247
f 1158/955/247 1077/953/247 1159/951/247
f 1013/954/247 1220/956/247 1219/952/247
f 1158/955/247 1078/957/247 1077/953/247
f 1012/958/247 1220/956/247 1013/954/247
f 1157/959/247 1078/957/247 1158/955/247
f 1012/958/247 1221/960/247 1220/956/247
f 1156/961/247 1078/957/247 1157/959/247
f 1012/958/247 1222/962/247 1221/960/247
f 1156/961/247 1079/963/247 1078/957/247
f 1011/964/247 1222/962/247 1012/958/247
f 1155/965/247 1079/963/247 1156/961/247
f 1011/964/247 1223/966/247 1222/962/247
f 1155/965/247 1080/967/247 1079/963/247
f 1010/968/247 1223/966/247 1011/964/247
f 1154/969/247 1080/967/247 1155/965/247
f 1010/968/247 1224/970/247 1223/966/247
f 1154/969/247 1081/971/247 1080/967/247
f 1009/972/247 1224/970/247 1010/968/247
f 1153/973/247 1081/971/247 1154/969/247
f 1009/972/247 1225/974/247 1224/970/247
f 1008/975/247 1225/974/247 1009/972/247
f 1008/975/247 1226/976/247 1225/974/247
f 1152/977/247 1081/971/247 1153/973/247
f 1152/977/247 1082/978/247 1081/971/247
f 1151/979/247 1082/978/247 1152/977/247
f 1008/975/247 1227/980/247 1226/976/247
f 1007/981/247 1227/980/247 1008/975/247
f 1151/979/247 1083/982/247 1082/978/247
f 1150/983/247 1083/982/247 1151/979/247
f 1007/981/247 1228/984/247 1227/980/247
f 1006/985/247 1228/984/247 1007/981/247
f 1150/983/247 1084/986/247 1083/982/247
f 1006/985/247 1229/987/247 1228/984/247
f 1149/988/247 1084/986/247 1150/983/247
f 1005/989/247 1229/987/247 1006/985/247
f 1149/988/247 1085/990/247 1084/986/247
f 1005/989/247 1230/991/247 1229/987/247
f 1148/992/247 1085/990/247 1149/988/247
f 1005/989/247 1231/993/247 1230/991/247
f 1147/994/247 1085/990/247 1148/992/247
f 1004/995/247 1231/993/247 1005/989/247
f 1147/994/247 1086/996/247 1085/990/247
f 1004/995/247 1232/997/247 1231/993/247
f 1146/998/247 1086/996/247 1147/994/247
f 1003/999/247 1232/997/247 1004/995/247
f 1146/998/247 1087/1000/247 1086/996/247
f 1003/999/247 1233/1001/247 1232/997/247
f 1145/1002/247 1087/1000/247 1146/998/247
f 1002/1003/247 1233/1001/247 1003/999/247
f 1145/1002/247 1088/1004/247 1087/1000/247
f 1002/1003/247 1234/1005/247 1233/1001/247
f 1144/1006/247 1088/1004/247 1145/1002/247
f 1002/1003/247 1235/1007/247 1234/1005/247
f 1143/1008/247 1088/1004/247 1144/1006/247
f 1001/1009/247 1235/1007/247 1002/1003/247
f 1143/1008/247 1089/1010/247 1088/1004/247
f 1001/1009/247 1236/1011/247 1235/1007/247
f 1142/1012/247 1089/1010/247 1143/1008/247
f 1000/1013/247 1236/1011/247 1001/1009/247
f 1142/1012/247 1090/1014/247 1089/1010/247
f 1000/1013/247 1237/1015/247 1236/1011/247
f 1141/1016/247 1090/1014/247 1142/1012/247
f 999/1017/247 1237/1015/247 1000/1013/247
f 1141/1016/247 1091/1018/247 1090/1014/247
f 999/1017/247 1238/1019/247 1237/1015/247
f 1140/1020/247 1091/1018/247 1141/1016/247
f 999/1017/247 1239/1021/247 1238/1019/247
f 1139/1022/247 1091/1018/247 1140/1020/247
f 998/1023/247 1239/1021/247 999/1017/247
f 1139/1022/247 1092/1024/247 1091/1018/247
f 998/1023/247 1240/1025/247 1239/1021/247
f 1138/1026/247 1092/1024/247 1139/1022/247
f 997/1027/247 1240/1025/247 998/1023/247
f 1138/1026/247 1093/1028/247 1092/1024/247
f 997/1027/247 1241/1029/247 1240/1025/247
f 1137/1030/247 1093/1028/247 1138/1026/247
f 997/1027/247 1242/1031/247 1241/1029/247
f 1136/1032/247 1093/1028/247 1137/1030/247
f 996/1033/247 1242/1031/247 997/1027/247
f 1136/1032/247 1094/1034/247 1093/1028/247
f 996/1033/247 1243/1035/247 1242/1031/247
f 1135/1036/247 1094/1034/247 1136/1032/247
f 995/1037/247 1243/1035/247 996/1033/247
f 1135/1036/247 1095/1038/247 1094/1034/247
f 995/1037/247 1244/1039/247 1243/1035/247
f 1134/1040/247 1095/1038/247 1135/1036/247
f 995/1037/247 1245/1041/247 1244/1039/247
f 1133/1042/247 1095/1038/247 1134/1040/247
f 994/1043/247 1245/1041/247 995/1037/247
f 1133/1042/247 1096/1044/247 1095/1038/247
f 994/1043/247 1246/1045/247 1245/1041/247
f 1132/1046/247 1096/1044/247 1133/1042/247
f 994/1043/247 1247/1047/247 1246/1045/247
f 1131/1048/247 1096/1044/247 1132/1046/247
f 993/1049/247 1247/1047/247 994/1043/247
f 1131/1048/247 1097/1050/247 1096/1044/247
f 993/1049/247 1248/1051/247 1247/1047/247
f 1130/1052/247 1097/1050/247 1131/1048/247
f 993/1049/247 1105/1053/247 1248/1051/247
f 1129/1054/247 1097/1050/247 1130/1052/247
f 992/1055/247 1105/1053/247 993/1049/247
f 1129/1054/247 1098/1056/247 1097/1050/247
f 992/1055/247 1106/1057/247 1105/1053/247
f 1128/1058/247 1098/1056/247 1129/1054/247
f 992/1055/247 1107/1059/247 1106/1057/247
f 1127/1060/247 1098/1056/247 1128/1058/247
f 991/1061/247 1107/1059/247 992/1055/247
f 1127/1060/247 1099/1062/247 1098/1056/247
f 991/1061/247 1108/1063/247 1107/1059/247
f 1126/1064/247 1099/1062/247 1127/1060/247
f 991/1061/247 1109/1065/247 1108/1063/247
f 1125/1066/247 1099/1062/247 1126/1064/247
f 991/1061/247 1110/1067/247 1109/1065/247
f 1124/1068/247 1099/1062/247 1125/1066/247
f 990/1069/247 1110/1067/247 991/1061/247
f 1124/1068/247 1100/1070/247 1099/1062/247
f 990/1069/247 1111/1071/247 1110/1067/247
f 1123/1072/247 1100/1070/247 1124/1068/247
f 990/1069/247 1112/1073/247 1111/1071/247
f 1122/1074/247 1100/1070/247 1123/1072/247
f 990/1069/247 1113/1075/247 1112/1073/247
f 1121/1076/247 1100/1070/247 1122/1074/247
f 989/1077/247 1113/1075/247 990/1069/247
f 1121/1076/247 1101/1078/247 1100/1070/247
f 989/1077/247 1114/1079/247 1113/1075/247
f 1120/1080/247 1101/1078/247 1121/1076/247
f 989/1077/247 1115/1081/247 1114/1079/247
f 1119/1082/247 1101/1078/247 1120/1080/247
f 989/1077/247 1116/1083/247 1115/1081/247
f 1118/1084/247 1101/1078/247 1119/1082/247
f 989/1077/247 1117/1085/247 1116/1083/247
f 1117/1085/247 1101/1078/247 1118/1084/247
f 989/1077/247 1101/1078/247 1117/1085/247
f 988/1086/247 1101/1078/247 989/1077/247
f 988/1086/247 1102/1087/247 1101/1078/247
f 988/1086/247 1103/1088/247 1102/1087/247
f 987/1089/247 1103/1088/247 988/1086/247
f 987/1089/247 1104/1090/247 1103/1088/247
f 986/1091/247 1104/1090/247 987/1089/247
f 986/1091/247 961/1092/247 1104/1090/247
f 985/1093/247 961/1092/247 986/1091/247
f 984/1094/247 961/1092/247 985/1093/247
f 984/1094/247 962/1095/247 961/1092/247
f 983/1096/247 962/1095/247 984/1094/247
f 983/1096/247 963/1097/247 962/1095/247
f 982/1098/247 963/1097/247 983/1096/247
f 982/1098/247 964/1099/247 963/1097/247
f 981/1100/247 964/1099/247 982/1098/247
f 981/1100/247 965/1101/247 964/1099/247
f 980/1102/247 965/1101/247 981/1100/247
f 980/1102/247 966/1103/247 965/1101/247
f 979/1104/247 966/1103/247 980/1102/247
f 979/1104/247 967/1105/247 966/1103/247
f 978/1106/247 967/1105/247 979/1104/247
f 978/1106/247 968/1107/247 967/1105/247
f 977/1108/247 968/1107/247 978/1106/247
f 977/1108/247 969/1109/247 968/1107/247
f 976/1110/247 969/1109/247 977/1108/247
f 976/1110/247 970/1111/247 969/1109/247
f 975/1112/247 970/1111/247 976/1110/247
f 975/1112/247 971/1113/247 970/1111/247
f 974/1114/247 971/1113/247 975/1112/247
f 974/1114/247 972/1115/247 971/1113/247
f 973/1116/247 972/1115/247 974/1114/247
f 1250/1117/247 1252/1118/247 1251/1119/247
f 1250/1117/247 1253/1120/247 1252/1118/247
f 1249/1121/247 1253/1122/247 1250/1123/247
f 1256/1124/247 1254/1125/247 1249/1126/247
f 1254/1127/248 1253/1122/248 1249/1121/248
f 1256/1124/247 1255/1128/247 1254/1125/247
f 1340/1129/247 1342/1130/247 1341/1131/247
f 1340/1129/247 1343/1132/247 1342/1130/247
f 1339/1133/247 1343/1132/247 1340/1129/247
f 1339/1133/247 1344/1134/247 1343/1132/247
f 1339/1133/247 1345/1135/247 1344/1134/247
f 1338/1136/247 1345/1135/247 1339/1133/247
f 1338/1136/247 1346/1137/247 1345/1135/247
f 1338/1136/247 1347/1138/247 1346/1137/247
f 1337/1139/247 1347/1138/247 1338/1136/247
f 1337/1139/247 1348/1140/247 1347/1138/247
f 1336/1141/247 1348/1140/247 1337/1139/247
f 1336/1141/247 1349/1142/247 1348/1140/247
f 1336/1141/247 1350/1143/247 1349/1142/247
f 1335/1144/247 1350/1143/247 1336/1141/247
f 1335/1144/247 1351/1145/247 1350/1143/247
f 1335/1144/247 1352/1146/247 1351/1145/247
f 1334/1147/247 1352/1146/247 1335/1144/247
f 1334/1147/247 1353/1148/247 1352/1146/247
f 1333/1149/247 1353/1148/247 1334/1147/247
f 1333/1149/247 1354/1150/247 1353/1148/247
f 1333/1149/247 1355/1151/247 1354/1150/247
f 1332/1152/247 1355/1151/247 1333/1149/247
f 1332/1152/247 1356/1153/247 1355/1151/247
f 1332/1152/247 1357/1154/247 1356/1153/247
f 1331/1155/247 1357/1154/247 1332/1152/247
f 1331/1155/247 1358/1156/247 1357/1154/247
f 1330/1157/247 1358/1156/247 1331/1155/247
f 1330/1157/247 1359/1158/247 1358/1156/247
f 1330/1157/247 1360/1159/247 1359/1158/247
f 1329/1160/247 1360/1159/247 1330/1157/247
f 1329/1160/247 1361/1161/247 1360/1159/247
f 1329/1160/247 1362/1162/247 1361/1161/247
f 1328/1163/247 1362/1162/247 1329/1160/247
f 1328/1163/247 1363/1164/247 1362/1162/247
f 1328/1163/247 1364/1165/247 1363/1164/247
f 1327/1166/247 1364/1165/247 1328/1163/247
f 1327/1166/247 1365/1167/247 1364/1165/247
f 1326/1168/247 1365/1167/247 1327/1166/247
f 1326/1168/247 1366/1169/247 1365/1167/247
f 1326/1168/247 1367/1170/247 1366/1169/247
f 1325/1171/247 1367/1170/247 1326/1168/247
f 1325/1171/247 1368/1172/247 1367/1170/247
f 1325/1171/247 1369/1173/247 1368/1172/247
f 1324/1174/247 1439/1175/247 1325/1171/247
f 1439/1175/247 1438/1176/247 1325/1171/247
f 1438/1176/247 1369/1173/247 1325/1171/247
f 1437/1177/247 1369/1173/247 1438/1176/247
f 1436/1178/247 1369/1173/247 1437/1177/247
f 1436/1178/247 1370/1179/247 1369/1173/247
f 1324/1174/247 1440/1180/247 1439/1175/247
f 1435/1181/247 1370/1179/247 1436/1178/247
f 1434/1182/247 1370/1179/247 1435/1181/247
f 1324/1174/247 1441/1183/247 1440/1180/247
f 1433/1184/247 1370/1179/247 1434/1182/247
f 1432/1185/247 1370/1179/247 1433/1184/247
f 1324/1174/247 1442/1186/247 1441/1183/247
f 1431/1187/247 1370/1179/247 1432/1185/247
f 1430/1188/247 1370/1179/247 1431/1187/247
f 1324/1174/247 1443/1189/247 1442/1186/247
f 1429/1190/247 1370/1179/247 1430/1188/247
f 1323/1191/247 1443/1189/247 1324/1174/247
f 1428/1192/247 1370/1179/247 1429/1190/247
f 1323/1191/247 1444/1193/247 1443/1189/247
f 1428/1192/247 1371/1194/247 1370/1179/247
f 1427/1195/247 1371/1194/247 1428/1192/247
f 1426/1196/247 1371/1194/247 1427/1195/247
f 1323/1191/247 1445/1197/247 1444/1193/247
f 1425/1198/247 1371/1194/247 1426/1196/247
f 1323/1191/247 1446/1199/247 1445/1197/247
f 1424/1200/247 1371/1194/247 1425/1198/247
f 1424/1200/247 1372/1201/247 1371/1194/247
f 1423/1202/247 1372/1201/247 1424/1200/247
f 1323/1191/247 1447/1203/247 1446/1199/247
f 1322/1204/247 1447/1203/247 1323/1191/247
f 1422/1205/247 1372/1201/247 1423/1202/247
f 1421/1206/247 1372/1201/247 1422/1205/247
f 1421/1206/247 1373/1207/247 1372/1201/247
f 1322/1204/247 1448/1208/247 1447/1203/247
f 1420/1209/247 1373/1207/247 1421/1206/247
f 1419/1210/247 1373/1207/247 1420/1209/247
f 1322/1204/247 1449/1211/247 1448/1208/247
f 1418/1212/247 1373/1207/247 1419/1210/247
f 1418/1212/247 1374/1213/247 1373/1207/247
f 1321/1214/247 1449/1211/247 1322/1204/247
f 1417/1215/247 1374/1213/247 1418/1212/247
f 1321/1214/247 1450/1216/247 1449/1211/247
f 1416/1217/247 1374/1213/247 1417/1215/247
f 1416/1217/247 1375/1218/247 1374/1213/247
f 1415/1219/247 1375/1218/247 1416/1217/247
f 1321/1214/247 1451/1220/247 1450/1216/247
f 1414/1221/247 1375/1218/247 1415/1219/247
f 1320/1222/247 1451/1220/247 1321/1214/247
f 1414/1221/247 1376/1223/247 1375/1218/247
f 1413/1224/247 1376/1223/247 1414/1221/247
f 1320/1222/247 1452/1225/247 1451/1220/247
f 1412/1226/247 1376/1223/247 1413/1224/247
f 1320/1222/247 1453/1227/247 1452/1225/247
f 1412/1226/247 1377/1228/247 1376/1223/247
f 1411/1229/247 1377/1228/247 1412/1226/247
f 1410/1230/247 1377/1228/247 1411/1229/247
f 1319/1231/247 1453/1227/247 1320/1222/247
f 1319/1231/247 1454/1232/247 1453/1227/247
f 1409/1233/247 1377/1228/247 1410/1230/247
f 1409/1233/247 1378/1234/247 1377/1228/247
f 1408/1235/247 1378/1234/247 1409/1233/247
f 1319/1231/247 1455/1236/247 1454/1232/247
f 1408/1235/247 1379/1237/247 1378/1234/247
f 1407/1238/247 1379/1237/247 1408/1235/247
f 1318/1239/247 1455/1236/247 1319/1231/247
f 1406/1240/247 1379/1237/247 1407/1238/247
f 1318/1239/247 1456/1241/247 1455/1236/247
f 1406/1240/247 1380/1242/247 1379/1237/247
f 1405/1243/247 1380/1242/247 1406/1240/247
f 1404/1244/247 1380/1242/247 1405/1243/247
f 1318/1239/247 1457/1245/247 1456/1241/247
f 1317/1246/247 1457/1245/247 1318/1239/247
f 1404/1244/247 1381/1247/247 1380/1242/247
f 1403/1248/247 1381/1247/247 1404/1244/247
f 1402/1249/247 1381/1247/247 1403/1248/247
f 1317/1246/247 1458/1250/247 1457/1245/247
f 1402/1249/247 1382/1251/247 1381/1247/247
f 1401/1252/247 1382/1251/247 1402/1249/247
f 1316/1253/247 1458/1250/247 1317/1246/247
f 1400/1254/247 1382/1251/247 1401/1252/247
f 1400/1254/247 1383/1255/247 1382/1251/247
f 1316/1253/247 1459/1256/247 1458/1250/247
f 1399/1257/247 1383/1255/247 1400/1254/247
f 1399/1257/247 1384/1258/247 1383/1255/247
f 1316/1253/247 1460/1259/247 1459/1256/247
f 1398/1260/247 1384/1258/247 1399/1257/247
f 1315/1261/247 1460/1259/247 1316/1253/247
f 1397/1262/247 1384/1258/247 1398/1260/247
f 1397/1262/247 1385/1263/247 1384/1258/247
f 1315/1261/247 1461/1264/247 1460/1259/247
f 1396/1265/247 1385/1263/247 1397/1262/247
f 1396/1265/247 1386/1266/247 1385/1263/247
f 1314/1267/247 1461/1264/247 1315/1261/247
f 1395/1268/247 1386/1266/247 1396/1265/247
f 1314/1267/247 1462/1269/247 1461/1264/247
f 1394/1270/247 1386/1266/247 1395/1268/247
f 1394/1270/247 1387/1271/247 1386/1266/247
f 1393/1272/247 1387/1271/247 1394/1270/247
f 1314/1267/247 1463/1273/247 1462/1269/247
f 1313/1274/247 1463/1273/247 1314/1267/247
f 1392/1275/247 1387/1271/247 1393/1272/247
f 1392/1275/247 1388/1276/247 1387/1271/247
f 1391/1277/247 1388/1276/247 1392/1275/247
f 1313/1274/247 1464/1278/247 1463/1273/247
f 1391/1277/247 1389/1279/247 1388/1276/247
f 1390/1280/247 1389/1279/247 1391/1277/247
f 1312/1281/247 1464/1278/247 1313/1274/247
f 1312/1281/247 1465/1282/247 1464/1278/247
f 1311/1283/247 1465/1282/247 1312/1281/247
f 1311/1283/247 1466/1284/247 1465/1282/247
f 1311/1283/247 1467/1285/247 1466/1284/247
f 1310/1286/247 1467/1285/247 1311/1283/247
f 1310/1286/247 1468/1287/247 1467/1285/247
f 1309/1288/247 1468/1287/247 1310/1286/247
f 1309/1288/247 1469/1289/247 1468/1287/247
f 1308/1290/247 1469/1289/247 1309/1288/247
f 1308/1290/247 1470/1291/247 1469/1289/247
f 1308/1290/247 1471/1292/247 1470/1291/247
f 1307/1293/247 1471/1292/247 1308/1290/247
f 1307/1293/247 1472/1294/247 1471/1292/247
f 1306/1295/247 1472/1294/247 1307/1293/247
f 1306/1295/247 1473/1296/247 1472/1294/247
f 1305/1297/247 1473/1296/247 1306/1295/247
f 1305/1297/247 1474/1298/247 1473/1296/247
f 1304/1299/247 1474/1298/247 1305/1297/247
f 1304/1299/247 1475/1300/247 1474/1298/247
f 1304/1299/247 1476/1301/247 1475/1300/247
f 1303/1302/247 1476/1301/247 1304/1299/247
f 1303/1302/247 1477/1303/247 1476/1301/247
f 1302/1304/247 1477/1303/247 1303/1302/247
f 1302/1304/247 1478/1305/247 1477/1303/247
f 1301/1306/247 1478/1305/247 1302/1304/247
f 1301/1306/247 1479/1307/247 1478/1305/247
f 1301/1306/247 1480/1308/247 1479/1307/247
f 1300/1309/247 1480/1308/247 1301/1306/247
f 1300/1309/247 1481/1310/247 1480/1308/247
f 1299/1311/247 1481/1310/247 1300/1309/247
f 1299/1311/247 1482/1312/247 1481/1310/247
f 1298/1313/247 1482/1312/247 1299/1311/247
f 1298/1313/247 1483/1314/247 1482/1312/247
f 1298/1313/247 1484/1315/247 1483/1314/247
f 1297/1316/247 1484/1315/247 1298/1313/247
f 1297/1316/247 1485/1317/247 1484/1315/247
f 1557/1318/247 1559/1319/247 1558/1320/247
f 1557/1318/247 1560/1321/247 1559/1319/247
f 1296/1322/247 1485/1317/247 1297/1316/247
f 1556/1323/247 1560/1321/247 1557/1318/247
f 1556/1323/247 1561/1324/247 1560/1321/247
f 1296/1322/247 1486/1325/247 1485/1317/247
f 1555/1326/247 1561/1324/247 1556/1323/247
f 1554/1327/247 1561/1324/247 1555/1326/247
f 1554/1327/247 1562/1328/247 1561/1324/247
f 1295/1329/247 1486/1325/247 1296/1322/247
f 1295/1329/247 1487/1330/247 1486/1325/247
f 1553/1331/247 1562/1328/247 1554/1327/247
f 1553/1331/247 1563/1332/247 1562/1328/247
f 1552/1333/247 1563/1332/247 1553/1331/247
f 1295/1329/247 1488/1334/247 1487/1330/247
f 1551/1335/247 1563/1332/247 1552/1333/247
f 1294/1336/247 1488/1334/247 1295/1329/247
f 1551/1335/247 1564/1337/247 1563/1332/247
f 1550/1338/247 1564/1337/247 1551/1335/247
f 1294/1336/247 1489/1339/247 1488/1334/247
f 1550/1338/247 1565/1340/247 1564/1337/247
f 1549/1341/247 1565/1340/247 1550/1338/247
f 1293/1342/247 1489/1339/247 1294/1336/247
f 1548/1343/247 1565/1340/247 1549/1341/247
f 1293/1342/247 1490/1344/247 1489/1339/247
f 1548/1343/247 1566/1345/247 1565/1340/247
f 1547/1346/247 1566/1345/247 1548/1343/247
f 1547/1346/247 1567/1347/247 1566/1345/247
f 1546/1348/247 1567/1347/247 1547/1346/247
f 1293/1342/247 1491/1349/247 1490/1344/247
f 1292/1350/247 1491/1349/247 1293/1342/247
f 1545/1351/247 1567/1347/247 1546/1348/247
f 1545/1351/247 1568/1352/247 1567/1347/247
f 1292/1350/247 1492/1353/247 1491/1349/247
f 1544/1354/247 1568/1352/247 1545/1351/247
f 1543/1355/247 1568/1352/247 1544/1354/247
f 1543/1355/247 1569/1356/247 1568/1352/247
f 1291/1357/247 1492/1353/247 1292/1350/247
f 1291/1357/247 1493/1358/247 1492/1353/247
f 1542/1359/247 1569/1356/247 1543/1355/247
f 1541/1360/247 1569/1356/247 1542/1359/247
f 1541/1360/247 1570/1361/247 1569/1356/247
f 1291/1357/247 1494/1362/247 1493/1358/247
f 1540/1363/247 1570/1361/247 1541/1360/247
f 1290/1364/247 1494/1362/247 1291/1357/247
f 1539/1365/247 1570/1361/247 1540/1363/247
f 1539/1365/247 1571/1366/247 1570/1361/247
f 1290/1364/247 1495/1367/247 1494/1362/247
f 1538/1368/247 1571/1366/247 1539/1365/247
f 1537/1369/247 1571/1366/247 1538/1368/247
f 1537/1369/247 1572/1370/247 1571/1366/247
f 1290/1364/247 1496/1371/247 1495/1367/247
f 1536/1372/247 1572/1370/247 1537/1369/247
f 1289/1373/247 1496/1371/247 1290/1364/247
f 1535/1374/247 1572/1370/247 1536/1372/247
f 1535/1374/247 1573/1375/247 1572/1370/247
f 1289/1373/247 1497/1376/247 1496/1371/247
f 1534/1377/247 1573/1375/247 1535/1374/247
f 1533/1378/247 1573/1375/247 1534/1377/247
f 1289/1373/247 1498/1379/247 1497/1376/247
f 1533/1378/247 1574/1380/247 1573/1375/247
f 1288/1381/247 1498/1379/247 1289/1373/247
f 1532/1382/247 1574/1380/247 1533/1378/247
f 1288/1381/247 1499/1383/247 1498/1379/247
f 1531/1384/247 1574/1380/247 1532/1382/247
f 1531/1384/247 1575/1385/247 1574/1380/247
f 1530/1386/247 1575/1385/247 1531/1384/247
f 1288/1381/247 1500/1387/247 1499/1383/247
f 1529/1388/247 1575/1385/247 1530/1386/247
f 1287/1389/247 1500/1387/247 1288/1381/247
f 1529/1388/247 1576/1390/247 1575/1385/247
f 1528/1391/247 1576/1390/247 1529/1388/247
f 1287/1389/247 1501/1392/247 1500/1387/247
f 1527/1393/247 1576/1390/247 1528/1391/247
f 1526/1394/247 1576/1390/247 1527/1393/247
f 1287/1389/247 1502/1395/247 1501/1392/247
f 1526/1394/247 1577/1396/247 1576/1390/247
f 1525/1397/247 1577/1396/247 1526/1394/247
f 1524/1398/247 1577/1396/247 1525/1397/247
f 1287/1389/247 1503/1399/247 1502/1395/247
f 1286/1400/247 1503/1399/247 1287/1389/247
f 1523/1401/247 1577/1396/247 1524/1398/247
f 1523/1401/247 1578/1402/247 1577/1396/247
f 1522/1403/247 1578/1402/247 1523/1401/247
f 1286/1400/247 1504/1404/247 1503/1399/247
f 1521/1405/247 1578/1402/247 1522/1403/247
f 1520/1406/247 1578/1402/247 1521/1405/247
f 1286/1400/247 1505/1407/247 1504/1404/247
f 1519/1408/247 1578/1402/247 1520/1406/247
f 1519/1408/247 1579/1409/247 1578/1402/247
f 1286/1400/247 1506/1410/247 1505/1407/247
f 1518/1411/247 1579/1409/247 1519/1408/247
f 1517/1412/247 1579/1409/247 1518/1411/247
f 1285/1413/247 1506/1410/247 1286/1400/247
f 1285/1413/247 1507/1414/247 1506/1410/247
f 1516/1415/247 1579/1409/247 1517/1412/247
f 1515/1416/247 1579/1409/247 1516/1415/247
f 1285/1413/247 1508/1417/247 1507/1414/247
f 1514/1418/247 1579/1409/247 1515/1416/247
f 1513/1419/247 1579/1409/247 1514/1418/247
f 1285/1413/247 1509/1420/247 1508/1417/247
f 1512/1421/247 1579/1409/247 1513/1419/247
f 1511/1422/247 1579/1409/247 1512/1421/247
f 1285/1413/247 1510/1423/247 1509/1420/247
f 1511/1422/247 1580/1424/247 1579/1409/247
f 1510/1423/247 1580/1424/247 1511/1422/247
f 1285/1413/247 1580/1424/247 1510/1423/247
f 1285/1413/247 1581/1425/247 1580/1424/247
f 1284/1426/247 1581/1425/247 1285/1413/247
f 1284/1426/247 1582/1427/247 1581/1425/247
f 1283/1428/247 1582/1427/247 1284/1426/247
f 1283/1428/247 1583/1429/247 1582/1427/247
f 1283/1428/247 1584/1430/247 1583/1429/247
f 1282/1431/247 1584/1430/247 1283/1428/247
f 1282/1431/247 1585/1432/247 1584/1430/247
f 1282/1431/247 1586/1433/247 1585/1432/247
f 1281/1434/247 1586/1433/247 1282/1431/247
f 1281/1434/247 1587/1435/247 1586/1433/247
f 1280/1436/247 1587/1435/247 1281/1434/247
f 1280/1436/247 1588/1437/247 1587/1435/247
f 1280/1436/247 1589/1438/247 1588/1437/247
f 1279/1439/247 1589/1438/247 1280/1436/247
f 1279/1439/247 1590/1440/247 1589/1438/247
f 1279/1439/247 1591/1441/247 1590/1440/247
f 1278/1442/247 1591/1441/247 1279/1439/247
f 1278/1442/247 1592/1443/247 1591/1441/247
f 1278/1442/247 1593/1444/247 1592/1443/247
f 1277/1445/247 1593/1444/247 1278/1442/247
f 1277/1445/247 1594/1446/247 1593/1444/247
f 1276/1447/247 1594/1446/247 1277/1445/247
f 1276/1447/247 1257/1448/247 1594/1446/247
f 1276/1447/247 1258/1449/247 1257/1448/247
f 1275/1450/247 1258/1449/247 1276/1447/247
f 1275/1450/247 1259/1451/247 1258/1449/247
f 1275/1450/247 1260/1452/247 1259/1451/247
f 1274/1453/247 1260/1452/247 1275/1450/247
f 1274/1453/247 1261/1454/247 1260/1452/247
f 1273/1455/247 1261/1454/247 1274/1453/247
f 1273/1455/247 1262/1456/247 1261/1454/247
f 1273/1455/247 1263/1457/247 1262/1456/247
f 1272/1458/247 1263/1457/247 1273/1455/247
f 1272/1458/247 1264/1459/247 1263/1457/247
f 1272/1458/247 1265/1460/247 1264/1459/247
f 1271/1461/247 1265/1460/247 1272/1458/247
f 1271/1461/247 1266/1462/247 1265/1460/247
f 1270/1463/247 1266/1462/247 1271/1461/247
f 1270/1463/247 1267/1464/247 1266/1462/247
f 1270/1463/247 1268/1465/247 1267/1464/247
f 1269/1466/247 1268/1465/247 1270/1463/247
f 1596/1467/247 1600/1468/247 1597/1469/247
f 1600/1468/247 1598/1470/247 1597/1469/247
f 1600/1468/247 1599/1471/247 1598/1470/247
f 1596/1467/247 1601/1472/247 1600/1468/247
f 1596/1467/247 1604/1473/247 1601/1472/247
f 1604/1473/247 1602/1474/247 1601/1472/247
f 1604/1473/247 1603/1475/247 1602/1474/247
f 1596/1467/247 1605/1476/247 1604/1473/247
f 1596/1467/247 1606/1477/247 1605/1476/247
f 1596/1467/247 1595/1478/247 1606/1477/247
f 1608/1479/247 1861/1480/247 1609/1481/247
f 1861/1480/247 1610/1482/247 1609/1481/247
f 1861/1480/247 1862/1483/247 1610/1482/247
f 1862/1483/247 1611/1484/247 1610/1482/247
f 1708/1485/247 1761/1486/247 1709/1487/247
f 1761/1486/247 1710/1488/247 1709/1487/247
f 1761/1486/247 1762/1489/247 1710/1488/247
f 1762/1489/247 1711/1490/247 1710/1488/247
f 1608/1479/247 1860/1491/247 1861/1480/247
f 1863/1492/247 1611/1484/247 1862/1483/247
f 1708/1485/247 1760/1493/247 1761/1486/247
f 1763/1494/247 1711/1490/247 1762/1489/247
f 1864/1495/247 1611/1484/247 1863/1492/247
f 1708/1485/247 1759/1496/247 1760/1493/247
f 1764/1497/247 1711/1490/247 1763/1494/247
f 1608/1479/247 1859/1498/247 1860/1491/247
f 1865/1499/247 1611/1484/247 1864/1495/247
f 1708/1485/247 1758/1500/247 1759/1496/247
f 1765/1501/247 1711/1490/247 1764/1497/247
f 1608/1479/247 1858/1502/247 1859/1498/247
f 1866/1503/247 1611/1484/247 1865/1499/247
f 1708/1485/247 1757/1504/247 1758/1500/247
f 1766/1505/247 1711/1490/247 1765/1501/247
f 1608/1479/247 1857/1506/247 1858/1502/247
f 1867/1507/247 1611/1484/247 1866/1503/247
f 1708/1485/247 1756/1508/247 1757/1504/247
f 1767/1509/247 1711/1490/247 1766/1505/247
f 1608/1479/247 1856/1510/247 1857/1506/247
f 1868/1511/247 1611/1484/247 1867/1507/247
f 1708/1485/247 1767/1509/247 1756/1508/247
f 1767/1509/247 1755/1512/247 1756/1508/247
f 1708/1485/247 1768/1513/247 1767/1509/247
f 1755/1512/247 1711/1490/247 1767/1509/247
f 1869/1514/247 1855/1515/247 1868/1511/247
f 1855/1515/247 1611/1484/247 1868/1511/247
f 1608/1479/247 1869/1514/247 1856/1510/247
f 1869/1514/247 1855/1515/247 1856/1510/247
f 1754/1516/247 1711/1490/247 1755/1512/247
f 1608/1479/247 1870/1517/247 1869/1514/247
f 1708/1485/247 1769/1518/247 1768/1513/247
f 1854/1519/247 1611/1484/247 1855/1515/247
f 1753/1520/247 1711/1490/247 1754/1516/247
f 1608/1479/247 1871/1521/247 1870/1517/247
f 1708/1485/247 1770/1522/247 1769/1518/247
f 1853/1523/247 1611/1484/247 1854/1519/247
f 1752/1524/247 1711/1490/247 1753/1520/247
f 1608/1479/247 1872/1525/247 1871/1521/247
f 1708/1485/247 1771/1526/247 1770/1522/247
f 1751/1527/247 1711/1490/247 1752/1524/247
f 1852/1528/247 1611/1484/247 1853/1523/247
f 1608/1479/247 1873/1529/247 1872/1525/247
f 1708/1485/247 1772/1530/247 1771/1526/247
f 1750/1531/247 1711/1490/247 1751/1527/247
f 1851/1532/247 1611/1484/247 1852/1528/247
f 1608/1479/247 1874/1533/247 1873/1529/247
f 1708/1485/247 1773/1534/247 1772/1530/247
f 1749/1535/247 1711/1490/247 1750/1531/247
f 1850/1536/247 1611/1484/247 1851/1532/247
f 1608/1479/247 1875/1537/247 1874/1533/247
f 1708/1485/247 1774/1538/247 1773/1534/247
f 1748/1539/247 1711/1490/247 1749/1535/247
f 1608/1479/247 1876/1540/247 1875/1537/247
f 1849/1541/247 1611/1484/247 1850/1536/247
f 1747/1542/247 1711/1490/247 1748/1539/247
f 1708/1485/247 1775/1543/247 1774/1538/247
f 1608/1479/247 1877/1544/247 1876/1540/247
f 1848/1545/247 1611/1484/247 1849/1541/247
f 1746/1546/247 1711/1490/247 1747/1542/247
f 1708/1485/247 1776/1547/247 1775/1543/247
f 1608/1479/247 1878/1548/247 1877/1544/247
f 1847/1549/247 1611/1484/247 1848/1545/247
f 1745/1550/247 1711/1490/247 1746/1546/247
f 1708/1485/247 1777/1551/247 1776/1547/247
f 1608/1479/247 1879/1552/247 1878/1548/247
f 1846/1553/247 1611/1484/247 1847/1549/247
f 1744/1554/247 1711/1490/247 1745/1550/247
f 1708/1485/247 1778/1555/247 1777/1551/247
f 1608/1479/247 1880/1556/247 1879/1552/247
f 1845/1557/247 1611/1484/247 1846/1553/247
f 1743/1558/247 1711/1490/247 1744/1554/247
f 1608/1479/247 1881/1559/247 1880/1556/247
f 1708/1485/247 1779/1560/247 1778/1555/247
f 1844/1561/247 1611/1484/247 1845/1557/247
f 1742/1562/247 1711/1490/247 1743/1558/247
f 1608/1479/247 1882/1563/247 1881/1559/247
f 1708/1485/247 1780/1564/247 1779/1560/247
f 1843/1565/247 1611/1484/247 1844/1561/247
f 1741/1566/247 1711/1490/247 1742/1562/247
f 1608/1479/247 1883/1567/247 1882/1563/247
f 1708/1485/247 1781/1568/247 1780/1564/247
f 1842/1569/247 1611/1484/247 1843/1565/247
f 1740/1570/247 1711/1490/247 1741/1566/247
f 1608/1479/247 1884/1571/247 1883/1567/247
f 1708/1485/247 1782/1572/247 1781/1568/247
f 1841/1573/247 1611/1484/247 1842/1569/247
f 1739/1574/247 1711/1490/247 1740/1570/247
f 1608/1479/247 1885/1575/247 1884/1571/247
f 1708/1485/247 1783/1576/247 1782/1572/247
f 1738/1577/247 1711/1490/247 1739/1574/247
f 1840/1578/247 1611/1484/247 1841/1573/247
f 1608/1479/247 1886/1579/247 1885/1575/247
f 1708/1485/247 1784/1580/247 1783/1576/247
f 1737/1581/247 1711/1490/247 1738/1577/247
f 1839/1582/247 1611/1484/247 1840/1578/247
f 1608/1479/247 1887/1583/247 1886/1579/247
f 1708/1485/247 1785/1584/247 1784/1580/247
f 1736/1585/247 1711/1490/247 1737/1581/247
f 1838/1586/247 1611/1484/247 1839/1582/247
f 1608/1479/247 1888/1587/247 1887/1583/247
f 1708/1485/247 1786/1588/247 1785/1584/247
f 1735/1589/247 1711/1490/247 1736/1585/247
f 1837/1590/247 1611/1484/247 1838/1586/247
f 1608/1479/247 1889/1591/247 1888/1587/247
f 1708/1485/247 1787/1592/247 1786/1588/247
f 1734/1593/247 1711/1490/247 1735/1589/247
f 1836/1594/247 1611/1484/247 1837/1590/247
f 1608/1479/247 1890/1595/247 1889/1591/247
f 1708/1485/247 1788/1596/247 1787/1592/247
f 1733/1597/247 1711/1490/247 1734/1593/247
f 1835/1598/247 1611/1484/247 1836/1594/247
f 1608/1479/247 1891/1599/247 1890/1595/247
f 1708/1485/247 1789/1600/247 1788/1596/247
f 1732/1601/247 1711/1490/247 1733/1597/247
f 1834/1602/247 1611/1484/247 1835/1598/247
f 1608/1479/247 1892/1603/247 1891/1599/247
f 1708/1485/247 1790/1604/247 1789/1600/247
f 1731/1605/247 1711/1490/247 1732/1601/247
f 1833/1606/247 1611/1484/247 1834/1602/247
f 1608/1479/247 1893/1607/247 1892/1603/247
f 1708/1485/247 1791/1608/247 1790/1604/247
f 1730/1609/247 1711/1490/247 1731/1605/247
f 1832/1610/247 1611/1484/247 1833/1606/247
f 1608/1479/247 1894/1611/247 1893/1607/247
f 1708/1485/247 1792/1612/247 1791/1608/247
f 1729/1613/247 1711/1490/247 1730/1609/247
f 1831/1614/247 1611/1484/247 1832/1610/247
f 1608/1479/247 1895/1615/247 1894/1611/247
f 1708/1485/247 1793/1616/247 1792/1612/247
f 1728/1617/247 1711/1490/247 1729/1613/247
f 1830/1618/247 1611/1484/247 1831/1614/247
f 1608/1479/247 1896/1619/247 1895/1615/247
f 1708/1485/247 1794/1620/247 1793/1616/247
f 1727/1621/247 1711/1490/247 1728/1617/247
f 1829/1622/247 1611/1484/247 1830/1618/247
f 1608/1479/247 1897/1623/247 1896/1619/247
f 1708/1485/247 1795/1624/247 1794/1620/247
f 1726/1625/247 1711/1490/247 1727/1621/247
f 1828/1626/247 1611/1484/247 1829/1622/247
f 1608/1479/247 1898/1627/247 1897/1623/247
f 1708/1485/247 1796/1628/247 1795/1624/247
f 1827/1629/247 1611/1484/247 1828/1626/247
f 1725/1630/247 1711/1490/247 1726/1625/247
f 1608/1479/247 1899/1631/247 1898/1627/247
f 1708/1485/247 1797/1632/247 1796/1628/247
f 1826/1633/247 1611/1484/247 1827/1629/247
f 1724/1634/247 1711/1490/247 1725/1630/247
f 1608/1479/247 1900/1635/247 1899/1631/247
f 1708/1485/247 1798/1636/247 1797/1632/247
f 1825/1637/247 1611/1484/247 1826/1633/247
f 1723/1638/247 1711/1490/247 1724/1634/247
f 1708/1485/247 1799/1639/247 1798/1636/247
f 1608/1479/247 1901/1640/247 1900/1635/247
f 1824/1641/247 1611/1484/247 1825/1637/247
f 1722/1642/247 1711/1490/247 1723/1638/247
f 1708/1485/247 1800/1643/247 1799/1639/247
f 1608/1479/247 1902/1644/247 1901/1640/247
f 1823/1645/247 1611/1484/247 1824/1641/247
f 1721/1646/247 1711/1490/247 1722/1642/247
f 1708/1485/247 1801/1647/247 1800/1643/247
f 1608/1479/247 1903/1648/247 1902/1644/247
f 1822/1649/247 1611/1484/247 1823/1645/247
f 1720/1650/247 1711/1490/247 1721/1646/247
f 1708/1485/247 1802/1651/247 1801/1647/247
f 1821/1652/247 1611/1484/247 1822/1649/247
f 1608/1479/247 1904/1653/247 1903/1648/247
f 1719/1654/247 1711/1490/247 1720/1650/247
f 1708/1485/247 1803/1655/247 1802/1651/247
f 1820/1656/247 1611/1484/247 1821/1652/247
f 1608/1479/247 1905/1657/247 1904/1653/247
f 1718/1658/247 1711/1490/247 1719/1654/247
f 1708/1485/247 1804/1659/247 1803/1655/247
f 1819/1660/247 1611/1484/247 1820/1656/247
f 1608/1479/247 1906/1661/247 1905/1657/247
f 1708/1485/247 1805/1662/247 1804/1659/247
f 1717/1663/247 1711/1490/247 1718/1658/247
f 1818/1664/247 1611/1484/247 1819/1660/247
f 1608/1479/247 1907/1665/247 1906/1661/247
f 1708/1485/247 1806/1666/247 1805/1662/247
f 1716/1667/247 1711/1490/247 1717/1663/247
f 1817/1668/247 1611/1484/247 1818/1664/247
f 1708/1485/247 1807/1669/247 1806/1666/247
f 1608/1479/247 1908/1670/247 1907/1665/247
f 1816/1671/247 1611/1484/247 1817/1668/247
f 1715/1672/247 1711/1490/247 1716/1667/247
f 1708/1485/247 1808/1673/247 1807/1669/247
f 1815/1674/247 1611/1484/247 1816/1671/247
f 1608/1479/247 1909/1675/247 1908/1670/247
f 1714/1676/247 1711/1490/247 1715/1672/247
f 1708/1485/247 1809/1677/247 1808/1673/247
f 1814/1678/247 1611/1484/247 1815/1674/247
f 1608/1479/247 1910/1679/247 1909/1675/247
f 1713/1680/247 1711/1490/247 1714/1676/247
f 1708/1485/247 1810/1681/247 1809/1677/247
f 1813/1682/247 1611/1484/247 1814/1678/247
f 1608/1479/247 1607/1683/247 1910/1679/247
f 1812/1684/247 1611/1484/247 1813/1682/247
f 1708/1485/247 1811/1685/247 1810/1681/247
f 1712/1686/247 1711/1490/247 1713/1680/247
f 1812/1684/247 1612/1687/247 1611/1484/247
f 1707/1688/247 1811/1685/247 1708/1485/247
f 1812/1684/247 1613/1689/247 1612/1687/247
f 1706/1690/247 1811/1685/247 1707/1688/247
f 1812/1684/247 1614/1691/247 1613/1689/247
f 1705/1692/247 1811/1685/247 1706/1690/247
f 1812/1684/247 1615/1693/247 1614/1691/247
f 1704/1694/247 1811/1685/247 1705/1692/247
f 1812/1684/247 1616/1695/247 1615/1693/247
f 1703/1696/247 1811/1685/247 1704/1694/247
f 1812/1684/247 1617/1697/247 1616/1695/247
f 1702/1698/247 1811/1685/247 1703/1696/247
f 1812/1684/247 1618/1699/247 1617/1697/247
f 1701/1700/247 1811/1685/247 1702/1698/247
f 1812/1684/247 1619/1701/247 1618/1699/247
f 1700/1702/247 1811/1685/247 1701/1700/247
f 1812/1684/247 1620/1703/247 1619/1701/247
f 1699/1704/247 1811/1685/247 1700/1702/247
f 1812/1684/247 1621/1705/247 1620/1703/247
f 1698/1706/247 1811/1685/247 1699/1704/247
f 1812/1684/247 1622/1707/247 1621/1705/247
f 1697/1708/247 1811/1685/247 1698/1706/247
f 1812/1684/247 1623/1709/247 1622/1707/247
f 1696/1710/247 1811/1685/247 1697/1708/247
f 1812/1684/247 1624/1711/247 1623/1709/247
f 1695/1712/247 1811/1685/247 1696/1710/247
f 1812/1684/247 1625/1713/247 1624/1711/247
f 1694/1714/247 1811/1685/247 1695/1712/247
f 1812/1684/247 1626/1715/247 1625/1713/247
f 1693/1716/247 1811/1685/247 1694/1714/247
f 1812/1684/247 1627/1717/247 1626/1715/247
f 1692/1718/247 1811/1685/247 1693/1716/247
f 1812/1684/247 1628/1719/247 1627/1717/247
f 1691/1720/247 1811/1685/247 1692/1718/247
f 1812/1684/247 1629/1721/247 1628/1719/247
f 1690/1722/247 1811/1685/247 1691/1720/247
f 1812/1684/247 1630/1723/247 1629/1721/247
f 1689/1724/247 1811/1685/247 1690/1722/247
f 1812/1684/247 1631/1725/247 1630/1723/247
f 1688/1726/247 1811/1685/247 1689/1724/247
f 1812/1684/247 1632/1727/247 1631/1725/247
f 1687/1728/247 1811/1685/247 1688/1726/247
f 1812/1684/247 1633/1729/247 1632/1727/247
f 1686/1730/247 1811/1685/247 1687/1728/247
f 1812/1684/247 1634/1731/247 1633/1729/247
f 1685/1732/247 1811/1685/247 1686/1730/247
f 1812/1684/247 1635/1733/247 1634/1731/247
f 1684/1734/247 1811/1685/247 1685/1732/247
f 1812/1684/247 1636/1735/247 1635/1733/247
f 1683/1736/247 1811/1685/247 1684/1734/247
f 1812/1684/247 1637/1737/247 1636/1735/247
f 1682/1738/247 1811/1685/247 1683/1736/247
f 1812/1684/247 1638/1739/247 1637/1737/247
f 1681/1740/247 1811/1685/247 1682/1738/247
f 1812/1684/247 1639/1741/247 1638/1739/247
f 1680/1742/247 1811/1685/247 1681/1740/247
f 1812/1684/247 1640/1743/247 1639/1741/247
f 1679/1744/247 1811/1685/247 1680/1742/247
f 1812/1684/247 1641/1745/247 1640/1743/247
f 1678/1746/247 1811/1685/247 1679/1744/247
f 1812/1684/247 1642/1747/247 1641/1745/247
f 1677/1748/247 1811/1685/247 1678/1746/247
f 1812/1684/247 1643/1749/247 1642/1747/247
f 1676/1750/247 1811/1685/247 1677/1748/247
f 1812/1684/247 1644/1751/247 1643/1749/247
f 1675/1752/247 1811/1685/247 1676/1750/247
f 1812/1684/247 1645/1753/247 1644/1751/247
f 1674/1754/247 1811/1685/247 1675/1752/247
f 1812/1684/247 1646/1755/247 1645/1753/247
f 1673/1756/247 1811/1685/247 1674/1754/247
f 1812/1684/247 1647/1757/247 1646/1755/247
f 1672/1758/247 1811/1685/247 1673/1756/247
f 1812/1684/247 1648/1759/247 1647/1757/247
f 1671/1760/247 1811/1685/247 1672/1758/247
f 1812/1684/247 1649/1761/247 1648/1759/247
f 1670/1762/247 1811/1685/247 1671/1760/247
f 1812/1684/247 1650/1763/247 1649/1761/247
f 1669/1764/247 1811/1685/247 1670/1762/247
f 1812/1684/247 1668/1765/247 1650/1763/247
f 1668/1765/247 1651/1766/247 1650/1763/247
f 1668/1765/247 1651/1766/247 1669/1764/247
f 1651/1766/247 1811/1685/247 1669/1764/247
f 1652/1767/247 1811/1685/247 1651/1766/247
f 1812/1684/247 1667/1768/247 1668/1765/247
f 1653/1769/247 1811/1685/247 1652/1767/247
f 1812/1684/247 1666/1770/247 1667/1768/247
f 1654/1771/249 1811/1685/249 1653/1769/249
f 1812/1684/247 1665/1772/247 1666/1770/247
f 1655/1773/247 1811/1685/247 1654/1771/247
f 1812/1684/247 1664/1774/247 1665/1772/247
f 1656/1775/250 1811/1685/250 1655/1773/250
f 1812/1684/249 1663/1776/249 1664/1774/249
f 1657/1777/247 1811/1685/247 1656/1775/247
f 1812/1684/247 1662/1778/247 1663/1776/247
f 1658/1779/247 1811/1685/247 1657/1777/247
f 1812/1684/247 1661/1780/247 1662/1778/247
f 1659/1781/249 1811/1685/249 1658/1779/249
f 1812/1684/250 1660/1782/250 1661/1780/250
f 1812/1684/247 1659/1781/247 1660/1782/247
f 1812/1684/247 1811/1685/247 1659/1781/247
f 1994/1783/248 1995/1784/248 1996/1785/248
f 1994/1783/248 1996/1785/248 1997/1786/248
f 1993/1787/248 1994/1783/248 1997/1786/248
f 1993/1787/248 1997/1786/248 1998/1788/248
f 1992/1789/248 1993/1787/248 1998/1788/248
f 1992/1789/248 1998/1788/248 1999/1790/248
f 1991/1791/248 1992/1789/248 1999/1790/248
f 1991/1791/248 1999/1790/248 2000/1792/248
f 1990/1793/248 1991/1791/248 2000/1792/248
f 1990/1793/248 2000/1792/248 2001/1794/248
f 1989/1795/248 1990/1793/248 2001/1794/248
f 1989/1795/248 2001/1794/248 2002/1796/248
f 1988/1797/248 1989/1795/248 2002/1796/248
f 1988/1797/248 2002/1796/248 2003/1798/248
f 1987/1799/248 1988/1797/248 2003/1798/248
f 1987/1799/248 2003/1798/248 2004/1800/248
f 1986/1801/248 1987/1799/248 2004/1800/248
f 1986/1801/248 2004/1800/248 2005/1802/248
f 1985/1803/248 1986/1801/248 2005/1802/248
f 1985/1803/248 2005/1802/248 2006/1804/248
f 1984/1805/248 1985/1803/248 2006/1804/248
f 1984/1805/248 2006/1804/248 2007/1806/248
f 1983/1807/248 1984/1805/248 2007/1806/248
f 1982/1808/248 1983/1807/248 2007/1806/248
f 1982/1808/248 2007/1806/248 2008/1809/248
f 1981/1810/248 1982/1808/248 2008/1809/248
f 1981/1810/248 2008/1809/248 2009/1811/248
f 1980/1812/248 1981/1810/248 2009/1811/248
f 1980/1812/248 2009/1811/248 2010/1813/248
f 1979/1814/248 1980/1812/248 2010/1813/248
f 1979/1814/248 2010/1813/248 2011/1815/248
f 1978/1816/248 1979/1814/248 2011/1815/248
f 1978/1816/248 2011/1815/248 2140/1817/248
f 2140/1817/248 2011/1815/248 2139/1818/248
f 2139/1818/248 2011/1815/248 2138/1819/248
f 2138/1819/248 2011/1815/248 2012/1820/248
f 2137/1821/248 2138/1819/248 2012/1820/248
f 1978/1816/248 2140/1817/248 2141/1822/248
f 2136/1823/248 2137/1821/248 2012/1820/248
f 1978/1816/248 2141/1822/248 2142/1824/248
f 2135/1825/248 2136/1823/248 2012/1820/248
f 1978/1816/248 2142/1824/248 2143/1826/248
f 2134/1827/248 2135/1825/248 2012/1820/248
f 1978/1816/248 2143/1826/248 2144/1828/248
f 1977/1829/248 1978/1816/248 2144/1828/248
f 2134/1827/248 2012/1820/248 2013/1830/248
f 2133/1831/248 2134/1827/248 2013/1830/248
f 1977/1829/248 2144/1828/248 2145/1832/248
f 2132/1833/248 2133/1831/248 2013/1830/248
f 1977/1829/248 2145/1832/248 2146/1834/248
f 2131/1835/248 2132/1833/248 2013/1830/248
f 1977/1829/248 2146/1834/248 2147/1836/248
f 2130/1837/248 2131/1835/248 2013/1830/248
f 1977/1829/248 2147/1836/248 2148/1838/248
f 1976/1839/248 1977/1829/248 2148/1838/248
f 2130/1837/248 2013/1830/248 2014/1840/248
f 2129/1841/248 2130/1837/248 2014/1840/248
f 1976/1839/248 2148/1838/248 2149/1842/248
f 2128/1843/248 2129/1841/248 2014/1840/248
f 1976/1839/248 2149/1842/248 2150/1844/248
f 1975/1845/248 1976/1839/248 2150/1844/248
f 2128/1843/248 2014/1840/248 2015/1846/248
f 2127/1847/248 2128/1843/248 2015/1846/248
f 1975/1845/248 2150/1844/248 2151/1848/248
f 2126/1849/248 2127/1847/248 2015/1846/248
f 1975/1845/248 2151/1848/248 2152/1850/248
f 1974/1851/248 1975/1845/248 2152/1850/248
f 2126/1849/248 2015/1846/248 2016/1852/248
f 2125/1853/248 2126/1849/248 2016/1852/248
f 1974/1851/248 2152/1850/248 2153/1854/248
f 2124/1855/248 2125/1853/248 2016/1852/248
f 1974/1851/248 2153/1854/248 2154/1856/248
f 1973/1857/248 1974/1851/248 2154/1856/248
f 2124/1855/248 2016/1852/248 2017/1858/248
f 2123/1859/248 2124/1855/248 2017/1858/248
f 1973/1857/248 2154/1856/248 2155/1860/248
f 2122/1861/248 2123/1859/248 2017/1858/248
f 1973/1857/248 2155/1860/248 2156/1862/248
f 1972/1863/248 1973/1857/248 2156/1862/248
f 2122/1861/248 2017/1858/248 2018/1864/248
f 2121/1865/248 2122/1861/248 2018/1864/248
f 1972/1863/248 2156/1862/248 2157/1866/248
f 2120/1867/248 2121/1865/248 2018/1864/248
f 1972/1863/248 2157/1866/248 2158/1868/248
f 1971/1869/248 1972/1863/248 2158/1868/248
f 2120/1867/248 2018/1864/248 2019/1870/248
f 2119/1871/248 2120/1867/248 2019/1870/248
f 1971/1869/248 2158/1868/248 2159/1872/248
f 1970/1873/248 1971/1869/248 2159/1872/248
f 2119/1871/248 2019/1870/248 2020/1874/248
f 2118/1875/248 2119/1871/248 2020/1874/248
f 1970/1873/248 2159/1872/248 2160/1876/248
f 2117/1877/248 2118/1875/248 2020/1874/248
f 1970/1873/248 2160/1876/248 2161/1878/248
f 1969/1879/248 1970/1873/248 2161/1878/248
f 2117/1877/248 2020/1874/248 2021/1880/248
f 2116/1881/248 2117/1877/248 2021/1880/248
f 1969/1879/248 2161/1878/248 2162/1882/248
f 1968/1883/248 1969/1879/248 2162/1882/248
f 2116/1881/248 2021/1880/248 2022/1884/248
f 2115/1885/248 2116/1881/248 2022/1884/248
f 1968/1883/248 2162/1882/248 2163/1886/248
f 2114/1887/248 2115/1885/248 2022/1884/248
f 1968/1883/248 2163/1886/248 2164/1888/248
f 1967/1889/248 1968/1883/248 2164/1888/248
f 2114/1887/248 2022/1884/248 2023/1890/248
f 2113/1891/248 2114/1887/248 2023/1890/248
f 1967/1889/248 2164/1888/248 2165/1892/248
f 1966/1893/248 1967/1889/248 2165/1892/248
f 2113/1891/248 2023/1890/248 2024/1894/248
f 2112/1895/248 2113/1891/248 2024/1894/248
f 1966/1893/248 2165/1892/248 2166/1896/248
f 2111/1897/248 2112/1895/248 2024/1894/248
f 1965/1898/248 1966/1893/248 2166/1896/248
f 2111/1897/248 2024/1894/248 2025/1899/248
f 1965/1898/248 2166/1896/248 2167/1900/248
f 2110/1901/248 2111/1897/248 2025/1899/248
f 1965/1898/248 2167/1900/248 2168/1902/248
f 2110/1901/248 2025/1899/248 2026/1903/248
f 1964/1904/248 1965/1898/248 2168/1902/248
f 2109/1905/248 2110/1901/248 2026/1903/248
f 1964/1904/248 2168/1902/248 2169/1906/248
f 2109/1905/248 2026/1903/248 2027/1907/248
f 1963/1908/248 1964/1904/248 2169/1906/248
f 2108/1909/248 2109/1905/248 2027/1907/248
f 1963/1908/248 2169/1906/248 2170/1910/248
f 2108/1909/248 2027/1907/248 2028/1911/248
f 1962/1912/248 1963/1908/248 2170/1910/248
f 2107/1913/248 2108/1909/248 2028/1911/248
f 1962/1912/248 2170/1910/248 2171/1914/248
f 2106/1915/248 2107/1913/248 2028/1911/248
f 1962/1912/248 2171/1914/248 2172/1916/248
f 2106/1915/248 2028/1911/248 2029/1917/248
f 1961/1918/248 1962/1912/248 2172/1916/248
f 2105/1919/248 2106/1915/248 2029/1917/248
f 1961/1918/248 2172/1916/248 2173/1920/248
f 2105/1919/248 2029/1917/248 2030/1921/248
f 1960/1922/248 1961/1918/248 2173/1920/248
f 2104/1923/248 2105/1919/248 2030/1921/248
f 1960/1922/248 2173/1920/248 2174/1924/248
f 2104/1923/248 2030/1921/248 2031/1925/248
f 1959/1926/248 1960/1922/248 2174/1924/248
f 2103/1927/248 2104/1923/248 2031/1925/248
f 1959/1926/248 2174/1924/248 2175/1928/248
f 1958/1929/248 1959/1926/248 2175/1928/248
f 1958/1929/248 2175/1928/248 2176/1930/248
f 2102/1931/248 2103/1927/248 2031/1925/248
f 2102/1931/248 2031/1925/248 2032/1932/248
f 2101/1933/248 2102/1931/248 2032/1932/248
f 1958/1929/248 2176/1930/248 2177/1934/248
f 1957/1935/248 1958/1929/248 2177/1934/248
f 2101/1933/248 2032/1932/248 2033/1936/248
f 2100/1937/248 2101/1933/248 2033/1936/248
f 1957/1935/248 2177/1934/248 2178/1938/248
f 1956/1939/248 1957/1935/248 2178/1938/248
f 2100/1937/248 2033/1936/248 2034/1940/248
f 1956/1939/248 2178/1938/248 2179/1941/248
f 2099/1942/248 2100/1937/248 2034/1940/248
f 1955/1943/248 1956/1939/248 2179/1941/248
f 2099/1942/248 2034/1940/248 2035/1944/248
f 1955/1943/248 2179/1941/248 2180/1945/248
f 2098/1946/248 2099/1942/248 2035/1944/248
f 1955/1943/248 2180/1945/248 2181/1947/248
f 2097/1948/248 2098/1946/248 2035/1944/248
f 1954/1949/248 1955/1943/248 2181/1947/248
f 2097/1948/248 2035/1944/248 2036/1950/248
f 1954/1949/248 2181/1947/248 2182/1951/248
f 2096/1952/248 2097/1948/248 2036/1950/248
f 1953/1953/248 1954/1949/248 2182/1951/248
f 2096/1952/248 2036/1950/248 2037/1954/248
f 1953/1953/248 2182/1951/248 2183/1955/248
f 2095/1956/248 2096/1952/248 2037/1954/248
f 1952/1957/248 1953/1953/248 2183/1955/248
f 2095/1956/248 2037/1954/248 2038/1958/248
f 1952/1957/248 2183/1955/248 2184/1959/248
f 2094/1960/248 2095/1956/248 2038/1958/248
f 1952/1957/248 2184/1959/248 2185/1961/248
f 2093/1962/248 2094/1960/248 2038/1958/248
f 1951/1963/248 1952/1957/248 2185/1961/248
f 2093/1962/248 2038/1958/248 2039/1964/248
f 1951/1963/248 2185/1961/248 2186/1965/248
f 2092/1966/248 2093/1962/248 2039/1964/248
f 1950/1967/248 1951/1963/248 2186/1965/248
f 2092/1966/248 2039/1964/248 2040/1968/248
f 1950/1967/248 2186/1965/248 2187/1969/248
f 2091/1970/248 2092/1966/248 2040/1968/248
f 1949/1971/248 1950/1967/248 2187/1969/248
f 2091/1970/248 2040/1968/248 2041/1972/248
f 1949/1971/248 2187/1969/248 2188/1973/248
f 2090/1974/248 2091/1970/248 2041/1972/248
f 1949/1971/248 2188/1973/248 2189/1975/248
f 2089/1976/248 2090/1974/248 2041/1972/248
f 1948/1977/248 1949/1971/248 2189/1975/248
f 2089/1976/248 2041/1972/248 2042/1978/248
f 1948/1977/248 2189/1975/248 2190/1979/248
f 2088/1980/248 2089/1976/248 2042/1978/248
f 1947/1981/248 1948/1977/248 2190/1979/248
f 2088/1980/248 2042/1978/248 2043/1982/248
f 1947/1981/248 2190/1979/248 2191/1983/248
f 2087/1984/248 2088/1980/248 2043/1982/248
f 1947/1981/248 2191/1983/248 2192/1985/248
f 2086/1986/248 2087/1984/248 2043/1982/248
f 1946/1987/248 1947/1981/248 2192/1985/248
f 2086/1986/248 2043/1982/248 2044/1988/248
f 1946/1987/248 2192/1985/248 2193/1989/248
f 2085/1990/248 2086/1986/248 2044/1988/248
f 1945/1991/248 1946/1987/248 2193/1989/248
f 2085/1990/248 2044/1988/248 2045/1992/248
f 1945/1991/248 2193/1989/248 2194/1993/248
f 2084/1994/248 2085/1990/248 2045/1992/248
f 1945/1991/248 2194/1993/248 2195/1995/248
f 2083/1996/248 2084/1994/248 2045/1992/248
f 1944/1997/248 1945/1991/248 2195/1995/248
f 2083/1996/248 2045/1992/248 2046/1998/248
f 1944/1997/248 2195/1995/248 2196/1999/248
f 2082/2000/248 2083/1996/248 2046/1998/248
f 1944/1997/248 2196/1999/248 2197/2001/248
f 2081/2002/248 2082/2000/248 2046/1998/248
f 1943/2003/248 1944/1997/248 2197/2001/248
f 2081/2002/248 2046/1998/248 2047/2004/248
f 1943/2003/248 2197/2001/248 2198/2005/248
f 2080/2006/248 2081/2002/248 2047/2004/248
f 1943/2003/248 2198/2005/248 2055/2007/248
f 2079/2008/248 2080/2006/248 2047/2004/248
f 1942/2009/248 1943/2003/248 2055/2007/248
f 2079/2008/248 2047/2004/248 2048/2010/248
f 1942/2009/248 2055/2007/248 2056/2011/248
f 2078/2012/248 2079/2008/248 2048/2010/248
f 1942/2009/248 2056/2011/248 2057/2013/248
f 2077/2014/248 2078/2012/248 2048/2010/248
f 1941/2015/248 1942/2009/248 2057/2013/248
f 2077/2014/248 2048/2010/248 2049/2016/248
f 1941/2015/248 2057/2013/248 2058/2017/248
f 2076/2018/248 2077/2014/248 2049/2016/248
f 1941/2015/248 2058/2017/248 2059/2019/248
f 2075/2020/248 2076/2018/248 2049/2016/248
f 1941/2015/248 2059/2019/248 2060/2021/248
f 2074/2022/248 2075/2020/248 2049/2016/248
f 1940/2023/248 1941/2015/248 2060/2021/248
f 2074/2022/248 2049/2016/248 2050/2024/248
f 1940/2023/248 2060/2021/248 2061/2025/248
f 2073/2026/248 2074/2022/248 2050/2024/248
f 1940/2023/248 2061/2025/248 2062/2027/248
f 2072/2028/248 2073/2026/248 2050/2024/248
f 1940/2023/248 2062/2027/248 2063/2029/248
f 2071/2030/248 2072/2028/248 2050/2024/248
f 1939/2031/248 1940/2023/248 2063/2029/248
f 2071/2030/248 2050/2024/248 2051/2032/248
f 1939/2031/248 2063/2029/248 2064/2033/248
f 2070/2034/248 2071/2030/248 2051/2032/248
f 1939/2031/248 2064/2033/248 2065/2035/248
f 2069/2036/248 2070/2034/248 2051/2032/248
f 1939/2031/248 2065/2035/248 2066/2037/248
f 2068/2038/248 2069/2036/248 2051/2032/248
f 1939/2031/248 2066/2037/248 2067/2039/248
f 2067/2039/248 2068/2038/248 2051/2032/248
f 1939/2031/248 2067/2039/248 2051/2032/248
f 1938/2040/248 1939/2031/248 2051/2032/248
f 1938/2040/248 2051/2032/248 2052/2041/248
f 1938/2040/248 2052/2041/248 2053/2042/248
f 1937/2043/248 1938/2040/248 2053/2042/248
f 1937/2043/248 2053/2042/248 2054/2044/248
f 1936/2045/248 1937/2043/248 2054/2044/248
f 1936/2045/248 2054/2044/248 1911/2046/248
f 1935/2047/248 1936/2045/248 1911/2046/248
f 1934/2048/248 1935/2047/248 1911/2046/248
f 1934/2048/248 1911/2046/248 1912/2049/248
f 1933/2050/248 1934/2048/248 1912/2049/248
f 1933/2050/248 1912/2049/248 1913/2051/248
f 1932/2052/248 1933/2050/248 1913/2051/248
f 1932/2052/248 1913/2051/248 1914/2053/248
f 1931/2054/248 1932/2052/248 1914/2053/248
f 1931/2054/248 1914/2053/248 1915/2055/248
f 1930/2056/248 1931/2054/248 1915/2055/248
f 1930/2056/248 1915/2055/248 1916/2057/248
f 1929/2058/248 1930/2056/248 1916/2057/248
f 1929/2058/248 1916/2057/248 1917/2059/248
f 1928/2060/248 1929/2058/248 1917/2059/248
f 1928/2060/248 1917/2059/248 1918/2061/248
f 1927/2062/248 1928/2060/248 1918/2061/248
f 1927/2062/248 1918/2061/248 1919/2063/248
f 1926/2064/248 1927/2062/248 1919/2063/248
f 1926/2064/248 1919/2063/248 1920/2065/248
f 1925/2066/248 1926/2064/248 1920/2065/248
f 1925/2066/248 1920/2065/248 1921/2067/248
f 1924/2068/248 1925/2066/248 1921/2067/248
f 1924/2068/248 1921/2067/248 1922/2069/248
f 1923/2070/248 1924/2068/248 1922/2069/248
f 2200/2071/248 2201/2072/248 2202/2073/248
f 2200/2071/248 2202/2073/248 2203/2074/248
f 2199/2075/247 2200/2076/247 2203/2077/247
f 2206/2078/248 2199/2079/248 2204/1125/248
f 2204/2080/247 2199/2075/247 2203/2077/247
f 2206/2078/248 2204/1125/248 2205/1128/248
f 2290/2081/248 2291/2082/248 2292/2083/248
f 2290/2081/248 2292/2083/248 2293/2084/248
f 2289/2085/248 2290/2081/248 2293/2084/248
f 2289/2085/248 2293/2084/248 2294/2086/248
f 2289/2085/248 2294/2086/248 2295/2087/248
f 2288/2088/248 2289/2085/248 2295/2087/248
f 2288/2088/248 2295/2087/248 2296/2089/248
f 2288/2088/248 2296/2089/248 2297/2090/248
f 2287/2091/248 2288/2088/248 2297/2090/248
f 2287/2091/248 2297/2090/248 2298/2092/248
f 2286/2093/248 2287/2091/248 2298/2092/248
f 2286/2093/248 2298/2092/248 2299/2094/248
f 2286/2093/248 2299/2094/248 2300/2095/248
f 2285/2096/248 2286/2093/248 2300/2095/248
f 2285/2096/248 2300/2095/248 2301/2097/248
f 2285/2096/248 2301/2097/248 2302/2098/248
f 2284/2099/248 2285/2096/248 2302/2098/248
f 2284/2099/248 2302/2098/248 2303/2100/248
f 2283/2101/248 2284/2099/248 2303/2100/248
f 2283/2101/248 2303/2100/248 2304/2102/248
f 2283/2101/248 2304/2102/248 2305/2103/248
f 2282/2104/248 2283/2101/248 2305/2103/248
f 2282/2104/248 2305/2103/248 2306/2105/248
f 2282/2104/248 2306/2105/248 2307/2106/248
f 2281/2107/248 2282/2104/248 2307/2106/248
f 2281/2107/248 2307/2106/248 2308/2108/248
f 2280/2109/248 2281/2107/248 2308/2108/248
f 2280/2109/248 2308/2108/248 2309/2110/248
f 2280/2109/248 2309/2110/248 2310/2111/248
f 2279/2112/248 2280/2109/248 2310/2111/248
f 2279/2112/248 2310/2111/248 2311/2113/248
f 2279/2112/248 2311/2113/248 2312/2114/248
f 2278/2115/248 2279/2112/248 2312/2114/248
f 2278/2115/248 2312/2114/248 2313/2116/248
f 2278/2115/248 2313/2116/248 2314/2117/248
f 2277/2118/248 2278/2115/248 2314/2117/248
f 2277/2118/248 2314/2117/248 2315/2119/248
f 2276/2120/248 2277/2118/248 2315/2119/248
f 2276/2120/248 2315/2119/248 2316/2121/248
f 2276/2120/248 2316/2121/248 2317/2122/248
f 2275/2123/248 2276/2120/248 2317/2122/248
f 2275/2123/248 2317/2122/248 2318/2124/248
f 2275/2123/248 2318/2124/248 2319/2125/248
f 2274/2126/248 2275/2123/248 2389/2127/248
f 2389/2127/248 2275/2123/248 2388/2128/248
f 2388/2128/248 2275/2123/248 2319/2125/248
f 2387/2129/248 2388/2128/248 2319/2125/248
f 2386/2130/248 2387/2129/248 2319/2125/248
f 2386/2130/248 2319/2125/248 2320/2131/248
f 2274/2126/248 2389/2127/248 2390/2132/248
f 2385/2133/248 2386/2130/248 2320/2131/248
f 2384/2134/248 2385/2133/248 2320/2131/248
f 2274/2126/248 2390/2132/248 2391/2135/248
f 2383/2136/248 2384/2134/248 2320/2131/248
f 2382/2137/248 2383/2136/248 2320/2131/248
f 2274/2126/248 2391/2135/248 2392/2138/248
f 2381/2139/248 2382/2137/248 2320/2131/248
f 2380/2140/248 2381/2139/248 2320/2131/248
f 2274/2126/248 2392/2138/248 2393/2141/248
f 2379/2142/248 2380/2140/248 2320/2131/248
f 2273/2143/248 2274/2126/248 2393/2141/248
f 2378/2144/248 2379/2142/248 2320/2131/248
f 2273/2143/248 2393/2141/248 2394/2145/248
f 2378/2144/248 2320/2131/248 2321/2146/248
f 2377/2147/248 2378/2144/248 2321/2146/248
f 2376/2148/248 2377/2147/248 2321/2146/248
f 2273/2143/248 2394/2145/248 2395/2149/248
f 2375/2150/248 2376/2148/248 2321/2146/248
f 2273/2143/248 2395/2149/248 2396/2151/248
f 2374/2152/248 2375/2150/248 2321/2146/248
f 2374/2152/248 2321/2146/248 2322/2153/248
f 2373/2154/248 2374/2152/248 2322/2153/248
f 2273/2143/248 2396/2151/248 2397/2155/248
f 2272/2156/248 2273/2143/248 2397/2155/248
f 2372/2157/248 2373/2154/248 2322/2153/248
f 2371/2158/248 2372/2157/248 2322/2153/248
f 2371/2158/248 2322/2153/248 2323/2159/248
f 2272/2156/248 2397/2155/248 2398/2160/248
f 2370/2161/248 2371/2158/248 2323/2159/248
f 2369/2162/248 2370/2161/248 2323/2159/248
f 2272/2156/248 2398/2160/248 2399/2163/248
f 2368/2164/248 2369/2162/248 2323/2159/248
f 2368/2164/248 2323/2159/248 2324/2165/248
f 2271/2166/248 2272/2156/248 2399/2163/248
f 2367/2167/248 2368/2164/248 2324/2165/248
f 2271/2166/248 2399/2163/248 2400/2168/248
f 2366/2169/248 2367/2167/248 2324/2165/248
f 2366/2169/248 2324/2165/248 2325/2170/248
f 2365/2171/248 2366/2169/248 2325/2170/248
f 2271/2166/248 2400/2168/248 2401/2172/248
f 2364/2173/248 2365/2171/248 2325/2170/248
f 2270/2174/248 2271/2166/248 2401/2172/248
f 2364/2173/248 2325/2170/248 2326/2175/248
f 2363/2176/248 2364/2173/248 2326/2175/248
f 2270/2174/248 2401/2172/248 2402/2177/248
f 2362/2178/248 2363/2176/248 2326/2175/248
f 2270/2174/248 2402/2177/248 2403/2179/248
f 2362/2178/248 2326/2175/248 2327/2180/248
f 2361/2181/248 2362/2178/248 2327/2180/248
f 2360/2182/248 2361/2181/248 2327/2180/248
f 2269/2183/248 2270/2174/248 2403/2179/248
f 2269/2183/248 2403/2179/248 2404/2184/248
f 2359/2185/248 2360/2182/248 2327/2180/248
f 2359/2185/248 2327/2180/248 2328/2186/248
f 2358/2187/248 2359/2185/248 2328/2186/248
f 2269/2183/248 2404/2184/248 2405/2188/248
f 2358/2187/248 2328/2186/248 2329/2189/248
f 2357/2190/248 2358/2187/248 2329/2189/248
f 2268/2191/248 2269/2183/248 2405/2188/248
f 2356/2192/248 2357/2190/248 2329/2189/248
f 2268/2191/248 2405/2188/248 2406/2193/248
f 2356/2192/248 2329/2189/248 2330/2194/248
f 2355/2195/248 2356/2192/248 2330/2194/248
f 2354/2196/248 2355/2195/248 2330/2194/248
f 2268/2191/248 2406/2193/248 2407/2197/248
f 2267/2198/248 2268/2191/248 2407/2197/248
f 2354/2196/248 2330/2194/248 2331/2199/248
f 2353/2200/248 2354/2196/248 2331/2199/248
f 2352/2201/248 2353/2200/248 2331/2199/248
f 2267/2198/248 2407/2197/248 2408/2202/248
f 2352/2201/248 2331/2199/248 2332/2203/248
f 2351/2204/248 2352/2201/248 2332/2203/248
f 2266/2205/248 2267/2198/248 2408/2202/248
f 2350/2206/248 2351/2204/248 2332/2203/248
f 2350/2206/248 2332/2203/248 2333/2207/248
f 2266/2205/248 2408/2202/248 2409/2208/248
f 2349/2209/248 2350/2206/248 2333/2207/248
f 2349/2209/248 2333/2207/248 2334/2210/248
f 2266/2205/248 2409/2208/248 2410/2211/248
f 2348/2212/248 2349/2209/248 2334/2210/248
f 2265/2213/248 2266/2205/248 2410/2211/248
f 2347/2214/248 2348/2212/248 2334/2210/248
f 2347/2214/248 2334/2210/248 2335/2215/248
f 2265/2213/248 2410/2211/248 2411/2216/248
f 2346/2217/248 2347/2214/248 2335/2215/248
f 2346/2217/248 2335/2215/248 2336/2218/248
f 2264/2219/248 2265/2213/248 2411/2216/248
f 2345/2220/248 2346/2217/248 2336/2218/248
f 2264/2219/248 2411/2216/248 2412/2221/248
f 2344/2222/248 2345/2220/248 2336/2218/248
f 2344/2222/248 2336/2218/248 2337/2223/248
f 2343/2224/248 2344/2222/248 2337/2223/248
f 2264/2219/248 2412/2221/248 2413/2225/248
f 2263/2226/248 2264/2219/248 2413/2225/248
f 2342/2227/248 2343/2224/248 2337/2223/248
f 2342/2227/248 2337/2223/248 2338/2228/248
f 2341/2229/248 2342/2227/248 2338/2228/248
f 2263/2226/248 2413/2225/248 2414/2230/248
f 2341/2229/248 2338/2228/248 2339/2231/248
f 2340/2232/248 2341/2229/248 2339/2231/248
f 2262/2233/248 2263/2226/248 2414/2230/248
f 2262/2233/248 2414/2230/248 2415/2234/248
f 2261/2235/248 2262/2233/248 2415/2234/248
f 2261/2235/248 2415/2234/248 2416/2236/248
f 2261/2235/248 2416/2236/248 2417/2237/248
f 2260/2238/248 2261/2235/248 2417/2237/248
f 2260/2238/248 2417/2237/248 2418/2239/248
f 2259/2240/248 2260/2238/248 2418/2239/248
f 2259/2240/248 2418/2239/248 2419/2241/248
f 2258/2242/248 2259/2240/248 2419/2241/248
f 2258/2242/248 2419/2241/248 2420/2243/248
f 2258/2242/248 2420/2243/248 2421/2244/248
f 2257/2245/248 2258/2242/248 2421/2244/248
f 2257/2245/248 2421/2244/248 2422/2246/248
f 2256/2247/248 2257/2245/248 2422/2246/248
f 2256/2247/248 2422/2246/248 2423/2248/248
f 2255/2249/248 2256/2247/248 2423/2248/248
f 2255/2249/248 2423/2248/248 2424/2250/248
f 2254/2251/248 2255/2249/248 2424/2250/248
f 2254/2251/248 2424/2250/248 2425/2252/248
f 2254/2251/248 2425/2252/248 2426/2253/248
f 2253/2254/248 2254/2251/248 2426/2253/248
f 2253/2254/248 2426/2253/248 2427/2255/248
f 2252/2256/248 2253/2254/248 2427/2255/248
f 2252/2256/248 2427/2255/248 2428/2257/248
f 2251/2258/248 2252/2256/248 2428/2257/248
f 2251/2258/248 2428/2257/248 2429/2259/248
f 2251/2258/248 2429/2259/248 2430/2260/248
f 2250/2261/248 2251/2258/248 2430/2260/248
f 2250/2261/248 2430/2260/248 2431/2262/248
f 2249/2263/248 2250/2261/248 2431/2262/248
f 2249/2263/248 2431/2262/248 2432/2264/248
f 2248/2265/248 2249/2263/248 2432/2264/248
f 2248/2265/248 2432/2264/248 2433/2266/248
f 2248/2265/248 2433/2266/248 2434/2267/248
f 2247/2268/248 2248/2265/248 2434/2267/248
f 2247/2268/248 2434/2267/248 2435/2269/248
f 2507/2270/248 2508/2271/248 2509/2272/248
f 2507/2270/248 2509/2272/248 2510/2273/248
f 2246/2274/248 2247/2268/248 2435/2269/248
f 2506/2275/248 2507/2270/248 2510/2273/248
f 2506/2275/248 2510/2273/248 2511/2276/248
f 2246/2274/248 2435/2269/248 2436/2277/248
f 2505/2278/248 2506/2275/248 2511/2276/248
f 2504/2279/248 2505/2278/248 2511/2276/248
f 2504/2279/248 2511/2276/248 2512/2280/248
f 2245/2281/248 2246/2274/248 2436/2277/248
f 2245/2281/248 2436/2277/248 2437/2282/248
f 2503/2283/248 2504/2279/248 2512/2280/248
f 2503/2283/248 2512/2280/248 2513/2284/248
f 2502/2285/248 2503/2283/248 2513/2284/248
f 2245/2281/248 2437/2282/248 2438/2286/248
f 2501/2287/248 2502/2285/248 2513/2284/248
f 2244/2288/248 2245/2281/248 2438/2286/248
f 2501/2287/248 2513/2284/248 2514/2289/248
f 2500/2290/248 2501/2287/248 2514/2289/248
f 2244/2288/248 2438/2286/248 2439/2291/248
f 2500/2290/248 2514/2289/248 2515/2292/248
f 2499/2293/248 2500/2290/248 2515/2292/248
f 2243/2294/248 2244/2288/248 2439/2291/248
f 2498/2295/248 2499/2293/248 2515/2292/248
f 2243/2294/248 2439/2291/248 2440/2296/248
f 2498/2295/248 2515/2292/248 2516/2297/248
f 2497/2298/248 2498/2295/248 2516/2297/248
f 2497/2298/248 2516/2297/248 2517/2299/248
f 2496/2300/248 2497/2298/248 2517/2299/248
f 2243/2294/248 2440/2296/248 2441/2301/248
f 2242/2302/248 2243/2294/248 2441/2301/248
f 2495/2303/248 2496/2300/248 2517/2299/248
f 2495/2303/248 2517/2299/248 2518/2304/248
f 2242/2302/248 2441/2301/248 2442/2305/248
f 2494/2306/248 2495/2303/248 2518/2304/248
f 2493/2307/248 2494/2306/248 2518/2304/248
f 2493/2307/248 2518/2304/248 2519/2308/248
f 2241/2309/248 2242/2302/248 2442/2305/248
f 2241/2309/248 2442/2305/248 2443/2310/248
f 2492/2311/248 2493/2307/248 2519/2308/248
f 2491/2312/248 2492/2311/248 2519/2308/248
f 2491/2312/248 2519/2308/248 2520/2313/248
f 2241/2309/248 2443/2310/248 2444/2314/248
f 2490/2315/248 2491/2312/248 2520/2313/248
f 2240/2316/248 2241/2309/248 2444/2314/248
f 2489/2317/248 2490/2315/248 2520/2313/248
f 2489/2317/248 2520/2313/248 2521/2318/248
f 2240/2316/248 2444/2314/248 2445/2319/248
f 2488/2320/248 2489/2317/248 2521/2318/248
f 2487/2321/248 2488/2320/248 2521/2318/248
f 2487/2321/248 2521/2318/248 2522/2322/248
f 2240/2316/248 2445/2319/248 2446/2323/248
f 2486/2324/248 2487/2321/248 2522/2322/248
f 2239/2325/248 2240/2316/248 2446/2323/248
f 2485/2326/248 2486/2324/248 2522/2322/248
f 2485/2326/248 2522/2322/248 2523/2327/248
f 2239/2325/248 2446/2323/248 2447/2328/248
f 2484/2329/248 2485/2326/248 2523/2327/248
f 2483/2330/248 2484/2329/248 2523/2327/248
f 2239/2325/248 2447/2328/248 2448/2331/248
f 2483/2330/248 2523/2327/248 2524/2332/248
f 2238/2333/248 2239/2325/248 2448/2331/248
f 2482/2334/248 2483/2330/248 2524/2332/248
f 2238/2333/248 2448/2331/248 2449/2335/248
f 2481/2336/248 2482/2334/248 2524/2332/248
f 2481/2336/248 2524/2332/248 2525/2337/248
f 2480/2338/248 2481/2336/248 2525/2337/248
f 2238/2333/248 2449/2335/248 2450/2339/248
f 2479/2340/248 2480/2338/248 2525/2337/248
f 2237/2341/248 2238/2333/248 2450/2339/248
f 2479/2340/248 2525/2337/248 2526/2342/248
f 2478/2343/248 2479/2340/248 2526/2342/248
f 2237/2341/248 2450/2339/248 2451/2344/248
f 2477/2345/248 2478/2343/248 2526/2342/248
f 2476/2346/248 2477/2345/248 2526/2342/248
f 2237/2341/248 2451/2344/248 2452/2347/248
f 2476/2346/248 2526/2342/248 2527/2348/248
f 2475/2349/248 2476/2346/248 2527/2348/248
f 2474/2350/248 2475/2349/248 2527/2348/248
f 2237/2341/248 2452/2347/248 2453/2351/248
f 2236/2352/248 2237/2341/248 2453/2351/248
f 2473/2353/248 2474/2350/248 2527/2348/248
f 2473/2353/248 2527/2348/248 2528/2354/248
f 2472/2355/248 2473/2353/248 2528/2354/248
f 2236/2352/248 2453/2351/248 2454/2356/248
f 2471/2357/248 2472/2355/248 2528/2354/248
f 2470/2358/248 2471/2357/248 2528/2354/248
f 2236/2352/248 2454/2356/248 2455/2359/248
f 2469/2360/248 2470/2358/248 2528/2354/248
f 2469/2360/248 2528/2354/248 2529/2361/248
f 2236/2352/248 2455/2359/248 2456/2362/248
f 2468/2363/248 2469/2360/248 2529/2361/248
f 2467/2364/248 2468/2363/248 2529/2361/248
f 2235/2365/248 2236/2352/248 2456/2362/248
f 2235/2365/248 2456/2362/248 2457/2366/248
f 2466/2367/248 2467/2364/248 2529/2361/248
f 2465/2368/248 2466/2367/248 2529/2361/248
f 2235/2365/248 2457/2366/248 2458/2369/248
f 2464/2370/248 2465/2368/248 2529/2361/248
f 2463/2371/248 2464/2370/248 2529/2361/248
f 2235/2365/248 2458/2369/248 2459/2372/248
f 2462/2373/248 2463/2371/248 2529/2361/248
f 2461/2374/248 2462/2373/248 2529/2361/248
f 2235/2365/248 2459/2372/248 2460/2375/248
f 2461/2374/248 2529/2361/248 2530/2376/248
f 2460/2375/248 2461/2374/248 2530/2376/248
f 2235/2365/248 2460/2375/248 2530/2376/248
f 2235/2365/248 2530/2376/248 2531/2377/248
f 2234/2378/248 2235/2365/248 2531/2377/248
f 2234/2378/248 2531/2377/248 2532/2379/248
f 2233/2380/248 2234/2378/248 2532/2379/248
f 2233/2380/248 2532/2379/248 2533/2381/248
f 2233/2380/248 2533/2381/248 2534/2382/248
f 2232/2383/248 2233/2380/248 2534/2382/248
f 2232/2383/248 2534/2382/248 2535/2384/248
f 2232/2383/248 2535/2384/248 2536/2385/248
f 2231/2386/248 2232/2383/248 2536/2385/248
f 2231/2386/248 2536/2385/248 2537/2387/248
f 2230/2388/248 2231/2386/248 2537/2387/248
f 2230/2388/248 2537/2387/248 2538/2389/248
f 2230/2388/248 2538/2389/248 2539/2390/248
f 2229/2391/248 2230/2388/248 2539/2390/248
f 2229/2391/248 2539/2390/248 2540/2392/248
f 2229/2391/248 2540/2392/248 2541/2393/248
f 2228/2394/248 2229/2391/248 2541/2393/248
f 2228/2394/248 2541/2393/248 2542/2395/248
f 2228/2394/248 2542/2395/248 2543/2396/248
f 2227/2397/248 2228/2394/248 2543/2396/248
f 2227/2397/248 2543/2396/248 2544/2398/248
f 2226/2399/248 2227/2397/248 2544/2398/248
f 2226/2399/248 2544/2398/248 2207/2400/248
f 2226/2399/248 2207/2400/248 2208/2401/248
f 2225/2402/248 2226/2399/248 2208/2401/248
f 2225/2402/248 2208/2401/248 2209/2403/248
f 2225/2402/248 2209/2403/248 2210/2404/248
f 2224/2405/248 2225/2402/248 2210/2404/248
f 2224/2405/248 2210/2404/248 2211/2406/248
f 2223/2407/248 2224/2405/248 2211/2406/248
f 2223/2407/248 2211/2406/248 2212/2408/248
f 2223/2407/248 2212/2408/248 2213/2409/248
f 2222/2410/248 2223/2407/248 2213/2409/248
f 2222/2410/248 2213/2409/248 2214/2411/248
f 2222/2410/248 2214/2411/248 2215/2412/248
f 2221/2413/248 2222/2410/248 2215/2412/248
f 2221/2413/248 2215/2412/248 2216/2414/248
f 2220/2415/248 2221/2413/248 2216/2414/248
f 2220/2415/248 2216/2414/248 2217/2416/248
f 2220/2415/248 2217/2416/248 2218/2417/248
f 2219/2418/248 2220/2415/248 2218/2417/248
f 2546/2419/248 2547/2420/248 2550/2421/248
f 2550/2421/248 2547/2420/248 2548/2422/248
f 2550/2421/248 2548/2422/248 2549/2423/248
f 2546/2419/248 2550/2421/248 2551/2424/248
f 2546/2419/248 2551/2424/248 2554/2425/248
f 2554/2425/248 2551/2424/248 2552/2426/248
f 2554/2425/248 2552/2426/248 2553/2427/248
f 2546/2419/248 2554/2425/248 2555/2428/248
f 2546/2419/248 2555/2428/248 2556/2429/248
f 2546/2419/248 2556/2429/248 2545/2430/248
f 2558/2431/248 2559/2432/248 2811/2433/248
f 2811/2433/248 2559/2432/248 2560/2434/248
f 2811/2433/248 2560/2434/248 2812/2435/248
f 2812/2435/248 2560/2434/248 2561/2436/248
f 2658/2437/248 2659/2438/248 2711/2439/248
f 2711/2439/248 2659/2438/248 2660/2440/248
f 2711/2439/248 2660/2440/248 2712/2441/248
f 2712/2441/248 2660/2440/248 2661/2442/248
f 2558/2431/248 2811/2433/248 2810/2443/248
f 2813/2444/248 2812/2435/248 2561/2436/248
f 2658/2437/248 2711/2439/248 2710/2445/248
f 2713/2446/248 2712/2441/248 2661/2442/248
f 2814/2447/248 2813/2444/248 2561/2436/248
f 2658/2437/248 2710/2445/248 2709/2448/248
f 2714/2449/248 2713/2446/248 2661/2442/248
f 2558/2431/248 2810/2443/248 2809/2450/248
f 2815/2451/248 2814/2447/248 2561/2436/248
f 2658/2437/248 2709/2448/248 2708/2452/248
f 2715/2453/248 2714/2449/248 2661/2442/248
f 2558/2431/248 2809/2450/248 2808/2454/248
f 2816/2455/248 2815/2451/248 2561/2436/248
f 2658/2437/248 2708/2452/248 2707/2456/248
f 2716/2457/248 2715/2453/248 2661/2442/248
f 2558/2431/248 2808/2454/248 2807/2458/248
f 2817/2459/248 2816/2455/248 2561/2436/248
f 2658/2437/248 2707/2456/248 2706/2460/248
f 2717/2461/248 2716/2457/248 2661/2442/248
f 2558/2431/248 2807/2458/248 2806/2462/248
f 2818/2463/248 2817/2459/248 2561/2436/248
f 2658/2437/248 2706/2460/248 2717/2461/248
f 2717/2461/248 2706/2460/248 2705/2464/248
f 2658/2437/248 2717/2461/248 2718/2465/248
f 2705/2464/248 2717/2461/248 2661/2442/248
f 2819/2466/248 2818/2463/248 2805/2467/248
f 2805/2467/248 2818/2463/248 2561/2436/248
f 2558/2431/248 2806/2462/248 2819/2466/248
f 2819/2466/248 2806/2462/248 2805/2467/248
f 2704/2468/248 2705/2464/248 2661/2442/248
f 2558/2431/248 2819/2466/248 2820/2469/248
f 2658/2437/248 2718/2465/248 2719/2470/248
f 2804/2471/248 2805/2467/248 2561/2436/248
f 2703/2472/248 2704/2468/248 2661/2442/248
f 2558/2431/248 2820/2469/248 2821/2473/248
f 2658/2437/248 2719/2470/248 2720/2474/248
f 2803/2475/248 2804/2471/248 2561/2436/248
f 2702/2476/248 2703/2472/248 2661/2442/248
f 2558/2431/248 2821/2473/248 2822/2477/248
f 2658/2437/248 2720/2474/248 2721/2478/248
f 2701/2479/248 2702/2476/248 2661/2442/248
f 2802/2480/248 2803/2475/248 2561/2436/248
f 2558/2431/248 2822/2477/248 2823/2481/248
f 2658/2437/248 2721/2478/248 2722/2482/248
f 2700/2483/248 2701/2479/248 2661/2442/248
f 2801/2484/248 2802/2480/248 2561/2436/248
f 2558/2431/248 2823/2481/248 2824/2485/248
f 2658/2437/248 2722/2482/248 2723/2486/248
f 2699/2487/248 2700/2483/248 2661/2442/248
f 2800/2488/248 2801/2484/248 2561/2436/248
f 2558/2431/248 2824/2485/248 2825/2489/248
f 2658/2437/248 2723/2486/248 2724/2490/248
f 2698/2491/248 2699/2487/248 2661/2442/248
f 2558/2431/248 2825/2489/248 2826/2492/248
f 2799/2493/248 2800/2488/248 2561/2436/248
f 2697/2494/248 2698/2491/248 2661/2442/248
f 2658/2437/248 2724/2490/248 2725/2495/248
f 2558/2431/248 2826/2492/248 2827/2496/248
f 2798/2497/248 2799/2493/248 2561/2436/248
f 2696/2498/248 2697/2494/248 2661/2442/248
f 2658/2437/248 2725/2495/248 2726/2499/248
f 2558/2431/248 2827/2496/248 2828/2500/248
f 2797/2501/248 2798/2497/248 2561/2436/248
f 2695/2502/248 2696/2498/248 2661/2442/248
f 2658/2437/248 2726/2499/248 2727/2503/248
f 2558/2431/248 2828/2500/248 2829/2504/248
f 2796/2505/248 2797/2501/248 2561/2436/248
f 2694/2506/248 2695/2502/248 2661/2442/248
f 2658/2437/248 2727/2503/248 2728/2507/248
f 2558/2431/248 2829/2504/248 2830/2508/248
f 2795/2509/248 2796/2505/248 2561/2436/248
f 2693/2510/248 2694/2506/248 2661/2442/248
f 2558/2431/248 2830/2508/248 2831/2511/248
f 2658/2437/248 2728/2507/248 2729/2512/248
f 2794/2513/248 2795/2509/248 2561/2436/248
f 2692/2514/248 2693/2510/248 2661/2442/248
f 2558/2431/248 2831/2511/248 2832/2515/248
f 2658/2437/248 2729/2512/248 2730/2516/248
f 2793/2517/248 2794/2513/248 2561/2436/248
f 2691/2518/248 2692/2514/248 2661/2442/248
f 2558/2431/248 2832/2515/248 2833/2519/248
f 2658/2437/248 2730/2516/248 2731/2520/248
f 2792/2521/248 2793/2517/248 2561/2436/248
f 2690/2522/248 2691/2518/248 2661/2442/248
f 2558/2431/248 2833/2519/248 2834/2523/248
f 2658/2437/248 2731/2520/248 2732/2524/248
f 2791/2525/248 2792/2521/248 2561/2436/248
f 2689/2526/248 2690/2522/248 2661/2442/248
f 2558/2431/248 2834/2523/248 2835/2527/248
f 2658/2437/248 2732/2524/248 2733/2528/248
f 2688/2529/248 2689/2526/248 2661/2442/248
f 2790/2530/248 2791/2525/248 2561/2436/248
f 2558/2431/248 2835/2527/248 2836/2531/248
f 2658/2437/248 2733/2528/248 2734/2532/248
f 2687/2533/248 2688/2529/248 2661/2442/248
f 2789/2534/248 2790/2530/248 2561/2436/248
f 2558/2431/248 2836/2531/248 2837/2535/248
f 2658/2437/248 2734/2532/248 2735/2536/248
f 2686/2537/248 2687/2533/248 2661/2442/248
f 2788/2538/248 2789/2534/248 2561/2436/248
f 2558/2431/248 2837/2535/248 2838/2539/248
f 2658/2437/248 2735/2536/248 2736/2540/248
f 2685/2541/248 2686/2537/248 2661/2442/248
f 2787/2542/248 2788/2538/248 2561/2436/248
f 2558/2431/248 2838/2539/248 2839/2543/248
f 2658/2437/248 2736/2540/248 2737/2544/248
f 2684/2545/248 2685/2541/248 2661/2442/248
f 2786/2546/248 2787/2542/248 2561/2436/248
f 2558/2431/248 2839/2543/248 2840/2547/248
f 2658/2437/248 2737/2544/248 2738/2548/248
f 2683/2549/248 2684/2545/248 2661/2442/248
f 2785/2550/248 2786/2546/248 2561/2436/248
f 2558/2431/248 2840/2547/248 2841/2551/248
f 2658/2437/248 2738/2548/248 2739/2552/248
f 2682/2553/248 2683/2549/248 2661/2442/248
f 2784/2554/248 2785/2550/248 2561/2436/248
f 2558/2431/248 2841/2551/248 2842/2555/248
f 2658/2437/248 2739/2552/248 2740/2556/248
f 2681/2557/248 2682/2553/248 2661/2442/248
f 2783/2558/248 2784/2554/248 2561/2436/248
f 2558/2431/248 2842/2555/248 2843/2559/248
f 2658/2437/248 2740/2556/248 2741/2560/248
f 2680/2561/248 2681/2557/248 2661/2442/248
f 2782/2562/248 2783/2558/248 2561/2436/248
f 2558/2431/248 2843/2559/248 2844/2563/248
f 2658/2437/248 2741/2560/248 2742/2564/248
f 2679/2565/248 2680/2561/248 2661/2442/248
f 2781/2566/248 2782/2562/248 2561/2436/248
f 2558/2431/248 2844/2563/248 2845/2567/248
f 2658/2437/248 2742/2564/248 2743/2568/248
f 2678/2569/248 2679/2565/248 2661/2442/248
f 2780/2570/248 2781/2566/248 2561/2436/248
f 2558/2431/248 2845/2567/248 2846/2571/248
f 2658/2437/248 2743/2568/248 2744/2572/248
f 2677/2573/248 2678/2569/248 2661/2442/248
f 2779/2574/248 2780/2570/248 2561/2436/248
f 2558/2431/248 2846/2571/248 2847/2575/248
f 2658/2437/248 2744/2572/248 2745/2576/248
f 2676/2577/248 2677/2573/248 2661/2442/248
f 2778/2578/248 2779/2574/248 2561/2436/248
f 2558/2431/248 2847/2575/248 2848/2579/248
f 2658/2437/248 2745/2576/248 2746/2580/248
f 2777/2581/248 2778/2578/248 2561/2436/248
f 2675/2582/248 2676/2577/248 2661/2442/248
f 2558/2431/248 2848/2579/248 2849/2583/248
f 2658/2437/248 2746/2580/248 2747/2584/248
f 2776/2585/248 2777/2581/248 2561/2436/248
f 2674/2586/248 2675/2582/248 2661/2442/248
f 2558/2431/248 2849/2583/248 2850/2587/248
f 2658/2437/248 2747/2584/248 2748/2588/248
f 2775/2589/248 2776/2585/248 2561/2436/248
f 2673/2590/248 2674/2586/248 2661/2442/248
f 2658/2437/248 2748/2588/248 2749/2591/248
f 2558/2431/248 2850/2587/248 2851/2592/248
f 2774/2593/248 2775/2589/248 2561/2436/248
f 2672/2594/248 2673/2590/248 2661/2442/248
f 2658/2437/248 2749/2591/248 2750/2595/248
f 2558/2431/248 2851/2592/248 2852/2596/248
f 2773/2597/248 2774/2593/248 2561/2436/248
f 2671/2598/248 2672/2594/248 2661/2442/248
f 2658/2437/248 2750/2595/248 2751/2599/248
f 2558/2431/248 2852/2596/248 2853/2600/248
f 2772/2601/248 2773/2597/248 2561/2436/248
f 2670/2602/248 2671/2598/248 2661/2442/248
f 2658/2437/248 2751/2599/248 2752/2603/248
f 2771/2604/248 2772/2601/248 2561/2436/248
f 2558/2431/248 2853/2600/248 2854/2605/248
f 2669/2606/248 2670/2602/248 2661/2442/248
f 2658/2437/248 2752/2603/248 2753/2607/248
f 2770/2608/248 2771/2604/248 2561/2436/248
f 2558/2431/248 2854/2605/248 2855/2609/248
f 2668/2610/248 2669/2606/248 2661/2442/248
f 2658/2437/248 2753/2607/248 2754/2611/248
f 2769/2612/248 2770/2608/248 2561/2436/248
f 2558/2431/248 2855/2609/248 2856/2613/248
f 2658/2437/248 2754/2611/248 2755/2614/248
f 2667/2615/248 2668/2610/248 2661/2442/248
f 2768/2616/248 2769/2612/248 2561/2436/248
f 2558/2431/248 2856/2613/248 2857/2617/248
f 2658/2437/248 2755/2614/248 2756/2618/248
f 2666/2619/248 2667/2615/248 2661/2442/248
f 2767/2620/248 2768/2616/248 2561/2436/248
f 2658/2437/248 2756/2618/248 2757/2621/248
f 2558/2431/248 2857/2617/248 2858/2622/248
f 2766/2623/248 2767/2620/248 2561/2436/248
f 2665/2624/248 2666/2619/248 2661/2442/248
f 2658/2437/248 2757/2621/248 2758/2625/248
f 2765/2626/248 2766/2623/248 2561/2436/248
f 2558/2431/248 2858/2622/248 2859/2627/248
f 2664/2628/248 2665/2624/248 2661/2442/248
f 2658/2437/248 2758/2625/248 2759/2629/248
f 2764/2630/248 2765/2626/248 2561/2436/248
f 2558/2431/248 2859/2627/248 2860/2631/248
f 2663/2632/248 2664/2628/248 2661/2442/248
f 2658/2437/248 2759/2629/248 2760/2633/248
f 2763/2634/248 2764/2630/248 2561/2436/248
f 2558/2431/248 2860/2631/248 2557/2635/248
f 2762/2636/248 2763/2634/248 2561/2436/248
f 2658/2437/248 2760/2633/248 2761/2637/248
f 2662/2638/248 2663/2632/248 2661/2442/248
f 2762/2636/248 2561/2436/248 2562/2639/248
f 2657/2640/248 2658/2437/248 2761/2637/248
f 2762/2636/248 2562/2639/248 2563/2641/248
f 2656/2642/248 2657/2640/248 2761/2637/248
f 2762/2636/248 2563/2641/248 2564/2643/248
f 2655/2644/248 2656/2642/248 2761/2637/248
f 2762/2636/248 2564/2643/248 2565/2645/248
f 2654/2646/248 2655/2644/248 2761/2637/248
f 2762/2636/248 2565/2645/248 2566/2647/248
f 2653/2648/248 2654/2646/248 2761/2637/248
f 2762/2636/248 2566/2647/248 2567/2649/248
f 2652/2650/248 2653/2648/248 2761/2637/248
f 2762/2636/248 2567/2649/248 2568/2651/248
f 2651/2652/248 2652/2650/248 2761/2637/248
f 2762/2636/248 2568/2651/248 2569/2653/248
f 2650/2654/248 2651/2652/248 2761/2637/248
f 2762/2636/248 2569/2653/248 2570/2655/248
f 2649/2656/248 2650/2654/248 2761/2637/248
f 2762/2636/248 2570/2655/248 2571/2657/248
f 2648/2658/248 2649/2656/248 2761/2637/248
f 2762/2636/248 2571/2657/248 2572/2659/248
f 2647/2660/248 2648/2658/248 2761/2637/248
f 2762/2636/248 2572/2659/248 2573/2661/248
f 2646/2662/248 2647/2660/248 2761/2637/248
f 2762/2636/248 2573/2661/248 2574/2663/248
f 2645/2664/248 2646/2662/248 2761/2637/248
f 2762/2636/248 2574/2663/248 2575/2665/248
f 2644/2666/248 2645/2664/248 2761/2637/248
f 2762/2636/248 2575/2665/248 2576/2667/248
f 2643/2668/248 2644/2666/248 2761/2637/248
f 2762/2636/248 2576/2667/248 2577/2669/248
f 2642/2670/248 2643/2668/248 2761/2637/248
f 2762/2636/248 2577/2669/248 2578/2671/248
f 2641/2672/248 2642/2670/248 2761/2637/248
f 2762/2636/248 2578/2671/248 2579/2673/248
f 2640/2674/248 2641/2672/248 2761/2637/248
f 2762/2636/248 2579/2673/248 2580/2675/248
f 2639/2676/248 2640/2674/248 2761/2637/248
f 2762/2636/248 2580/2675/248 2581/2677/248
f 2638/2678/248 2639/2676/248 2761/2637/248
f 2762/2636/248 2581/2677/248 2582/2679/248
f 2637/2680/248 2638/2678/248 2761/2637/248
f 2762/2636/248 2582/2679/248 2583/2681/248
f 2636/2682/248 2637/2680/248 2761/2637/248
f 2762/2636/248 2583/2681/248 2584/2683/248
f 2635/2684/248 2636/2682/248 2761/2637/248
f 2762/2636/248 2584/2683/248 2585/2685/248
f 2634/2686/248 2635/2684/248 2761/2637/248
f 2762/2636/248 2585/2685/248 2586/2687/248
f 2633/2688/248 2634/2686/248 2761/2637/248
f 2762/2636/248 2586/2687/248 2587/2689/248
f 2632/2690/248 2633/2688/248 2761/2637/248
f 2762/2636/248 2587/2689/248 2588/2691/248
f 2631/2692/248 2632/2690/248 2761/2637/248
f 2762/2636/248 2588/2691/248 2589/2693/248
f 2630/2694/248 2631/2692/248 2761/2637/248
f 2762/2636/248 2589/2693/248 2590/2695/248
f 2629/2696/248 2630/2694/248 2761/2637/248
f 2762/2636/248 2590/2695/248 2591/2697/248
f 2628/2698/248 2629/2696/248 2761/2637/248
f 2762/2636/248 2591/2697/248 2592/2699/248
f 2627/2700/248 2628/2698/248 2761/2637/248
f 2762/2636/248 2592/2699/248 2593/2701/248
f 2626/2702/248 2627/2700/248 2761/2637/248
f 2762/2636/248 2593/2701/248 2594/2703/248
f 2625/2704/248 2626/2702/248 2761/2637/248
f 2762/2636/248 2594/2703/248 2595/2705/248
f 2624/2706/248 2625/2704/248 2761/2637/248
f 2762/2636/248 2595/2705/248 2596/2707/248
f 2623/2708/248 2624/2706/248 2761/2637/248
f 2762/2636/248 2596/2707/248 2597/2709/248
f 2622/2710/248 2623/2708/248 2761/2637/248
f 2762/2636/248 2597/2709/248 2598/2711/248
f 2621/2712/248 2622/2710/248 2761/2637/248
f 2762/2636/248 2598/2711/248 2599/2713/248
f 2620/2714/248 2621/2712/248 2761/2637/248
f 2762/2636/248 2599/2713/248 2600/2715/248
f 2619/2716/248 2620/2714/248 2761/2637/248
f 2762/2636/248 2600/2715/248 2618/2717/248
f 2618/2717/248 2600/2715/248 2601/2718/248
f 2618/2717/248 2619/2716/248 2601/2718/248
f 2601/2718/248 2619/2716/248 2761/2637/248
f 2602/2719/248 2601/2718/248 2761/2637/248
f 2762/2636/248 2618/2717/248 2617/2720/248
f 2603/2721/248 2602/2719/248 2761/2637/248
f 2762/2636/248 2617/2720/248 2616/2722/248
f 2604/2723/251 2603/2721/251 2761/2637/251
f 2762/2636/248 2616/2722/248 2615/2724/248
f 2605/2725/248 2604/2723/248 2761/2637/248
f 2762/2636/248 2615/2724/248 2614/2726/248
f 2606/2727/252 2605/2725/252 2761/2637/252
f 2762/2636/251 2614/2726/251 2613/2728/251
f 2607/2729/248 2606/2727/248 2761/2637/248
f 2762/2636/248 2613/2728/248 2612/2730/248
f 2608/2731/248 2607/2729/248 2761/2637/248
f 2762/2636/248 2612/2730/248 2611/2732/248
f 2609/2733/251 2608/2731/251 2761/2637/251
f 2762/2636/252 2611/2732/252 2610/2734/252
f 2762/2636/248 2610/2734/248 2609/2733/248
f 2762/2636/248 2609/2733/248 2761/2637/248
s 1
f 2862/2735/253 2864/2736/254 2863/2737/254 2861/2738/253
f 2864/2739/254 2866/2740/255 2865/2741/255 2863/2742/254
f 2866/2743/255 2868/2744/256 2867/2745/256 2865/2746/255
f 2868/2747/256 2870/2748/257 2869/2749/257 2867/2750/256
f 2870/2748/257 2872/2751/258 2871/2752/258 2869/2749/257
f 2872/2751/258 2874/2753/259 2873/2754/259 2871/2752/258
f 2874/2753/259 2876/2755/260 2875/2756/260 2873/2754/259
f 2876/2755/260 2878/2757/261 2877/2758/261 2875/2756/260
f 2878/2757/261 2880/2759/262 2879/2760/262 2877/2758/261
f 2880/2759/262 2882/2761/263 2881/2762/263 2879/2760/262
f 2882/2761/263 2884/2763/264 2883/2764/264 2881/2762/263
f 2884/2763/264 2886/2765/265 2885/2766/265 2883/2764/264
f 2886/2765/265 2888/2767/266 2887/2768/266 2885/2766/265
f 2888/2767/266 2890/2769/267 2889/2770/267 2887/2768/266
f 2890/2769/267 2892/2771/268 2891/2772/268 2889/2770/267
f 2892/2771/268 2894/2773/269 2893/2774/269 2891/2772/268
f 2894/2773/269 2896/2775/270 2895/2776/270 2893/2774/269
f 2896/2775/270 2898/2777/271 2897/2778/271 2895/2776/270
f 2898/2777/271 2900/2779/272 2899/2780/272 2897/2778/271
f 2900/2779/272 2902/2781/273 2901/2782/273 2899/2780/272
f 2902/2781/273 2904/2783/274 2903/2784/274 2901/2782/273
f 2904/2783/274 2906/2785/275 2905/2786/275 2903/2784/274
f 2906/2785/275 2908/2787/276 2907/2788/276 2905/2786/275
f 2908/2787/276 2910/2789/277 2909/2790/277 2907/2788/276
f 2910/2789/277 2912/2791/278 2911/2792/278 2909/2790/277
f 2912/2791/278 2914/2793/279 2913/2794/279 2911/2792/278
f 2914/2793/279 2916/2795/280 2915/2796/280 2913/2794/279
f 2916/2795/280 2918/2797/281 2917/2798/281 2915/2796/280
f 2918/2797/281 2920/2799/282 2919/2800/282 2917/2798/281
f 2920/2799/282 2922/2801/283 2921/2802/283 2919/2800/282
f 2922/2801/283 2924/2803/284 2923/2804/284 2921/2802/283
f 2924/2803/284 2926/2805/285 2925/2806/285 2923/2804/284
f 2926/2805/285 2928/2807/286 2927/2808/286 2925/2806/285
f 2928/2807/286 2930/2809/287 2929/2810/287 2927/2808/286
f 2930/2809/287 2932/2811/288 2931/2812/288 2929/2810/287
f 2932/2811/288 2934/2813/289 2933/2814/289 2931/2812/288
f 2934/2813/289 2936/2815/290 2935/2816/290 2933/2814/289
f 2936/2815/290 2938/2817/291 2937/2818/291 2935/2816/290
f 2938/2817/291 2940/2819/292 2939/2820/292 2937/2818/291
f 2940/2819/292 2942/2821/293 2941/2822/293 2939/2820/292
f 2942/2821/293 2944/2823/294 2943/2824/294 2941/2822/293
f 2944/2823/294 2946/2825/295 2945/2826/295 2943/2824/294
f 2946/2825/295 2948/2827/296 2947/2828/296 2945/2826/295
f 2948/2827/296 2950/2829/297 2949/2830/297 2947/2828/296
f 2950/2829/297 2952/2831/298 2951/2832/298 2949/2830/297
f 2952/2831/298 2954/2833/299 2953/2834/299 2951/2832/298
f 2954/2833/299 2956/2835/300 2955/2836/300 2953/2834/299
f 2956/2835/300 2958/2837/301 2957/2838/301 2955/2836/300
f 2958/2837/301 2960/2839/302 2959/2840/302 2957/2838/301
f 2960/2839/302 2962/2841/303 2961/2842/303 2959/2840/302
f 2962/2841/303 2964/2843/304 2963/2844/304 2961/2842/303
f 2964/2843/304 2966/2845/305 2965/2846/305 2963/2844/304
f 2966/2847/305 2968/2848/306 2967/2849/306 2965/2850/305
f 2968/2851/306 2970/2852/307 2969/2853/307 2967/2854/306
f 2970/2852/307 2972/2855/308 2971/2856/308 2969/2853/307
f 2972/2855/308 2974/2857/309 2973/2858/309 2971/2856/308
f 2974/2857/309 2976/2859/310 2975/2860/310 2973/2858/309
f 2976/2859/310 2978/2861/311 2977/2862/311 2975/2860/310
f 2978/2861/311 2980/2863/312 2979/2864/312 2977/2862/311
f 2980/2863/312 2982/2865/313 2981/2866/313 2979/2864/312
f 2982/2865/313 2984/2867/314 2983/2868/314 2981/2866/313
f 2984/2867/314 2986/2869/315 2985/2870/315 2983/2868/314
f 2986/2869/315 2988/2871/316 2987/2872/316 2985/2870/315
f 2988/2871/316 2990/2873/317 2989/2874/317 2987/2872/316
f 2990/2873/317 2992/2875/318 2991/2876/318 2989/2874/317
f 2992/2875/318 2994/2877/319 2993/2878/319 2991/2876/318
f 2994/2877/319 2996/2879/319 2995/2880/319 2993/2878/319
f 2996/2879/319 2998/2881/320 2997/2882/320 2995/2880/319
f 2998/2881/320 3000/2883/318 2999/2884/318 2997/2882/320
f 3000/2883/318 3002/2885/321 3001/2886/321 2999/2884/318
f 3002/2885/321 3004/2887/322 3003/2888/322 3001/2886/321
f 3004/2887/322 3006/2889/323 3005/2890/323 3003/2888/322
f 3006/2889/323 3008/2891/324 3007/2892/324 3005/2890/323
f 3008/2891/324 3010/2893/325 3009/2894/325 3007/2892/324
f 3010/2893/325 3012/2895/326 3011/2896/326 3009/2894/325
f 3012/2895/326 3014/2897/327 3013/2898/327 3011/2896/326
f 3014/2897/327 3016/2899/328 3015/2900/328 3013/2898/327
f 3016/2899/328 3018/2901/329 3017/2902/329 3015/2900/328
f 3018/2901/329 3020/2903/330 3019/2904/330 3017/2902/329
f 3020/2903/330 3022/2905/331 3021/2906/331 3019/2904/330
f 3022/2905/331 3024/2907/332 3023/2908/332 3021/2906/331
f 3024/2907/332 3026/2909/333 3025/2910/333 3023/2908/332
f 3026/2909/333 3028/2911/334 3027/2912/334 3025/2910/333
f 3028/2911/334 3030/2913/335 3029/2914/335 3027/2912/334
f 3030/2913/335 3032/2915/336 3031/2916/336 3029/2914/335
f 3032/2915/336 3034/2917/337 3033/2918/337 3031/2916/336
f 3034/2917/337 3036/2919/338 3035/2920/338 3033/2918/337
f 3036/2919/338 3038/2921/339 3037/2922/339 3035/2920/338
f 3038/2921/339 3040/2923/340 3039/2924/340 3037/2922/339
f 3040/2923/340 3042/2925/341 3041/2926/341 3039/2924/340
f 3042/2925/341 3044/2927/342 3043/2928/342 3041/2926/341
f 3044/2927/342 3046/2929/343 3045/2930/343 3043/2928/342
f 3046/2929/343 3048/2931/344 3047/2932/344 3045/2930/343
f 3048/2931/344 3050/2933/345 3049/2934/345 3047/2932/344
f 3050/2933/345 3052/2935/346 3051/2936/346 3049/2934/345
f 3052/2935/346 3054/2937/347 3053/2938/347 3051/2936/346
f 3054/2937/347 3056/2939/348 3055/2940/348 3053/2938/347
f 3056/2939/348 3058/2941/349 3057/2942/349 3055/2940/348
f 3058/2941/349 3060/2943/350 3059/2944/350 3057/2942/349
f 3060/2943/350 3062/2945/351 3061/2946/351 3059/2944/350
f 3062/2945/351 3064/2947/352 3063/2948/352 3061/2946/351
f 3064/2947/352 3066/2949/353 3065/2950/353 3063/2948/352
f 3066/2951/353 3068/2952/354 3067/2953/354 3065/2954/353
f 3068/2955/354 3070/2956/253 3069/2957/253 3067/2958/354
f 3070/2959/253 3072/2735/254 3071/2738/254 3069/2960/253
f 3072/2961/254 3074/2962/355 3073/2963/355 3071/2964/254
f 3074/2962/355 3076/2965/356 3075/2966/356 3073/2963/355
f 3076/2965/356 3078/2967/357 3077/2968/357 3075/2966/356
f 3078/2967/357 3080/2969/358 3079/2970/358 3077/2968/357
f 3080/2969/358 3082/2971/359 3081/2972/359 3079/2970/358
f 3082/2971/359 3084/2973/360 3083/2974/360 3081/2972/359
f 3084/2973/360 3086/2975/361 3085/2976/361 3083/2974/360
f 3086/2975/361 3088/2977/362 3087/2978/362 3085/2976/361
f 3088/2977/362 3090/2979/363 3089/2980/363 3087/2978/362
f 3090/2979/363 3092/2981/364 3091/2982/364 3089/2980/363
f 3092/2981/364 3094/2983/365 3093/2984/365 3091/2982/364
f 3094/2983/365 3096/2985/366 3095/2986/366 3093/2984/365
f 3096/2985/366 3098/2987/367 3097/2988/367 3095/2986/366
f 3098/2987/367 3100/2989/368 3099/2990/368 3097/2988/367
f 3100/2989/368 3102/2991/367 3101/2992/367 3099/2990/368
f 3102/2991/367 3104/2993/369 3103/2994/369 3101/2992/367
f 3104/2993/369 3106/2995/370 3105/2996/370 3103/2994/369
f 3106/2995/370 3108/2997/371 3107/2998/371 3105/2996/370
f 3108/2997/371 3110/2999/372 3109/3000/372 3107/2998/371
f 3110/2999/372 3112/3001/373 3111/3002/373 3109/3000/372
f 3112/3001/373 3114/3003/374 3113/3004/374 3111/3002/373
f 3114/3003/374 3116/3005/366 3115/3006/366 3113/3004/374
f 3116/3005/366 3118/3007/375 3117/3008/375 3115/3006/366
f 3118/3007/375 3120/3009/376 3119/3010/376 3117/3008/375
f 3120/3009/376 3122/3011/377 3121/3012/377 3119/3010/376
f 3122/3011/377 3124/3013/367 3123/3014/367 3121/3012/377
f 3124/3013/367 3126/3015/378 3125/3016/378 3123/3014/367
f 3126/3015/378 3128/3017/379 3127/3018/379 3125/3016/378
f 3128/3017/379 3130/3019/380 3129/3020/380 3127/3018/379
f 3130/3019/380 3132/3021/381 3131/3022/381 3129/3020/380
f 3132/3021/381 3134/3023/382 3133/3024/382 3131/3022/381
f 3134/3023/382 3136/3025/383 3135/3026/383 3133/3024/382
f 3136/3025/383 3138/3027/384 3137/3028/384 3135/3026/383
f 3138/3027/384 3140/3029/385 3139/3030/385 3137/3028/384
f 3140/3029/385 3142/3031/386 3141/3032/386 3139/3030/385
f 3142/3031/386 3144/3033/387 3143/3034/387 3141/3032/386
f 3144/3033/387 3146/3035/388 3145/3036/388 3143/3034/387
f 3146/3035/388 3148/3037/386 3147/3038/386 3145/3036/388
f 3148/3037/386 3150/3039/384 3149/3040/384 3147/3038/386
f 3150/3039/384 3152/3041/382 3151/3042/382 3149/3040/384
f 3152/3041/382 3154/3043/380 3153/3044/380 3151/3042/382
f 3154/3043/380 3156/3045/378 3155/3046/378 3153/3044/380
f 3156/3045/378 3158/3047/389 3157/3048/389 3155/3046/378
f 3158/3047/389 3160/3049/390 3159/3050/390 3157/3048/389
f 3160/3049/390 3162/3051/391 3161/3052/391 3159/3050/390
f 3162/3051/391 3164/3053/392 3163/3054/392 3161/3052/391
f 3164/3053/392 3166/3055/393 3165/3056/393 3163/3054/392
f 3166/3055/393 3168/3057/394 3167/3058/394 3165/3056/393
f 3168/3057/394 3170/3059/395 3169/3060/395 3167/3058/394
f 3170/3061/395 3172/3062/396 3171/3063/396 3169/3064/395
f 3172/3065/396 3174/3066/397 3173/3067/397 3171/3068/396
f 3174/3066/397 3176/3069/398 3175/3070/398 3173/3067/397
f 3176/3069/398 3178/3071/399 3177/3072/399 3175/3070/398
f 3178/3071/399 3180/3073/400 3179/3074/400 3177/3072/399
f 3180/3073/400 3182/3075/401 3181/3076/401 3179/3074/400
f 3182/3075/401 3184/3077/402 3183/3078/402 3181/3076/401
f 3184/3077/402 3186/3079/403 3185/3080/403 3183/3078/402
f 3186/3079/403 3188/3081/404 3187/3082/404 3185/3080/403
f 3188/3081/404 3190/3083/405 3189/3084/405 3187/3082/404
f 3190/3083/405 3192/3085/406 3191/3086/406 3189/3084/405
f 3192/3085/406 3194/3087/407 3193/3088/407 3191/3086/406
f 3194/3087/407 3196/3089/408 3195/3090/408 3193/3088/407
f 3196/3089/408 3198/3091/409 3197/3092/409 3195/3090/408
f 3198/3091/409 3200/3093/410 3199/3094/410 3197/3092/409
f 3200/3093/410 3202/3095/411 3201/3096/411 3199/3094/410
f 3202/3095/411 3204/3097/412 3203/3098/412 3201/3096/411
f 3204/3097/412 3206/3099/413 3205/3100/413 3203/3098/412
f 3206/3099/413 3208/3101/414 3207/3102/414 3205/3100/413
f 3208/3101/414 3210/3103/415 3209/3104/415 3207/3102/414
f 3210/3103/415 3212/3105/416 3211/3106/416 3209/3104/415
f 3212/3105/416 3214/3107/417 3213/3108/417 3211/3106/416
f 3214/3107/417 3216/3109/418 3215/3110/418 3213/3108/417
f 3216/3109/418 3218/3111/419 3217/3112/419 3215/3110/418
f 3218/3111/419 3220/3113/420 3219/3114/420 3217/3112/419
f 3220/3113/420 3222/3115/421 3221/3116/421 3219/3114/420
f 3222/3115/421 3224/3117/422 3223/3118/422 3221/3116/421
f 3224/3117/422 3226/3119/423 3225/3120/423 3223/3118/422
f 3226/3119/423 3228/3121/424 3227/3122/424 3225/3120/423
f 3228/3121/424 3230/3123/425 3229/3124/425 3227/3122/424
f 3230/3123/425 3232/3125/426 3231/3126/426 3229/3124/425
f 3232/3125/426 3234/3127/427 3233/3128/427 3231/3126/426
f 3234/3127/427 3236/3129/428 3235/3130/428 3233/3128/427
f 3236/3129/428 3238/3131/429 3237/3132/429 3235/3130/428
f 3238/3131/429 3240/3133/430 3239/3134/430 3237/3132/429
f 3240/3133/430 3242/3135/431 3241/3136/431 3239/3134/430
f 3242/3135/431 3244/3137/432 3243/3138/432 3241/3136/431
f 3244/3137/432 3246/3139/433 3245/3140/433 3243/3138/432
f 3246/3139/433 3248/3141/434 3247/3142/434 3245/3140/433
f 3248/3141/434 3250/3143/435 3249/3144/435 3247/3142/434
f 3250/3143/435 3252/3145/436 3251/3146/436 3249/3144/435
f 3252/3145/436 3254/3147/437 3253/3148/437 3251/3146/436
f 3254/3147/437 3256/3149/438 3255/3150/438 3253/3148/437
f 3256/3149/438 3258/3151/439 3257/3152/439 3255/3150/438
f 3258/3151/439 3260/3153/440 3259/3154/440 3257/3152/439
f 3260/3153/440 3262/3155/441 3261/3156/441 3259/3154/440
f 3262/3155/441 3264/3157/442 3263/3158/442 3261/3156/441
f 3264/3157/442 3266/3159/443 3265/3160/443 3263/3158/442
f 3266/3159/443 3268/3161/444 3267/3162/444 3265/3160/443
f 3268/3161/444 3270/3163/445 3269/3164/445 3267/3162/444
f 3270/3165/445 3272/3166/446 3271/3167/446 3269/3168/445
f 3272/3169/446 3274/3170/447 3273/3171/447 3271/3172/446
f 3274/3170/447 3276/3173/448 3275/3174/448 3273/3171/447
f 3276/3173/448 3278/3175/449 3277/3176/449 3275/3174/448
f 3278/3175/449 3280/3177/450 3279/3178/450 3277/3176/449
f 3280/3177/450 3282/3179/451 3281/3180/451 3279/3178/450
f 3282/3179/451 3284/3181/452 3283/3182/452 3281/3180/451
f 3284/3181/452 3286/3183/453 3285/3184/453 3283/3182/452
f 3286/3183/453 3288/3185/454 3287/3186/454 3285/3184/453
f 3288/3185/454 3290/3187/455 3289/3188/455 3287/3186/454
f 3290/3187/455 3292/3189/456 3291/3190/456 3289/3188/455
f 3292/3189/456 3294/3191/457 3293/3192/457 3291/3190/456
f 3294/3191/457 3296/3193/458 3295/3194/458 3293/3192/457
f 3296/3193/458 3298/3195/459 3297/3196/459 3295/3194/458
f 3298/3195/459 3300/3197/460 3299/3198/460 3297/3196/459
f 3300/3197/460 3302/3199/461 3301/3200/461 3299/3198/460
f 3302/3199/461 3304/3201/462 3303/3202/462 3301/3200/461
f 3304/3201/462 3306/3203/463 3305/3204/463 3303/3202/462
f 3306/3203/463 3308/3205/464 3307/3206/464 3305/3204/463
f 3308/3205/464 3310/3207/465 3309/3208/465 3307/3206/464
f 3310/3207/465 3312/3209/466 3311/3210/466 3309/3208/465
f 3312/3209/466 3314/3211/467 3313/3212/467 3311/3210/466
f 3314/3211/467 3316/3213/468 3315/3214/468 3313/3212/467
f 3316/3213/468 3318/3215/469 3317/3216/469 3315/3214/468
f 3318/3215/469 3320/3217/470 3319/3218/470 3317/3216/469
f 3320/3217/470 3322/3219/471 3321/3220/471 3319/3218/470
f 3322/3219/471 3324/3221/472 3323/3222/472 3321/3220/471
f 3324/3221/472 3326/3223/473 3325/3224/473 3323/3222/472
f 3326/3223/473 3328/3225/474 3327/3226/474 3325/3224/473
f 3328/3225/474 3330/3227/475 3329/3228/475 3327/3226/474
f 3330/3227/475 3332/3229/476 3331/3230/476 3329/3228/475
f 3332/3229/476 3334/3231/477 3333/3232/477 3331/3230/476
f 3334/3231/477 3336/3233/478 3335/3234/478 3333/3232/477
f 3336/3233/478 3338/3235/479 3337/3236/479 3335/3234/478
f 3338/3235/479 3340/3237/480 3339/3238/480 3337/3236/479
f 3340/3237/480 3342/3239/481 3341/3240/481 3339/3238/480
f 3342/3239/481 3344/3241/482 3343/3242/482 3341/3240/481
f 3344/3241/482 3346/3243/483 3345/3244/483 3343/3242/482
f 3346/3243/483 3348/3245/484 3347/3246/484 3345/3244/483
f 3348/3245/484 3350/3247/485 3349/3248/485 3347/3246/484
f 3350/3247/485 3352/3249/486 3351/3250/486 3349/3248/485
f 3352/3249/486 3354/3251/487 3353/3252/487 3351/3250/486
f 3354/3251/487 3356/3253/488 3355/3254/488 3353/3252/487
f 3356/3253/488 3358/3255/489 3357/3256/489 3355/3254/488
f 3358/3255/489 3360/3257/490 3359/3258/490 3357/3256/489
f 3360/3257/490 3362/3259/491 3361/3260/491 3359/3258/490
f 3362/3259/491 3364/3261/492 3363/3262/492 3361/3260/491
f 3364/3261/492 3366/3263/493 3365/3264/493 3363/3262/492
f 3366/3263/493 3368/3265/494 3367/3266/494 3365/3264/493
f 3368/3265/494 3370/3267/495 3369/3268/495 3367/3266/494
f 3370/3269/495 3372/3061/496 3371/3064/496 3369/3270/495
f 3372/3271/496 3374/3272/497 3373/3273/497 3371/3274/496
f 3374/3272/497 3376/3275/498 3375/3276/498 3373/3273/497
f 3376/3275/498 3378/3277/499 3377/3278/499 3375/3276/498
f 3378/3277/499 3380/3279/500 3379/3280/500 3377/3278/499
f 3380/3279/500 3382/3281/501 3381/3282/501 3379/3280/500
f 3382/3281/501 3384/3283/502 3383/3284/502 3381/3282/501
f 3384/3283/502 3386/3285/503 3385/3286/503 3383/3284/502
f 3386/3285/503 3388/3287/504 3387/3288/504 3385/3286/503
f 3388/3287/504 3390/3289/505 3389/3290/505 3387/3288/504
f 3390/3289/505 3392/3291/506 3391/3292/506 3389/3290/505
f 3392/3291/506 3394/3293/507 3393/3294/507 3391/3292/506
f 3394/3293/507 3396/3295/508 3395/3296/508 3393/3294/507
f 3396/3295/508 3398/3297/509 3397/3298/509 3395/3296/508
f 3398/3297/509 3400/3299/509 3399/3300/509 3397/3298/509
f 3400/3299/509 3402/3301/509 3401/3302/509 3399/3300/509
f 3402/3301/509 3404/3303/509 3403/3304/509 3401/3302/509
f 3404/3303/509 3406/3305/509 3405/3306/509 3403/3304/509
f 3406/3305/509 3408/3307/509 3407/3308/509 3405/3306/509
f 3408/3307/509 3410/3309/509 3409/3310/509 3407/3308/509
f 3410/3309/509 3412/3311/509 3411/3312/509 3409/3310/509
f 3412/3311/509 3414/3313/509 3413/3314/509 3411/3312/509
f 3414/3313/509 3416/3315/509 3415/3316/509 3413/3314/509
f 3416/3315/509 3418/3317/509 3417/3318/509 3415/3316/509
f 3418/3317/509 3420/3319/509 3419/3320/509 3417/3318/509
f 3420/3319/509 3422/3321/509 3421/3322/509 3419/3320/509
f 3422/3321/509 3424/3323/510 3423/3324/510 3421/3322/509
f 3424/3323/510 3426/3325/511 3425/3326/511 3423/3324/510
f 3426/3325/511 3428/3327/511 3427/3328/511 3425/3326/511
f 3428/3327/511 3430/3329/508 3429/3330/508 3427/3328/511
f 3430/3329/508 3432/3331/512 3431/3332/512 3429/3330/508
f 3432/3331/512 3434/3333/512 3433/3334/512 3431/3332/512
f 3434/3333/512 3436/3335/513 3435/3336/513 3433/3334/512
f 3436/3335/513 3438/3337/514 3437/3338/514 3435/3336/513
f 3438/3337/514 3440/3339/514 3439/3340/514 3437/3338/514
f 3440/3339/514 3442/3341/515 3441/3342/515 3439/3340/514
f 3442/3341/515 3444/3343/513 3443/3344/513 3441/3342/515
f 3444/3343/513 3446/3345/516 3445/3346/516 3443/3344/513
f 3446/3345/516 3448/3347/517 3447/3348/517 3445/3346/516
f 3448/3347/517 3450/3349/518 3449/3350/518 3447/3348/517
f 3450/3349/518 3452/3351/519 3451/3352/519 3449/3350/518
f 3452/3351/519 3454/3353/520 3453/3354/520 3451/3352/519
f 3454/3353/520 3456/3355/521 3455/3356/521 3453/3354/520
f 3456/3355/521 3458/3357/522 3457/3358/522 3455/3356/521
f 3458/3357/522 3460/3359/523 3459/3360/523 3457/3358/522
f 3460/3359/523 3462/3361/524 3461/3362/524 3459/3360/523
f 3462/3361/524 3464/3363/525 3463/3364/525 3461/3362/524
f 3464/3363/525 3466/3365/526 3465/3366/526 3463/3364/525
f 3466/3365/526 3468/3367/527 3467/3368/527 3465/3366/526
f 3468/3367/527 2862/3369/253 2861/3370/253 3467/3368/527
f 3470/3371/253 3472/3372/254 3471/3373/254 3469/3374/253
f 3472/3375/254 3474/3376/255 3473/3377/255 3471/3378/254
f 3474/3379/255 3476/3380/354 3475/3381/354 3473/3382/255
f 3476/3383/354 3478/3384/253 3477/3385/253 3475/3386/354
f 3478/3387/253 3480/3388/253 3479/3389/253 3477/3390/253
f 3480/3391/253 3482/3392/354 3481/3393/354 3479/3394/253
f 3482/3395/354 3484/3396/354 3483/3397/354 3481/3398/354
f 3484/3384/354 3486/3399/253 3485/3400/253 3483/3385/354
f 3486/3401/253 3488/3402/253 3487/3403/253 3485/3404/253
f 3488/3405/253 3490/3406/354 3489/3407/354 3487/3408/253
f 3490/3409/354 3492/3410/354 3491/3411/354 3489/3387/354
f 3492/2736/354 3470/3412/253 3469/3413/253 3491/2737/354
f 3494/3414/528 3496/3415/529 3495/3416/529 3493/3417/528
f 3496/3415/529 3498/3418/530 3497/3419/530 3495/3416/529
f 3498/3418/530 3500/3420/531 3499/3421/531 3497/3419/530
f 3500/3420/531 3502/3422/532 3501/3423/532 3499/3421/531
f 3502/3422/532 3504/3424/533 3503/3425/533 3501/3423/532
f 3504/3424/533 3506/3426/534 3505/3427/534 3503/3425/533
f 3506/3426/534 3508/3428/535 3507/3429/535 3505/3427/534
f 3508/3428/535 3510/3430/536 3509/3431/536 3507/3429/535
f 3510/3430/536 3512/3432/537 3511/3433/537 3509/3431/536
f 3512/3432/537 3514/3434/538 3513/3435/538 3511/3433/537
f 3514/3434/538 3516/3436/539 3515/3437/539 3513/3435/538
f 3516/3436/539 3518/3438/540 3517/3439/540 3515/3437/539
f 3518/3438/540 3520/3440/541 3519/3441/541 3517/3439/540
f 3520/3440/541 3522/3442/542 3521/3443/542 3519/3441/541
f 3522/3442/542 3524/3444/543 3523/3445/543 3521/3443/542
f 3524/3444/543 3526/3446/544 3525/3447/544 3523/3445/543
f 3526/3446/544 3528/3448/545 3527/3449/545 3525/3447/544
f 3528/3448/545 3530/3450/546 3529/3451/546 3527/3449/545
f 3530/3450/546 3532/3452/547 3531/3453/547 3529/3451/546
f 3532/3452/547 3534/3454/548 3533/3455/548 3531/3453/547
f 3534/3454/548 3536/3456/549 3535/3457/549 3533/3455/548
f 3536/3456/549 3538/3458/550 3537/3459/550 3535/3457/549
f 3538/3458/550 3540/3460/551 3539/3461/551 3537/3459/550
f 3540/3460/551 3542/3462/552 3541/3463/552 3539/3461/551
f 3542/3462/552 3544/3464/553 3543/3465/553 3541/3463/552
f 3544/3464/553 3546/3466/554 3545/3467/554 3543/3465/553
f 3546/3466/554 3548/3468/555 3547/3469/555 3545/3467/554
f 3548/3468/555 3550/3470/556 3549/3471/556 3547/3469/555
f 3550/3470/556 3552/3472/557 3551/3473/557 3549/3471/556
f 3552/3474/557 3554/3475/558 3553/3476/558 3551/3477/557
f 3554/3475/558 3556/3478/559 3555/3479/559 3553/3476/558
f 3556/3478/559 3558/3480/560 3557/3481/560 3555/3479/559
f 3558/3480/560 3560/3482/561 3559/3483/561 3557/3481/560
f 3560/3482/561 3562/3484/562 3561/3485/562 3559/3483/561
f 3562/3484/562 3564/3486/563 3563/3487/563 3561/3485/562
f 3564/3486/563 3566/3488/564 3565/3489/564 3563/3487/563
f 3566/3488/564 3568/3490/565 3567/3491/565 3565/3489/564
f 3568/3490/565 3570/3492/566 3569/3493/566 3567/3491/565
f 3570/3492/566 3572/3494/567 3571/3495/567 3569/3493/566
f 3572/3494/567 3574/3496/568 3573/3497/568 3571/3495/567
f 3574/3496/568 3576/3498/569 3575/3499/569 3573/3497/568
f 3576/3498/569 3578/3500/570 3577/3501/570 3575/3499/569
f 3578/3500/570 3580/3502/571 3579/3503/571 3577/3501/570
f 3580/3502/571 3582/3504/572 3581/3505/572 3579/3503/571
f 3582/3504/572 3584/3506/573 3583/3507/573 3581/3505/572
f 3584/3506/573 3586/3508/574 3585/3509/574 3583/3507/573
f 3586/3508/574 3588/3510/575 3587/3511/575 3585/3509/574
f 3588/3510/575 3590/3512/576 3589/3513/576 3587/3511/575
f 3590/3512/576 3592/3514/577 3591/3515/577 3589/3513/576
f 3592/3514/577 3594/3516/578 3593/3517/578 3591/3515/577
f 3594/3516/578 3596/3518/579 3595/3519/579 3593/3517/578
f 3596/3518/579 3598/3520/580 3597/3521/580 3595/3519/579
f 3598/3520/580 3600/3522/581 3599/3523/581 3597/3521/580
f 3600/3522/581 3602/3524/582 3601/3525/582 3599/3523/581
f 3602/3524/582 3604/3526/583 3603/3527/583 3601/3525/582
f 3604/3526/583 3606/3528/584 3605/3529/584 3603/3527/583
f 3606/3528/584 3608/3530/339 3607/3531/339 3605/3529/584
f 3608/3530/339 3610/3532/585 3609/3533/585 3607/3531/339
f 3610/3532/585 3612/3534/586 3611/3535/586 3609/3533/585
f 3612/3534/586 3614/3536/587 3613/3537/587 3611/3535/586
f 3614/3536/587 3616/3538/588 3615/3539/588 3613/3537/587
f 3616/3538/588 3618/3540/589 3617/3541/589 3615/3539/588
f 3618/3540/589 3620/3542/590 3619/3543/590 3617/3541/589
f 3620/3542/590 3622/3544/591 3621/3545/591 3619/3543/590
f 3622/3544/591 3624/3546/592 3623/3547/592 3621/3545/591
f 3624/3546/592 3626/3548/593 3625/3549/593 3623/3547/592
f 3626/3548/593 3628/3550/594 3627/3551/594 3625/3549/593
f 3628/3552/594 3630/3553/595 3629/3554/595 3627/3555/594
f 3630/3553/595 3632/3556/596 3631/3557/596 3629/3554/595
f 3632/3556/596 3634/3558/597 3633/3559/597 3631/3557/596
f 3634/3558/597 3636/3560/598 3635/3561/598 3633/3559/597
f 3636/3560/598 3638/3562/599 3637/3563/599 3635/3561/598
f 3638/3562/599 3640/3564/600 3639/3565/600 3637/3563/599
f 3640/3564/600 3642/3566/601 3641/3567/601 3639/3565/600
f 3642/3566/601 3644/3568/602 3643/3569/602 3641/3567/601
f 3644/3568/602 3646/3570/603 3645/3571/603 3643/3569/602
f 3646/3570/603 3648/3572/604 3647/3573/604 3645/3571/603
f 3648/3572/604 3650/3574/605 3649/3575/605 3647/3573/604
f 3650/3574/605 3652/3576/606 3651/3577/606 3649/3575/605
f 3652/3576/606 3654/3578/607 3653/3579/607 3651/3577/606
f 3654/3578/607 3656/3580/608 3655/3581/608 3653/3579/607
f 3656/3580/608 3658/3582/609 3657/3583/609 3655/3581/608
f 3658/3582/609 3660/3584/610 3659/3585/610 3657/3583/609
f 3660/3584/610 3662/3586/611 3661/3587/611 3659/3585/610
f 3662/3586/611 3664/3588/612 3663/3589/612 3661/3587/611
f 3664/3588/612 3666/3590/613 3665/3591/613 3663/3589/612
f 3666/3590/613 3668/3592/614 3667/3593/614 3665/3591/613
f 3668/3592/614 3670/3594/615 3669/3595/615 3667/3593/614
f 3670/3594/615 3672/3596/616 3671/3597/616 3669/3595/615
f 3672/3596/616 3674/3598/617 3673/3599/617 3671/3597/616
f 3674/3598/617 3676/3600/618 3675/3601/618 3673/3599/617
f 3676/3600/618 3678/3602/619 3677/3603/619 3675/3601/618
f 3678/3602/619 3680/3604/620 3679/3605/620 3677/3603/619
f 3680/3604/620 3682/3606/621 3681/3607/621 3679/3605/620
f 3682/3606/621 3684/3608/622 3683/3609/622 3681/3607/621
f 3684/3608/622 3686/3610/623 3685/3611/623 3683/3609/622
f 3686/3610/623 3688/3612/624 3687/3613/624 3685/3611/623
f 3688/3612/624 3690/3614/625 3689/3615/625 3687/3613/624
f 3690/3614/625 3692/3616/626 3691/3617/626 3689/3615/625
f 3692/3616/626 3694/3618/627 3693/3619/627 3691/3617/626
f 3694/3618/627 3696/3620/628 3695/3621/628 3693/3619/627
f 3696/3620/628 3698/3622/629 3697/3623/629 3695/3621/628
f 3698/3622/629 3700/3624/630 3699/3625/630 3697/3623/629
f 3700/3624/630 3702/3626/631 3701/3627/631 3699/3625/630
f 3702/3626/631 3704/3628/632 3703/3629/632 3701/3627/631
f 3704/3628/632 3706/3630/633 3705/3631/633 3703/3629/632
f 3706/3630/633 3708/3632/634 3707/3633/634 3705/3631/633
f 3708/3632/634 3710/3634/635 3709/3635/635 3707/3633/634
f 3710/3634/635 3712/3636/636 3711/3637/636 3709/3635/635
f 3712/3636/636 3714/3638/637 3713/3639/637 3711/3637/636
f 3714/3638/637 3716/3640/638 3715/3641/638 3713/3639/637
f 3716/3640/638 3718/3642/639 3717/3643/639 3715/3641/638
f 3718/3644/639 3720/3645/640 3719/3646/640 3717/3647/639
f 3720/3645/640 3722/3648/641 3721/3649/641 3719/3646/640
f 3722/3648/641 3724/3650/642 3723/3651/642 3721/3649/641
f 3724/3650/642 3726/3652/643 3725/3653/643 3723/3651/642
f 3726/3652/643 3728/3654/644 3727/3655/644 3725/3653/643
f 3728/3654/644 3730/3656/645 3729/3657/645 3727/3655/644
f 3730/3656/645 3732/3658/646 3731/3659/646 3729/3657/645
f 3732/3658/646 3734/3660/647 3733/3661/647 3731/3659/646
f 3734/3660/647 3736/3662/648 3735/3663/648 3733/3661/647
f 3736/3662/648 3738/3664/649 3737/3665/649 3735/3663/648
f 3738/3664/649 3740/3666/650 3739/3667/650 3737/3665/649
f 3740/3666/650 3742/3668/651 3741/3669/651 3739/3667/650
f 3742/3668/651 3744/3670/652 3743/3671/652 3741/3669/651
f 3744/3670/652 3746/3672/653 3745/3673/653 3743/3671/652
f 3746/3672/653 3748/3674/654 3747/3675/654 3745/3673/653
f 3748/3674/654 3750/3676/655 3749/3677/655 3747/3675/654
f 3750/3676/655 3752/3678/656 3751/3679/656 3749/3677/655
f 3752/3678/656 3754/3680/657 3753/3681/657 3751/3679/656
f 3754/3680/657 3756/3682/658 3755/3683/658 3753/3681/657
f 3756/3682/658 3758/2847/659 3757/2850/659 3755/3683/658
f 3758/3684/659 3760/3685/660 3759/3686/660 3757/3687/659
f 3760/3688/660 3762/3689/661 3761/3690/661 3759/3691/660
f 3762/3689/661 3764/3692/662 3763/3693/662 3761/3690/661
f 3764/3692/662 3766/3694/663 3765/3695/663 3763/3693/662
f 3766/3694/663 3768/3696/664 3767/3697/664 3765/3695/663
f 3768/3696/664 3770/3698/665 3769/3699/665 3767/3697/664
f 3770/3698/665 3772/3700/448 3771/3701/448 3769/3699/665
f 3772/3700/448 3774/3702/666 3773/3703/666 3771/3701/448
f 3774/3702/666 3776/3704/667 3775/3705/667 3773/3703/666
f 3776/3704/667 3778/3706/668 3777/3707/668 3775/3705/667
f 3778/3706/668 3780/3708/669 3779/3709/669 3777/3707/668
f 3780/3708/669 3782/3710/670 3781/3711/670 3779/3709/669
f 3782/3710/670 3784/3712/671 3783/3713/671 3781/3711/670
f 3784/3712/671 3786/3714/672 3785/3715/672 3783/3713/671
f 3786/3714/672 3788/3716/673 3787/3717/673 3785/3715/672
f 3788/3716/673 3790/3718/674 3789/3719/674 3787/3717/673
f 3790/3718/674 3792/3720/675 3791/3721/675 3789/3719/674
f 3792/3720/675 3794/3722/676 3793/3723/676 3791/3721/675
f 3794/3722/676 3796/3724/677 3795/3725/677 3793/3723/676
f 3796/3724/677 3798/3726/678 3797/3727/678 3795/3725/677
f 3798/3728/678 3800/3729/679 3799/3730/679 3797/3731/678
f 3800/3729/679 3802/3732/680 3801/3733/680 3799/3730/679
f 3802/3732/680 3804/3734/681 3803/3735/681 3801/3733/680
f 3804/3734/681 3806/3736/682 3805/3737/682 3803/3735/681
f 3806/3736/682 3808/3738/683 3807/3739/683 3805/3737/682
f 3808/3738/683 3810/3740/684 3809/3741/684 3807/3739/683
f 3810/3740/684 3812/3742/685 3811/3743/685 3809/3741/684
f 3812/3742/685 3814/3744/686 3813/3745/686 3811/3743/685
f 3814/3744/686 3816/3746/687 3815/3747/687 3813/3745/686
f 3816/3746/687 3818/3748/688 3817/3749/688 3815/3747/687
f 3818/3748/688 3820/3750/689 3819/3751/689 3817/3749/688
f 3820/3750/689 3822/3752/690 3821/3753/690 3819/3751/689
f 3822/3752/690 3824/3754/691 3823/3755/691 3821/3753/690
f 3824/3754/691 3826/3756/692 3825/3757/692 3823/3755/691
f 3826/3756/692 3828/3758/693 3827/3759/693 3825/3757/692
f 3828/3758/693 3830/3760/694 3829/3761/694 3827/3759/693
f 3830/3760/694 3832/3762/695 3831/3763/695 3829/3761/694
f 3832/3762/695 3834/3764/696 3833/3765/696 3831/3763/695
f 3834/3764/696 3836/3766/697 3835/3767/697 3833/3765/696
f 3836/3766/697 3838/3768/698 3837/3769/698 3835/3767/697
f 3838/3768/698 3840/3770/699 3839/3771/699 3837/3769/698
f 3840/3770/699 3842/3772/700 3841/3773/700 3839/3771/699
f 3842/3772/700 3844/3774/701 3843/3775/701 3841/3773/700
f 3844/3774/701 3846/3776/702 3845/3777/702 3843/3775/701
f 3846/3776/702 3848/3778/703 3847/3779/703 3845/3777/702
f 3848/3778/703 3850/3780/704 3849/3781/704 3847/3779/703
f 3850/3780/704 3852/3782/705 3851/3783/705 3849/3781/704
f 3852/3782/705 3854/3784/706 3853/3785/706 3851/3783/705
f 3854/3784/706 3856/3786/707 3855/3787/707 3853/3785/706
f 3856/3786/707 3858/3788/708 3857/3789/708 3855/3787/707
f 3858/3788/708 3860/3790/709 3859/3791/709 3857/3789/708
f 3860/3790/709 3862/3792/710 3861/3793/710 3859/3791/709
f 3862/3792/710 3864/3794/711 3863/3795/711 3861/3793/710
f 3864/3794/711 3866/3796/712 3865/3797/712 3863/3795/711
f 3866/3796/712 3868/3798/713 3867/3799/713 3865/3797/712
f 3868/3798/713 3870/3800/714 3869/3801/714 3867/3799/713
f 3870/3800/714 3872/3802/715 3871/3803/715 3869/3801/714
f 3872/3802/715 3874/3804/716 3873/3805/716 3871/3803/715
f 3874/3804/716 3876/3806/717 3875/3807/717 3873/3805/716
f 3876/3806/717 3878/3808/718 3877/3809/718 3875/3807/717
f 3878/3808/718 3880/3810/719 3879/3811/719 3877/3809/718
f 3880/3810/719 3882/3812/720 3881/3813/720 3879/3811/719
f 3882/3812/720 3884/3814/721 3883/3815/721 3881/3813/720
f 3884/3814/721 3886/3816/722 3885/3817/722 3883/3815/721
f 3886/3816/722 3888/3818/723 3887/3819/723 3885/3817/722
f 3888/3820/723 3890/3821/724 3889/3822/724 3887/3823/723
f 3890/3821/724 3892/3824/725 3891/3825/725 3889/3822/724
f 3892/3824/725 3894/3826/726 3893/3827/726 3891/3825/725
f 3894/3826/726 3896/3828/727 3895/3829/727 3893/3827/726
f 3896/3828/727 3898/3830/728 3897/3831/728 3895/3829/727
f 3898/3830/728 3900/3832/729 3899/3833/729 3897/3831/728
f 3900/3832/729 3902/3834/730 3901/3835/730 3899/3833/729
f 3902/3834/730 3904/3836/731 3903/3837/731 3901/3835/730
f 3904/3836/731 3906/3838/732 3905/3839/732 3903/3837/731
f 3906/3838/732 3908/3840/733 3907/3841/733 3905/3839/732
f 3908/3840/733 3910/3842/734 3909/3843/734 3907/3841/733
f 3910/3842/734 3912/3844/735 3911/3845/735 3909/3843/734
f 3912/3844/735 3914/3846/736 3913/3847/736 3911/3845/735
f 3914/3846/736 3916/3848/737 3915/3849/737 3913/3847/736
f 3916/3848/737 3918/3850/738 3917/3851/738 3915/3849/737
f 3918/3850/738 3920/3852/739 3919/3853/739 3917/3851/738
f 3920/3852/739 3922/3854/740 3921/3855/740 3919/3853/739
f 3922/3854/740 3924/3856/741 3923/3857/741 3921/3855/740
f 3924/3856/741 3926/3858/742 3925/3859/742 3923/3857/741
f 3926/3858/742 3928/3860/743 3927/3861/743 3925/3859/742
f 3928/3860/743 3930/3862/744 3929/3863/744 3927/3861/743
f 3930/3862/744 3932/3864/745 3931/3865/745 3929/3863/744
f 3932/3864/745 3934/3866/746 3933/3867/746 3931/3865/745
f 3934/3866/746 3936/3868/747 3935/3869/747 3933/3867/746
f 3936/3868/747 3938/3870/748 3937/3871/748 3935/3869/747
f 3938/3870/748 3940/3872/749 3939/3873/749 3937/3871/748
f 3940/3872/749 3942/3874/750 3941/3875/750 3939/3873/749
f 3942/3874/750 3944/3876/751 3943/3877/751 3941/3875/750
f 3944/3876/751 3946/3878/752 3945/3879/752 3943/3877/751
f 3946/3878/752 3948/3880/753 3947/3881/753 3945/3879/752
f 3948/3880/753 3950/3882/754 3949/3883/754 3947/3881/753
f 3950/3882/754 3952/3884/755 3951/3885/755 3949/3883/754
f 3952/3884/755 3954/3886/756 3953/3887/756 3951/3885/755
f 3954/3886/756 3956/3888/757 3955/3889/757 3953/3887/756
f 3956/3888/757 3958/3890/758 3957/3891/758 3955/3889/757
f 3958/3890/758 3960/3892/759 3959/3893/759 3957/3891/758
f 3960/3892/759 3962/3894/760 3961/3895/760 3959/3893/759
f 3962/3894/760 3964/3896/761 3963/3897/761 3961/3895/760
f 3964/3896/761 3966/3898/762 3965/3899/762 3963/3897/761
f 3966/3898/762 3968/3900/763 3967/3901/763 3965/3899/762
f 3968/3388/763 3970/3902/764 3969/3903/764 3967/3389/763
f 3970/3902/764 3972/3904/765 3971/3905/765 3969/3903/764
f 3972/3904/765 3974/3906/766 3973/3907/766 3971/3905/765
f 3974/3906/766 3976/3908/767 3975/3909/767 3973/3907/766
f 3976/3908/767 3978/3910/768 3977/3911/768 3975/3909/767
f 3978/3910/768 3980/3912/769 3979/3913/769 3977/3911/768
f 3980/3912/769 3982/3914/770 3981/3915/770 3979/3913/769
f 3982/3914/770 3984/3916/771 3983/3917/771 3981/3915/770
f 3984/3916/771 3986/3918/772 3985/3919/772 3983/3917/771
f 3986/3918/772 3988/3920/773 3987/3921/773 3985/3919/772
f 3988/3920/773 3990/3922/774 3989/3923/774 3987/3921/773
f 3990/3922/774 3992/3924/775 3991/3925/775 3989/3923/774
f 3992/3924/775 3994/3926/776 3993/3927/776 3991/3925/775
f 3994/3926/776 3996/3928/777 3995/3929/777 3993/3927/776
f 3996/3928/777 3998/3930/778 3997/3931/778 3995/3929/777
f 3998/3930/778 4000/3932/779 3999/3933/779 3997/3931/778
f 4000/3932/779 4002/3934/780 4001/3935/780 3999/3933/779
f 4002/3934/780 4004/3936/781 4003/3937/781 4001/3935/780
f 4004/3936/781 4006/3938/782 4005/3939/782 4003/3937/781
f 4006/3938/782 4008/3940/783 4007/3941/783 4005/3939/782
f 4008/3940/783 4010/3942/784 4009/3943/784 4007/3941/783
f 4010/3942/784 4012/3944/785 4011/3945/785 4009/3943/784
f 4012/3944/785 4014/3946/786 4013/3947/786 4011/3945/785
f 4014/3946/786 4016/3948/787 4015/3949/787 4013/3947/786
f 4016/3948/787 4018/3950/788 4017/3951/788 4015/3949/787
f 4018/3950/788 4020/3952/789 4019/3953/789 4017/3951/788
f 4020/3952/789 4022/3954/790 4021/3955/790 4019/3953/789
f 4022/3954/790 4024/3956/791 4023/3957/791 4021/3955/790
f 4024/3956/791 4026/3958/792 4025/3959/792 4023/3957/791
f 4026/3958/792 4028/3960/793 4027/3961/793 4025/3959/792
f 4028/3960/793 4030/3962/794 4029/3963/794 4027/3961/793
f 4030/3962/794 4032/3964/795 4031/3965/795 4029/3963/794
f 4032/3964/795 4034/3966/796 4033/3967/796 4031/3965/795
f 4034/3966/796 4036/3968/797 4035/3969/797 4033/3967/796
f 4036/3968/797 4038/3970/798 4037/3971/798 4035/3969/797
f 4038/3970/798 4040/3972/799 4039/3973/799 4037/3971/798
f 4040/3972/799 4042/3974/800 4041/3975/800 4039/3973/799
f 4042/3974/800 4044/3976/801 4043/3977/801 4041/3975/800
f 4044/3976/801 4046/3978/802 4045/3979/802 4043/3977/801
f 4046/3978/802 4048/3980/803 4047/3981/803 4045/3979/802
f 4048/3980/803 4050/3982/804 4049/3983/804 4047/3981/803
f 4050/3982/804 4052/3984/805 4051/3985/805 4049/3983/804
f 4052/3984/805 4054/3986/806 4053/3987/806 4051/3985/805
f 4054/3986/806 4056/3988/807 4055/3989/807 4053/3987/806
f 4056/3988/807 4058/3990/808 4057/3991/808 4055/3989/807
f 4058/3992/808 4060/3993/809 4059/3994/809 4057/3995/808
f 4060/3993/809 4062/3996/810 4061/3997/810 4059/3994/809
f 4062/3996/810 4064/3998/811 4063/3999/811 4061/3997/810
f 4064/3998/811 4066/4000/812 4065/4001/812 4063/3999/811
f 4066/4000/812 4068/4002/813 4067/4003/813 4065/4001/812
f 4068/4002/813 4070/4004/814 4069/4005/814 4067/4003/813
f 4070/4004/814 4072/4006/815 4071/4007/815 4069/4005/814
f 4072/4006/815 4074/4008/816 4073/4009/816 4071/4007/815
f 4074/4008/816 4076/4010/817 4075/4011/817 4073/4009/816
f 4076/4010/817 4078/4012/818 4077/4013/818 4075/4011/817
f 4078/4012/818 4080/4014/819 4079/4015/819 4077/4013/818
f 4080/4014/819 4082/4016/820 4081/4017/820 4079/4015/819
f 4082/4016/820 4084/4018/821 4083/4019/821 4081/4017/820
f 4084/4018/821 4086/4020/822 4085/4021/822 4083/4019/821
f 4086/4020/822 4088/4022/823 4087/4023/823 4085/4021/822
f 4088/4022/823 4090/4024/824 4089/4025/824 4087/4023/823
f 4090/4024/824 4092/4026/825 4091/4027/825 4089/4025/824
f 4092/4026/825 4094/4028/826 4093/4029/826 4091/4027/825
f 4094/4028/826 4096/4030/827 4095/4031/827 4093/4029/826
f 4096/4032/827 4098/4033/828 4097/4034/828 4095/4035/827
f 4098/4036/828 4100/4037/829 4099/4038/829 4097/4039/828
f 4100/4037/829 4102/4040/830 4101/4041/830 4099/4038/829
f 4102/4040/830 4104/4042/831 4103/4043/831 4101/4041/830
f 4104/4042/831 4106/4044/832 4105/4045/832 4103/4043/831
f 4106/4044/832 4108/4046/833 4107/4047/833 4105/4045/832
f 4108/4046/833 4110/4048/834 4109/4049/834 4107/4047/833
f 4110/4048/834 4112/4050/835 4111/4051/835 4109/4049/834
f 4112/4050/835 4114/4052/836 4113/4053/836 4111/4051/835
f 4114/4052/836 4116/4054/837 4115/4055/837 4113/4053/836
f 4116/4054/837 4118/4056/838 4117/4057/838 4115/4055/837
f 4118/4056/838 4120/4058/839 4119/4059/839 4117/4057/838
f 4120/4058/839 4122/4060/840 4121/4061/840 4119/4059/839
f 4122/4060/840 4124/4062/841 4123/4063/841 4121/4061/840
f 4124/4062/841 4126/4064/842 4125/4065/842 4123/4063/841
f 4126/4064/842 4128/4066/843 4127/4067/843 4125/4065/842
f 4128/4066/843 4130/4068/844 4129/4069/844 4127/4067/843
f 4130/4068/844 4132/4070/845 4131/4071/845 4129/4069/844
f 4132/4070/845 4134/4072/846 4133/4073/846 4131/4071/845
f 4134/4072/846 4136/4074/847 4135/4075/847 4133/4073/846
f 4136/4074/847 4138/4076/848 4137/4077/848 4135/4075/847
f 4138/4078/848 4140/4079/849 4139/4080/849 4137/4081/848
f 4140/4079/849 4142/4082/850 4141/4083/850 4139/4080/849
f 4142/4082/850 4144/4084/851 4143/4085/851 4141/4083/850
f 4144/4084/851 4146/4086/852 4145/4087/852 4143/4085/851
f 4146/4086/852 4148/4088/853 4147/4089/853 4145/4087/852
f 4148/4088/853 4150/4090/854 4149/4091/854 4147/4089/853
f 4150/4090/854 4152/4092/855 4151/4093/855 4149/4091/854
f 4152/4092/855 4154/4094/856 4153/4095/856 4151/4093/855
f 4154/4094/856 4156/4096/857 4155/4097/857 4153/4095/856
f 4156/4096/857 4158/4098/858 4157/4099/858 4155/4097/857
f 4158/4098/858 4160/4100/859 4159/4101/859 4157/4099/858
f 4160/4100/859 4162/4102/860 4161/4103/860 4159/4101/859
f 4162/4102/860 4164/4104/861 4163/4105/861 4161/4103/860
f 4164/4104/861 4166/4106/862 4165/4107/862 4163/4105/861
f 4166/4106/862 4168/4108/863 4167/4109/863 4165/4107/862
f 4168/4108/863 3494/3414/528 3493/3417/528 4167/4109/863
f 4170/4110/254 4172/4111/254 4171/4112/254 4169/4113/254
f 4172/4114/254 4174/4115/255 4173/4116/255 4171/4117/254
f 4174/4118/255 4176/4119/354 4175/4120/354 4173/4121/255
f 4176/3399/354 4178/4122/253 4177/4123/253 4175/3400/354
f 4178/4124/253 4180/4032/253 4179/4035/253 4177/4125/253
f 4180/4126/253 4182/4127/253 4181/4128/253 4179/4129/253
f 4182/4130/253 4184/2959/254 4183/2960/254 4181/4131/253
f 4184/4132/254 4170/4133/254 4169/4134/254 4183/4135/254
f 4186/4136/864 4188/4137/865 4187/4138/865 4185/4139/864
f 4188/4137/865 4190/4140/866 4189/4141/866 4187/4138/865
f 4190/4140/866 4192/4142/867 4191/4143/867 4189/4141/866
f 4192/4142/867 4194/4144/868 4193/4145/868 4191/4143/867
f 4194/4144/868 4196/4146/869 4195/4147/869 4193/4145/868
f 4196/4146/869 4198/4148/870 4197/4149/870 4195/4147/869
f 4198/4148/870 4200/4150/871 4199/4151/871 4197/4149/870
f 4200/4150/871 4202/4152/872 4201/4153/872 4199/4151/871
f 4202/4152/872 4204/4154/873 4203/4155/873 4201/4153/872
f 4204/4154/873 4206/4156/874 4205/4157/874 4203/4155/873
f 4206/4156/874 4208/4158/875 4207/4159/875 4205/4157/874
f 4208/4158/875 4210/4160/876 4209/4161/876 4207/4159/875
f 4210/4160/876 4212/4162/541 4211/4163/541 4209/4161/876
f 4212/4162/541 4214/4164/542 4213/4165/542 4211/4163/541
f 4214/4164/542 4216/4166/543 4215/4167/543 4213/4165/542
f 4216/4166/543 4218/4168/544 4217/4169/544 4215/4167/543
f 4218/4168/544 4220/4170/545 4219/4171/545 4217/4169/544
f 4220/4170/545 4222/4172/546 4221/4173/546 4219/4171/545
f 4222/4172/546 4224/4174/547 4223/4175/547 4221/4173/546
f 4224/4174/547 4226/4176/548 4225/4177/548 4223/4175/547
f 4226/4176/548 4228/4178/549 4227/4179/549 4225/4177/548
f 4228/4178/549 4230/4180/550 4229/4181/550 4227/4179/549
f 4230/4180/550 4232/4182/551 4231/4183/551 4229/4181/550
f 4232/4182/551 4234/4184/552 4233/4185/552 4231/4183/551
f 4234/4184/552 4236/4186/553 4235/4187/553 4233/4185/552
f 4236/4186/553 4238/4188/554 4237/4189/554 4235/4187/553
f 4238/4188/554 4240/4190/555 4239/4191/555 4237/4189/554
f 4240/4190/555 4242/4192/556 4241/4193/556 4239/4191/555
f 4242/4192/556 4244/4194/557 4243/4195/557 4241/4193/556
f 4244/4196/557 4246/4197/558 4245/4198/558 4243/4199/557
f 4246/4197/558 4248/4200/559 4247/4201/559 4245/4198/558
f 4248/4200/559 4250/4202/560 4249/4203/560 4247/4201/559
f 4250/4202/560 4252/4204/561 4251/4205/561 4249/4203/560
f 4252/4204/561 4254/4206/562 4253/4207/562 4251/4205/561
f 4254/4206/562 4256/4208/563 4255/4209/563 4253/4207/562
f 4256/4208/563 4258/4210/564 4257/4211/564 4255/4209/563
f 4258/4210/564 4260/4212/565 4259/4213/565 4257/4211/564
f 4260/4212/565 4262/4214/566 4261/4215/566 4259/4213/565
f 4262/4214/566 4264/4216/567 4263/4217/567 4261/4215/566
f 4264/4216/567 4266/4218/568 4265/4219/568 4263/4217/567
f 4266/4218/568 4268/4220/569 4267/4221/569 4265/4219/568
f 4268/4220/569 4270/4222/570 4269/4223/570 4267/4221/569
f 4270/4222/570 4272/4224/571 4271/4225/571 4269/4223/570
f 4272/4224/571 4274/4226/572 4273/4227/572 4271/4225/571
f 4274/4226/572 4276/4228/573 4275/4229/573 4273/4227/572
f 4276/4228/573 4278/4230/574 4277/4231/574 4275/4229/573
f 4278/4230/574 4280/4232/575 4279/4233/575 4277/4231/574
f 4280/4232/575 4282/4234/576 4281/4235/576 4279/4233/575
f 4282/4234/576 4284/4236/577 4283/4237/577 4281/4235/576
f 4284/4236/577 4286/4238/578 4285/4239/578 4283/4237/577
f 4286/4238/578 4288/4240/579 4287/4241/579 4285/4239/578
f 4288/4240/579 4290/4242/580 4289/4243/580 4287/4241/579
f 4290/4242/580 4292/4244/581 4291/4245/581 4289/4243/580
f 4292/4244/581 4294/4246/582 4293/4247/582 4291/4245/581
f 4294/4246/582 4296/4248/583 4295/4249/583 4293/4247/582
f 4296/4248/583 4298/4250/584 4297/4251/584 4295/4249/583
f 4298/4250/584 4300/4252/339 4299/4253/339 4297/4251/584
f 4300/4252/339 4302/4254/585 4301/4255/585 4299/4253/339
f 4302/4254/585 4304/4256/586 4303/4257/586 4301/4255/585
f 4304/4256/586 4306/4258/587 4305/4259/587 4303/4257/586
f 4306/4258/587 4308/4260/588 4307/4261/588 4305/4259/587
f 4308/4260/588 4310/4262/589 4309/4263/589 4307/4261/588
f 4310/4262/589 4312/4264/590 4311/4265/590 4309/4263/589
f 4312/4264/590 4314/4266/591 4313/4267/591 4311/4265/590
f 4314/4266/591 4316/4268/877 4315/4269/877 4313/4267/591
f 4316/4268/877 4318/4270/593 4317/4271/593 4315/4269/877
f 4318/4270/593 4320/4272/594 4319/4273/594 4317/4271/593
f 4320/4274/594 4322/4275/595 4321/4276/595 4319/4277/594
f 4322/4275/595 4324/4278/596 4323/4279/596 4321/4276/595
f 4324/4278/596 4326/4280/597 4325/4281/597 4323/4279/596
f 4326/4280/597 4328/4282/598 4327/4283/598 4325/4281/597
f 4328/4282/598 4330/4284/599 4329/4285/599 4327/4283/598
f 4330/4284/599 4332/4286/600 4331/4287/600 4329/4285/599
f 4332/4286/600 4334/4288/601 4333/4289/601 4331/4287/600
f 4334/4288/601 4336/4290/602 4335/4291/602 4333/4289/601
f 4336/4290/602 4338/4292/603 4337/4293/603 4335/4291/602
f 4338/4292/603 4340/4294/604 4339/4295/604 4337/4293/603
f 4340/4294/604 4342/4296/605 4341/4297/605 4339/4295/604
f 4342/4296/605 4344/4298/606 4343/4299/606 4341/4297/605
f 4344/4298/606 4346/4300/607 4345/4301/607 4343/4299/606
f 4346/4300/607 4348/4302/608 4347/4303/608 4345/4301/607
f 4348/4302/608 4350/4304/609 4349/4305/609 4347/4303/608
f 4350/4304/609 4352/4306/610 4351/4307/610 4349/4305/609
f 4352/4306/610 4354/4308/878 4353/4309/878 4351/4307/610
f 4354/4308/878 4356/4310/879 4355/4311/879 4353/4309/878
f 4356/4310/879 4358/4312/880 4357/4313/880 4355/4311/879
f 4358/4312/880 4360/4314/881 4359/4315/881 4357/4313/880
f 4360/4314/881 4362/4316/882 4361/4317/882 4359/4315/881
f 4362/4316/882 4364/4318/883 4363/4319/883 4361/4317/882
f 4364/4318/883 4366/4320/884 4365/4321/884 4363/4319/883
f 4366/4320/884 4368/4322/885 4367/4323/885 4365/4321/884
f 4368/4322/885 4370/4324/886 4369/4325/886 4367/4323/885
f 4370/4324/886 4372/4326/887 4371/4327/887 4369/4325/886
f 4372/4326/887 4374/4328/888 4373/4329/888 4371/4327/887
f 4374/4328/888 4376/4330/889 4375/4331/889 4373/4329/888
f 4376/4330/889 4378/4332/890 4377/4333/890 4375/4331/889
f 4378/4332/890 4380/4334/891 4379/4335/891 4377/4333/890
f 4380/4334/891 4382/4336/892 4381/4337/892 4379/4335/891
f 4382/4336/892 4384/4338/893 4383/4339/893 4381/4337/892
f 4384/4338/893 4386/4340/894 4385/4341/894 4383/4339/893
f 4386/4340/894 4388/4342/895 4387/4343/895 4385/4341/894
f 4388/4119/895 4390/4344/896 4389/4345/896 4387/4120/895
f 4390/4344/896 4392/4346/897 4391/4347/897 4389/4345/896
f 4392/4346/897 4394/4348/898 4393/4349/898 4391/4347/897
f 4394/4348/898 4396/4350/899 4395/4351/899 4393/4349/898
f 4396/4350/899 4398/4352/900 4397/4353/900 4395/4351/899
f 4398/4352/900 4400/4354/901 4399/4355/901 4397/4353/900
f 4400/4354/901 4402/4356/902 4401/4357/902 4399/4355/901
f 4402/4356/902 4404/4358/903 4403/4359/903 4401/4357/902
f 4404/4358/903 4406/4360/904 4405/4361/904 4403/4359/903
f 4406/4360/904 4408/4362/905 4407/4363/905 4405/4361/904
f 4408/4362/905 4410/4364/906 4409/4365/906 4407/4363/905
f 4410/4364/906 4412/4366/907 4411/4367/907 4409/4365/906
f 4412/4366/907 4414/4368/908 4413/4369/908 4411/4367/907
f 4414/4368/908 4416/4370/909 4415/4371/909 4413/4369/908
f 4416/4370/909 4418/4372/910 4417/4373/910 4415/4371/909
f 4418/4372/910 4420/4374/911 4419/4375/911 4417/4373/910
f 4420/4374/911 4422/4376/912 4421/4377/912 4419/4375/911
f 4422/4376/912 4424/4378/913 4423/4379/913 4421/4377/912
f 4424/4378/913 4426/4380/914 4425/4381/914 4423/4379/913
f 4426/4380/914 4428/4382/915 4427/4383/915 4425/4381/914
f 4428/4382/915 4430/4384/916 4429/4385/916 4427/4383/915
f 4430/4384/916 4432/4386/917 4431/4387/917 4429/4385/916
f 4432/4386/917 4434/4388/918 4433/4389/918 4431/4387/917
f 4434/4388/918 4436/4390/919 4435/4391/919 4433/4389/918
f 4436/4390/919 4438/4392/920 4437/4393/920 4435/4391/919
f 4438/4392/920 4440/4394/921 4439/4395/921 4437/4393/920
f 4440/4394/921 4442/4396/922 4441/4397/922 4439/4395/921
f 4442/4396/922 4444/4398/923 4443/4399/923 4441/4397/922
f 4444/4398/923 4446/4400/924 4445/4401/924 4443/4399/923
f 4446/4400/924 4448/4402/925 4447/4403/925 4445/4401/924
f 4448/4402/925 4450/4404/926 4449/4405/926 4447/4403/925
f 4450/4404/926 4452/4406/927 4451/4407/927 4449/4405/926
f 4452/4406/927 4454/4408/928 4453/4409/928 4451/4407/927
f 4454/4408/928 4456/4410/929 4455/4411/929 4453/4409/928
f 4456/4410/929 4458/4412/930 4457/4413/930 4455/4411/929
f 4458/4412/930 4460/4414/931 4459/4415/931 4457/4413/930
f 4460/4414/931 4462/4416/932 4461/4417/932 4459/4415/931
f 4462/4416/932 4464/4418/933 4463/4419/933 4461/4417/932
f 4464/4420/933 4466/4421/934 4465/4422/934 4463/4423/933
f 4466/4421/934 4468/4424/935 4467/4425/935 4465/4422/934
f 4468/4424/935 4470/4426/936 4469/4427/936 4467/4425/935
f 4470/4426/936 4472/4428/937 4471/4429/937 4469/4427/936
f 4472/4428/937 4186/4136/864 4185/4139/864 4471/4429/937
f 4474/4430/938 4476/4431/939 4475/4432/939 4473/4433/938
f 4476/4431/939 4478/4434/940 4477/4435/940 4475/4432/939
f 4478/4434/940 4480/4436/941 4479/4437/941 4477/4435/940
f 4480/4436/941 4482/4438/942 4481/4439/942 4479/4437/941
f 4482/4438/942 4484/4440/943 4483/4441/943 4481/4439/942
f 4484/4440/943 4486/4442/944 4485/4443/944 4483/4441/943
f 4486/4442/944 4488/4444/945 4487/4445/945 4485/4443/944
f 4488/4444/945 4490/4446/946 4489/4447/946 4487/4445/945
f 4490/4446/946 4492/4448/947 4491/4449/947 4489/4447/946
f 4492/4448/947 4494/4450/948 4493/4451/948 4491/4449/947
f 4494/4450/948 4496/4452/949 4495/4453/949 4493/4451/948
f 4496/4452/949 4498/4454/950 4497/4455/950 4495/4453/949
f 4498/4454/950 4500/4456/951 4499/4457/951 4497/4455/950
f 4500/4456/951 4502/4458/952 4501/4459/952 4499/4457/951
f 4502/4458/952 4504/4460/953 4503/4461/953 4501/4459/952
f 4504/4460/953 4506/4462/954 4505/4463/954 4503/4461/953
f 4506/4462/954 4508/4464/955 4507/4465/955 4505/4463/954
f 4508/4464/955 4510/4466/956 4509/4467/956 4507/4465/955
f 4510/4466/956 4512/4468/957 4511/4469/957 4509/4467/956
f 4512/4468/957 4514/4470/958 4513/4471/958 4511/4469/957
f 4514/4470/958 4516/4472/959 4515/4473/959 4513/4471/958
f 4516/4472/959 4518/4474/960 4517/4475/960 4515/4473/959
f 4518/4474/960 4520/4476/961 4519/4477/961 4517/4475/960
f 4520/4476/961 4522/4478/962 4521/4479/962 4519/4477/961
f 4522/4478/962 4524/4480/963 4523/4481/963 4521/4479/962
f 4524/4480/963 4526/4482/964 4525/4483/964 4523/4481/963
f 4526/4482/964 4528/4484/965 4527/4485/965 4525/4483/964
f 4528/4484/965 4530/4486/966 4529/4487/966 4527/4485/965
f 4530/4486/966 4532/3688/967 4531/3691/967 4529/4487/966
f 4532/4130/967 4534/4488/968 4533/4489/968 4531/4490/967
f 4534/4488/968 4536/4491/969 4535/4492/969 4533/4489/968
f 4536/4491/969 4538/4493/970 4537/4494/970 4535/4492/969
f 4538/4493/970 4540/4495/971 4539/4496/971 4537/4494/970
f 4540/4495/971 4542/4497/972 4541/4498/972 4539/4496/971
f 4542/4497/972 4544/4499/973 4543/4500/973 4541/4498/972
f 4544/4499/973 4546/4501/974 4545/4502/974 4543/4500/973
f 4546/4501/974 4548/4503/975 4547/4504/975 4545/4502/974
f 4548/4503/975 4550/4505/976 4549/4506/976 4547/4504/975
f 4550/4505/976 4552/4507/977 4551/4508/977 4549/4506/976
f 4552/4507/977 4554/4509/978 4553/4510/978 4551/4508/977
f 4554/4509/978 4556/4511/979 4555/4512/979 4553/4510/978
f 4556/4511/979 4558/4513/980 4557/4514/980 4555/4512/979
f 4558/4513/980 4560/4515/981 4559/4516/981 4557/4514/980
f 4560/4515/981 4562/4517/982 4561/4518/982 4559/4516/981
f 4562/4517/982 4564/4519/983 4563/4520/983 4561/4518/982
f 4564/4519/983 4566/4521/984 4565/4522/984 4563/4520/983
f 4566/4521/984 4568/4523/985 4567/4524/985 4565/4522/984
f 4568/4523/985 4570/4525/986 4569/4526/986 4567/4524/985
f 4570/4525/986 4572/4527/987 4571/4528/987 4569/4526/986
f 4572/4527/987 4574/4529/988 4573/4530/988 4571/4528/987
f 4574/4529/988 4576/4531/989 4575/4532/989 4573/4530/988
f 4576/4531/989 4578/4533/990 4577/4534/990 4575/4532/989
f 4578/4533/990 4580/4535/991 4579/4536/991 4577/4534/990
f 4580/4535/991 4582/4537/992 4581/4538/992 4579/4536/991
f 4582/4537/992 4584/4539/993 4583/4540/993 4581/4538/992
f 4584/4539/993 4586/4541/994 4585/4542/994 4583/4540/993
f 4586/4541/994 4588/4543/995 4587/4544/995 4585/4542/994
f 4588/4543/995 4590/4545/996 4589/4546/996 4587/4544/995
f 4590/4545/996 4592/4547/997 4591/4548/997 4589/4546/996
f 4592/4547/997 4594/4549/998 4593/4550/998 4591/4548/997
f 4594/4549/998 4596/4551/999 4595/4552/999 4593/4550/998
f 4596/4551/999 4598/4553/1000 4597/4554/1000 4595/4552/999
f 4598/4553/1000 4600/4555/1001 4599/4556/1001 4597/4554/1000
f 4600/4555/1001 4602/4557/1002 4601/4558/1002 4599/4556/1001
f 4602/4557/1002 4604/4559/1003 4603/4560/1003 4601/4558/1002
f 4604/4559/1003 4606/4561/1004 4605/4562/1004 4603/4560/1003
f 4606/4561/1004 4608/4563/1005 4607/4564/1005 4605/4562/1004
f 4608/4563/1005 4610/4565/1006 4609/4566/1006 4607/4564/1005
f 4610/4567/1006 4612/4568/1007 4611/4569/1007 4609/4570/1006
f 4612/4568/1007 4614/4571/1008 4613/4572/1008 4611/4569/1007
f 4614/4571/1008 4616/4573/1009 4615/4574/1009 4613/4572/1008
f 4616/4573/1009 4618/4575/1010 4617/4576/1010 4615/4574/1009
f 4618/4575/1010 4620/4577/1011 4619/4578/1011 4617/4576/1010
f 4620/4577/1011 4622/4579/1012 4621/4580/1012 4619/4578/1011
f 4622/4579/1012 4624/4581/1013 4623/4582/1013 4621/4580/1012
f 4624/4581/1013 4626/4583/1014 4625/4584/1014 4623/4582/1013
f 4626/4583/1014 4628/4585/1015 4627/4586/1015 4625/4584/1014
f 4628/4585/1015 4630/4587/1016 4629/4588/1016 4627/4586/1015
f 4630/4587/1016 4632/4589/1017 4631/4590/1017 4629/4588/1016
f 4632/4589/1017 4634/4591/1018 4633/4592/1018 4631/4590/1017
f 4634/4591/1018 4636/4593/1019 4635/4594/1019 4633/4592/1018
f 4636/4593/1019 4638/4595/1020 4637/4596/1020 4635/4594/1019
f 4638/4595/1020 4640/4597/1021 4639/4598/1021 4637/4596/1020
f 4640/4597/1021 4642/4599/876 4641/4600/876 4639/4598/1021
f 4642/4599/876 4644/4601/1022 4643/4602/1022 4641/4600/876
f 4644/4601/1022 4646/4603/1023 4645/4604/1023 4643/4602/1022
f 4646/4603/1023 4648/4605/1024 4647/4606/1024 4645/4604/1023
f 4648/4605/1024 4650/4607/1025 4649/4608/1025 4647/4606/1024
f 4650/4607/1025 4652/4609/1026 4651/4610/1026 4649/4608/1025
f 4652/4609/1026 4654/4611/1027 4653/4612/1027 4651/4610/1026
f 4654/4611/1027 4656/4613/1028 4655/4614/1028 4653/4612/1027
f 4656/4613/1028 4658/4615/1029 4657/4616/1029 4655/4614/1028
f 4658/4615/1029 4660/4617/1030 4659/4618/1030 4657/4616/1029
f 4660/4617/1030 4662/4619/1031 4661/4620/1031 4659/4618/1030
f 4662/4619/1031 4664/4621/1032 4663/4622/1032 4661/4620/1031
f 4664/4621/1032 4666/4623/1033 4665/4624/1033 4663/4622/1032
f 4666/4623/1033 4668/4625/1034 4667/4626/1034 4665/4624/1033
f 4668/4625/1034 4670/4627/1035 4669/4628/1035 4667/4626/1034
f 4670/4627/1035 4672/4629/1036 4671/4630/1036 4669/4628/1035
f 4672/4629/1036 4674/3165/1037 4673/3168/1037 4671/4630/1036
f 4674/4631/1037 4676/4632/1038 4675/4633/1038 4673/4634/1037
f 4676/4632/1038 4678/4635/1039 4677/4636/1039 4675/4633/1038
f 4678/4635/1039 4680/4637/1040 4679/4638/1040 4677/4636/1039
f 4680/4637/1040 4682/4639/1041 4681/4640/1041 4679/4638/1040
f 4682/4639/1041 4684/4641/1042 4683/4642/1042 4681/4640/1041
f 4684/4641/1042 4686/4643/1043 4685/4644/1043 4683/4642/1042
f 4686/4643/1043 4688/4645/1044 4687/4646/1044 4685/4644/1043
f 4688/4645/1044 4690/4647/1045 4689/4648/1045 4687/4646/1044
f 4690/4647/1045 4692/4649/1046 4691/4650/1046 4689/4648/1045
f 4692/4649/1046 4694/4651/1047 4693/4652/1047 4691/4650/1046
f 4694/4651/1047 4696/4653/1048 4695/4654/1048 4693/4652/1047
f 4696/4653/1048 4698/4655/1049 4697/4656/1049 4695/4654/1048
f 4698/4655/1049 4700/4657/1050 4699/4658/1050 4697/4656/1049
f 4700/4657/1050 4702/4659/1051 4701/4660/1051 4699/4658/1050
f 4702/4659/1051 4704/4661/1052 4703/4662/1052 4701/4660/1051
f 4704/4661/1052 4706/4663/1053 4705/4664/1053 4703/4662/1052
f 4706/4663/1053 4708/4665/1054 4707/4666/1054 4705/4664/1053
f 4708/4665/1054 4710/4667/1055 4709/4668/1055 4707/4666/1054
f 4710/4667/1055 4712/4669/1056 4711/4670/1056 4709/4668/1055
f 4712/4669/1056 4714/4671/743 4713/4672/743 4711/4670/1056
f 4714/4671/743 4716/4673/744 4715/4674/744 4713/4672/743
f 4716/4673/744 4718/4675/745 4717/4676/745 4715/4674/744
f 4718/4675/745 4720/4677/1057 4719/4678/1057 4717/4676/745
f 4720/4677/1057 4722/4679/1058 4721/4680/1058 4719/4678/1057
f 4722/4679/1058 4724/4681/1059 4723/4682/1059 4721/4680/1058
f 4724/4681/1059 4726/4683/1060 4725/4684/1060 4723/4682/1059
f 4726/4683/1060 4728/4685/1061 4727/4686/1061 4725/4684/1060
f 4728/4685/1061 4730/4687/1062 4729/4688/1062 4727/4686/1061
f 4730/4687/1062 4732/4689/276 4731/4690/276 4729/4688/1062
f 4732/4689/276 4734/4691/1063 4733/4692/1063 4731/4690/276
f 4734/4691/1063 4736/4693/1064 4735/4694/1064 4733/4692/1063
f 4736/4693/1064 4738/4695/1065 4737/4696/1065 4735/4694/1064
f 4738/4695/1065 4740/4697/1066 4739/4698/1066 4737/4696/1065
f 4740/4697/1066 4742/4699/1067 4741/4700/1067 4739/4698/1066
f 4742/4699/1067 4744/4701/1068 4743/4702/1068 4741/4700/1067
f 4744/4701/1068 4746/4703/1069 4745/4704/1069 4743/4702/1068
f 4746/4703/1069 4748/4705/1070 4747/4706/1070 4745/4704/1069
f 4748/4705/1070 4750/4707/761 4749/4708/761 4747/4706/1070
f 4750/4707/761 4752/4709/1071 4751/4710/1071 4749/4708/761
f 4752/4709/1071 4754/4711/1072 4753/4712/1072 4751/4710/1071
f 4754/4713/1072 4756/4714/1073 4755/4715/1073 4753/4716/1072
f 4756/4714/1073 4758/4717/1074 4757/4718/1074 4755/4715/1073
f 4758/4717/1074 4760/4719/1075 4759/4720/1075 4757/4718/1074
f 4760/4719/1075 4474/4430/938 4473/4433/938 4759/4720/1075
