# Blender 4.3.1
# www.blender.org
mtllib obstacle.mtl
o thing
v 1.553513 -7.239404 1.651439
v 1.553513 -7.007636 1.651439
v 1.429780 -7.239404 1.651439
v 1.429780 -7.007636 1.651439
v 1.553513 -7.239404 -1.658526
v 1.553513 -7.007636 -1.658526
v 1.429780 -7.239404 -1.658526
v 1.429780 -7.007636 -1.658526
v 1.553513 -7.209031 1.651439
v 1.553513 -7.038009 1.651439
v 1.553513 -7.038009 -1.658526
v 1.553513 -7.209031 -1.658526
v 1.463194 -7.209031 1.651439
v 1.463194 -7.038009 1.651439
v 1.463194 -7.038009 -1.658526
v 1.463194 -7.209031 -1.658526
v 1.553513 -4.921717 1.651439
v 1.553513 -4.689948 1.651439
v 1.429780 -4.921717 1.651439
v 1.429780 -4.689948 1.651439
v 1.553513 -4.921717 -1.658526
v 1.553513 -4.689948 -1.658526
v 1.429780 -4.921717 -1.658526
v 1.429780 -4.689948 -1.658526
v 1.553513 -4.891344 1.651439
v 1.553513 -4.720321 1.651439
v 1.553513 -4.720321 -1.658526
v 1.553513 -4.891344 -1.658526
v 1.463194 -4.891344 1.651439
v 1.463194 -4.720321 1.651439
v 1.463194 -4.720321 -1.658526
v 1.463194 -4.891344 -1.658526
v 1.553513 -2.604029 1.651439
v 1.553513 -2.372260 1.651439
v 1.429780 -2.604029 1.651439
v 1.429780 -2.372260 1.651439
v 1.553513 -2.604029 -1.658526
v 1.553513 -2.372260 -1.658526
v 1.429780 -2.604029 -1.658526
v 1.429780 -2.372260 -1.658526
v 1.553513 -2.573656 1.651439
v 1.553513 -2.402633 1.651439
v 1.553513 -2.402633 -1.658526
v 1.553513 -2.573656 -1.658526
v 1.463194 -2.573656 1.651439
v 1.463194 -2.402633 1.651439
v 1.463194 -2.402633 -1.658526
v 1.463194 -2.573656 -1.658526
v 1.553513 -0.286341 1.651439
v 1.553513 -0.054573 1.651439
v 1.429780 -0.286341 1.651439
v 1.429780 -0.054573 1.651439
v 1.553513 -0.286341 -1.658526
v 1.553513 -0.054573 -1.658526
v 1.429780 -0.286341 -1.658526
v 1.429780 -0.054573 -1.658526
v 1.553513 -0.255968 1.651439
v 1.553513 -0.084946 1.651439
v 1.553513 -0.084946 -1.658526
v 1.553513 -0.255968 -1.658526
v 1.463194 -0.255968 1.651439
v 1.463194 -0.084946 1.651439
v 1.463194 -0.084946 -1.658526
v 1.463194 -0.255968 -1.658526
v 1.553513 2.031346 1.651439
v 1.553513 2.263116 1.651439
v 1.429780 2.031346 1.651439
v 1.429780 2.263116 1.651439
v 1.553513 2.031346 -1.658526
v 1.553513 2.263116 -1.658526
v 1.429780 2.031346 -1.658526
v 1.429780 2.263116 -1.658526
v 1.553513 2.061720 1.651439
v 1.553513 2.232742 1.651439
v 1.553513 2.232742 -1.658526
v 1.553513 2.061720 -1.658526
v 1.463194 2.061720 1.651439
v 1.463194 2.232742 1.651439
v 1.463194 2.232742 -1.658526
v 1.463194 2.061720 -1.658526
v 1.553513 4.349034 1.651439
v 1.553513 4.580804 1.651439
v 1.429780 4.349034 1.651439
v 1.429780 4.580804 1.651439
v 1.553513 4.349034 -1.658526
v 1.553513 4.580804 -1.658526
v 1.429780 4.349034 -1.658526
v 1.429780 4.580804 -1.658526
v 1.553513 4.379408 1.651439
v 1.553513 4.550430 1.651439
v 1.553513 4.550430 -1.658526
v 1.553513 4.379408 -1.658526
v 1.463194 4.379408 1.651439
v 1.463194 4.550430 1.651439
v 1.463194 4.550430 -1.658526
v 1.463194 4.379408 -1.658526
v 1.553513 6.666722 1.651439
v 1.553513 6.898492 1.651439
v 1.429780 6.666722 1.651439
v 1.429780 6.898492 1.651439
v 1.553513 6.666722 -1.658526
v 1.553513 6.898492 -1.658526
v 1.429780 6.666722 -1.658526
v 1.429780 6.898492 -1.658526
v 1.553513 6.697096 1.651439
v 1.553513 6.868118 1.651439
v 1.553513 6.868118 -1.658526
v 1.553513 6.697096 -1.658526
v 1.463194 6.697096 1.651439
v 1.463194 6.868118 1.651439
v 1.463194 6.868118 -1.658526
v 1.463194 6.697096 -1.658526
v -1.352572 -8.048638 1.750247
v -1.352572 8.048638 1.750247
v -1.698980 -8.048638 1.750247
v -1.698980 8.048638 1.750247
v -1.352572 -8.048638 1.249753
v -1.352572 8.048638 1.249753
v -1.698980 -8.048638 1.249753
v -1.698980 8.048638 1.249753
v -1.352572 -8.048638 1.671606
v -1.352572 8.048638 1.671606
v -1.352572 8.048638 1.328394
v -1.352572 -8.048638 1.328394
v -1.595877 -8.048638 1.671606
v -1.595877 8.048638 1.671606
v -1.595877 8.048638 1.328394
v -1.595877 -8.048638 1.328394
v 1.352572 -8.048638 1.249753
v 1.352572 8.048638 1.249753
v 1.698980 -8.048638 1.249753
v 1.698980 8.048638 1.249753
v 1.352572 -8.048638 1.750248
v 1.352572 8.048638 1.750248
v 1.698980 -8.048638 1.750247
v 1.698980 8.048638 1.750247
v 1.352572 -8.048638 1.328395
v 1.352572 8.048638 1.328395
v 1.352572 8.048638 1.671606
v 1.352572 -8.048638 1.671606
v 1.595877 -8.048638 1.328394
v 1.595877 8.048638 1.328394
v 1.595877 8.048638 1.671606
v 1.595877 -8.048638 1.671606
v 1.352572 -8.048638 -1.750247
v 1.352572 8.048638 -1.750247
v 1.698980 -8.048638 -1.750247
v 1.698980 8.048638 -1.750247
v 1.352572 -8.048638 -1.249753
v 1.352572 8.048638 -1.249753
v 1.698980 -8.048638 -1.249753
v 1.698980 8.048638 -1.249753
v 1.352572 -8.048638 -1.671606
v 1.352572 8.048638 -1.671606
v 1.352572 8.048638 -1.328394
v 1.352572 -8.048638 -1.328394
v 1.595877 -8.048638 -1.671606
v 1.595877 8.048638 -1.671606
v 1.595877 8.048638 -1.328394
v 1.595877 -8.048638 -1.328394
v -1.352571 -8.048638 -1.249753
v -1.352571 8.048638 -1.249753
v -1.698980 -8.048638 -1.249753
v -1.698980 8.048638 -1.249753
v -1.352571 -8.048638 -1.750247
v -1.352571 8.048638 -1.750247
v -1.698980 -8.048638 -1.750247
v -1.698980 8.048638 -1.750247
v -1.352571 -8.048638 -1.328394
v -1.352571 8.048638 -1.328394
v -1.352571 8.048638 -1.671606
v -1.352571 -8.048638 -1.671606
v -1.595877 -8.048638 -1.328394
v -1.595877 8.048638 -1.328394
v -1.595877 8.048638 -1.671606
v -1.595877 -8.048638 -1.671606
v -1.651439 -7.239408 1.553513
v -1.651439 -7.007639 1.553513
v -1.651439 -7.239408 1.429780
v -1.651439 -7.007639 1.429780
v 1.658526 -7.239408 1.553513
v 1.658526 -7.007639 1.553513
v 1.658526 -7.239408 1.429780
v 1.658526 -7.007639 1.429780
v -1.651439 -7.209035 1.553513
v -1.651439 -7.038013 1.553513
v 1.658526 -7.038013 1.553513
v 1.658526 -7.209035 1.553513
v -1.651439 -7.209035 1.463194
v -1.651439 -7.038013 1.463194
v 1.658526 -7.038013 1.463194
v 1.658526 -7.209035 1.463194
v -1.651439 -4.921721 1.553513
v -1.651439 -4.689952 1.553513
v -1.651439 -4.921721 1.429780
v -1.651439 -4.689952 1.429780
v 1.658526 -4.921721 1.553513
v 1.658526 -4.689952 1.553513
v 1.658526 -4.921721 1.429780
v 1.658526 -4.689952 1.429780
v -1.651439 -4.891347 1.553513
v -1.651439 -4.720325 1.553513
v 1.658526 -4.720325 1.553513
v 1.658526 -4.891347 1.553513
v -1.651439 -4.891347 1.463194
v -1.651439 -4.720325 1.463194
v 1.658526 -4.720325 1.463194
v 1.658526 -4.891347 1.463194
v -1.651439 -2.604033 1.553513
v -1.651439 -2.372264 1.553513
v -1.651439 -2.604033 1.429780
v -1.651439 -2.372264 1.429780
v 1.658526 -2.604033 1.553513
v 1.658526 -2.372264 1.553513
v 1.658526 -2.604033 1.429780
v 1.658526 -2.372264 1.429780
v -1.651439 -2.573659 1.553513
v -1.651439 -2.402637 1.553513
v 1.658526 -2.402637 1.553513
v 1.658526 -2.573659 1.553513
v -1.651439 -2.573659 1.463194
v -1.651439 -2.402637 1.463194
v 1.658526 -2.402637 1.463194
v 1.658526 -2.573659 1.463194
v -1.651439 -0.286345 1.553513
v -1.651439 -0.054576 1.553513
v -1.651439 -0.286345 1.429780
v -1.651439 -0.054576 1.429780
v 1.658526 -0.286345 1.553513
v 1.658526 -0.054576 1.553513
v 1.658526 -0.286345 1.429780
v 1.658526 -0.054576 1.429780
v -1.651439 -0.255972 1.553513
v -1.651439 -0.084949 1.553513
v 1.658526 -0.084949 1.553513
v 1.658526 -0.255972 1.553513
v -1.651439 -0.255972 1.463194
v -1.651439 -0.084949 1.463194
v 1.658526 -0.084949 1.463194
v 1.658526 -0.255972 1.463194
v -1.651439 2.031343 1.553513
v -1.651439 2.263112 1.553513
v -1.651439 2.031343 1.429780
v -1.651439 2.263112 1.429780
v 1.658526 2.031343 1.553513
v 1.658526 2.263112 1.553513
v 1.658526 2.031343 1.429780
v 1.658526 2.263112 1.429780
v -1.651439 2.061716 1.553513
v -1.651439 2.232738 1.553513
v 1.658526 2.232738 1.553513
v 1.658526 2.061716 1.553513
v -1.651439 2.061716 1.463194
v -1.651439 2.232738 1.463194
v 1.658526 2.232738 1.463194
v 1.658526 2.061716 1.463194
v -1.651439 4.349030 1.553513
v -1.651439 4.580800 1.553513
v -1.651439 4.349030 1.429780
v -1.651439 4.580800 1.429780
v 1.658526 4.349030 1.553513
v 1.658526 4.580800 1.553513
v 1.658526 4.349030 1.429780
v 1.658526 4.580800 1.429780
v -1.651439 4.379404 1.553513
v -1.651439 4.550426 1.553513
v 1.658526 4.550426 1.553513
v 1.658526 4.379404 1.553513
v -1.651439 4.379404 1.463194
v -1.651439 4.550426 1.463194
v 1.658526 4.550426 1.463194
v 1.658526 4.379404 1.463194
v -1.651439 6.666718 1.553513
v -1.651439 6.898488 1.553513
v -1.651439 6.666718 1.429780
v -1.651439 6.898488 1.429780
v 1.658526 6.666718 1.553513
v 1.658526 6.898488 1.553513
v 1.658526 6.666718 1.429780
v 1.658526 6.898488 1.429780
v -1.651439 6.697092 1.553513
v -1.651439 6.868114 1.553513
v 1.658526 6.868114 1.553513
v 1.658526 6.697092 1.553513
v -1.651439 6.697092 1.463194
v -1.651439 6.868114 1.463194
v 1.658526 6.868114 1.463194
v 1.658526 6.697092 1.463194
v -1.553514 -7.239404 -1.651439
v -1.553514 -7.007636 -1.651439
v -1.429780 -7.239404 -1.651439
v -1.429780 -7.007636 -1.651439
v -1.553513 -7.239404 1.658526
v -1.553513 -7.007636 1.658526
v -1.429779 -7.239404 1.658526
v -1.429779 -7.007636 1.658526
v -1.553514 -7.209031 -1.651439
v -1.553514 -7.038009 -1.651439
v -1.553513 -7.038009 1.658526
v -1.553513 -7.209031 1.658526
v -1.463194 -7.209031 -1.651439
v -1.463194 -7.038009 -1.651439
v -1.463193 -7.038009 1.658526
v -1.463193 -7.209031 1.658526
v -1.553514 -4.921717 -1.651439
v -1.553514 -4.689948 -1.651439
v -1.429780 -4.921717 -1.651439
v -1.429780 -4.689948 -1.651439
v -1.553513 -4.921717 1.658526
v -1.553513 -4.689948 1.658526
v -1.429779 -4.921717 1.658526
v -1.429779 -4.689948 1.658526
v -1.553514 -4.891344 -1.651439
v -1.553514 -4.720321 -1.651439
v -1.553513 -4.720321 1.658526
v -1.553513 -4.891344 1.658526
v -1.463194 -4.891344 -1.651439
v -1.463194 -4.720321 -1.651439
v -1.463193 -4.720321 1.658526
v -1.463193 -4.891344 1.658526
v -1.553514 -2.604029 -1.651439
v -1.553514 -2.372260 -1.651439
v -1.429780 -2.604029 -1.651439
v -1.429780 -2.372260 -1.651439
v -1.553513 -2.604029 1.658526
v -1.553513 -2.372260 1.658526
v -1.429779 -2.604029 1.658526
v -1.429779 -2.372260 1.658526
v -1.553514 -2.573656 -1.651439
v -1.553514 -2.402633 -1.651439
v -1.553513 -2.402633 1.658526
v -1.553513 -2.573656 1.658526
v -1.463194 -2.573656 -1.651439
v -1.463194 -2.402633 -1.651439
v -1.463193 -2.402633 1.658526
v -1.463193 -2.573656 1.658526
v -1.553514 -0.286341 -1.651439
v -1.553514 -0.054573 -1.651439
v -1.429780 -0.286341 -1.651439
v -1.429780 -0.054573 -1.651439
v -1.553513 -0.286341 1.658526
v -1.553513 -0.054573 1.658526
v -1.429779 -0.286341 1.658526
v -1.429779 -0.054573 1.658526
v -1.553514 -0.255968 -1.651439
v -1.553514 -0.084946 -1.651439
v -1.553513 -0.084946 1.658526
v -1.553513 -0.255968 1.658526
v -1.463194 -0.255968 -1.651439
v -1.463194 -0.084946 -1.651439
v -1.463193 -0.084946 1.658526
v -1.463193 -0.255968 1.658526
v -1.553514 2.031346 -1.651439
v -1.553514 2.263116 -1.651439
v -1.429780 2.031346 -1.651439
v -1.429780 2.263116 -1.651439
v -1.553513 2.031346 1.658526
v -1.553513 2.263116 1.658526
v -1.429779 2.031346 1.658526
v -1.429779 2.263116 1.658526
v -1.553514 2.061720 -1.651439
v -1.553514 2.232742 -1.651439
v -1.553513 2.232742 1.658526
v -1.553513 2.061720 1.658526
v -1.463194 2.061720 -1.651439
v -1.463194 2.232742 -1.651439
v -1.463193 2.232742 1.658526
v -1.463193 2.061720 1.658526
v -1.553514 4.349034 -1.651439
v -1.553514 4.580804 -1.651439
v -1.429780 4.349034 -1.651439
v -1.429780 4.580804 -1.651439
v -1.553513 4.349034 1.658526
v -1.553513 4.580804 1.658526
v -1.429779 4.349034 1.658526
v -1.429779 4.580804 1.658526
v -1.553514 4.379408 -1.651439
v -1.553514 4.550430 -1.651439
v -1.553513 4.550430 1.658526
v -1.553513 4.379408 1.658526
v -1.463194 4.379408 -1.651439
v -1.463194 4.550430 -1.651439
v -1.463193 4.550430 1.658526
v -1.463193 4.379408 1.658526
v -1.553514 6.666722 -1.651439
v -1.553514 6.898492 -1.651439
v -1.429780 6.666722 -1.651439
v -1.429780 6.898492 -1.651439
v -1.553513 6.666722 1.658526
v -1.553513 6.898492 1.658526
v -1.429779 6.666722 1.658526
v -1.429779 6.898492 1.658526
v -1.553514 6.697096 -1.651439
v -1.553514 6.868118 -1.651439
v -1.553513 6.868118 1.658526
v -1.553513 6.697096 1.658526
v -1.463194 6.697096 -1.651439
v -1.463194 6.868118 -1.651439
v -1.463193 6.868118 1.658526
v -1.463193 6.697096 1.658526
v 1.651439 -7.239404 -1.553514
v 1.651439 -7.007636 -1.553514
v 1.651439 -7.239404 -1.429780
v 1.651439 -7.007636 -1.429780
v -1.658526 -7.239404 -1.553513
v -1.658526 -7.007636 -1.553513
v -1.658526 -7.239404 -1.429779
v -1.658526 -7.007636 -1.429779
v 1.651439 -7.209031 -1.553514
v 1.651439 -7.038009 -1.553514
v -1.658526 -7.038009 -1.553513
v -1.658526 -7.209031 -1.553513
v 1.651439 -7.209031 -1.463194
v 1.651439 -7.038009 -1.463194
v -1.658526 -7.038009 -1.463194
v -1.658526 -7.209031 -1.463194
v 1.651439 -4.921717 -1.553514
v 1.651439 -4.689948 -1.553514
v 1.651439 -4.921717 -1.429780
v 1.651439 -4.689948 -1.429780
v -1.658526 -4.921717 -1.553513
v -1.658526 -4.689948 -1.553513
v -1.658526 -4.921717 -1.429779
v -1.658526 -4.689948 -1.429779
v 1.651439 -4.891344 -1.553514
v 1.651439 -4.720321 -1.553514
v -1.658526 -4.720321 -1.553513
v -1.658526 -4.891344 -1.553513
v 1.651439 -4.891344 -1.463194
v 1.651439 -4.720321 -1.463194
v -1.658526 -4.720321 -1.463194
v -1.658526 -4.891344 -1.463194
v 1.651439 -2.604029 -1.553514
v 1.651439 -2.372260 -1.553514
v 1.651439 -2.604029 -1.429780
v 1.651439 -2.372260 -1.429780
v -1.658526 -2.604029 -1.553513
v -1.658526 -2.372260 -1.553513
v -1.658526 -2.604029 -1.429779
v -1.658526 -2.372260 -1.429779
v 1.651439 -2.573656 -1.553514
v 1.651439 -2.402633 -1.553514
v -1.658526 -2.402633 -1.553513
v -1.658526 -2.573656 -1.553513
v 1.651439 -2.573656 -1.463194
v 1.651439 -2.402633 -1.463194
v -1.658526 -2.402633 -1.463194
v -1.658526 -2.573656 -1.463194
v 1.651439 -0.286341 -1.553514
v 1.651439 -0.054573 -1.553514
v 1.651439 -0.286341 -1.429780
v 1.651439 -0.054573 -1.429780
v -1.658526 -0.286341 -1.553513
v -1.658526 -0.054573 -1.553513
v -1.658526 -0.286341 -1.429779
v -1.658526 -0.054573 -1.429779
v 1.651439 -0.255968 -1.553514
v 1.651439 -0.084946 -1.553514
v -1.658526 -0.084946 -1.553513
v -1.658526 -0.255968 -1.553513
v 1.651439 -0.255968 -1.463194
v 1.651439 -0.084946 -1.463194
v -1.658526 -0.084946 -1.463194
v -1.658526 -0.255968 -1.463194
v 1.651439 2.031346 -1.553514
v 1.651439 2.263116 -1.553514
v 1.651439 2.031346 -1.429780
v 1.651439 2.263116 -1.429780
v -1.658526 2.031346 -1.553513
v -1.658526 2.263116 -1.553513
v -1.658526 2.031346 -1.429779
v -1.658526 2.263116 -1.429779
v 1.651439 2.061720 -1.553514
v 1.651439 2.232742 -1.553514
v -1.658526 2.232742 -1.553513
v -1.658526 2.061720 -1.553513
v 1.651439 2.061720 -1.463194
v 1.651439 2.232742 -1.463194
v -1.658526 2.232742 -1.463194
v -1.658526 2.061720 -1.463194
v 1.651439 4.349034 -1.553514
v 1.651439 4.580804 -1.553514
v 1.651439 4.349034 -1.429780
v 1.651439 4.580804 -1.429780
v -1.658526 4.349034 -1.553513
v -1.658526 4.580804 -1.553513
v -1.658526 4.349034 -1.429779
v -1.658526 4.580804 -1.429779
v 1.651439 4.379408 -1.553514
v 1.651439 4.550430 -1.553514
v -1.658526 4.550430 -1.553513
v -1.658526 4.379408 -1.553513
v 1.651439 4.379408 -1.463194
v 1.651439 4.550430 -1.463194
v -1.658526 4.550430 -1.463194
v -1.658526 4.379408 -1.463194
v 1.651439 6.666722 -1.553514
v 1.651439 6.898492 -1.553514
v 1.651439 6.666722 -1.429780
v 1.651439 6.898492 -1.429780
v -1.658526 6.666722 -1.553513
v -1.658526 6.898492 -1.553513
v -1.658526 6.666722 -1.429779
v -1.658526 6.898492 -1.429779
v 1.651439 6.697096 -1.553514
v 1.651439 6.868118 -1.553514
v -1.658526 6.868118 -1.553513
v -1.658526 6.697096 -1.553513
v 1.651439 6.697096 -1.463194
v 1.651439 6.868118 -1.463194
v -1.658526 6.868118 -1.463194
v -1.658526 6.697096 -1.463194
v -1.488614 -4.870858 1.555684
v -1.392491 -4.771742 1.533792
v -1.496125 -4.879854 1.481978
v -1.400002 -4.780738 1.460086
v 1.395818 -7.144599 1.539289
v 1.491941 -7.045484 1.517397
v 1.388308 -7.153595 1.465582
v 1.484431 -7.054480 1.443691
v -1.476017 -4.857869 1.552816
v -1.405088 -4.784731 1.536661
v 1.479345 -7.058473 1.520266
v 1.408415 -7.131610 1.536420
v -1.481500 -4.864436 1.499013
v -1.410570 -4.791298 1.482859
v 1.473862 -7.065040 1.466464
v 1.402933 -7.138177 1.482618
v -1.379100 -7.099680 1.532278
v -1.452028 -6.980415 1.532278
v -1.379100 -7.099680 1.457645
v -1.452028 -6.980415 1.457645
v 1.543118 -4.874648 1.532278
v 1.470189 -4.755382 1.532278
v 1.543118 -4.874647 1.457645
v 1.470189 -4.755382 1.457645
v -1.388657 -7.084051 1.532278
v -1.442471 -6.996044 1.532278
v 1.479746 -4.771011 1.532278
v 1.533560 -4.859018 1.532277
v -1.388657 -7.084051 1.477800
v -1.442471 -6.996044 1.477800
v 1.479746 -4.771011 1.477800
v 1.533561 -4.859018 1.477800
v -1.488615 -2.568576 1.555684
v -1.392491 -2.469460 1.533792
v -1.496125 -2.577572 1.481978
v -1.400002 -2.478456 1.460086
v 1.395818 -4.842318 1.539289
v 1.491941 -4.743202 1.517397
v 1.388308 -4.851314 1.465582
v 1.484431 -4.752198 1.443691
v -1.476018 -2.555587 1.552816
v -1.405088 -2.482450 1.536662
v 1.479344 -4.756191 1.520266
v 1.408415 -4.829329 1.536420
v -1.481500 -2.562154 1.499013
v -1.410570 -2.489016 1.482859
v 1.473862 -4.762758 1.466464
v 1.402933 -4.835896 1.482618
v -1.379100 -4.797399 1.532278
v -1.452029 -4.678133 1.532278
v -1.379100 -4.797399 1.457645
v -1.452029 -4.678133 1.457645
v 1.543118 -2.572366 1.532278
v 1.470189 -2.453101 1.532278
v 1.543118 -2.572366 1.457645
v 1.470189 -2.453100 1.457645
v -1.388657 -4.781769 1.532278
v -1.442471 -4.693763 1.532278
v 1.479746 -2.468730 1.532278
v 1.533560 -2.556736 1.532278
v -1.388657 -4.781769 1.477800
v -1.442472 -4.693763 1.477800
v 1.479746 -2.468730 1.477800
v 1.533560 -2.556736 1.477800
v -1.488614 -0.274194 1.555684
v -1.392491 -0.175078 1.533792
v -1.496124 -0.283190 1.481978
v -1.400001 -0.184074 1.460086
v 1.395818 -2.547935 1.539289
v 1.491942 -2.448819 1.517397
v 1.388308 -2.556931 1.465582
v 1.484431 -2.457816 1.443691
v -1.476017 -0.261205 1.552815
v -1.405088 -0.188067 1.536661
v 1.479345 -2.461808 1.520266
v 1.408415 -2.534946 1.536420
v -1.481499 -0.267772 1.499013
v -1.410570 -0.194633 1.482859
v 1.473863 -2.468375 1.466464
v 1.402933 -2.541513 1.482618
v -1.379099 -2.503016 1.532278
v -1.452028 -2.383750 1.532278
v -1.379100 -2.503016 1.457645
v -1.452028 -2.383751 1.457645
v 1.543118 -0.277984 1.532278
v 1.470189 -0.158718 1.532277
v 1.543118 -0.277983 1.457645
v 1.470190 -0.158717 1.457645
v -1.388657 -2.487386 1.532277
v -1.442471 -2.399380 1.532278
v 1.479746 -0.174348 1.532277
v 1.533561 -0.262354 1.532278
v -1.388657 -2.487386 1.477800
v -1.442471 -2.399380 1.477800
v 1.479747 -0.174347 1.477800
v 1.533561 -0.262354 1.477800
v -1.488614 6.676878 1.555684
v -1.392491 6.775993 1.533793
v -1.496124 6.667881 1.481978
v -1.400002 6.766996 1.460086
v 1.395818 4.403135 1.539289
v 1.491941 4.502251 1.517397
v 1.388308 4.394138 1.465582
v 1.484431 4.493254 1.443691
v -1.476017 6.689867 1.552816
v -1.405088 6.763004 1.536662
v 1.479344 4.489262 1.520266
v 1.408415 4.416124 1.536420
v -1.481500 6.683300 1.499013
v -1.410570 6.756437 1.482859
v 1.473862 4.482695 1.466464
v 1.402933 4.409557 1.482618
v -1.379099 4.448054 1.532277
v -1.452028 4.567320 1.532278
v -1.379099 4.448054 1.457645
v -1.452028 4.567320 1.457645
v 1.543118 6.673086 1.532277
v 1.470189 6.792353 1.532277
v 1.543118 6.673087 1.457645
v 1.470190 6.792353 1.457645
v -1.388656 4.463684 1.532278
v -1.442472 4.551690 1.532278
v 1.479746 6.776722 1.532278
v 1.533560 6.688717 1.532278
v -1.388657 4.463684 1.477800
v -1.442471 4.551689 1.477800
v 1.479747 6.776722 1.477800
v 1.533561 6.688717 1.477800
v -1.488614 2.032967 1.555684
v -1.392490 2.132082 1.533792
v -1.496124 2.023970 1.481978
v -1.400001 2.123086 1.460086
v 1.395818 -0.240775 1.539289
v 1.491942 -0.141660 1.517397
v 1.388308 -0.249772 1.465582
v 1.484431 -0.150656 1.443691
v -1.476017 2.045956 1.552815
v -1.405087 2.119093 1.536661
v 1.479345 -0.154649 1.520266
v 1.408416 -0.227786 1.536420
v -1.481499 2.039389 1.499013
v -1.410569 2.112526 1.482859
v 1.473863 -0.161215 1.466464
v 1.402933 -0.234353 1.482618
v -1.379099 -0.195856 1.532277
v -1.452028 -0.076591 1.532278
v -1.379099 -0.195856 1.457645
v -1.452028 -0.076591 1.457645
v 1.543118 2.029177 1.532278
v 1.470189 2.148442 1.532277
v 1.543118 2.029177 1.457645
v 1.470190 2.148442 1.457645
v -1.388656 -0.180226 1.532277
v -1.442471 -0.092220 1.532278
v 1.479747 2.132812 1.532277
v 1.533561 2.044806 1.532277
v -1.388657 -0.180226 1.477800
v -1.442471 -0.092220 1.477800
v 1.479747 2.132812 1.477800
v 1.533561 2.044806 1.477799
v -1.488614 4.382494 1.555684
v -1.392491 4.481609 1.533792
v -1.496124 4.373498 1.481978
v -1.400001 4.472614 1.460086
v 1.395818 2.108753 1.539289
v 1.491942 2.207869 1.517397
v 1.388308 2.099756 1.465582
v 1.484431 2.198873 1.443691
v -1.476017 4.395483 1.552815
v -1.405087 4.468620 1.536661
v 1.479345 2.194880 1.520266
v 1.408415 2.121742 1.536420
v -1.481499 4.388916 1.499013
v -1.410570 4.462054 1.482859
v 1.473862 2.188313 1.466464
v 1.402933 2.115175 1.482618
v -1.379100 2.153672 1.532277
v -1.452028 2.272938 1.532278
v -1.379100 2.153672 1.457645
v -1.452028 2.272938 1.457645
v 1.543118 4.378704 1.532278
v 1.470189 4.497971 1.532277
v 1.543117 4.378704 1.457645
v 1.470189 4.497971 1.457645
v -1.388657 2.169302 1.532277
v -1.442472 2.257309 1.532278
v 1.479746 4.482340 1.532278
v 1.533561 4.394334 1.532278
v -1.388657 2.169302 1.477800
v -1.442471 2.257308 1.477800
v 1.479747 4.482341 1.477800
v 1.533561 4.394335 1.477800
v 1.569222 -4.870858 1.365334
v 1.547330 -4.771742 1.269211
v 1.495516 -4.879854 1.372844
v 1.473624 -4.780738 1.276721
v 1.552826 -7.144600 -1.519099
v 1.530934 -7.045484 -1.615222
v 1.479120 -7.153596 -1.511588
v 1.457228 -7.054480 -1.607712
v 1.566353 -4.857869 1.352737
v 1.550199 -4.784731 1.281808
v 1.533803 -7.058473 -1.602625
v 1.549957 -7.131611 -1.531695
v 1.512551 -4.864436 1.358220
v 1.496397 -4.791298 1.287290
v 1.480001 -7.065040 -1.597143
v 1.496155 -7.138177 -1.526213
v 1.545815 -7.099680 1.255819
v 1.545815 -6.980415 1.328748
v 1.471183 -7.099680 1.255819
v 1.471183 -6.980415 1.328748
v 1.545815 -4.874648 -1.666398
v 1.545815 -4.755383 -1.593469
v 1.471183 -4.874648 -1.666398
v 1.471183 -4.755382 -1.593469
v 1.545815 -7.084051 1.265377
v 1.545815 -6.996044 1.319191
v 1.545815 -4.771012 -1.603026
v 1.545815 -4.859018 -1.656841
v 1.491337 -7.084051 1.265377
v 1.491337 -6.996044 1.319191
v 1.491337 -4.771011 -1.603027
v 1.491337 -4.859018 -1.656841
v 1.569222 -2.568576 1.365335
v 1.547330 -2.469460 1.269211
v 1.495515 -2.577572 1.372845
v 1.473624 -2.478456 1.276722
v 1.552826 -4.842318 -1.519098
v 1.530935 -4.743202 -1.615221
v 1.479120 -4.851314 -1.511588
v 1.457228 -4.752198 -1.607711
v 1.566353 -2.555587 1.352738
v 1.550199 -2.482450 1.281808
v 1.533803 -4.756191 -1.602625
v 1.549958 -4.829329 -1.531695
v 1.512551 -2.562154 1.358220
v 1.496397 -2.489016 1.287290
v 1.480001 -4.762758 -1.597142
v 1.496156 -4.835896 -1.526213
v 1.545815 -4.797399 1.255820
v 1.545815 -4.678133 1.328749
v 1.471183 -4.797399 1.255820
v 1.471183 -4.678133 1.328748
v 1.545815 -2.572366 -1.666397
v 1.545815 -2.453101 -1.593469
v 1.471183 -2.572366 -1.666397
v 1.471183 -2.453100 -1.593469
v 1.545815 -4.781769 1.265377
v 1.545815 -4.693763 1.319191
v 1.545815 -2.468730 -1.603026
v 1.545815 -2.556736 -1.656840
v 1.491337 -4.781769 1.265377
v 1.491337 -4.693763 1.319191
v 1.491337 -2.468730 -1.603026
v 1.491337 -2.556736 -1.656840
v 1.569222 -0.274194 1.365334
v 1.547330 -0.175078 1.269211
v 1.495516 -0.283190 1.372844
v 1.473624 -0.184074 1.276721
v 1.552827 -2.547935 -1.519098
v 1.530935 -2.448820 -1.615221
v 1.479120 -2.556931 -1.511588
v 1.457228 -2.457816 -1.607711
v 1.566353 -0.261205 1.352737
v 1.550199 -0.188066 1.281808
v 1.533803 -2.461809 -1.602625
v 1.549958 -2.534946 -1.531695
v 1.512551 -0.267772 1.358220
v 1.496397 -0.194633 1.287290
v 1.480001 -2.468376 -1.597142
v 1.496156 -2.541513 -1.526213
v 1.545815 -2.503016 1.255820
v 1.545815 -2.383750 1.328748
v 1.471183 -2.503016 1.255820
v 1.471183 -2.383751 1.328749
v 1.545815 -0.277984 -1.666398
v 1.545815 -0.158718 -1.593468
v 1.471183 -0.277983 -1.666398
v 1.471183 -0.158718 -1.593469
v 1.545815 -2.487387 1.265377
v 1.545815 -2.399381 1.319191
v 1.545815 -0.174347 -1.603026
v 1.545815 -0.262354 -1.656840
v 1.491338 -2.487386 1.265377
v 1.491337 -2.399380 1.319191
v 1.491337 -0.174347 -1.603026
v 1.491337 -0.262354 -1.656841
v 1.569222 6.676877 1.365335
v 1.547331 6.775993 1.269212
v 1.495515 6.667880 1.372845
v 1.473625 6.766996 1.276722
v 1.552827 4.403134 -1.519098
v 1.530936 4.502251 -1.615221
v 1.479121 4.394138 -1.511587
v 1.457229 4.493255 -1.607711
v 1.566353 6.689865 1.352738
v 1.550200 6.763002 1.281809
v 1.533803 4.489261 -1.602624
v 1.549959 4.416123 -1.531695
v 1.512552 6.683300 1.358220
v 1.496398 6.756437 1.287291
v 1.480002 4.482695 -1.597142
v 1.496157 4.409557 -1.526213
v 1.545816 4.448054 1.255820
v 1.545816 4.567320 1.328749
v 1.471183 4.448053 1.255820
v 1.471184 4.567320 1.328749
v 1.545815 6.673086 -1.666397
v 1.545815 6.792352 -1.593468
v 1.471184 6.673086 -1.666398
v 1.471184 6.792352 -1.593469
v 1.545815 4.463683 1.265377
v 1.545816 4.551690 1.319192
v 1.545816 6.776722 -1.603026
v 1.545815 6.688715 -1.656840
v 1.491338 4.463684 1.265377
v 1.491339 4.551690 1.319191
v 1.491338 6.776723 -1.603026
v 1.491338 6.688715 -1.656840
v 1.569221 2.032967 1.365334
v 1.547331 2.132082 1.269211
v 1.495516 2.023970 1.372844
v 1.473624 2.123085 1.276721
v 1.552827 -0.240776 -1.519099
v 1.530935 -0.141660 -1.615221
v 1.479120 -0.249772 -1.511588
v 1.457228 -0.150656 -1.607711
v 1.566353 2.045956 1.352737
v 1.550199 2.119093 1.281808
v 1.533804 -0.154649 -1.602625
v 1.549958 -0.227787 -1.531695
v 1.512551 2.039389 1.358220
v 1.496397 2.112526 1.287290
v 1.480001 -0.161215 -1.597142
v 1.496156 -0.234354 -1.526213
v 1.545815 -0.195856 1.255819
v 1.545815 -0.076591 1.328748
v 1.471183 -0.195856 1.255820
v 1.471183 -0.076591 1.328748
v 1.545816 2.029177 -1.666398
v 1.545815 2.148441 -1.593469
v 1.471183 2.029177 -1.666398
v 1.471183 2.148442 -1.593469
v 1.545815 -0.180226 1.265377
v 1.545815 -0.092221 1.319191
v 1.545815 2.132812 -1.603026
v 1.545815 2.044806 -1.656841
v 1.491337 -0.180226 1.265377
v 1.491337 -0.092221 1.319191
v 1.491337 2.132812 -1.603026
v 1.491338 2.044806 -1.656841
v 1.569222 4.382494 1.365335
v 1.547330 4.481610 1.269211
v 1.495517 4.373498 1.372845
v 1.473624 4.472612 1.276722
v 1.552827 2.108753 -1.519098
v 1.530935 2.207868 -1.615221
v 1.479120 2.099756 -1.511588
v 1.457228 2.198872 -1.607711
v 1.566354 4.395483 1.352738
v 1.550200 4.468621 1.281808
v 1.533804 2.194880 -1.602624
v 1.549958 2.121741 -1.531695
v 1.512551 4.388916 1.358220
v 1.496397 4.462054 1.287291
v 1.480001 2.188313 -1.597142
v 1.496155 2.115174 -1.526212
v 1.545816 2.153672 1.255820
v 1.545815 2.272937 1.328749
v 1.471183 2.153672 1.255820
v 1.471184 2.272938 1.328749
v 1.545816 4.378704 -1.666397
v 1.545816 4.497970 -1.593469
v 1.471183 4.378704 -1.666397
v 1.471184 4.497970 -1.593468
v 1.545815 2.169302 1.265377
v 1.545816 2.257308 1.319192
v 1.545815 4.482341 -1.603026
v 1.545815 4.394334 -1.656840
v 1.491338 2.169302 1.265377
v 1.491338 2.257307 1.319192
v 1.491338 4.482341 -1.603026
v 1.491338 4.394334 -1.656840
v 1.500427 -4.870858 -1.538751
v 1.404304 -4.771742 -1.516859
v 1.507938 -4.879854 -1.465045
v 1.411815 -4.780738 -1.443153
v -1.384005 -7.144599 -1.522357
v -1.480128 -7.045484 -1.500465
v -1.376495 -7.153595 -1.448650
v -1.472618 -7.054480 -1.426758
v 1.487831 -4.857869 -1.535882
v 1.416901 -4.784731 -1.519728
v -1.467531 -7.058473 -1.503334
v -1.396602 -7.131610 -1.519488
v 1.493313 -4.864436 -1.482080
v 1.422383 -4.791298 -1.465926
v -1.462049 -7.065040 -1.449532
v -1.391120 -7.138177 -1.465686
v 1.390913 -7.099680 -1.515344
v 1.463841 -6.980415 -1.515344
v 1.390913 -7.099680 -1.440712
v 1.463841 -6.980415 -1.440712
v -1.531304 -4.874648 -1.515345
v -1.458376 -4.755382 -1.515345
v -1.531305 -4.874647 -1.440713
v -1.458376 -4.755382 -1.440713
v 1.400470 -7.084051 -1.515344
v 1.454284 -6.996044 -1.515344
v -1.467933 -4.771011 -1.515345
v -1.521747 -4.859018 -1.515345
v 1.400470 -7.084051 -1.460866
v 1.454284 -6.996044 -1.460866
v -1.467933 -4.771011 -1.460867
v -1.521747 -4.859018 -1.460867
v 1.500427 -2.568576 -1.538751
v 1.404304 -2.469460 -1.516859
v 1.507938 -2.577572 -1.465045
v 1.411815 -2.478456 -1.443153
v -1.384005 -4.842318 -1.522357
v -1.480128 -4.743202 -1.500465
v -1.376495 -4.851314 -1.448650
v -1.472618 -4.752198 -1.426758
v 1.487831 -2.555587 -1.535882
v 1.416901 -2.482450 -1.519728
v -1.467531 -4.756191 -1.503334
v -1.396602 -4.829329 -1.519488
v 1.493313 -2.562154 -1.482080
v 1.422383 -2.489016 -1.465926
v -1.462049 -4.762758 -1.449532
v -1.391119 -4.835896 -1.465686
v 1.390913 -4.797399 -1.515344
v 1.463842 -4.678133 -1.515344
v 1.390913 -4.797399 -1.440712
v 1.463842 -4.678133 -1.440712
v -1.531305 -2.572366 -1.515345
v -1.458375 -2.453101 -1.515345
v -1.531304 -2.572366 -1.440713
v -1.458376 -2.453100 -1.440713
v 1.400470 -4.781769 -1.515344
v 1.454284 -4.693763 -1.515344
v -1.467933 -2.468730 -1.515345
v -1.521748 -2.556736 -1.515345
v 1.400470 -4.781769 -1.460866
v 1.454285 -4.693763 -1.460866
v -1.467933 -2.468730 -1.460867
v -1.521747 -2.556736 -1.460867
v 1.500427 -0.274194 -1.538751
v 1.404304 -0.175078 -1.516859
v 1.507937 -0.283190 -1.465044
v 1.411814 -0.184074 -1.443153
v -1.384005 -2.547935 -1.522357
v -1.480129 -2.448819 -1.500465
v -1.376495 -2.556931 -1.448650
v -1.472618 -2.457816 -1.426758
v 1.487830 -0.261205 -1.535882
v 1.416901 -0.188067 -1.519728
v -1.467532 -2.461808 -1.503334
v -1.396602 -2.534946 -1.519488
v 1.493313 -0.267772 -1.482080
v 1.422383 -0.194633 -1.465926
v -1.462049 -2.468375 -1.449532
v -1.391120 -2.541513 -1.465686
v 1.390912 -2.503016 -1.515344
v 1.463841 -2.383750 -1.515344
v 1.390913 -2.503016 -1.440712
v 1.463841 -2.383751 -1.440712
v -1.531304 -0.277984 -1.515345
v -1.458376 -0.158718 -1.515345
v -1.531305 -0.277983 -1.440713
v -1.458376 -0.158717 -1.440713
v 1.400470 -2.487386 -1.515344
v 1.454284 -2.399380 -1.515344
v -1.467933 -0.174348 -1.515345
v -1.521748 -0.262354 -1.515345
v 1.400470 -2.487386 -1.460866
v 1.454284 -2.399380 -1.460866
v -1.467934 -0.174347 -1.460867
v -1.521748 -0.262354 -1.460867
v 1.500427 6.676878 -1.538751
v 1.404305 6.775993 -1.516859
v 1.507937 6.667881 -1.465045
v 1.411815 6.766996 -1.443153
v -1.384006 4.403135 -1.522357
v -1.480128 4.502251 -1.500465
v -1.376495 4.394138 -1.448650
v -1.472618 4.493254 -1.426758
v 1.487831 6.689867 -1.535882
v 1.416901 6.763004 -1.519728
v -1.467531 4.489262 -1.503334
v -1.396602 4.416124 -1.519488
v 1.493313 6.683300 -1.482080
v 1.422383 6.756437 -1.465926
v -1.462049 4.482695 -1.449532
v -1.391120 4.409557 -1.465686
v 1.390913 4.448054 -1.515344
v 1.463841 4.567320 -1.515344
v 1.390913 4.448054 -1.440712
v 1.463841 4.567320 -1.440712
v -1.531304 6.673086 -1.515345
v -1.458376 6.792353 -1.515345
v -1.531305 6.673087 -1.440713
v -1.458376 6.792353 -1.440713
v 1.400469 4.463684 -1.515344
v 1.454284 4.551690 -1.515344
v -1.467933 6.776722 -1.515345
v -1.521748 6.688717 -1.515345
v 1.400470 4.463684 -1.460866
v 1.454284 4.551689 -1.460866
v -1.467934 6.776722 -1.460867
v -1.521747 6.688717 -1.460867
v 1.500427 2.032967 -1.538751
v 1.404304 2.132082 -1.516859
v 1.507937 2.023970 -1.465044
v 1.411814 2.123086 -1.443153
v -1.384006 -0.240775 -1.522357
v -1.480129 -0.141660 -1.500465
v -1.376495 -0.249772 -1.448650
v -1.472618 -0.150656 -1.426758
v 1.487830 2.045956 -1.535882
v 1.416901 2.119093 -1.519728
v -1.467532 -0.154649 -1.503334
v -1.396603 -0.227786 -1.519488
v 1.493312 2.039389 -1.482080
v 1.422383 2.112526 -1.465926
v -1.462050 -0.161215 -1.449532
v -1.391120 -0.234353 -1.465686
v 1.390912 -0.195856 -1.515344
v 1.463841 -0.076591 -1.515344
v 1.390912 -0.195856 -1.440712
v 1.463841 -0.076591 -1.440712
v -1.531305 2.029177 -1.515345
v -1.458376 2.148442 -1.515345
v -1.531305 2.029177 -1.440713
v -1.458377 2.148442 -1.440713
v 1.400470 -0.180226 -1.515344
v 1.454284 -0.092220 -1.515344
v -1.467933 2.132812 -1.515345
v -1.521748 2.044806 -1.515345
v 1.400470 -0.180226 -1.460866
v 1.454284 -0.092220 -1.460866
v -1.467934 2.132812 -1.460867
v -1.521748 2.044806 -1.460867
v 1.500427 4.382494 -1.538751
v 1.404304 4.481609 -1.516859
v 1.507937 4.373498 -1.465044
v 1.411814 4.472614 -1.443153
v -1.384005 2.108753 -1.522357
v -1.480128 2.207869 -1.500465
v -1.376495 2.099756 -1.448650
v -1.472618 2.198873 -1.426758
v 1.487830 4.395483 -1.535882
v 1.416901 4.468620 -1.519728
v -1.467531 2.194880 -1.503334
v -1.396602 2.121742 -1.519488
v 1.493312 4.388916 -1.482080
v 1.422383 4.462054 -1.465926
v -1.462049 2.188313 -1.449531
v -1.391120 2.115175 -1.465685
v 1.390913 2.153672 -1.515344
v 1.463842 2.272938 -1.515344
v 1.390913 2.153672 -1.440712
v 1.463842 2.272938 -1.440712
v -1.531305 4.378704 -1.515345
v -1.458376 4.497971 -1.515345
v -1.531305 4.378704 -1.440713
v -1.458376 4.497971 -1.440713
v 1.400470 2.169302 -1.515344
v 1.454285 2.257309 -1.515344
v -1.467933 4.482340 -1.515345
v -1.521747 4.394334 -1.515345
v 1.400470 2.169302 -1.460866
v 1.454284 2.257308 -1.460866
v -1.467933 4.482341 -1.460867
v -1.521747 4.394335 -1.460867
v -1.557409 -4.870858 -1.348402
v -1.535517 -4.771742 -1.252279
v -1.483702 -4.879854 -1.355912
v -1.461811 -4.780738 -1.259789
v -1.541014 -7.144600 1.536031
v -1.519122 -7.045484 1.632154
v -1.467308 -7.153596 1.528521
v -1.445416 -7.054480 1.624644
v -1.554540 -4.857869 -1.335805
v -1.538386 -4.784731 -1.264876
v -1.521991 -7.058473 1.619557
v -1.538146 -7.131611 1.548627
v -1.500738 -4.864436 -1.341287
v -1.484584 -4.791298 -1.270358
v -1.468189 -7.065040 1.614075
v -1.484343 -7.138177 1.543145
v -1.534002 -7.099680 -1.238887
v -1.534002 -6.980415 -1.311816
v -1.459370 -7.099680 -1.238887
v -1.459370 -6.980415 -1.311816
v -1.534003 -4.874648 1.683330
v -1.534003 -4.755383 1.610401
v -1.459371 -4.874648 1.683330
v -1.459371 -4.755382 1.610401
v -1.534002 -7.084051 -1.248444
v -1.534002 -6.996044 -1.302259
v -1.534003 -4.771012 1.619958
v -1.534003 -4.859018 1.673773
v -1.479524 -7.084051 -1.248444
v -1.479524 -6.996044 -1.302259
v -1.479525 -4.771011 1.619959
v -1.479525 -4.859018 1.673773
v -1.557409 -2.568576 -1.348402
v -1.535517 -2.469460 -1.252279
v -1.483702 -2.577572 -1.355913
v -1.461811 -2.478456 -1.259789
v -1.541014 -4.842318 1.536030
v -1.519123 -4.743202 1.632154
v -1.467308 -4.851314 1.528520
v -1.445416 -4.752198 1.624643
v -1.554540 -2.555587 -1.335805
v -1.538386 -2.482450 -1.264876
v -1.521991 -4.756191 1.619557
v -1.538146 -4.829329 1.548627
v -1.500738 -2.562154 -1.341288
v -1.484584 -2.489016 -1.270358
v -1.468189 -4.762758 1.614075
v -1.484344 -4.835896 1.543145
v -1.534002 -4.797399 -1.238887
v -1.534002 -4.678133 -1.311816
v -1.459370 -4.797399 -1.238887
v -1.459370 -4.678133 -1.311816
v -1.534003 -2.572366 1.683330
v -1.534003 -2.453101 1.610401
v -1.459371 -2.572366 1.683330
v -1.459371 -2.453100 1.610401
v -1.534002 -4.781769 -1.248445
v -1.534002 -4.693763 -1.302259
v -1.534003 -2.468730 1.619958
v -1.534003 -2.556736 1.673773
v -1.479524 -4.781769 -1.248445
v -1.479524 -4.693763 -1.302259
v -1.479526 -2.468730 1.619959
v -1.479525 -2.556736 1.673773
v -1.557409 -0.274194 -1.348402
v -1.535517 -0.175078 -1.252279
v -1.483702 -0.283190 -1.355912
v -1.461811 -0.184074 -1.259789
v -1.541015 -2.547935 1.536031
v -1.519123 -2.448820 1.632154
v -1.467308 -2.556931 1.528520
v -1.445416 -2.457816 1.624643
v -1.554540 -0.261205 -1.335805
v -1.538386 -0.188066 -1.264876
v -1.521992 -2.461809 1.619557
v -1.538146 -2.534946 1.548627
v -1.500738 -0.267772 -1.341287
v -1.484584 -0.194633 -1.270358
v -1.468189 -2.468376 1.614075
v -1.484344 -2.541513 1.543145
v -1.534003 -2.503016 -1.238887
v -1.534002 -2.383750 -1.311816
v -1.459370 -2.503016 -1.238888
v -1.459370 -2.383751 -1.311816
v -1.534003 -0.277984 1.683330
v -1.534003 -0.158718 1.610401
v -1.459371 -0.277983 1.683330
v -1.459371 -0.158718 1.610401
v -1.534002 -2.487387 -1.248445
v -1.534002 -2.399381 -1.302259
v -1.534003 -0.174347 1.619958
v -1.534003 -0.262354 1.673773
v -1.479524 -2.487386 -1.248445
v -1.479524 -2.399380 -1.302259
v -1.479525 -0.174347 1.619959
v -1.479525 -0.262354 1.673773
v -1.557409 6.676877 -1.348402
v -1.535518 6.775993 -1.252280
v -1.483703 6.667880 -1.355913
v -1.461812 6.766996 -1.259790
v -1.541015 4.403134 1.536030
v -1.519124 4.502251 1.632154
v -1.467309 4.394138 1.528520
v -1.445416 4.493255 1.624643
v -1.554540 6.689865 -1.335806
v -1.538386 6.763002 -1.264876
v -1.521992 4.489261 1.619556
v -1.538146 4.416123 1.548627
v -1.500739 6.683300 -1.341288
v -1.484585 6.756437 -1.270358
v -1.468190 4.482695 1.614074
v -1.484345 4.409557 1.543145
v -1.534003 4.448054 -1.238888
v -1.534003 4.567320 -1.311817
v -1.459370 4.448053 -1.238887
v -1.459370 4.567320 -1.311817
v -1.534003 6.673086 1.683329
v -1.534004 6.792352 1.610401
v -1.459372 6.673086 1.683331
v -1.459372 6.792352 1.610401
v -1.534003 4.463683 -1.248444
v -1.534003 4.551690 -1.302260
v -1.534004 6.776722 1.619958
v -1.534003 6.688715 1.673772
v -1.479525 4.463684 -1.248445
v -1.479526 4.551690 -1.302258
v -1.479526 6.776723 1.619958
v -1.479526 6.688715 1.673772
v -1.557409 2.032967 -1.348402
v -1.535517 2.132082 -1.252279
v -1.483703 2.023970 -1.355912
v -1.461811 2.123085 -1.259789
v -1.541015 -0.240776 1.536031
v -1.519123 -0.141660 1.632154
v -1.467308 -0.249772 1.528521
v -1.445416 -0.150656 1.624643
v -1.554540 2.045956 -1.335805
v -1.538386 2.119093 -1.264875
v -1.521992 -0.154649 1.619557
v -1.538146 -0.227787 1.548627
v -1.500738 2.039389 -1.341287
v -1.484584 2.112526 -1.270358
v -1.468190 -0.161215 1.614075
v -1.484344 -0.234354 1.543145
v -1.534002 -0.195856 -1.238887
v -1.534002 -0.076591 -1.311816
v -1.459370 -0.195856 -1.238887
v -1.459370 -0.076591 -1.311816
v -1.534004 2.029177 1.683330
v -1.534003 2.148441 1.610401
v -1.459372 2.029177 1.683330
v -1.459371 2.148442 1.610402
v -1.534002 -0.180226 -1.248444
v -1.534002 -0.092221 -1.302259
v -1.534003 2.132812 1.619958
v -1.534003 2.044806 1.673773
v -1.479524 -0.180226 -1.248444
v -1.479524 -0.092221 -1.302259
v -1.479525 2.132812 1.619959
v -1.479526 2.044806 1.673773
v -1.557410 4.382494 -1.348402
v -1.535517 4.481610 -1.252279
v -1.483704 4.373498 -1.355913
v -1.461811 4.472612 -1.259790
v -1.541015 2.108753 1.536030
v -1.519123 2.207868 1.632154
v -1.467309 2.099756 1.528520
v -1.445416 2.198872 1.624643
v -1.554541 4.395483 -1.335805
v -1.538387 4.468621 -1.264876
v -1.521992 2.194880 1.619556
v -1.538146 2.121741 1.548627
v -1.500738 4.388916 -1.341287
v -1.484584 4.462054 -1.270358
v -1.468189 2.188313 1.614074
v -1.484343 2.115174 1.543145
v -1.534003 2.153672 -1.238887
v -1.534002 2.272937 -1.311817
v -1.459370 2.153672 -1.238887
v -1.459370 2.272938 -1.311817
v -1.534004 4.378704 1.683330
v -1.534004 4.497970 1.610401
v -1.459372 4.378704 1.683329
v -1.459372 4.497970 1.610400
v -1.534002 2.169302 -1.248445
v -1.534003 2.257308 -1.302260
v -1.534004 4.482341 1.619958
v -1.534004 4.394334 1.673772
v -1.479525 2.169302 -1.248445
v -1.479524 2.257307 -1.302259
v -1.479527 4.482341 1.619958
v -1.479526 4.394334 1.673772
vn -0.0000 -0.0000 1.0000
vn -1.0000 -0.0000 -0.0000
vn -0.0000 -0.0000 -1.0000
vn 1.0000 -0.0000 -0.0000
vn -0.0000 -1.0000 -0.0000
vn -0.0000 1.0000 -0.0000
vn -0.7191 0.6948 -0.0115
vn -0.1006 -0.1205 -0.9876
vn 0.7191 -0.6948 0.0115
vn 0.1006 0.1205 0.9876
vn -0.6108 -0.7760 0.1570
vn 0.6108 0.7760 -0.1570
vn -0.8331 0.5532 -0.0000
vn -0.0000 0.2425 -0.9701
vn -0.8531 -0.5217 -0.0000
vn 0.8531 0.5217 -0.0000
vn 0.6058 -0.7956 -0.0000
vn -0.6058 0.7956 -0.0000
vn -0.8723 -0.2211 0.4361
vn -0.9923 -0.0000 -0.1240
vn 0.4472 -0.0000 -0.8944
vn 0.7071 -0.0000 0.7071
vn -0.2394 0.1608 -0.9575
vn -0.0000 -0.2425 -0.9701
vn -0.7191 0.6948 -0.0116
vn -0.1240 -0.0000 -0.9923
vn 0.8919 0.4522 -0.0000
vn -0.0000 -0.0769 -0.9970
vn -0.8944 0.4472 -0.0000
vn -0.9693 -0.2457 -0.0000
vn -0.8420 0.5394 -0.0000
vn -0.0000 0.0312 0.9995
vn -0.0115 0.6948 0.7191
vn -0.9876 -0.1205 0.1006
vn 0.0115 -0.6948 -0.7191
vn 0.9876 0.1205 -0.1006
vn 0.1570 -0.7760 0.6108
vn -0.1570 0.7760 -0.6108
vn 0.4361 0.7224 0.5367
vn 0.8700 0.3987 0.2900
vn -0.0000 -0.5217 0.8531
vn -0.0000 0.5217 -0.8531
vn -0.0000 -0.7956 -0.6058
vn -0.0000 0.7956 0.6058
vn -0.0000 0.5164 -0.8563
vn -0.7396 0.3813 0.5547
vn -0.6131 -0.4982 -0.6131
vn -0.7184 0.3592 -0.5956
vn -0.9790 -0.2040 -0.0000
vn -0.8666 -0.4333 -0.2476
vn -0.3247 0.4922 -0.8077
vn -0.1569 0.7760 -0.6108
vn -0.5140 0.6867 0.5140
vn 0.9762 0.0068 -0.2169
vn 0.1569 -0.7760 0.6108
vn 0.4573 0.4645 -0.7584
vn -0.0000 0.5223 -0.8528
vn 0.7187 0.5952 0.3594
vn -0.3239 -0.4960 0.8057
vn -0.7559 0.3438 -0.5571
vn -0.0000 0.8294 0.5587
vn 0.1676 0.7228 0.6704
vn 0.2490 -0.5059 0.8259
vn -0.2490 0.5059 -0.8259
vn 0.7191 0.6948 0.0115
vn 0.1006 -0.1205 0.9876
vn -0.7191 -0.6948 -0.0115
vn -0.1006 0.1205 -0.9876
vn 0.6108 -0.7760 -0.1570
vn -0.6108 0.7760 0.1570
vn 0.5126 -0.5126 0.6888
vn -0.4472 -0.0000 0.8944
vn 0.8531 -0.5217 -0.0000
vn -0.8531 0.5217 -0.0000
vn -0.6058 -0.7956 -0.0000
vn 0.6058 0.7956 -0.0000
vn -0.8716 -0.0000 0.4903
vn 0.8944 0.4472 -0.0000
vn -0.2424 -0.0379 0.9694
vn -0.7071 -0.0000 -0.7071
vn 0.2425 -0.0000 0.9701
vn -0.2419 -0.0718 0.9676
vn 0.9693 -0.2457 -0.0000
vn 0.7191 0.6948 0.0116
vn 0.2421 -0.0605 -0.9684
vn -0.2417 -0.0812 0.9669
vn -0.0000 0.0632 0.9980
vn -0.0000 -0.1257 -0.9921
vn -0.6108 0.7760 0.1569
vn 0.1240 -0.0000 0.9923
vn 0.1236 0.0821 -0.9889
vn 0.4444 0.1126 -0.8887
vn 0.8944 -0.4472 -0.0000
vn -0.0000 0.0381 -0.9993
vn -0.2425 -0.0000 -0.9701
vn 0.0115 0.6948 -0.7191
vn 0.9876 -0.1205 -0.1006
vn -0.0115 -0.6948 0.7191
vn -0.9876 0.1206 0.1006
vn -0.1570 -0.7760 -0.6108
vn 0.1570 0.7760 0.6108
vn -0.7596 0.6076 0.2320
vn -0.9701 -0.0000 0.2425
vn -0.9876 0.1205 0.1006
vn -0.0000 -0.5217 -0.8531
vn -0.0000 0.5217 0.8531
vn -0.0000 -0.7956 0.6058
vn -0.0000 0.7956 -0.6058
vn 0.5547 -0.0000 -0.8321
vn 0.3162 -0.0000 0.9487
vn -0.7071 -0.7071 -0.0000
vn 0.7715 0.6172 -0.1543
vn 0.3495 0.3495 0.8693
vn 0.2182 0.6547 0.7237
vn 0.1569 0.7760 0.6108
vn 0.8704 0.3482 -0.3482
vn -0.9456 -0.1455 0.2910
vn -0.1569 -0.7760 -0.6108
vn -0.7071 -0.7071 0.0001
vn -0.4472 0.8944 -0.0000
vn -0.0000 -0.9701 0.2425
vn 0.5164 -0.0000 -0.8563
vn 0.8874 0.3549 0.2943
vn -0.4082 0.8165 -0.4082
vn -0.0000 0.9487 -0.3162
vn -0.0000 -0.5164 -0.8563
vt 0.301760 0.926409
vt 0.301760 0.916624
vt 0.308805 0.916834
vt 0.308805 0.926619
vt 0.293829 0.868808
vt 0.280621 0.868807
vt 0.280621 0.680228
vt 0.293829 0.680229
vt 0.064071 0.927177
vt 0.064071 0.917465
vt 0.071112 0.917201
vt 0.071112 0.926913
vt 0.662632 0.818250
vt 0.662632 0.629646
vt 0.664362 0.629647
vt 0.664362 0.818250
vt 0.626588 0.952858
vt 0.626588 0.820355
vt 0.633627 0.820053
vt 0.633627 0.952555
vt 0.958366 0.803864
vt 0.958366 0.935271
vt 0.951335 0.934879
vt 0.951335 0.803473
vt 0.474900 0.995093
vt 0.474900 0.863686
vt 0.480032 0.863972
vt 0.480032 0.995379
vt 0.516219 0.373978
vt 0.516219 0.364718
vt 0.516671 0.675078
vt 0.516671 0.863681
vt 0.514940 0.863681
vt 0.514940 0.675077
vt 0.895978 0.188612
vt 0.886234 0.188608
vt 0.886234 0.000004
vt 0.895978 0.000008
vt 0.142579 0.926948
vt 0.142579 0.934115
vt 0.137439 0.934307
vt 0.137439 0.927141
vt 0.706967 0.821762
vt 0.706967 0.954265
vt 0.701828 0.954486
vt 0.701828 0.821983
vt 0.263715 0.933426
vt 0.263715 0.926205
vt 0.268857 0.926359
vt 0.268857 0.933579
vt 0.247706 0.925995
vt 0.247706 0.916210
vt 0.254751 0.916420
vt 0.254751 0.926205
vt 0.381990 0.868633
vt 0.368782 0.868632
vt 0.368782 0.680053
vt 0.381990 0.680054
vt 0.114067 0.927177
vt 0.114067 0.917465
vt 0.121107 0.917201
vt 0.121107 0.926913
vt 0.848904 0.188608
vt 0.848904 0.000004
vt 0.850635 0.000005
vt 0.850635 0.188609
vt 0.769416 0.953230
vt 0.769416 0.820727
vt 0.776455 0.820424
vt 0.776455 0.952927
vt 0.995376 0.615240
vt 0.995376 0.746647
vt 0.988345 0.746255
vt 0.988345 0.614848
vt 0.989736 0.933051
vt 0.989736 0.801644
vt 0.994868 0.801930
vt 0.994868 0.933337
vt 0.862110 0.188613
vt 0.860380 0.188613
vt 0.862110 0.000010
vt 0.860380 0.000009
vt 0.886234 0.188612
vt 0.876489 0.188608
vt 0.876489 0.000004
vt 0.886234 0.000008
vt 0.194202 0.926944
vt 0.194202 0.934111
vt 0.189062 0.934304
vt 0.189062 0.927137
vt 0.697416 0.821305
vt 0.697416 0.953808
vt 0.692278 0.954029
vt 0.692278 0.821526
vt 0.149393 0.932588
vt 0.149393 0.925368
vt 0.154536 0.925521
vt 0.154536 0.932742
vt 0.913585 0.209867
vt 0.913585 0.200082
vt 0.920630 0.200292
vt 0.920630 0.210077
vt 0.260898 0.868808
vt 0.247689 0.868807
vt 0.247689 0.680228
vt 0.260898 0.680229
vt 0.057030 0.927177
vt 0.057030 0.917465
vt 0.064071 0.917201
vt 0.064071 0.926913
vt 0.427921 0.863900
vt 0.427921 0.675297
vt 0.429651 0.675298
vt 0.429651 0.863901
vt 0.618663 0.952090
vt 0.618663 0.819587
vt 0.625702 0.819284
vt 0.625702 0.951787
vt 0.488529 0.864078
vt 0.488529 0.995485
vt 0.481498 0.995093
vt 0.481498 0.863686
vt 0.434951 0.995313
vt 0.434951 0.863906
vt 0.440083 0.864192
vt 0.440083 0.995599
vt 0.516219 0.380471
vt 0.441127 0.675302
vt 0.439396 0.675302
vt 0.441127 0.863906
vt 0.439396 0.863905
vt 0.897679 0.803456
vt 0.887934 0.803452
vt 0.887934 0.614848
vt 0.897679 0.614852
vt 0.137439 0.926948
vt 0.137439 0.934115
vt 0.132300 0.934307
vt 0.132300 0.927141
vt 0.736290 0.821306
vt 0.736290 0.953809
vt 0.731152 0.954030
vt 0.731152 0.821527
vt 0.154536 0.932588
vt 0.154536 0.925368
vt 0.159678 0.925521
vt 0.159678 0.932742
vt 0.287656 0.919627
vt 0.287656 0.909841
vt 0.294700 0.910051
vt 0.294700 0.919837
vt 0.355573 0.868633
vt 0.342364 0.868632
vt 0.342364 0.680053
vt 0.355573 0.680054
vt 0.092589 0.927177
vt 0.092589 0.917465
vt 0.099630 0.917201
vt 0.099630 0.926913
vt 0.852805 0.608839
vt 0.852805 0.420236
vt 0.854535 0.420236
vt 0.854535 0.608840
vt 0.611625 0.952864
vt 0.611625 0.820361
vt 0.618663 0.820058
vt 0.618663 0.952561
vt 0.994993 0.420628
vt 0.994993 0.552035
vt 0.987962 0.551643
vt 0.987962 0.420236
vt 0.448157 0.995313
vt 0.448157 0.863906
vt 0.453289 0.864192
vt 0.453289 0.995599
vt 0.516219 0.374225
vt 0.866010 0.420241
vt 0.864280 0.420240
vt 0.866010 0.608845
vt 0.864280 0.608844
vt 0.886550 0.398740
vt 0.876806 0.398736
vt 0.876806 0.210132
vt 0.886550 0.210136
vt 0.203150 0.927173
vt 0.203150 0.934340
vt 0.198011 0.934533
vt 0.198011 0.927366
vt 0.730109 0.821327
vt 0.730109 0.953830
vt 0.724971 0.954051
vt 0.724971 0.821548
vt 0.159678 0.932588
vt 0.159678 0.925368
vt 0.164820 0.925521
vt 0.164820 0.932742
vt 0.301755 0.906418
vt 0.301755 0.896633
vt 0.308800 0.896843
vt 0.308800 0.906628
vt 0.368782 0.868633
vt 0.355573 0.868632
vt 0.355573 0.680053
vt 0.368782 0.680054
vt 0.201249 0.927173
vt 0.201249 0.917461
vt 0.208290 0.917197
vt 0.208290 0.926910
vt 0.839599 0.608839
vt 0.839599 0.420236
vt 0.841330 0.420236
vt 0.841330 0.608840
vt 0.566207 0.952110
vt 0.566207 0.819607
vt 0.573246 0.819304
vt 0.573246 0.951807
vt 0.995123 0.210524
vt 0.995123 0.341931
vt 0.988092 0.341539
vt 0.988092 0.210132
vt 0.401702 0.995313
vt 0.401702 0.863906
vt 0.406834 0.864192
vt 0.406834 0.995599
vt 0.852805 0.608845
vt 0.851074 0.608844
vt 0.852805 0.420241
vt 0.851074 0.420240
vt 0.887934 0.803456
vt 0.878190 0.803452
vt 0.878190 0.614848
vt 0.887934 0.614852
vt 0.132293 0.926948
vt 0.132293 0.934115
vt 0.127154 0.934307
vt 0.127154 0.927141
vt 0.721661 0.821505
vt 0.721661 0.954008
vt 0.716523 0.954229
vt 0.716523 0.821726
vt 0.276370 0.933325
vt 0.276370 0.926104
vt 0.281512 0.926258
vt 0.281512 0.933478
vt 0.294706 0.919627
vt 0.294706 0.909841
vt 0.301751 0.910051
vt 0.301751 0.919837
vt 0.280621 0.868808
vt 0.267412 0.868807
vt 0.267412 0.680228
vt 0.280621 0.680229
vt 0.194208 0.927174
vt 0.194208 0.917461
vt 0.201249 0.917197
vt 0.201249 0.926910
vt 0.401702 0.863900
vt 0.401702 0.675297
vt 0.403433 0.675298
vt 0.403433 0.863901
vt 0.536853 0.951834
vt 0.536853 0.819331
vt 0.543892 0.819028
vt 0.543892 0.951531
vt 0.514940 0.864078
vt 0.514940 0.995485
vt 0.507910 0.995093
vt 0.507910 0.863686
vt 0.409776 0.995313
vt 0.409776 0.863906
vt 0.414908 0.864192
vt 0.414908 0.995599
vt 0.414908 0.863906
vt 0.413178 0.863905
vt 0.414908 0.675302
vt 0.413178 0.675302
vt 0.890078 0.608843
vt 0.880334 0.608839
vt 0.880334 0.420236
vt 0.890078 0.420240
vt 0.306900 0.926619
vt 0.306900 0.933786
vt 0.301760 0.933978
vt 0.301760 0.926812
vt 0.744731 0.821050
vt 0.744731 0.953553
vt 0.739592 0.953774
vt 0.739592 0.821271
vt 0.308805 0.933591
vt 0.308805 0.926371
vt 0.313947 0.926524
vt 0.313947 0.933745
vt 0.913585 0.199872
vt 0.913585 0.190086
vt 0.920630 0.190296
vt 0.920630 0.200082
vt 0.342364 0.868633
vt 0.329155 0.868632
vt 0.329155 0.680053
vt 0.342364 0.680054
vt 0.107026 0.927177
vt 0.107026 0.917465
vt 0.114067 0.917201
vt 0.114067 0.926913
vt 0.488529 0.863681
vt 0.488529 0.675077
vt 0.490259 0.675078
vt 0.490259 0.863681
vt 0.573966 0.951954
vt 0.573966 0.819451
vt 0.581005 0.819148
vt 0.581005 0.951651
vt 0.994662 0.000396
vt 0.994662 0.131803
vt 0.987632 0.131411
vt 0.987632 0.000004
vt 0.454332 0.995385
vt 0.454332 0.863979
vt 0.459464 0.864265
vt 0.459464 0.995672
vt 0.501734 0.863686
vt 0.500004 0.863685
vt 0.501734 0.675083
vt 0.500004 0.675082
vt 0.896295 0.398740
vt 0.886550 0.398736
vt 0.886550 0.210132
vt 0.896295 0.210136
vt 0.234240 0.927144
vt 0.234240 0.934310
vt 0.229100 0.934503
vt 0.229100 0.927336
vt 0.766052 0.820738
vt 0.766052 0.953241
vt 0.760914 0.953462
vt 0.760914 0.820959
vt 0.254762 0.933426
vt 0.254762 0.926205
vt 0.259904 0.926359
vt 0.259904 0.933579
vt 0.287135 0.679640
vt 0.287135 0.000000
vt 0.306857 0.000588
vt 0.306857 0.680228
vt 0.000000 0.917399
vt 0.000000 0.000002
vt 0.028515 0.000000
vt 0.028515 0.917397
vt 0.441127 0.675297
vt 0.441127 0.000739
vt 0.460839 0.000000
vt 0.460839 0.674558
vt 0.057030 0.917201
vt 0.057030 0.000012
vt 0.061511 0.000010
vt 0.061511 0.917199
vt 0.859002 0.209734
vt 0.859002 0.189698
vt 0.878708 0.188851
vt 0.878708 0.208886
vt 0.859374 0.400076
vt 0.859374 0.419946
vt 0.839692 0.418849
vt 0.839692 0.398979
vt 0.807382 0.208821
vt 0.793778 0.209579
vt 0.793778 0.195733
vt 0.807382 0.194975
vt 0.085548 0.000000
vt 0.085548 0.917189
vt 0.081067 0.917191
vt 0.081067 0.000002
vt 0.201249 0.917197
vt 0.201249 0.000008
vt 0.220805 0.000000
vt 0.220805 0.917189
vt 0.474684 0.000000
vt 0.474684 0.674558
vt 0.460839 0.675077
vt 0.460839 0.000519
vt 0.381576 0.883077
vt 0.367850 0.882487
vt 0.367850 0.868633
vt 0.381576 0.869223
vt 0.354285 0.679640
vt 0.354285 0.000000
vt 0.368138 0.000413
vt 0.368138 0.680053
vt 0.381990 0.675297
vt 0.381990 0.000739
vt 0.401702 0.000000
vt 0.401702 0.674558
vt 0.085548 0.917201
vt 0.085548 0.000012
vt 0.114066 0.000000
vt 0.114066 0.917189
vt 0.247689 0.679640
vt 0.247689 0.000000
vt 0.267412 0.000588
vt 0.267412 0.680228
vt 0.229766 0.917397
vt 0.229766 0.000000
vt 0.234247 0.000000
vt 0.234247 0.917397
vt 0.879080 0.398979
vt 0.879080 0.419014
vt 0.859374 0.419862
vt 0.859374 0.399826
vt 0.819637 0.208721
vt 0.819637 0.188851
vt 0.839320 0.189948
vt 0.839320 0.209818
vt 0.793804 0.405764
vt 0.807409 0.405006
vt 0.807409 0.418852
vt 0.793804 0.419610
vt 0.238727 0.000000
vt 0.238727 0.917397
vt 0.234247 0.917397
vt 0.234247 0.000000
vt 0.516219 0.373587
vt 0.142585 0.917398
vt 0.142585 0.000001
vt 0.162139 0.000000
vt 0.162139 0.917397
vt 0.354285 0.000413
vt 0.354285 0.680053
vt 0.340433 0.679640
vt 0.340433 0.000000
vt 0.301755 0.868979
vt 0.315482 0.869570
vt 0.315482 0.883424
vt 0.301755 0.882833
vt 0.474684 0.675077
vt 0.474684 0.000519
vt 0.488529 0.000000
vt 0.488529 0.674558
vt 0.401702 0.675297
vt 0.401702 0.000739
vt 0.421415 0.000000
vt 0.421415 0.674558
vt 0.114066 0.917201
vt 0.114066 0.000012
vt 0.142585 0.000000
vt 0.142585 0.917189
vt 0.267412 0.679640
vt 0.267412 0.000000
vt 0.287135 0.000588
vt 0.287135 0.680228
vt 0.220805 0.917397
vt 0.220805 0.000000
vt 0.225286 0.000000
vt 0.225286 0.917397
vt 0.287118 0.868808
vt 0.287118 0.888843
vt 0.267412 0.889691
vt 0.267412 0.869655
vt 0.820009 0.418849
vt 0.820009 0.398979
vt 0.839691 0.400076
vt 0.839691 0.419946
vt 0.780173 0.195733
vt 0.793778 0.194975
vt 0.793778 0.208821
vt 0.780173 0.209579
vt 0.229766 -0.000000
vt 0.229766 0.917397
vt 0.225286 0.917397
vt 0.225286 0.000000
vt 0.162139 0.917398
vt 0.162139 0.000001
vt 0.181693 0.000000
vt 0.181693 0.917397
vt 0.340433 0.000413
vt 0.340433 0.680053
vt 0.326580 0.679640
vt 0.326580 0.000000
vt 0.878708 0.188851
vt 0.892435 0.189441
vt 0.892435 0.203295
vt 0.878708 0.202705
vt 0.488529 0.675077
vt 0.488529 0.000519
vt 0.502374 0.000000
vt 0.502374 0.674558
vt 0.306857 0.679640
vt 0.306857 0.000000
vt 0.326580 0.000588
vt 0.326580 0.680228
vt 0.028515 0.917399
vt 0.028515 0.000002
vt 0.057030 0.000000
vt 0.057030 0.917397
vt 0.421415 0.675297
vt 0.421415 0.000739
vt 0.441127 0.000000
vt 0.441127 0.674558
vt 0.238727 0.917191
vt 0.238727 0.000002
vt 0.243208 0.000000
vt 0.243208 0.917189
vt 0.247706 0.889793
vt 0.247706 0.869757
vt 0.267412 0.868909
vt 0.267412 0.888945
vt 0.859002 0.189948
vt 0.859002 0.209818
vt 0.839319 0.208721
vt 0.839319 0.188851
vt 0.793804 0.418852
vt 0.780200 0.419610
vt 0.780200 0.405764
vt 0.793804 0.405006
vt 0.247689 0.917189
vt 0.243208 0.917191
vt 0.243208 0.000002
vt 0.516219 0.373946
vt 0.181693 0.917197
vt 0.181693 0.000008
vt 0.201249 0.000000
vt 0.201249 0.917189
vt 0.516219 0.000000
vt 0.516219 0.674558
vt 0.502374 0.675077
vt 0.502374 0.000519
vt 0.301047 0.883424
vt 0.287320 0.882833
vt 0.287320 0.868979
vt 0.301047 0.869570
vt 0.368138 0.679640
vt 0.368138 0.000000
vt 0.381990 0.000413
vt 0.381990 0.680053
vt 0.892435 0.203295
vt 0.892435 0.190086
vt 0.899485 0.190086
vt 0.899485 0.203294
vt 0.829342 0.188851
vt 0.819637 0.188487
vt 0.819637 0.000004
vt 0.829342 0.000368
vt 0.899484 0.203294
vt 0.899484 0.190089
vt 0.906535 0.190086
vt 0.906535 0.203291
vt 0.329155 0.680053
vt 0.329155 0.868589
vt 0.327874 0.868627
vt 0.327874 0.680091
vt 0.534186 0.630395
vt 0.534186 0.818863
vt 0.529238 0.818651
vt 0.529238 0.630182
vt 0.934183 0.608872
vt 0.934183 0.420509
vt 0.939088 0.420236
vt 0.939088 0.608599
vt 0.959446 0.210132
vt 0.959446 0.398496
vt 0.955866 0.398695
vt 0.955866 0.210332
vt 0.906535 0.191816
vt 0.906535 0.201561
vt 0.374527 0.883077
vt 0.374527 0.896283
vt 0.374527 0.894552
vt 0.374527 0.884808
vt 0.974812 0.398707
vt 0.974812 0.210171
vt 0.976094 0.210132
vt 0.976094 0.398669
vt 0.293829 0.680443
vt 0.301047 0.680228
vt 0.301047 0.868764
vt 0.293829 0.868979
vt 0.369380 0.894554
vt 0.369380 0.884810
vt 0.544234 0.818647
vt 0.544234 0.630179
vt 0.547846 0.630334
vt 0.547846 0.818803
vt 0.322700 0.918274
vt 0.322700 0.908527
vt 0.327845 0.908527
vt 0.327845 0.918273
vt 0.886130 0.419862
vt 0.886130 0.406653
vt 0.893179 0.406653
vt 0.893179 0.419861
vt 0.581005 0.819149
vt 0.571299 0.818785
vt 0.571299 0.630302
vt 0.581005 0.630666
vt 0.907279 0.419861
vt 0.907279 0.406656
vt 0.914330 0.406653
vt 0.914330 0.419858
vt 0.976347 0.614848
vt 0.976347 0.803384
vt 0.975065 0.803423
vt 0.975065 0.614886
vt 0.920421 0.000217
vt 0.920421 0.188686
vt 0.915472 0.188473
vt 0.915472 0.000004
vt 0.935135 0.188641
vt 0.935135 0.000278
vt 0.940039 0.000004
vt 0.940039 0.188368
vt 0.963026 0.210132
vt 0.963026 0.398495
vt 0.959446 0.398695
vt 0.959446 0.210332
vt 0.914330 0.408383
vt 0.914330 0.418128
vt 0.315482 0.883424
vt 0.315482 0.896629
vt 0.315482 0.894899
vt 0.315482 0.885154
vt 0.261182 0.868803
vt 0.261182 0.680266
vt 0.262463 0.680228
vt 0.262463 0.868764
vt 0.308265 0.680443
vt 0.315482 0.680228
vt 0.315482 0.868764
vt 0.308265 0.868979
vt 0.310336 0.894901
vt 0.310336 0.885156
vt 0.596877 0.818787
vt 0.596877 0.630318
vt 0.600489 0.630474
vt 0.600489 0.818942
vt 0.269316 0.912647
vt 0.269316 0.902901
vt 0.274462 0.902900
vt 0.274462 0.912647
vt 0.893179 0.419862
vt 0.893179 0.406653
vt 0.900229 0.406653
vt 0.900229 0.419861
vt 0.829714 0.398979
vt 0.820009 0.398615
vt 0.820009 0.210132
vt 0.829714 0.210496
vt 0.294706 0.909841
vt 0.294706 0.896636
vt 0.301756 0.896633
vt 0.301756 0.909838
vt 0.634646 0.630109
vt 0.634646 0.818646
vt 0.633364 0.818684
vt 0.633364 0.630148
vt 0.587151 0.630515
vt 0.587151 0.818984
vt 0.582202 0.818771
vt 0.582202 0.630302
vt 0.925325 0.188641
vt 0.925325 0.000278
vt 0.930230 0.000004
vt 0.930230 0.188368
vt 0.960981 0.614848
vt 0.960981 0.803211
vt 0.957401 0.803411
vt 0.957401 0.615048
vt 0.516219 0.360038
vt 0.819605 0.406401
vt 0.819605 0.419607
vt 0.819605 0.417876
vt 0.819605 0.408132
vt 0.975179 0.188579
vt 0.975179 0.000043
vt 0.976461 0.000004
vt 0.976461 0.188541
vt 0.856649 0.615063
vt 0.863867 0.614848
vt 0.863867 0.803384
vt 0.856649 0.803600
vt 0.814458 0.417878
vt 0.814458 0.408134
vt 0.952053 0.188473
vt 0.952053 0.000004
vt 0.955665 0.000160
vt 0.955665 0.188628
vt 0.189062 0.926944
vt 0.189062 0.917198
vt 0.194208 0.917197
vt 0.194208 0.926944
vt 0.315482 0.895398
vt 0.315482 0.882189
vt 0.322532 0.882188
vt 0.322532 0.895397
vt 0.829818 0.609082
vt 0.820112 0.608718
vt 0.820112 0.420236
vt 0.829818 0.420599
vt 0.274462 0.916109
vt 0.274462 0.902903
vt 0.281512 0.902900
vt 0.281512 0.916106
vt 0.976791 0.420236
vt 0.976791 0.608772
vt 0.975509 0.608810
vt 0.975509 0.420274
vt 0.914520 0.420449
vt 0.914520 0.608917
vt 0.909572 0.608704
vt 0.909572 0.420236
vt 0.930230 0.188641
vt 0.930230 0.000278
vt 0.935135 0.000005
vt 0.935135 0.188368
vt 0.964561 0.614848
vt 0.964561 0.803211
vt 0.960981 0.803411
vt 0.960981 0.615048
vt 0.280069 0.889691
vt 0.280069 0.902897
vt 0.280069 0.901166
vt 0.280069 0.891422
vt 0.976347 0.803423
vt 0.976347 0.614886
vt 0.977629 0.614848
vt 0.977629 0.803384
vt 0.301047 0.680443
vt 0.308264 0.680228
vt 0.308265 0.868764
vt 0.301047 0.868979
vt 0.274922 0.901168
vt 0.274922 0.891424
vt 0.943877 0.608704
vt 0.943877 0.420236
vt 0.947489 0.420391
vt 0.947489 0.608860
vt 0.369380 0.919242
vt 0.369380 0.909495
vt 0.374526 0.909495
vt 0.374526 0.919241
vt 0.807382 0.209579
vt 0.807382 0.196370
vt 0.814432 0.196370
vt 0.814432 0.209579
vt 0.543892 0.819028
vt 0.534186 0.818665
vt 0.534186 0.630182
vt 0.543892 0.630546
vt 0.287656 0.909841
vt 0.287656 0.896635
vt 0.294706 0.896633
vt 0.294706 0.909838
vt 0.626589 0.630322
vt 0.626589 0.818859
vt 0.625307 0.818897
vt 0.625307 0.630361
vt 0.459281 0.675510
vt 0.459281 0.863978
vt 0.454332 0.863766
vt 0.454332 0.675297
vt 0.930546 0.398769
vt 0.930546 0.210406
vt 0.935451 0.210132
vt 0.935451 0.398496
vt 0.968141 0.614848
vt 0.968141 0.803211
vt 0.964561 0.803411
vt 0.964561 0.615048
vt 0.294706 0.898363
vt 0.294706 0.908108
vt 0.516219 0.360055
vt 0.974227 0.608810
vt 0.974227 0.420274
vt 0.975509 0.420236
vt 0.975509 0.608772
vt 0.862110 0.000220
vt 0.869328 0.000004
vt 0.869328 0.188541
vt 0.862110 0.188756
vt 0.127147 0.917201
vt 0.127147 0.926946
vt 0.122000 0.926948
vt 0.122000 0.917203
vt 0.952253 0.398601
vt 0.952253 0.210132
vt 0.955866 0.210288
vt 0.955866 0.398756
vt 0.269316 0.922394
vt 0.269316 0.912648
vt 0.274462 0.912647
vt 0.274462 0.922394
vt 0.374527 0.896286
vt 0.374527 0.883078
vt 0.381576 0.896286
vt 0.596877 0.819165
vt 0.587171 0.818801
vt 0.587171 0.630318
vt 0.596877 0.630682
vt 0.260362 0.903001
vt 0.260362 0.889795
vt 0.267412 0.889793
vt 0.267412 0.902998
vt 0.460839 0.675297
vt 0.460839 0.863833
vt 0.459557 0.863871
vt 0.459557 0.675335
vt 0.917323 0.615061
vt 0.917323 0.803530
vt 0.912374 0.803317
vt 0.912374 0.614848
vt 0.929278 0.608872
vt 0.929278 0.420509
vt 0.934183 0.420236
vt 0.934183 0.608599
vt 0.965454 0.420236
vt 0.965454 0.608599
vt 0.961874 0.608799
vt 0.961874 0.420435
vt 0.267412 0.891523
vt 0.267412 0.901268
vt 0.976094 0.398707
vt 0.976094 0.210171
vt 0.977376 0.210132
vt 0.977376 0.398669
vt 0.315482 0.680443
vt 0.322699 0.680228
vt 0.322699 0.868764
vt 0.315482 0.868979
vt 0.234247 0.917397
vt 0.234247 0.927141
vt 0.229100 0.927144
vt 0.229100 0.917399
vt 0.944828 0.188473
vt 0.944828 0.000004
vt 0.948441 0.000160
vt 0.948441 0.188629
vt 0.308805 0.926371
vt 0.308805 0.916624
vt 0.313951 0.916624
vt 0.313951 0.926370
vt 0.315482 0.882188
vt 0.315482 0.868980
vt 0.322532 0.868979
vt 0.322532 0.882188
vt 0.610842 0.819181
vt 0.601137 0.818818
vt 0.601137 0.630335
vt 0.610842 0.630699
vt 0.247706 0.903001
vt 0.247706 0.889796
vt 0.254756 0.889793
vt 0.254756 0.902998
vt 0.974812 0.210132
vt 0.974812 0.398669
vt 0.973530 0.398707
vt 0.973530 0.210171
vt 0.401702 0.675510
vt 0.401702 0.863979
vt 0.396754 0.863766
vt 0.396754 0.675297
vt 0.919469 0.608872
vt 0.919469 0.420509
vt 0.924374 0.420236
vt 0.924374 0.608599
vt 0.969034 0.420236
vt 0.969034 0.608599
vt 0.965454 0.608799
vt 0.965454 0.420435
vt 0.254756 0.891523
vt 0.254756 0.901268
vt 0.395472 0.863872
vt 0.395472 0.675335
vt 0.396754 0.675297
vt 0.396754 0.863833
vt 0.414908 0.675512
vt 0.422126 0.675297
vt 0.422126 0.863833
vt 0.414908 0.864048
vt 0.132293 0.917201
vt 0.132293 0.926946
vt 0.127147 0.926948
vt 0.127147 0.917203
vt 0.945029 0.398601
vt 0.945029 0.210132
vt 0.948641 0.210288
vt 0.948641 0.398757
vt 0.132293 0.926948
vt 0.132293 0.917201
vt 0.137439 0.917201
vt 0.137439 0.926948
vt 0.238727 0.927167
vt 0.238727 0.917455
vt 0.245768 0.917191
vt 0.245768 0.926903
vt 0.474044 0.863686
vt 0.460839 0.863681
vt 0.474044 0.675083
vt 0.914330 0.416438
vt 0.914330 0.406653
vt 0.921374 0.406863
vt 0.921374 0.416648
vt 0.972496 0.608815
vt 0.972496 0.420236
vt 0.974227 0.420236
vt 0.974227 0.608815
vt 0.566207 0.820077
vt 0.566207 0.952580
vt 0.559168 0.952882
vt 0.559168 0.820380
vt 0.467869 0.995093
vt 0.467869 0.863686
vt 0.474900 0.864078
vt 0.474900 0.995485
vt 0.427921 0.864265
vt 0.427921 0.995672
vt 0.422789 0.995385
vt 0.422789 0.863978
vt 0.975179 0.000005
vt 0.975179 0.188584
vt 0.973448 0.188584
vt 0.973448 0.000004
vt 0.899825 0.608816
vt 0.890078 0.608815
vt 0.890078 0.420236
vt 0.899825 0.420236
vt 0.032759 0.925521
vt 0.032759 0.932742
vt 0.027617 0.932589
vt 0.027617 0.925368
vt 0.664613 0.954527
vt 0.664613 0.822024
vt 0.669751 0.821803
vt 0.669751 0.954306
vt 0.238727 0.934527
vt 0.238727 0.927360
vt 0.243867 0.927167
vt 0.243867 0.934334
vt 0.071466 0.927177
vt 0.071466 0.917465
vt 0.078507 0.917201
vt 0.078507 0.926913
vt 0.514940 0.863686
vt 0.501734 0.863681
vt 0.501734 0.675077
vt 0.514940 0.675083
vt 0.274462 0.925894
vt 0.274462 0.916109
vt 0.281506 0.916319
vt 0.281506 0.926104
vt 0.966606 0.398712
vt 0.966606 0.210132
vt 0.968337 0.210133
vt 0.968337 0.398712
vt 0.528395 0.820082
vt 0.528395 0.952584
vt 0.521357 0.952887
vt 0.521357 0.820384
vt 0.495559 0.995093
vt 0.495559 0.863686
vt 0.502590 0.864078
vt 0.502590 0.995485
vt 0.401702 0.864265
vt 0.401702 0.995672
vt 0.396571 0.995385
vt 0.396571 0.863979
vt 0.516219 0.380648
vt 0.516219 0.367442
vt 0.516219 0.369173
vt 0.516219 0.378917
vt 0.516219 0.378917
vt 0.516219 0.369173
vt 0.969872 0.614848
vt 0.969872 0.803427
vt 0.968141 0.803427
vt 0.968141 0.614848
vt 0.909572 0.608816
vt 0.899825 0.608815
vt 0.899825 0.420236
vt 0.909572 0.420236
vt 0.027617 0.925521
vt 0.027617 0.932742
vt 0.022475 0.932589
vt 0.022475 0.925368
vt 0.710337 0.954238
vt 0.710337 0.821736
vt 0.715475 0.821515
vt 0.715475 0.954017
vt 0.122007 0.934307
vt 0.122007 0.927140
vt 0.127147 0.926948
vt 0.127147 0.934114
vt 0.085548 0.927177
vt 0.085548 0.917465
vt 0.092589 0.917201
vt 0.092589 0.926913
vt 0.395196 0.863906
vt 0.381990 0.863900
vt 0.395196 0.675302
vt 0.261807 0.925995
vt 0.261807 0.916210
vt 0.268851 0.916420
vt 0.268851 0.926205
vt 0.968337 0.398712
vt 0.968337 0.210132
vt 0.970068 0.210133
vt 0.970068 0.398712
vt 0.596877 0.819165
vt 0.596877 0.951667
vt 0.589838 0.951970
vt 0.589838 0.819467
vt 0.427921 0.995313
vt 0.427921 0.863906
vt 0.434951 0.864298
vt 0.434951 0.995705
vt 0.420040 0.864335
vt 0.420040 0.995741
vt 0.414908 0.995455
vt 0.414908 0.864048
vt 0.516219 0.393853
vt 0.516219 0.407059
vt 0.516219 0.405329
vt 0.516219 0.395584
vt 0.973334 0.614848
vt 0.973334 0.803427
vt 0.971603 0.803427
vt 0.971603 0.614848
vt 0.915472 0.188584
vt 0.905725 0.188584
vt 0.905725 0.000004
vt 0.915472 0.000005
vt 0.171774 0.925521
vt 0.171774 0.932741
vt 0.166632 0.932588
vt 0.166632 0.925367
vt 0.673194 0.954510
vt 0.673194 0.822008
vt 0.678332 0.821787
vt 0.678332 0.954289
vt 0.181693 0.934533
vt 0.181693 0.927366
vt 0.186832 0.927173
vt 0.186832 0.934340
vt 0.099630 0.927177
vt 0.099630 0.917465
vt 0.106671 0.917201
vt 0.106671 0.926913
vt 0.454332 0.863906
vt 0.441127 0.863900
vt 0.441127 0.675297
vt 0.454332 0.675302
vt 0.254756 0.925995
vt 0.254756 0.916210
vt 0.261801 0.916420
vt 0.261801 0.926205
vt 0.971717 0.188584
vt 0.971717 0.000004
vt 0.973448 0.000005
vt 0.973448 0.188584
vt 0.655772 0.819977
vt 0.655772 0.952479
vt 0.648733 0.952782
vt 0.648733 0.820279
vt 0.441127 0.995313
vt 0.441127 0.863906
vt 0.448157 0.864298
vt 0.448157 0.995705
vt 0.999794 0.000291
vt 0.999794 0.131698
vt 0.994662 0.131411
vt 0.994662 0.000004
vt 0.516219 0.354236
vt 0.516219 0.367442
vt 0.516219 0.365711
vt 0.516219 0.355967
vt 0.970765 0.420236
vt 0.970765 0.608815
vt 0.969034 0.608815
vt 0.969034 0.420236
vt 0.905725 0.188584
vt 0.895978 0.188584
vt 0.895978 0.000004
vt 0.905725 0.000005
vt 0.147727 0.925521
vt 0.147727 0.932741
vt 0.142585 0.932588
vt 0.142585 0.925367
vt 0.679242 0.954289
vt 0.679242 0.821786
vt 0.684380 0.821565
vt 0.684380 0.954068
vt 0.203150 0.934533
vt 0.203150 0.927366
vt 0.208290 0.927173
vt 0.208290 0.934340
vt 0.213764 0.927173
vt 0.213764 0.917461
vt 0.220805 0.917197
vt 0.220805 0.926910
vt 0.856649 0.803457
vt 0.843443 0.803452
vt 0.843443 0.614848
vt 0.856649 0.614854
vt 0.301760 0.916414
vt 0.301760 0.906628
vt 0.308805 0.906838
vt 0.308805 0.916624
vt 0.969872 0.803427
vt 0.969872 0.614848
vt 0.971603 0.614848
vt 0.971603 0.803427
vt 0.644075 0.820015
vt 0.644075 0.952517
vt 0.637036 0.952820
vt 0.637036 0.820317
vt 0.488529 0.995093
vt 0.488529 0.863686
vt 0.495559 0.864078
vt 0.495559 0.995485
vt 0.507910 0.863972
vt 0.507910 0.995379
vt 0.502778 0.995093
vt 0.502778 0.863686
vt 0.516219 0.393853
vt 0.516219 0.395584
vt 0.516219 0.407059
vt 0.516219 0.420265
vt 0.516219 0.418534
vt 0.516219 0.408790
vt 0.971717 0.000005
vt 0.971717 0.188584
vt 0.969986 0.188584
vt 0.969986 0.000004
vt 0.906041 0.398712
vt 0.896295 0.398712
vt 0.896295 0.210132
vt 0.906041 0.210133
vt 0.252848 0.926359
vt 0.252848 0.933579
vt 0.247706 0.933426
vt 0.247706 0.926205
vt 0.657493 0.956199
vt 0.657493 0.823696
vt 0.662632 0.823475
vt 0.662632 0.955978
vt 0.213764 0.934533
vt 0.213764 0.927366
vt 0.218904 0.927173
vt 0.218904 0.934340
vt 0.181693 0.927173
vt 0.181693 0.917461
vt 0.188734 0.917197
vt 0.188734 0.926910
vt 0.487889 0.863686
vt 0.474684 0.863681
vt 0.487889 0.675082
vt 0.315481 0.918392
vt 0.315481 0.908606
vt 0.322526 0.908816
vt 0.322526 0.918602
vt 0.971799 0.398712
vt 0.971799 0.210132
vt 0.973530 0.210133
vt 0.973530 0.398712
vt 0.610842 0.819181
vt 0.610842 0.951684
vt 0.603804 0.951987
vt 0.603804 0.819484
vt 0.388166 0.995313
vt 0.388166 0.863906
vt 0.395196 0.864298
vt 0.395196 0.995705
vt 0.388166 0.864192
vt 0.388166 0.995599
vt 0.383034 0.995313
vt 0.383034 0.863906
vt 0.516219 0.380648
vt 0.516219 0.392123
vt 0.516219 0.382378
vt 0.971799 0.210132
vt 0.971799 0.398712
vt 0.970068 0.398712
vt 0.970068 0.210132
vt 0.907426 0.803428
vt 0.897679 0.803427
vt 0.897679 0.614848
vt 0.907426 0.614849
vt 0.322532 0.926722
vt 0.322532 0.933942
vt 0.317389 0.933789
vt 0.317389 0.926569
vt 0.750892 0.953470
vt 0.750892 0.820967
vt 0.756030 0.820746
vt 0.756030 0.953249
vt 0.208619 0.934304
vt 0.208619 0.927137
vt 0.213758 0.926944
vt 0.213758 0.934111
vt 0.078507 0.927177
vt 0.078507 0.917465
vt 0.085548 0.917201
vt 0.085548 0.926913
vt 0.862482 0.398741
vt 0.849276 0.398736
vt 0.849276 0.210132
vt 0.862482 0.210138
vt 0.374526 0.919280
vt 0.374526 0.909495
vt 0.381571 0.909705
vt 0.381571 0.919490
vt 0.970765 0.608815
vt 0.970765 0.420236
vt 0.972496 0.420236
vt 0.972496 0.608815
vt 0.556243 0.819140
vt 0.556243 0.951642
vt 0.549204 0.951945
vt 0.549204 0.819442
vt 0.460839 0.995093
vt 0.460839 0.863686
vt 0.467869 0.864078
vt 0.467869 0.995485
vt 1.000000 0.801930
vt 1.000000 0.933337
vt 0.994868 0.933051
vt 0.994868 0.801644
vt 0.516219 0.408790
vt 0.516219 0.418534
vt 0.516219 0.420265
vt 0.516219 0.433471
vt 0.516219 0.431740
vt 0.516219 0.421995
vt 0.975065 0.614848
vt 0.975065 0.803427
vt 0.973334 0.803427
vt 0.973334 0.614848
vt 0.915788 0.398712
vt 0.906041 0.398712
vt 0.906041 0.210132
vt 0.915788 0.210133
vt 0.327846 0.926394
vt 0.327846 0.933615
vt 0.322704 0.933462
vt 0.322704 0.926241
vt 0.744731 0.953791
vt 0.744731 0.821288
vt 0.749869 0.821067
vt 0.749869 0.953570
vt 0.078507 0.934536
vt 0.078507 0.927370
vt 0.083647 0.927177
vt 0.083647 0.934344
vt 0.906535 0.203295
vt 0.906535 0.190089
vt 0.913585 0.190086
vt 0.913585 0.203292
vt 0.823881 0.615140
vt 0.833662 0.614848
vt 0.833662 0.803384
vt 0.823881 0.803676
vt 0.301755 0.883424
vt 0.308805 0.883424
vt 0.308805 0.896632
vt 0.979335 0.608718
vt 0.979335 0.420236
vt 0.980607 0.420283
vt 0.980607 0.608766
vt 0.915788 0.398601
vt 0.915788 0.210132
vt 0.920737 0.210345
vt 0.920737 0.398814
vt 0.930546 0.210132
vt 0.930546 0.398496
vt 0.925642 0.398769
vt 0.925642 0.210406
vt 0.954714 0.608799
vt 0.954714 0.420435
vt 0.958294 0.420236
vt 0.958294 0.608599
vt 0.255215 0.902998
vt 0.255215 0.889793
vt 0.255215 0.891523
vt 0.255215 0.901268
vt 0.906535 0.201564
vt 0.906535 0.191820
vt 0.979335 0.420283
vt 0.979335 0.608766
vt 0.978063 0.608718
vt 0.978063 0.420236
vt 0.869644 0.398883
vt 0.862482 0.398615
vt 0.862482 0.210132
vt 0.869644 0.210401
vt 0.287118 0.912647
vt 0.287118 0.922394
vt 0.281972 0.922394
vt 0.281972 0.912648
vt 0.950176 0.615003
vt 0.950176 0.803472
vt 0.946564 0.803317
vt 0.946564 0.614848
vt 0.260362 0.891521
vt 0.260362 0.901266
vt 0.254756 0.916210
vt 0.254756 0.903004
vt 0.261807 0.903001
vt 0.261807 0.916207
vt 0.829818 0.420527
vt 0.839599 0.608772
vt 0.829818 0.609064
vt 0.280069 0.902900
vt 0.280069 0.889692
vt 0.287118 0.889691
vt 0.287118 0.902900
vt 0.978648 0.398615
vt 0.978648 0.210132
vt 0.979919 0.210180
vt 0.979920 0.398663
vt 0.422972 0.863766
vt 0.422972 0.675297
vt 0.427921 0.675510
vt 0.427921 0.863978
vt 0.927176 0.614848
vt 0.927176 0.803211
vt 0.922272 0.803485
vt 0.922272 0.615121
vt 0.966406 0.188567
vt 0.966406 0.000204
vt 0.969986 0.000005
vt 0.969986 0.188368
vt 0.322699 0.908527
vt 0.322699 0.895321
vt 0.322699 0.897052
vt 0.322699 0.906796
vt 0.978901 0.614896
vt 0.978901 0.803378
vt 0.977629 0.803331
vt 0.977629 0.614848
vt 0.871028 0.803599
vt 0.863867 0.803331
vt 0.863867 0.614848
vt 0.871028 0.615116
vt 0.287118 0.902900
vt 0.287118 0.912647
vt 0.281972 0.912647
vt 0.281972 0.902901
vt 0.951101 0.420391
vt 0.951101 0.608860
vt 0.947489 0.608704
vt 0.947489 0.420236
vt 0.327846 0.897049
vt 0.327846 0.906794
vt 0.247706 0.903004
vt 0.254756 0.903001
vt 0.254756 0.916207
vt 0.833662 0.615140
vt 0.843443 0.803384
vt 0.833662 0.803676
vt 0.267412 0.902900
vt 0.267412 0.889692
vt 0.274462 0.889691
vt 0.274462 0.902900
vt 0.979920 0.398615
vt 0.979920 0.210132
vt 0.981192 0.210180
vt 0.981192 0.398663
vt 0.262463 0.868697
vt 0.267412 0.680441
vt 0.267412 0.868910
vt 0.925325 0.000004
vt 0.925325 0.188368
vt 0.920421 0.188641
vt 0.920421 0.000278
vt 0.955665 0.188567
vt 0.955665 0.000204
vt 0.959245 0.000004
vt 0.959245 0.188368
vt 0.369380 0.909492
vt 0.369380 0.896286
vt 0.369380 0.898017
vt 0.369380 0.907761
vt 0.247706 0.914479
vt 0.247706 0.904735
vt 0.978648 0.210180
vt 0.978648 0.398663
vt 0.977376 0.398615
vt 0.977376 0.210132
vt 0.880334 0.608987
vt 0.873172 0.608718
vt 0.873172 0.420236
vt 0.880334 0.420504
vt 0.925776 0.200330
vt 0.925776 0.210077
vt 0.920630 0.210077
vt 0.920630 0.200331
vt 0.954714 0.420391
vt 0.954714 0.608860
vt 0.951101 0.608704
vt 0.951101 0.420236
vt 0.374527 0.898015
vt 0.374527 0.907759
vt 0.261807 0.916210
vt 0.261807 0.903004
vt 0.268857 0.903001
vt 0.268857 0.916207
vt 0.839123 0.000296
vt 0.848904 0.000004
vt 0.848904 0.188541
vt 0.839123 0.188832
vt 0.294706 0.896633
vt 0.294706 0.883424
vt 0.301755 0.883424
vt 0.301755 0.896632
vt 0.980172 0.803331
vt 0.980172 0.614848
vt 0.981444 0.614896
vt 0.981444 0.803378
vt 0.914520 0.608705
vt 0.914520 0.420236
vt 0.919469 0.420449
vt 0.919469 0.608917
vt 0.936986 0.614848
vt 0.936986 0.803211
vt 0.932081 0.803485
vt 0.932081 0.615121
vt 0.962826 0.188567
vt 0.962826 0.000204
vt 0.966406 0.000004
vt 0.966406 0.188368
vt 0.310336 0.909835
vt 0.310336 0.896629
vt 0.310336 0.898360
vt 0.310336 0.908104
vt 0.261807 0.914479
vt 0.261807 0.904735
vt 0.977733 0.000052
vt 0.977733 0.188535
vt 0.976461 0.188487
vt 0.976461 0.000005
vt 0.876806 0.398883
vt 0.869644 0.398615
vt 0.869644 0.210132
vt 0.876806 0.210401
vt 0.926520 0.406901
vt 0.926520 0.416648
vt 0.921374 0.406902
vt 0.953788 0.615003
vt 0.953788 0.803472
vt 0.950176 0.803317
vt 0.950176 0.614848
vt 0.315482 0.898358
vt 0.315482 0.908102
vt 0.374527 0.909495
vt 0.374527 0.896289
vt 0.381577 0.896286
vt 0.381577 0.909492
vt 0.829342 0.000296
vt 0.839123 0.000004
vt 0.839123 0.188541
vt 0.829342 0.188832
vt 0.807409 0.419610
vt 0.807409 0.406401
vt 0.814458 0.406401
vt 0.814458 0.419610
vt 0.976791 0.608718
vt 0.976791 0.420236
vt 0.978063 0.420283
vt 0.978063 0.608766
vt 0.322700 0.868697
vt 0.322700 0.680228
vt 0.327648 0.680441
vt 0.327648 0.868910
vt 0.932081 0.614848
vt 0.932081 0.803211
vt 0.927176 0.803485
vt 0.927176 0.615121
vt 0.963026 0.398695
vt 0.963026 0.210332
vt 0.966606 0.210132
vt 0.966606 0.398496
vt 0.814432 0.209576
vt 0.814432 0.196370
vt 0.814432 0.198101
vt 0.814432 0.207845
vt 0.374527 0.907764
vt 0.374527 0.898020
vt 0.980173 0.614896
vt 0.980173 0.803378
vt 0.978901 0.803331
vt 0.978901 0.614848
vt 0.873172 0.608987
vt 0.866010 0.608718
vt 0.866010 0.420236
vt 0.873172 0.420504
vt 0.213764 0.917197
vt 0.213764 0.926944
vt 0.208619 0.926944
vt 0.208619 0.917198
vt 0.952053 0.000160
vt 0.952053 0.188629
vt 0.948441 0.188473
vt 0.948441 0.000004
vt 0.819578 0.198098
vt 0.819578 0.207843
vt 0.900229 0.419861
vt 0.900229 0.406656
vt 0.907279 0.406653
vt 0.907279 0.419859
vt 0.829714 0.210424
vt 0.839495 0.210132
vt 0.839495 0.398669
vt 0.829714 0.398960
vt 0.287320 0.896633
vt 0.287320 0.883424
vt 0.294370 0.883424
vt 0.294370 0.896632
vt 0.980607 0.608718
vt 0.980607 0.420236
vt 0.981879 0.420283
vt 0.981879 0.608766
vt 0.907426 0.803317
vt 0.907426 0.614848
vt 0.912374 0.615061
vt 0.912374 0.803530
vt 0.925642 0.210132
vt 0.925642 0.398496
vt 0.920737 0.398769
vt 0.920737 0.210406
vt 0.958294 0.608799
vt 0.958294 0.420435
vt 0.961874 0.420236
vt 0.961874 0.608599
vt 0.322700 0.882115
vt 0.322700 0.868909
vt 0.322700 0.870640
vt 0.322700 0.880385
vt 0.900229 0.418131
vt 0.900229 0.408386
vt 0.979004 0.000052
vt 0.979004 0.188535
vt 0.977733 0.188487
vt 0.977733 0.000004
vt 0.876489 0.188755
vt 0.869328 0.188487
vt 0.869328 0.000004
vt 0.876489 0.000273
vt 0.925776 0.190335
vt 0.925776 0.200082
vt 0.920630 0.200082
vt 0.920630 0.190335
vt 0.952253 0.210288
vt 0.952254 0.398757
vt 0.948641 0.398601
vt 0.948641 0.210132
vt 0.327846 0.870638
vt 0.327846 0.880382
vt 0.315482 0.908606
vt 0.315482 0.895401
vt 0.322532 0.895398
vt 0.322532 0.908603
vt 0.839495 0.210424
vt 0.849276 0.210132
vt 0.849276 0.398669
vt 0.839495 0.398960
vt 0.879080 0.419862
vt 0.879080 0.406653
vt 0.886130 0.406653
vt 0.886130 0.419861
vt 0.979004 0.188487
vt 0.979004 0.000004
vt 0.980276 0.000052
vt 0.980276 0.188535
vt 0.917323 0.803317
vt 0.917323 0.614848
vt 0.922272 0.615061
vt 0.922272 0.803530
vt 0.929278 0.420236
vt 0.929278 0.608599
vt 0.924374 0.608872
vt 0.924374 0.420509
vt 0.959245 0.188567
vt 0.959245 0.000204
vt 0.962826 0.000004
vt 0.962826 0.188368
vt 0.322700 0.895321
vt 0.322700 0.883846
vt 0.322700 0.893590
vt 0.315482 0.906876
vt 0.315482 0.897131
vt 0.981548 0.000052
vt 0.981548 0.188535
vt 0.980276 0.188487
vt 0.980276 0.000004
vt 0.878190 0.803599
vt 0.871028 0.803331
vt 0.871028 0.614848
vt 0.878190 0.615116
vt 0.142585 0.917201
vt 0.142585 0.926948
vt 0.137439 0.917201
vt 0.957401 0.615003
vt 0.957401 0.803472
vt 0.953789 0.803317
vt 0.953789 0.614848
vt 0.327846 0.883844
vt 0.327846 0.893588
vt 0.908312 0.209371
vt 0.908312 0.203601
vt 0.912542 0.203295
vt 0.912542 0.209065
vt 0.692278 0.627476
vt 0.699137 0.629821
vt 0.699137 0.821305
vt 0.692278 0.818959
vt 0.844451 0.942502
vt 0.843443 0.936946
vt 0.847662 0.936543
vt 0.848671 0.942099
vt 0.818193 0.403111
vt 0.818193 0.210433
vt 0.819094 0.210132
vt 0.819094 0.402811
vt 0.559531 0.631036
vt 0.559531 0.819180
vt 0.556609 0.817825
vt 0.556609 0.629681
vt 0.844451 0.803860
vt 0.848671 0.803457
vt 0.931625 0.808311
vt 0.930873 0.941398
vt 0.927794 0.941699
vt 0.928546 0.808611
vt 0.917502 0.614723
vt 0.917502 0.608952
vt 0.917502 0.609709
vt 0.917502 0.613966
vt 0.930739 0.803485
vt 0.931758 0.809038
vt 0.930873 0.804212
vt 0.769416 0.626090
vt 0.769416 0.818768
vt 0.768516 0.819069
vt 0.768516 0.626390
vt 0.811953 0.807526
vt 0.806885 0.809218
vt 0.806885 0.616539
vt 0.811953 0.614848
vt 0.927794 0.804513
vt 0.699137 0.815619
vt 0.699137 0.627476
vt 0.701270 0.628465
vt 0.701270 0.816608
vt 0.920590 0.609485
vt 0.920590 0.613743
vt 0.780303 0.943785
vt 0.780613 0.937005
vt 0.784863 0.937133
vt 0.784553 0.943914
vt 0.793572 0.614003
vt 0.787286 0.615078
vt 0.787286 0.421311
vt 0.793572 0.420236
vt 0.329400 0.875617
vt 0.329155 0.868736
vt 0.333407 0.868633
vt 0.333651 0.875514
vt 0.548864 0.420399
vt 0.548864 0.613952
vt 0.548033 0.613813
vt 0.548033 0.420261
vt 0.329155 0.998872
vt 0.333407 0.998768
vt 0.784553 0.809850
vt 0.780303 0.809721
vt 0.792117 0.942891
vt 0.791886 0.815607
vt 0.794988 0.815703
vt 0.795220 0.942986
vt 0.791845 0.816496
vt 0.792158 0.809715
vt 0.792117 0.810604
vt 0.516219 0.386849
vt 0.516219 0.386013
vt 0.516219 0.381307
vt 0.611002 0.807480
vt 0.611002 0.613928
vt 0.611834 0.614066
vt 0.611834 0.807619
vt 0.775622 0.626083
vt 0.780303 0.626865
vt 0.780303 0.820418
vt 0.775622 0.819636
vt 0.603621 0.942436
vt 0.603804 0.947513
vt 0.600700 0.947590
vt 0.600518 0.942513
vt 0.603804 0.819181
vt 0.600700 0.819258
vt 0.795220 0.810700
vt 0.310336 0.915911
vt 0.310336 0.910141
vt 0.314566 0.909835
vt 0.314566 0.915605
vt 0.679242 0.627736
vt 0.686102 0.630082
vt 0.686102 0.821565
vt 0.679242 0.819219
vt 0.883715 0.942500
vt 0.882707 0.936945
vt 0.886926 0.936542
vt 0.887934 0.942097
vt 0.818297 0.613215
vt 0.818297 0.420536
vt 0.819197 0.420236
vt 0.819197 0.612914
vt 0.649264 0.631426
vt 0.649264 0.819570
vt 0.646343 0.818215
vt 0.646343 0.630071
vt 0.883715 0.803859
vt 0.916205 0.807628
vt 0.915453 0.940715
vt 0.912374 0.941016
vt 0.913126 0.807928
vt 0.887058 0.937270
vt 0.887802 0.941369
vt 0.310336 0.915155
vt 0.310336 0.910897
vt 0.768516 0.626090
vt 0.768516 0.818768
vt 0.767616 0.819069
vt 0.767616 0.626390
vt 0.799858 0.807757
vt 0.794789 0.809448
vt 0.794789 0.616769
vt 0.799858 0.615078
vt 0.915453 0.803530
vt 0.912374 0.803830
vt 0.566207 0.818315
vt 0.566207 0.630172
vt 0.568340 0.631161
vt 0.568340 0.819304
vt 0.194208 0.931655
vt 0.194208 0.927397
vt 0.197296 0.927173
vt 0.197296 0.931431
vt 0.806885 0.943282
vt 0.807194 0.936501
vt 0.811444 0.936630
vt 0.811135 0.943410
vt 0.793327 0.193771
vt 0.787041 0.194847
vt 0.787041 0.001080
vt 0.793327 0.000004
vt 0.360313 0.875617
vt 0.360068 0.868736
vt 0.364320 0.868633
vt 0.364564 0.875513
vt 0.786647 0.616168
vt 0.786647 0.809721
vt 0.785816 0.809582
vt 0.785816 0.616030
vt 0.360068 0.998871
vt 0.364320 0.998768
vt 0.811135 0.809346
vt 0.766314 0.951356
vt 0.766083 0.824072
vt 0.769185 0.824168
vt 0.769416 0.951451
vt 0.516219 0.372681
vt 0.516219 0.366304
vt 0.516219 0.367140
vt 0.516219 0.371846
vt 0.780303 0.808662
vt 0.781135 0.808801
vt 0.780303 0.615109
vt 0.781135 0.615248
vt 0.774097 0.626872
vt 0.774097 0.820424
vt 0.769416 0.819643
vt 0.724789 0.943239
vt 0.724971 0.948316
vt 0.721868 0.948393
vt 0.721685 0.943316
vt 0.724971 0.819984
vt 0.721868 0.820061
vt 0.766314 0.819069
vt 0.769416 0.819164
vt 0.057030 0.933253
vt 0.057030 0.927483
vt 0.061260 0.927177
vt 0.061260 0.932947
vt 0.664613 0.627974
vt 0.671472 0.630319
vt 0.671472 0.821803
vt 0.664613 0.819457
vt 0.932767 0.942529
vt 0.931758 0.936974
vt 0.935978 0.936571
vt 0.936986 0.942126
vt 0.765816 0.819069
vt 0.765816 0.626390
vt 0.766716 0.626090
vt 0.766716 0.818768
vt 0.710322 0.628576
vt 0.710322 0.816720
vt 0.707401 0.815365
vt 0.707401 0.627221
vt 0.932767 0.803888
vt 0.936986 0.803485
vt 0.911257 0.807628
vt 0.910505 0.940715
vt 0.907426 0.941016
vt 0.908178 0.807928
vt 0.914415 0.614718
vt 0.914415 0.608948
vt 0.914415 0.609704
vt 0.914415 0.613962
vt 0.516219 0.379965
vt 0.516219 0.387214
vt 0.516219 0.386264
vt 0.516219 0.380915
vt 0.739578 0.626757
vt 0.739578 0.819435
vt 0.738678 0.819735
vt 0.738678 0.627057
vt 0.818193 0.402811
vt 0.813125 0.404502
vt 0.813125 0.211824
vt 0.818193 0.210132
vt 0.910505 0.803530
vt 0.907426 0.803830
vt 0.568340 0.818315
vt 0.568340 0.630172
vt 0.570472 0.631161
vt 0.570472 0.819304
vt 0.917503 0.609480
vt 0.917503 0.613738
vt 0.799858 0.943574
vt 0.800167 0.936794
vt 0.804417 0.936922
vt 0.804108 0.943703
vt 0.799613 0.193771
vt 0.793327 0.194847
vt 0.793327 0.001080
vt 0.799613 0.000004
vt 0.351322 0.875617
vt 0.351077 0.868736
vt 0.355329 0.868633
vt 0.355573 0.875513
vt 0.813125 0.211192
vt 0.813125 0.404745
vt 0.812294 0.404606
vt 0.812294 0.211053
vt 0.351077 0.998871
vt 0.355329 0.998768
vt 0.804108 0.809639
vt 0.799858 0.809510
vt 0.707220 0.949007
vt 0.706989 0.821723
vt 0.710091 0.821819
vt 0.710322 0.949102
vt 0.806782 0.210132
vt 0.807613 0.210271
vt 0.337623 0.990986
vt 0.337869 0.997866
vt 0.337837 0.996965
vt 0.337655 0.991888
vt 0.806781 0.403685
vt 0.807613 0.403824
vt 0.750892 0.626412
vt 0.755573 0.627193
vt 0.755573 0.820746
vt 0.750892 0.819965
vt 0.334733 0.997041
vt 0.334552 0.991964
vt 0.337869 0.868633
vt 0.334766 0.868709
vt 0.707220 0.816720
vt 0.710322 0.816815
vt 0.064071 0.933253
vt 0.064071 0.927483
vt 0.068301 0.927177
vt 0.068301 0.932947
vt 0.655772 0.629646
vt 0.662631 0.631992
vt 0.662631 0.823475
vt 0.655772 0.821130
vt 0.888943 0.942501
vt 0.887934 0.936945
vt 0.892153 0.936542
vt 0.893162 0.942097
vt 0.818737 0.192983
vt 0.818736 0.000305
vt 0.819637 0.000004
vt 0.819637 0.192683
vt 0.692278 0.629075
vt 0.692278 0.817219
vt 0.689356 0.815864
vt 0.689356 0.627720
vt 0.888943 0.803859
vt 0.893162 0.803456
vt 0.897545 0.808281
vt 0.896793 0.941369
vt 0.893714 0.941669
vt 0.894466 0.808582
vt 0.892286 0.937270
vt 0.893030 0.941369
vt 0.896660 0.803456
vt 0.897679 0.809009
vt 0.896793 0.804183
vt 0.775622 0.818761
vt 0.774722 0.819062
vt 0.774722 0.626383
vt 0.818297 0.612914
vt 0.813229 0.614605
vt 0.813229 0.421927
vt 0.818297 0.420236
vt 0.893714 0.804484
vt 0.644210 0.818215
vt 0.644210 0.630071
vt 0.646343 0.631060
vt 0.646343 0.819204
vt 0.369380 0.931690
vt 0.369380 0.927432
vt 0.372468 0.927209
vt 0.372468 0.931466
vt 0.795298 0.943512
vt 0.795608 0.936731
vt 0.799858 0.936860
vt 0.799548 0.943640
vt 0.793468 0.403899
vt 0.787182 0.404975
vt 0.787182 0.211208
vt 0.793468 0.210132
vt 0.342608 0.875617
vt 0.342364 0.868736
vt 0.346616 0.868633
vt 0.346860 0.875514
vt 0.556609 0.614085
vt 0.556609 0.807638
vt 0.555778 0.807499
vt 0.555778 0.613946
vt 0.342364 0.998872
vt 0.346616 0.998768
vt 0.799548 0.809576
vt 0.795298 0.809448
vt 0.517854 0.951596
vt 0.517623 0.824312
vt 0.520725 0.824408
vt 0.520956 0.951691
vt 0.346648 0.869535
vt 0.346828 0.874612
vt 0.795339 0.942623
vt 0.795567 0.937620
vt 0.548033 0.807505
vt 0.548033 0.613952
vt 0.548864 0.614091
vt 0.548864 0.807644
vt 0.760914 0.626403
vt 0.765595 0.627185
vt 0.765595 0.820738
vt 0.760914 0.819956
vt 0.367667 0.991888
vt 0.367850 0.996965
vt 0.364747 0.997042
vt 0.364564 0.991965
vt 0.364747 0.868710
vt 0.517854 0.819309
vt 0.520956 0.819404
vt 0.085548 0.933253
vt 0.085548 0.927483
vt 0.089778 0.927177
vt 0.089778 0.932947
vt 0.817021 0.614848
vt 0.823881 0.617194
vt 0.823881 0.808677
vt 0.817021 0.806331
vt 0.937994 0.942517
vt 0.936986 0.936962
vt 0.941205 0.936559
vt 0.942213 0.942114
vt 0.749991 0.819712
vt 0.749991 0.627033
vt 0.750892 0.626733
vt 0.750892 0.819411
vt 0.689023 0.629075
vt 0.689023 0.817219
vt 0.686102 0.815864
vt 0.686102 0.627720
vt 0.937994 0.803876
vt 0.942213 0.803473
vt 0.927661 0.808310
vt 0.926909 0.941398
vt 0.923829 0.941698
vt 0.924581 0.808611
vt 0.516219 0.380569
vt 0.516219 0.373319
vt 0.516219 0.374269
vt 0.516219 0.379619
vt 0.926775 0.803485
vt 0.927794 0.809038
vt 0.926909 0.804212
vt 0.767616 0.626090
vt 0.767616 0.818768
vt 0.766716 0.819069
vt 0.766716 0.626390
vt 0.817021 0.807526
vt 0.811953 0.809218
vt 0.811953 0.616539
vt 0.817021 0.614848
vt 0.923829 0.804513
vt 0.517623 0.818320
vt 0.517623 0.630176
vt 0.519755 0.631165
vt 0.519755 0.819309
vt 0.118296 0.931658
vt 0.118296 0.927401
vt 0.121384 0.927177
vt 0.121384 0.931435
vt 0.787286 0.943779
vt 0.787595 0.936999
vt 0.791845 0.937127
vt 0.791536 0.943908
vt 0.799754 0.403899
vt 0.793468 0.404975
vt 0.793468 0.211208
vt 0.799754 0.210132
vt 0.355817 0.875617
vt 0.355573 0.868736
vt 0.359824 0.868633
vt 0.360068 0.875514
vt 0.556609 0.420393
vt 0.556609 0.613946
vt 0.555778 0.613807
vt 0.555778 0.420255
vt 0.355573 0.998872
vt 0.359824 0.998768
vt 0.791536 0.809844
vt 0.787286 0.809715
vt 0.597387 0.952118
vt 0.597155 0.824834
vt 0.600258 0.824930
vt 0.600489 0.952214
vt 0.597114 0.825723
vt 0.597428 0.818942
vt 0.597387 0.819831
vt 0.516219 0.379129
vt 0.516219 0.374423
vt 0.611002 0.613789
vt 0.611002 0.420236
vt 0.611834 0.420375
vt 0.611834 0.613928
vt 0.744731 0.626733
vt 0.749412 0.627515
vt 0.749412 0.821067
vt 0.744731 0.820286
vt 0.350895 0.991888
vt 0.351077 0.996965
vt 0.347974 0.997042
vt 0.347792 0.991965
vt 0.351077 0.868633
vt 0.347974 0.868710
vt 0.600489 0.819927
vt 0.904082 0.209371
vt 0.904082 0.203601
vt 0.908312 0.203295
vt 0.908312 0.209065
vt 0.671472 0.627957
vt 0.678332 0.630303
vt 0.671472 0.819441
vt 0.849679 0.942502
vt 0.848671 0.936946
vt 0.852890 0.936543
vt 0.853898 0.942099
vt 0.780173 0.194975
vt 0.780173 0.002296
vt 0.781073 0.001996
vt 0.781073 0.194674
vt 0.637568 0.631464
vt 0.637568 0.819608
vt 0.634646 0.818253
vt 0.634646 0.630109
vt 0.849679 0.803860
vt 0.853898 0.803457
vt 0.921154 0.807628
vt 0.920402 0.940715
vt 0.917323 0.941016
vt 0.918075 0.807928
vt 0.787041 0.192683
vt 0.786141 0.192983
vt 0.516219 0.366586
vt 0.516219 0.365728
vt 0.516219 0.360896
vt 0.787041 0.000004
vt 0.786141 0.000305
vt 0.818736 0.192683
vt 0.813668 0.194374
vt 0.813668 0.001696
vt 0.818737 0.000004
vt 0.920402 0.803530
vt 0.917323 0.803830
vt 0.519755 0.818320
vt 0.519755 0.630176
vt 0.521888 0.631165
vt 0.521888 0.819309
vt 0.068301 0.931658
vt 0.068301 0.927401
vt 0.071388 0.927177
vt 0.071388 0.931435
vt 0.812462 0.943282
vt 0.812771 0.936501
vt 0.817021 0.936630
vt 0.816712 0.943410
vt 0.799858 0.614003
vt 0.793572 0.615078
vt 0.793572 0.421311
vt 0.799858 0.420236
vt 0.338113 0.875617
vt 0.337869 0.868736
vt 0.342120 0.868633
vt 0.342364 0.875514
vt 0.813229 0.421295
vt 0.813229 0.614848
vt 0.812397 0.614709
vt 0.812397 0.421156
vt 0.337869 0.998872
vt 0.342120 0.998768
vt 0.816712 0.809346
vt 0.812462 0.809218
vt 0.645631 0.952263
vt 0.645400 0.824980
vt 0.648502 0.825076
vt 0.648733 0.952359
vt 0.516219 0.387146
vt 0.516219 0.380569
vt 0.516219 0.381431
vt 0.516219 0.386284
vt 0.806885 0.613789
vt 0.807716 0.613928
vt 0.806885 0.420236
vt 0.807716 0.420375
vt 0.755573 0.626412
vt 0.760254 0.627193
vt 0.760254 0.820746
vt 0.755573 0.819964
vt 0.739396 0.942990
vt 0.739578 0.948067
vt 0.736475 0.948144
vt 0.736292 0.943067
vt 0.739578 0.819735
vt 0.736475 0.819812
vt 0.645631 0.819977
vt 0.648733 0.820072
vt 0.177448 0.925365
vt 0.177448 0.917398
vt 0.181693 0.917401
vt 0.181693 0.925367
vt 0.555694 0.210132
vt 0.563538 0.210962
vt 0.563538 0.420255
vt 0.555694 0.419425
vt 0.921374 0.406901
vt 0.921374 0.398934
vt 0.925622 0.398934
vt 0.925622 0.406901
vt 0.548864 0.629687
vt 0.548864 0.420366
vt 0.549894 0.420260
vt 0.549894 0.629581
vt 0.740510 0.420324
vt 0.740510 0.626757
vt 0.736290 0.626669
vt 0.736290 0.420236
vt 0.721675 0.627034
vt 0.721675 0.420314
vt 0.725899 0.420236
vt 0.725899 0.626955
vt 0.736290 0.420236
vt 0.736290 0.626955
vt 0.733207 0.627012
vt 0.733207 0.420293
vt 0.369380 0.927209
vt 0.369380 0.919242
vt 0.369380 0.920286
vt 0.369380 0.926165
vt 0.177448 0.924321
vt 0.177448 0.918442
vt 0.542046 0.420261
vt 0.542046 0.629582
vt 0.541016 0.629688
vt 0.541016 0.420367
vt 0.618664 0.629557
vt 0.612864 0.630153
vt 0.612864 0.420832
vt 0.618664 0.420236
vt 0.898939 0.608844
vt 0.898939 0.614723
vt 0.895839 0.614722
vt 0.895839 0.608844
vt 0.744627 0.416565
vt 0.744627 0.210132
vt 0.747707 0.210197
vt 0.747707 0.416630
vt 0.372478 0.920288
vt 0.372478 0.926166
vt 0.887582 0.406626
vt 0.887582 0.398800
vt 0.891834 0.398826
vt 0.891834 0.406653
vt 0.587154 0.210104
vt 0.579229 0.209291
vt 0.579229 0.000004
vt 0.587154 0.000818
vt 0.925622 0.399087
vt 0.929871 0.399053
vt 0.929871 0.406867
vt 0.587151 0.420255
vt 0.587151 0.629493
vt 0.586112 0.629599
vt 0.586112 0.420361
vt 0.696424 0.417372
vt 0.696424 0.210158
vt 0.700673 0.210132
vt 0.700673 0.417347
vt 0.711124 0.210167
vt 0.711124 0.417118
vt 0.706877 0.417083
vt 0.706877 0.210132
vt 0.715475 0.627187
vt 0.715475 0.420236
vt 0.718575 0.420261
vt 0.718575 0.627212
vt 0.579225 0.421064
vt 0.580264 0.420958
vt 0.224852 0.925367
vt 0.224852 0.933180
vt 0.224852 0.932156
vt 0.224852 0.926391
vt 0.579225 0.630302
vt 0.580264 0.630196
vt 0.649820 0.210730
vt 0.655668 0.210132
vt 0.655668 0.419371
vt 0.649820 0.419968
vt 0.221750 0.932182
vt 0.221750 0.926416
vt 0.706850 0.000004
vt 0.706850 0.207219
vt 0.703748 0.207237
vt 0.703748 0.000023
vt 0.869113 0.614762
vt 0.869113 0.608987
vt 0.872216 0.609006
vt 0.872216 0.614781
vt 0.166387 0.925365
vt 0.166387 0.917398
vt 0.170632 0.917401
vt 0.170632 0.925367
vt 0.563538 0.210132
vt 0.571381 0.210962
vt 0.571381 0.420255
vt 0.563538 0.419425
vt 0.048536 0.925366
vt 0.048536 0.917399
vt 0.052783 0.917399
vt 0.052783 0.925366
vt 0.557639 0.629681
vt 0.557639 0.420360
vt 0.558670 0.420255
vt 0.558669 0.629575
vt 0.744600 0.000092
vt 0.744600 0.206525
vt 0.740380 0.206437
vt 0.740380 0.000005
vt 0.721571 0.416930
vt 0.721571 0.210211
vt 0.725795 0.210132
vt 0.725795 0.416852
vt 0.733207 0.420236
vt 0.733207 0.626955
vt 0.730123 0.627012
vt 0.730123 0.420293
vt 0.319433 0.926569
vt 0.319433 0.918602
vt 0.319433 0.919646
vt 0.319433 0.925525
vt 0.224852 0.917397
vt 0.224852 0.925364
vt 0.224852 0.924320
vt 0.224852 0.918441
vt 0.557639 0.420255
vt 0.557639 0.629575
vt 0.556609 0.420360
vt 0.547846 0.629582
vt 0.542046 0.630179
vt 0.542046 0.420858
vt 0.547846 0.420261
vt 0.221752 0.924320
vt 0.221752 0.918441
vt 0.744731 0.626669
vt 0.744731 0.420236
vt 0.747811 0.420300
vt 0.747811 0.626733
vt 0.322532 0.919648
vt 0.322531 0.925526
vt 0.891834 0.406626
vt 0.891834 0.398800
vt 0.896084 0.398826
vt 0.896084 0.406653
vt 0.602918 0.420232
vt 0.594993 0.419419
vt 0.594993 0.210132
vt 0.602918 0.210946
vt 0.925776 0.208178
vt 0.925776 0.200365
vt 0.930026 0.200330
vt 0.930026 0.208144
vt 0.579225 0.420255
vt 0.579225 0.629493
vt 0.578186 0.629599
vt 0.578186 0.420361
vt 0.696527 0.627476
vt 0.696527 0.420262
vt 0.700777 0.420236
vt 0.700777 0.627450
vt 0.711228 0.420271
vt 0.711228 0.627221
vt 0.706981 0.627186
vt 0.706981 0.420236
vt 0.715344 0.206955
vt 0.715344 0.000004
vt 0.718444 0.000030
vt 0.718444 0.206981
vt 0.516219 0.372681
vt 0.516219 0.364715
vt 0.516219 0.365759
vt 0.516219 0.371638
vt 0.571299 0.630302
vt 0.572338 0.630196
vt 0.571299 0.421064
vt 0.572338 0.420958
vt 0.643972 0.210730
vt 0.649820 0.210132
vt 0.649820 0.419371
vt 0.643972 0.419968
vt 0.911315 0.608932
vt 0.911315 0.614697
vt 0.908213 0.614723
vt 0.908213 0.608957
vt 0.703775 0.210132
vt 0.703775 0.417347
vt 0.700673 0.417365
vt 0.700673 0.210151
vt 0.872216 0.614762
vt 0.872216 0.608987
vt 0.875319 0.609006
vt 0.875319 0.614781
vt 0.028515 0.925365
vt 0.028515 0.917399
vt 0.032759 0.917401
vt 0.032759 0.925368
vt 0.571381 0.210132
vt 0.579225 0.210962
vt 0.579225 0.420255
vt 0.571381 0.419425
vt 0.044289 0.925366
vt 0.044289 0.917399
vt 0.048536 0.917399
vt 0.048536 0.925366
vt 0.539986 0.629688
vt 0.539986 0.420367
vt 0.541016 0.420261
vt 0.541016 0.629582
vt 0.744731 0.420324
vt 0.744731 0.626757
vt 0.740510 0.626669
vt 0.740510 0.420236
vt 0.725769 0.206802
vt 0.725769 0.000083
vt 0.729993 0.000004
vt 0.729993 0.206724
vt 0.736160 0.000004
vt 0.736160 0.206724
vt 0.733076 0.206781
vt 0.733076 0.000062
vt 0.516219 0.372605
vt 0.516219 0.364718
vt 0.516219 0.365751
vt 0.516219 0.371571
vt 0.516219 0.372681
vt 0.516219 0.380569
vt 0.516219 0.379535
vt 0.516219 0.373715
vt 0.656680 0.000004
vt 0.656680 0.209325
vt 0.655650 0.209431
vt 0.655650 0.000110
vt 0.571299 0.629575
vt 0.565500 0.630172
vt 0.565499 0.420851
vt 0.571299 0.420254
vt 0.892739 0.608844
vt 0.892739 0.614723
vt 0.889638 0.614722
vt 0.889639 0.608843
vt 0.744600 0.206438
vt 0.744600 0.000005
vt 0.747681 0.000069
vt 0.747681 0.206502
vt 0.852004 0.614723
vt 0.852004 0.608845
vt 0.855102 0.608847
vt 0.855102 0.614725
vt 0.883332 0.406626
vt 0.883332 0.398799
vt 0.887582 0.398826
vt 0.887582 0.406653
vt 0.603003 0.210104
vt 0.595079 0.209291
vt 0.595079 0.000004
vt 0.603003 0.000818
vt 0.904587 0.406648
vt 0.904587 0.398834
vt 0.908836 0.398800
vt 0.908836 0.406613
vt 0.661880 0.210132
vt 0.661880 0.419371
vt 0.660841 0.419477
vt 0.660841 0.210238
vt 0.692174 0.417372
vt 0.692174 0.210158
vt 0.696424 0.210132
vt 0.696424 0.417347
vt 0.711097 0.000039
vt 0.711097 0.206990
vt 0.706850 0.206955
vt 0.706850 0.000004
vt 0.718471 0.417083
vt 0.718471 0.210132
vt 0.721571 0.210158
vt 0.721571 0.417109
vt 0.516219 0.380648
vt 0.516219 0.372681
vt 0.516219 0.373725
vt 0.516219 0.379604
vt 0.932973 0.399053
vt 0.932973 0.406867
vt 0.932973 0.405843
vt 0.932973 0.400077
vt 0.660945 0.629580
vt 0.660945 0.420342
vt 0.661984 0.420236
vt 0.661984 0.629474
vt 0.644075 0.420833
vt 0.649924 0.420236
vt 0.649924 0.629474
vt 0.644075 0.630071
vt 0.929871 0.405868
vt 0.929871 0.400102
vt 0.703879 0.420236
vt 0.703879 0.627450
vt 0.700777 0.627469
vt 0.700777 0.420254
vt 0.875319 0.614762
vt 0.875319 0.608987
vt 0.878422 0.609006
vt 0.878422 0.614781
vt 0.142585 0.925365
vt 0.142585 0.917398
vt 0.146829 0.917401
vt 0.146829 0.925367
vt 0.563542 0.000004
vt 0.571386 0.000834
vt 0.571386 0.210127
vt 0.563542 0.209297
vt 0.052783 0.925366
vt 0.052783 0.917399
vt 0.057030 0.917399
vt 0.057030 0.925366
vt 0.539986 0.210129
vt 0.539986 0.000808
vt 0.541017 0.000702
vt 0.541017 0.210023
vt 0.744627 0.210220
vt 0.744627 0.416653
vt 0.740407 0.416565
vt 0.740407 0.210132
vt 0.725796 0.416930
vt 0.725796 0.210211
vt 0.730020 0.210132
vt 0.730020 0.416852
vt 0.733076 0.000004
vt 0.733076 0.206724
vt 0.729993 0.206781
vt 0.729993 0.000061
vt 0.315487 0.926569
vt 0.315487 0.918602
vt 0.315487 0.919646
vt 0.315487 0.925525
vt 0.547846 0.000000
vt 0.546816 0.000106
vt 0.547846 0.209321
vt 0.546816 0.209427
vt 0.539986 0.629586
vt 0.534186 0.630182
vt 0.534186 0.420861
vt 0.539986 0.420265
vt 0.889638 0.608844
vt 0.889638 0.614723
vt 0.886538 0.614722
vt 0.886538 0.608843
vt 0.747811 0.626669
vt 0.747811 0.420236
vt 0.750892 0.420300
vt 0.750892 0.626733
vt 0.318585 0.919648
vt 0.318585 0.925526
vt 0.879080 0.406626
vt 0.879081 0.398799
vt 0.883332 0.398826
vt 0.883332 0.406653
vt 0.595079 0.210104
vt 0.587154 0.209291
vt 0.587154 0.000004
vt 0.595079 0.000818
vt 0.908836 0.406648
vt 0.908836 0.398834
vt 0.913086 0.398800
vt 0.913086 0.406613
vt 0.660841 0.210132
vt 0.660841 0.419371
vt 0.659802 0.419477
vt 0.659802 0.210239
vt 0.692278 0.627476
vt 0.692278 0.420261
vt 0.696527 0.420236
vt 0.696527 0.627450
vt 0.715344 0.000039
vt 0.715344 0.206990
vt 0.711097 0.206955
vt 0.711097 0.000004
vt 0.718575 0.627186
vt 0.718575 0.420236
vt 0.721675 0.420261
vt 0.721675 0.627212
vt 0.913086 0.399824
vt 0.913086 0.405589
vt 0.933128 0.200365
vt 0.933128 0.208178
vt 0.933128 0.207154
vt 0.933128 0.201389
vt 0.661984 0.629580
vt 0.661984 0.420342
vt 0.663022 0.420236
vt 0.663022 0.629474
vt 0.649802 0.000602
vt 0.655650 0.000004
vt 0.655650 0.209243
vt 0.649802 0.209840
vt 0.930026 0.207180
vt 0.930026 0.201414
vt 0.706981 0.627450
vt 0.703879 0.627469
vt 0.703879 0.420254
vt 0.866010 0.614762
vt 0.866010 0.608987
vt 0.869113 0.609006
vt 0.869113 0.614782
vt 0.170632 0.925365
vt 0.170632 0.917398
vt 0.174876 0.917401
vt 0.174876 0.925367
vt 0.571386 0.000004
vt 0.579229 0.000834
vt 0.579229 0.210127
vt 0.571386 0.209297
vt 0.040042 0.925366
vt 0.040042 0.917399
vt 0.044289 0.917399
vt 0.044289 0.925366
vt 0.539986 0.420261
vt 0.539986 0.210941
vt 0.541016 0.210835
vt 0.541016 0.420155
vt 0.740380 0.000092
vt 0.740380 0.206525
vt 0.736160 0.206437
vt 0.736160 0.000004
vt 0.725899 0.627034
vt 0.725899 0.420314
vt 0.730123 0.420236
vt 0.730123 0.626955
vt 0.736187 0.210132
vt 0.736187 0.416852
vt 0.733103 0.416909
vt 0.733103 0.210189
vt 0.378473 0.927457
vt 0.378473 0.919490
vt 0.378473 0.920534
vt 0.378473 0.926413
vt 0.547846 0.210132
vt 0.546816 0.210238
vt 0.547846 0.419453
vt 0.546816 0.419559
vt 0.565499 0.629575
vt 0.559700 0.630172
vt 0.559700 0.420851
vt 0.565499 0.420255
vt 0.902039 0.608844
vt 0.902039 0.614723
vt 0.898939 0.614722
vt 0.898939 0.608844
vt 0.747681 0.206437
vt 0.747681 0.000004
vt 0.750761 0.000068
vt 0.750761 0.206501
vt 0.381571 0.920536
vt 0.381571 0.926415
vt 0.896084 0.406626
vt 0.896084 0.398800
vt 0.900335 0.398826
vt 0.900335 0.406653
vt 0.594993 0.420232
vt 0.587069 0.419419
vt 0.587069 0.210132
vt 0.594993 0.210946
vt 0.281972 0.930242
vt 0.281973 0.922429
vt 0.286222 0.922394
vt 0.286222 0.930208
vt 0.662892 0.000004
vt 0.662892 0.209243
vt 0.661853 0.209349
vt 0.661853 0.000110
vt 0.692147 0.207244
vt 0.692147 0.000030
vt 0.696397 0.000004
vt 0.696397 0.207219
vt 0.715475 0.420271
vt 0.715475 0.627221
vt 0.711228 0.627186
vt 0.711228 0.420236
vt 0.715371 0.417083
vt 0.715371 0.210132
vt 0.718471 0.210158
vt 0.718471 0.417109
vt 0.917333 0.406648
vt 0.917333 0.398821
vt 0.917333 0.399847
vt 0.917333 0.405622
vt 0.933128 0.192516
vt 0.933128 0.200330
vt 0.933128 0.199306
vt 0.933128 0.193540
vt 0.659906 0.629580
vt 0.659906 0.420342
vt 0.660945 0.420236
vt 0.660945 0.629474
vt 0.649924 0.420833
vt 0.655772 0.420236
vt 0.655772 0.629474
vt 0.649924 0.630071
vt 0.930026 0.199331
vt 0.930026 0.193566
vt 0.706877 0.210132
vt 0.706877 0.417347
vt 0.703775 0.417365
vt 0.703775 0.210151
vt 0.920436 0.399866
vt 0.920436 0.405642
vt 0.024270 0.925365
vt 0.024270 0.917399
vt 0.028515 0.917401
vt 0.028515 0.925368
vt 0.579225 0.210132
vt 0.587069 0.210962
vt 0.587069 0.420255
vt 0.579225 0.419425
vt 0.323599 0.926241
vt 0.323599 0.918274
vt 0.327846 0.918274
vt 0.327846 0.926241
vt 0.611834 0.629663
vt 0.611834 0.420342
vt 0.612864 0.420236
vt 0.612864 0.629557
vt 0.740407 0.210220
vt 0.740407 0.416653
vt 0.736187 0.416565
vt 0.736187 0.210132
vt 0.721544 0.206802
vt 0.721545 0.000083
vt 0.725769 0.000004
vt 0.725769 0.206724
vt 0.733103 0.210132
vt 0.733103 0.416852
vt 0.730020 0.416909
vt 0.730020 0.210190
vt 0.375374 0.927457
vt 0.375374 0.919490
vt 0.375374 0.920534
vt 0.375374 0.926413
vt 0.024270 0.924321
vt 0.024270 0.918442
vt 0.559700 0.420255
vt 0.559700 0.629575
vt 0.558670 0.629681
vt 0.558670 0.420360
vt 0.555694 0.629581
vt 0.549894 0.630178
vt 0.549894 0.420857
vt 0.555694 0.420260
vt 0.895839 0.608844
vt 0.895839 0.614723
vt 0.892739 0.614722
vt 0.892739 0.608844
vt 0.747707 0.416565
vt 0.747707 0.210132
vt 0.750788 0.210196
vt 0.750788 0.416629
vt 0.378473 0.920536
vt 0.378473 0.926415
vt 0.900336 0.406626
vt 0.900336 0.398800
vt 0.904587 0.398826
vt 0.904587 0.406653
vt 0.610842 0.420232
vt 0.602918 0.419419
vt 0.602918 0.210132
vt 0.610842 0.210946
vt 0.925776 0.200330
vt 0.925776 0.192516
vt 0.930026 0.192482
vt 0.930026 0.200296
vt 0.661853 0.000004
vt 0.661853 0.209243
vt 0.660814 0.209349
vt 0.660815 0.000110
vt 0.696397 0.207244
vt 0.696397 0.000030
vt 0.700646 0.000004
vt 0.700646 0.207219
vt 0.715371 0.210167
vt 0.715371 0.417118
vt 0.711124 0.417083
vt 0.711124 0.210132
vt 0.718444 0.206955
vt 0.718444 0.000004
vt 0.721545 0.000030
vt 0.721545 0.206981
vt 0.291609 0.927663
vt 0.291609 0.919837
vt 0.291609 0.920862
vt 0.291609 0.926638
vt 0.055885 0.925366
vt 0.055885 0.933180
vt 0.055885 0.932156
vt 0.055885 0.926390
vt 0.661880 0.419477
vt 0.661880 0.210238
vt 0.662918 0.210132
vt 0.662918 0.419371
vt 0.643954 0.000602
vt 0.649802 0.000004
vt 0.649802 0.209243
vt 0.643954 0.209840
vt 0.052783 0.932181
vt 0.052783 0.926415
vt 0.703748 0.000004
vt 0.703748 0.207219
vt 0.700646 0.207237
vt 0.700646 0.000023
vt 0.294712 0.920882
vt 0.294712 0.926657
vt 0.887166 0.209480
vt 0.887166 0.203603
vt 0.891395 0.203295
vt 0.891395 0.209172
vt 0.799858 0.614873
vt 0.806885 0.617060
vt 0.806885 0.809510
vt 0.799858 0.807323
vt 0.096819 0.932921
vt 0.096819 0.927177
vt 0.101048 0.927489
vt 0.101048 0.933232
vt 0.724056 0.819984
vt 0.724056 0.627323
vt 0.724971 0.627033
vt 0.724971 0.819694
vt 0.985424 0.001392
vt 0.985424 0.186801
vt 0.982399 0.185413
vt 0.982399 0.000005
vt 0.965162 0.989693
vt 0.965162 0.804835
vt 0.968141 0.803411
vt 0.968141 0.988269
vt 0.899854 0.803428
vt 0.899854 0.988286
vt 0.897679 0.989326
vt 0.897679 0.804467
vt 0.516219 0.380569
vt 0.516219 0.373209
vt 0.516219 0.374173
vt 0.516219 0.379604
vt 0.887166 0.208710
vt 0.887166 0.204373
vt 0.738678 0.626757
vt 0.738678 0.819417
vt 0.737763 0.819707
vt 0.737763 0.627047
vt 0.744731 0.819417
vt 0.739578 0.821050
vt 0.739578 0.628389
vt 0.378462 0.927684
vt 0.378462 0.931923
vt 0.375374 0.931695
vt 0.375374 0.927457
vt 0.985424 0.185413
vt 0.985424 0.000004
vt 0.987632 0.001017
vt 0.987632 0.186426
vt 0.259904 0.930767
vt 0.259904 0.926430
vt 0.262991 0.926205
vt 0.262991 0.930542
vt 0.873707 0.940683
vt 0.873938 0.933980
vt 0.878190 0.934074
vt 0.877958 0.940777
vt 0.566207 0.818849
vt 0.559700 0.820077
vt 0.559700 0.631400
vt 0.566207 0.630172
vt 0.947085 0.810403
vt 0.946774 0.803602
vt 0.951024 0.803473
vt 0.951335 0.810273
vt 0.582202 0.630471
vt 0.582202 0.818145
vt 0.581351 0.817976
vt 0.581351 0.630302
vt 0.946774 0.936868
vt 0.951024 0.936739
vt 0.877958 0.803694
vt 0.873707 0.803599
vt 0.835857 0.939003
vt 0.835683 0.808622
vt 0.838787 0.808693
vt 0.838960 0.939073
vt 0.516219 0.373946
vt 0.516219 0.374814
vt 0.516219 0.379701
vt 0.516219 0.366586
vt 0.516219 0.373209
vt 0.516219 0.372341
vt 0.516219 0.367454
vt 0.981191 0.397807
vt 0.981191 0.210132
vt 0.982042 0.210301
vt 0.982042 0.397975
vt 0.941775 0.614848
vt 0.946564 0.615798
vt 0.946564 0.803473
vt 0.941775 0.802522
vt 0.636804 0.946480
vt 0.637037 0.951498
vt 0.633934 0.951595
vt 0.633702 0.946577
vt 0.637037 0.820015
vt 0.633934 0.820111
vt 0.835857 0.803676
vt 0.838960 0.803746
vt 0.899853 0.209480
vt 0.899853 0.203603
vt 0.904082 0.203295
vt 0.904082 0.209172
vt 0.799613 0.000005
vt 0.806641 0.002192
vt 0.806641 0.194642
vt 0.799613 0.192455
vt 0.071466 0.932921
vt 0.071466 0.927177
vt 0.075696 0.927489
vt 0.075696 0.933232
vt 0.780200 0.405006
vt 0.780200 0.212345
vt 0.781115 0.212055
vt 0.781115 0.404716
vt 0.985754 0.421624
vt 0.985754 0.607032
vt 0.982729 0.605644
vt 0.982729 0.420236
vt 0.962182 0.989693
vt 0.962182 0.804835
vt 0.965162 0.803411
vt 0.965162 0.988269
vt 0.902029 0.803428
vt 0.902029 0.988286
vt 0.899854 0.989326
vt 0.899854 0.804467
vt 0.787182 0.402793
vt 0.786267 0.403083
vt 0.516219 0.380471
vt 0.516219 0.387831
vt 0.516219 0.386867
vt 0.516219 0.381436
vt 0.787182 0.210132
vt 0.786267 0.210422
vt 0.706981 0.820129
vt 0.701828 0.821762
vt 0.701828 0.629101
vt 0.706981 0.627469
vt 0.290743 0.928026
vt 0.290743 0.932264
vt 0.287656 0.932036
vt 0.287656 0.927798
vt 0.985754 0.605644
vt 0.985754 0.420236
vt 0.987962 0.421249
vt 0.987962 0.606657
vt 0.926780 0.614709
vt 0.926780 0.610372
vt 0.929866 0.610147
vt 0.929866 0.614484
vt 0.854900 0.940683
vt 0.855132 0.933980
vt 0.859383 0.934075
vt 0.859152 0.940778
vt 0.528395 0.818853
vt 0.521888 0.820082
vt 0.521888 0.631405
vt 0.528395 0.630176
vt 0.544545 0.825733
vt 0.544234 0.818932
vt 0.548484 0.818803
vt 0.548795 0.825603
vt 0.555694 0.631465
vt 0.555694 0.819140
vt 0.554844 0.818971
vt 0.554844 0.631297
vt 0.544234 0.952198
vt 0.548484 0.952069
vt 0.859152 0.803694
vt 0.854900 0.803600
vt 0.829303 0.939003
vt 0.829130 0.808622
vt 0.832233 0.808693
vt 0.832407 0.939073
vt 0.516219 0.387191
vt 0.516219 0.381437
vt 0.516219 0.386324
vt 0.549204 0.817852
vt 0.550055 0.818021
vt 0.549204 0.630178
vt 0.550055 0.630346
vt 0.941775 0.615798
vt 0.941775 0.803473
vt 0.936986 0.802522
vt 0.780071 0.946883
vt 0.780303 0.951901
vt 0.777201 0.951998
vt 0.776968 0.946979
vt 0.780303 0.820417
vt 0.777201 0.820514
vt 0.829303 0.803676
vt 0.832407 0.803747
vt 0.891395 0.209480
vt 0.891395 0.203603
vt 0.895624 0.203295
vt 0.895624 0.209172
vt 0.799754 0.210132
vt 0.806781 0.212319
vt 0.806781 0.404770
vt 0.799754 0.402583
vt 0.092589 0.932921
vt 0.092589 0.927177
vt 0.096819 0.927489
vt 0.096819 0.933232
vt 0.736848 0.819707
vt 0.736848 0.627047
vt 0.737763 0.626757
vt 0.737763 0.819417
vt 0.988092 0.211520
vt 0.988092 0.396929
vt 0.985067 0.395541
vt 0.985067 0.210132
vt 0.959203 0.989693
vt 0.959203 0.804835
vt 0.962182 0.803411
vt 0.962182 0.988269
vt 0.904203 0.803428
vt 0.904203 0.988286
vt 0.902029 0.989326
vt 0.902029 0.804467
vt 0.902039 0.614721
vt 0.902039 0.608843
vt 0.902039 0.609614
vt 0.902039 0.613951
vt 0.516219 0.349394
vt 0.516219 0.356754
vt 0.516219 0.355789
vt 0.516219 0.350358
vt 0.820009 0.210132
vt 0.820009 0.402793
vt 0.819094 0.403083
vt 0.819094 0.210422
vt 0.721675 0.819873
vt 0.716523 0.821505
vt 0.716523 0.628844
vt 0.721675 0.627212
vt 0.381549 0.927685
vt 0.381549 0.931923
vt 0.378462 0.931695
vt 0.378462 0.927457
vt 0.985320 0.987053
vt 0.985320 0.801644
vt 0.987528 0.802657
vt 0.987528 0.988066
vt 0.905126 0.609389
vt 0.905126 0.613726
vt 0.838960 0.940760
vt 0.839192 0.934057
vt 0.843443 0.934151
vt 0.843212 0.940854
vt 0.633096 0.818824
vt 0.626589 0.820053
vt 0.626589 0.631375
vt 0.633096 0.630147
vt 0.529936 0.825794
vt 0.529625 0.818993
vt 0.533875 0.818863
vt 0.534186 0.825664
vt 0.679242 0.627905
vt 0.679242 0.815579
vt 0.678392 0.815410
vt 0.678392 0.627736
vt 0.529625 0.952259
vt 0.533875 0.952129
vt 0.843212 0.803771
vt 0.838960 0.803676
vt 0.832580 0.939003
vt 0.832407 0.808622
vt 0.835510 0.808693
vt 0.835683 0.939073
vt 0.516219 0.363376
vt 0.516219 0.356754
vt 0.516219 0.357622
vt 0.516219 0.362508
vt 0.516219 0.350131
vt 0.516219 0.355886
vt 0.516219 0.350999
vt 0.981444 0.802522
vt 0.981444 0.614848
vt 0.982295 0.615017
vt 0.982295 0.802691
vt 0.940039 0.000004
vt 0.944828 0.000955
vt 0.944828 0.188629
vt 0.940039 0.187679
vt 0.759132 0.947212
vt 0.759364 0.952230
vt 0.756262 0.952326
vt 0.756030 0.947308
vt 0.759364 0.820746
vt 0.756262 0.820843
vt 0.832580 0.803676
vt 0.835683 0.803746
vt 0.895624 0.209480
vt 0.895624 0.203603
vt 0.899853 0.203295
vt 0.899853 0.209172
vt 0.787286 0.615078
vt 0.794313 0.617265
vt 0.794313 0.809715
vt 0.787286 0.807528
vt 0.114067 0.932921
vt 0.114067 0.927177
vt 0.118296 0.927489
vt 0.118296 0.933232
vt 0.730223 0.819963
vt 0.730223 0.627302
vt 0.731138 0.627012
vt 0.731138 0.819673
vt 0.985067 0.211520
vt 0.985067 0.396929
vt 0.982042 0.395541
vt 0.982042 0.210132
vt 0.979837 0.989661
vt 0.979837 0.804802
vt 0.982816 0.803378
vt 0.982816 0.988237
vt 0.977629 0.803423
vt 0.977629 0.988281
vt 0.975454 0.989320
vt 0.975454 0.804462
vt 0.516219 0.374829
vt 0.516219 0.379620
vt 0.926780 0.608965
vt 0.926780 0.614709
vt 0.926780 0.613956
vt 0.926780 0.609718
vt 0.820112 0.612896
vt 0.819197 0.613186
vt 0.819197 0.420526
vt 0.730123 0.819694
vt 0.724971 0.821327
vt 0.724971 0.628666
vt 0.730123 0.627033
vt 0.923692 0.613728
vt 0.923692 0.609490
vt 0.983112 0.987053
vt 0.983112 0.801644
vt 0.985320 0.802657
vt 0.985320 0.988066
vt 0.243867 0.931729
vt 0.243867 0.927392
vt 0.246954 0.927167
vt 0.246954 0.931504
vt 0.864740 0.940683
vt 0.864972 0.933980
vt 0.869223 0.934074
vt 0.868992 0.940777
vt 0.644075 0.818786
vt 0.637568 0.820015
vt 0.637568 0.631338
vt 0.644075 0.630109
vt 0.582901 0.825914
vt 0.582590 0.819113
vt 0.586840 0.818984
vt 0.587151 0.825785
vt 0.982399 0.000173
vt 0.982399 0.187847
vt 0.981548 0.187679
vt 0.981548 0.000004
vt 0.582590 0.952380
vt 0.586840 0.952250
vt 0.868992 0.803694
vt 0.864740 0.803599
vt 0.817195 0.944004
vt 0.817021 0.813623
vt 0.820125 0.813694
vt 0.820298 0.944074
vt 0.516219 0.380471
vt 0.516219 0.375043
vt 0.516219 0.379653
vt 0.516219 0.366304
vt 0.516219 0.365485
vt 0.516219 0.360874
vt 0.981879 0.607910
vt 0.981879 0.420236
vt 0.982729 0.420405
vt 0.982729 0.608079
vt 0.935451 0.210132
vt 0.940240 0.211083
vt 0.940240 0.398757
vt 0.935451 0.397807
vt 0.687482 0.948030
vt 0.687715 0.953049
vt 0.684613 0.953145
vt 0.684380 0.948127
vt 0.687715 0.821565
vt 0.684613 0.821662
vt 0.817195 0.808677
vt 0.820298 0.808748
vt 0.878708 0.209480
vt 0.878709 0.203603
vt 0.882937 0.203295
vt 0.882937 0.209172
vt 0.799858 0.420236
vt 0.806885 0.422423
vt 0.806885 0.614873
vt 0.799858 0.612686
vt 0.102796 0.932921
vt 0.102796 0.927177
vt 0.107026 0.927489
vt 0.107026 0.933232
vt 0.723141 0.819984
vt 0.723141 0.627323
vt 0.724056 0.627033
vt 0.724056 0.819694
vt 0.988345 0.616236
vt 0.988345 0.801644
vt 0.985320 0.800256
vt 0.985320 0.614848
vt 0.968141 0.989710
vt 0.968141 0.804851
vt 0.971120 0.803427
vt 0.971120 0.988285
vt 0.906378 0.803428
vt 0.906378 0.988286
vt 0.904203 0.989326
vt 0.904203 0.804467
vt 0.516219 0.379965
vt 0.516219 0.373569
vt 0.516219 0.379000
vt 0.878708 0.208710
vt 0.878709 0.204373
vt 0.723141 0.627033
vt 0.723141 0.819694
vt 0.722226 0.819984
vt 0.722226 0.627323
vt 0.736290 0.819673
vt 0.731138 0.821306
vt 0.731138 0.628645
vt 0.736290 0.627012
vt 0.300900 0.928027
vt 0.300900 0.932266
vt 0.297813 0.932038
vt 0.297813 0.927800
vt 0.987528 0.987053
vt 0.987528 0.801644
vt 0.989736 0.802657
vt 0.989736 0.988066
vt 0.314302 0.931130
vt 0.314302 0.926793
vt 0.317389 0.926569
vt 0.317389 0.930905
vt 0.859383 0.940683
vt 0.859615 0.933980
vt 0.863867 0.934075
vt 0.863635 0.940778
vt 0.618663 0.818830
vt 0.612156 0.820058
vt 0.612156 0.631381
vt 0.618663 0.630153
vt 0.942524 0.810403
vt 0.942213 0.803602
vt 0.946463 0.803473
vt 0.946774 0.810273
vt 0.716523 0.627381
vt 0.716523 0.815055
vt 0.715672 0.814886
vt 0.715672 0.627212
vt 0.942213 0.936868
vt 0.946463 0.936739
vt 0.863635 0.803694
vt 0.859383 0.803600
vt 0.826027 0.939003
vt 0.825853 0.808622
vt 0.828957 0.808693
vt 0.829130 0.939073
vt 0.946504 0.804364
vt 0.946733 0.809382
vt 0.516219 0.356872
vt 0.516219 0.363495
vt 0.516219 0.362627
vt 0.516219 0.357740
vt 0.516772 0.817850
vt 0.516772 0.630176
vt 0.517623 0.630345
vt 0.517623 0.818019
vt 0.940240 0.210132
vt 0.945029 0.211083
vt 0.945029 0.398757
vt 0.940240 0.397807
vt 0.672853 0.948268
vt 0.673086 0.953287
vt 0.669984 0.953383
vt 0.669751 0.948365
vt 0.673086 0.821803
vt 0.669984 0.821900
vt 0.826027 0.803676
vt 0.829130 0.803746
vt 0.882937 0.209480
vt 0.882937 0.203603
vt 0.887166 0.203295
vt 0.887166 0.209172
vt 0.806641 0.000004
vt 0.813668 0.002192
vt 0.813668 0.194642
vt 0.806641 0.192455
vt 0.107026 0.932921
vt 0.107026 0.927177
vt 0.111255 0.927489
vt 0.111255 0.933232
vt 0.780303 0.615109
vt 0.780303 0.422448
vt 0.781218 0.422158
vt 0.781218 0.614819
vt 0.985320 0.616236
vt 0.985320 0.801644
vt 0.982295 0.800256
vt 0.982295 0.614848
vt 0.972086 0.989709
vt 0.972086 0.804851
vt 0.975065 0.803427
vt 0.975065 0.988285
vt 0.880365 0.803456
vt 0.880365 0.988314
vt 0.878190 0.989353
vt 0.878190 0.804495
vt 0.905126 0.614722
vt 0.905126 0.608845
vt 0.905126 0.609615
vt 0.905126 0.613952
vt 0.787286 0.420236
vt 0.786371 0.420526
vt 0.787286 0.612896
vt 0.786371 0.613186
vt 0.715475 0.819882
vt 0.710323 0.821515
vt 0.710322 0.628854
vt 0.715475 0.627221
vt 0.294712 0.927891
vt 0.294712 0.932129
vt 0.291624 0.931901
vt 0.291624 0.927663
vt 0.977629 0.988787
vt 0.977629 0.803378
vt 0.979837 0.804391
vt 0.979837 0.989800
vt 0.908213 0.609391
vt 0.908213 0.613728
vt 0.869223 0.940683
vt 0.869455 0.933980
vt 0.873707 0.934074
vt 0.873475 0.940777
vt 0.655772 0.818748
vt 0.649264 0.819977
vt 0.649264 0.631299
vt 0.655772 0.630071
vt 0.688028 0.824149
vt 0.687717 0.817348
vt 0.691967 0.817219
vt 0.692278 0.824020
vt 0.625154 0.631610
vt 0.625154 0.819284
vt 0.624303 0.819116
vt 0.624303 0.631441
vt 0.687717 0.950614
vt 0.691967 0.950485
vt 0.873475 0.803694
vt 0.869223 0.803599
vt 0.820778 0.944004
vt 0.820604 0.813623
vt 0.823708 0.813694
vt 0.823881 0.944074
vt 0.618663 0.630322
vt 0.619514 0.630491
vt 0.618664 0.817997
vt 0.619514 0.818165
vt 0.939088 0.420236
vt 0.943877 0.421186
vt 0.943877 0.608860
vt 0.939088 0.607910
vt 0.700518 0.947770
vt 0.700751 0.952788
vt 0.697649 0.952885
vt 0.697416 0.947867
vt 0.700751 0.821305
vt 0.697649 0.821401
vt 0.820778 0.808677
vt 0.823881 0.808748
vt 0.153642 0.925361
vt 0.153642 0.917398
vt 0.157890 0.917404
vt 0.157890 0.925368
vt 0.610842 0.210132
vt 0.618663 0.210974
vt 0.618663 0.420236
vt 0.610842 0.419395
vt 0.004250 0.925366
vt 0.004250 0.917405
vt 0.008500 0.917399
vt 0.008500 0.925360
vt 0.547846 0.420260
vt 0.547846 0.210958
vt 0.548875 0.210850
vt 0.548875 0.420152
vt 0.667117 0.000066
vt 0.667117 0.207743
vt 0.662892 0.207681
vt 0.662892 0.000004
vt 0.677510 0.207505
vt 0.677510 0.000063
vt 0.681741 0.000004
vt 0.681741 0.207446
vt 0.689190 0.420236
vt 0.689190 0.627677
vt 0.686102 0.627720
vt 0.686102 0.420279
vt 0.555694 0.419435
vt 0.554666 0.419543
vt 0.554666 0.210241
vt 0.528395 0.629567
vt 0.522604 0.630176
vt 0.522604 0.420874
vt 0.528395 0.420265
vt 0.858204 0.608845
vt 0.858204 0.614720
vt 0.855102 0.614724
vt 0.855102 0.608849
vt 0.671342 0.207681
vt 0.671342 0.000005
vt 0.674426 0.000049
vt 0.674426 0.207726
vt 0.839599 0.614721
vt 0.839599 0.608845
vt 0.842700 0.608849
vt 0.842700 0.614725
vt 0.004250 0.933126
vt 0.008500 0.925408
vt 0.008500 0.933168
vt 0.524141 0.420265
vt 0.516219 0.419454
vt 0.516219 0.210132
vt 0.524141 0.210944
vt 0.048536 0.933192
vt 0.048536 0.925417
vt 0.052782 0.925366
vt 0.052782 0.933141
vt 0.603021 0.420232
vt 0.603021 0.629505
vt 0.601983 0.629612
vt 0.601983 0.420338
vt 0.765465 0.205859
vt 0.765465 0.000030
vt 0.769716 0.000004
vt 0.769716 0.205833
vt 0.755011 0.000035
vt 0.755011 0.206180
vt 0.750761 0.206150
vt 0.750761 0.000004
vt 0.759287 0.416278
vt 0.759287 0.210132
vt 0.762390 0.210155
vt 0.762390 0.416300
vt 0.595096 0.421045
vt 0.596135 0.420938
vt 0.595096 0.630318
vt 0.596135 0.630212
vt 0.638106 0.000604
vt 0.643954 0.000004
vt 0.643954 0.209278
vt 0.638106 0.209878
vt 0.836018 0.609064
vt 0.836018 0.614801
vt 0.832918 0.614838
vt 0.832918 0.609101
vt 0.780173 0.000004
vt 0.780173 0.205833
vt 0.777070 0.205852
vt 0.777070 0.000023
vt 0.826316 0.614808
vt 0.826316 0.609082
vt 0.829418 0.609113
vt 0.829418 0.614838
vt 0.162139 0.925361
vt 0.162139 0.917398
vt 0.166387 0.917404
vt 0.166387 0.925368
vt 0.603003 0.000004
vt 0.610825 0.000846
vt 0.610824 0.210108
vt 0.603003 0.209267
vt 0.008500 0.925366
vt 0.008500 0.917405
vt 0.012750 0.917399
vt 0.012750 0.925360
vt 0.655668 0.419543
vt 0.655668 0.210241
vt 0.656697 0.210132
vt 0.656697 0.419435
vt 0.671342 0.000066
vt 0.671342 0.207743
vt 0.667117 0.207681
vt 0.667117 0.000004
vt 0.681767 0.417633
vt 0.681767 0.210191
vt 0.685998 0.210132
vt 0.685998 0.417574
vt 0.689059 0.000004
vt 0.689059 0.207446
vt 0.685971 0.207489
vt 0.685971 0.000047
vt 0.298655 0.927800
vt 0.298655 0.919837
vt 0.298655 0.920880
vt 0.298655 0.926756
vt 0.290758 0.919837
vt 0.290758 0.927798
vt 0.290758 0.926755
vt 0.290758 0.920880
vt 0.656801 0.420236
vt 0.656801 0.629538
vt 0.655772 0.629646
vt 0.655772 0.420344
vt 0.522010 0.629567
vt 0.516219 0.630176
vt 0.516219 0.420874
vt 0.522010 0.420265
vt 0.287656 0.926759
vt 0.287656 0.920884
vt 0.674426 0.207681
vt 0.674426 0.000005
vt 0.677510 0.000049
vt 0.677510 0.207726
vt 0.301756 0.920885
vt 0.301756 0.926761
vt 0.032759 0.933127
vt 0.032759 0.925368
vt 0.037009 0.925410
vt 0.037009 0.933169
vt 0.532064 0.420265
vt 0.524141 0.419454
vt 0.524141 0.210132
vt 0.532064 0.210944
vt 0.926520 0.416648
vt 0.926520 0.408873
vt 0.930767 0.408822
vt 0.930767 0.416597
vt 0.595096 0.420232
vt 0.595096 0.629506
vt 0.594058 0.629612
vt 0.594058 0.420338
vt 0.769743 0.415986
vt 0.769743 0.210158
vt 0.773994 0.210132
vt 0.773994 0.415961
vt 0.755038 0.210163
vt 0.755038 0.416308
vt 0.750788 0.416278
vt 0.750788 0.210132
vt 0.759261 0.206150
vt 0.759261 0.000004
vt 0.762363 0.000027
vt 0.762363 0.206172
vt 0.516219 0.372681
vt 0.516219 0.364718
vt 0.516219 0.365761
vt 0.516219 0.371638
vt 0.587171 0.630318
vt 0.588210 0.630212
vt 0.587171 0.421045
vt 0.588210 0.420938
vt 0.632379 0.420836
vt 0.638227 0.420236
vt 0.638227 0.629510
vt 0.632379 0.630109
vt 0.839118 0.609064
vt 0.839118 0.614801
vt 0.836018 0.614838
vt 0.836018 0.609101
vt 0.777200 0.420236
vt 0.777200 0.626064
vt 0.774097 0.626083
vt 0.774097 0.420255
vt 0.820112 0.614808
vt 0.820112 0.609082
vt 0.823214 0.609113
vt 0.823214 0.614838
vt 0.149393 0.925361
vt 0.149393 0.917398
vt 0.153642 0.917404
vt 0.153642 0.925368
vt 0.618663 0.210132
vt 0.626485 0.210974
vt 0.626485 0.420236
vt 0.618663 0.419395
vt 0.032759 0.925366
vt 0.032759 0.917405
vt 0.037009 0.917399
vt 0.037009 0.925360
vt 0.547846 0.210132
vt 0.547846 0.000830
vt 0.548875 0.000722
vt 0.548875 0.210024
vt 0.671472 0.420297
vt 0.671472 0.627974
vt 0.667247 0.627913
vt 0.667247 0.420236
vt 0.681741 0.207505
vt 0.681741 0.000063
vt 0.685971 0.000005
vt 0.685971 0.207446
vt 0.692147 0.000004
vt 0.692147 0.207446
vt 0.689059 0.207489
vt 0.689059 0.000047
vt 0.555694 0.209307
vt 0.554666 0.209415
vt 0.516219 0.364739
vt 0.516219 0.372605
vt 0.516219 0.371574
vt 0.516219 0.365769
vt 0.555694 0.000004
vt 0.554666 0.000113
vt 0.534186 0.629567
vt 0.528395 0.420874
vt 0.534186 0.420265
vt 0.861307 0.608845
vt 0.861307 0.614720
vt 0.858204 0.614724
vt 0.858204 0.608849
vt 0.674453 0.417809
vt 0.674453 0.210132
vt 0.677537 0.210177
vt 0.677537 0.417854
vt 0.842700 0.614721
vt 0.842700 0.608845
vt 0.845801 0.608849
vt 0.845801 0.614725
vt 0.224852 0.933126
vt 0.224852 0.925367
vt 0.229101 0.925409
vt 0.229101 0.933168
vt 0.539986 0.420265
vt 0.532064 0.419454
vt 0.532064 0.210132
vt 0.539986 0.210944
vt 0.270215 0.930221
vt 0.270215 0.922446
vt 0.274462 0.922394
vt 0.274462 0.930169
vt 0.658868 0.420236
vt 0.658868 0.629510
vt 0.657829 0.629616
vt 0.657829 0.420342
vt 0.765595 0.626090
vt 0.765595 0.420262
vt 0.769846 0.420236
vt 0.769846 0.626064
vt 0.759391 0.420266
vt 0.759391 0.626412
vt 0.755141 0.626381
vt 0.755141 0.420236
vt 0.759391 0.626381
vt 0.759391 0.420236
vt 0.762493 0.420258
vt 0.762493 0.626403
vt 0.274462 0.923413
vt 0.274462 0.929150
vt 0.237347 0.925367
vt 0.237347 0.933142
vt 0.237347 0.932123
vt 0.237347 0.926386
vt 0.659776 0.209385
vt 0.659776 0.000111
vt 0.660814 0.000004
vt 0.660814 0.209278
vt 0.632276 0.210732
vt 0.638124 0.210132
vt 0.638124 0.419406
vt 0.632276 0.420006
vt 0.234247 0.932160
vt 0.234247 0.926423
vt 0.777097 0.210132
vt 0.777097 0.415961
vt 0.773994 0.415980
vt 0.773994 0.210151
vt 0.823214 0.614808
vt 0.823214 0.609082
vt 0.826316 0.609113
vt 0.826316 0.614838
vt 0.224852 0.925360
vt 0.224852 0.917397
vt 0.229100 0.917403
vt 0.229100 0.925367
vt 0.610825 0.000004
vt 0.618646 0.000846
vt 0.618646 0.210108
vt 0.610824 0.209267
vt 0.000000 0.925366
vt 0.000000 0.917405
vt 0.004250 0.917399
vt 0.004250 0.925360
vt 0.555694 0.000830
vt 0.556723 0.000722
vt 0.556723 0.210024
vt 0.667247 0.420297
vt 0.667247 0.627974
vt 0.663022 0.627913
vt 0.663022 0.420236
vt 0.677640 0.627736
vt 0.677640 0.420295
vt 0.681871 0.420236
vt 0.681871 0.627677
vt 0.689086 0.210132
vt 0.689086 0.417574
vt 0.685998 0.417617
vt 0.685998 0.210175
vt 0.516219 0.380548
vt 0.516219 0.373712
vt 0.516219 0.379517
vt 0.562514 0.000113
vt 0.563542 0.209307
vt 0.562514 0.209415
vt 0.632276 0.419435
vt 0.626485 0.420044
vt 0.626485 0.210742
vt 0.632276 0.210132
vt 0.886538 0.608843
vt 0.886538 0.614718
vt 0.883436 0.614723
vt 0.883436 0.608848
vt 0.671369 0.417809
vt 0.671369 0.210132
vt 0.674453 0.210177
vt 0.674453 0.417854
vt 0.848903 0.614721
vt 0.848903 0.608845
vt 0.852004 0.608849
vt 0.852004 0.614725
vt 0.015771 0.933126
vt 0.015771 0.925366
vt 0.020020 0.925408
vt 0.020020 0.933168
vt 0.524141 0.210132
vt 0.516219 0.209321
vt 0.524141 0.000811
vt 0.913086 0.406648
vt 0.913086 0.398873
vt 0.917333 0.398821
vt 0.917333 0.406596
vt 0.626589 0.420236
vt 0.626589 0.629510
vt 0.625550 0.629616
vt 0.625550 0.420342
vt 0.765492 0.415987
vt 0.765492 0.210158
vt 0.769743 0.210132
vt 0.769743 0.415961
vt 0.755141 0.420266
vt 0.755141 0.626412
vt 0.750892 0.626381
vt 0.750892 0.420236
vt 0.762493 0.626381
vt 0.762493 0.420236
vt 0.765595 0.420258
vt 0.765595 0.626403
vt 0.618663 0.421049
vt 0.619702 0.420942
vt 0.516219 0.363674
vt 0.516219 0.357797
vt 0.619702 0.630216
vt 0.638227 0.420836
vt 0.644075 0.420236
vt 0.644075 0.629510
vt 0.638227 0.630109
vt 0.832918 0.609064
vt 0.832918 0.614801
vt 0.829818 0.614838
vt 0.829818 0.609101
vt 0.780303 0.420236
vt 0.780303 0.626064
vt 0.777200 0.626083
vt 0.777200 0.420255
vt 0.920590 0.614678
vt 0.920590 0.608952
vt 0.923692 0.608983
vt 0.923692 0.614709
vt 0.234247 0.925360
vt 0.238495 0.917403
vt 0.238495 0.925367
vt 0.603021 0.420232
vt 0.610842 0.421073
vt 0.610842 0.630335
vt 0.603021 0.629494
vt 0.020020 0.925366
vt 0.020020 0.917405
vt 0.024270 0.917399
vt 0.024270 0.925360
vt 0.657709 0.209415
vt 0.657709 0.000113
vt 0.658737 0.000004
vt 0.658737 0.209307
vt 0.667144 0.210194
vt 0.667144 0.417871
vt 0.662919 0.417809
vt 0.662919 0.210132
vt 0.681871 0.627736
vt 0.681871 0.420295
vt 0.686102 0.420236
vt 0.686102 0.627677
vt 0.692174 0.210132
vt 0.692174 0.417574
vt 0.689086 0.417617
vt 0.689086 0.210175
vt 0.516219 0.357903
vt 0.516219 0.363708
vt 0.516219 0.379440
vt 0.516219 0.373636
vt 0.657709 0.000004
vt 0.657709 0.209307
vt 0.656680 0.209415
vt 0.656680 0.000113
vt 0.632258 0.209307
vt 0.626467 0.209916
vt 0.626467 0.000614
vt 0.632258 0.000004
vt 0.864409 0.608845
vt 0.864409 0.614720
vt 0.861307 0.614724
vt 0.861307 0.608849
vt 0.674556 0.627913
vt 0.674556 0.420236
vt 0.677640 0.420281
vt 0.677640 0.627957
vt 0.845801 0.614721
vt 0.845801 0.608845
vt 0.848902 0.608849
vt 0.848902 0.614725
vt 0.008500 0.933126
vt 0.008500 0.925366
vt 0.012750 0.925408
vt 0.012750 0.933168
vt 0.532064 0.210132
vt 0.524141 0.209321
vt 0.524141 0.000000
vt 0.532064 0.000811
vt 0.044289 0.933192
vt 0.044289 0.925417
vt 0.048536 0.933141
vt 0.659776 0.000004
vt 0.659776 0.209278
vt 0.658737 0.209385
vt 0.658737 0.000111
vt 0.769716 0.205859
vt 0.769716 0.000030
vt 0.773967 0.000004
vt 0.773967 0.205833
vt 0.759261 0.000035
vt 0.759261 0.206180
vt 0.755011 0.206150
vt 0.755011 0.000004
vt 0.762390 0.416278
vt 0.762390 0.210132
vt 0.765492 0.210155
vt 0.765492 0.416300
vt 0.177976 0.933127
vt 0.177976 0.925367
vt 0.177976 0.926384
vt 0.177976 0.932110
vt 0.516219 0.364718
vt 0.516219 0.371638
vt 0.516219 0.365761
vt 0.658764 0.419513
vt 0.658764 0.210239
vt 0.659802 0.210132
vt 0.659802 0.419406
vt 0.638124 0.210732
vt 0.643972 0.210132
vt 0.643972 0.419406
vt 0.638124 0.420006
vt 0.914415 0.608948
vt 0.914415 0.614685
vt 0.911315 0.614723
vt 0.911315 0.608985
vt 0.780200 0.210132
vt 0.780200 0.415961
vt 0.777097 0.415980
vt 0.777097 0.210151
vt 0.181078 0.926415
vt 0.181078 0.932140
vt 0.157890 0.925361
vt 0.157890 0.917398
vt 0.162139 0.917404
vt 0.162139 0.925368
vt 0.618646 0.000004
vt 0.626467 0.000846
vt 0.626467 0.210108
vt 0.618646 0.209267
vt 0.015770 0.925366
vt 0.015770 0.917405
vt 0.020020 0.917399
vt 0.020020 0.925360
vt 0.656697 0.419543
vt 0.656697 0.210241
vt 0.657725 0.210132
vt 0.657725 0.419434
vt 0.671369 0.210194
vt 0.671369 0.417871
vt 0.667144 0.417809
vt 0.667144 0.210132
vt 0.677537 0.417633
vt 0.677537 0.210191
vt 0.681767 0.210132
vt 0.681767 0.417574
vt 0.692278 0.420236
vt 0.692278 0.627677
vt 0.689190 0.627720
vt 0.689190 0.420279
vt 0.294712 0.927800
vt 0.294712 0.919837
vt 0.294712 0.920880
vt 0.294712 0.926756
vt 0.157890 0.924318
vt 0.157890 0.918442
vt 0.657829 0.420236
vt 0.657829 0.629538
vt 0.656801 0.629646
vt 0.656801 0.420344
vt 0.632380 0.629538
vt 0.626589 0.630147
vt 0.626589 0.420845
vt 0.632380 0.420236
vt 0.883436 0.608843
vt 0.883436 0.614718
vt 0.880334 0.614723
vt 0.880334 0.608848
vt 0.671472 0.627913
vt 0.671472 0.420236
vt 0.674556 0.420281
vt 0.674556 0.627957
vt 0.297813 0.920885
vt 0.297813 0.926761
vt 0.000000 0.933126
vt 0.000000 0.925366
vt 0.004249 0.925408
vt 0.004249 0.933168
vt 0.539986 0.210132
vt 0.532064 0.209321
vt 0.532064 0.000000
vt 0.539986 0.000811
vt 0.040042 0.933192
vt 0.040042 0.925417
vt 0.044288 0.925366
vt 0.044288 0.933141
vt 0.659906 0.420236
vt 0.659906 0.629510
vt 0.658868 0.629616
vt 0.658868 0.420342
vt 0.769846 0.626090
vt 0.769846 0.420262
vt 0.774097 0.420236
vt 0.774097 0.626064
vt 0.759287 0.210163
vt 0.759287 0.416308
vt 0.755038 0.416278
vt 0.755038 0.210132
vt 0.762363 0.206150
vt 0.762363 0.000004
vt 0.765465 0.000027
vt 0.765465 0.206172
vt 0.171774 0.933127
vt 0.171774 0.925367
vt 0.171774 0.926384
vt 0.171774 0.932110
vt 0.177976 0.925367
vt 0.177976 0.933142
vt 0.177976 0.932123
vt 0.177976 0.926386
vt 0.657725 0.419513
vt 0.657725 0.210239
vt 0.658764 0.210132
vt 0.658764 0.419406
vt 0.632258 0.000604
vt 0.638106 0.000004
vt 0.638106 0.209278
vt 0.632258 0.209878
vt 0.174876 0.932161
vt 0.174876 0.926424
vt 0.777070 0.000004
vt 0.777070 0.205833
vt 0.773967 0.205852
vt 0.773967 0.000023
vt 0.174876 0.926415
vt 0.174876 0.932140
s 0
f 1/1/1 2/2/1 4/3/1 3/4/1
f 3/5/2 4/6/2 8/7/2 7/8/2
f 7/9/3 8/10/3 6/11/3 5/12/3
f 6/13/4 2/14/4 10/15/4 11/16/4
f 3/17/5 7/18/5 5/19/5 1/20/5
f 8/21/6 4/22/6 2/23/6 6/24/6
f 9/25/6 12/26/6 16/27/6 13/28/6
f 5/29/6 6/29/6 11/29/6 12/29/6
f 2/30/6 1/30/6 9/30/6 10/30/6
f 1/31/4 5/32/4 12/33/4 9/34/4
f 16/35/4 15/36/4 14/37/4 13/38/4
f 10/39/3 9/40/3 13/41/3 14/42/3
f 11/43/5 10/44/5 14/45/5 15/46/5
f 12/47/1 11/48/1 15/49/1 16/50/1
f 17/51/1 18/52/1 20/53/1 19/54/1
f 19/55/2 20/56/2 24/57/2 23/58/2
f 23/59/3 24/60/3 22/61/3 21/62/3
f 22/63/4 18/64/4 26/65/4 27/66/4
f 19/67/5 23/68/5 21/69/5 17/70/5
f 24/71/6 20/72/6 18/73/6 22/74/6
f 25/75/6 28/76/6 32/77/6 29/78/6
f 21/79/6 22/63/6 27/66/6 28/80/6
f 18/64/2 17/81/2 25/82/2 26/65/2
f 17/81/4 21/79/4 28/80/4 25/82/4
f 32/83/4 31/84/4 30/85/4 29/86/4
f 26/87/3 25/88/3 29/89/3 30/90/3
f 27/91/5 26/92/5 30/93/5 31/94/5
f 28/95/1 27/96/1 31/97/1 32/98/1
f 33/99/1 34/100/1 36/101/1 35/102/1
f 35/103/2 36/104/2 40/105/2 39/106/2
f 39/107/3 40/108/3 38/109/3 37/110/3
f 38/111/4 34/112/4 42/113/4 43/114/4
f 35/115/5 39/116/5 37/117/5 33/118/5
f 40/119/6 36/120/6 34/121/6 38/122/6
f 41/123/6 44/124/6 48/125/6 45/126/6
f 37/127/6 38/127/6 43/127/6 44/127/6
f 34/112/6 33/128/6 41/129/6 42/113/6
f 33/128/4 37/130/4 44/131/4 41/129/4
f 48/132/4 47/133/4 46/134/4 45/135/4
f 42/136/3 41/137/3 45/138/3 46/139/3
f 43/140/5 42/141/5 46/142/5 47/143/5
f 44/144/1 43/145/1 47/146/1 48/147/1
f 49/148/1 50/149/1 52/150/1 51/151/1
f 51/152/2 52/153/2 56/154/2 55/155/2
f 55/156/3 56/157/3 54/158/3 53/159/3
f 54/160/4 50/161/4 58/162/4 59/163/4
f 51/164/5 55/165/5 53/166/5 49/167/5
f 56/168/6 52/169/6 50/170/6 54/171/6
f 57/172/6 60/173/6 64/174/6 61/175/6
f 53/176/6 54/176/6 59/176/6 60/176/6
f 50/161/6 49/177/6 57/178/6 58/162/6
f 49/177/4 53/179/4 60/180/4 57/178/4
f 64/181/4 63/182/4 62/183/4 61/184/4
f 58/185/3 57/186/3 61/187/3 62/188/3
f 59/189/5 58/190/5 62/191/5 63/192/5
f 60/193/1 59/194/1 63/195/1 64/196/1
f 65/197/1 66/198/1 68/199/1 67/200/1
f 67/201/2 68/202/2 72/203/2 71/204/2
f 71/205/3 72/206/3 70/207/3 69/208/3
f 70/209/4 66/210/4 74/211/4 75/212/4
f 67/213/5 71/214/5 69/215/5 65/216/5
f 72/217/6 68/218/6 66/219/6 70/220/6
f 73/221/6 76/222/6 80/223/6 77/224/6
f 69/225/2 70/209/2 75/212/2 76/226/2
f 66/210/6 65/227/6 73/228/6 74/211/6
f 65/227/4 69/225/4 76/226/4 73/228/4
f 80/229/4 79/230/4 78/231/4 77/232/4
f 74/233/3 73/234/3 77/235/3 78/236/3
f 75/237/5 74/238/5 78/239/5 79/240/5
f 76/241/1 75/242/1 79/243/1 80/244/1
f 81/245/1 82/246/1 84/247/1 83/248/1
f 83/249/2 84/250/2 88/251/2 87/252/2
f 87/253/3 88/254/3 86/255/3 85/256/3
f 86/257/4 82/258/4 90/259/4 91/260/4
f 83/261/5 87/262/5 85/263/5 81/264/5
f 88/265/6 84/266/6 82/267/6 86/268/6
f 89/269/6 92/270/6 96/271/6 93/272/6
f 85/273/2 86/257/2 91/260/2 92/274/2
f 82/258/6 81/275/6 89/276/6 90/259/6
f 81/275/4 85/273/4 92/274/4 89/276/4
f 96/277/4 95/278/4 94/279/4 93/280/4
f 90/281/3 89/282/3 93/283/3 94/284/3
f 91/285/5 90/286/5 94/287/5 95/288/5
f 92/289/1 91/290/1 95/291/1 96/292/1
f 97/293/1 98/294/1 100/295/1 99/296/1
f 99/297/2 100/298/2 104/299/2 103/300/2
f 103/301/3 104/302/3 102/303/3 101/304/3
f 102/305/4 98/306/4 106/307/4 107/308/4
f 99/309/5 103/310/5 101/311/5 97/312/5
f 104/313/6 100/314/6 98/315/6 102/316/6
f 105/317/6 108/318/6 112/319/6 109/320/6
f 101/321/2 102/305/2 107/308/2 108/322/2
f 98/306/6 97/323/6 105/324/6 106/307/6
f 97/323/4 101/321/4 108/322/4 105/324/4
f 112/325/4 111/326/4 110/327/4 109/328/4
f 106/329/3 105/330/3 109/331/3 110/332/3
f 107/333/5 106/334/5 110/335/5 111/336/5
f 108/337/1 107/338/1 111/339/1 112/340/1
f 113/341/1 114/342/1 116/343/1 115/344/1
f 115/345/2 116/346/2 120/347/2 119/348/2
f 119/349/3 120/350/3 118/351/3 117/352/3
f 117/353/4 118/354/4 123/355/4 124/356/4
f 115/357/5 119/358/5 117/359/5 113/360/5
f 120/361/6 116/362/6 114/363/6 118/364/6
f 121/365/6 124/366/6 128/367/6 125/368/6
f 114/369/4 113/370/4 121/371/4 122/372/4
f 113/370/5 117/353/5 124/356/5 121/371/5
f 118/354/6 114/369/6 122/372/6 123/355/6
f 128/373/4 127/374/4 126/375/4 125/376/4
f 122/377/3 121/378/3 125/379/3 126/380/3
f 123/381/5 122/382/5 126/383/5 127/384/5
f 124/385/1 123/386/1 127/387/1 128/388/1
f 129/389/3 130/390/3 132/391/3 131/392/3
f 131/393/4 132/394/4 136/395/4 135/396/4
f 135/397/1 136/398/1 134/399/1 133/400/1
f 133/401/2 134/402/2 139/403/2 140/404/2
f 131/405/5 135/406/5 133/407/5 129/408/5
f 136/409/6 132/410/6 130/411/6 134/412/6
f 137/413/6 140/414/6 144/415/6 141/416/6
f 130/417/2 129/418/2 137/419/2 138/420/2
f 129/421/6 133/421/6 140/421/6 137/421/6
f 134/29/6 130/29/6 138/29/6 139/29/6
f 144/422/2 143/423/2 142/424/2 141/425/2
f 138/426/1 137/427/1 141/428/1 142/429/1
f 139/430/5 138/431/5 142/432/5 143/433/5
f 140/434/3 139/435/3 143/436/3 144/437/3
f 145/438/3 146/439/3 148/440/3 147/441/3
f 147/442/4 148/443/4 152/444/4 151/445/4
f 151/446/1 152/447/1 150/448/1 149/449/1
f 149/450/2 150/451/2 155/452/2 156/453/2
f 147/454/5 151/455/5 149/456/5 145/457/5
f 152/458/6 148/459/6 146/460/6 150/461/6
f 153/462/6 156/463/6 160/464/6 157/465/6
f 146/466/2 145/467/2 153/468/2 154/469/2
f 145/29/6 149/29/6 156/29/6 153/29/6
f 150/29/6 146/29/6 154/29/6 155/29/6
f 160/470/2 159/471/2 158/472/2 157/473/2
f 154/474/1 153/475/1 157/476/1 158/477/1
f 155/478/5 154/479/5 158/480/5 159/481/5
f 156/482/3 155/483/3 159/484/3 160/485/3
f 161/486/1 162/487/1 164/488/1 163/489/1
f 163/490/2 164/491/2 168/492/2 167/493/2
f 167/494/3 168/495/3 166/496/3 165/497/3
f 165/498/4 166/499/4 171/500/4 172/501/4
f 163/502/5 167/503/5 165/504/5 161/505/5
f 168/506/6 164/507/6 162/508/6 166/509/6
f 169/510/6 172/511/6 176/512/6 173/513/6
f 162/398/4 161/514/4 169/515/4 170/516/4
f 161/29/6 165/29/6 172/29/6 169/29/6
f 166/517/6 162/517/6 170/517/6 171/517/6
f 176/518/4 175/519/4 174/520/4 173/521/4
f 170/522/3 169/523/3 173/524/3 174/525/3
f 171/526/5 170/527/5 174/528/5 175/529/5
f 172/530/1 171/531/1 175/532/1 176/533/1
f 177/534/2 178/535/2 180/536/2 179/537/2
f 179/538/3 180/539/3 184/540/3 183/541/3
f 183/542/4 184/543/4 182/544/4 181/545/4
f 182/546/1 178/547/1 186/548/1 187/549/1
f 179/550/5 183/551/5 181/552/5 177/553/5
f 184/554/6 180/555/6 178/556/6 182/557/6
f 185/558/6 188/559/6 192/560/6 189/561/6
f 181/545/6 182/544/6 187/562/6 188/563/6
f 178/564/6 177/565/6 185/566/6 186/567/6
f 177/568/1 181/569/1 188/570/1 185/571/1
f 192/572/1 191/573/1 190/574/1 189/575/1
f 186/567/4 185/566/4 189/576/4 190/577/4
f 187/578/5 186/579/5 190/580/5 191/581/5
f 188/582/2 187/583/2 191/584/2 192/585/2
f 193/586/2 194/587/2 196/588/2 195/589/2
f 195/590/3 196/591/3 200/592/3 199/593/3
f 199/594/4 200/595/4 198/596/4 197/597/4
f 198/598/1 194/599/1 202/600/1 203/601/1
f 195/602/5 199/603/5 197/604/5 193/605/5
f 200/606/6 196/607/6 194/608/6 198/609/6
f 201/610/6 204/611/6 208/612/6 205/613/6
f 197/597/6 198/596/6 203/614/6 204/615/6
f 194/616/6 193/617/6 201/618/6 202/619/6
f 193/620/1 197/621/1 204/622/1 201/623/1
f 208/624/1 207/625/1 206/626/1 205/627/1
f 202/619/4 201/618/4 205/628/4 206/629/4
f 203/630/5 202/631/5 206/632/5 207/633/5
f 204/634/2 203/635/2 207/636/2 208/637/2
f 209/638/2 210/639/2 212/640/2 211/641/2
f 211/642/3 212/643/3 216/644/3 215/645/3
f 215/646/4 216/647/4 214/648/4 213/649/4
f 214/650/1 210/651/1 218/652/1 219/653/1
f 211/654/5 215/655/5 213/656/5 209/657/5
f 216/658/6 212/659/6 210/660/6 214/661/6
f 217/662/6 220/663/6 224/664/6 221/665/6
f 213/666/6 214/666/6 219/666/6 220/666/6
f 210/667/4 209/668/4 217/669/4 218/670/4
f 209/671/1 213/672/1 220/673/1 217/674/1
f 224/675/1 223/676/1 222/677/1 221/678/1
f 218/670/4 217/669/4 221/679/4 222/680/4
f 219/681/5 218/682/5 222/683/5 223/684/5
f 220/685/2 219/686/2 223/687/2 224/688/2
f 225/689/2 226/690/2 228/691/2 227/692/2
f 227/693/3 228/694/3 232/695/3 231/696/3
f 231/697/4 232/698/4 230/699/4 229/700/4
f 230/701/1 226/702/1 234/703/1 235/704/1
f 227/705/5 231/706/5 229/707/5 225/708/5
f 232/709/6 228/710/6 226/711/6 230/712/6
f 233/713/6 236/714/6 240/715/6 237/716/6
f 229/29/6 230/29/6 235/29/6 236/29/6
f 226/717/4 225/718/4 233/719/4 234/720/4
f 225/721/1 229/722/1 236/723/1 233/724/1
f 240/725/1 239/726/1 238/727/1 237/728/1
f 234/720/4 233/719/4 237/729/4 238/730/4
f 235/731/5 234/732/5 238/733/5 239/734/5
f 236/735/2 235/736/2 239/737/2 240/738/2
f 241/739/2 242/740/2 244/741/2 243/742/2
f 243/743/3 244/744/3 248/745/3 247/746/3
f 247/747/4 248/748/4 246/749/4 245/750/4
f 246/751/1 242/752/1 250/753/1 251/754/1
f 243/755/5 247/756/5 245/757/5 241/758/5
f 248/759/6 244/760/6 242/761/6 246/762/6
f 249/763/6 252/764/6 256/765/6 253/766/6
f 245/750/4 246/749/4 251/767/4 252/768/4
f 242/769/6 241/769/6 249/769/6 250/769/6
f 241/770/1 245/771/1 252/772/1 249/773/1
f 256/774/1 255/775/1 254/776/1 253/777/1
f 250/778/4 249/779/4 253/780/4 254/781/4
f 251/782/5 250/783/5 254/784/5 255/785/5
f 252/786/2 251/787/2 255/788/2 256/789/2
f 257/790/2 258/791/2 260/381/2 259/792/2
f 259/793/3 260/794/3 264/795/3 263/796/3
f 263/797/4 264/798/4 262/799/4 261/800/4
f 262/801/1 258/802/1 266/803/1 267/804/1
f 259/805/5 263/806/5 261/807/5 257/808/5
f 264/809/6 260/810/6 258/811/6 262/812/6
f 265/813/6 268/814/6 272/815/6 269/816/6
f 261/800/4 262/799/4 267/817/4 268/818/4
f 258/666/6 257/666/6 265/666/6 266/666/6
f 257/819/1 261/820/1 268/821/1 265/822/1
f 272/823/1 271/824/1 270/825/1 269/826/1
f 266/827/4 265/828/4 269/829/4 270/830/4
f 267/831/5 266/832/5 270/833/5 271/834/5
f 268/835/2 267/836/2 271/837/2 272/838/2
f 273/839/2 274/840/2 276/841/2 275/842/2
f 275/843/3 276/844/3 280/845/3 279/846/3
f 279/847/4 280/848/4 278/849/4 277/850/4
f 278/851/1 274/852/1 282/853/1 283/854/1
f 275/855/5 279/856/5 277/857/5 273/858/5
f 280/859/6 276/860/6 274/861/6 278/862/6
f 281/863/6 284/864/6 288/865/6 285/866/6
f 277/850/4 278/849/4 283/867/4 284/868/4
f 274/769/6 273/769/6 281/769/6 282/769/6
f 273/869/1 277/870/1 284/871/1 281/872/1
f 288/873/1 287/874/1 286/875/1 285/876/1
f 282/877/4 281/878/4 285/879/4 286/880/4
f 283/881/5 282/882/5 286/883/5 287/884/5
f 284/885/2 283/886/2 287/887/2 288/888/2
f 289/889/3 290/890/3 292/891/3 291/892/3
f 291/893/4 292/894/4 296/379/4 295/895/4
f 295/896/1 296/897/1 294/898/1 293/899/1
f 294/900/2 290/901/2 298/902/2 299/903/2
f 291/904/5 295/905/5 293/906/5 289/907/5
f 296/908/6 292/909/6 290/910/6 294/911/6
f 297/912/6 300/913/6 304/914/6 301/915/6
f 293/666/6 294/666/6 299/666/6 300/666/6
f 290/666/6 289/666/6 297/666/6 298/666/6
f 289/916/2 293/917/2 300/918/2 297/919/2
f 304/920/2 303/921/2 302/922/2 301/923/2
f 298/924/1 297/925/1 301/926/1 302/927/1
f 299/928/5 298/929/5 302/930/5 303/931/5
f 300/932/3 299/933/3 303/934/3 304/935/3
f 305/936/3 306/937/3 308/938/3 307/939/3
f 307/940/4 308/941/4 312/942/4 311/943/4
f 311/944/1 312/945/1 310/946/1 309/947/1
f 310/948/2 306/949/2 314/950/2 315/951/2
f 307/952/5 311/953/5 309/954/5 305/955/5
f 312/956/6 308/957/6 306/958/6 310/959/6
f 313/960/6 316/961/6 320/962/6 317/963/6
f 309/964/6 310/965/6 315/966/6 316/967/6
f 306/965/4 305/964/4 313/968/4 314/969/4
f 305/970/2 309/971/2 316/972/2 313/973/2
f 320/974/2 319/975/2 318/976/2 317/977/2
f 314/978/1 313/979/1 317/980/1 318/981/1
f 315/982/5 314/983/5 318/984/5 319/985/5
f 316/986/3 315/987/3 319/988/3 320/989/3
f 321/990/3 322/991/3 324/992/3 323/993/3
f 323/994/4 324/995/4 328/389/4 327/996/4
f 327/997/1 328/998/1 326/999/1 325/1000/1
f 326/1001/2 322/1002/2 330/1003/2 331/1004/2
f 323/1005/5 327/1006/5 325/1007/5 321/1008/5
f 328/1009/6 324/1010/6 322/1011/6 326/1012/6
f 329/1013/6 332/1014/6 336/1015/6 333/1016/6
f 325/29/6 326/29/6 331/29/6 332/29/6
f 322/1017/6 321/1018/6 329/1019/6 330/1020/6
f 321/1021/2 325/1022/2 332/1023/2 329/1024/2
f 336/1025/2 335/1026/2 334/1027/2 333/1028/2
f 330/1029/1 329/1030/1 333/1031/1 334/1032/1
f 331/1033/5 330/1034/5 334/1035/5 335/1036/5
f 332/1037/3 331/1038/3 335/1039/3 336/1040/3
f 337/1041/3 338/1042/3 340/1043/3 339/1044/3
f 339/1045/4 340/1046/4 344/1047/4 343/1048/4
f 343/1049/1 344/1050/1 342/1051/1 341/1052/1
f 342/1053/2 338/1054/2 346/1055/2 347/1056/2
f 339/1057/5 343/1058/5 341/1059/5 337/1060/5
f 344/1061/6 340/1062/6 338/1063/6 342/1064/6
f 345/1065/6 348/1066/6 352/1067/6 349/1068/6
f 341/666/6 342/666/6 347/666/6 348/666/6
f 338/1069/6 337/1070/6 345/1071/6 346/1072/6
f 337/1073/2 341/1074/2 348/1075/2 345/1076/2
f 352/1077/2 351/1078/2 350/1079/2 349/1080/2
f 346/1081/1 345/1082/1 349/1083/1 350/1084/1
f 347/1085/5 346/1086/5 350/1087/5 351/1088/5
f 348/1089/3 347/1090/3 351/1091/3 352/1092/3
f 353/1093/3 354/1094/3 356/1095/3 355/1096/3
f 355/1097/4 356/1098/4 360/1099/4 359/1100/4
f 359/1101/1 360/1102/1 358/1103/1 357/1104/1
f 358/1105/2 354/1106/2 362/1107/2 363/1108/2
f 355/1109/5 359/1110/5 357/1111/5 353/1112/5
f 360/1113/6 356/1114/6 354/1115/6 358/1116/6
f 361/1117/6 364/1118/6 368/1119/6 365/1120/6
f 357/1018/4 358/1121/4 363/1122/4 364/1019/4
f 354/1123/6 353/1124/6 361/1125/6 362/1126/6
f 353/1127/2 357/1128/2 364/1129/2 361/1130/2
f 368/1131/2 367/1132/2 366/1133/2 365/1134/2
f 362/1135/1 361/1136/1 365/1137/1 366/1138/1
f 363/1139/5 362/1140/5 366/1141/5 367/1142/5
f 364/1143/3 363/1144/3 367/1145/3 368/1146/3
f 369/1147/3 370/1148/3 372/1149/3 371/1150/3
f 371/1151/4 372/1152/4 376/434/4 375/1153/4
f 375/1154/1 376/1155/1 374/1156/1 373/1157/1
f 374/1158/2 370/1159/2 378/1160/2 379/1161/2
f 371/1162/5 375/1163/5 373/1164/5 369/1165/5
f 376/1166/6 372/1167/6 370/1168/6 374/1169/6
f 377/1170/6 380/1171/6 384/1172/6 381/1173/6
f 373/1018/4 374/1121/4 379/1122/4 380/1019/4
f 370/1174/6 369/1017/6 377/1175/6 378/1176/6
f 369/1177/2 373/1178/2 380/1179/2 377/1180/2
f 384/1181/2 383/1182/2 382/1183/2 381/1184/2
f 378/1185/1 377/1186/1 381/1187/1 382/1188/1
f 379/1189/5 378/1190/5 382/1191/5 383/1192/5
f 380/1193/3 379/1194/3 383/1195/3 384/1196/3
f 385/1197/3 386/1198/3 388/1199/3 387/1200/3
f 387/1201/4 388/1202/4 392/1203/4 391/1204/4
f 391/1205/1 392/1206/1 390/1207/1 389/1208/1
f 390/1209/2 386/1210/2 394/1211/2 395/1212/2
f 387/1213/5 391/1214/5 389/1215/5 385/1216/5
f 392/1217/6 388/1218/6 386/1219/6 390/1220/6
f 393/1221/6 396/1222/6 400/1223/6 397/1224/6
f 389/1124/4 390/1018/4 395/1225/4 396/1226/4
f 386/1227/6 385/1228/6 393/1229/6 394/1230/6
f 385/1231/2 389/1232/2 396/1233/2 393/1234/2
f 400/1235/2 399/1236/2 398/1237/2 397/1238/2
f 394/1239/1 393/1240/1 397/1241/1 398/1242/1
f 395/1243/5 394/1244/5 398/1245/5 399/1246/5
f 396/1247/3 395/1248/3 399/1249/3 400/1250/3
f 401/1251/4 402/1252/4 404/1253/4 403/1254/4
f 403/1255/1 404/1256/1 408/1257/1 407/1258/1
f 407/198/2 408/1259/2 406/1260/2 405/1261/2
f 406/1262/3 402/1263/3 410/1264/3 411/1265/3
f 403/1266/5 407/1267/5 405/1268/5 401/1269/5
f 408/1270/6 404/1271/6 402/1272/6 406/1273/6
f 409/1274/6 412/1275/6 416/1276/6 413/1277/6
f 405/1278/2 406/1279/2 411/1280/2 412/1281/2
f 402/1252/2 401/1251/2 409/1282/2 410/1283/2
f 401/1284/3 405/1285/3 412/1286/3 409/1287/3
f 416/1288/3 415/1289/3 414/1290/3 413/1291/3
f 410/1292/2 409/1293/2 413/1294/2 414/1295/2
f 411/1296/5 410/1297/5 414/1298/5 415/1299/5
f 412/1281/4 411/1280/4 415/1300/4 416/1301/4
f 417/1302/4 418/1303/4 420/1304/4 419/1305/4
f 419/1306/1 420/210/1 424/1307/1 423/1308/1
f 423/1309/2 424/1310/2 422/1311/2 421/1312/2
f 422/1313/3 418/1314/3 426/1315/3 427/1316/3
f 419/1317/5 423/1318/5 421/1319/5 417/1320/5
f 424/1321/6 420/1322/6 418/1323/6 422/1324/6
f 425/1325/6 428/1326/6 432/1327/6 429/1328/6
f 421/1329/4 422/1330/4 427/1331/4 428/1332/4
f 418/29/6 417/29/6 425/29/6 426/29/6
f 417/1333/3 421/1334/3 428/1335/3 425/1336/3
f 432/1337/3 431/1338/3 430/1339/3 429/1340/3
f 426/1341/2 425/1342/2 429/1343/2 430/1344/2
f 427/1345/5 426/1346/5 430/1347/5 431/1348/5
f 428/1332/4 427/1331/4 431/1349/4 432/1350/4
f 433/52/4 434/1351/4 436/1352/4 435/1353/4
f 435/1354/1 436/1099/1 440/1355/1 439/1356/1
f 439/1357/2 440/1358/2 438/1359/2 437/1360/2
f 438/1361/3 434/1362/3 442/1363/3 443/1364/3
f 435/1365/5 439/622/5 437/1366/5 433/1367/5
f 440/1368/6 436/1369/6 434/1370/6 438/1371/6
f 441/1372/6 444/1373/6 448/1374/6 445/1375/6
f 437/1376/6 438/1377/6 443/1378/6 444/1379/6
f 434/1351/6 433/52/6 441/1380/6 442/1381/6
f 433/1382/3 437/1383/3 444/1384/3 441/1385/3
f 448/1386/3 447/1387/3 446/1388/3 445/1389/3
f 442/1390/2 441/1391/2 445/1392/2 446/1393/2
f 443/1394/5 442/1395/5 446/1396/5 447/1397/5
f 444/1379/4 443/1378/4 447/1398/4 448/1399/4
f 449/1400/4 450/1401/4 452/1402/4 451/1403/4
f 451/1404/1 452/1405/1 456/1406/1 455/1407/1
f 455/1408/2 456/1409/2 454/1410/2 453/1411/2
f 454/1412/3 450/1413/3 458/1414/3 459/1415/3
f 451/1416/5 455/1417/5 453/1418/5 449/1419/5
f 456/1420/6 452/1421/6 450/1422/6 454/1423/6
f 457/1424/6 460/1425/6 464/1426/6 461/1427/6
f 453/1428/6 454/1429/6 459/1430/6 460/1431/6
f 450/1401/6 449/1400/6 457/1432/6 458/1433/6
f 449/1434/3 453/1435/3 460/1436/3 457/1437/3
f 464/1438/3 463/1439/3 462/1440/3 461/1441/3
f 458/1442/2 457/1443/2 461/899/2 462/1444/2
f 459/1445/5 458/1446/5 462/1447/5 463/1448/5
f 460/1431/4 459/1430/4 463/1449/4 464/1450/4
f 465/1451/4 466/1452/4 468/1453/4 467/1454/4
f 467/1455/1 468/1456/1 472/1457/1 471/1458/1
f 471/1459/2 472/1460/2 470/1461/2 469/1462/2
f 470/1463/3 466/1464/3 474/1465/3 475/1466/3
f 467/1467/5 471/1468/5 469/1469/5 465/1470/5
f 472/1471/6 468/1472/6 466/1473/6 470/1474/6
f 473/1475/6 476/1476/6 480/1477/6 477/1478/6
f 469/1479/2 470/1480/2 475/1481/2 476/1482/2
f 466/1452/6 465/1451/6 473/1483/6 474/1484/6
f 465/1485/3 469/1486/3 476/1487/3 473/1488/3
f 480/1489/3 479/1490/3 478/1491/3 477/1492/3
f 474/1493/2 473/1494/2 477/1495/2 478/1496/2
f 475/1497/5 474/1498/5 478/1499/5 479/1500/5
f 476/1482/4 475/1481/4 479/1501/4 480/1502/4
f 481/1503/4 482/1504/4 484/1505/4 483/1506/4
f 483/1507/1 484/1508/1 488/1509/1 487/1510/1
f 487/1511/2 488/1512/2 486/1513/2 485/1514/2
f 486/1515/3 482/1516/3 490/1517/3 491/1518/3
f 483/1519/5 487/1520/5 485/1521/5 481/1522/5
f 488/1523/6 484/1524/6 482/1525/6 486/1526/6
f 489/1527/6 492/1528/6 496/1529/6 493/1530/6
f 485/1531/2 486/1532/2 491/1533/2 492/1534/2
f 482/1504/6 481/1503/6 489/1535/6 490/1536/6
f 481/1537/3 485/1538/3 492/1539/3 489/1540/3
f 496/1541/3 495/1542/3 494/1543/3 493/1544/3
f 490/1545/2 489/1546/2 493/1547/2 494/1548/2
f 491/1549/5 490/1550/5 494/1551/5 495/1552/5
f 492/1534/4 491/1533/4 495/1553/4 496/1554/4
f 497/1555/4 498/1556/4 500/1557/4 499/1558/4
f 499/1559/1 500/1560/1 504/1561/1 503/1562/1
f 503/1563/2 504/1564/2 502/1565/2 501/1566/2
f 502/1567/3 498/1568/3 506/1569/3 507/1570/3
f 499/1571/5 503/1572/5 501/1573/5 497/1574/5
f 504/1575/6 500/1576/6 498/1577/6 502/1578/6
f 505/1579/6 508/1580/6 512/1581/6 509/1582/6
f 501/1583/2 502/1531/2 507/1584/2 508/1585/2
f 498/1556/6 497/1555/6 505/1586/6 506/1587/6
f 497/1588/3 501/1589/3 508/1590/3 505/1591/3
f 512/1592/3 511/1593/3 510/1594/3 509/1595/3
f 506/1596/2 505/1597/2 509/136/2 510/1598/2
f 507/1599/5 506/1600/5 510/1601/5 511/1602/5
f 508/1585/4 507/1584/4 511/1603/4 512/1604/4
f 513/1605/7 514/1606/7 516/1607/7 515/1608/7
f 515/1609/8 516/1610/8 520/1611/8 519/1612/8
f 519/1613/9 520/1614/9 518/1615/9 517/1616/9
f 518/1617/10 514/1618/10 522/1619/10 523/1620/10
f 515/1621/11 519/1622/11 517/1623/11 513/1624/11
f 520/1614/12 516/1625/12 514/1626/12 518/1615/12
f 521/1627/12 524/1628/12 528/1629/12 525/1630/12
f 517/1631/13 518/1632/13 523/1633/13 524/1634/13
f 514/1635/14 513/1636/14 521/1627/14 522/1637/14
f 513/1638/10 517/1639/10 524/1640/10 521/1641/10
f 528/1642/10 527/1643/10 526/1644/10 525/1645/10
f 522/1637/9 521/1627/9 525/1630/9 526/1646/9
f 523/1647/11 522/1648/11 526/1649/11 527/1650/11
f 524/1634/7 523/1633/7 527/1651/7 528/1652/7
f 529/1653/15 530/1654/15 532/1655/15 531/1656/15
f 531/1657/3 532/1658/3 536/1659/3 535/1660/3
f 535/1661/16 536/1662/16 534/1663/16 533/1664/16
f 534/1665/1 530/1666/1 538/1667/1 539/1668/1
f 531/1669/17 535/1661/17 533/1664/17 529/1670/17
f 536/1671/18 532/1655/18 530/1654/18 534/1672/18
f 537/1673/18 540/1674/18 544/1675/18 541/1676/18
f 533/1677/19 534/1678/19 539/1679/19 540/1674/19
f 530/127/20 529/1680/20 537/1681/20 538/1682/20
f 529/1683/1 533/1684/1 540/1685/1 537/1686/1
f 544/1687/1 543/1688/1 542/1689/1 541/1690/1
f 538/1691/16 537/1692/16 541/1693/16 542/1694/16
f 539/1695/17 538/1691/17 542/1694/17 543/1696/17
f 540/1674/15 539/1679/15 543/1697/15 544/1675/15
f 545/1698/7 546/1699/7 548/1700/7 547/1701/7
f 547/1702/8 548/1703/8 552/1704/8 551/1705/8
f 551/1706/9 552/1707/9 550/1708/9 549/1709/9
f 550/1710/10 546/1711/10 554/1712/10 555/1713/10
f 547/1714/11 551/1715/11 549/1716/11 545/1717/11
f 552/1707/12 548/1718/12 546/229/12 550/1708/12
f 553/1719/12 556/1720/12 560/1721/12 557/1722/12
f 549/1709/21 550/1708/21 555/1723/21 556/1724/21
f 546/1699/2 545/1698/2 553/1725/2 554/1726/2
f 545/1727/10 549/1728/10 556/1729/10 553/1730/10
f 560/1731/10 559/1732/10 558/1733/10 557/1734/10
f 554/1735/9 553/1719/9 557/1722/9 558/1736/9
f 555/1737/11 554/1738/11 558/1739/11 559/1740/11
f 556/1741/7 555/1742/7 559/1743/7 560/1744/7
f 561/1745/15 562/1746/15 564/1747/15 563/1748/15
f 563/1749/3 564/1750/3 568/1751/3 567/1752/3
f 567/1753/16 568/1754/16 566/1755/16 565/1756/16
f 566/1757/1 562/1758/1 570/1759/1 571/1760/1
f 563/1761/17 567/1753/17 565/1756/17 561/1762/17
f 568/1763/18 564/1747/18 562/1746/18 566/1643/18
f 569/1764/18 572/1765/18 576/1766/18 573/1767/18
f 565/1768/3 566/1769/3 571/1770/3 572/1771/3
f 562/1758/22 561/1772/22 569/1773/22 570/1759/22
f 561/1772/1 565/1774/1 572/1775/1 569/1773/1
f 576/1638/1 575/1776/1 574/1777/1 573/1778/1
f 570/1779/16 569/1780/16 573/1781/16 574/1782/16
f 571/1783/17 570/1779/17 574/1782/17 575/1784/17
f 572/1765/15 571/1785/15 575/1786/15 576/1766/15
f 577/1787/7 578/1788/7 580/1789/7 579/1790/7
f 579/1791/8 580/1792/8 584/1793/8 583/1794/8
f 583/1795/9 584/1796/9 582/1797/9 581/1798/9
f 582/1799/10 578/1800/10 586/1801/10 587/1802/10
f 579/1803/11 583/1804/11 581/1805/11 577/1806/11
f 584/1796/12 580/1807/12 578/1808/12 582/1797/12
f 585/1809/12 588/1810/12 592/1811/12 589/1812/12
f 581/1813/23 582/1814/23 587/1815/23 588/1816/23
f 578/1817/24 577/1818/24 585/1819/24 586/1820/24
f 577/1821/10 581/1822/10 588/1823/10 585/1824/10
f 592/1825/10 591/1826/10 590/1827/10 589/1828/10
f 586/1829/9 585/1809/9 589/1812/9 590/1830/9
f 587/1831/11 586/1832/11 590/1833/11 591/1834/11
f 588/1816/7 587/1815/7 591/1835/7 592/1836/7
f 593/1837/15 594/1838/15 596/1839/15 595/1840/15
f 595/1841/3 596/1842/3 600/1843/3 599/1844/3
f 599/1845/16 600/1846/16 598/1847/16 597/1848/16
f 598/1849/1 594/1850/1 602/1851/1 603/1852/1
f 595/1853/17 599/1845/17 597/1848/17 593/1854/17
f 600/1855/18 596/1839/18 594/1838/18 598/1856/18
f 601/1857/18 604/1858/18 608/1859/18 605/1860/18
f 597/1861/1 598/1849/1 603/1852/1 604/1862/1
f 594/1863/6 593/1864/6 601/1865/6 602/1866/6
f 593/1867/1 597/1861/1 604/1862/1 601/1868/1
f 608/1869/1 607/1870/1 606/1871/1 605/1872/1
f 602/1866/16 601/1865/16 605/1873/16 606/1874/16
f 603/1875/17 602/1866/17 606/1874/17 607/1876/17
f 604/1858/15 603/1877/15 607/1878/15 608/1859/15
f 609/1879/25 610/1880/25 612/1881/25 611/1882/25
f 611/1883/8 612/1884/8 616/1885/8 615/1886/8
f 615/1887/9 616/1888/9 614/1889/9 613/1890/9
f 614/1891/10 610/1892/10 618/1893/10 619/1894/10
f 611/1895/11 615/1896/11 613/1897/11 609/1898/11
f 616/1888/12 612/1899/12 610/1900/12 614/1889/12
f 617/1901/12 620/1902/12 624/1903/12 621/1904/12
f 613/1890/1 614/1889/1 619/1905/1 620/1906/1
f 610/1907/26 609/1908/26 617/1901/26 618/1909/26
f 609/1687/10 613/1910/10 620/1911/10 617/1912/10
f 624/1913/10 623/1914/10 622/1915/10 621/1916/10
f 618/1909/9 617/1901/9 621/1904/9 622/1917/9
f 619/1918/11 618/1919/11 622/1920/11 623/1921/11
f 620/1922/7 619/1923/7 623/1924/7 624/1925/7
f 625/1926/15 626/1927/15 628/1928/15 627/1929/15
f 627/1930/3 628/1931/3 632/1932/3 631/1933/3
f 631/1934/16 632/1935/16 630/1936/16 629/1937/16
f 630/1938/1 626/1939/1 634/1940/1 635/1941/1
f 627/1942/17 631/1934/17 629/1937/17 625/1943/17
f 632/1944/18 628/1928/18 626/1927/18 630/1945/18
f 633/1946/18 636/1947/18 640/1948/18 637/1949/18
f 629/1937/27 630/1936/27 635/1950/27 636/1951/27
f 626/1927/5 625/1926/5 633/1952/5 634/1953/5
f 625/1954/1 629/1955/1 636/1956/1 633/1957/1
f 640/1958/1 639/1959/1 638/1960/1 637/1961/1
f 634/1962/16 633/1963/16 637/1964/16 638/1965/16
f 635/383/17 634/1962/17 638/1965/17 639/1966/17
f 636/1947/15 635/1967/15 639/1968/15 640/1948/15
f 641/1969/7 642/1970/7 644/1971/7 643/1972/7
f 643/1973/8 644/1974/8 648/1975/8 647/1976/8
f 647/1977/9 648/1978/9 646/1979/9 645/1980/9
f 646/1981/10 642/1982/10 650/1983/10 651/1984/10
f 643/1985/11 647/1986/11 645/1987/11 641/1988/11
f 648/1978/12 644/1989/12 642/1990/12 646/1979/12
f 649/1991/12 652/1992/12 656/1993/12 653/1994/12
f 645/1995/28 646/1996/28 651/1997/28 652/1998/28
f 642/1999/29 641/2000/29 649/1991/29 650/2001/29
f 641/2002/10 645/2003/10 652/2004/10 649/2005/10
f 656/2006/10 655/2007/10 654/2008/10 653/2009/10
f 650/2001/9 649/1991/9 653/1994/9 654/2010/9
f 651/2011/11 650/2012/11 654/2013/11 655/2014/11
f 652/2015/7 651/2016/7 655/2017/7 656/2018/7
f 657/2019/15 658/2020/15 660/2021/15 659/2022/15
f 659/2023/3 660/2024/3 664/2025/3 663/2026/3
f 663/2027/16 664/2028/16 662/2029/16 661/2030/16
f 662/2031/1 658/2032/1 666/2033/1 667/2034/1
f 659/2035/17 663/2027/17 661/2030/17 657/2036/17
f 664/2037/18 660/2021/18 658/2020/18 662/2038/18
f 665/2039/18 668/2040/18 672/2041/18 669/2042/18
f 661/2043/30 662/2044/30 667/2045/30 668/2040/30
f 658/421/3 657/1817/3 665/2046/3 666/2047/3
f 657/2048/1 661/2049/1 668/2050/1 665/2051/1
f 672/2052/1 671/2053/1 670/2054/1 669/2055/1
f 666/2056/16 665/2057/16 669/2058/16 670/2059/16
f 667/2060/17 666/2056/17 670/2059/17 671/2061/17
f 668/2040/15 667/2045/15 671/2062/15 672/2041/15
f 673/2063/7 674/2064/7 676/2065/7 675/2066/7
f 675/2067/8 676/2068/8 680/1035/8 679/2069/8
f 679/2070/9 680/2071/9 678/2072/9 677/2073/9
f 678/2074/10 674/2075/10 682/2076/10 683/2077/10
f 675/2078/11 679/2079/11 677/2080/11 673/2081/11
f 680/2071/12 676/2082/12 674/2083/12 678/2072/12
f 681/2084/12 684/2085/12 688/2086/12 685/2087/12
f 677/2088/31 678/2074/31 683/2077/31 684/2089/31
f 674/666/32 673/2090/32 681/2091/32 682/2092/32
f 673/2093/10 677/2088/10 684/2089/10 681/2094/10
f 688/2095/10 687/2096/10 686/2097/10 685/2098/10
f 682/2099/9 681/2084/9 685/2087/9 686/2100/9
f 683/2101/11 682/2102/11 686/2103/11 687/2104/11
f 684/2105/7 683/2106/7 687/2107/7 688/2108/7
f 689/2109/15 690/2110/15 692/2111/15 691/2112/15
f 691/2113/3 692/2114/3 696/2115/3 695/2116/3
f 695/2117/16 696/2118/16 694/2119/16 693/2120/16
f 694/2121/1 690/2122/1 698/2123/1 699/2124/1
f 691/2125/17 695/2117/17 693/2120/17 689/2126/17
f 696/2127/18 692/2111/18 690/2110/18 694/2128/18
f 697/2129/18 700/2130/18 704/2131/18 701/2132/18
f 693/2133/6 694/2134/6 699/2135/6 700/2136/6
f 690/2122/6 689/2137/6 697/2138/6 698/2123/6
f 689/2137/1 693/2139/1 700/2140/1 697/2138/1
f 704/2141/1 703/2142/1 702/2143/1 701/2144/1
f 698/2145/16 697/2146/16 701/2147/16 702/2148/16
f 699/2149/17 698/2145/17 702/2148/17 703/2150/17
f 700/2130/15 699/2151/15 703/2152/15 704/2131/15
f 705/2153/33 706/2154/33 708/2155/33 707/2156/33
f 707/2157/34 708/2158/34 712/2159/34 711/2160/34
f 711/2161/35 712/2162/35 710/2163/35 709/2164/35
f 710/2165/36 706/2166/36 714/2167/36 715/2168/36
f 707/2169/37 711/2170/37 709/2171/37 705/2172/37
f 712/2173/38 708/2174/38 706/2175/38 710/2176/38
f 713/2177/38 716/2178/38 720/2179/38 717/2180/38
f 709/2181/39 710/2182/39 715/2183/39 716/2184/39
f 706/2154/40 705/2153/40 713/2185/40 714/2186/40
f 705/2187/36 709/2188/36 716/2189/36 713/2190/36
f 720/2191/36 719/2192/36 718/2193/36 717/2194/36
f 714/2195/35 713/2196/35 717/2197/35 718/2198/35
f 715/2199/37 714/2200/37 718/2201/37 719/2202/37
f 716/2184/33 715/2183/33 719/2203/33 720/2204/33
f 721/2205/41 722/2206/41 724/2207/41 723/2208/41
f 723/2209/2 724/2210/2 728/2211/2 727/2212/2
f 727/2164/42 728/2213/42 726/2214/42 725/2215/42
f 726/2216/4 722/2217/4 730/2218/4 731/2219/4
f 723/2220/43 727/2221/43 725/2222/43 721/2223/43
f 728/2224/44 724/2225/44 722/2226/44 726/2227/44
f 729/2228/44 732/2229/44 736/2230/44 733/2231/44
f 725/2232/6 726/2216/6 731/2219/6 732/2233/6
f 722/2234/45 721/2235/45 729/2236/45 730/2237/45
f 721/2238/4 725/2232/4 732/2233/4 729/2239/4
f 736/2240/4 735/2241/4 734/2242/4 733/2243/4
f 730/2237/42 729/2236/42 733/2244/42 734/2245/42
f 731/2246/43 730/2247/43 734/2248/43 735/2249/43
f 732/2250/41 731/2251/41 735/2252/41 736/2253/41
f 737/2254/33 738/2255/33 740/2256/33 739/2257/33
f 739/2258/34 740/2259/34 744/2260/34 743/2261/34
f 743/2262/35 744/2263/35 742/2264/35 741/2265/35
f 742/2266/36 738/2267/36 746/2268/36 747/2269/36
f 739/2270/37 743/2271/37 741/2272/37 737/2273/37
f 744/2274/38 740/2275/38 738/2276/38 742/2277/38
f 745/2278/38 748/2279/38 752/2280/38 749/2281/38
f 741/2282/46 742/2283/46 747/2284/46 748/2285/46
f 738/2286/47 737/2287/47 745/2288/47 746/2289/47
f 737/2290/36 741/2291/36 748/1624/36 745/2292/36
f 752/2293/36 751/2294/36 750/2295/36 749/2296/36
f 746/2289/35 745/2288/35 749/2297/35 750/2298/35
f 747/2299/37 746/2300/37 750/2301/37 751/2302/37
f 748/2285/33 747/2284/33 751/2303/33 752/2304/33
f 753/2305/41 754/2306/41 756/2307/41 755/2308/41
f 755/2309/2 756/2310/2 760/2311/2 759/2312/2
f 759/2313/42 760/2314/42 758/2315/42 757/2316/42
f 758/2317/4 754/2318/4 762/2319/4 763/2320/4
f 755/2321/43 759/2322/43 757/2323/43 753/2324/43
f 760/2325/44 756/2326/44 754/2327/44 758/2328/44
f 761/2329/44 764/2330/44 768/2331/44 765/2332/44
f 757/2333/48 758/2334/48 763/2335/48 764/2336/48
f 754/2318/6 753/2337/6 761/2338/6 762/2319/6
f 753/2337/4 757/2339/4 764/2340/4 761/2338/4
f 768/2341/4 767/2342/4 766/2343/4 765/2344/4
f 762/2345/42 761/2346/42 765/2347/42 766/2348/42
f 763/2349/43 762/2350/43 766/2351/43 767/2352/43
f 764/2353/41 763/2354/41 767/2355/41 768/2356/41
f 769/2357/33 770/2358/33 772/2359/33 771/2360/33
f 771/2361/34 772/2362/34 776/2363/34 775/2364/34
f 775/2365/35 776/2366/35 774/2367/35 773/2368/35
f 774/2369/36 770/2370/36 778/2371/36 779/2372/36
f 771/2373/37 775/2374/37 773/2375/37 769/2376/37
f 776/2377/38 772/2378/38 770/2379/38 774/2380/38
f 777/2381/38 780/2382/38 784/2383/38 781/2384/38
f 773/2385/49 774/2386/49 779/2387/49 780/2388/49
f 770/2389/50 769/2390/50 777/2391/50 778/2392/50
f 769/2393/36 773/2394/36 780/2395/36 777/2396/36
f 784/2397/36 783/2398/36 782/2399/36 781/2400/36
f 778/2401/35 777/2402/35 781/2403/35 782/2404/35
f 779/2405/37 778/2406/37 782/2407/37 783/2408/37
f 780/2409/33 779/2410/33 783/2411/33 784/2412/33
f 785/2413/41 786/2414/41 788/2415/41 787/2416/41
f 787/2417/2 788/2418/2 792/2419/2 791/2420/2
f 791/2421/42 792/2422/42 790/2423/42 789/2424/42
f 790/2425/4 786/2426/4 794/2427/4 795/2428/4
f 787/2429/43 791/2430/43 789/2431/43 785/2432/43
f 792/2433/44 788/2434/44 786/2435/44 790/2436/44
f 793/2437/44 796/2438/44 800/2439/44 797/2440/44
f 789/2441/6 790/2442/6 795/2443/6 796/2444/6
f 786/2445/51 785/2446/51 793/2447/51 794/2448/51
f 785/2449/4 789/2450/4 796/2451/4 793/2452/4
f 800/2453/4 799/2454/4 798/2455/4 797/2456/4
f 794/2448/42 793/2447/42 797/2457/42 798/2458/42
f 795/2459/43 794/2460/43 798/2461/43 799/2462/43
f 796/2463/41 795/2464/41 799/2465/41 800/2466/41
f 801/2467/33 802/2468/33 804/2469/33 803/2470/33
f 803/2471/34 804/2472/34 808/2473/34 807/2474/34
f 807/2475/35 808/2476/35 806/2477/35 805/2478/35
f 806/2479/36 802/2480/36 810/2481/36 811/2482/36
f 803/2483/37 807/2484/37 805/2485/37 801/2486/37
f 808/2487/38 804/2488/38 802/2489/38 806/2490/38
f 809/2491/52 812/2492/52 816/2493/52 813/2494/52
f 805/2495/53 806/2496/53 811/2497/53 812/2498/53
f 802/2480/54 801/2499/54 809/2500/54 810/2481/54
f 801/2499/36 805/2501/36 812/2502/36 809/2500/36
f 816/2503/36 815/2504/36 814/2505/36 813/2506/36
f 810/2507/35 809/2508/35 813/2509/35 814/2510/35
f 811/2511/55 810/2512/55 814/2513/55 815/2514/55
f 812/2498/33 811/2497/33 815/2515/33 816/2516/33
f 817/2517/41 818/2518/41 820/2519/41 819/2520/41
f 819/2521/2 820/2522/2 824/2523/2 823/2524/2
f 823/2525/42 824/2526/42 822/2527/42 821/2528/42
f 822/2529/4 818/2530/4 826/2531/4 827/2532/4
f 819/2533/43 823/2534/43 821/2535/43 817/2536/43
f 824/2537/44 820/2538/44 818/2539/44 822/2540/44
f 825/2541/44 828/2542/44 832/2543/44 829/2544/44
f 821/2528/56 822/2527/56 827/2545/56 828/2546/56
f 818/2547/57 817/2548/57 825/2549/57 826/2550/57
f 817/2551/4 821/2552/4 828/2553/4 825/2554/4
f 832/2555/4 831/2556/4 830/2557/4 829/2558/4
f 826/2550/42 825/2549/42 829/2559/42 830/2560/42
f 827/2328/43 826/2561/43 830/2562/43 831/2563/43
f 828/2564/41 827/2565/41 831/2566/41 832/2567/41
f 833/2568/33 834/2569/33 836/2570/33 835/2571/33
f 835/2572/34 836/2573/34 840/2574/34 839/2575/34
f 839/2576/35 840/2577/35 838/2578/35 837/2579/35
f 838/2580/36 834/2581/36 842/2582/36 843/2583/36
f 835/2584/37 839/2585/37 837/2586/37 833/2587/37
f 840/2588/38 836/2589/38 834/2590/38 838/2591/38
f 841/2592/38 844/2593/38 848/2594/38 845/2595/38
f 837/2596/58 838/2597/58 843/2598/58 844/2599/58
f 834/2581/6 833/2600/6 841/2601/6 842/2582/6
f 833/2600/36 837/2602/36 844/2603/36 841/2601/36
f 848/2604/36 847/2605/36 846/2606/36 845/2607/36
f 842/2608/35 841/2609/35 845/2610/35 846/2611/35
f 843/2612/37 842/2613/37 846/2614/37 847/2615/37
f 844/2599/33 843/2598/33 847/2616/33 848/2617/33
f 849/2618/41 850/2619/41 852/2620/41 851/2621/41
f 851/2622/2 852/2623/2 856/2624/2 855/2625/2
f 855/2626/42 856/2627/42 854/2628/42 853/2629/42
f 854/2630/4 850/2631/4 858/2632/4 859/2633/4
f 851/2634/43 855/2635/43 853/2636/43 849/2637/43
f 856/2638/44 852/2639/44 850/2640/44 854/2641/44
f 857/2642/44 860/2643/44 864/2644/44 861/2645/44
f 853/2646/59 854/2647/59 859/2648/59 860/2649/59
f 850/2650/60 849/2651/60 857/2652/60 858/2653/60
f 849/2654/4 853/2655/4 860/2656/4 857/2657/4
f 864/2658/4 863/2659/4 862/2660/4 861/2661/4
f 858/2653/42 857/2652/42 861/2662/42 862/2663/42
f 859/2664/43 858/2665/43 862/2666/43 863/2667/43
f 860/2649/41 859/2648/41 863/2668/41 864/2669/41
f 865/2670/33 866/2671/33 868/2672/33 867/2673/33
f 867/2674/34 868/2675/34 872/2676/34 871/2677/34
f 871/2678/35 872/2679/35 870/2680/35 869/2681/35
f 870/2682/36 866/2683/36 874/2684/36 875/2685/36
f 867/2686/37 871/2687/37 869/2688/37 865/2689/37
f 872/2690/38 868/2691/38 866/2692/38 870/2693/38
f 873/2694/38 876/2695/38 880/2696/38 877/2697/38
f 869/2698/61 870/2699/61 875/2700/61 876/2701/61
f 866/2671/62 865/2670/62 873/2702/62 874/2703/62
f 865/2704/36 869/2705/36 876/2706/36 873/2707/36
f 880/2708/36 879/2709/36 878/2710/36 877/2711/36
f 874/2712/35 873/2713/35 877/2714/35 878/2715/35
f 875/2716/37 874/2717/37 878/2718/37 879/2719/37
f 876/2701/33 875/2700/33 879/2720/33 880/2721/33
f 881/2722/41 882/2723/41 884/2724/41 883/2725/41
f 883/2726/2 884/2727/2 888/2728/2 887/2729/2
f 887/2730/42 888/2731/42 886/2732/42 885/2733/42
f 886/2734/4 882/2735/4 890/2736/4 891/2737/4
f 883/2738/43 887/2739/43 885/2740/43 881/2741/43
f 888/2742/44 884/2743/44 882/2744/44 886/2745/44
f 889/2746/44 892/2747/44 896/2748/44 893/2749/44
f 885/2750/63 886/2751/63 891/2752/63 892/2753/63
f 882/2754/64 881/2755/64 889/2756/64 890/2757/64
f 881/2758/4 885/2759/4 892/2760/4 889/2761/4
f 896/2762/4 895/2763/4 894/2764/4 893/2765/4
f 890/2757/42 889/2756/42 893/2766/42 894/2767/42
f 891/2768/43 890/2769/43 894/2770/43 895/2771/43
f 892/2753/41 891/2752/41 895/2772/41 896/2773/41
f 897/2774/65 898/2775/65 900/2776/65 899/2777/65
f 899/2778/66 900/2779/66 904/2780/66 903/2781/66
f 903/2782/67 904/2783/67 902/2784/67 901/2785/67
f 902/2786/68 898/2787/68 906/2788/68 907/2789/68
f 899/2790/69 903/2791/69 901/2792/69 897/2793/69
f 904/2794/70 900/2795/70 898/2796/70 902/2797/70
f 905/2798/70 908/2799/70 912/2800/70 909/2801/70
f 901/2802/71 902/2803/71 907/2804/71 908/2805/71
f 898/2775/72 897/2774/72 905/2806/72 906/2807/72
f 897/2808/68 901/2809/68 908/2810/68 905/2811/68
f 912/2812/68 911/2813/68 910/2814/68 909/2374/68
f 906/2815/67 905/2816/67 909/2817/67 910/2818/67
f 907/2819/69 906/2820/69 910/2821/69 911/2822/69
f 908/2823/65 907/2824/65 911/2825/65 912/2826/65
f 913/2827/73 914/2828/73 916/2829/73 915/2830/73
f 915/2831/1 916/2832/1 920/2833/1 919/2834/1
f 919/2835/74 920/2836/74 918/2837/74 917/2838/74
f 918/2839/3 914/2840/3 922/2841/3 923/2842/3
f 915/2843/75 919/2835/75 917/2838/75 913/2844/75
f 920/2845/76 916/2829/76 914/2828/76 918/2846/76
f 921/2847/76 924/2848/76 928/2849/76 925/2850/76
f 917/2390/6 918/2851/6 923/2852/6 924/2853/6
f 914/2854/77 913/2855/77 921/2856/77 922/2857/77
f 913/2858/3 917/2859/3 924/2860/3 921/2861/3
f 928/2862/3 927/2863/3 926/2864/3 925/2865/3
f 922/2866/74 921/2867/74 925/2868/74 926/2869/74
f 923/2870/75 922/2866/75 926/2869/75 927/2871/75
f 924/2848/73 923/2872/73 927/2873/73 928/2849/73
f 929/2874/65 930/2875/65 932/2876/65 931/2877/65
f 931/2878/66 932/2879/66 936/2880/66 935/2881/66
f 935/2882/67 936/2883/67 934/2884/67 933/2885/67
f 934/2886/68 930/2887/68 938/2888/68 939/2889/68
f 931/2890/69 935/2891/69 933/2892/69 929/2893/69
f 936/2894/70 932/2895/70 930/2896/70 934/2897/70
f 937/2898/70 940/2899/70 944/2900/70 941/2901/70
f 933/2902/78 934/2886/78 939/2889/78 940/2903/78
f 930/2904/79 929/2905/79 937/2906/79 938/2907/79
f 929/2908/68 933/2902/68 940/2903/68 937/2909/68
f 944/2910/68 943/2911/68 942/2912/68 941/2913/68
f 938/2914/67 937/2915/67 941/2916/67 942/2917/67
f 939/2918/69 938/2919/69 942/2920/69 943/2921/69
f 940/2922/65 939/2923/65 943/2924/65 944/2925/65
f 945/2926/73 946/2927/73 948/2928/73 947/2929/73
f 947/2930/1 948/2931/1 952/2932/1 951/2933/1
f 951/2934/74 952/2935/74 950/2936/74 949/2937/74
f 950/2938/3 946/2939/3 954/2940/3 955/2941/3
f 947/2942/75 951/2934/75 949/2937/75 945/2943/75
f 952/2944/76 948/2928/76 946/2927/76 950/2945/76
f 953/2946/76 956/2947/76 960/2948/76 957/2949/76
f 949/2950/1 950/1995/1 955/2951/1 956/2952/1
f 946/2939/80 945/2953/80 953/2954/80 954/2940/80
f 945/2953/3 949/2955/3 956/2956/3 953/2954/3
f 960/1420/3 959/2957/3 958/2958/3 957/2959/3
f 954/2960/74 953/2961/74 957/2962/74 958/2963/74
f 955/2964/75 954/2960/75 958/2963/75 959/2965/75
f 956/2947/73 955/2966/73 959/2967/73 960/2948/73
f 961/2968/65 962/2969/65 964/2970/65 963/2971/65
f 963/2972/66 964/2973/66 968/2974/66 967/2975/66
f 967/2976/67 968/2977/67 966/2978/67 965/2979/67
f 966/2980/68 962/2981/68 970/2982/68 971/2983/68
f 963/2984/69 967/2985/69 965/2986/69 961/2987/69
f 968/2988/70 964/2989/70 962/2990/70 966/2991/70
f 969/2992/70 972/2993/70 976/2994/70 973/2995/70
f 965/2996/81 966/2997/81 971/2998/81 972/2999/81
f 962/3000/82 961/3001/82 969/3002/82 970/3003/82
f 961/3004/68 965/3005/68 972/3006/68 969/3007/68
f 976/3008/68 975/3009/68 974/3010/68 973/3011/68
f 970/3012/67 969/3013/67 973/3014/67 974/3015/67
f 971/3016/69 970/3017/69 974/3018/69 975/3019/69
f 972/2999/65 971/2998/65 975/3020/65 976/3021/65
f 977/3022/73 978/3023/73 980/3024/73 979/3025/73
f 979/3026/1 980/3027/1 984/3028/1 983/3029/1
f 983/3030/74 984/3031/74 982/3032/74 981/3033/74
f 982/3034/3 978/3035/3 986/3036/3 987/3037/3
f 979/3038/75 983/3030/75 981/3033/75 977/3039/75
f 984/3040/76 980/3024/76 978/3023/76 982/3041/76
f 985/3042/76 988/3043/76 992/3044/76 989/3045/76
f 981/3046/83 982/3047/83 987/3048/83 988/3049/83
f 978/3050/5 977/3001/5 985/3051/5 986/3052/5
f 977/3053/3 981/3054/3 988/3055/3 985/3056/3
f 992/3057/3 991/3058/3 990/3059/3 989/3060/3
f 986/3061/74 985/3062/74 989/3063/74 990/3064/74
f 987/3065/75 986/3061/75 990/3064/75 991/3066/75
f 988/3043/73 987/3067/73 991/3068/73 992/3044/73
f 993/3069/84 994/3070/84 996/3071/84 995/3072/84
f 995/3073/66 996/3074/66 1000/3075/66 999/3076/66
f 999/3077/67 1000/3078/67 998/3079/67 997/3080/67
f 998/3081/68 994/3082/68 1002/3083/68 1003/3084/68
f 995/3085/69 999/3086/69 997/3087/69 993/3088/69
f 1000/3089/70 996/3090/70 994/3091/70 998/3092/70
f 1001/3093/70 1004/3094/70 1008/3095/70 1005/3096/70
f 997/127/85 998/29/85 1003/3097/85 1004/3098/85
f 994/3099/86 993/3100/86 1001/3101/86 1002/3102/86
f 993/695/68 997/3103/68 1004/3104/68 1001/3105/68
f 1008/3106/68 1007/3107/68 1006/3108/68 1005/3109/68
f 1002/3102/67 1001/3101/67 1005/3110/67 1006/3111/67
f 1003/3112/69 1002/3113/69 1006/3114/69 1007/3115/69
f 1004/3116/65 1003/3117/65 1007/3118/65 1008/3119/65
f 1009/3120/73 1010/3121/73 1012/3122/73 1011/3123/73
f 1011/3124/1 1012/3125/1 1016/3126/1 1015/3127/1
f 1015/3128/74 1016/3129/74 1014/3130/74 1013/3131/74
f 1014/3132/3 1010/3133/3 1018/3134/3 1019/3135/3
f 1011/3136/75 1015/3128/75 1013/3131/75 1009/3137/75
f 1016/3138/76 1012/3122/76 1010/3121/76 1014/3139/76
f 1017/3140/76 1020/3141/76 1024/3142/76 1021/3143/76
f 1013/3144/87 1014/176/87 1019/3145/87 1020/3146/87
f 1010/769/88 1009/3147/88 1017/3148/88 1018/3149/88
f 1009/3150/3 1013/3151/3 1020/3152/3 1017/3153/3
f 1024/3154/3 1023/3155/3 1022/3156/3 1021/3157/3
f 1018/3158/74 1017/3159/74 1021/3160/74 1022/3161/74
f 1019/3162/75 1018/3158/75 1022/3161/75 1023/3163/75
f 1020/3141/73 1019/3164/73 1023/3165/73 1024/3142/73
f 1025/3166/65 1026/3167/65 1028/3168/65 1027/3169/65
f 1027/3170/66 1028/3171/66 1032/3172/66 1031/3173/66
f 1031/3174/67 1032/3175/67 1030/3176/67 1029/3177/67
f 1030/3178/68 1026/3179/68 1034/3180/68 1035/3181/68
f 1027/3182/69 1031/3183/69 1029/3184/69 1025/3185/69
f 1032/3186/89 1028/3187/89 1026/3188/89 1030/3189/89
f 1033/3190/70 1036/3191/70 1040/3192/70 1037/3193/70
f 1029/3194/90 1030/2385/90 1035/3195/90 1036/3196/90
f 1026/3167/91 1025/3166/91 1033/3197/91 1034/3198/91
f 1025/3199/68 1029/3200/68 1036/3201/68 1033/3202/68
f 1040/3203/68 1039/3204/68 1038/3205/68 1037/3206/68
f 1034/3207/67 1033/3208/67 1037/3209/67 1038/3210/67
f 1035/3211/69 1034/3212/69 1038/3213/69 1039/3214/69
f 1036/3215/65 1035/3216/65 1039/3217/65 1040/3218/65
f 1041/3219/73 1042/3220/73 1044/3221/73 1043/3222/73
f 1043/3223/1 1044/3224/1 1048/3225/1 1047/3226/1
f 1047/3227/74 1048/3228/74 1046/3229/74 1045/3230/74
f 1046/3231/3 1042/3232/3 1050/3233/3 1051/3234/3
f 1043/3235/75 1047/3227/75 1045/3230/75 1041/3236/75
f 1048/3237/76 1044/3221/76 1042/3220/76 1046/3238/76
f 1049/3239/76 1052/3240/76 1056/3241/76 1053/3242/76
f 1045/3230/92 1046/3229/92 1051/3243/92 1052/3244/92
f 1042/3245/72 1041/3246/72 1049/3247/72 1050/3248/72
f 1041/3249/3 1045/3250/3 1052/3251/3 1049/3252/3
f 1056/3253/3 1055/3254/3 1054/3255/3 1053/3256/3
f 1050/3257/74 1049/3258/74 1053/3259/74 1054/3260/74
f 1051/3261/75 1050/3257/75 1054/3260/75 1055/3262/75
f 1052/3240/73 1051/3263/73 1055/3264/73 1056/3241/73
f 1057/3265/65 1058/3266/65 1060/3267/65 1059/3268/65
f 1059/3269/66 1060/3270/66 1064/3271/66 1063/3272/66
f 1063/3273/67 1064/3274/67 1062/3275/67 1061/3276/67
f 1062/3277/68 1058/3278/68 1066/3279/68 1067/3280/68
f 1059/3281/69 1063/3282/69 1061/3283/69 1057/3284/69
f 1064/3285/70 1060/3286/70 1058/3287/70 1062/3288/70
f 1065/3289/70 1068/3290/70 1072/3291/70 1069/3292/70
f 1061/3293/93 1062/3294/93 1067/3295/93 1068/3296/93
f 1058/3278/94 1057/3297/94 1065/3298/94 1066/3279/94
f 1057/3297/68 1061/3299/68 1068/3300/68 1065/3298/68
f 1072/3301/68 1071/3302/68 1070/3303/68 1069/3304/68
f 1066/3305/67 1065/3306/67 1069/3307/67 1070/3308/67
f 1067/3309/69 1066/3310/69 1070/3311/69 1071/3312/69
f 1068/3296/65 1067/3295/65 1071/3313/65 1072/3314/65
f 1073/3315/73 1074/3316/73 1076/3317/73 1075/3318/73
f 1075/3319/1 1076/3320/1 1080/3321/1 1079/3322/1
f 1079/3323/74 1080/3324/74 1078/3325/74 1077/3326/74
f 1078/3327/3 1074/3328/3 1082/3329/3 1083/3330/3
f 1075/3331/75 1079/3323/75 1077/3326/75 1073/3332/75
f 1080/3333/76 1076/3317/76 1074/3316/76 1078/3334/76
f 1081/3335/76 1084/3336/76 1088/3337/76 1085/3338/76
f 1077/3339/6 1078/3327/6 1083/3330/6 1084/3340/6
f 1074/3328/95 1073/3341/95 1081/3342/95 1082/3329/95
f 1073/3341/3 1077/3339/3 1084/3340/3 1081/3342/3
f 1088/3343/3 1087/3344/3 1086/3345/3 1085/3346/3
f 1082/3347/74 1081/3348/74 1085/3349/74 1086/3350/74
f 1083/3351/75 1082/3347/75 1086/3350/75 1087/3352/75
f 1084/3336/73 1083/3353/73 1087/3354/73 1088/3337/73
f 1089/3355/96 1090/3356/96 1092/3357/96 1091/3358/96
f 1091/3359/97 1092/3360/97 1096/3361/97 1095/3362/97
f 1095/3363/98 1096/3364/98 1094/3365/98 1093/3366/98
f 1094/3367/99 1090/3368/99 1098/3369/99 1099/3370/99
f 1091/3371/100 1095/3372/100 1093/3373/100 1089/3374/100
f 1096/3375/101 1092/3376/101 1090/3377/101 1094/3378/101
f 1097/3379/101 1100/3380/101 1104/3381/101 1101/3382/101
f 1093/3383/102 1094/3367/102 1099/3370/102 1100/3384/102
f 1090/3368/103 1089/2157/103 1097/3385/103 1098/3369/103
f 1089/2157/104 1093/3383/104 1100/3384/104 1097/3385/104
f 1104/3386/104 1103/3387/104 1102/3388/104 1101/3389/104
f 1098/3390/98 1097/3391/98 1101/3392/98 1102/3393/98
f 1099/3394/100 1098/3395/100 1102/3396/100 1103/3397/100
f 1100/3398/96 1099/3399/96 1103/3400/96 1104/3401/96
f 1105/3402/105 1106/3363/105 1108/3403/105 1107/3404/105
f 1107/3405/4 1108/3406/4 1112/3407/4 1111/3408/4
f 1111/3409/106 1112/3410/106 1110/3411/106 1109/3412/106
f 1110/3413/2 1106/3414/2 1114/3415/2 1115/3416/2
f 1107/3417/107 1111/3418/107 1109/3419/107 1105/3420/107
f 1112/3421/108 1108/3422/108 1106/3423/108 1110/3424/108
f 1113/3425/108 1116/3426/108 1120/3427/108 1117/3428/108
f 1109/3429/6 1110/3413/6 1115/3416/6 1116/3430/6
f 1106/3414/2 1105/3431/2 1113/3432/2 1114/3415/2
f 1105/3431/2 1109/3429/2 1116/3430/2 1113/3432/2
f 1120/3433/2 1119/3434/2 1118/3435/2 1117/3436/2
f 1114/3437/106 1113/3438/106 1117/3439/106 1118/3440/106
f 1115/3441/107 1114/3442/107 1118/3443/107 1119/3444/107
f 1116/3445/105 1115/3446/105 1119/3447/105 1120/3448/105
f 1121/3449/96 1122/3450/96 1124/3451/96 1123/3452/96
f 1123/3453/97 1124/3454/97 1128/3455/97 1127/3456/97
f 1127/3457/98 1128/3458/98 1126/3459/98 1125/3460/98
f 1126/3461/104 1122/3462/104 1130/3463/104 1131/3464/104
f 1123/3465/100 1127/3466/100 1125/3467/100 1121/3468/100
f 1128/3469/101 1124/3470/101 1122/3471/101 1126/3472/101
f 1129/3473/101 1132/3474/101 1136/3475/101 1133/3476/101
f 1125/3477/109 1126/3478/109 1131/3479/109 1132/3480/109
f 1122/3481/110 1121/3482/110 1129/3483/110 1130/3484/110
f 1121/3485/104 1125/3486/104 1132/3487/104 1129/3488/104
f 1136/3489/104 1135/3490/104 1134/3491/104 1133/3492/104
f 1130/3484/98 1129/3483/98 1133/3493/98 1134/3494/98
f 1131/3495/100 1130/3496/100 1134/3497/100 1135/3498/100
f 1132/3480/96 1131/3479/96 1135/3499/96 1136/3500/96
f 1137/3501/105 1138/3502/105 1140/3503/105 1139/3504/105
f 1139/3505/4 1140/3506/4 1144/3507/4 1143/3508/4
f 1143/3509/106 1144/3510/106 1142/3511/106 1141/3512/106
f 1142/3513/2 1138/3514/2 1146/3515/2 1147/3516/2
f 1139/3517/107 1143/3518/107 1141/3519/107 1137/3520/107
f 1144/3521/108 1140/3522/108 1138/3523/108 1142/3524/108
f 1145/3525/108 1148/3526/108 1152/3527/108 1149/3528/108
f 1141/3529/4 1142/3530/4 1147/3531/4 1148/3532/4
f 1138/3514/2 1137/3533/2 1145/3534/2 1146/3515/2
f 1137/3533/2 1141/3535/2 1148/3536/2 1145/3534/2
f 1152/3537/2 1151/3538/2 1150/3539/2 1149/3540/2
f 1146/3541/106 1145/3542/106 1149/3543/106 1150/3544/106
f 1147/3545/107 1146/3546/107 1150/3547/107 1151/3548/107
f 1148/3549/105 1147/3550/105 1151/3551/105 1152/3552/105
f 1153/3553/96 1154/3554/96 1156/3555/96 1155/3556/96
f 1155/3557/97 1156/3558/97 1160/3559/97 1159/3560/97
f 1159/3561/98 1160/3562/98 1158/3563/98 1157/3564/98
f 1158/3565/99 1154/3566/99 1162/3567/99 1163/3568/99
f 1155/3569/100 1159/3570/100 1157/3571/100 1153/3572/100
f 1160/3573/101 1156/3574/101 1154/3575/101 1158/3576/101
f 1161/3577/101 1164/3578/101 1168/3579/101 1165/3580/101
f 1157/3581/111 1158/3565/111 1163/3568/111 1164/3582/111
f 1154/3583/112 1153/3584/112 1161/3585/112 1162/3586/112
f 1153/3587/99 1157/3581/99 1164/3582/99 1161/3588/99
f 1168/3589/104 1167/2933/104 1166/3590/104 1165/3591/104
f 1162/3592/98 1161/3593/98 1165/3594/98 1166/3595/98
f 1163/3596/100 1162/3597/100 1166/3598/100 1167/3599/100
f 1164/3600/96 1163/3601/96 1167/3602/96 1168/3603/96
f 1169/3604/105 1170/3605/105 1172/3606/105 1171/3607/105
f 1171/3608/4 1172/3609/4 1176/3610/4 1175/3611/4
f 1175/3612/106 1176/3613/106 1174/3614/106 1173/3615/106
f 1174/3616/2 1170/3617/2 1178/3618/2 1179/3619/2
f 1171/3620/107 1175/3621/107 1173/3622/107 1169/3623/107
f 1176/3624/108 1172/3625/108 1170/3626/108 1174/3627/108
f 1177/3628/108 1180/3629/108 1184/3630/108 1181/3631/108
f 1173/3615/113 1174/3614/113 1179/3632/113 1180/3633/113
f 1170/3634/114 1169/3635/114 1177/3636/114 1178/3637/114
f 1169/3638/2 1173/3639/2 1180/3640/2 1177/3641/2
f 1184/3642/2 1183/3643/2 1182/3644/2 1181/3645/2
f 1178/3637/106 1177/3636/106 1181/3646/106 1182/3647/106
f 1179/3648/107 1178/3649/107 1182/3650/107 1183/3651/107
f 1180/3652/105 1179/3653/105 1183/3654/105 1184/3655/105
f 1185/3656/96 1186/3657/96 1188/3658/96 1187/3659/96
f 1187/3660/97 1188/3661/97 1192/3662/97 1191/3663/97
f 1191/3664/98 1192/3665/98 1190/3666/98 1189/3667/98
f 1190/2157/104 1186/3668/104 1194/3669/104 1195/3670/104
f 1187/3671/100 1191/3672/100 1189/3673/100 1185/3674/100
f 1192/3675/101 1188/3676/101 1186/3677/101 1190/3678/101
f 1193/3679/115 1196/3680/115 1200/3681/115 1197/3682/115
f 1189/3683/116 1190/1768/116 1195/3684/116 1196/3685/116
f 1186/3668/117 1185/2471/117 1193/3686/117 1194/3669/117
f 1185/2471/104 1189/3687/104 1196/3688/104 1193/3686/104
f 1200/3689/104 1199/3690/104 1198/3691/104 1197/3692/104
f 1194/3693/98 1193/3694/98 1197/3695/98 1198/3696/98
f 1195/3697/118 1194/3698/118 1198/3699/118 1199/3700/118
f 1196/3701/96 1195/3702/96 1199/3703/96 1200/3704/96
f 1201/3705/105 1202/3706/105 1204/3707/105 1203/3708/105
f 1203/3709/4 1204/3710/4 1208/522/4 1207/3711/4
f 1207/3712/106 1208/3713/106 1206/3714/106 1205/3715/106
f 1206/3716/2 1202/3717/2 1210/3718/2 1211/3719/2
f 1203/3720/107 1207/3721/107 1205/3722/107 1201/3723/107
f 1208/3724/108 1204/3725/108 1202/3726/108 1206/3727/108
f 1209/3728/108 1212/3729/108 1216/3730/108 1213/3731/108
f 1205/3732/119 1206/3716/119 1211/3719/119 1212/3733/119
f 1202/3001/120 1201/2386/120 1209/3734/120 1210/3735/120
f 1201/3339/2 1205/3732/2 1212/3733/2 1209/3736/2
f 1216/3737/2 1215/3738/2 1214/3739/2 1213/3740/2
f 1210/3741/106 1209/3742/106 1213/3743/106 1214/3744/106
f 1211/3745/107 1210/3746/107 1214/3747/107 1215/3748/107
f 1212/3749/105 1211/3750/105 1215/3751/105 1216/3752/105
f 1217/3753/96 1218/827/96 1220/3754/96 1219/3755/96
f 1219/3756/97 1220/3757/97 1224/3758/97 1223/3759/97
f 1223/3760/98 1224/3761/98 1222/3762/98 1221/3763/98
f 1222/3764/99 1218/3765/99 1226/3766/99 1227/3767/99
f 1219/3768/100 1223/3769/100 1221/3770/100 1217/3771/100
f 1224/3772/101 1220/3773/101 1218/3774/101 1222/3775/101
f 1225/3776/101 1228/3777/101 1232/3778/101 1229/3779/101
f 1221/3583/121 1222/3245/121 1227/3780/121 1228/3781/121
f 1218/3584/2 1217/127/2 1225/3782/2 1226/3783/2
f 1217/3784/104 1221/3785/104 1228/3786/104 1225/3787/104
f 1232/3788/104 1231/3789/104 1230/3790/104 1229/3791/104
f 1226/3792/98 1225/3793/98 1229/3794/98 1230/3795/98
f 1227/3796/100 1226/3797/100 1230/3798/100 1231/3799/100
f 1228/3800/96 1227/3801/96 1231/3802/96 1232/3803/96
f 1233/3804/105 1234/3805/105 1236/3806/105 1235/3807/105
f 1235/3808/4 1236/3809/4 1240/3810/4 1239/3811/4
f 1239/3812/106 1240/3813/106 1238/2368/106 1237/3814/106
f 1238/3815/2 1234/3816/2 1242/3817/2 1243/3818/2
f 1235/3819/107 1239/3820/107 1237/3821/107 1233/3822/107
f 1240/3823/108 1236/3824/108 1234/3825/108 1238/3826/108
f 1241/3827/108 1244/3828/108 1248/3829/108 1245/3830/108
f 1237/3831/122 1238/3832/122 1243/3833/122 1244/3834/122
f 1234/3835/123 1233/3529/123 1241/3836/123 1242/3837/123
f 1233/3838/2 1237/3839/2 1244/3840/2 1241/3841/2
f 1248/3842/2 1247/3843/2 1246/3844/2 1245/3845/2
f 1242/3846/106 1241/3847/106 1245/3848/106 1246/3849/106
f 1243/3850/107 1242/3851/107 1246/3852/107 1247/3853/107
f 1244/3834/105 1243/3833/105 1247/3854/105 1248/3855/105
f 1249/3856/96 1250/3857/96 1252/3858/96 1251/3859/96
f 1251/3860/97 1252/3861/97 1256/3862/97 1255/3863/97
f 1255/3864/98 1256/3865/98 1254/3866/98 1253/3867/98
f 1254/3868/99 1250/3869/99 1258/3870/99 1259/3871/99
f 1251/3872/100 1255/3873/100 1253/3874/100 1249/3875/100
f 1256/3876/101 1252/3877/101 1250/3878/101 1254/3879/101
f 1257/3880/101 1260/3881/101 1264/3882/101 1261/3883/101
f 1253/3884/124 1254/3885/124 1259/3886/124 1260/3887/124
f 1250/3857/125 1249/3856/125 1257/3888/125 1258/3889/125
f 1249/3890/104 1253/3891/104 1260/3892/104 1257/3893/104
f 1264/3894/104 1263/3895/104 1262/3896/104 1261/3897/104
f 1258/3898/98 1257/3899/98 1261/3900/98 1262/3901/98
f 1259/3902/100 1258/3903/100 1262/3904/100 1263/3905/100
f 1260/3887/96 1259/3886/96 1263/3906/96 1264/3907/96
f 1265/3908/105 1266/3909/105 1268/3910/105 1267/3911/105
f 1267/3912/4 1268/3913/4 1272/3914/4 1271/3915/4
f 1271/3916/106 1272/3917/106 1270/3918/106 1269/3919/106
f 1270/3920/2 1266/3921/2 1274/3922/2 1275/3923/2
f 1267/3924/107 1271/3925/107 1269/3926/107 1265/3927/107
f 1272/3928/108 1268/3929/108 1266/3930/108 1270/3931/108
f 1273/3932/108 1276/3933/108 1280/3934/108 1277/3935/108
f 1269/3936/126 1270/3937/126 1275/3938/126 1276/3939/126
f 1266/3940/1 1265/3941/1 1273/3942/1 1274/3943/1
f 1265/3944/2 1269/3945/2 1276/3946/2 1273/3947/2
f 1280/3948/2 1279/3949/2 1278/3950/2 1277/3951/2
f 1274/3943/106 1273/3942/106 1277/3952/106 1278/3953/106
f 1275/3954/107 1274/3955/107 1278/3956/107 1279/3957/107
f 1276/3939/105 1275/3938/105 1279/3958/105 1280/3959/105
