# Blender 4.3.1
# www.blender.org
mtllib wall2.mtl
o Cube.003
v 13.243043 -7.938896 -0.044745
v 13.243043 7.938896 -0.044745
v 13.243043 -7.938896 0.044741
v 13.243043 7.938896 0.044741
v 12.690256 -7.938896 -0.044745
v 12.690256 7.938896 -0.044745
v 12.690256 -7.938896 0.044741
v 12.690256 7.938896 0.044741
v 12.966650 -7.938896 -0.034847
v 12.966650 7.938896 -0.034847
v 12.966650 -7.938896 -0.124333
v 12.966650 7.938896 -0.124333
v 12.828453 7.938896 -0.023164
v 12.828453 -7.938896 -0.112650
v 12.828453 -7.938896 -0.023164
v 12.828453 7.938896 -0.112650
v 13.104847 -7.938896 -0.023164
v 13.104847 7.938896 -0.112650
v 13.104847 7.938896 -0.023164
v 13.104847 -7.938896 -0.112650
v 12.759355 7.938896 0.001358
v 12.759355 -7.938896 -0.088128
v 12.759355 -7.938896 0.001358
v 12.759355 7.938896 -0.088128
v 13.173945 -7.938896 0.001357
v 13.173945 7.938896 -0.088129
v 13.173945 7.938896 0.001357
v 13.173945 -7.938896 -0.088129
v 12.897552 -7.938896 -0.031225
v 12.897552 7.938896 -0.120711
v 12.897552 7.938896 -0.031225
v 12.897552 -7.938896 -0.120711
v 13.035748 7.938896 -0.031225
v 13.035748 -7.938896 -0.120711
v 13.035748 -7.938896 -0.031225
v 13.035748 7.938896 -0.120711
v 13.243043 -7.938896 0.044741
v 13.243043 7.938896 0.044741
v 13.243043 -7.938896 -0.044745
v 13.243043 7.938896 -0.044745
v 13.795830 -7.938896 0.044741
v 13.795830 7.938896 0.044741
v 13.795830 -7.938896 -0.044745
v 13.795830 7.938896 -0.044745
v 13.519437 -7.938896 0.034843
v 13.519437 7.938896 0.034843
v 13.519437 -7.938896 0.124329
v 13.519437 7.938896 0.124329
v 13.657634 7.938896 0.023160
v 13.657634 -7.938896 0.112646
v 13.657634 -7.938896 0.023160
v 13.657634 7.938896 0.112646
v 13.381240 -7.938896 0.023160
v 13.381240 7.938896 0.112646
v 13.381240 7.938896 0.023160
v 13.381240 -7.938896 0.112646
v 13.726732 7.938896 -0.001362
v 13.726732 -7.938896 0.088124
v 13.726732 -7.938896 -0.001362
v 13.726732 7.938896 0.088124
v 13.312141 -7.938896 -0.001362
v 13.312141 7.938896 0.088124
v 13.312141 7.938896 -0.001362
v 13.312141 -7.938896 0.088124
v 13.588535 -7.938896 0.031221
v 13.588535 7.938896 0.120707
v 13.588535 7.938896 0.031221
v 13.588535 -7.938896 0.120707
v 13.450338 7.938896 0.031221
v 13.450338 -7.938896 0.120707
v 13.450338 -7.938896 0.031221
v 13.450338 7.938896 0.120707
v 12.137469 -7.938896 -0.044745
v 12.137469 7.938896 -0.044745
v 12.137469 -7.938896 0.044741
v 12.137469 7.938896 0.044741
v 11.584682 -7.938896 -0.044745
v 11.584682 7.938896 -0.044745
v 11.584682 -7.938896 0.044741
v 11.584682 7.938896 0.044741
v 11.861075 -7.938896 -0.034847
v 11.861075 7.938896 -0.034847
v 11.861075 -7.938896 -0.124332
v 11.861075 7.938896 -0.124332
v 11.722878 7.938896 -0.023164
v 11.722878 -7.938896 -0.112650
v 11.722878 -7.938896 -0.023164
v 11.722878 7.938896 -0.112650
v 11.999272 -7.938896 -0.023164
v 11.999272 7.938896 -0.112650
v 11.999272 7.938896 -0.023164
v 11.999272 -7.938896 -0.112650
v 11.653780 7.938896 0.001358
v 11.653780 -7.938896 -0.088128
v 11.653780 -7.938896 0.001358
v 11.653780 7.938896 -0.088128
v 12.068371 -7.938896 0.001358
v 12.068371 7.938896 -0.088128
v 12.068371 7.938896 0.001358
v 12.068371 -7.938896 -0.088128
v 11.791977 -7.938896 -0.031225
v 11.791977 7.938896 -0.120711
v 11.791977 7.938896 -0.031225
v 11.791977 -7.938896 -0.120711
v 11.930174 7.938896 -0.031225
v 11.930174 -7.938896 -0.120711
v 11.930174 -7.938896 -0.031225
v 11.930174 7.938896 -0.120711
v 12.137468 -7.938896 0.044741
v 12.137468 7.938896 0.044741
v 12.137469 -7.938896 -0.044745
v 12.137469 7.938896 -0.044745
v 12.413862 -7.938896 0.034843
v 12.413862 7.938896 0.034843
v 12.413862 -7.938896 0.124329
v 12.413862 7.938896 0.124329
v 12.552059 7.938896 0.023160
v 12.552059 -7.938896 0.112646
v 12.552059 -7.938896 0.023160
v 12.552059 7.938896 0.112646
v 12.275665 -7.938896 0.023160
v 12.275665 7.938896 0.112646
v 12.275665 7.938896 0.023160
v 12.275665 -7.938896 0.112646
v 12.621158 7.938896 -0.001361
v 12.621158 -7.938896 0.088125
v 12.621158 -7.938896 -0.001361
v 12.621158 7.938896 0.088125
v 12.206568 -7.938896 -0.001361
v 12.206567 7.938896 0.088125
v 12.206568 7.938896 -0.001361
v 12.206567 -7.938896 0.088125
v 12.482961 -7.938896 0.031221
v 12.482961 7.938896 0.120707
v 12.482961 7.938896 0.031221
v 12.482961 -7.938896 0.120707
v 12.344764 7.938896 0.031221
v 12.344764 -7.938896 0.120707
v 12.344764 -7.938896 0.031221
v 12.344764 7.938896 0.120707
v 11.031895 -7.938896 -0.044745
v 11.031895 7.938896 -0.044745
v 11.031895 -7.938896 0.044741
v 11.031895 7.938896 0.044741
v 10.479108 -7.938896 -0.044745
v 10.479108 7.938896 -0.044745
v 10.479108 -7.938896 0.044741
v 10.479108 7.938896 0.044741
v 10.755502 -7.938896 -0.034846
v 10.755502 7.938896 -0.034846
v 10.755502 -7.938896 -0.124332
v 10.755502 7.938896 -0.124332
v 10.617305 7.938896 -0.023164
v 10.617305 -7.938896 -0.112650
v 10.617305 -7.938896 -0.023164
v 10.617305 7.938896 -0.112650
v 10.893699 -7.938896 -0.023164
v 10.893699 7.938896 -0.112650
v 10.893699 7.938896 -0.023164
v 10.893699 -7.938896 -0.112650
v 10.548206 7.938896 0.001358
v 10.548206 -7.938896 -0.088128
v 10.548206 -7.938896 0.001358
v 10.548206 7.938896 -0.088128
v 10.962797 -7.938896 0.001358
v 10.962797 7.938896 -0.088128
v 10.962797 7.938896 0.001358
v 10.962797 -7.938896 -0.088128
v 10.686403 -7.938896 -0.031225
v 10.686403 7.938896 -0.120711
v 10.686403 7.938896 -0.031225
v 10.686403 -7.938896 -0.120711
v 10.824600 7.938896 -0.031225
v 10.824600 -7.938896 -0.120711
v 10.824600 -7.938896 -0.031225
v 10.824600 7.938896 -0.120711
v 11.031895 -7.938896 0.044741
v 11.031895 7.938896 0.044741
v 11.031895 -7.938896 -0.044745
v 11.031895 7.938896 -0.044745
v 11.308289 -7.938896 0.034843
v 11.308289 7.938896 0.034843
v 11.308289 -7.938896 0.124329
v 11.308289 7.938896 0.124329
v 11.446486 7.938896 0.023161
v 11.446486 -7.938896 0.112647
v 11.446486 -7.938896 0.023161
v 11.446486 7.938896 0.112647
v 11.170092 -7.938896 0.023161
v 11.170092 7.938896 0.112647
v 11.170092 7.938896 0.023161
v 11.170092 -7.938896 0.112647
v 11.515583 7.938896 -0.001361
v 11.515583 -7.938896 0.088125
v 11.515583 -7.938896 -0.001361
v 11.515583 7.938896 0.088125
v 11.100993 -7.938896 -0.001361
v 11.100993 7.938896 0.088125
v 11.100993 7.938896 -0.001361
v 11.100993 -7.938896 0.088125
v 11.377387 -7.938896 0.031221
v 11.377387 7.938896 0.120707
v 11.377387 7.938896 0.031221
v 11.377387 -7.938896 0.120707
v 11.239190 7.938896 0.031221
v 11.239190 -7.938896 0.120707
v 11.239190 -7.938896 0.031221
v 11.239190 7.938896 0.120707
v 9.926321 -7.938896 -0.044745
v 9.926321 7.938896 -0.044745
v 9.926321 -7.938896 0.044741
v 9.926321 7.938896 0.044741
v 9.373533 -7.938896 -0.044744
v 9.373533 7.938896 -0.044744
v 9.373533 -7.938896 0.044742
v 9.373533 7.938896 0.044742
v 9.649927 -7.938896 -0.034846
v 9.649927 7.938896 -0.034846
v 9.649927 -7.938896 -0.124332
v 9.649927 7.938896 -0.124332
v 9.511730 7.938896 -0.023164
v 9.511730 -7.938896 -0.112650
v 9.511730 -7.938896 -0.023164
v 9.511730 7.938896 -0.112650
v 9.788124 -7.938896 -0.023164
v 9.788124 7.938896 -0.112650
v 9.788124 7.938896 -0.023164
v 9.788124 -7.938896 -0.112650
v 9.442633 7.938896 0.001358
v 9.442633 -7.938896 -0.088128
v 9.442633 -7.938896 0.001358
v 9.442633 7.938896 -0.088128
v 9.857223 -7.938896 0.001358
v 9.857223 7.938896 -0.088128
v 9.857223 7.938896 0.001358
v 9.857223 -7.938896 -0.088128
v 9.580829 -7.938896 -0.031224
v 9.580829 7.938896 -0.120710
v 9.580829 7.938896 -0.031224
v 9.580829 -7.938896 -0.120710
v 9.719026 7.938896 -0.031224
v 9.719026 -7.938896 -0.120710
v 9.719026 -7.938896 -0.031224
v 9.719026 7.938896 -0.120710
v 9.926321 -7.938896 0.044741
v 9.926321 7.938896 0.044741
v 9.926321 -7.938896 -0.044745
v 9.926321 7.938896 -0.044745
v 10.202714 -7.938896 0.034843
v 10.202714 7.938896 0.034843
v 10.202714 -7.938896 0.124329
v 10.202714 7.938896 0.124329
v 10.340911 7.938896 0.023161
v 10.340911 -7.938896 0.112647
v 10.340911 -7.938896 0.023161
v 10.340911 7.938896 0.112647
v 10.064518 -7.938896 0.023161
v 10.064517 7.938896 0.112647
v 10.064518 7.938896 0.023161
v 10.064517 -7.938896 0.112647
v 10.410009 7.938896 -0.001361
v 10.410009 -7.938896 0.088125
v 10.410009 -7.938896 -0.001361
v 10.410009 7.938896 0.088125
v 9.995419 -7.938896 -0.001361
v 9.995419 7.938896 0.088125
v 9.995419 7.938896 -0.001361
v 9.995419 -7.938896 0.088125
v 10.271812 -7.938896 0.031221
v 10.271812 7.938896 0.120707
v 10.271812 7.938896 0.031221
v 10.271812 -7.938896 0.120707
v 10.133615 7.938896 0.031221
v 10.133615 -7.938896 0.120707
v 10.133615 -7.938896 0.031221
v 10.133615 7.938896 0.120707
v 8.820747 -7.938896 -0.044744
v 8.820747 7.938896 -0.044744
v 8.820747 -7.938896 0.044742
v 8.820747 7.938896 0.044742
v 8.267960 -7.938896 -0.044744
v 8.267960 7.938896 -0.044744
v 8.267960 -7.938896 0.044742
v 8.267960 7.938896 0.044742
v 8.544353 -7.938896 -0.034846
v 8.544353 7.938896 -0.034846
v 8.544353 -7.938896 -0.124332
v 8.544353 7.938896 -0.124332
v 8.406157 7.938896 -0.023164
v 8.406157 -7.938896 -0.112650
v 8.406157 -7.938896 -0.023164
v 8.406157 7.938896 -0.112650
v 8.682550 -7.938896 -0.023164
v 8.682550 7.938896 -0.112650
v 8.682550 7.938896 -0.023164
v 8.682550 -7.938896 -0.112650
v 8.337058 7.938896 0.001358
v 8.337058 -7.938896 -0.088128
v 8.337058 -7.938896 0.001358
v 8.337058 7.938896 -0.088128
v 8.751648 -7.938896 0.001358
v 8.751648 7.938896 -0.088128
v 8.751648 7.938896 0.001358
v 8.751648 -7.938896 -0.088128
v 8.475255 -7.938896 -0.031224
v 8.475255 7.938896 -0.120710
v 8.475255 7.938896 -0.031224
v 8.475255 -7.938896 -0.120710
v 8.613451 7.938896 -0.031224
v 8.613451 -7.938896 -0.120710
v 8.613451 -7.938896 -0.031224
v 8.613451 7.938896 -0.120710
v 8.820746 -7.938896 0.044742
v 8.820746 7.938896 0.044742
v 8.820746 -7.938896 -0.044744
v 8.820746 7.938896 -0.044744
v 9.097140 -7.938896 0.034843
v 9.097140 7.938896 0.034843
v 9.097139 -7.938896 0.124329
v 9.097139 7.938896 0.124329
v 9.235336 7.938896 0.023161
v 9.235336 -7.938896 0.112647
v 9.235336 -7.938896 0.023161
v 9.235336 7.938896 0.112647
v 8.958943 -7.938896 0.023161
v 8.958943 7.938896 0.112647
v 8.958943 7.938896 0.023161
v 8.958943 -7.938896 0.112647
v 9.304436 7.938896 -0.001361
v 9.304436 -7.938896 0.088125
v 9.304436 -7.938896 -0.001361
v 9.304436 7.938896 0.088125
v 8.889845 -7.938896 -0.001361
v 8.889845 7.938896 0.088125
v 8.889845 7.938896 -0.001361
v 8.889845 -7.938896 0.088125
v 9.166239 -7.938896 0.031222
v 9.166239 7.938896 0.120708
v 9.166239 7.938896 0.031222
v 9.166239 -7.938896 0.120708
v 9.028042 7.938896 0.031222
v 9.028042 -7.938896 0.120708
v 9.028042 -7.938896 0.031222
v 9.028042 7.938896 0.120708
v 7.715173 -7.938896 -0.044744
v 7.715173 7.938896 -0.044744
v 7.715173 -7.938896 0.044742
v 7.715173 7.938896 0.044742
v 7.162385 -7.938896 -0.044744
v 7.162385 7.938896 -0.044744
v 7.162385 -7.938896 0.044742
v 7.162385 7.938896 0.044742
v 7.438779 -7.938896 -0.034846
v 7.438779 7.938896 -0.034846
v 7.438779 -7.938896 -0.124332
v 7.438779 7.938896 -0.124332
v 7.300582 7.938896 -0.023163
v 7.300582 -7.938896 -0.112649
v 7.300582 -7.938896 -0.023163
v 7.300582 7.938896 -0.112649
v 7.576976 -7.938896 -0.023163
v 7.576976 7.938896 -0.112649
v 7.576976 7.938896 -0.023163
v 7.576976 -7.938896 -0.112649
v 7.231484 7.938896 0.001358
v 7.231484 -7.938896 -0.088128
v 7.231484 -7.938896 0.001358
v 7.231484 7.938896 -0.088128
v 7.646074 -7.938896 0.001358
v 7.646074 7.938896 -0.088128
v 7.646074 7.938896 0.001358
v 7.646074 -7.938896 -0.088128
v 7.369681 -7.938896 -0.031224
v 7.369681 7.938896 -0.120710
v 7.369681 7.938896 -0.031224
v 7.369681 -7.938896 -0.120710
v 7.507877 7.938896 -0.031224
v 7.507877 -7.938896 -0.120710
v 7.507877 -7.938896 -0.031224
v 7.507877 7.938896 -0.120710
v 7.715172 -7.938896 0.044742
v 7.715172 7.938896 0.044742
v 7.715172 -7.938896 -0.044744
v 7.715172 7.938896 -0.044744
v 7.991566 -7.938896 0.034843
v 7.991566 7.938896 0.034843
v 7.991566 -7.938896 0.124329
v 7.991566 7.938896 0.124329
v 8.129763 7.938896 0.023161
v 8.129763 -7.938896 0.112647
v 8.129763 -7.938896 0.023161
v 8.129763 7.938896 0.112647
v 7.853369 -7.938896 0.023161
v 7.853369 7.938896 0.112647
v 7.853369 7.938896 0.023161
v 7.853369 -7.938896 0.112647
v 8.198861 7.938896 -0.001361
v 8.198861 -7.938896 0.088125
v 8.198861 -7.938896 -0.001361
v 8.198861 7.938896 0.088125
v 7.784271 -7.938896 -0.001361
v 7.784271 7.938896 0.088125
v 7.784271 7.938896 -0.001361
v 7.784271 -7.938896 0.088125
v 8.060664 -7.938896 0.031222
v 8.060664 7.938896 0.120708
v 8.060664 7.938896 0.031222
v 8.060664 -7.938896 0.120708
v 7.922467 7.938896 0.031222
v 7.922467 -7.938896 0.120708
v 7.922467 -7.938896 0.031222
v 7.922467 7.938896 0.120708
v 6.609599 -7.938896 -0.044744
v 6.609599 7.938896 -0.044744
v 6.609599 -7.938896 0.044742
v 6.609599 7.938896 0.044742
v 6.056811 -7.938896 -0.044744
v 6.056811 7.938896 -0.044744
v 6.056811 -7.938896 0.044742
v 6.056811 7.938896 0.044742
v 6.333205 -7.938896 -0.034846
v 6.333205 7.938896 -0.034846
v 6.333205 -7.938896 -0.124332
v 6.333205 7.938896 -0.124332
v 6.195008 7.938896 -0.023163
v 6.195008 -7.938896 -0.112649
v 6.195008 -7.938896 -0.023163
v 6.195008 7.938896 -0.112649
v 6.471402 -7.938896 -0.023163
v 6.471402 7.938896 -0.112649
v 6.471402 7.938896 -0.023163
v 6.471402 -7.938896 -0.112649
v 6.125910 7.938896 0.001359
v 6.125910 -7.938896 -0.088127
v 6.125910 -7.938896 0.001359
v 6.125910 7.938896 -0.088127
v 6.540500 -7.938896 0.001358
v 6.540500 7.938896 -0.088128
v 6.540500 7.938896 0.001358
v 6.540500 -7.938896 -0.088128
v 6.264107 -7.938896 -0.031224
v 6.264107 7.938896 -0.120710
v 6.264107 7.938896 -0.031224
v 6.264107 -7.938896 -0.120710
v 6.402303 7.938896 -0.031224
v 6.402303 -7.938896 -0.120710
v 6.402303 -7.938896 -0.031224
v 6.402303 7.938896 -0.120710
v 6.609598 -7.938896 0.044742
v 6.609598 7.938896 0.044742
v 6.609598 -7.938896 -0.044744
v 6.609598 7.938896 -0.044744
v 6.885992 -7.938896 0.034844
v 6.885992 7.938896 0.034844
v 6.885992 -7.938896 0.124330
v 6.885992 7.938896 0.124330
v 7.024189 7.938896 0.023161
v 7.024189 -7.938896 0.112647
v 7.024189 -7.938896 0.023161
v 7.024189 7.938896 0.112647
v 6.747795 -7.938896 0.023161
v 6.747795 7.938896 0.112647
v 6.747795 7.938896 0.023161
v 6.747795 -7.938896 0.112647
v 7.093287 7.938896 -0.001361
v 7.093287 -7.938896 0.088125
v 7.093287 -7.938896 -0.001361
v 7.093287 7.938896 0.088125
v 6.678697 -7.938896 -0.001361
v 6.678697 7.938896 0.088125
v 6.678697 7.938896 -0.001361
v 6.678697 -7.938896 0.088125
v 6.955090 -7.938896 0.031222
v 6.955090 7.938896 0.120708
v 6.955090 7.938896 0.031222
v 6.955090 -7.938896 0.120708
v 6.816894 7.938896 0.031222
v 6.816894 -7.938896 0.120708
v 6.816894 -7.938896 0.031222
v 6.816894 7.938896 0.120708
v 5.504025 -7.938896 -0.044744
v 5.504025 7.938896 -0.044744
v 5.504025 -7.938896 0.044742
v 5.504025 7.938896 0.044742
v 4.951237 -7.938896 -0.044744
v 4.951237 7.938896 -0.044744
v 4.951237 -7.938896 0.044742
v 4.951237 7.938896 0.044742
v 5.227631 -7.938896 -0.034846
v 5.227631 7.938896 -0.034846
v 5.227631 -7.938896 -0.124331
v 5.227631 7.938896 -0.124331
v 5.089434 7.938896 -0.023163
v 5.089434 -7.938896 -0.112649
v 5.089434 -7.938896 -0.023163
v 5.089434 7.938896 -0.112649
v 5.365828 -7.938896 -0.023163
v 5.365828 7.938896 -0.112649
v 5.365828 7.938896 -0.023163
v 5.365828 -7.938896 -0.112649
v 5.020336 7.938896 0.001359
v 5.020336 -7.938896 -0.088127
v 5.020336 -7.938896 0.001359
v 5.020336 7.938896 -0.088127
v 5.434926 -7.938896 0.001359
v 5.434926 7.938896 -0.088127
v 5.434926 7.938896 0.001359
v 5.434926 -7.938896 -0.088127
v 5.158533 -7.938896 -0.031224
v 5.158533 7.938896 -0.120710
v 5.158533 7.938896 -0.031224
v 5.158533 -7.938896 -0.120710
v 5.296729 7.938896 -0.031224
v 5.296729 -7.938896 -0.120710
v 5.296729 -7.938896 -0.031224
v 5.296729 7.938896 -0.120710
v 5.504024 -7.938896 0.044742
v 5.504024 7.938896 0.044742
v 5.504024 -7.938896 -0.044744
v 5.504024 7.938896 -0.044744
v 5.780417 -7.938896 0.034844
v 5.780417 7.938896 0.034844
v 5.780417 -7.938896 0.124330
v 5.780417 7.938896 0.124330
v 5.918614 7.938896 0.023161
v 5.918614 -7.938896 0.112647
v 5.918614 -7.938896 0.023161
v 5.918614 7.938896 0.112647
v 5.642221 -7.938896 0.023161
v 5.642221 7.938896 0.112647
v 5.642221 7.938896 0.023161
v 5.642221 -7.938896 0.112647
v 5.987713 7.938896 -0.001360
v 5.987713 -7.938896 0.088126
v 5.987713 -7.938896 -0.001360
v 5.987713 7.938896 0.088126
v 5.573123 -7.938896 -0.001360
v 5.573123 7.938896 0.088126
v 5.573123 7.938896 -0.001360
v 5.573123 -7.938896 0.088126
v 5.849516 -7.938896 0.031222
v 5.849516 7.938896 0.120708
v 5.849516 7.938896 0.031222
v 5.849516 -7.938896 0.120708
v 5.711319 7.938896 0.031222
v 5.711319 -7.938896 0.120708
v 5.711319 -7.938896 0.031222
v 5.711319 7.938896 0.120708
v 4.398450 -7.938896 -0.044744
v 4.398450 7.938896 -0.044744
v 4.398450 -7.938896 0.044742
v 4.398450 7.938896 0.044742
v 3.845663 -7.938896 -0.044744
v 3.845663 7.938896 -0.044744
v 3.845663 -7.938896 0.044742
v 3.845663 7.938896 0.044742
v 4.122057 -7.938896 -0.034845
v 4.122057 7.938896 -0.034845
v 4.122057 -7.938896 -0.124331
v 4.122057 7.938896 -0.124331
v 3.983860 7.938896 -0.023163
v 3.983860 -7.938896 -0.112649
v 3.983860 -7.938896 -0.023163
v 3.983860 7.938896 -0.112649
v 4.260254 -7.938896 -0.023163
v 4.260254 7.938896 -0.112649
v 4.260254 7.938896 -0.023163
v 4.260254 -7.938896 -0.112649
v 3.914762 7.938896 0.001359
v 3.914762 -7.938896 -0.088127
v 3.914762 -7.938896 0.001359
v 3.914762 7.938896 -0.088127
v 4.329352 -7.938896 0.001359
v 4.329352 7.938896 -0.088127
v 4.329352 7.938896 0.001359
v 4.329352 -7.938896 -0.088127
v 4.052958 -7.938896 -0.031224
v 4.052958 7.938896 -0.120710
v 4.052958 7.938896 -0.031224
v 4.052958 -7.938896 -0.120710
v 4.191155 7.938896 -0.031224
v 4.191155 -7.938896 -0.120710
v 4.191155 -7.938896 -0.031224
v 4.191155 7.938896 -0.120710
v 4.398450 -7.938896 0.044742
v 4.398450 7.938896 0.044742
v 4.398450 -7.938896 -0.044744
v 4.398450 7.938896 -0.044744
v 4.674844 -7.938896 0.034844
v 4.674844 7.938896 0.034844
v 4.674844 -7.938896 0.124330
v 4.674844 7.938896 0.124330
v 4.813041 7.938896 0.023162
v 4.813041 -7.938896 0.112648
v 4.813041 -7.938896 0.023162
v 4.813041 7.938896 0.112648
v 4.536647 -7.938896 0.023162
v 4.536647 7.938896 0.112648
v 4.536647 7.938896 0.023162
v 4.536647 -7.938896 0.112648
v 4.882139 7.938896 -0.001360
v 4.882139 -7.938896 0.088126
v 4.882139 -7.938896 -0.001360
v 4.882139 7.938896 0.088126
v 4.467548 -7.938896 -0.001360
v 4.467548 7.938896 0.088126
v 4.467548 7.938896 -0.001360
v 4.467548 -7.938896 0.088126
v 4.743942 -7.938896 0.031222
v 4.743942 7.938896 0.120708
v 4.743942 7.938896 0.031222
v 4.743942 -7.938896 0.120708
v 4.605745 7.938896 0.031222
v 4.605745 -7.938896 0.120708
v 4.605745 -7.938896 0.031222
v 4.605745 7.938896 0.120708
v 3.292876 -7.938896 -0.044744
v 3.292876 7.938896 -0.044744
v 3.292876 -7.938896 0.044742
v 3.292876 7.938896 0.044742
v 2.740089 -7.938896 -0.044743
v 2.740089 7.938896 -0.044743
v 2.740089 -7.938896 0.044743
v 2.740089 7.938896 0.044743
v 3.016483 -7.938896 -0.034845
v 3.016483 7.938896 -0.034845
v 3.016483 -7.938896 -0.124331
v 3.016483 7.938896 -0.124331
v 2.878286 7.938896 -0.023163
v 2.878286 -7.938896 -0.112649
v 2.878286 -7.938896 -0.023163
v 2.878286 7.938896 -0.112649
v 3.154680 -7.938896 -0.023163
v 3.154680 7.938896 -0.112649
v 3.154680 7.938896 -0.023163
v 3.154680 -7.938896 -0.112649
v 2.809188 7.938896 0.001359
v 2.809188 -7.938896 -0.088127
v 2.809188 -7.938896 0.001359
v 2.809188 7.938896 -0.088127
v 3.223779 -7.938896 0.001359
v 3.223779 7.938896 -0.088127
v 3.223779 7.938896 0.001359
v 3.223779 -7.938896 -0.088127
v 2.947385 -7.938896 -0.031223
v 2.947385 7.938896 -0.120709
v 2.947385 7.938896 -0.031223
v 2.947385 -7.938896 -0.120709
v 3.085582 7.938896 -0.031223
v 3.085582 -7.938896 -0.120709
v 3.085582 -7.938896 -0.031223
v 3.085582 7.938896 -0.120709
v 3.292876 -7.938896 0.044742
v 3.292876 7.938896 0.044742
v 3.292876 -7.938896 -0.044744
v 3.292876 7.938896 -0.044744
v 3.569270 -7.938896 0.034844
v 3.569270 7.938896 0.034844
v 3.569270 -7.938896 0.124330
v 3.569270 7.938896 0.124330
v 3.707467 7.938896 0.023162
v 3.707467 -7.938896 0.112648
v 3.707467 -7.938896 0.023162
v 3.707467 7.938896 0.112648
v 3.431073 -7.938896 0.023162
v 3.431073 7.938896 0.112648
v 3.431073 7.938896 0.023162
v 3.431073 -7.938896 0.112648
v 3.776566 7.938896 -0.001360
v 3.776566 -7.938896 0.088126
v 3.776566 -7.938896 -0.001360
v 3.776566 7.938896 0.088126
v 3.361975 -7.938896 -0.001360
v 3.361975 7.938896 0.088126
v 3.361975 7.938896 -0.001360
v 3.361975 -7.938896 0.088126
v 3.638369 -7.938896 0.031222
v 3.638369 7.938896 0.120708
v 3.638369 7.938896 0.031222
v 3.638369 -7.938896 0.120708
v 3.500172 7.938896 0.031222
v 3.500172 -7.938896 0.120708
v 3.500172 -7.938896 0.031222
v 3.500172 7.938896 0.120708
v 2.187303 -7.938896 -0.044743
v 2.187303 7.938896 -0.044743
v 2.187303 -7.938896 0.044743
v 2.187303 7.938896 0.044743
v 1.634516 -7.938896 -0.044743
v 1.634516 7.938896 -0.044743
v 1.634516 -7.938896 0.044743
v 1.634516 7.938896 0.044743
v 1.910910 -7.938896 -0.034845
v 1.910910 7.938896 -0.034845
v 1.910910 -7.938896 -0.124331
v 1.910910 7.938896 -0.124331
v 1.772713 7.938896 -0.023163
v 1.772713 -7.938896 -0.112649
v 1.772713 -7.938896 -0.023163
v 1.772713 7.938896 -0.112649
v 2.049107 -7.938896 -0.023163
v 2.049107 7.938896 -0.112649
v 2.049107 7.938896 -0.023163
v 2.049107 -7.938896 -0.112649
v 1.703614 7.938896 0.001359
v 1.703614 -7.938896 -0.088127
v 1.703614 -7.938896 0.001359
v 1.703614 7.938896 -0.088127
v 2.118205 -7.938896 0.001359
v 2.118205 7.938896 -0.088127
v 2.118205 7.938896 0.001359
v 2.118205 -7.938896 -0.088127
v 1.841811 -7.938896 -0.031223
v 1.841811 7.938896 -0.120709
v 1.841811 7.938896 -0.031223
v 1.841811 -7.938896 -0.120709
v 1.980008 7.938896 -0.031223
v 1.980008 -7.938896 -0.120709
v 1.980008 -7.938896 -0.031223
v 1.980008 7.938896 -0.120709
v 2.187303 -7.938896 0.044743
v 2.187303 7.938896 0.044743
v 2.187303 -7.938896 -0.044743
v 2.187303 7.938896 -0.044743
v 2.463696 -7.938896 0.034844
v 2.463696 7.938896 0.034844
v 2.463696 -7.938896 0.124330
v 2.463696 7.938896 0.124330
v 2.601893 7.938896 0.023162
v 2.601893 -7.938896 0.112648
v 2.601893 -7.938896 0.023162
v 2.601893 7.938896 0.112648
v 2.325500 -7.938896 0.023162
v 2.325500 7.938896 0.112648
v 2.325500 7.938896 0.023162
v 2.325500 -7.938896 0.112648
v 2.670992 7.938896 -0.001360
v 2.670992 -7.938896 0.088126
v 2.670992 -7.938896 -0.001360
v 2.670992 7.938896 0.088126
v 2.256401 -7.938896 -0.001360
v 2.256401 7.938896 0.088126
v 2.256401 7.938896 -0.001360
v 2.256401 -7.938896 0.088126
v 2.532795 -7.938896 0.031223
v 2.532795 7.938896 0.120709
v 2.532795 7.938896 0.031223
v 2.532795 -7.938896 0.120709
v 2.394598 7.938896 0.031223
v 2.394598 -7.938896 0.120709
v 2.394598 -7.938896 0.031223
v 2.394598 7.938896 0.120709
v 1.081729 -7.938896 -0.044743
v 1.081729 7.938896 -0.044743
v 1.081729 -7.938896 0.044743
v 1.081729 7.938896 0.044743
v 0.528942 -7.938896 -0.044743
v 0.528942 7.938896 -0.044743
v 0.528942 -7.938896 0.044743
v 0.528942 7.938896 0.044743
v 0.805336 -7.938896 -0.034845
v 0.805336 7.938896 -0.034845
v 0.805336 -7.938896 -0.124331
v 0.805336 7.938896 -0.124331
v 0.667139 7.938896 -0.023162
v 0.667139 -7.938896 -0.112648
v 0.667139 -7.938896 -0.023162
v 0.667139 7.938896 -0.112648
v 0.943533 -7.938896 -0.023162
v 0.943533 7.938896 -0.112648
v 0.943533 7.938896 -0.023162
v 0.943533 -7.938896 -0.112648
v 0.598041 7.938896 0.001359
v 0.598041 -7.938896 -0.088127
v 0.598041 -7.938896 0.001359
v 0.598041 7.938896 -0.088127
v 1.012631 -7.938896 0.001359
v 1.012631 7.938896 -0.088127
v 1.012631 7.938896 0.001359
v 1.012631 -7.938896 -0.088127
v 0.736238 -7.938896 -0.031223
v 0.736238 7.938896 -0.120709
v 0.736238 7.938896 -0.031223
v 0.736238 -7.938896 -0.120709
v 0.874434 7.938896 -0.031223
v 0.874434 -7.938896 -0.120709
v 0.874434 -7.938896 -0.031223
v 0.874434 7.938896 -0.120709
v 1.081729 -7.938896 0.044743
v 1.081729 7.938896 0.044743
v 1.081729 -7.938896 -0.044743
v 1.081729 7.938896 -0.044743
v 1.358123 -7.938896 0.034844
v 1.358123 7.938896 0.034844
v 1.358123 -7.938896 0.124330
v 1.358123 7.938896 0.124330
v 1.496320 7.938896 0.023162
v 1.496320 -7.938896 0.112648
v 1.496320 -7.938896 0.023162
v 1.496320 7.938896 0.112648
v 1.219926 -7.938896 0.023162
v 1.219926 7.938896 0.112648
v 1.219926 7.938896 0.023162
v 1.219926 -7.938896 0.112648
v 1.565418 7.938896 -0.001360
v 1.565418 -7.938896 0.088126
v 1.565418 -7.938896 -0.001360
v 1.565418 7.938896 0.088126
v 1.150827 -7.938896 -0.001360
v 1.150827 7.938896 0.088126
v 1.150827 7.938896 -0.001360
v 1.150827 -7.938896 0.088126
v 1.427221 -7.938896 0.031223
v 1.427221 7.938896 0.120709
v 1.427221 7.938896 0.031223
v 1.427221 -7.938896 0.120709
v 1.289024 7.938896 0.031223
v 1.289024 -7.938896 0.120709
v 1.289024 -7.938896 0.031223
v 1.289024 7.938896 0.120709
v -0.023845 -7.938896 -0.044743
v -0.023845 7.938896 -0.044743
v -0.023845 -7.938896 0.044743
v -0.023845 7.938896 0.044743
v -0.576632 -7.938896 -0.044743
v -0.576632 7.938896 -0.044743
v -0.576632 -7.938896 0.044743
v -0.576632 7.938896 0.044743
v -0.300238 -7.938896 -0.034845
v -0.300238 7.938896 -0.034845
v -0.300238 -7.938896 -0.124331
v -0.300238 7.938896 -0.124331
v -0.438435 7.938896 -0.023162
v -0.438435 -7.938896 -0.112648
v -0.438435 -7.938896 -0.023162
v -0.438435 7.938896 -0.112648
v -0.162041 -7.938896 -0.023162
v -0.162041 7.938896 -0.112648
v -0.162041 7.938896 -0.023162
v -0.162041 -7.938896 -0.112648
v -0.507533 7.938896 0.001360
v -0.507533 -7.938896 -0.088126
v -0.507533 -7.938896 0.001360
v -0.507533 7.938896 -0.088126
v -0.092942 -7.938896 0.001359
v -0.092942 7.938896 -0.088127
v -0.092942 7.938896 0.001359
v -0.092942 -7.938896 -0.088127
v -0.369336 -7.938896 -0.031223
v -0.369336 7.938896 -0.120709
v -0.369336 7.938896 -0.031223
v -0.369336 -7.938896 -0.120709
v -0.231139 7.938896 -0.031223
v -0.231139 -7.938896 -0.120709
v -0.231139 -7.938896 -0.031223
v -0.231139 7.938896 -0.120709
v -0.023845 -7.938896 0.044743
v -0.023845 7.938896 0.044743
v -0.023845 -7.938896 -0.044743
v -0.023845 7.938896 -0.044743
v 0.252549 -7.938896 0.034845
v 0.252549 7.938896 0.034845
v 0.252549 -7.938896 0.124331
v 0.252549 7.938896 0.124331
v 0.390746 7.938896 0.023162
v 0.390746 -7.938896 0.112648
v 0.390746 -7.938896 0.023162
v 0.390746 7.938896 0.112648
v 0.114352 -7.938896 0.023162
v 0.114352 7.938896 0.112648
v 0.114352 7.938896 0.023162
v 0.114352 -7.938896 0.112648
v 0.459845 7.938896 -0.001360
v 0.459845 -7.938896 0.088126
v 0.459845 -7.938896 -0.001360
v 0.459845 7.938896 0.088126
v 0.045254 -7.938896 -0.001359
v 0.045254 7.938896 0.088126
v 0.045254 7.938896 -0.001359
v 0.045254 -7.938896 0.088126
v 0.321648 -7.938896 0.031223
v 0.321648 7.938896 0.120709
v 0.321648 7.938896 0.031223
v 0.321648 -7.938896 0.120709
v 0.183451 7.938896 0.031223
v 0.183451 -7.938896 0.120709
v 0.183451 -7.938896 0.031223
v 0.183451 7.938896 0.120709
v -1.129418 -7.938896 -0.044743
v -1.129418 7.938896 -0.044743
v -1.129418 -7.938896 0.044743
v -1.129418 7.938896 0.044743
v -1.682205 -7.938896 -0.044743
v -1.682205 7.938896 -0.044743
v -1.682205 -7.938896 0.044743
v -1.682205 7.938896 0.044743
v -1.405811 -7.938896 -0.034845
v -1.405811 7.938896 -0.034845
v -1.405811 -7.938896 -0.124330
v -1.405811 7.938896 -0.124330
v -1.544008 7.938896 -0.023162
v -1.544008 -7.938896 -0.112648
v -1.544008 -7.938896 -0.023162
v -1.544008 7.938896 -0.112648
v -1.267614 -7.938896 -0.023162
v -1.267614 7.938896 -0.112648
v -1.267614 7.938896 -0.023162
v -1.267614 -7.938896 -0.112648
v -1.613107 7.938896 0.001360
v -1.613107 -7.938896 -0.088126
v -1.613107 -7.938896 0.001360
v -1.613107 7.938896 -0.088126
v -1.198516 -7.938896 0.001360
v -1.198516 7.938896 -0.088126
v -1.198516 7.938896 0.001360
v -1.198516 -7.938896 -0.088126
v -1.474910 -7.938896 -0.031223
v -1.474910 7.938896 -0.120709
v -1.474910 7.938896 -0.031223
v -1.474910 -7.938896 -0.120709
v -1.336713 7.938896 -0.031223
v -1.336713 -7.938896 -0.120709
v -1.336713 -7.938896 -0.031223
v -1.336713 7.938896 -0.120709
v -1.129418 -7.938896 0.044743
v -1.129418 7.938896 0.044743
v -1.129418 -7.938896 -0.044743
v -1.129418 7.938896 -0.044743
v -0.853024 -7.938896 0.034845
v -0.853024 7.938896 0.034845
v -0.853024 -7.938896 0.124331
v -0.853024 7.938896 0.124331
v -0.714828 7.938896 0.023162
v -0.714828 -7.938896 0.112648
v -0.714828 -7.938896 0.023162
v -0.714828 7.938896 0.112648
v -0.991221 -7.938896 0.023162
v -0.991221 7.938896 0.112648
v -0.991221 7.938896 0.023162
v -0.991221 -7.938896 0.112648
v -0.645729 7.938896 -0.001359
v -0.645729 -7.938896 0.088127
v -0.645729 -7.938896 -0.001359
v -0.645729 7.938896 0.088127
v -1.060320 -7.938896 -0.001359
v -1.060320 7.938896 0.088127
v -1.060320 7.938896 -0.001359
v -1.060320 -7.938896 0.088127
v -0.783926 -7.938896 0.031223
v -0.783926 7.938896 0.120709
v -0.783926 7.938896 0.031223
v -0.783926 -7.938896 0.120709
v -0.922123 7.938896 0.031223
v -0.922123 -7.938896 0.120709
v -0.922123 -7.938896 0.031223
v -0.922123 7.938896 0.120709
v -2.234992 -7.938896 -0.044743
v -2.234992 7.938896 -0.044743
v -2.234992 -7.938896 0.044743
v -2.234992 7.938896 0.044743
v -2.787779 -7.938896 -0.044743
v -2.787779 7.938896 -0.044743
v -2.787779 -7.938896 0.044743
v -2.787779 7.938896 0.044743
v -2.511385 -7.938896 -0.034844
v -2.511385 7.938896 -0.034844
v -2.511385 -7.938896 -0.124330
v -2.511385 7.938896 -0.124330
v -2.649582 7.938896 -0.023162
v -2.649582 -7.938896 -0.112648
v -2.649582 -7.938896 -0.023162
v -2.649582 7.938896 -0.112648
v -2.373188 -7.938896 -0.023162
v -2.373188 7.938896 -0.112648
v -2.373188 7.938896 -0.023162
v -2.373188 -7.938896 -0.112648
v -2.718680 7.938896 0.001360
v -2.718680 -7.938896 -0.088126
v -2.718680 -7.938896 0.001360
v -2.718680 7.938896 -0.088126
v -2.304090 -7.938896 0.001360
v -2.304090 7.938896 -0.088126
v -2.304090 7.938896 0.001360
v -2.304090 -7.938896 -0.088126
v -2.580483 -7.938896 -0.031223
v -2.580483 7.938896 -0.120709
v -2.580483 7.938896 -0.031223
v -2.580483 -7.938896 -0.120709
v -2.442286 7.938896 -0.031223
v -2.442286 -7.938896 -0.120709
v -2.442286 -7.938896 -0.031223
v -2.442286 7.938896 -0.120709
v -2.234992 -7.938896 0.044743
v -2.234992 7.938896 0.044743
v -2.234992 -7.938896 -0.044743
v -2.234992 7.938896 -0.044743
v -1.958598 -7.938896 0.034845
v -1.958598 7.938896 0.034845
v -1.958598 -7.938896 0.124331
v -1.958598 7.938896 0.124331
v -1.820401 7.938896 0.023163
v -1.820401 -7.938896 0.112649
v -1.820401 -7.938896 0.023163
v -1.820401 7.938896 0.112649
v -2.096795 -7.938896 0.023163
v -2.096795 7.938896 0.112649
v -2.096795 7.938896 0.023163
v -2.096795 -7.938896 0.112649
v -1.751303 7.938896 -0.001359
v -1.751303 -7.938896 0.088127
v -1.751303 -7.938896 -0.001359
v -1.751303 7.938896 0.088127
v -2.165894 -7.938896 -0.001359
v -2.165894 7.938896 0.088127
v -2.165894 7.938896 -0.001359
v -2.165894 -7.938896 0.088127
v -1.889500 -7.938896 0.031223
v -1.889500 7.938896 0.120709
v -1.889500 7.938896 0.031223
v -1.889500 -7.938896 0.120709
v -2.027697 7.938896 0.031223
v -2.027697 -7.938896 0.120709
v -2.027697 -7.938896 0.031223
v -2.027697 7.938896 0.120709
v -3.340566 -7.938896 -0.044743
v -3.340566 7.938896 -0.044743
v -3.340566 -7.938896 0.044743
v -3.340566 7.938896 0.044743
v -3.893352 -7.938896 -0.044742
v -3.893352 7.938896 -0.044742
v -3.893352 -7.938896 0.044744
v -3.893352 7.938896 0.044744
v -3.616960 -7.938896 -0.034844
v -3.616960 7.938896 -0.034844
v -3.616960 -7.938896 -0.124330
v -3.616960 7.938896 -0.124330
v -3.755157 7.938896 -0.023162
v -3.755157 -7.938896 -0.112648
v -3.755157 -7.938896 -0.023162
v -3.755157 7.938896 -0.112648
v -3.478763 -7.938896 -0.023162
v -3.478763 7.938896 -0.112648
v -3.478763 7.938896 -0.023162
v -3.478763 -7.938896 -0.112648
v -3.824254 7.938896 0.001360
v -3.824254 -7.938896 -0.088126
v -3.824254 -7.938896 0.001360
v -3.824254 7.938896 -0.088126
v -3.409663 -7.938896 0.001360
v -3.409663 7.938896 -0.088126
v -3.409663 7.938896 0.001360
v -3.409663 -7.938896 -0.088126
v -3.686057 -7.938896 -0.031222
v -3.686057 7.938896 -0.120708
v -3.686057 7.938896 -0.031222
v -3.686057 -7.938896 -0.120708
v -3.547860 7.938896 -0.031222
v -3.547860 -7.938896 -0.120708
v -3.547860 -7.938896 -0.031222
v -3.547860 7.938896 -0.120708
v -3.340566 -7.938896 0.044743
v -3.340566 7.938896 0.044743
v -3.340566 -7.938896 -0.044742
v -3.340566 7.938896 -0.044742
v -3.064172 -7.938896 0.034845
v -3.064172 7.938896 0.034845
v -3.064172 -7.938896 0.124331
v -3.064172 7.938896 0.124331
v -2.925975 7.938896 0.023163
v -2.925975 -7.938896 0.112649
v -2.925975 -7.938896 0.023163
v -2.925975 7.938896 0.112649
v -3.202369 -7.938896 0.023163
v -3.202369 7.938896 0.112649
v -3.202369 7.938896 0.023163
v -3.202369 -7.938896 0.112649
v -2.856876 7.938896 -0.001359
v -2.856876 -7.938896 0.088127
v -2.856876 -7.938896 -0.001359
v -2.856876 7.938896 0.088127
v -3.271468 -7.938896 -0.001359
v -3.271468 7.938896 0.088127
v -3.271468 7.938896 -0.001359
v -3.271468 -7.938896 0.088127
v -2.995073 -7.938896 0.031223
v -2.995073 7.938896 0.120709
v -2.995073 7.938896 0.031223
v -2.995073 -7.938896 0.120709
v -3.133271 7.938896 0.031223
v -3.133271 -7.938896 0.120709
v -3.133271 -7.938896 0.031223
v -3.133271 7.938896 0.120709
v -4.446139 -7.938896 -0.044742
v -4.446139 7.938896 -0.044742
v -4.446139 -7.938896 0.044744
v -4.446139 7.938896 0.044744
v -4.998927 -7.938896 -0.044742
v -4.998927 7.938896 -0.044742
v -4.998927 -7.938896 0.044744
v -4.998927 7.938896 0.044744
v -4.722533 -7.938896 -0.034844
v -4.722533 7.938896 -0.034844
v -4.722533 -7.938896 -0.124330
v -4.722533 7.938896 -0.124330
v -4.860730 7.938896 -0.023162
v -4.860730 -7.938896 -0.112648
v -4.860730 -7.938896 -0.023162
v -4.860730 7.938896 -0.112648
v -4.584336 -7.938896 -0.023162
v -4.584336 7.938896 -0.112648
v -4.584336 7.938896 -0.023162
v -4.584336 -7.938896 -0.112648
v -4.929828 7.938896 0.001360
v -4.929828 -7.938896 -0.088126
v -4.929828 -7.938896 0.001360
v -4.929828 7.938896 -0.088126
v -4.515237 -7.938896 0.001360
v -4.515237 7.938896 -0.088126
v -4.515237 7.938896 0.001360
v -4.515237 -7.938896 -0.088126
v -4.791631 -7.938896 -0.031222
v -4.791631 7.938896 -0.120708
v -4.791631 7.938896 -0.031222
v -4.791631 -7.938896 -0.120708
v -4.653434 7.938896 -0.031222
v -4.653434 -7.938896 -0.120708
v -4.653434 -7.938896 -0.031222
v -4.653434 7.938896 -0.120708
v -4.446139 -7.938896 0.044744
v -4.446139 7.938896 0.044744
v -4.446139 -7.938896 -0.044742
v -4.446139 7.938896 -0.044742
v -4.169745 -7.938896 0.034845
v -4.169745 7.938896 0.034845
v -4.169745 -7.938896 0.124331
v -4.169745 7.938896 0.124331
v -4.031549 7.938896 0.023163
v -4.031549 -7.938896 0.112649
v -4.031549 -7.938896 0.023163
v -4.031549 7.938896 0.112649
v -4.307942 -7.938896 0.023163
v -4.307942 7.938896 0.112649
v -4.307942 7.938896 0.023163
v -4.307942 -7.938896 0.112649
v -3.962451 7.938896 -0.001359
v -3.962451 -7.938896 0.088127
v -3.962451 -7.938896 -0.001359
v -3.962451 7.938896 0.088127
v -4.377042 -7.938896 -0.001359
v -4.377042 7.938896 0.088127
v -4.377042 7.938896 -0.001359
v -4.377042 -7.938896 0.088127
v -4.100648 -7.938896 0.031224
v -4.100648 7.938896 0.120710
v -4.100648 7.938896 0.031224
v -4.100648 -7.938896 0.120710
v -4.238845 7.938896 0.031224
v -4.238845 -7.938896 0.120710
v -4.238845 -7.938896 0.031224
v -4.238845 7.938896 0.120710
v -5.551713 -7.938896 -0.044742
v -5.551713 7.938896 -0.044742
v -5.551713 -7.938896 0.044744
v -5.551713 7.938896 0.044744
v -6.104499 -7.938896 -0.044742
v -6.104499 7.938896 -0.044742
v -6.104499 -7.938896 0.044744
v -6.104499 7.938896 0.044744
v -5.828107 -7.938896 -0.034844
v -5.828107 7.938896 -0.034844
v -5.828107 -7.938896 -0.124330
v -5.828107 7.938896 -0.124330
v -5.966304 7.938896 -0.023161
v -5.966304 -7.938896 -0.112647
v -5.966304 -7.938896 -0.023161
v -5.966304 7.938896 -0.112647
v -5.689910 -7.938896 -0.023161
v -5.689910 7.938896 -0.112647
v -5.689910 7.938896 -0.023161
v -5.689910 -7.938896 -0.112647
v -6.035401 7.938896 0.001360
v -6.035401 -7.938896 -0.088126
v -6.035401 -7.938896 0.001360
v -6.035401 7.938896 -0.088126
v -5.620811 -7.938896 0.001360
v -5.620811 7.938896 -0.088126
v -5.620811 7.938896 0.001360
v -5.620811 -7.938896 -0.088126
v -5.897204 -7.938896 -0.031222
v -5.897204 7.938896 -0.120708
v -5.897204 7.938896 -0.031222
v -5.897204 -7.938896 -0.120708
v -5.759007 7.938896 -0.031222
v -5.759007 -7.938896 -0.120708
v -5.759007 -7.938896 -0.031222
v -5.759007 7.938896 -0.120708
v -5.551713 -7.938896 0.044744
v -5.551713 7.938896 0.044744
v -5.551713 -7.938896 -0.044742
v -5.551713 7.938896 -0.044742
v -5.275319 -7.938896 0.034845
v -5.275319 7.938896 0.034845
v -5.275319 -7.938896 0.124331
v -5.275319 7.938896 0.124331
v -5.137122 7.938896 0.023163
v -5.137122 -7.938896 0.112649
v -5.137122 -7.938896 0.023163
v -5.137122 7.938896 0.112649
v -5.413516 -7.938896 0.023163
v -5.413516 7.938896 0.112649
v -5.413516 7.938896 0.023163
v -5.413516 -7.938896 0.112649
v -5.068025 7.938896 -0.001359
v -5.068025 -7.938896 0.088127
v -5.068025 -7.938896 -0.001359
v -5.068025 7.938896 0.088127
v -5.482615 -7.938896 -0.001359
v -5.482615 7.938896 0.088127
v -5.482615 7.938896 -0.001359
v -5.482615 -7.938896 0.088127
v -5.206222 -7.938896 0.031224
v -5.206222 7.938896 0.120710
v -5.206222 7.938896 0.031224
v -5.206222 -7.938896 0.120710
v -5.344419 7.938896 0.031224
v -5.344419 -7.938896 0.120710
v -5.344419 -7.938896 0.031224
v -5.344419 7.938896 0.120710
v -6.657287 -7.938896 -0.044742
v -6.657287 7.938896 -0.044742
v -6.657287 -7.938896 0.044744
v -6.657287 7.938896 0.044744
v -7.210074 -7.938896 -0.044742
v -7.210074 7.938896 -0.044742
v -7.210074 -7.938896 0.044744
v -7.210074 7.938896 0.044744
v -6.933681 -7.938896 -0.034844
v -6.933681 7.938896 -0.034844
v -6.933681 -7.938896 -0.124330
v -6.933681 7.938896 -0.124330
v -7.071877 7.938896 -0.023161
v -7.071877 -7.938896 -0.112647
v -7.071877 -7.938896 -0.023161
v -7.071877 7.938896 -0.112647
v -6.795484 -7.938896 -0.023161
v -6.795484 7.938896 -0.112647
v -6.795484 7.938896 -0.023161
v -6.795484 -7.938896 -0.112647
v -7.140975 7.938896 0.001361
v -7.140975 -7.938896 -0.088125
v -7.140975 -7.938896 0.001361
v -7.140975 7.938896 -0.088125
v -6.726384 -7.938896 0.001360
v -6.726384 7.938896 -0.088126
v -6.726384 7.938896 0.001360
v -6.726384 -7.938896 -0.088126
v -7.002778 -7.938896 -0.031222
v -7.002778 7.938896 -0.120708
v -7.002778 7.938896 -0.031222
v -7.002778 -7.938896 -0.120708
v -6.864581 7.938896 -0.031222
v -6.864581 -7.938896 -0.120708
v -6.864581 -7.938896 -0.031222
v -6.864581 7.938896 -0.120708
v -6.657287 -7.938896 0.044744
v -6.657287 7.938896 0.044744
v -6.657287 -7.938896 -0.044742
v -6.657287 7.938896 -0.044742
v -6.380893 -7.938896 0.034846
v -6.380893 7.938896 0.034846
v -6.380893 -7.938896 0.124332
v -6.380893 7.938896 0.124332
v -6.242696 7.938896 0.023163
v -6.242696 -7.938896 0.112649
v -6.242696 -7.938896 0.023163
v -6.242696 7.938896 0.112649
v -6.519090 -7.938896 0.023163
v -6.519090 7.938896 0.112649
v -6.519090 7.938896 0.023163
v -6.519090 -7.938896 0.112649
v -6.173598 7.938896 -0.001359
v -6.173598 -7.938896 0.088127
v -6.173598 -7.938896 -0.001359
v -6.173598 7.938896 0.088127
v -6.588189 -7.938896 -0.001358
v -6.588189 7.938896 0.088127
v -6.588189 7.938896 -0.001358
v -6.588189 -7.938896 0.088127
v -6.311795 -7.938896 0.031224
v -6.311795 7.938896 0.120710
v -6.311795 7.938896 0.031224
v -6.311795 -7.938896 0.120710
v -6.449992 7.938896 0.031224
v -6.449992 -7.938896 0.120710
v -6.449992 -7.938896 0.031224
v -6.449992 7.938896 0.120710
v -7.762860 -7.938896 -0.044742
v -7.762860 7.938896 -0.044742
v -7.762860 -7.938896 0.044744
v -7.762860 7.938896 0.044744
v -8.315646 -7.938896 -0.044742
v -8.315646 7.938896 -0.044742
v -8.315646 -7.938896 0.044744
v -8.315646 7.938896 0.044744
v -8.039254 -7.938896 -0.034844
v -8.039254 7.938896 -0.034844
v -8.039254 -7.938896 -0.124329
v -8.039254 7.938896 -0.124329
v -8.177451 7.938896 -0.023161
v -8.177451 -7.938896 -0.112647
v -8.177451 -7.938896 -0.023161
v -8.177451 7.938896 -0.112647
v -7.901057 -7.938896 -0.023161
v -7.901057 7.938896 -0.112647
v -7.901057 7.938896 -0.023161
v -7.901057 -7.938896 -0.112647
v -8.246549 7.938896 0.001361
v -8.246549 -7.938896 -0.088125
v -8.246549 -7.938896 0.001361
v -8.246549 7.938896 -0.088125
v -7.831958 -7.938896 0.001361
v -7.831958 7.938896 -0.088125
v -7.831958 7.938896 0.001361
v -7.831958 -7.938896 -0.088125
v -8.108352 -7.938896 -0.031222
v -8.108352 7.938896 -0.120708
v -8.108352 7.938896 -0.031222
v -8.108352 -7.938896 -0.120708
v -7.970155 7.938896 -0.031222
v -7.970155 -7.938896 -0.120708
v -7.970155 -7.938896 -0.031222
v -7.970155 7.938896 -0.120708
v -7.762860 -7.938896 0.044744
v -7.762860 7.938896 0.044744
v -7.762860 -7.938896 -0.044742
v -7.762860 7.938896 -0.044742
v -7.486466 -7.938896 0.034846
v -7.486466 7.938896 0.034846
v -7.486466 -7.938896 0.124332
v -7.486466 7.938896 0.124332
v -7.348269 7.938896 0.023163
v -7.348269 -7.938896 0.112649
v -7.348269 -7.938896 0.023163
v -7.348269 7.938896 0.112649
v -7.624663 -7.938896 0.023163
v -7.624663 7.938896 0.112649
v -7.624663 7.938896 0.023163
v -7.624663 -7.938896 0.112649
v -7.279172 7.938896 -0.001358
v -7.279172 -7.938896 0.088128
v -7.279172 -7.938896 -0.001358
v -7.279172 7.938896 0.088128
v -7.693763 -7.938896 -0.001358
v -7.693763 7.938896 0.088128
v -7.693763 7.938896 -0.001358
v -7.693763 -7.938896 0.088128
v -7.417369 -7.938896 0.031224
v -7.417369 7.938896 0.120710
v -7.417369 7.938896 0.031224
v -7.417369 -7.938896 0.120710
v -7.555566 7.938896 0.031224
v -7.555566 -7.938896 0.120710
v -7.555566 -7.938896 0.031224
v -7.555566 7.938896 0.120710
v -8.868434 -7.938896 -0.044742
v -8.868434 7.938896 -0.044742
v -8.868434 -7.938896 0.044744
v -8.868434 7.938896 0.044744
v -9.421222 -7.938896 -0.044742
v -9.421222 7.938896 -0.044742
v -9.421222 -7.938896 0.044744
v -9.421222 7.938896 0.044744
v -9.144828 -7.938896 -0.034843
v -9.144828 7.938896 -0.034843
v -9.144828 -7.938896 -0.124329
v -9.144828 7.938896 -0.124329
v -9.283025 7.938896 -0.023161
v -9.283025 -7.938896 -0.112647
v -9.283025 -7.938896 -0.023161
v -9.283025 7.938896 -0.112647
v -9.006631 -7.938896 -0.023161
v -9.006631 7.938896 -0.112647
v -9.006631 7.938896 -0.023161
v -9.006631 -7.938896 -0.112647
v -9.352122 7.938896 0.001361
v -9.352122 -7.938896 -0.088125
v -9.352122 -7.938896 0.001361
v -9.352122 7.938896 -0.088125
v -8.937531 -7.938896 0.001361
v -8.937531 7.938896 -0.088125
v -8.937531 7.938896 0.001361
v -8.937531 -7.938896 -0.088125
v -9.213925 -7.938896 -0.031222
v -9.213925 7.938896 -0.120708
v -9.213925 7.938896 -0.031222
v -9.213925 -7.938896 -0.120708
v -9.075728 7.938896 -0.031222
v -9.075728 -7.938896 -0.120708
v -9.075728 -7.938896 -0.031222
v -9.075728 7.938896 -0.120708
v -8.868434 -7.938896 0.044744
v -8.868434 7.938896 0.044744
v -8.868434 -7.938896 -0.044742
v -8.868434 7.938896 -0.044742
v -8.592040 -7.938896 0.034846
v -8.592040 7.938896 0.034846
v -8.592040 -7.938896 0.124332
v -8.592040 7.938896 0.124332
v -8.453843 7.938896 0.023164
v -8.453843 -7.938896 0.112650
v -8.453843 -7.938896 0.023164
v -8.453843 7.938896 0.112650
v -8.730237 -7.938896 0.023164
v -8.730237 7.938896 0.112650
v -8.730237 7.938896 0.023164
v -8.730237 -7.938896 0.112650
v -8.384746 7.938896 -0.001358
v -8.384746 -7.938896 0.088128
v -8.384746 -7.938896 -0.001358
v -8.384746 7.938896 0.088128
v -8.799336 -7.938896 -0.001358
v -8.799336 7.938896 0.088128
v -8.799336 7.938896 -0.001358
v -8.799336 -7.938896 0.088128
v -8.522943 -7.938896 0.031224
v -8.522943 7.938896 0.120710
v -8.522943 7.938896 0.031224
v -8.522943 -7.938896 0.120710
v -8.661139 7.938896 0.031224
v -8.661139 -7.938896 0.120710
v -8.661139 -7.938896 0.031224
v -8.661139 7.938896 0.120710
v -9.974008 -7.938896 -0.044742
v -9.974008 7.938896 -0.044742
v -9.974008 -7.938896 0.044744
v -9.974008 7.938896 0.044744
v -10.526793 -7.938896 -0.044741
v -10.526793 7.938896 -0.044741
v -10.526793 -7.938896 0.044745
v -10.526793 7.938896 0.044745
v -10.250401 -7.938896 -0.034843
v -10.250401 7.938896 -0.034843
v -10.250401 -7.938896 -0.124329
v -10.250401 7.938896 -0.124329
v -10.388598 7.938896 -0.023161
v -10.388598 -7.938896 -0.112647
v -10.388598 -7.938896 -0.023161
v -10.388598 7.938896 -0.112647
v -10.112205 -7.938896 -0.023161
v -10.112205 7.938896 -0.112647
v -10.112205 7.938896 -0.023161
v -10.112205 -7.938896 -0.112647
v -10.457696 7.938896 0.001361
v -10.457696 -7.938896 -0.088125
v -10.457696 -7.938896 0.001361
v -10.457696 7.938896 -0.088125
v -10.043105 -7.938896 0.001361
v -10.043105 7.938896 -0.088125
v -10.043105 7.938896 0.001361
v -10.043105 -7.938896 -0.088125
v -10.319499 -7.938896 -0.031221
v -10.319499 7.938896 -0.120707
v -10.319499 7.938896 -0.031221
v -10.319499 -7.938896 -0.120707
v -10.181302 7.938896 -0.031221
v -10.181302 -7.938896 -0.120707
v -10.181302 -7.938896 -0.031221
v -10.181302 7.938896 -0.120707
v -9.974008 -7.938896 0.044744
v -9.974008 7.938896 0.044744
v -9.974008 -7.938896 -0.044741
v -9.974008 7.938896 -0.044741
v -9.697614 -7.938896 0.034846
v -9.697614 7.938896 0.034846
v -9.697614 -7.938896 0.124332
v -9.697614 7.938896 0.124332
v -9.559417 7.938896 0.023164
v -9.559417 -7.938896 0.112650
v -9.559417 -7.938896 0.023164
v -9.559417 7.938896 0.112650
v -9.835811 -7.938896 0.023164
v -9.835811 7.938896 0.112650
v -9.835811 7.938896 0.023164
v -9.835811 -7.938896 0.112650
v -9.490319 7.938896 -0.001358
v -9.490319 -7.938896 0.088128
v -9.490319 -7.938896 -0.001358
v -9.490319 7.938896 0.088128
v -9.904910 -7.938896 -0.001358
v -9.904910 7.938896 0.088128
v -9.904910 7.938896 -0.001358
v -9.904910 -7.938896 0.088128
v -9.628516 -7.938896 0.031224
v -9.628516 7.938896 0.120710
v -9.628516 7.938896 0.031224
v -9.628516 -7.938896 0.120710
v -9.766713 7.938896 0.031224
v -9.766713 -7.938896 0.120710
v -9.766713 -7.938896 0.031224
v -9.766713 7.938896 0.120710
v -11.079581 -7.938896 -0.044741
v -11.079581 7.938896 -0.044741
v -11.079581 -7.938896 0.044745
v -11.079581 7.938896 0.044745
v -11.632369 -7.938896 -0.044741
v -11.632369 7.938896 -0.044741
v -11.632369 -7.938896 0.044745
v -11.632369 7.938896 0.044745
v -11.355975 -7.938896 -0.034843
v -11.355975 7.938896 -0.034843
v -11.355975 -7.938896 -0.124329
v -11.355975 7.938896 -0.124329
v -11.494172 7.938896 -0.023161
v -11.494172 -7.938896 -0.112647
v -11.494172 -7.938896 -0.023161
v -11.494172 7.938896 -0.112647
v -11.217778 -7.938896 -0.023161
v -11.217778 7.938896 -0.112647
v -11.217778 7.938896 -0.023161
v -11.217778 -7.938896 -0.112647
v -11.563270 7.938896 0.001361
v -11.563270 -7.938896 -0.088125
v -11.563270 -7.938896 0.001361
v -11.563270 7.938896 -0.088125
v -11.148679 -7.938896 0.001361
v -11.148679 7.938896 -0.088125
v -11.148679 7.938896 0.001361
v -11.148679 -7.938896 -0.088125
v -11.425073 -7.938896 -0.031221
v -11.425073 7.938896 -0.120707
v -11.425073 7.938896 -0.031221
v -11.425073 -7.938896 -0.120707
v -11.286876 7.938896 -0.031221
v -11.286876 -7.938896 -0.120707
v -11.286876 -7.938896 -0.031221
v -11.286876 7.938896 -0.120707
v -11.079581 -7.938896 0.044745
v -11.079581 7.938896 0.044745
v -11.079581 -7.938896 -0.044741
v -11.079581 7.938896 -0.044741
v -10.803187 -7.938896 0.034846
v -10.803187 7.938896 0.034846
v -10.803187 -7.938896 0.124332
v -10.803187 7.938896 0.124332
v -10.664990 7.938896 0.023164
v -10.664990 -7.938896 0.112650
v -10.664990 -7.938896 0.023164
v -10.664990 7.938896 0.112650
v -10.941384 -7.938896 0.023164
v -10.941384 7.938896 0.112650
v -10.941384 7.938896 0.023164
v -10.941384 -7.938896 0.112650
v -10.595893 7.938896 -0.001358
v -10.595893 -7.938896 0.088128
v -10.595893 -7.938896 -0.001358
v -10.595893 7.938896 0.088128
v -11.010484 -7.938896 -0.001358
v -11.010484 7.938896 0.088128
v -11.010484 7.938896 -0.001358
v -11.010484 -7.938896 0.088128
v -10.734090 -7.938896 0.031225
v -10.734090 7.938896 0.120711
v -10.734090 7.938896 0.031225
v -10.734090 -7.938896 0.120711
v -10.872287 7.938896 0.031225
v -10.872287 -7.938896 0.120711
v -10.872287 -7.938896 0.031225
v -10.872287 7.938896 0.120711
v -12.185155 -7.938896 -0.044741
v -12.185155 7.938896 -0.044741
v -12.185155 -7.938896 0.044745
v -12.185155 7.938896 0.044745
v -12.737941 -7.938896 -0.044741
v -12.737941 7.938896 -0.044741
v -12.737941 -7.938896 0.044745
v -12.737941 7.938896 0.044745
v -12.461549 -7.938896 -0.034843
v -12.461549 7.938896 -0.034843
v -12.461549 -7.938896 -0.124329
v -12.461549 7.938896 -0.124329
v -12.599746 7.938896 -0.023160
v -12.599746 -7.938896 -0.112646
v -12.599746 -7.938896 -0.023160
v -12.599746 7.938896 -0.112646
v -12.323352 -7.938896 -0.023160
v -12.323352 7.938896 -0.112646
v -12.323352 7.938896 -0.023160
v -12.323352 -7.938896 -0.112646
v -12.668843 7.938896 0.001361
v -12.668843 -7.938896 -0.088125
v -12.668843 -7.938896 0.001361
v -12.668843 7.938896 -0.088125
v -12.254252 -7.938896 0.001361
v -12.254252 7.938896 -0.088125
v -12.254252 7.938896 0.001361
v -12.254252 -7.938896 -0.088125
v -12.530646 -7.938896 -0.031221
v -12.530646 7.938896 -0.120707
v -12.530646 7.938896 -0.031221
v -12.530646 -7.938896 -0.120707
v -12.392449 7.938896 -0.031221
v -12.392449 -7.938896 -0.120707
v -12.392449 -7.938896 -0.031221
v -12.392449 7.938896 -0.120707
v -12.185155 -7.938896 0.044745
v -12.185155 7.938896 0.044745
v -12.185155 -7.938896 -0.044741
v -12.185155 7.938896 -0.044741
v -11.908761 -7.938896 0.034846
v -11.908761 7.938896 0.034846
v -11.908761 -7.938896 0.124332
v -11.908761 7.938896 0.124332
v -11.770564 7.938896 0.023164
v -11.770564 -7.938896 0.112650
v -11.770564 -7.938896 0.023164
v -11.770564 7.938896 0.112650
v -12.046958 -7.938896 0.023164
v -12.046958 7.938896 0.112650
v -12.046958 7.938896 0.023164
v -12.046958 -7.938896 0.112650
v -11.701467 7.938896 -0.001358
v -11.701467 -7.938896 0.088128
v -11.701467 -7.938896 -0.001358
v -11.701467 7.938896 0.088128
v -12.116057 -7.938896 -0.001358
v -12.116057 7.938896 0.088128
v -12.116057 7.938896 -0.001358
v -12.116057 -7.938896 0.088128
v -11.839664 -7.938896 0.031225
v -11.839664 7.938896 0.120711
v -11.839664 7.938896 0.031225
v -11.839664 -7.938896 0.120711
v -11.977860 7.938896 0.031225
v -11.977860 -7.938896 0.120711
v -11.977860 -7.938896 0.031225
v -11.977860 7.938896 0.120711
v -13.290729 -7.938896 -0.044741
v -13.290729 7.938896 -0.044741
v -13.290729 -7.938896 0.044745
v -13.290729 7.938896 0.044745
v -13.843516 -7.938896 -0.044741
v -13.843516 7.938896 -0.044741
v -13.843516 -7.938896 0.044745
v -13.843516 7.938896 0.044745
v -13.567122 -7.938896 -0.034843
v -13.567122 7.938896 -0.034843
v -13.567122 -7.938896 -0.124329
v -13.567122 7.938896 -0.124329
v -13.705319 7.938896 -0.023160
v -13.705319 -7.938896 -0.112646
v -13.705319 -7.938896 -0.023160
v -13.705319 7.938896 -0.112646
v -13.428926 -7.938896 -0.023160
v -13.428926 7.938896 -0.112646
v -13.428926 7.938896 -0.023160
v -13.428926 -7.938896 -0.112646
v -13.774417 7.938896 0.001362
v -13.774417 -7.938896 -0.088124
v -13.774417 -7.938896 0.001362
v -13.774417 7.938896 -0.088124
v -13.359826 -7.938896 0.001361
v -13.359826 7.938896 -0.088125
v -13.359826 7.938896 0.001361
v -13.359826 -7.938896 -0.088125
v -13.636220 -7.938896 -0.031221
v -13.636220 7.938896 -0.120707
v -13.636220 7.938896 -0.031221
v -13.636220 -7.938896 -0.120707
v -13.498023 7.938896 -0.031221
v -13.498023 -7.938896 -0.120707
v -13.498023 -7.938896 -0.031221
v -13.498023 7.938896 -0.120707
v -13.290729 -7.938896 0.044745
v -13.290729 7.938896 0.044745
v -13.290729 -7.938896 -0.044741
v -13.290729 7.938896 -0.044741
v -13.014335 -7.938896 0.034847
v -13.014335 7.938896 0.034847
v -13.014335 -7.938896 0.124333
v -13.014335 7.938896 0.124333
v -12.876138 7.938896 0.023164
v -12.876138 -7.938896 0.112650
v -12.876138 -7.938896 0.023164
v -12.876138 7.938896 0.112650
v -13.152532 -7.938896 0.023164
v -13.152532 7.938896 0.112650
v -13.152532 7.938896 0.023164
v -13.152532 -7.938896 0.112650
v -12.807040 7.938896 -0.001358
v -12.807040 -7.938896 0.088128
v -12.807040 -7.938896 -0.001358
v -12.807040 7.938896 0.088128
v -13.221631 -7.938896 -0.001357
v -13.221631 7.938896 0.088128
v -13.221631 7.938896 -0.001357
v -13.221631 -7.938896 0.088128
v -12.945237 -7.938896 0.031225
v -12.945237 7.938896 0.120711
v -12.945237 7.938896 0.031225
v -12.945237 -7.938896 0.120711
v -13.083434 7.938896 0.031225
v -13.083434 -7.938896 0.120711
v -13.083434 -7.938896 0.031225
v -13.083434 7.938896 0.120711
vn 0.4357 -0.0000 0.9001
vn 0.5317 -0.0000 0.8469
vn -1.0000 -0.0000 -0.0000
vn 0.4357 -0.0000 -0.9001
vn 0.5317 -0.0000 -0.8469
vn -0.0000 -1.0000 -0.0000
vn -0.0000 1.0000 -0.0000
vn -0.0841 -0.0000 -0.9965
vn -0.0000 -0.0000 -1.0000
vn -0.0841 -0.0000 0.9965
vn -0.0000 -0.0000 1.0000
vn -0.4357 -0.0000 -0.9001
vn -0.2266 -0.0000 -0.9740
vn 0.0841 -0.0000 0.9965
vn 0.2266 -0.0000 0.9740
vn -0.4357 -0.0000 0.9001
vn -0.2266 -0.0000 0.9740
vn 0.0841 -0.0000 -0.9965
vn 0.2266 -0.0000 -0.9740
vn -0.5317 -0.0000 -0.8469
vn -0.5317 -0.0000 0.8469
vn 1.0000 -0.0000 -0.0000
vt 0.354516 0.285813
vt 0.681799 0.285813
vt 0.681799 0.287494
vt 0.354516 0.287494
vt 0.681799 0.658540
vt 0.354516 0.658540
vt 0.354516 0.656695
vt 0.681799 0.656695
vt 0.095495 0.336359
vt 0.095495 0.663641
vt 0.093813 0.663641
vt 0.093813 0.336359
vt 0.689274 0.501487
vt 0.687850 0.502381
vt 0.687850 0.500536
vt 0.689274 0.499642
vt 0.689274 0.511023
vt 0.687850 0.511917
vt 0.687850 0.510072
vt 0.689274 0.509178
vt 0.694971 0.510351
vt 0.693547 0.510276
vt 0.693547 0.508432
vt 0.694971 0.508506
vt 0.694971 0.500815
vt 0.693547 0.500740
vt 0.693547 0.498896
vt 0.694971 0.498971
vt 0.101292 0.336359
vt 0.101292 0.663641
vt 0.099866 0.663641
vt 0.099866 0.336359
vt 0.354516 0.280015
vt 0.681799 0.280015
vt 0.681799 0.281441
vt 0.354516 0.281441
vt 0.104238 0.336359
vt 0.104238 0.663641
vt 0.102726 0.663641
vt 0.102726 0.336359
vt 0.697820 0.511023
vt 0.696395 0.510517
vt 0.696395 0.508673
vt 0.697820 0.509178
vt 0.692122 0.500815
vt 0.690698 0.500981
vt 0.690698 0.499137
vt 0.692122 0.498971
vt 0.354516 0.282867
vt 0.681799 0.282867
vt 0.681799 0.284301
vt 0.354516 0.284301
vt 0.354516 0.277070
vt 0.681799 0.277070
vt 0.681799 0.278581
vt 0.354516 0.278581
vt 0.697820 0.501487
vt 0.696395 0.500981
vt 0.696395 0.499137
vt 0.697820 0.499642
vt 0.692122 0.510351
vt 0.690698 0.510517
vt 0.690698 0.508673
vt 0.692122 0.508506
vt 0.098440 0.336359
vt 0.098440 0.663641
vt 0.097006 0.663641
vt 0.097006 0.336359
vt 0.699244 0.511917
vt 0.699244 0.510072
vt 0.105919 0.336359
vt 0.105919 0.663641
vt 0.699244 0.502381
vt 0.699244 0.500536
vt 0.354516 0.275388
vt 0.681799 0.275388
vt 0.354516 0.249498
vt 0.681799 0.249498
vt 0.681799 0.251179
vt 0.354516 0.251179
vt 0.666455 0.669692
vt 0.666455 0.996974
vt 0.664611 0.996974
vt 0.664611 0.669692
vt 0.021183 0.303970
vt 0.348465 0.303970
vt 0.348465 0.305652
vt 0.021183 0.305652
vt 0.689274 0.158192
vt 0.687850 0.159086
vt 0.687850 0.157242
vt 0.689274 0.156348
vt 0.689274 0.167728
vt 0.687850 0.168622
vt 0.687850 0.166778
vt 0.689274 0.165883
vt 0.694971 0.167056
vt 0.693547 0.166982
vt 0.693547 0.165137
vt 0.694971 0.165212
vt 0.694971 0.157520
vt 0.693547 0.157446
vt 0.693547 0.155601
vt 0.694971 0.155676
vt 0.021183 0.298172
vt 0.348465 0.298172
vt 0.348465 0.299599
vt 0.021183 0.299599
vt 0.354516 0.243700
vt 0.681799 0.243700
vt 0.681799 0.245126
vt 0.354516 0.245126
vt 0.021183 0.295227
vt 0.348465 0.295227
vt 0.348465 0.296738
vt 0.021183 0.296738
vt 0.697820 0.167728
vt 0.696395 0.167223
vt 0.696395 0.165378
vt 0.697820 0.165883
vt 0.692122 0.157520
vt 0.690698 0.157687
vt 0.690698 0.155842
vt 0.692122 0.155676
vt 0.354516 0.246552
vt 0.681799 0.246552
vt 0.681799 0.247986
vt 0.354516 0.247986
vt 0.354516 0.240755
vt 0.681799 0.240755
vt 0.681799 0.242266
vt 0.354516 0.242266
vt 0.697820 0.158192
vt 0.696395 0.157687
vt 0.696395 0.155842
vt 0.697820 0.156348
vt 0.692122 0.167056
vt 0.690698 0.167223
vt 0.690698 0.165378
vt 0.692122 0.165212
vt 0.021183 0.301025
vt 0.348465 0.301025
vt 0.348465 0.302459
vt 0.021183 0.302459
vt 0.699244 0.168622
vt 0.699244 0.166778
vt 0.021183 0.293545
vt 0.348465 0.293545
vt 0.699244 0.159086
vt 0.699244 0.157242
vt 0.354516 0.239073
vt 0.681799 0.239073
vt 0.021183 0.067923
vt 0.348465 0.067923
vt 0.348465 0.069604
vt 0.021183 0.069605
vt 0.516442 0.669692
vt 0.516442 0.996975
vt 0.514598 0.996975
vt 0.514598 0.669692
vt 0.354516 0.176868
vt 0.681799 0.176868
vt 0.681799 0.178550
vt 0.354516 0.178550
vt 0.689274 0.177264
vt 0.687850 0.178158
vt 0.687850 0.176314
vt 0.689274 0.175419
vt 0.689274 0.520559
vt 0.687850 0.521453
vt 0.687850 0.519608
vt 0.689274 0.518714
vt 0.694971 0.519887
vt 0.693547 0.519812
vt 0.693547 0.517968
vt 0.694971 0.518042
vt 0.694971 0.176592
vt 0.693547 0.176518
vt 0.693547 0.174673
vt 0.694971 0.174748
vt 0.354516 0.171070
vt 0.681799 0.171070
vt 0.681799 0.172496
vt 0.354516 0.172496
vt 0.021183 0.062125
vt 0.348465 0.062125
vt 0.348465 0.063551
vt 0.021183 0.063551
vt 0.354516 0.168125
vt 0.681799 0.168125
vt 0.681799 0.169636
vt 0.354516 0.169636
vt 0.697820 0.520559
vt 0.696395 0.520053
vt 0.696395 0.518209
vt 0.697820 0.518714
vt 0.692123 0.176592
vt 0.690698 0.176759
vt 0.690698 0.174914
vt 0.692123 0.174748
vt 0.021183 0.064977
vt 0.348465 0.064977
vt 0.348465 0.066411
vt 0.021183 0.066411
vt 0.021183 0.059180
vt 0.348465 0.059180
vt 0.348465 0.060691
vt 0.021183 0.060691
vt 0.697820 0.177264
vt 0.696395 0.176759
vt 0.696395 0.174914
vt 0.697820 0.175419
vt 0.692122 0.519887
vt 0.690698 0.520053
vt 0.690698 0.518209
vt 0.692122 0.518042
vt 0.354516 0.173922
vt 0.681799 0.173922
vt 0.681799 0.175356
vt 0.354516 0.175356
vt 0.699244 0.521453
vt 0.699244 0.519608
vt 0.354516 0.166443
vt 0.681799 0.166443
vt 0.699244 0.178158
vt 0.699244 0.176314
vt 0.021183 0.057498
vt 0.348465 0.057498
vt 0.022865 0.336359
vt 0.022865 0.663641
vt 0.021183 0.663641
vt 0.021183 0.336359
vt 0.354516 0.630805
vt 0.681799 0.630805
vt 0.681799 0.632487
vt 0.354516 0.632487
vt 0.689274 0.186800
vt 0.687850 0.187694
vt 0.687850 0.185850
vt 0.689274 0.184955
vt 0.697820 0.194639
vt 0.699244 0.193745
vt 0.699244 0.195590
vt 0.697820 0.196484
vt 0.692122 0.195311
vt 0.693547 0.195386
vt 0.693547 0.197230
vt 0.692122 0.197156
vt 0.694971 0.186128
vt 0.693547 0.186054
vt 0.693547 0.184209
vt 0.694971 0.184284
vt 0.354516 0.625007
vt 0.681799 0.625007
vt 0.681799 0.626433
vt 0.354516 0.626433
vt 0.028662 0.336359
vt 0.028662 0.663641
vt 0.027236 0.663641
vt 0.027236 0.336359
vt 0.354516 0.622062
vt 0.681799 0.622062
vt 0.681799 0.623573
vt 0.354516 0.623573
vt 0.689274 0.194639
vt 0.690698 0.195145
vt 0.690698 0.196989
vt 0.689274 0.196484
vt 0.692122 0.186128
vt 0.690698 0.186294
vt 0.690698 0.184450
vt 0.692122 0.184284
vt 0.025810 0.336359
vt 0.025810 0.663641
vt 0.024376 0.663641
vt 0.024376 0.336359
vt 0.031608 0.336359
vt 0.031608 0.663641
vt 0.030096 0.663641
vt 0.030096 0.336359
vt 0.697820 0.186800
vt 0.696395 0.186294
vt 0.696395 0.184450
vt 0.697820 0.184955
vt 0.694971 0.195311
vt 0.696395 0.195145
vt 0.696395 0.196989
vt 0.694971 0.197156
vt 0.354516 0.627860
vt 0.681799 0.627860
vt 0.681799 0.629294
vt 0.354516 0.629294
vt 0.687850 0.193745
vt 0.687850 0.195590
vt 0.354516 0.620380
vt 0.681799 0.620380
vt 0.699244 0.187694
vt 0.699244 0.185850
vt 0.033290 0.336359
vt 0.033290 0.663641
vt 0.354516 0.648962
vt 0.681799 0.648962
vt 0.681799 0.650644
vt 0.354516 0.650644
vt 0.524338 0.669692
vt 0.524338 0.996975
vt 0.522493 0.996975
vt 0.522493 0.669692
vt 0.354516 0.195025
vt 0.681799 0.195025
vt 0.681799 0.196707
vt 0.354516 0.196707
vt 0.689274 0.453807
vt 0.687850 0.454701
vt 0.687850 0.452857
vt 0.689274 0.451962
vt 0.689274 0.205872
vt 0.687850 0.206766
vt 0.687850 0.204922
vt 0.689274 0.204027
vt 0.694971 0.205200
vt 0.693547 0.205126
vt 0.693547 0.203281
vt 0.694971 0.203356
vt 0.694971 0.453135
vt 0.693547 0.453061
vt 0.693547 0.451216
vt 0.694971 0.451291
vt 0.354516 0.189227
vt 0.681799 0.189227
vt 0.681799 0.190654
vt 0.354516 0.190654
vt 0.354516 0.643165
vt 0.681799 0.643165
vt 0.681799 0.644591
vt 0.354516 0.644591
vt 0.354516 0.186282
vt 0.681799 0.186282
vt 0.681799 0.187794
vt 0.354516 0.187794
vt 0.697820 0.205872
vt 0.696395 0.205366
vt 0.696395 0.203522
vt 0.697820 0.204027
vt 0.692123 0.453135
vt 0.690698 0.453302
vt 0.690698 0.451457
vt 0.692123 0.451291
vt 0.354516 0.646017
vt 0.681799 0.646017
vt 0.681799 0.647451
vt 0.354516 0.647451
vt 0.354516 0.640219
vt 0.681799 0.640219
vt 0.681799 0.641731
vt 0.354516 0.641731
vt 0.697820 0.453807
vt 0.696395 0.453302
vt 0.696395 0.451457
vt 0.697820 0.451962
vt 0.692123 0.205200
vt 0.690698 0.205366
vt 0.690698 0.203522
vt 0.692123 0.203356
vt 0.354516 0.192080
vt 0.681799 0.192080
vt 0.681799 0.193514
vt 0.354516 0.193514
vt 0.699244 0.206766
vt 0.699244 0.204922
vt 0.354516 0.184600
vt 0.681799 0.184600
vt 0.699244 0.454701
vt 0.699244 0.452857
vt 0.354516 0.638538
vt 0.681799 0.638538
vt 0.021183 0.322128
vt 0.348465 0.322128
vt 0.348465 0.323809
vt 0.021183 0.323809
vt 0.004707 0.336359
vt 0.004707 0.663641
vt 0.003025 0.663641
vt 0.003025 0.336359
vt 0.689274 0.463343
vt 0.687850 0.464237
vt 0.687850 0.462393
vt 0.689274 0.461498
vt 0.689274 0.215408
vt 0.687850 0.216302
vt 0.687850 0.214458
vt 0.689274 0.213563
vt 0.694971 0.214736
vt 0.693547 0.214662
vt 0.693547 0.212817
vt 0.694971 0.212892
vt 0.694971 0.462671
vt 0.693547 0.462597
vt 0.693547 0.460752
vt 0.694971 0.460827
vt 0.010505 0.336359
vt 0.010505 0.663641
vt 0.009079 0.663641
vt 0.009079 0.336359
vt 0.021183 0.316330
vt 0.348465 0.316330
vt 0.348465 0.317756
vt 0.021183 0.317756
vt 0.013450 0.336359
vt 0.013450 0.663641
vt 0.011939 0.663641
vt 0.011939 0.336359
vt 0.697820 0.215408
vt 0.696395 0.214902
vt 0.696395 0.213058
vt 0.697820 0.213563
vt 0.692122 0.462671
vt 0.690698 0.462837
vt 0.690698 0.460993
vt 0.692122 0.460827
vt 0.021183 0.319182
vt 0.348465 0.319182
vt 0.348465 0.320616
vt 0.021183 0.320616
vt 0.021183 0.313385
vt 0.348465 0.313385
vt 0.348465 0.314896
vt 0.021183 0.314896
vt 0.697820 0.463343
vt 0.696395 0.462837
vt 0.696395 0.460993
vt 0.697820 0.461498
vt 0.692123 0.214736
vt 0.690698 0.214902
vt 0.690698 0.213058
vt 0.692123 0.212892
vt 0.007652 0.336359
vt 0.007652 0.663641
vt 0.006219 0.663641
vt 0.006219 0.336359
vt 0.699244 0.216302
vt 0.699244 0.214458
vt 0.015132 0.336359
vt 0.015132 0.663641
vt 0.699244 0.464237
vt 0.699244 0.462393
vt 0.021183 0.311703
vt 0.348465 0.311703
vt 0.354516 0.303970
vt 0.681799 0.303970
vt 0.681799 0.305652
vt 0.354516 0.305652
vt 0.532233 0.669692
vt 0.532233 0.996975
vt 0.530389 0.996975
vt 0.530389 0.669692
vt 0.113652 0.336359
vt 0.113652 0.663641
vt 0.111970 0.663641
vt 0.111970 0.336359
vt 0.689274 0.224944
vt 0.687850 0.225838
vt 0.687850 0.223993
vt 0.689274 0.223099
vt 0.689274 0.530094
vt 0.687850 0.530989
vt 0.687850 0.529144
vt 0.689274 0.528250
vt 0.694971 0.529423
vt 0.693547 0.529348
vt 0.693547 0.527504
vt 0.694971 0.527578
vt 0.694971 0.224272
vt 0.693547 0.224198
vt 0.693547 0.222353
vt 0.694971 0.222428
vt 0.119450 0.336359
vt 0.119450 0.663641
vt 0.118024 0.663641
vt 0.118024 0.336359
vt 0.354516 0.298172
vt 0.681799 0.298172
vt 0.681799 0.299599
vt 0.354516 0.299599
vt 0.122395 0.336359
vt 0.122395 0.663641
vt 0.120884 0.663641
vt 0.120884 0.336359
vt 0.697820 0.530094
vt 0.696395 0.529589
vt 0.696395 0.527744
vt 0.697820 0.528250
vt 0.692122 0.224272
vt 0.690698 0.224438
vt 0.690698 0.222594
vt 0.692122 0.222428
vt 0.354516 0.301025
vt 0.681799 0.301025
vt 0.681799 0.302459
vt 0.354516 0.302459
vt 0.354516 0.295227
vt 0.681799 0.295227
vt 0.681799 0.296738
vt 0.354516 0.296738
vt 0.697820 0.224944
vt 0.696395 0.224438
vt 0.696395 0.222594
vt 0.697820 0.223099
vt 0.692122 0.529423
vt 0.690698 0.529589
vt 0.690698 0.527744
vt 0.692122 0.527578
vt 0.116597 0.336359
vt 0.116597 0.663641
vt 0.115163 0.663641
vt 0.115163 0.336359
vt 0.699244 0.530989
vt 0.699244 0.529144
vt 0.124077 0.336359
vt 0.124077 0.663641
vt 0.699244 0.225838
vt 0.699244 0.223993
vt 0.354516 0.293545
vt 0.681799 0.293545
vt 0.021183 0.195025
vt 0.348465 0.195025
vt 0.348465 0.196707
vt 0.021183 0.196707
vt 0.021183 0.213183
vt 0.348465 0.213183
vt 0.348465 0.214865
vt 0.021183 0.214865
vt 0.689274 0.234480
vt 0.687850 0.235374
vt 0.687850 0.233529
vt 0.689274 0.232635
vt 0.689274 0.472879
vt 0.687850 0.473773
vt 0.687850 0.471929
vt 0.689274 0.471034
vt 0.694971 0.472207
vt 0.693547 0.472133
vt 0.693547 0.470288
vt 0.694971 0.470363
vt 0.694971 0.233808
vt 0.693547 0.233734
vt 0.693547 0.231889
vt 0.694971 0.231964
vt 0.021183 0.207385
vt 0.348465 0.207385
vt 0.348465 0.208811
vt 0.021183 0.208811
vt 0.021183 0.189228
vt 0.348465 0.189227
vt 0.348465 0.190654
vt 0.021183 0.190654
vt 0.021183 0.204440
vt 0.348465 0.204440
vt 0.348465 0.205951
vt 0.021183 0.205951
vt 0.697820 0.472879
vt 0.696395 0.472373
vt 0.696395 0.470529
vt 0.697820 0.471034
vt 0.692123 0.233808
vt 0.690698 0.233974
vt 0.690698 0.232130
vt 0.692123 0.231964
vt 0.021183 0.192080
vt 0.348465 0.192080
vt 0.348465 0.193514
vt 0.021183 0.193514
vt 0.021183 0.186282
vt 0.348465 0.186282
vt 0.348465 0.187794
vt 0.021183 0.187794
vt 0.697820 0.234480
vt 0.696395 0.233974
vt 0.696395 0.232130
vt 0.697820 0.232635
vt 0.692122 0.472207
vt 0.690698 0.472373
vt 0.690698 0.470529
vt 0.692122 0.470363
vt 0.021183 0.210238
vt 0.348465 0.210237
vt 0.348465 0.211671
vt 0.021183 0.211671
vt 0.699244 0.473773
vt 0.699244 0.471929
vt 0.021183 0.202758
vt 0.348465 0.202758
vt 0.699244 0.235374
vt 0.699244 0.233529
vt 0.021183 0.184600
vt 0.348465 0.184600
vt 0.354516 0.213183
vt 0.681799 0.213183
vt 0.681799 0.214864
vt 0.354516 0.214865
vt 0.540129 0.669692
vt 0.540129 0.996975
vt 0.538284 0.996975
vt 0.538284 0.669692
vt 0.021183 0.031608
vt 0.348465 0.031608
vt 0.348465 0.033290
vt 0.021183 0.033290
vt 0.697820 0.242319
vt 0.699244 0.241425
vt 0.699244 0.243270
vt 0.697820 0.244164
vt 0.689274 0.253552
vt 0.687850 0.254446
vt 0.687850 0.252601
vt 0.689274 0.251707
vt 0.694971 0.252880
vt 0.693547 0.252805
vt 0.693547 0.250961
vt 0.694971 0.251036
vt 0.692122 0.242991
vt 0.693547 0.243065
vt 0.693547 0.244910
vt 0.692122 0.244835
vt 0.021183 0.025810
vt 0.348465 0.025810
vt 0.348465 0.027236
vt 0.021183 0.027236
vt 0.354516 0.207385
vt 0.681799 0.207385
vt 0.681799 0.208811
vt 0.354516 0.208811
vt 0.021183 0.022865
vt 0.348465 0.022865
vt 0.348465 0.024376
vt 0.021183 0.024376
vt 0.697820 0.253552
vt 0.696395 0.253046
vt 0.696395 0.251202
vt 0.697820 0.251707
vt 0.694971 0.242991
vt 0.696395 0.242825
vt 0.696395 0.244669
vt 0.694971 0.244835
vt 0.354516 0.210237
vt 0.681799 0.210237
vt 0.681799 0.211671
vt 0.354516 0.211671
vt 0.354516 0.204440
vt 0.681799 0.204440
vt 0.681799 0.205951
vt 0.354516 0.205951
vt 0.689274 0.242319
vt 0.690698 0.242825
vt 0.690698 0.244669
vt 0.689274 0.244164
vt 0.692122 0.252880
vt 0.690698 0.253046
vt 0.690698 0.251202
vt 0.692122 0.251036
vt 0.021183 0.028662
vt 0.348465 0.028662
vt 0.348465 0.030096
vt 0.021183 0.030096
vt 0.699244 0.254446
vt 0.699244 0.252601
vt 0.021183 0.021183
vt 0.348465 0.021183
vt 0.687850 0.241425
vt 0.687850 0.243269
vt 0.354516 0.202758
vt 0.681799 0.202758
vt 0.354516 0.231340
vt 0.681799 0.231340
vt 0.681799 0.233022
vt 0.354516 0.233022
vt 0.021183 0.231340
vt 0.348465 0.231340
vt 0.348465 0.233022
vt 0.021183 0.233022
vt 0.689274 0.263088
vt 0.687850 0.263982
vt 0.687850 0.262137
vt 0.689274 0.261243
vt 0.689274 0.539630
vt 0.687850 0.540525
vt 0.687850 0.538680
vt 0.689274 0.537786
vt 0.694971 0.538959
vt 0.693547 0.538884
vt 0.693547 0.537040
vt 0.694971 0.537114
vt 0.694971 0.262416
vt 0.693547 0.262341
vt 0.693547 0.260497
vt 0.694971 0.260572
vt 0.021183 0.225542
vt 0.348465 0.225542
vt 0.348465 0.226969
vt 0.021183 0.226969
vt 0.354516 0.225542
vt 0.681799 0.225542
vt 0.681799 0.226969
vt 0.354516 0.226969
vt 0.021183 0.222597
vt 0.348465 0.222597
vt 0.348465 0.224109
vt 0.021183 0.224109
vt 0.697820 0.539630
vt 0.696395 0.539125
vt 0.696395 0.537280
vt 0.697820 0.537786
vt 0.692122 0.262416
vt 0.690698 0.262582
vt 0.690698 0.260738
vt 0.692122 0.260572
vt 0.354516 0.228395
vt 0.681799 0.228395
vt 0.681799 0.229829
vt 0.354516 0.229829
vt 0.354516 0.222597
vt 0.681799 0.222597
vt 0.681799 0.224108
vt 0.354516 0.224109
vt 0.697820 0.263088
vt 0.696395 0.262582
vt 0.696395 0.260738
vt 0.697820 0.261243
vt 0.692122 0.538959
vt 0.690698 0.539125
vt 0.690698 0.537280
vt 0.692122 0.537114
vt 0.021183 0.228395
vt 0.348465 0.228395
vt 0.348465 0.229829
vt 0.021183 0.229829
vt 0.699244 0.540525
vt 0.699244 0.538680
vt 0.021183 0.220915
vt 0.348465 0.220915
vt 0.699244 0.263982
vt 0.699244 0.262137
vt 0.354516 0.220915
vt 0.681799 0.220915
vt 0.354516 0.267655
vt 0.681799 0.267655
vt 0.681799 0.269337
vt 0.354516 0.269337
vt 0.548024 0.669692
vt 0.548024 0.996975
vt 0.546179 0.996975
vt 0.546179 0.669692
vt 0.354516 0.067923
vt 0.681799 0.067923
vt 0.681799 0.069605
vt 0.354516 0.069605
vt 0.697820 0.270927
vt 0.699244 0.270033
vt 0.699244 0.271877
vt 0.697820 0.272772
vt 0.689274 0.282160
vt 0.687850 0.283054
vt 0.687850 0.281209
vt 0.689274 0.280315
vt 0.694971 0.281488
vt 0.693547 0.281413
vt 0.693547 0.279569
vt 0.694971 0.279643
vt 0.692122 0.271599
vt 0.693547 0.271673
vt 0.693547 0.273518
vt 0.692122 0.273443
vt 0.354516 0.062125
vt 0.681799 0.062125
vt 0.681799 0.063551
vt 0.354516 0.063551
vt 0.354516 0.261857
vt 0.681799 0.261857
vt 0.681799 0.263284
vt 0.354516 0.263284
vt 0.354516 0.059180
vt 0.681799 0.059180
vt 0.681799 0.060691
vt 0.354516 0.060691
vt 0.697820 0.282160
vt 0.696395 0.281654
vt 0.696395 0.279810
vt 0.697820 0.280315
vt 0.694971 0.271599
vt 0.696395 0.271433
vt 0.696395 0.273277
vt 0.694971 0.273443
vt 0.354516 0.264710
vt 0.681799 0.264710
vt 0.681799 0.266144
vt 0.354516 0.266144
vt 0.354516 0.258912
vt 0.681799 0.258912
vt 0.681799 0.260423
vt 0.354516 0.260423
vt 0.689274 0.270927
vt 0.690698 0.271433
vt 0.690698 0.273277
vt 0.689274 0.272772
vt 0.692123 0.281488
vt 0.690698 0.281654
vt 0.690698 0.279810
vt 0.692123 0.279643
vt 0.354516 0.064978
vt 0.681799 0.064978
vt 0.681799 0.066411
vt 0.354516 0.066411
vt 0.699244 0.283054
vt 0.699244 0.281209
vt 0.354516 0.057498
vt 0.681799 0.057498
vt 0.687850 0.270033
vt 0.687850 0.271877
vt 0.354516 0.257230
vt 0.681799 0.257230
vt 0.354516 0.358443
vt 0.681799 0.358443
vt 0.681799 0.360124
vt 0.354516 0.360124
vt 0.354516 0.086080
vt 0.681799 0.086080
vt 0.681799 0.087762
vt 0.354516 0.087762
vt 0.689274 0.291696
vt 0.687850 0.292590
vt 0.687850 0.290745
vt 0.689274 0.289851
vt 0.689274 0.482415
vt 0.687850 0.483309
vt 0.687850 0.481465
vt 0.689274 0.480570
vt 0.694971 0.481743
vt 0.693547 0.481669
vt 0.693547 0.479824
vt 0.694971 0.479899
vt 0.694971 0.291024
vt 0.693547 0.290949
vt 0.693547 0.289105
vt 0.694971 0.289179
vt 0.354516 0.080283
vt 0.681799 0.080283
vt 0.681799 0.081709
vt 0.354516 0.081709
vt 0.354516 0.352645
vt 0.681799 0.352645
vt 0.681799 0.354071
vt 0.354516 0.354071
vt 0.354516 0.077337
vt 0.681799 0.077337
vt 0.681799 0.078849
vt 0.354516 0.078849
vt 0.697820 0.482415
vt 0.696395 0.481909
vt 0.696395 0.480065
vt 0.697820 0.480570
vt 0.692122 0.291024
vt 0.690698 0.291190
vt 0.690698 0.289346
vt 0.692122 0.289179
vt 0.354516 0.355497
vt 0.681799 0.355497
vt 0.681799 0.356931
vt 0.354516 0.356931
vt 0.354516 0.349700
vt 0.681799 0.349700
vt 0.681799 0.351211
vt 0.354516 0.351211
vt 0.697820 0.291696
vt 0.696395 0.291190
vt 0.696395 0.289346
vt 0.697820 0.289851
vt 0.692123 0.481743
vt 0.690698 0.481909
vt 0.690698 0.480065
vt 0.692123 0.479899
vt 0.354516 0.083135
vt 0.681799 0.083135
vt 0.681799 0.084569
vt 0.354516 0.084569
vt 0.699244 0.483309
vt 0.699244 0.481465
vt 0.354516 0.075655
vt 0.681799 0.075655
vt 0.699244 0.292590
vt 0.699244 0.290745
vt 0.354516 0.348018
vt 0.681799 0.348018
vt 0.354516 0.104238
vt 0.681799 0.104238
vt 0.681799 0.105920
vt 0.354516 0.105920
vt 0.476965 0.669692
vt 0.476965 0.996975
vt 0.475120 0.996975
vt 0.475120 0.669692
vt 0.021183 0.249498
vt 0.348465 0.249498
vt 0.348465 0.251180
vt 0.021183 0.251180
vt 0.689274 0.863852
vt 0.687849 0.864746
vt 0.687849 0.862902
vt 0.689274 0.862007
vt 0.689274 0.015152
vt 0.687850 0.016046
vt 0.687850 0.014202
vt 0.689274 0.013308
vt 0.694971 0.014481
vt 0.693547 0.014406
vt 0.693547 0.012561
vt 0.694971 0.012636
vt 0.694971 0.863180
vt 0.693547 0.863106
vt 0.693547 0.861261
vt 0.694971 0.861336
vt 0.021183 0.243700
vt 0.348465 0.243700
vt 0.348465 0.245126
vt 0.021183 0.245126
vt 0.354516 0.098440
vt 0.681799 0.098440
vt 0.681799 0.099866
vt 0.354516 0.099866
vt 0.021183 0.240755
vt 0.348465 0.240755
vt 0.348465 0.242266
vt 0.021183 0.242266
vt 0.697820 0.015152
vt 0.696395 0.014647
vt 0.696395 0.012802
vt 0.697820 0.013308
vt 0.692122 0.863180
vt 0.690698 0.863346
vt 0.690698 0.861502
vt 0.692122 0.861336
vt 0.354516 0.101293
vt 0.681799 0.101292
vt 0.681799 0.102726
vt 0.354516 0.102726
vt 0.354516 0.095495
vt 0.681799 0.095495
vt 0.681799 0.097006
vt 0.354516 0.097006
vt 0.697820 0.863852
vt 0.696395 0.863346
vt 0.696395 0.861502
vt 0.697820 0.862007
vt 0.692122 0.014481
vt 0.690698 0.014647
vt 0.690698 0.012802
vt 0.692122 0.012636
vt 0.021183 0.246552
vt 0.348465 0.246552
vt 0.348465 0.247986
vt 0.021183 0.247986
vt 0.699244 0.016046
vt 0.699244 0.014202
vt 0.021183 0.239073
vt 0.348465 0.239073
vt 0.699244 0.864746
vt 0.699244 0.862902
vt 0.354516 0.093813
vt 0.681799 0.093813
vt 0.021183 0.086080
vt 0.348465 0.086080
vt 0.348465 0.087762
vt 0.021183 0.087762
vt 0.354516 0.122395
vt 0.681799 0.122395
vt 0.681799 0.124077
vt 0.354516 0.124077
vt 0.689274 0.301232
vt 0.687850 0.302126
vt 0.687850 0.300281
vt 0.689274 0.299387
vt 0.689274 0.310768
vt 0.687850 0.311662
vt 0.687850 0.309817
vt 0.689274 0.308923
vt 0.694971 0.310096
vt 0.693547 0.310021
vt 0.693547 0.308177
vt 0.694971 0.308251
vt 0.694971 0.300560
vt 0.693547 0.300485
vt 0.693547 0.298641
vt 0.694971 0.298715
vt 0.354516 0.116598
vt 0.681799 0.116597
vt 0.681799 0.118024
vt 0.354516 0.118024
vt 0.021183 0.080282
vt 0.348465 0.080282
vt 0.348465 0.081709
vt 0.021183 0.081709
vt 0.354516 0.113652
vt 0.681799 0.113652
vt 0.681799 0.115164
vt 0.354516 0.115164
vt 0.697820 0.310768
vt 0.696395 0.310262
vt 0.696395 0.308417
vt 0.697820 0.308923
vt 0.692122 0.300560
vt 0.690698 0.300726
vt 0.690698 0.298882
vt 0.692122 0.298715
vt 0.021183 0.083135
vt 0.348465 0.083135
vt 0.348465 0.084569
vt 0.021183 0.084569
vt 0.021183 0.077337
vt 0.348465 0.077337
vt 0.348465 0.078848
vt 0.021183 0.078849
vt 0.697820 0.301232
vt 0.696395 0.300726
vt 0.696395 0.298882
vt 0.697820 0.299387
vt 0.692122 0.310096
vt 0.690698 0.310262
vt 0.690698 0.308417
vt 0.692122 0.308251
vt 0.354516 0.119450
vt 0.681799 0.119450
vt 0.681799 0.120884
vt 0.354516 0.120884
vt 0.699244 0.311662
vt 0.699244 0.309817
vt 0.354516 0.111970
vt 0.681799 0.111970
vt 0.699244 0.302126
vt 0.699244 0.300281
vt 0.021183 0.075655
vt 0.348465 0.075655
vt 0.354516 0.140553
vt 0.681799 0.140553
vt 0.681799 0.142235
vt 0.354516 0.142235
vt 0.555919 0.669692
vt 0.555919 0.996975
vt 0.554075 0.996975
vt 0.554075 0.669692
vt 0.041022 0.336359
vt 0.041022 0.663641
vt 0.039340 0.663641
vt 0.039340 0.336359
vt 0.689274 0.024688
vt 0.687850 0.025582
vt 0.687850 0.023738
vt 0.689274 0.022844
vt 0.689274 0.005616
vt 0.687850 0.006510
vt 0.687850 0.004666
vt 0.689274 0.003772
vt 0.694971 0.004945
vt 0.693547 0.004870
vt 0.693547 0.003025
vt 0.694971 0.003100
vt 0.694971 0.024017
vt 0.693547 0.023942
vt 0.693547 0.022097
vt 0.694971 0.022172
vt 0.046820 0.336359
vt 0.046820 0.663641
vt 0.045394 0.663641
vt 0.045394 0.336359
vt 0.354516 0.134755
vt 0.681799 0.134755
vt 0.681799 0.136181
vt 0.354516 0.136181
vt 0.049765 0.336359
vt 0.049765 0.663641
vt 0.048254 0.663641
vt 0.048254 0.336359
vt 0.697820 0.005616
vt 0.696395 0.005111
vt 0.696395 0.003266
vt 0.697820 0.003772
vt 0.692122 0.024017
vt 0.690698 0.024183
vt 0.690698 0.022338
vt 0.692122 0.022172
vt 0.354516 0.137607
vt 0.681799 0.137607
vt 0.681799 0.139041
vt 0.354516 0.139041
vt 0.354516 0.131810
vt 0.681799 0.131810
vt 0.681799 0.133321
vt 0.354516 0.133321
vt 0.697820 0.024688
vt 0.696395 0.024183
vt 0.696395 0.022338
vt 0.697820 0.022844
vt 0.692122 0.004945
vt 0.690698 0.005111
vt 0.690698 0.003266
vt 0.692122 0.003100
vt 0.043967 0.336359
vt 0.043967 0.663641
vt 0.042534 0.663641
vt 0.042534 0.336359
vt 0.699244 0.006510
vt 0.699244 0.004666
vt 0.051447 0.336359
vt 0.051447 0.663641
vt 0.699244 0.025582
vt 0.699244 0.023738
vt 0.354516 0.130128
vt 0.681799 0.130128
vt 0.354516 0.376600
vt 0.681799 0.376600
vt 0.681799 0.378282
vt 0.354516 0.378282
vt 0.354516 0.158710
vt 0.681799 0.158710
vt 0.681799 0.160392
vt 0.354516 0.160392
vt 0.689274 0.549166
vt 0.687850 0.550061
vt 0.687850 0.548216
vt 0.689274 0.547322
vt 0.689274 0.491951
vt 0.687850 0.492845
vt 0.687850 0.491000
vt 0.689274 0.490106
vt 0.694971 0.491279
vt 0.693547 0.491205
vt 0.693547 0.489360
vt 0.694971 0.489435
vt 0.694971 0.548495
vt 0.693547 0.548420
vt 0.693547 0.546575
vt 0.694971 0.546650
vt 0.354516 0.152912
vt 0.681799 0.152912
vt 0.681799 0.154339
vt 0.354516 0.154339
vt 0.354516 0.370802
vt 0.681799 0.370802
vt 0.681799 0.372229
vt 0.354516 0.372229
vt 0.354516 0.149967
vt 0.681799 0.149967
vt 0.681799 0.151479
vt 0.354516 0.151479
vt 0.697820 0.491951
vt 0.696395 0.491445
vt 0.696395 0.489601
vt 0.697820 0.490106
vt 0.692122 0.548495
vt 0.690698 0.548661
vt 0.690698 0.546816
vt 0.692122 0.546650
vt 0.354516 0.373655
vt 0.681799 0.373655
vt 0.681799 0.375089
vt 0.354516 0.375089
vt 0.354516 0.367857
vt 0.681799 0.367857
vt 0.681799 0.369368
vt 0.354516 0.369368
vt 0.697820 0.549166
vt 0.696395 0.548661
vt 0.696395 0.546816
vt 0.697820 0.547322
vt 0.692122 0.491279
vt 0.690698 0.491445
vt 0.690698 0.489601
vt 0.692122 0.489435
vt 0.354516 0.155765
vt 0.681799 0.155765
vt 0.681799 0.157199
vt 0.354516 0.157199
vt 0.699244 0.492845
vt 0.699244 0.491000
vt 0.354516 0.148285
vt 0.681799 0.148285
vt 0.699244 0.550061
vt 0.699244 0.548216
vt 0.354516 0.366175
vt 0.681799 0.366175
vt 0.440487 0.669692
vt 0.440487 0.996974
vt 0.438805 0.996974
vt 0.438805 0.669692
vt 0.563815 0.669692
vt 0.563815 0.996975
vt 0.561970 0.996975
vt 0.561970 0.669692
vt 0.195025 0.996974
vt 0.195025 0.669692
vt 0.196707 0.669692
vt 0.196707 0.996974
vt 0.697820 0.804940
vt 0.699244 0.804045
vt 0.699244 0.805890
vt 0.697820 0.806784
vt 0.689274 0.558702
vt 0.687850 0.559596
vt 0.687850 0.557752
vt 0.689274 0.556858
vt 0.694971 0.558031
vt 0.693547 0.557956
vt 0.693547 0.556111
vt 0.694971 0.556186
vt 0.692122 0.805611
vt 0.693547 0.805686
vt 0.693547 0.807530
vt 0.692122 0.807456
vt 0.189227 0.996974
vt 0.189227 0.669692
vt 0.190654 0.669692
vt 0.190654 0.996974
vt 0.446285 0.669692
vt 0.446285 0.996974
vt 0.444858 0.996974
vt 0.444858 0.669692
vt 0.186282 0.996974
vt 0.186282 0.669692
vt 0.187793 0.669692
vt 0.187793 0.996974
vt 0.697820 0.558702
vt 0.696395 0.558197
vt 0.696395 0.556352
vt 0.697820 0.556858
vt 0.694971 0.805611
vt 0.696395 0.805445
vt 0.696395 0.807290
vt 0.694971 0.807456
vt 0.443432 0.669692
vt 0.443432 0.996974
vt 0.441998 0.996974
vt 0.441998 0.669692
vt 0.449230 0.669692
vt 0.449230 0.996974
vt 0.447719 0.996974
vt 0.447719 0.669692
vt 0.689274 0.804940
vt 0.690698 0.805445
vt 0.690698 0.807290
vt 0.689274 0.806784
vt 0.692122 0.558031
vt 0.690698 0.558197
vt 0.690698 0.556352
vt 0.692122 0.556186
vt 0.192080 0.996974
vt 0.192080 0.669692
vt 0.193514 0.669692
vt 0.193514 0.996974
vt 0.699244 0.559596
vt 0.699244 0.557752
vt 0.184600 0.996974
vt 0.184600 0.669692
vt 0.687849 0.804045
vt 0.687849 0.805890
vt 0.450912 0.669692
vt 0.450912 0.996974
vt 0.354516 0.394758
vt 0.681799 0.394758
vt 0.681799 0.396439
vt 0.354516 0.396439
vt 0.422329 0.669692
vt 0.422329 0.996974
vt 0.420648 0.996974
vt 0.420648 0.669692
vt 0.689274 0.320303
vt 0.687850 0.321198
vt 0.687850 0.319353
vt 0.689274 0.318459
vt 0.689274 0.568238
vt 0.687850 0.569132
vt 0.687850 0.567288
vt 0.689274 0.566394
vt 0.694971 0.567567
vt 0.693547 0.567492
vt 0.693547 0.565647
vt 0.694971 0.565722
vt 0.694971 0.319632
vt 0.693547 0.319557
vt 0.693547 0.317713
vt 0.694971 0.317787
vt 0.428127 0.669692
vt 0.428127 0.996974
vt 0.426701 0.996974
vt 0.426701 0.669692
vt 0.354516 0.388960
vt 0.681799 0.388960
vt 0.681799 0.390386
vt 0.354516 0.390386
vt 0.431072 0.669692
vt 0.431072 0.996974
vt 0.429561 0.996974
vt 0.429561 0.669692
vt 0.697820 0.568238
vt 0.696395 0.567733
vt 0.696395 0.565888
vt 0.697820 0.566394
vt 0.692122 0.319632
vt 0.690698 0.319798
vt 0.690698 0.317953
vt 0.692122 0.317787
vt 0.354516 0.391812
vt 0.681799 0.391812
vt 0.681799 0.393246
vt 0.354516 0.393246
vt 0.354516 0.386014
vt 0.681799 0.386014
vt 0.681799 0.387526
vt 0.354516 0.387526
vt 0.697820 0.320303
vt 0.696395 0.319798
vt 0.696395 0.317953
vt 0.697820 0.318459
vt 0.692123 0.567567
vt 0.690698 0.567733
vt 0.690698 0.565888
vt 0.692123 0.565722
vt 0.425275 0.669692
vt 0.425275 0.996974
vt 0.423841 0.996974
vt 0.423841 0.669692
vt 0.699244 0.569132
vt 0.699244 0.567288
vt 0.432754 0.669692
vt 0.432754 0.996974
vt 0.699244 0.321198
vt 0.699244 0.319353
vt 0.354516 0.384333
vt 0.681799 0.384333
vt 0.681799 0.404172
vt 0.354516 0.404172
vt 0.354516 0.402490
vt 0.681799 0.402490
vt 0.571710 0.669692
vt 0.571710 0.996975
vt 0.569866 0.996975
vt 0.569866 0.669692
vt 0.131810 0.336359
vt 0.131810 0.663641
vt 0.130128 0.663641
vt 0.130128 0.336359
vt 0.697820 0.814476
vt 0.699244 0.813581
vt 0.699244 0.815426
vt 0.697820 0.816320
vt 0.689274 0.577774
vt 0.687850 0.578668
vt 0.687850 0.576824
vt 0.689274 0.575929
vt 0.694971 0.577102
vt 0.693547 0.577028
vt 0.693547 0.575183
vt 0.694971 0.575258
vt 0.692122 0.815147
vt 0.693547 0.815222
vt 0.693547 0.817066
vt 0.692122 0.816992
vt 0.137607 0.336359
vt 0.137607 0.663641
vt 0.136181 0.663641
vt 0.136181 0.336359
vt 0.681799 0.409970
vt 0.354516 0.409970
vt 0.354516 0.408544
vt 0.681799 0.408544
vt 0.140553 0.336359
vt 0.140553 0.663641
vt 0.139041 0.663641
vt 0.139041 0.336359
vt 0.697820 0.577774
vt 0.696395 0.577269
vt 0.696395 0.575424
vt 0.697820 0.575929
vt 0.694971 0.815147
vt 0.696395 0.814981
vt 0.696395 0.816826
vt 0.694971 0.816992
vt 0.681799 0.407117
vt 0.354516 0.407117
vt 0.354516 0.405683
vt 0.681799 0.405683
vt 0.681799 0.412915
vt 0.354516 0.412915
vt 0.354516 0.411404
vt 0.681799 0.411404
vt 0.689274 0.814476
vt 0.690698 0.814981
vt 0.690698 0.816826
vt 0.689274 0.816320
vt 0.692122 0.577102
vt 0.690698 0.577269
vt 0.690698 0.575424
vt 0.692122 0.575258
vt 0.134755 0.336359
vt 0.134755 0.663641
vt 0.133321 0.663641
vt 0.133321 0.336359
vt 0.699244 0.578668
vt 0.699244 0.576824
vt 0.142234 0.336359
vt 0.142234 0.663641
vt 0.687849 0.813581
vt 0.687849 0.815426
vt 0.681799 0.414597
vt 0.354516 0.414597
vt 0.681799 0.313384
vt 0.354516 0.313385
vt 0.354516 0.311703
vt 0.681799 0.311703
vt 0.021183 0.104238
vt 0.348465 0.104238
vt 0.348465 0.105919
vt 0.021183 0.105919
vt 0.689274 0.329839
vt 0.687850 0.330734
vt 0.687850 0.328889
vt 0.689274 0.327995
vt 0.689274 0.034224
vt 0.687850 0.035118
vt 0.687850 0.033274
vt 0.689274 0.032380
vt 0.694971 0.033553
vt 0.693547 0.033478
vt 0.693547 0.031633
vt 0.694971 0.031708
vt 0.694971 0.329168
vt 0.693547 0.329093
vt 0.693547 0.327249
vt 0.694971 0.327323
vt 0.021183 0.098440
vt 0.348465 0.098440
vt 0.348465 0.099866
vt 0.021183 0.099866
vt 0.681799 0.319182
vt 0.354516 0.319182
vt 0.354516 0.317756
vt 0.681799 0.317756
vt 0.021183 0.095495
vt 0.348465 0.095495
vt 0.348465 0.097006
vt 0.021183 0.097006
vt 0.697820 0.034224
vt 0.696395 0.033719
vt 0.696395 0.031874
vt 0.697820 0.032380
vt 0.692123 0.329168
vt 0.690698 0.329334
vt 0.690698 0.327489
vt 0.692123 0.327323
vt 0.681799 0.316330
vt 0.354516 0.316330
vt 0.354516 0.314896
vt 0.681799 0.314896
vt 0.681799 0.322128
vt 0.354516 0.322128
vt 0.354516 0.320616
vt 0.681799 0.320616
vt 0.697820 0.329839
vt 0.696395 0.329334
vt 0.696395 0.327489
vt 0.697820 0.327995
vt 0.692123 0.033553
vt 0.690698 0.033719
vt 0.690698 0.031874
vt 0.692123 0.031708
vt 0.021183 0.101292
vt 0.348465 0.101292
vt 0.348465 0.102726
vt 0.021183 0.102726
vt 0.699244 0.035118
vt 0.699244 0.033274
vt 0.021183 0.093813
vt 0.348465 0.093813
vt 0.699244 0.330734
vt 0.699244 0.328889
vt 0.681799 0.323809
vt 0.354516 0.323809
vt 0.249498 0.663641
vt 0.249498 0.336359
vt 0.251180 0.336359
vt 0.251180 0.663641
vt 0.579606 0.669692
vt 0.579606 0.996975
vt 0.577761 0.996975
vt 0.577761 0.669692
vt 0.358443 0.996975
vt 0.358443 0.669692
vt 0.360124 0.669692
vt 0.360124 0.996975
vt 0.697820 0.824012
vt 0.699244 0.823117
vt 0.699244 0.824962
vt 0.697820 0.825856
vt 0.689274 0.043760
vt 0.687850 0.044654
vt 0.687850 0.042810
vt 0.689274 0.041916
vt 0.694971 0.043089
vt 0.693547 0.043014
vt 0.693547 0.041169
vt 0.694971 0.041244
vt 0.692122 0.824683
vt 0.693547 0.824758
vt 0.693547 0.826602
vt 0.692122 0.826528
vt 0.352645 0.996975
vt 0.352645 0.669692
vt 0.354071 0.669692
vt 0.354071 0.996975
vt 0.243700 0.663641
vt 0.243700 0.336359
vt 0.245126 0.336359
vt 0.245126 0.663641
vt 0.349699 0.996975
vt 0.349699 0.669692
vt 0.351211 0.669692
vt 0.351211 0.996975
vt 0.697820 0.043760
vt 0.696395 0.043255
vt 0.696395 0.041410
vt 0.697820 0.041916
vt 0.694971 0.824683
vt 0.696395 0.824517
vt 0.696395 0.826361
vt 0.694971 0.826528
vt 0.246552 0.663641
vt 0.246552 0.336359
vt 0.247986 0.336359
vt 0.247986 0.663641
vt 0.240755 0.663641
vt 0.240755 0.336359
vt 0.242266 0.336359
vt 0.242266 0.663641
vt 0.689274 0.824012
vt 0.690698 0.824517
vt 0.690698 0.826361
vt 0.689274 0.825856
vt 0.692122 0.043089
vt 0.690698 0.043255
vt 0.690698 0.041410
vt 0.692122 0.041244
vt 0.355497 0.996975
vt 0.355497 0.669692
vt 0.356931 0.669692
vt 0.356931 0.996975
vt 0.699244 0.044654
vt 0.699244 0.042810
vt 0.348018 0.996975
vt 0.348018 0.669692
vt 0.687849 0.823117
vt 0.687849 0.824962
vt 0.239073 0.663641
vt 0.239073 0.336359
vt 0.004707 0.003025
vt 0.004707 0.330308
vt 0.003025 0.330308
vt 0.003025 0.003025
vt 0.681799 0.422330
vt 0.354516 0.422330
vt 0.354516 0.420648
vt 0.681799 0.420648
vt 0.689274 0.835244
vt 0.687849 0.836138
vt 0.687849 0.834294
vt 0.689274 0.833399
vt 0.689274 0.587310
vt 0.687850 0.588204
vt 0.687850 0.586360
vt 0.689274 0.585465
vt 0.694971 0.586638
vt 0.693547 0.586564
vt 0.693547 0.584719
vt 0.694971 0.584794
vt 0.694971 0.834572
vt 0.693547 0.834498
vt 0.693547 0.832653
vt 0.694971 0.832728
vt 0.681799 0.428127
vt 0.354516 0.428127
vt 0.354516 0.426701
vt 0.681799 0.426701
vt 0.010505 0.003025
vt 0.010505 0.330308
vt 0.009079 0.330308
vt 0.009079 0.003025
vt 0.681799 0.431073
vt 0.354516 0.431073
vt 0.354516 0.429561
vt 0.681799 0.429561
vt 0.697820 0.587310
vt 0.696395 0.586805
vt 0.696395 0.584960
vt 0.697820 0.585465
vt 0.692122 0.834572
vt 0.690698 0.834739
vt 0.690698 0.832894
vt 0.692122 0.832728
vt 0.007652 0.003025
vt 0.007652 0.330308
vt 0.006219 0.330308
vt 0.006219 0.003025
vt 0.013450 0.003025
vt 0.013450 0.330308
vt 0.011939 0.330308
vt 0.011939 0.003025
vt 0.697820 0.835244
vt 0.696395 0.834739
vt 0.696395 0.832894
vt 0.697820 0.833399
vt 0.692123 0.586638
vt 0.690698 0.586805
vt 0.690698 0.584960
vt 0.692123 0.584794
vt 0.681799 0.425275
vt 0.354516 0.425275
vt 0.354516 0.423841
vt 0.681799 0.423841
vt 0.699244 0.588204
vt 0.699244 0.586360
vt 0.681799 0.432754
vt 0.354516 0.432754
vt 0.699244 0.836138
vt 0.699244 0.834294
vt 0.015132 0.003025
vt 0.015132 0.330308
vt 0.021183 0.122395
vt 0.348465 0.122395
vt 0.348465 0.124077
vt 0.021183 0.124077
vt 0.484860 0.669692
vt 0.484860 0.996975
vt 0.483016 0.996975
vt 0.483016 0.669692
vt 0.258912 0.336359
vt 0.258912 0.663641
vt 0.257230 0.663641
vt 0.257230 0.336359
vt 0.697820 0.337679
vt 0.699244 0.336785
vt 0.699244 0.338629
vt 0.697820 0.339523
vt 0.689274 0.596846
vt 0.687850 0.597740
vt 0.687850 0.595896
vt 0.689274 0.595001
vt 0.694971 0.596174
vt 0.693547 0.596100
vt 0.693547 0.594255
vt 0.694971 0.594330
vt 0.692122 0.338351
vt 0.693547 0.338425
vt 0.693547 0.340270
vt 0.692122 0.340195
vt 0.264710 0.336359
vt 0.264710 0.663641
vt 0.263284 0.663641
vt 0.263284 0.336359
vt 0.021183 0.116597
vt 0.348465 0.116597
vt 0.348465 0.118024
vt 0.021183 0.118024
vt 0.267655 0.336359
vt 0.267655 0.663641
vt 0.266144 0.663641
vt 0.266144 0.336359
vt 0.697820 0.596846
vt 0.696395 0.596340
vt 0.696395 0.594496
vt 0.697820 0.595001
vt 0.694971 0.338351
vt 0.696395 0.338184
vt 0.696395 0.340029
vt 0.694971 0.340195
vt 0.021183 0.119450
vt 0.348465 0.119450
vt 0.348465 0.120884
vt 0.021183 0.120884
vt 0.021183 0.113652
vt 0.348465 0.113652
vt 0.348465 0.115163
vt 0.021183 0.115164
vt 0.689274 0.337679
vt 0.690698 0.338184
vt 0.690698 0.340029
vt 0.689274 0.339523
vt 0.692122 0.596174
vt 0.690698 0.596340
vt 0.690698 0.594496
vt 0.692122 0.594330
vt 0.261858 0.336359
vt 0.261858 0.663641
vt 0.260424 0.663641
vt 0.260424 0.336359
vt 0.699244 0.597740
vt 0.699244 0.595896
vt 0.269337 0.336359
vt 0.269337 0.663641
vt 0.687850 0.336785
vt 0.687850 0.338629
vt 0.021183 0.111970
vt 0.348465 0.111970
vt 0.021183 0.013450
vt 0.348465 0.013450
vt 0.348465 0.015132
vt 0.021183 0.015132
vt 0.277070 0.336359
vt 0.277070 0.663641
vt 0.275388 0.663641
vt 0.275388 0.336359
vt 0.689274 0.844780
vt 0.687849 0.845674
vt 0.687849 0.843830
vt 0.689274 0.842935
vt 0.689274 0.606382
vt 0.687850 0.607276
vt 0.687850 0.605432
vt 0.689274 0.604537
vt 0.694971 0.605710
vt 0.693547 0.605636
vt 0.693547 0.603791
vt 0.694971 0.603866
vt 0.694971 0.844108
vt 0.693547 0.844034
vt 0.693547 0.842189
vt 0.694971 0.842264
vt 0.282868 0.336359
vt 0.282868 0.663641
vt 0.281441 0.663641
vt 0.281441 0.336359
vt 0.021183 0.007653
vt 0.348465 0.007653
vt 0.348465 0.009079
vt 0.021183 0.009079
vt 0.285813 0.336359
vt 0.285813 0.663641
vt 0.284301 0.663641
vt 0.284301 0.336359
vt 0.697820 0.606382
vt 0.696395 0.605876
vt 0.696395 0.604032
vt 0.697820 0.604537
vt 0.692122 0.844108
vt 0.690698 0.844275
vt 0.690698 0.842430
vt 0.692122 0.842264
vt 0.021183 0.010505
vt 0.348465 0.010505
vt 0.348465 0.011939
vt 0.021183 0.011939
vt 0.021183 0.004707
vt 0.348465 0.004707
vt 0.348465 0.006219
vt 0.021183 0.006219
vt 0.697819 0.844780
vt 0.696395 0.844275
vt 0.696395 0.842430
vt 0.697820 0.842936
vt 0.692123 0.605710
vt 0.690698 0.605876
vt 0.690698 0.604032
vt 0.692123 0.603866
vt 0.280015 0.336359
vt 0.280015 0.663641
vt 0.278581 0.663641
vt 0.278581 0.336359
vt 0.699244 0.607276
vt 0.699244 0.605432
vt 0.287495 0.336359
vt 0.287495 0.663641
vt 0.699244 0.845674
vt 0.699244 0.843830
vt 0.021183 0.003025
vt 0.348465 0.003025
vt 0.021183 0.140553
vt 0.348465 0.140553
vt 0.348465 0.142235
vt 0.021183 0.142235
vt 0.587501 0.669692
vt 0.587501 0.996975
vt 0.585657 0.996975
vt 0.585657 0.669692
vt 0.394758 0.996974
vt 0.394758 0.669692
vt 0.396439 0.669692
vt 0.396439 0.996974
vt 0.689274 0.873388
vt 0.687850 0.874282
vt 0.687850 0.872437
vt 0.689274 0.871543
vt 0.689274 0.615918
vt 0.687850 0.616812
vt 0.687850 0.614967
vt 0.689274 0.614073
vt 0.694971 0.615246
vt 0.693547 0.615171
vt 0.693547 0.613327
vt 0.694971 0.613401
vt 0.694971 0.872716
vt 0.693547 0.872642
vt 0.693547 0.870797
vt 0.694971 0.870872
vt 0.388960 0.996974
vt 0.388960 0.669692
vt 0.390386 0.669692
vt 0.390386 0.996974
vt 0.021183 0.134755
vt 0.348465 0.134755
vt 0.348465 0.136181
vt 0.021183 0.136181
vt 0.386014 0.996974
vt 0.386014 0.669692
vt 0.387526 0.669692
vt 0.387526 0.996974
vt 0.697820 0.615918
vt 0.696395 0.615412
vt 0.696395 0.613568
vt 0.697820 0.614073
vt 0.692122 0.872716
vt 0.690698 0.872882
vt 0.690698 0.871038
vt 0.692122 0.870872
vt 0.021183 0.137607
vt 0.348465 0.137607
vt 0.348465 0.139041
vt 0.021183 0.139041
vt 0.021183 0.131810
vt 0.348465 0.131810
vt 0.348465 0.133321
vt 0.021183 0.133321
vt 0.697820 0.873388
vt 0.696395 0.872882
vt 0.696395 0.871038
vt 0.697820 0.871543
vt 0.692123 0.615246
vt 0.690698 0.615412
vt 0.690698 0.613568
vt 0.692123 0.613401
vt 0.391812 0.996974
vt 0.391812 0.669692
vt 0.393246 0.669692
vt 0.393246 0.996974
vt 0.699244 0.616812
vt 0.699244 0.614967
vt 0.384333 0.996974
vt 0.384333 0.669692
vt 0.699244 0.874282
vt 0.699244 0.872437
vt 0.021183 0.130128
vt 0.348465 0.130128
vt 0.021183 0.049765
vt 0.348465 0.049765
vt 0.348465 0.051447
vt 0.021183 0.051447
vt 0.303970 0.663641
vt 0.303970 0.336359
vt 0.305652 0.336359
vt 0.305652 0.663641
vt 0.689274 0.625454
vt 0.687850 0.626348
vt 0.687850 0.624503
vt 0.689274 0.623609
vt 0.697820 0.051600
vt 0.699244 0.050705
vt 0.699244 0.052550
vt 0.697820 0.053444
vt 0.692123 0.052271
vt 0.693547 0.052346
vt 0.693547 0.054190
vt 0.692123 0.054116
vt 0.694971 0.624782
vt 0.693547 0.624707
vt 0.693547 0.622863
vt 0.694971 0.622937
vt 0.298173 0.663641
vt 0.298172 0.336359
vt 0.299599 0.336359
vt 0.299599 0.663641
vt 0.021183 0.043967
vt 0.348465 0.043967
vt 0.348465 0.045394
vt 0.021183 0.045394
vt 0.295227 0.663641
vt 0.295227 0.336359
vt 0.296739 0.336359
vt 0.296739 0.663641
vt 0.689274 0.051600
vt 0.690698 0.052105
vt 0.690698 0.053950
vt 0.689274 0.053444
vt 0.692122 0.624782
vt 0.690698 0.624948
vt 0.690698 0.623104
vt 0.692122 0.622937
vt 0.021183 0.046820
vt 0.348465 0.046820
vt 0.348465 0.048254
vt 0.021183 0.048254
vt 0.021183 0.041022
vt 0.348465 0.041022
vt 0.348465 0.042533
vt 0.021183 0.042534
vt 0.697820 0.625454
vt 0.696395 0.624948
vt 0.696395 0.623104
vt 0.697820 0.623609
vt 0.694971 0.052271
vt 0.696395 0.052105
vt 0.696395 0.053950
vt 0.694971 0.054116
vt 0.301025 0.663641
vt 0.301025 0.336359
vt 0.302459 0.336359
vt 0.302459 0.663641
vt 0.687850 0.050705
vt 0.687850 0.052550
vt 0.293545 0.663641
vt 0.293545 0.336359
vt 0.699244 0.626348
vt 0.699244 0.624503
vt 0.021183 0.039340
vt 0.348465 0.039340
vt 0.059180 0.336359
vt 0.059180 0.663641
vt 0.057498 0.663641
vt 0.057498 0.336359
vt 0.492756 0.669692
vt 0.492756 0.996975
vt 0.490911 0.996975
vt 0.490911 0.669692
vt 0.412915 0.996974
vt 0.412915 0.669692
vt 0.414597 0.669692
vt 0.414597 0.996974
vt 0.689274 0.634989
vt 0.687850 0.635884
vt 0.687850 0.634039
vt 0.689274 0.633145
vt 0.689274 0.882924
vt 0.687850 0.883818
vt 0.687850 0.881973
vt 0.689274 0.881079
vt 0.694971 0.882252
vt 0.693547 0.882177
vt 0.693547 0.880333
vt 0.694971 0.880408
vt 0.694971 0.634318
vt 0.693547 0.634243
vt 0.693547 0.632399
vt 0.694971 0.632473
vt 0.407117 0.996974
vt 0.407117 0.669692
vt 0.408543 0.669692
vt 0.408543 0.996974
vt 0.064977 0.336359
vt 0.064977 0.663641
vt 0.063551 0.663641
vt 0.063551 0.336359
vt 0.404172 0.996974
vt 0.404172 0.669692
vt 0.405683 0.669692
vt 0.405683 0.996974
vt 0.697820 0.882924
vt 0.696395 0.882418
vt 0.696395 0.880574
vt 0.697820 0.881079
vt 0.692123 0.634318
vt 0.690698 0.634484
vt 0.690698 0.632639
vt 0.692123 0.632473
vt 0.062125 0.336359
vt 0.062125 0.663641
vt 0.060691 0.663641
vt 0.060691 0.336359
vt 0.067923 0.336359
vt 0.067923 0.663641
vt 0.066411 0.663641
vt 0.066411 0.336359
vt 0.697820 0.634989
vt 0.696395 0.634484
vt 0.696395 0.632639
vt 0.697820 0.633145
vt 0.692122 0.882252
vt 0.690698 0.882418
vt 0.690698 0.880574
vt 0.692122 0.880408
vt 0.409970 0.996974
vt 0.409970 0.669692
vt 0.411404 0.669692
vt 0.411404 0.996974
vt 0.699244 0.883818
vt 0.699244 0.881973
vt 0.402490 0.996974
vt 0.402490 0.669692
vt 0.699244 0.635884
vt 0.699244 0.634039
vt 0.069604 0.336359
vt 0.069604 0.663641
vt 0.021183 0.267655
vt 0.348465 0.267655
vt 0.348465 0.269337
vt 0.021183 0.269337
vt 0.322128 0.663641
vt 0.322128 0.336359
vt 0.323810 0.336359
vt 0.323810 0.663641
vt 0.689274 0.062832
vt 0.687850 0.063726
vt 0.687850 0.061882
vt 0.689274 0.060988
vt 0.689274 0.644525
vt 0.687850 0.645420
vt 0.687850 0.643575
vt 0.689274 0.642681
vt 0.694971 0.643854
vt 0.693547 0.643779
vt 0.693547 0.641935
vt 0.694971 0.642009
vt 0.694971 0.062161
vt 0.693547 0.062086
vt 0.693547 0.060241
vt 0.694971 0.060316
vt 0.316330 0.663641
vt 0.316330 0.336359
vt 0.317756 0.336359
vt 0.317756 0.663641
vt 0.021183 0.261857
vt 0.348465 0.261857
vt 0.348465 0.263284
vt 0.021183 0.263284
vt 0.313385 0.663641
vt 0.313385 0.336359
vt 0.314896 0.336359
vt 0.314896 0.663641
vt 0.697820 0.644525
vt 0.696395 0.644020
vt 0.696395 0.642175
vt 0.697820 0.642681
vt 0.692122 0.062161
vt 0.690698 0.062327
vt 0.690698 0.060482
vt 0.692122 0.060316
vt 0.021183 0.264710
vt 0.348465 0.264710
vt 0.348465 0.266144
vt 0.021183 0.266144
vt 0.021183 0.258912
vt 0.348465 0.258912
vt 0.348465 0.260424
vt 0.021183 0.260424
vt 0.697820 0.062832
vt 0.696395 0.062327
vt 0.696395 0.060482
vt 0.697820 0.060988
vt 0.692122 0.643854
vt 0.690698 0.644020
vt 0.690698 0.642175
vt 0.692122 0.642009
vt 0.319183 0.663641
vt 0.319182 0.336359
vt 0.320616 0.336359
vt 0.320616 0.663641
vt 0.699244 0.645420
vt 0.699244 0.643575
vt 0.311703 0.663641
vt 0.311703 0.336359
vt 0.699244 0.063726
vt 0.699244 0.061882
vt 0.021183 0.257230
vt 0.348465 0.257230
vt 0.077337 0.336359
vt 0.077337 0.663641
vt 0.075655 0.663641
vt 0.075655 0.336359
vt 0.595396 0.669692
vt 0.595396 0.996975
vt 0.593552 0.996975
vt 0.593552 0.669692
vt 0.331542 0.336359
vt 0.331542 0.663641
vt 0.329861 0.663641
vt 0.329861 0.336359
vt 0.689274 0.654061
vt 0.687850 0.654955
vt 0.687850 0.653111
vt 0.689274 0.652217
vt 0.689274 0.663597
vt 0.687850 0.664491
vt 0.687850 0.662647
vt 0.689274 0.661753
vt 0.694971 0.662926
vt 0.693547 0.662851
vt 0.693547 0.661006
vt 0.694971 0.661081
vt 0.694971 0.653390
vt 0.693547 0.653315
vt 0.693547 0.651470
vt 0.694971 0.651545
vt 0.337340 0.336359
vt 0.337340 0.663641
vt 0.335914 0.663641
vt 0.335914 0.336359
vt 0.083135 0.336359
vt 0.083135 0.663641
vt 0.081709 0.663641
vt 0.081709 0.336359
vt 0.340285 0.336359
vt 0.340285 0.663641
vt 0.338774 0.663641
vt 0.338774 0.336359
vt 0.697820 0.663597
vt 0.696395 0.663092
vt 0.696395 0.661247
vt 0.697820 0.661753
vt 0.692123 0.653390
vt 0.690698 0.653556
vt 0.690698 0.651711
vt 0.692123 0.651545
vt 0.080282 0.336359
vt 0.080282 0.663641
vt 0.078848 0.663641
vt 0.078848 0.336359
vt 0.086080 0.336359
vt 0.086080 0.663641
vt 0.084569 0.663641
vt 0.084569 0.336359
vt 0.697820 0.654061
vt 0.696395 0.653556
vt 0.696395 0.651711
vt 0.697820 0.652217
vt 0.692123 0.662926
vt 0.690698 0.663092
vt 0.690698 0.661247
vt 0.692123 0.661081
vt 0.334487 0.336359
vt 0.334487 0.663641
vt 0.333054 0.663641
vt 0.333054 0.336359
vt 0.699244 0.664491
vt 0.699244 0.662647
vt 0.341967 0.336359
vt 0.341967 0.663641
vt 0.699244 0.654955
vt 0.699244 0.653111
vt 0.087762 0.336359
vt 0.087762 0.663641
vt 0.021183 0.158710
vt 0.348465 0.158710
vt 0.348465 0.160392
vt 0.021183 0.160392
vt 0.681799 0.331542
vt 0.354516 0.331542
vt 0.354516 0.329860
vt 0.681799 0.329860
vt 0.689274 0.072368
vt 0.687850 0.073262
vt 0.687850 0.071418
vt 0.689274 0.070524
vt 0.689274 0.673133
vt 0.687850 0.674027
vt 0.687850 0.672183
vt 0.689274 0.671289
vt 0.694971 0.672461
vt 0.693547 0.672387
vt 0.693547 0.670542
vt 0.694971 0.670617
vt 0.694971 0.071697
vt 0.693547 0.071622
vt 0.693547 0.069777
vt 0.694971 0.069852
vt 0.681799 0.337340
vt 0.354516 0.337340
vt 0.354516 0.335914
vt 0.681799 0.335914
vt 0.021183 0.152912
vt 0.348465 0.152912
vt 0.348465 0.154339
vt 0.021183 0.154339
vt 0.681799 0.340285
vt 0.354516 0.340285
vt 0.354516 0.338774
vt 0.681799 0.338774
vt 0.697820 0.673133
vt 0.696395 0.672628
vt 0.696395 0.670783
vt 0.697820 0.671289
vt 0.692122 0.071697
vt 0.690698 0.071863
vt 0.690698 0.070018
vt 0.692122 0.069852
vt 0.021183 0.155765
vt 0.348465 0.155765
vt 0.348465 0.157199
vt 0.021183 0.157199
vt 0.021183 0.149967
vt 0.348465 0.149967
vt 0.348465 0.151479
vt 0.021183 0.151479
vt 0.697820 0.072368
vt 0.696395 0.071863
vt 0.696395 0.070018
vt 0.697820 0.070524
vt 0.692123 0.672461
vt 0.690698 0.672628
vt 0.690698 0.670783
vt 0.692123 0.670617
vt 0.681799 0.334487
vt 0.354516 0.334487
vt 0.354516 0.333053
vt 0.681799 0.333053
vt 0.699244 0.674027
vt 0.699244 0.672183
vt 0.681799 0.341967
vt 0.354516 0.341967
vt 0.699244 0.073262
vt 0.699244 0.071418
vt 0.021183 0.148285
vt 0.348465 0.148285
vt 0.195025 0.663641
vt 0.195025 0.336359
vt 0.196707 0.336359
vt 0.196707 0.663641
vt 0.603292 0.669692
vt 0.603292 0.996975
vt 0.601447 0.996975
vt 0.601447 0.669692
vt 0.681799 0.004707
vt 0.354516 0.004707
vt 0.354516 0.003026
vt 0.681799 0.003025
vt 0.689274 0.892460
vt 0.687850 0.893354
vt 0.687850 0.891509
vt 0.689274 0.890615
vt 0.689274 0.081904
vt 0.687850 0.082798
vt 0.687850 0.080954
vt 0.689274 0.080060
vt 0.694971 0.081233
vt 0.693547 0.081158
vt 0.693547 0.079313
vt 0.694971 0.079388
vt 0.694971 0.891788
vt 0.693547 0.891713
vt 0.693547 0.889869
vt 0.694971 0.889943
vt 0.681799 0.010505
vt 0.354516 0.010505
vt 0.354516 0.009079
vt 0.681799 0.009079
vt 0.189227 0.663641
vt 0.189227 0.336359
vt 0.190654 0.336359
vt 0.190654 0.663641
vt 0.681799 0.013450
vt 0.354516 0.013450
vt 0.354516 0.011939
vt 0.681799 0.011939
vt 0.697820 0.081904
vt 0.696395 0.081399
vt 0.696395 0.079554
vt 0.697820 0.080060
vt 0.692122 0.891788
vt 0.690698 0.891954
vt 0.690698 0.890110
vt 0.692122 0.889943
vt 0.192080 0.663641
vt 0.192080 0.336359
vt 0.193514 0.336359
vt 0.193514 0.663641
vt 0.186282 0.663641
vt 0.186282 0.336359
vt 0.187793 0.336359
vt 0.187793 0.663641
vt 0.697820 0.892460
vt 0.696395 0.891954
vt 0.696395 0.890110
vt 0.697820 0.890615
vt 0.692122 0.081233
vt 0.690698 0.081399
vt 0.690698 0.079554
vt 0.692122 0.079388
vt 0.681799 0.007652
vt 0.354516 0.007653
vt 0.354516 0.006219
vt 0.681799 0.006219
vt 0.699244 0.082798
vt 0.699244 0.080954
vt 0.681799 0.015132
vt 0.354516 0.015132
vt 0.699244 0.893354
vt 0.699244 0.891509
vt 0.184600 0.663641
vt 0.184600 0.336359
vt 0.204440 0.669692
vt 0.204440 0.996974
vt 0.202758 0.996974
vt 0.202758 0.669692
vt 0.681799 0.022865
vt 0.354516 0.022865
vt 0.354516 0.021183
vt 0.681799 0.021183
vt 0.689274 0.682669
vt 0.687850 0.683563
vt 0.687850 0.681719
vt 0.689274 0.680824
vt 0.689274 0.091440
vt 0.687850 0.092334
vt 0.687850 0.090490
vt 0.689274 0.089596
vt 0.694971 0.090769
vt 0.693547 0.090694
vt 0.693547 0.088849
vt 0.694971 0.088924
vt 0.694971 0.681997
vt 0.693547 0.681923
vt 0.693547 0.680078
vt 0.694971 0.680153
vt 0.681799 0.028663
vt 0.354516 0.028663
vt 0.354516 0.027236
vt 0.681799 0.027236
vt 0.210237 0.669692
vt 0.210237 0.996974
vt 0.208811 0.996974
vt 0.208811 0.669692
vt 0.681799 0.031608
vt 0.354516 0.031608
vt 0.354516 0.030097
vt 0.681799 0.030096
vt 0.697820 0.091440
vt 0.696395 0.090935
vt 0.696395 0.089090
vt 0.697820 0.089596
vt 0.692122 0.681997
vt 0.690698 0.682163
vt 0.690698 0.680319
vt 0.692122 0.680153
vt 0.207385 0.669692
vt 0.207385 0.996974
vt 0.205951 0.996974
vt 0.205951 0.669692
vt 0.213183 0.669692
vt 0.213183 0.996974
vt 0.211671 0.996974
vt 0.211671 0.669692
vt 0.697820 0.682669
vt 0.696395 0.682163
vt 0.696395 0.680319
vt 0.697820 0.680824
vt 0.692122 0.090769
vt 0.690698 0.090935
vt 0.690698 0.089090
vt 0.692122 0.088924
vt 0.681799 0.025810
vt 0.354516 0.025810
vt 0.354516 0.024376
vt 0.681799 0.024376
vt 0.699244 0.092334
vt 0.699244 0.090490
vt 0.681799 0.033290
vt 0.354516 0.033290
vt 0.699244 0.683563
vt 0.699244 0.681719
vt 0.214864 0.669692
vt 0.214864 0.996974
vt 0.004707 0.669692
vt 0.004707 0.996974
vt 0.003025 0.996974
vt 0.003025 0.669692
vt 0.611187 0.669692
vt 0.611187 0.996975
vt 0.609343 0.996975
vt 0.609343 0.669692
vt 0.354516 0.485545
vt 0.681799 0.485545
vt 0.681799 0.487227
vt 0.354516 0.487227
vt 0.697820 0.137424
vt 0.699244 0.136529
vt 0.699244 0.138374
vt 0.697820 0.139268
vt 0.689274 0.377519
vt 0.687850 0.378413
vt 0.687850 0.376569
vt 0.689274 0.375675
vt 0.694971 0.376848
vt 0.693547 0.376773
vt 0.693547 0.374928
vt 0.694971 0.375003
vt 0.692122 0.138095
vt 0.693547 0.138170
vt 0.693547 0.140014
vt 0.692122 0.139940
vt 0.354516 0.479747
vt 0.681799 0.479747
vt 0.681799 0.481174
vt 0.354516 0.481174
vt 0.010505 0.669692
vt 0.010505 0.996974
vt 0.009079 0.996974
vt 0.009079 0.669692
vt 0.354516 0.476802
vt 0.681799 0.476802
vt 0.681799 0.478313
vt 0.354516 0.478313
vt 0.697820 0.377519
vt 0.696395 0.377014
vt 0.696395 0.375169
vt 0.697820 0.375675
vt 0.694971 0.138095
vt 0.696395 0.137929
vt 0.696395 0.139774
vt 0.694971 0.139940
vt 0.007653 0.669692
vt 0.007653 0.996974
vt 0.006219 0.996974
vt 0.006219 0.669692
vt 0.013450 0.669692
vt 0.013450 0.996974
vt 0.011939 0.996974
vt 0.011939 0.669692
vt 0.689274 0.137424
vt 0.690698 0.137929
vt 0.690698 0.139774
vt 0.689274 0.139268
vt 0.692122 0.376848
vt 0.690698 0.377014
vt 0.690698 0.375169
vt 0.692122 0.375003
vt 0.354516 0.482600
vt 0.681799 0.482600
vt 0.681799 0.484034
vt 0.354516 0.484034
vt 0.699244 0.378413
vt 0.699244 0.376569
vt 0.354516 0.475120
vt 0.681799 0.475120
vt 0.687850 0.136529
vt 0.687850 0.138374
vt 0.015132 0.669692
vt 0.015132 0.996974
vt 0.354516 0.503703
vt 0.681799 0.503703
vt 0.681799 0.505384
vt 0.354516 0.505384
vt 0.354516 0.521860
vt 0.681799 0.521860
vt 0.681799 0.523542
vt 0.354516 0.523542
vt 0.689274 0.854316
vt 0.687849 0.855210
vt 0.687849 0.853366
vt 0.689274 0.852471
vt 0.689274 0.387055
vt 0.687850 0.387949
vt 0.687850 0.386105
vt 0.689274 0.385211
vt 0.694971 0.386384
vt 0.693547 0.386309
vt 0.693547 0.384464
vt 0.694971 0.384539
vt 0.694971 0.853644
vt 0.693547 0.853570
vt 0.693547 0.851725
vt 0.694971 0.851800
vt 0.354516 0.516062
vt 0.681799 0.516062
vt 0.681799 0.517489
vt 0.354516 0.517489
vt 0.354516 0.497905
vt 0.681799 0.497905
vt 0.681799 0.499331
vt 0.354516 0.499331
vt 0.354516 0.513117
vt 0.681799 0.513117
vt 0.681799 0.514628
vt 0.354516 0.514628
vt 0.697820 0.387055
vt 0.696395 0.386550
vt 0.696395 0.384705
vt 0.697820 0.385211
vt 0.692122 0.853644
vt 0.690698 0.853810
vt 0.690698 0.851966
vt 0.692122 0.851800
vt 0.354516 0.500757
vt 0.681799 0.500757
vt 0.681799 0.502191
vt 0.354516 0.502191
vt 0.354516 0.494960
vt 0.681799 0.494960
vt 0.681799 0.496471
vt 0.354516 0.496471
vt 0.697820 0.854316
vt 0.696395 0.853811
vt 0.696395 0.851966
vt 0.697820 0.852471
vt 0.692122 0.386384
vt 0.690698 0.386550
vt 0.690698 0.384705
vt 0.692122 0.384539
vt 0.354516 0.518915
vt 0.681799 0.518915
vt 0.681799 0.520349
vt 0.354516 0.520349
vt 0.699244 0.387949
vt 0.699244 0.386105
vt 0.354516 0.511435
vt 0.681799 0.511435
vt 0.699244 0.855210
vt 0.699244 0.853366
vt 0.354516 0.493278
vt 0.681799 0.493278
vt 0.222597 0.669692
vt 0.222597 0.996974
vt 0.220915 0.996974
vt 0.220915 0.669692
vt 0.619083 0.669692
vt 0.619083 0.996975
vt 0.617238 0.996975
vt 0.617238 0.669692
vt 0.376600 0.996974
vt 0.376600 0.669692
vt 0.378282 0.669692
vt 0.378282 0.996974
vt 0.689274 0.901996
vt 0.687849 0.902890
vt 0.687849 0.901045
vt 0.689274 0.900151
vt 0.689274 0.911531
vt 0.687850 0.912426
vt 0.687850 0.910581
vt 0.689274 0.909687
vt 0.694971 0.910860
vt 0.693547 0.910785
vt 0.693547 0.908941
vt 0.694971 0.909015
vt 0.694971 0.901324
vt 0.693547 0.901249
vt 0.693547 0.899405
vt 0.694971 0.899480
vt 0.370802 0.996974
vt 0.370802 0.669692
vt 0.372228 0.669692
vt 0.372229 0.996974
vt 0.228395 0.669692
vt 0.228395 0.996974
vt 0.226969 0.996974
vt 0.226969 0.669692
vt 0.367857 0.996974
vt 0.367857 0.669692
vt 0.369368 0.669692
vt 0.369368 0.996974
vt 0.697820 0.911531
vt 0.696395 0.911026
vt 0.696395 0.909181
vt 0.697820 0.909687
vt 0.692122 0.901324
vt 0.690698 0.901490
vt 0.690698 0.899646
vt 0.692122 0.899480
vt 0.225542 0.669692
vt 0.225542 0.996974
vt 0.224108 0.996974
vt 0.224108 0.669692
vt 0.231340 0.669692
vt 0.231340 0.996974
vt 0.229829 0.996974
vt 0.229829 0.669692
vt 0.697820 0.901996
vt 0.696395 0.901490
vt 0.696395 0.899646
vt 0.697820 0.900151
vt 0.692122 0.910860
vt 0.690698 0.911026
vt 0.690698 0.909181
vt 0.692122 0.909015
vt 0.373655 0.996974
vt 0.373655 0.669692
vt 0.375089 0.669692
vt 0.375089 0.996974
vt 0.699244 0.912426
vt 0.699244 0.910581
vt 0.366175 0.996974
vt 0.366175 0.669692
vt 0.699244 0.902890
vt 0.699244 0.901045
vt 0.233022 0.669692
vt 0.233022 0.996974
vt 0.213183 0.663641
vt 0.213183 0.336359
vt 0.214864 0.336359
vt 0.214864 0.663641
vt 0.458644 0.669692
vt 0.458644 0.996974
vt 0.456963 0.996974
vt 0.456963 0.669692
vt 0.689274 0.921067
vt 0.687850 0.921962
vt 0.687850 0.920117
vt 0.689274 0.919223
vt 0.689274 0.692205
vt 0.687850 0.693099
vt 0.687850 0.691255
vt 0.689274 0.690360
vt 0.694971 0.691533
vt 0.693547 0.691459
vt 0.693547 0.689614
vt 0.694971 0.689689
vt 0.694971 0.920396
vt 0.693547 0.920321
vt 0.693547 0.918477
vt 0.694971 0.918551
vt 0.464442 0.669692
vt 0.464442 0.996974
vt 0.463016 0.996974
vt 0.463016 0.669692
vt 0.207385 0.663641
vt 0.207385 0.336359
vt 0.208811 0.336359
vt 0.208811 0.663641
vt 0.467387 0.669692
vt 0.467387 0.996974
vt 0.465876 0.996974
vt 0.465876 0.669692
vt 0.697820 0.692205
vt 0.696395 0.691699
vt 0.696395 0.689855
vt 0.697820 0.690360
vt 0.692123 0.920396
vt 0.690698 0.920562
vt 0.690698 0.918717
vt 0.692123 0.918551
vt 0.210237 0.663641
vt 0.210237 0.336359
vt 0.211671 0.336359
vt 0.211671 0.663641
vt 0.204440 0.663641
vt 0.204440 0.336359
vt 0.205951 0.336359
vt 0.205951 0.663641
vt 0.697820 0.921067
vt 0.696395 0.920562
vt 0.696395 0.918717
vt 0.697820 0.919223
vt 0.692122 0.691533
vt 0.690698 0.691699
vt 0.690698 0.689855
vt 0.692122 0.689689
vt 0.461590 0.669692
vt 0.461590 0.996974
vt 0.460156 0.996974
vt 0.460156 0.669692
vt 0.699244 0.693099
vt 0.699244 0.691255
vt 0.469069 0.669692
vt 0.469069 0.996974
vt 0.699244 0.921962
vt 0.699244 0.920117
vt 0.202758 0.663641
vt 0.202758 0.336359
vt 0.022865 0.669692
vt 0.022865 0.996974
vt 0.021183 0.996974
vt 0.021183 0.669692
vt 0.500651 0.669692
vt 0.500651 0.996975
vt 0.498807 0.996975
vt 0.498807 0.669692
vt 0.041022 0.669692
vt 0.041022 0.996974
vt 0.039340 0.996974
vt 0.039340 0.669692
vt 0.697820 0.347215
vt 0.699244 0.346321
vt 0.699244 0.348165
vt 0.697820 0.349059
vt 0.689274 0.396591
vt 0.687850 0.397485
vt 0.687850 0.395641
vt 0.689274 0.394747
vt 0.694971 0.395920
vt 0.693547 0.395845
vt 0.693547 0.394000
vt 0.694971 0.394075
vt 0.692122 0.347886
vt 0.693547 0.347961
vt 0.693547 0.349806
vt 0.692122 0.349731
vt 0.046820 0.669692
vt 0.046820 0.996974
vt 0.045394 0.996974
vt 0.045394 0.669692
vt 0.028663 0.669692
vt 0.028663 0.996974
vt 0.027236 0.996974
vt 0.027236 0.669692
vt 0.049765 0.669692
vt 0.049765 0.996974
vt 0.048254 0.996974
vt 0.048254 0.669692
vt 0.697820 0.396591
vt 0.696395 0.396086
vt 0.696395 0.394241
vt 0.697820 0.394747
vt 0.694971 0.347886
vt 0.696395 0.347720
vt 0.696395 0.349565
vt 0.694971 0.349731
vt 0.025810 0.669692
vt 0.025810 0.996974
vt 0.024376 0.996974
vt 0.024376 0.669692
vt 0.031608 0.669692
vt 0.031608 0.996974
vt 0.030096 0.996974
vt 0.030096 0.669692
vt 0.689274 0.347215
vt 0.690698 0.347720
vt 0.690698 0.349565
vt 0.689274 0.349059
vt 0.692122 0.395920
vt 0.690698 0.396086
vt 0.690698 0.394241
vt 0.692122 0.394075
vt 0.043967 0.669692
vt 0.043967 0.996974
vt 0.042534 0.996974
vt 0.042534 0.669692
vt 0.699244 0.397485
vt 0.699244 0.395641
vt 0.051447 0.669692
vt 0.051447 0.996974
vt 0.687850 0.346321
vt 0.687850 0.348165
vt 0.033290 0.669692
vt 0.033290 0.996974
vt 0.354516 0.540018
vt 0.681799 0.540018
vt 0.681799 0.541699
vt 0.354516 0.541699
vt 0.354516 0.558175
vt 0.681799 0.558175
vt 0.681799 0.559857
vt 0.354516 0.559857
vt 0.689274 0.749420
vt 0.687850 0.750315
vt 0.687850 0.748470
vt 0.689274 0.747576
vt 0.689274 0.406127
vt 0.687850 0.407021
vt 0.687850 0.405177
vt 0.689274 0.404283
vt 0.694971 0.405456
vt 0.693547 0.405381
vt 0.693547 0.403536
vt 0.694971 0.403611
vt 0.694971 0.748749
vt 0.693547 0.748674
vt 0.693547 0.746830
vt 0.694971 0.746904
vt 0.354516 0.552377
vt 0.681799 0.552377
vt 0.681799 0.553804
vt 0.354516 0.553804
vt 0.354516 0.534220
vt 0.681799 0.534220
vt 0.681799 0.535646
vt 0.354516 0.535646
vt 0.354516 0.549432
vt 0.681799 0.549432
vt 0.681799 0.550943
vt 0.354516 0.550943
vt 0.697820 0.406127
vt 0.696395 0.405622
vt 0.696395 0.403777
vt 0.697820 0.404283
vt 0.692122 0.748749
vt 0.690698 0.748915
vt 0.690698 0.747070
vt 0.692122 0.746904
vt 0.354516 0.537072
vt 0.681799 0.537072
vt 0.681799 0.538506
vt 0.354516 0.538506
vt 0.354516 0.531274
vt 0.681799 0.531274
vt 0.681799 0.532786
vt 0.354516 0.532786
vt 0.697820 0.749420
vt 0.696395 0.748915
vt 0.696395 0.747070
vt 0.697820 0.747576
vt 0.692122 0.405456
vt 0.690698 0.405622
vt 0.690698 0.403777
vt 0.692122 0.403611
vt 0.354516 0.555230
vt 0.681799 0.555230
vt 0.681799 0.556664
vt 0.354516 0.556664
vt 0.699244 0.407021
vt 0.699244 0.405177
vt 0.354516 0.547750
vt 0.681799 0.547750
vt 0.699244 0.750315
vt 0.699244 0.748470
vt 0.354516 0.529593
vt 0.681799 0.529593
vt 0.231340 0.663641
vt 0.231340 0.336359
vt 0.233022 0.336359
vt 0.233022 0.663641
vt 0.626978 0.669692
vt 0.626978 0.996975
vt 0.625134 0.996975
vt 0.625134 0.669692
vt 0.681799 0.041022
vt 0.354516 0.041022
vt 0.354516 0.039341
vt 0.681799 0.039340
vt 0.689274 0.930603
vt 0.687849 0.931498
vt 0.687849 0.929653
vt 0.689274 0.928759
vt 0.689274 0.701741
vt 0.687850 0.702635
vt 0.687850 0.700791
vt 0.689274 0.699896
vt 0.694971 0.701069
vt 0.693547 0.700995
vt 0.693547 0.699150
vt 0.694971 0.699225
vt 0.694971 0.929932
vt 0.693547 0.929857
vt 0.693547 0.928013
vt 0.694971 0.928087
vt 0.681799 0.046820
vt 0.354516 0.046820
vt 0.354516 0.045394
vt 0.681799 0.045394
vt 0.225542 0.663641
vt 0.225542 0.336359
vt 0.226969 0.336359
vt 0.226969 0.663641
vt 0.681799 0.049765
vt 0.354516 0.049765
vt 0.354516 0.048254
vt 0.681799 0.048254
vt 0.697820 0.701741
vt 0.696395 0.701235
vt 0.696395 0.699391
vt 0.697820 0.699896
vt 0.692122 0.929932
vt 0.690698 0.930098
vt 0.690698 0.928253
vt 0.692122 0.928087
vt 0.228395 0.663641
vt 0.228395 0.336359
vt 0.229829 0.336359
vt 0.229829 0.663641
vt 0.222597 0.663641
vt 0.222597 0.336359
vt 0.224109 0.336359
vt 0.224109 0.663641
vt 0.697820 0.930603
vt 0.696395 0.930098
vt 0.696395 0.928253
vt 0.697820 0.928759
vt 0.692122 0.701069
vt 0.690698 0.701235
vt 0.690698 0.699391
vt 0.692122 0.699225
vt 0.681799 0.043967
vt 0.354516 0.043968
vt 0.354516 0.042534
vt 0.681799 0.042534
vt 0.699244 0.702635
vt 0.699244 0.700791
vt 0.681799 0.051447
vt 0.354516 0.051447
vt 0.699244 0.931498
vt 0.699244 0.929653
vt 0.220915 0.663641
vt 0.220915 0.336359
vt 0.240755 0.669692
vt 0.240755 0.996974
vt 0.239073 0.996974
vt 0.239073 0.669692
vt 0.681799 0.440487
vt 0.354516 0.440487
vt 0.354516 0.438805
vt 0.681799 0.438805
vt 0.689274 0.758956
vt 0.687850 0.759851
vt 0.687850 0.758006
vt 0.689274 0.757112
vt 0.689274 0.100976
vt 0.687850 0.101870
vt 0.687850 0.100026
vt 0.689274 0.099132
vt 0.694971 0.100305
vt 0.693547 0.100230
vt 0.693547 0.098385
vt 0.694971 0.098460
vt 0.694971 0.758285
vt 0.693547 0.758210
vt 0.693547 0.756365
vt 0.694971 0.756440
vt 0.681799 0.446285
vt 0.354516 0.446285
vt 0.354516 0.444859
vt 0.681799 0.444859
vt 0.246552 0.669692
vt 0.246552 0.996974
vt 0.245126 0.996974
vt 0.245126 0.669692
vt 0.681799 0.449230
vt 0.354516 0.449230
vt 0.354516 0.447719
vt 0.681799 0.447719
vt 0.697820 0.100976
vt 0.696395 0.100471
vt 0.696395 0.098626
vt 0.697820 0.099132
vt 0.692122 0.758285
vt 0.690698 0.758451
vt 0.690698 0.756606
vt 0.692122 0.756440
vt 0.243700 0.669692
vt 0.243700 0.996974
vt 0.242266 0.996974
vt 0.242266 0.669692
vt 0.249498 0.669692
vt 0.249498 0.996974
vt 0.247986 0.996974
vt 0.247986 0.669692
vt 0.697820 0.758956
vt 0.696395 0.758451
vt 0.696395 0.756606
vt 0.697820 0.757112
vt 0.692122 0.100305
vt 0.690698 0.100471
vt 0.690698 0.098626
vt 0.692122 0.098460
vt 0.681799 0.443432
vt 0.354516 0.443432
vt 0.354516 0.441998
vt 0.681799 0.441998
vt 0.699244 0.101870
vt 0.699244 0.100026
vt 0.681799 0.450912
vt 0.354516 0.450912
vt 0.699244 0.759851
vt 0.699244 0.758006
vt 0.251179 0.669692
vt 0.251179 0.996974
vt 0.021183 0.285813
vt 0.348465 0.285813
vt 0.348465 0.287494
vt 0.021183 0.287494
vt 0.508547 0.669692
vt 0.508547 0.996975
vt 0.506702 0.996975
vt 0.506702 0.669692
vt 0.059180 0.669692
vt 0.059180 0.996974
vt 0.057498 0.996974
vt 0.057498 0.669692
vt 0.689274 0.110512
vt 0.687850 0.111406
vt 0.687850 0.109562
vt 0.689274 0.108668
vt 0.689274 0.415663
vt 0.687850 0.416557
vt 0.687850 0.414713
vt 0.689274 0.413819
vt 0.694971 0.414992
vt 0.693547 0.414917
vt 0.693547 0.413072
vt 0.694971 0.413147
vt 0.694971 0.109840
vt 0.693547 0.109766
vt 0.693547 0.107921
vt 0.694971 0.107996
vt 0.064977 0.669692
vt 0.064977 0.996974
vt 0.063551 0.996974
vt 0.063551 0.669692
vt 0.021183 0.280015
vt 0.348465 0.280015
vt 0.348465 0.281441
vt 0.021183 0.281441
vt 0.067923 0.669692
vt 0.067923 0.996974
vt 0.066411 0.996974
vt 0.066411 0.669692
vt 0.697820 0.415663
vt 0.696395 0.415158
vt 0.696395 0.413313
vt 0.697820 0.413819
vt 0.692123 0.109840
vt 0.690698 0.110007
vt 0.690698 0.108162
vt 0.692123 0.107996
vt 0.021183 0.282867
vt 0.348465 0.282867
vt 0.348465 0.284301
vt 0.021183 0.284301
vt 0.021183 0.277070
vt 0.348465 0.277070
vt 0.348465 0.278581
vt 0.021183 0.278581
vt 0.697820 0.110512
vt 0.696395 0.110007
vt 0.696395 0.108162
vt 0.697820 0.108668
vt 0.692122 0.414992
vt 0.690698 0.415158
vt 0.690698 0.413313
vt 0.692122 0.413147
vt 0.062125 0.669692
vt 0.062125 0.996974
vt 0.060691 0.996974
vt 0.060691 0.669692
vt 0.699244 0.416557
vt 0.699244 0.414713
vt 0.069605 0.669692
vt 0.069605 0.996974
vt 0.699244 0.111406
vt 0.699244 0.109562
vt 0.021183 0.275388
vt 0.348465 0.275388
vt 0.354516 0.467388
vt 0.681799 0.467388
vt 0.681799 0.469069
vt 0.354516 0.469069
vt 0.354516 0.576333
vt 0.681799 0.576333
vt 0.681799 0.578014
vt 0.354516 0.578014
vt 0.689274 0.711277
vt 0.687850 0.712171
vt 0.687850 0.710326
vt 0.689274 0.709432
vt 0.697820 0.423503
vt 0.699244 0.422608
vt 0.699244 0.424453
vt 0.697820 0.425347
vt 0.692122 0.424174
vt 0.693547 0.424249
vt 0.693547 0.426093
vt 0.692122 0.426019
vt 0.694971 0.710605
vt 0.693547 0.710530
vt 0.693547 0.708686
vt 0.694971 0.708760
vt 0.354516 0.570535
vt 0.681799 0.570535
vt 0.681799 0.571961
vt 0.354516 0.571961
vt 0.354516 0.461590
vt 0.681799 0.461590
vt 0.681799 0.463016
vt 0.354516 0.463016
vt 0.354516 0.567590
vt 0.681799 0.567589
vt 0.681799 0.569101
vt 0.354516 0.569101
vt 0.689274 0.423503
vt 0.690698 0.424008
vt 0.690698 0.425853
vt 0.689274 0.425347
vt 0.692122 0.710605
vt 0.690698 0.710771
vt 0.690698 0.708927
vt 0.692122 0.708760
vt 0.354516 0.464442
vt 0.681799 0.464442
vt 0.681799 0.465876
vt 0.354516 0.465876
vt 0.354516 0.458645
vt 0.681799 0.458645
vt 0.681799 0.460156
vt 0.354516 0.460156
vt 0.697820 0.711277
vt 0.696395 0.710771
vt 0.696395 0.708927
vt 0.697820 0.709432
vt 0.694971 0.424174
vt 0.696395 0.424008
vt 0.696395 0.425853
vt 0.694971 0.426019
vt 0.354516 0.573387
vt 0.681799 0.573387
vt 0.681799 0.574821
vt 0.354516 0.574821
vt 0.687850 0.422608
vt 0.687850 0.424453
vt 0.354516 0.565908
vt 0.681799 0.565908
vt 0.699244 0.712171
vt 0.699244 0.710326
vt 0.354516 0.456963
vt 0.681799 0.456963
vt 0.149967 0.336359
vt 0.149967 0.663641
vt 0.148285 0.663641
vt 0.148285 0.336359
vt 0.634874 0.669692
vt 0.634874 0.996975
vt 0.633029 0.996975
vt 0.633029 0.669692
vt 0.021183 0.176868
vt 0.348465 0.176868
vt 0.348465 0.178550
vt 0.021183 0.178550
vt 0.689274 0.720813
vt 0.687850 0.721707
vt 0.687850 0.719862
vt 0.689274 0.718968
vt 0.689274 0.768492
vt 0.687850 0.769387
vt 0.687850 0.767542
vt 0.689274 0.766648
vt 0.694971 0.767821
vt 0.693547 0.767746
vt 0.693547 0.765901
vt 0.694971 0.765976
vt 0.694971 0.720141
vt 0.693547 0.720066
vt 0.693547 0.718222
vt 0.694971 0.718296
vt 0.021183 0.171070
vt 0.348465 0.171070
vt 0.348465 0.172496
vt 0.021183 0.172496
vt 0.155765 0.336359
vt 0.155765 0.663641
vt 0.154339 0.663641
vt 0.154339 0.336359
vt 0.021183 0.168125
vt 0.348465 0.168125
vt 0.348465 0.169636
vt 0.021183 0.169636
vt 0.697820 0.768492
vt 0.696395 0.767987
vt 0.696395 0.766142
vt 0.697820 0.766648
vt 0.692122 0.720141
vt 0.690698 0.720307
vt 0.690698 0.718463
vt 0.692122 0.718296
vt 0.152912 0.336359
vt 0.152912 0.663641
vt 0.151478 0.663641
vt 0.151478 0.336359
vt 0.158710 0.336359
vt 0.158710 0.663641
vt 0.157199 0.663641
vt 0.157199 0.336359
vt 0.697820 0.720813
vt 0.696395 0.720307
vt 0.696395 0.718463
vt 0.697820 0.718968
vt 0.692122 0.767821
vt 0.690698 0.767987
vt 0.690698 0.766142
vt 0.692122 0.765976
vt 0.021183 0.173922
vt 0.348465 0.173922
vt 0.348465 0.175356
vt 0.021183 0.175356
vt 0.699244 0.769387
vt 0.699244 0.767542
vt 0.021183 0.166443
vt 0.348465 0.166443
vt 0.699244 0.721707
vt 0.699244 0.719862
vt 0.160392 0.336359
vt 0.160392 0.663641
vt 0.331542 0.669692
vt 0.331542 0.996974
vt 0.329860 0.996974
vt 0.329860 0.669692
vt 0.258912 0.669692
vt 0.258912 0.996974
vt 0.257230 0.996974
vt 0.257230 0.669692
vt 0.689274 0.778028
vt 0.687850 0.778922
vt 0.687850 0.777078
vt 0.689274 0.776184
vt 0.689274 0.120048
vt 0.687850 0.120942
vt 0.687850 0.119098
vt 0.689274 0.118204
vt 0.694971 0.119377
vt 0.693547 0.119302
vt 0.693547 0.117457
vt 0.694971 0.117532
vt 0.694971 0.777357
vt 0.693547 0.777282
vt 0.693547 0.775437
vt 0.694971 0.775512
vt 0.264710 0.669692
vt 0.264710 0.996974
vt 0.263284 0.996974
vt 0.263284 0.669692
vt 0.337340 0.669692
vt 0.337340 0.996974
vt 0.335913 0.996974
vt 0.335913 0.669692
vt 0.267655 0.669692
vt 0.267655 0.996974
vt 0.266144 0.996974
vt 0.266144 0.669692
vt 0.697820 0.120048
vt 0.696395 0.119543
vt 0.696395 0.117698
vt 0.697820 0.118204
vt 0.692122 0.777357
vt 0.690698 0.777523
vt 0.690698 0.775678
vt 0.692122 0.775512
vt 0.334487 0.669692
vt 0.334487 0.996974
vt 0.333053 0.996974
vt 0.333053 0.669692
vt 0.340285 0.669692
vt 0.340285 0.996974
vt 0.338774 0.996974
vt 0.338774 0.669692
vt 0.697820 0.778028
vt 0.696395 0.777523
vt 0.696395 0.775678
vt 0.697820 0.776184
vt 0.692122 0.119377
vt 0.690698 0.119543
vt 0.690698 0.117698
vt 0.692122 0.117532
vt 0.261857 0.669692
vt 0.261857 0.996974
vt 0.260423 0.996974
vt 0.260423 0.669692
vt 0.699244 0.120942
vt 0.699244 0.119098
vt 0.269337 0.669692
vt 0.269337 0.996974
vt 0.699244 0.778922
vt 0.699244 0.777078
vt 0.341967 0.669692
vt 0.341967 0.996974
vt 0.354516 0.594490
vt 0.681799 0.594490
vt 0.681799 0.596172
vt 0.354516 0.596172
vt 0.642769 0.669692
vt 0.642769 0.996975
vt 0.640924 0.996975
vt 0.640924 0.669692
vt 0.077337 0.669692
vt 0.077337 0.996974
vt 0.075655 0.996974
vt 0.075655 0.669692
vt 0.697820 0.146960
vt 0.699244 0.146065
vt 0.699244 0.147910
vt 0.697820 0.148804
vt 0.689274 0.730348
vt 0.687850 0.731243
vt 0.687850 0.729398
vt 0.689274 0.728504
vt 0.694971 0.729677
vt 0.693547 0.729602
vt 0.693547 0.727758
vt 0.694971 0.727832
vt 0.692122 0.147631
vt 0.693547 0.147706
vt 0.693547 0.149550
vt 0.692122 0.149476
vt 0.083135 0.669692
vt 0.083135 0.996974
vt 0.081709 0.996974
vt 0.081709 0.669692
vt 0.354516 0.588692
vt 0.681799 0.588692
vt 0.681799 0.590118
vt 0.354516 0.590119
vt 0.086080 0.669692
vt 0.086080 0.996974
vt 0.084569 0.996974
vt 0.084569 0.669692
vt 0.697820 0.730348
vt 0.696395 0.729843
vt 0.696395 0.727998
vt 0.697820 0.728504
vt 0.694971 0.147631
vt 0.696395 0.147465
vt 0.696395 0.149310
vt 0.694971 0.149476
vt 0.354516 0.591545
vt 0.681799 0.591545
vt 0.681799 0.592979
vt 0.354516 0.592979
vt 0.354516 0.585747
vt 0.681799 0.585747
vt 0.681799 0.587258
vt 0.354516 0.587258
vt 0.689274 0.146960
vt 0.690698 0.147465
vt 0.690698 0.149310
vt 0.689274 0.148804
vt 0.692122 0.729677
vt 0.690698 0.729843
vt 0.690698 0.727998
vt 0.692122 0.727832
vt 0.080282 0.669692
vt 0.080282 0.996974
vt 0.078848 0.996974
vt 0.078848 0.669692
vt 0.699244 0.731243
vt 0.699244 0.729398
vt 0.087762 0.669692
vt 0.087762 0.996974
vt 0.687850 0.146065
vt 0.687850 0.147910
vt 0.354516 0.584065
vt 0.681799 0.584065
vt 0.354516 0.612647
vt 0.681799 0.612647
vt 0.681799 0.614329
vt 0.354516 0.614329
vt 0.095495 0.669692
vt 0.095495 0.996974
vt 0.093813 0.996974
vt 0.093813 0.669692
vt 0.689274 0.129584
vt 0.687850 0.130478
vt 0.687850 0.128634
vt 0.689274 0.127740
vt 0.697820 0.366287
vt 0.699244 0.365393
vt 0.699244 0.367237
vt 0.697820 0.368131
vt 0.692122 0.366958
vt 0.693547 0.367033
vt 0.693547 0.368878
vt 0.692122 0.368803
vt 0.694971 0.128913
vt 0.693547 0.128838
vt 0.693547 0.126993
vt 0.694971 0.127068
vt 0.101292 0.669692
vt 0.101292 0.996974
vt 0.099866 0.996974
vt 0.099866 0.669692
vt 0.354516 0.606850
vt 0.681799 0.606850
vt 0.681799 0.608276
vt 0.354516 0.608276
vt 0.104238 0.669692
vt 0.104238 0.996974
vt 0.102726 0.996974
vt 0.102726 0.669692
vt 0.689274 0.366287
vt 0.690698 0.366792
vt 0.690698 0.368637
vt 0.689274 0.368131
vt 0.692123 0.128913
vt 0.690698 0.129079
vt 0.690698 0.127234
vt 0.692123 0.127068
vt 0.354516 0.609702
vt 0.681799 0.609702
vt 0.681799 0.611136
vt 0.354516 0.611136
vt 0.354516 0.603904
vt 0.681799 0.603904
vt 0.681799 0.605416
vt 0.354516 0.605416
vt 0.697820 0.129584
vt 0.696395 0.129079
vt 0.696395 0.127234
vt 0.697820 0.127740
vt 0.694971 0.366958
vt 0.696395 0.366792
vt 0.696395 0.368637
vt 0.694971 0.368803
vt 0.098440 0.669692
vt 0.098440 0.996974
vt 0.097006 0.996974
vt 0.097006 0.669692
vt 0.687850 0.365393
vt 0.687850 0.367237
vt 0.105920 0.669692
vt 0.105920 0.996974
vt 0.699244 0.130478
vt 0.699244 0.128634
vt 0.354516 0.602223
vt 0.681799 0.602223
vt 0.168125 0.336359
vt 0.168125 0.663641
vt 0.166443 0.663641
vt 0.166443 0.336359
vt 0.650664 0.669692
vt 0.650664 0.996975
vt 0.648820 0.996975
vt 0.648820 0.669692
vt 0.277070 0.669692
vt 0.277070 0.996974
vt 0.275388 0.996974
vt 0.275388 0.669692
vt 0.697820 0.785868
vt 0.699244 0.784973
vt 0.699244 0.786818
vt 0.697820 0.787712
vt 0.689274 0.739884
vt 0.687850 0.740779
vt 0.687850 0.738934
vt 0.689274 0.738040
vt 0.694971 0.739213
vt 0.693547 0.739138
vt 0.693547 0.737294
vt 0.694971 0.737368
vt 0.692122 0.786539
vt 0.693547 0.786614
vt 0.693547 0.788458
vt 0.692122 0.788384
vt 0.282867 0.669692
vt 0.282867 0.996974
vt 0.281441 0.996974
vt 0.281441 0.669692
vt 0.173922 0.336359
vt 0.173922 0.663641
vt 0.172496 0.663641
vt 0.172496 0.336359
vt 0.285813 0.669692
vt 0.285813 0.996974
vt 0.284301 0.996974
vt 0.284301 0.669692
vt 0.697820 0.739884
vt 0.696395 0.739379
vt 0.696395 0.737534
vt 0.697820 0.738040
vt 0.694971 0.786539
vt 0.696395 0.786373
vt 0.696395 0.788218
vt 0.694971 0.788384
vt 0.171070 0.336359
vt 0.171070 0.663641
vt 0.169636 0.663641
vt 0.169636 0.336359
vt 0.176868 0.336359
vt 0.176868 0.663641
vt 0.175356 0.663641
vt 0.175356 0.336359
vt 0.689274 0.785868
vt 0.690698 0.786373
vt 0.690698 0.788218
vt 0.689274 0.787712
vt 0.692122 0.739213
vt 0.690698 0.739379
vt 0.690698 0.737534
vt 0.692122 0.737368
vt 0.280015 0.669692
vt 0.280015 0.996974
vt 0.278581 0.996974
vt 0.278581 0.669692
vt 0.699244 0.740779
vt 0.699244 0.738934
vt 0.287494 0.669692
vt 0.287494 0.996974
vt 0.687850 0.784973
vt 0.687850 0.786818
vt 0.178549 0.336359
vt 0.178549 0.663641
vt 0.295227 0.669692
vt 0.295227 0.996974
vt 0.293545 0.996974
vt 0.293545 0.669692
vt 0.313384 0.669692
vt 0.313384 0.996974
vt 0.311703 0.996974
vt 0.311703 0.669692
vt 0.689274 0.797100
vt 0.687850 0.797994
vt 0.687850 0.796150
vt 0.689274 0.795256
vt 0.689274 0.940139
vt 0.687850 0.941033
vt 0.687850 0.939189
vt 0.689274 0.938295
vt 0.694971 0.939468
vt 0.693547 0.939393
vt 0.693547 0.937548
vt 0.694971 0.937623
vt 0.694971 0.796429
vt 0.693547 0.796354
vt 0.693547 0.794509
vt 0.694971 0.794584
vt 0.319182 0.669692
vt 0.319182 0.996974
vt 0.317756 0.996974
vt 0.317756 0.669692
vt 0.301025 0.669692
vt 0.301025 0.996974
vt 0.299599 0.996974
vt 0.299599 0.669692
vt 0.322128 0.669692
vt 0.322128 0.996974
vt 0.320616 0.996974
vt 0.320616 0.669692
vt 0.697820 0.940139
vt 0.696395 0.939634
vt 0.696395 0.937789
vt 0.697820 0.938295
vt 0.692122 0.796429
vt 0.690698 0.796595
vt 0.690698 0.794750
vt 0.692122 0.794584
vt 0.298172 0.669692
vt 0.298172 0.996974
vt 0.296738 0.996974
vt 0.296738 0.669692
vt 0.303970 0.669692
vt 0.303970 0.996974
vt 0.302459 0.996974
vt 0.302459 0.669692
vt 0.697820 0.797100
vt 0.696395 0.796595
vt 0.696395 0.794750
vt 0.697820 0.795256
vt 0.692122 0.939468
vt 0.690698 0.939634
vt 0.690698 0.937789
vt 0.692122 0.937623
vt 0.316330 0.669692
vt 0.316330 0.996974
vt 0.314896 0.996974
vt 0.314896 0.669692
vt 0.699244 0.941033
vt 0.699244 0.939189
vt 0.323809 0.669692
vt 0.323809 0.996974
vt 0.699244 0.797994
vt 0.699244 0.796150
vt 0.305652 0.669692
vt 0.305652 0.996974
vt 0.113652 0.669692
vt 0.113652 0.996974
vt 0.111970 0.996974
vt 0.111970 0.669692
vt 0.658560 0.669692
vt 0.658560 0.996975
vt 0.656715 0.996975
vt 0.656715 0.669692
vt 0.131810 0.669692
vt 0.131810 0.996974
vt 0.130128 0.996974
vt 0.130128 0.669692
vt 0.673400 0.671116
vt 0.672506 0.669692
vt 0.674351 0.669692
vt 0.675245 0.671116
vt 0.689274 0.358447
vt 0.687850 0.359342
vt 0.687850 0.357497
vt 0.689274 0.356603
vt 0.694971 0.357776
vt 0.693547 0.357701
vt 0.693547 0.355857
vt 0.694971 0.355931
vt 0.674072 0.676814
vt 0.674146 0.675389
vt 0.675991 0.675389
vt 0.675916 0.676814
vt 0.137607 0.669692
vt 0.137607 0.996974
vt 0.136181 0.996974
vt 0.136181 0.669692
vt 0.119450 0.669692
vt 0.119450 0.996974
vt 0.118024 0.996974
vt 0.118024 0.669692
vt 0.140553 0.669692
vt 0.140553 0.996974
vt 0.139041 0.996974
vt 0.139041 0.669692
vt 0.697820 0.358447
vt 0.696395 0.357942
vt 0.696395 0.356097
vt 0.697820 0.356603
vt 0.674072 0.673965
vt 0.673906 0.672541
vt 0.675750 0.672541
vt 0.675916 0.673965
vt 0.116597 0.669692
vt 0.116597 0.996974
vt 0.115163 0.996974
vt 0.115163 0.669692
vt 0.122395 0.669692
vt 0.122395 0.996974
vt 0.120884 0.996974
vt 0.120884 0.669692
vt 0.673400 0.679662
vt 0.673906 0.678238
vt 0.675750 0.678238
vt 0.675245 0.679662
vt 0.692122 0.357776
vt 0.690698 0.357942
vt 0.690698 0.356097
vt 0.692122 0.355931
vt 0.134755 0.669692
vt 0.134755 0.996974
vt 0.133321 0.996974
vt 0.133321 0.669692
vt 0.699244 0.359342
vt 0.699244 0.357497
vt 0.142234 0.669692
vt 0.142234 0.996974
vt 0.672506 0.681087
vt 0.674351 0.681087
vt 0.124077 0.669692
vt 0.124077 0.996974
vt 0.149967 0.669692
vt 0.149967 0.996974
vt 0.148285 0.996974
vt 0.148285 0.669692
vt 0.168125 0.669692
vt 0.168125 0.996974
vt 0.166443 0.996974
vt 0.166443 0.669692
vt 0.689274 0.434735
vt 0.687850 0.435629
vt 0.687850 0.433785
vt 0.689274 0.432891
vt 0.689274 0.444271
vt 0.687850 0.445165
vt 0.687850 0.443321
vt 0.689274 0.442427
vt 0.694971 0.443599
vt 0.693547 0.443525
vt 0.693547 0.441680
vt 0.694971 0.441755
vt 0.694971 0.434063
vt 0.693547 0.433989
vt 0.693547 0.432144
vt 0.694971 0.432219
vt 0.173922 0.669692
vt 0.173922 0.996974
vt 0.172496 0.996974
vt 0.172496 0.669692
vt 0.155765 0.669692
vt 0.155765 0.996974
vt 0.154339 0.996974
vt 0.154339 0.669692
vt 0.176868 0.669692
vt 0.176868 0.996974
vt 0.175356 0.996974
vt 0.175356 0.669692
vt 0.697820 0.444271
vt 0.696395 0.443766
vt 0.696395 0.441921
vt 0.697820 0.442427
vt 0.692123 0.434063
vt 0.690698 0.434230
vt 0.690698 0.432385
vt 0.692123 0.432219
vt 0.152912 0.669692
vt 0.152912 0.996974
vt 0.151478 0.996974
vt 0.151478 0.669692
vt 0.158710 0.669692
vt 0.158710 0.996974
vt 0.157199 0.996974
vt 0.157199 0.669692
vt 0.697820 0.434735
vt 0.696395 0.434230
vt 0.696395 0.432385
vt 0.697820 0.432891
vt 0.692122 0.443599
vt 0.690698 0.443766
vt 0.690698 0.441921
vt 0.692122 0.441755
vt 0.171070 0.669692
vt 0.171070 0.996974
vt 0.169636 0.996974
vt 0.169636 0.669692
vt 0.699244 0.445165
vt 0.699244 0.443321
vt 0.178549 0.669692
vt 0.178549 0.996974
vt 0.699244 0.435629
vt 0.699244 0.433785
vt 0.160392 0.669692
vt 0.160392 0.996974
s 1
f 23/1/1 21/2/1 8/3/2 7/4/2
f 7/5/3 8/6/3 6/7/3 5/8/3
f 28/9/4 26/10/4 2/11/5 1/12/5
f 23/13/6 7/14/6 5/15/6 22/16/6
f 27/17/7 4/18/7 2/19/7 26/20/7
f 31/21/7 10/22/7 12/23/7 30/24/7
f 35/25/6 9/26/6 11/27/6 34/28/6
f 32/29/8 30/30/8 12/31/9 11/32/9
f 35/33/10 33/34/10 10/35/11 9/36/11
f 22/37/12 24/38/12 16/39/13 14/40/13
f 21/41/7 13/42/7 16/43/7 24/44/7
f 29/45/6 15/46/6 14/47/6 32/48/6
f 29/49/14 31/50/14 13/51/15 15/52/15
f 25/53/16 27/54/16 19/55/17 17/56/17
f 25/57/6 17/58/6 20/59/6 28/60/6
f 33/61/7 19/62/7 18/63/7 36/64/7
f 34/65/18 36/66/18 18/67/19 20/68/19
f 8/69/7 21/41/7 24/44/7 6/70/7
f 5/71/20 6/72/20 24/38/12 22/37/12
f 15/46/6 23/13/6 22/16/6 14/47/6
f 15/52/15 13/51/15 21/2/1 23/1/1
f 3/73/6 25/57/6 28/60/6 1/74/6
f 3/75/21 4/76/21 27/54/16 25/53/16
f 19/62/7 27/17/7 26/20/7 18/63/7
f 20/68/19 18/67/19 26/10/4 28/9/4
f 9/36/11 10/35/11 31/50/14 29/49/14
f 9/26/6 29/45/6 32/48/6 11/27/6
f 14/40/13 16/39/13 30/30/8 32/29/8
f 13/42/7 31/21/7 30/24/7 16/43/7
f 11/32/9 12/31/9 36/66/18 34/65/18
f 10/22/7 33/61/7 36/64/7 12/23/7
f 17/56/17 19/55/17 33/34/10 35/33/10
f 17/58/6 35/25/6 34/28/6 20/59/6
f 59/77/12 57/78/12 44/79/20 43/80/20
f 43/81/22 44/82/22 42/83/22 41/84/22
f 64/85/16 62/86/16 38/87/21 37/88/21
f 59/89/6 43/90/6 41/91/6 58/92/6
f 63/93/7 40/94/7 38/95/7 62/96/7
f 67/97/7 46/98/7 48/99/7 66/100/7
f 71/101/6 45/102/6 47/103/6 70/104/6
f 68/105/14 66/106/14 48/107/11 47/108/11
f 71/109/18 69/110/18 46/111/9 45/112/9
f 58/113/1 60/114/1 52/115/15 50/116/15
f 57/117/7 49/118/7 52/119/7 60/120/7
f 65/121/6 51/122/6 50/123/6 68/124/6
f 65/125/8 67/126/8 49/127/13 51/128/13
f 61/129/4 63/130/4 55/131/19 53/132/19
f 61/133/6 53/134/6 56/135/6 64/136/6
f 69/137/7 55/138/7 54/139/7 72/140/7
f 70/141/10 72/142/10 54/143/17 56/144/17
f 44/145/7 57/117/7 60/120/7 42/146/7
f 41/147/2 42/148/2 60/114/1 58/113/1
f 51/122/6 59/89/6 58/92/6 50/123/6
f 51/128/13 49/127/13 57/78/12 59/77/12
f 39/149/6 61/133/6 64/136/6 37/150/6
f 39/151/5 40/152/5 63/130/4 61/129/4
f 55/138/7 63/93/7 62/96/7 54/139/7
f 56/144/17 54/143/17 62/86/16 64/85/16
f 45/112/9 46/111/9 67/126/8 65/125/8
f 45/102/6 65/121/6 68/124/6 47/103/6
f 50/116/15 52/115/15 66/106/14 68/105/14
f 49/118/7 67/97/7 66/100/7 52/119/7
f 47/108/11 48/107/11 72/142/10 70/141/10
f 46/98/7 69/137/7 72/140/7 48/99/7
f 53/132/19 55/131/19 69/110/18 71/109/18
f 53/134/6 71/101/6 70/104/6 56/135/6
f 95/153/1 93/154/1 80/155/2 79/156/2
f 79/157/3 80/158/3 78/159/3 77/160/3
f 100/161/4 98/162/4 74/163/5 73/164/5
f 95/165/6 79/166/6 77/167/6 94/168/6
f 99/169/7 76/170/7 74/171/7 98/172/7
f 103/173/7 82/174/7 84/175/7 102/176/7
f 107/177/6 81/178/6 83/179/6 106/180/6
f 104/181/8 102/182/8 84/183/9 83/184/9
f 107/185/10 105/186/10 82/187/11 81/188/11
f 94/189/12 96/190/12 88/191/13 86/192/13
f 93/193/7 85/194/7 88/195/7 96/196/7
f 101/197/6 87/198/6 86/199/6 104/200/6
f 101/201/14 103/202/14 85/203/15 87/204/15
f 97/205/16 99/206/16 91/207/17 89/208/17
f 97/209/6 89/210/6 92/211/6 100/212/6
f 105/213/7 91/214/7 90/215/7 108/216/7
f 106/217/18 108/218/18 90/219/19 92/220/19
f 80/221/7 93/193/7 96/196/7 78/222/7
f 77/223/20 78/224/20 96/190/12 94/189/12
f 87/198/6 95/165/6 94/168/6 86/199/6
f 87/204/15 85/203/15 93/154/1 95/153/1
f 75/225/6 97/209/6 100/212/6 73/226/6
f 75/227/21 76/228/21 99/206/16 97/205/16
f 91/214/7 99/169/7 98/172/7 90/215/7
f 92/220/19 90/219/19 98/162/4 100/161/4
f 81/188/11 82/187/11 103/202/14 101/201/14
f 81/178/6 101/197/6 104/200/6 83/179/6
f 86/192/13 88/191/13 102/182/8 104/181/8
f 85/194/7 103/173/7 102/176/7 88/195/7
f 83/184/9 84/183/9 108/218/18 106/217/18
f 82/174/7 105/213/7 108/216/7 84/175/7
f 89/208/17 91/207/17 105/186/10 107/185/10
f 89/210/6 107/177/6 106/180/6 92/211/6
f 127/229/12 125/230/12 6/231/20 5/232/20
f 132/233/16 130/234/16 110/235/21 109/236/21
f 127/237/6 5/238/6 7/239/6 126/240/6
f 131/241/7 112/242/7 110/243/7 130/244/7
f 135/245/7 114/246/7 116/247/7 134/248/7
f 139/249/6 113/250/6 115/251/6 138/252/6
f 136/253/14 134/254/14 116/255/11 115/256/11
f 139/257/18 137/258/18 114/259/9 113/260/9
f 126/261/1 128/262/1 120/263/15 118/264/15
f 125/265/7 117/266/7 120/267/7 128/268/7
f 133/269/6 119/270/6 118/271/6 136/272/6
f 133/273/8 135/274/8 117/275/13 119/276/13
f 129/277/4 131/278/4 123/279/19 121/280/19
f 129/281/6 121/282/6 124/283/6 132/284/6
f 137/285/7 123/286/7 122/287/7 140/288/7
f 138/289/10 140/290/10 122/291/17 124/292/17
f 6/293/7 125/265/7 128/268/7 8/294/7
f 7/295/2 8/296/2 128/262/1 126/261/1
f 119/270/6 127/237/6 126/240/6 118/271/6
f 119/276/13 117/275/13 125/230/12 127/229/12
f 111/297/6 129/281/6 132/284/6 109/298/6
f 111/299/5 112/300/5 131/278/4 129/277/4
f 123/286/7 131/241/7 130/244/7 122/287/7
f 124/292/17 122/291/17 130/234/16 132/233/16
f 113/260/9 114/259/9 135/274/8 133/273/8
f 113/250/6 133/269/6 136/272/6 115/251/6
f 118/264/15 120/263/15 134/254/14 136/253/14
f 117/266/7 135/245/7 134/248/7 120/267/7
f 115/256/11 116/255/11 140/290/10 138/289/10
f 114/246/7 137/285/7 140/288/7 116/247/7
f 121/280/19 123/279/19 137/258/18 139/257/18
f 121/282/6 139/249/6 138/252/6 124/283/6
f 163/301/1 161/302/1 148/303/2 147/304/2
f 147/305/3 148/306/3 146/307/3 145/308/3
f 168/309/4 166/310/4 142/311/5 141/312/5
f 163/313/6 147/314/6 145/315/6 162/316/6
f 167/317/7 144/318/7 142/319/7 166/320/7
f 171/321/7 150/322/7 152/323/7 170/324/7
f 175/325/6 149/326/6 151/327/6 174/328/6
f 172/329/8 170/330/8 152/331/9 151/332/9
f 175/333/10 173/334/10 150/335/11 149/336/11
f 162/337/12 164/338/12 156/339/13 154/340/13
f 161/341/7 153/342/7 156/343/7 164/344/7
f 169/345/6 155/346/6 154/347/6 172/348/6
f 169/349/14 171/350/14 153/351/15 155/352/15
f 165/353/16 167/354/16 159/355/17 157/356/17
f 165/357/6 157/358/6 160/359/6 168/360/6
f 173/361/7 159/362/7 158/363/7 176/364/7
f 174/365/18 176/366/18 158/367/19 160/368/19
f 148/369/7 161/341/7 164/344/7 146/370/7
f 145/371/20 146/372/20 164/338/12 162/337/12
f 155/346/6 163/313/6 162/316/6 154/347/6
f 155/352/15 153/351/15 161/302/1 163/301/1
f 143/373/6 165/357/6 168/360/6 141/374/6
f 143/375/21 144/376/21 167/354/16 165/353/16
f 159/362/7 167/317/7 166/320/7 158/363/7
f 160/368/19 158/367/19 166/310/4 168/309/4
f 149/336/11 150/335/11 171/350/14 169/349/14
f 149/326/6 169/345/6 172/348/6 151/327/6
f 154/340/13 156/339/13 170/330/8 172/329/8
f 153/342/7 171/321/7 170/324/7 156/343/7
f 151/332/9 152/331/9 176/366/18 174/365/18
f 150/322/7 173/361/7 176/364/7 152/323/7
f 157/356/17 159/355/17 173/334/10 175/333/10
f 157/358/6 175/325/6 174/328/6 160/359/6
f 195/377/12 193/378/12 78/379/20 77/380/20
f 200/381/16 198/382/16 178/383/21 177/384/21
f 195/385/6 77/386/6 79/387/6 194/388/6
f 199/389/7 180/390/7 178/391/7 198/392/7
f 203/393/7 182/394/7 184/395/7 202/396/7
f 207/397/6 181/398/6 183/399/6 206/400/6
f 204/401/14 202/402/14 184/403/11 183/404/11
f 207/405/18 205/406/18 182/407/9 181/408/9
f 194/409/1 196/410/1 188/411/15 186/412/15
f 193/413/7 185/414/7 188/415/7 196/416/7
f 201/417/6 187/418/6 186/419/6 204/420/6
f 201/421/8 203/422/8 185/423/13 187/424/13
f 197/425/4 199/426/4 191/427/19 189/428/19
f 197/429/6 189/430/6 192/431/6 200/432/6
f 205/433/7 191/434/7 190/435/7 208/436/7
f 206/437/10 208/438/10 190/439/17 192/440/17
f 78/441/7 193/413/7 196/416/7 80/442/7
f 79/443/2 80/444/2 196/410/1 194/409/1
f 187/418/6 195/385/6 194/388/6 186/419/6
f 187/424/13 185/423/13 193/378/12 195/377/12
f 179/445/6 197/429/6 200/432/6 177/446/6
f 179/447/5 180/448/5 199/426/4 197/425/4
f 191/434/7 199/389/7 198/392/7 190/435/7
f 192/440/17 190/439/17 198/382/16 200/381/16
f 181/408/9 182/407/9 203/422/8 201/421/8
f 181/398/6 201/417/6 204/420/6 183/399/6
f 186/412/15 188/411/15 202/402/14 204/401/14
f 185/414/7 203/393/7 202/396/7 188/415/7
f 183/404/11 184/403/11 208/438/10 206/437/10
f 182/394/7 205/433/7 208/436/7 184/395/7
f 189/428/19 191/427/19 205/406/18 207/405/18
f 189/430/6 207/397/6 206/400/6 192/431/6
f 231/449/1 229/450/1 216/451/2 215/452/2
f 215/453/3 216/454/3 214/455/3 213/456/3
f 236/457/4 234/458/4 210/459/5 209/460/5
f 231/461/6 215/462/6 213/463/6 230/464/6
f 235/465/7 212/466/7 210/467/7 234/468/7
f 239/469/7 218/470/7 220/471/7 238/472/7
f 243/473/6 217/474/6 219/475/6 242/476/6
f 240/477/8 238/478/8 220/479/9 219/480/9
f 243/481/10 241/482/10 218/483/11 217/484/11
f 230/485/12 232/486/12 224/487/13 222/488/13
f 229/489/7 221/490/7 224/491/7 232/492/7
f 237/493/6 223/494/6 222/495/6 240/496/6
f 237/497/14 239/498/14 221/499/15 223/500/15
f 233/501/16 235/502/16 227/503/17 225/504/17
f 233/505/6 225/506/6 228/507/6 236/508/6
f 241/509/7 227/510/7 226/511/7 244/512/7
f 242/513/18 244/514/18 226/515/19 228/516/19
f 216/517/7 229/489/7 232/492/7 214/518/7
f 213/519/20 214/520/20 232/486/12 230/485/12
f 223/494/6 231/461/6 230/464/6 222/495/6
f 223/500/15 221/499/15 229/450/1 231/449/1
f 211/521/6 233/505/6 236/508/6 209/522/6
f 211/523/21 212/524/21 235/502/16 233/501/16
f 227/510/7 235/465/7 234/468/7 226/511/7
f 228/516/19 226/515/19 234/458/4 236/457/4
f 217/484/11 218/483/11 239/498/14 237/497/14
f 217/474/6 237/493/6 240/496/6 219/475/6
f 222/488/13 224/487/13 238/478/8 240/477/8
f 221/490/7 239/469/7 238/472/7 224/491/7
f 219/480/9 220/479/9 244/514/18 242/513/18
f 218/470/7 241/509/7 244/512/7 220/471/7
f 225/504/17 227/503/17 241/482/10 243/481/10
f 225/506/6 243/473/6 242/476/6 228/507/6
f 263/525/12 261/526/12 146/527/20 145/528/20
f 268/529/16 266/530/16 246/531/21 245/532/21
f 263/533/6 145/534/6 147/535/6 262/536/6
f 267/537/7 248/538/7 246/539/7 266/540/7
f 271/541/7 250/542/7 252/543/7 270/544/7
f 275/545/6 249/546/6 251/547/6 274/548/6
f 272/549/14 270/550/14 252/551/11 251/552/11
f 275/553/18 273/554/18 250/555/9 249/556/9
f 262/557/1 264/558/1 256/559/15 254/560/15
f 261/561/7 253/562/7 256/563/7 264/564/7
f 269/565/6 255/566/6 254/567/6 272/568/6
f 269/569/8 271/570/8 253/571/13 255/572/13
f 265/573/4 267/574/4 259/575/19 257/576/19
f 265/577/6 257/578/6 260/579/6 268/580/6
f 273/581/7 259/582/7 258/583/7 276/584/7
f 274/585/10 276/586/10 258/587/17 260/588/17
f 146/589/7 261/561/7 264/564/7 148/590/7
f 147/591/2 148/592/2 264/558/1 262/557/1
f 255/566/6 263/533/6 262/536/6 254/567/6
f 255/572/13 253/571/13 261/526/12 263/525/12
f 247/593/6 265/577/6 268/580/6 245/594/6
f 247/595/5 248/596/5 267/574/4 265/573/4
f 259/582/7 267/537/7 266/540/7 258/583/7
f 260/588/17 258/587/17 266/530/16 268/529/16
f 249/556/9 250/555/9 271/570/8 269/569/8
f 249/546/6 269/565/6 272/568/6 251/547/6
f 254/560/15 256/559/15 270/550/14 272/549/14
f 253/562/7 271/541/7 270/544/7 256/563/7
f 251/552/11 252/551/11 276/586/10 274/585/10
f 250/542/7 273/581/7 276/584/7 252/543/7
f 257/576/19 259/575/19 273/554/18 275/553/18
f 257/578/6 275/545/6 274/548/6 260/579/6
f 299/597/1 297/598/1 284/599/2 283/600/2
f 283/601/3 284/602/3 282/603/3 281/604/3
f 304/605/4 302/606/4 278/607/5 277/608/5
f 299/609/6 283/610/6 281/611/6 298/612/6
f 303/613/7 280/614/7 278/615/7 302/616/7
f 307/617/7 286/618/7 288/619/7 306/620/7
f 311/621/6 285/622/6 287/623/6 310/624/6
f 308/625/8 306/626/8 288/627/9 287/628/9
f 311/629/10 309/630/10 286/631/11 285/632/11
f 298/633/12 300/634/12 292/635/13 290/636/13
f 297/637/7 289/638/7 292/639/7 300/640/7
f 305/641/6 291/642/6 290/643/6 308/644/6
f 305/645/14 307/646/14 289/647/15 291/648/15
f 301/649/16 303/650/16 295/651/17 293/652/17
f 301/653/6 293/654/6 296/655/6 304/656/6
f 309/657/7 295/658/7 294/659/7 312/660/7
f 310/661/18 312/662/18 294/663/19 296/664/19
f 284/665/7 297/637/7 300/640/7 282/666/7
f 281/667/20 282/668/20 300/634/12 298/633/12
f 291/642/6 299/609/6 298/612/6 290/643/6
f 291/648/15 289/647/15 297/598/1 299/597/1
f 279/669/6 301/653/6 304/656/6 277/670/6
f 279/671/21 280/672/21 303/650/16 301/649/16
f 295/658/7 303/613/7 302/616/7 294/659/7
f 296/664/19 294/663/19 302/606/4 304/605/4
f 285/632/11 286/631/11 307/646/14 305/645/14
f 285/622/6 305/641/6 308/644/6 287/623/6
f 290/636/13 292/635/13 306/626/8 308/625/8
f 289/638/7 307/617/7 306/620/7 292/639/7
f 287/628/9 288/627/9 312/662/18 310/661/18
f 286/618/7 309/657/7 312/660/7 288/619/7
f 293/652/17 295/651/17 309/630/10 311/629/10
f 293/654/6 311/621/6 310/624/6 296/655/6
f 331/673/12 329/674/12 214/675/20 213/676/20
f 336/677/16 334/678/16 314/679/21 313/680/21
f 331/681/6 213/682/6 215/683/6 330/684/6
f 335/685/7 316/686/7 314/687/7 334/688/7
f 339/689/7 318/690/7 320/691/7 338/692/7
f 343/693/6 317/694/6 319/695/6 342/696/6
f 340/697/14 338/698/14 320/699/11 319/700/11
f 343/701/18 341/702/18 318/703/9 317/704/9
f 330/705/1 332/706/1 324/707/15 322/708/15
f 329/709/7 321/710/7 324/711/7 332/712/7
f 337/713/6 323/714/6 322/715/6 340/716/6
f 337/717/8 339/718/8 321/719/13 323/720/13
f 333/721/4 335/722/4 327/723/19 325/724/19
f 333/725/6 325/726/6 328/727/6 336/728/6
f 341/729/7 327/730/7 326/731/7 344/732/7
f 342/733/10 344/734/10 326/735/17 328/736/17
f 214/737/7 329/709/7 332/712/7 216/738/7
f 215/739/2 216/740/2 332/706/1 330/705/1
f 323/714/6 331/681/6 330/684/6 322/715/6
f 323/720/13 321/719/13 329/674/12 331/673/12
f 315/741/6 333/725/6 336/728/6 313/742/6
f 315/743/5 316/744/5 335/722/4 333/721/4
f 327/730/7 335/685/7 334/688/7 326/731/7
f 328/736/17 326/735/17 334/678/16 336/677/16
f 317/704/9 318/703/9 339/718/8 337/717/8
f 317/694/6 337/713/6 340/716/6 319/695/6
f 322/708/15 324/707/15 338/698/14 340/697/14
f 321/710/7 339/689/7 338/692/7 324/711/7
f 319/700/11 320/699/11 344/734/10 342/733/10
f 318/690/7 341/729/7 344/732/7 320/691/7
f 325/724/19 327/723/19 341/702/18 343/701/18
f 325/726/6 343/693/6 342/696/6 328/727/6
f 367/745/1 365/746/1 352/747/2 351/748/2
f 351/749/3 352/750/3 350/751/3 349/752/3
f 372/753/4 370/754/4 346/755/5 345/756/5
f 367/757/6 351/758/6 349/759/6 366/760/6
f 371/761/7 348/762/7 346/763/7 370/764/7
f 375/765/7 354/766/7 356/767/7 374/768/7
f 379/769/6 353/770/6 355/771/6 378/772/6
f 376/773/8 374/774/8 356/775/9 355/776/9
f 379/777/10 377/778/10 354/779/11 353/780/11
f 366/781/12 368/782/12 360/783/13 358/784/13
f 365/785/7 357/786/7 360/787/7 368/788/7
f 373/789/6 359/790/6 358/791/6 376/792/6
f 373/793/14 375/794/14 357/795/15 359/796/15
f 369/797/16 371/798/16 363/799/17 361/800/17
f 369/801/6 361/802/6 364/803/6 372/804/6
f 377/805/7 363/806/7 362/807/7 380/808/7
f 378/809/18 380/810/18 362/811/19 364/812/19
f 352/813/7 365/785/7 368/788/7 350/814/7
f 349/815/20 350/816/20 368/782/12 366/781/12
f 359/790/6 367/757/6 366/760/6 358/791/6
f 359/796/15 357/795/15 365/746/1 367/745/1
f 347/817/6 369/801/6 372/804/6 345/818/6
f 347/819/21 348/820/21 371/798/16 369/797/16
f 363/806/7 371/761/7 370/764/7 362/807/7
f 364/812/19 362/811/19 370/754/4 372/753/4
f 353/780/11 354/779/11 375/794/14 373/793/14
f 353/770/6 373/789/6 376/792/6 355/771/6
f 358/784/13 360/783/13 374/774/8 376/773/8
f 357/786/7 375/765/7 374/768/7 360/787/7
f 355/776/9 356/775/9 380/810/18 378/809/18
f 354/766/7 377/805/7 380/808/7 356/767/7
f 361/800/17 363/799/17 377/778/10 379/777/10
f 361/802/6 379/769/6 378/772/6 364/803/6
f 399/821/12 397/822/12 282/823/20 281/824/20
f 404/825/16 402/826/16 382/827/21 381/828/21
f 399/829/6 281/830/6 283/831/6 398/832/6
f 403/833/7 384/834/7 382/835/7 402/836/7
f 407/837/7 386/838/7 388/839/7 406/840/7
f 411/841/6 385/842/6 387/843/6 410/844/6
f 408/845/14 406/846/14 388/847/11 387/848/11
f 411/849/18 409/850/18 386/851/9 385/852/9
f 398/853/1 400/854/1 392/855/15 390/856/15
f 397/857/7 389/858/7 392/859/7 400/860/7
f 405/861/6 391/862/6 390/863/6 408/864/6
f 405/865/8 407/866/8 389/867/13 391/868/13
f 401/869/4 403/870/4 395/871/19 393/872/19
f 401/873/6 393/874/6 396/875/6 404/876/6
f 409/877/7 395/878/7 394/879/7 412/880/7
f 410/881/10 412/882/10 394/883/17 396/884/17
f 282/885/7 397/857/7 400/860/7 284/886/7
f 283/887/2 284/888/2 400/854/1 398/853/1
f 391/862/6 399/829/6 398/832/6 390/863/6
f 391/868/13 389/867/13 397/822/12 399/821/12
f 383/889/6 401/873/6 404/876/6 381/890/6
f 383/891/5 384/892/5 403/870/4 401/869/4
f 395/878/7 403/833/7 402/836/7 394/879/7
f 396/884/17 394/883/17 402/826/16 404/825/16
f 385/852/9 386/851/9 407/866/8 405/865/8
f 385/842/6 405/861/6 408/864/6 387/843/6
f 390/856/15 392/855/15 406/846/14 408/845/14
f 389/858/7 407/837/7 406/840/7 392/859/7
f 387/848/11 388/847/11 412/882/10 410/881/10
f 386/838/7 409/877/7 412/880/7 388/839/7
f 393/872/19 395/871/19 409/850/18 411/849/18
f 393/874/6 411/841/6 410/844/6 396/875/6
f 435/893/1 433/894/1 420/895/2 419/896/2
f 419/897/3 420/898/3 418/899/3 417/900/3
f 440/901/4 438/902/4 414/903/5 413/904/5
f 435/905/6 419/906/6 417/907/6 434/908/6
f 439/909/7 416/910/7 414/911/7 438/912/7
f 443/913/7 422/914/7 424/915/7 442/916/7
f 447/917/6 421/918/6 423/919/6 446/920/6
f 444/921/8 442/922/8 424/923/9 423/924/9
f 447/925/10 445/926/10 422/927/11 421/928/11
f 434/929/12 436/930/12 428/931/13 426/932/13
f 433/933/7 425/934/7 428/935/7 436/936/7
f 441/937/6 427/938/6 426/939/6 444/940/6
f 441/941/14 443/942/14 425/943/15 427/944/15
f 437/945/16 439/946/16 431/947/17 429/948/17
f 437/949/6 429/950/6 432/951/6 440/952/6
f 445/953/7 431/954/7 430/955/7 448/956/7
f 446/957/18 448/958/18 430/959/19 432/960/19
f 420/961/7 433/933/7 436/936/7 418/962/7
f 417/963/20 418/964/20 436/930/12 434/929/12
f 427/938/6 435/905/6 434/908/6 426/939/6
f 427/944/15 425/943/15 433/894/1 435/893/1
f 415/965/6 437/949/6 440/952/6 413/966/6
f 415/967/21 416/968/21 439/946/16 437/945/16
f 431/954/7 439/909/7 438/912/7 430/955/7
f 432/960/19 430/959/19 438/902/4 440/901/4
f 421/928/11 422/927/11 443/942/14 441/941/14
f 421/918/6 441/937/6 444/940/6 423/919/6
f 426/932/13 428/931/13 442/922/8 444/921/8
f 425/934/7 443/913/7 442/916/7 428/935/7
f 423/924/9 424/923/9 448/958/18 446/957/18
f 422/914/7 445/953/7 448/956/7 424/915/7
f 429/948/17 431/947/17 445/926/10 447/925/10
f 429/950/6 447/917/6 446/920/6 432/951/6
f 467/969/12 465/970/12 350/971/20 349/972/20
f 472/973/16 470/974/16 450/975/21 449/976/21
f 467/977/6 349/978/6 351/979/6 466/980/6
f 471/981/7 452/982/7 450/983/7 470/984/7
f 475/985/7 454/986/7 456/987/7 474/988/7
f 479/989/6 453/990/6 455/991/6 478/992/6
f 476/993/14 474/994/14 456/995/11 455/996/11
f 479/997/18 477/998/18 454/999/9 453/1000/9
f 466/1001/1 468/1002/1 460/1003/15 458/1004/15
f 465/1005/7 457/1006/7 460/1007/7 468/1008/7
f 473/1009/6 459/1010/6 458/1011/6 476/1012/6
f 473/1013/8 475/1014/8 457/1015/13 459/1016/13
f 469/1017/4 471/1018/4 463/1019/19 461/1020/19
f 469/1021/6 461/1022/6 464/1023/6 472/1024/6
f 477/1025/7 463/1026/7 462/1027/7 480/1028/7
f 478/1029/10 480/1030/10 462/1031/17 464/1032/17
f 350/1033/7 465/1005/7 468/1008/7 352/1034/7
f 351/1035/2 352/1036/2 468/1002/1 466/1001/1
f 459/1010/6 467/977/6 466/980/6 458/1011/6
f 459/1016/13 457/1015/13 465/970/12 467/969/12
f 451/1037/6 469/1021/6 472/1024/6 449/1038/6
f 451/1039/5 452/1040/5 471/1018/4 469/1017/4
f 463/1026/7 471/981/7 470/984/7 462/1027/7
f 464/1032/17 462/1031/17 470/974/16 472/973/16
f 453/1000/9 454/999/9 475/1014/8 473/1013/8
f 453/990/6 473/1009/6 476/1012/6 455/991/6
f 458/1004/15 460/1003/15 474/994/14 476/993/14
f 457/1006/7 475/985/7 474/988/7 460/1007/7
f 455/996/11 456/995/11 480/1030/10 478/1029/10
f 454/986/7 477/1025/7 480/1028/7 456/987/7
f 461/1020/19 463/1019/19 477/998/18 479/997/18
f 461/1022/6 479/989/6 478/992/6 464/1023/6
f 503/1041/1 501/1042/1 488/1043/2 487/1044/2
f 487/1045/3 488/1046/3 486/1047/3 485/1048/3
f 508/1049/4 506/1050/4 482/1051/5 481/1052/5
f 503/1053/6 487/1054/6 485/1055/6 502/1056/6
f 507/1057/7 484/1058/7 482/1059/7 506/1060/7
f 511/1061/7 490/1062/7 492/1063/7 510/1064/7
f 515/1065/6 489/1066/6 491/1067/6 514/1068/6
f 512/1069/8 510/1070/8 492/1071/9 491/1072/9
f 515/1073/10 513/1074/10 490/1075/11 489/1076/11
f 502/1077/12 504/1078/12 496/1079/13 494/1080/13
f 501/1081/7 493/1082/7 496/1083/7 504/1084/7
f 509/1085/6 495/1086/6 494/1087/6 512/1088/6
f 509/1089/14 511/1090/14 493/1091/15 495/1092/15
f 505/1093/16 507/1094/16 499/1095/17 497/1096/17
f 505/1097/6 497/1098/6 500/1099/6 508/1100/6
f 513/1101/7 499/1102/7 498/1103/7 516/1104/7
f 514/1105/18 516/1106/18 498/1107/19 500/1108/19
f 488/1109/7 501/1081/7 504/1084/7 486/1110/7
f 485/1111/20 486/1112/20 504/1078/12 502/1077/12
f 495/1086/6 503/1053/6 502/1056/6 494/1087/6
f 495/1092/15 493/1091/15 501/1042/1 503/1041/1
f 483/1113/6 505/1097/6 508/1100/6 481/1114/6
f 483/1115/21 484/1116/21 507/1094/16 505/1093/16
f 499/1102/7 507/1057/7 506/1060/7 498/1103/7
f 500/1108/19 498/1107/19 506/1050/4 508/1049/4
f 489/1076/11 490/1075/11 511/1090/14 509/1089/14
f 489/1066/6 509/1085/6 512/1088/6 491/1067/6
f 494/1080/13 496/1079/13 510/1070/8 512/1069/8
f 493/1082/7 511/1061/7 510/1064/7 496/1083/7
f 491/1072/9 492/1071/9 516/1106/18 514/1105/18
f 490/1062/7 513/1101/7 516/1104/7 492/1063/7
f 497/1096/17 499/1095/17 513/1074/10 515/1073/10
f 497/1098/6 515/1065/6 514/1068/6 500/1099/6
f 535/1117/12 533/1118/12 418/1119/20 417/1120/20
f 540/1121/16 538/1122/16 518/1123/21 517/1124/21
f 535/1125/6 417/1126/6 419/1127/6 534/1128/6
f 539/1129/7 520/1130/7 518/1131/7 538/1132/7
f 543/1133/7 522/1134/7 524/1135/7 542/1136/7
f 547/1137/6 521/1138/6 523/1139/6 546/1140/6
f 544/1141/14 542/1142/14 524/1143/11 523/1144/11
f 547/1145/18 545/1146/18 522/1147/9 521/1148/9
f 534/1149/1 536/1150/1 528/1151/15 526/1152/15
f 533/1153/7 525/1154/7 528/1155/7 536/1156/7
f 541/1157/6 527/1158/6 526/1159/6 544/1160/6
f 541/1161/8 543/1162/8 525/1163/13 527/1164/13
f 537/1165/4 539/1166/4 531/1167/19 529/1168/19
f 537/1169/6 529/1170/6 532/1171/6 540/1172/6
f 545/1173/7 531/1174/7 530/1175/7 548/1176/7
f 546/1177/10 548/1178/10 530/1179/17 532/1180/17
f 418/1181/7 533/1153/7 536/1156/7 420/1182/7
f 419/1183/2 420/1184/2 536/1150/1 534/1149/1
f 527/1158/6 535/1125/6 534/1128/6 526/1159/6
f 527/1164/13 525/1163/13 533/1118/12 535/1117/12
f 519/1185/6 537/1169/6 540/1172/6 517/1186/6
f 519/1187/5 520/1188/5 539/1166/4 537/1165/4
f 531/1174/7 539/1129/7 538/1132/7 530/1175/7
f 532/1180/17 530/1179/17 538/1122/16 540/1121/16
f 521/1148/9 522/1147/9 543/1162/8 541/1161/8
f 521/1138/6 541/1157/6 544/1160/6 523/1139/6
f 526/1152/15 528/1151/15 542/1142/14 544/1141/14
f 525/1154/7 543/1133/7 542/1136/7 528/1155/7
f 523/1144/11 524/1143/11 548/1178/10 546/1177/10
f 522/1134/7 545/1173/7 548/1176/7 524/1135/7
f 529/1168/19 531/1167/19 545/1146/18 547/1145/18
f 529/1170/6 547/1137/6 546/1140/6 532/1171/6
f 571/1189/1 569/1190/1 556/1191/2 555/1192/2
f 555/1193/3 556/1194/3 554/1195/3 553/1196/3
f 576/1197/4 574/1198/4 550/1199/5 549/1200/5
f 571/1201/6 555/1202/6 553/1203/6 570/1204/6
f 575/1205/7 552/1206/7 550/1207/7 574/1208/7
f 579/1209/7 558/1210/7 560/1211/7 578/1212/7
f 583/1213/6 557/1214/6 559/1215/6 582/1216/6
f 580/1217/8 578/1218/8 560/1219/9 559/1220/9
f 583/1221/10 581/1222/10 558/1223/11 557/1224/11
f 570/1225/12 572/1226/12 564/1227/13 562/1228/13
f 569/1229/7 561/1230/7 564/1231/7 572/1232/7
f 577/1233/6 563/1234/6 562/1235/6 580/1236/6
f 577/1237/14 579/1238/14 561/1239/15 563/1240/15
f 573/1241/16 575/1242/16 567/1243/17 565/1244/17
f 573/1245/6 565/1246/6 568/1247/6 576/1248/6
f 581/1249/7 567/1250/7 566/1251/7 584/1252/7
f 582/1253/18 584/1254/18 566/1255/19 568/1256/19
f 556/1257/7 569/1229/7 572/1232/7 554/1258/7
f 553/1259/20 554/1260/20 572/1226/12 570/1225/12
f 563/1234/6 571/1201/6 570/1204/6 562/1235/6
f 563/1240/15 561/1239/15 569/1190/1 571/1189/1
f 551/1261/6 573/1245/6 576/1248/6 549/1262/6
f 551/1263/21 552/1264/21 575/1242/16 573/1241/16
f 567/1250/7 575/1205/7 574/1208/7 566/1251/7
f 568/1256/19 566/1255/19 574/1198/4 576/1197/4
f 557/1224/11 558/1223/11 579/1238/14 577/1237/14
f 557/1214/6 577/1233/6 580/1236/6 559/1215/6
f 562/1228/13 564/1227/13 578/1218/8 580/1217/8
f 561/1230/7 579/1209/7 578/1212/7 564/1231/7
f 559/1220/9 560/1219/9 584/1254/18 582/1253/18
f 558/1210/7 581/1249/7 584/1252/7 560/1211/7
f 565/1244/17 567/1243/17 581/1222/10 583/1221/10
f 565/1246/6 583/1213/6 582/1216/6 568/1247/6
f 603/1265/12 601/1266/12 486/1267/20 485/1268/20
f 608/1269/16 606/1270/16 586/1271/21 585/1272/21
f 603/1273/6 485/1274/6 487/1275/6 602/1276/6
f 607/1277/7 588/1278/7 586/1279/7 606/1280/7
f 611/1281/7 590/1282/7 592/1283/7 610/1284/7
f 615/1285/6 589/1286/6 591/1287/6 614/1288/6
f 612/1289/14 610/1290/14 592/1291/11 591/1292/11
f 615/1293/18 613/1294/18 590/1295/9 589/1296/9
f 602/1297/1 604/1298/1 596/1299/15 594/1300/15
f 601/1301/7 593/1302/7 596/1303/7 604/1304/7
f 609/1305/6 595/1306/6 594/1307/6 612/1308/6
f 609/1309/8 611/1310/8 593/1311/13 595/1312/13
f 605/1313/4 607/1314/4 599/1315/19 597/1316/19
f 605/1317/6 597/1318/6 600/1319/6 608/1320/6
f 613/1321/7 599/1322/7 598/1323/7 616/1324/7
f 614/1325/10 616/1326/10 598/1327/17 600/1328/17
f 486/1329/7 601/1301/7 604/1304/7 488/1330/7
f 487/1331/2 488/1332/2 604/1298/1 602/1297/1
f 595/1306/6 603/1273/6 602/1276/6 594/1307/6
f 595/1312/13 593/1311/13 601/1266/12 603/1265/12
f 587/1333/6 605/1317/6 608/1320/6 585/1334/6
f 587/1335/5 588/1336/5 607/1314/4 605/1313/4
f 599/1322/7 607/1277/7 606/1280/7 598/1323/7
f 600/1328/17 598/1327/17 606/1270/16 608/1269/16
f 589/1296/9 590/1295/9 611/1310/8 609/1309/8
f 589/1286/6 609/1305/6 612/1308/6 591/1287/6
f 594/1300/15 596/1299/15 610/1290/14 612/1289/14
f 593/1302/7 611/1281/7 610/1284/7 596/1303/7
f 591/1292/11 592/1291/11 616/1326/10 614/1325/10
f 590/1282/7 613/1321/7 616/1324/7 592/1283/7
f 597/1316/19 599/1315/19 613/1294/18 615/1293/18
f 597/1318/6 615/1285/6 614/1288/6 600/1319/6
f 639/1337/1 637/1338/1 624/1339/2 623/1340/2
f 623/1341/3 624/1342/3 622/1343/3 621/1344/3
f 644/1345/4 642/1346/4 618/1347/5 617/1348/5
f 639/1349/6 623/1350/6 621/1351/6 638/1352/6
f 643/1353/7 620/1354/7 618/1355/7 642/1356/7
f 647/1357/7 626/1358/7 628/1359/7 646/1360/7
f 651/1361/6 625/1362/6 627/1363/6 650/1364/6
f 648/1365/8 646/1366/8 628/1367/9 627/1368/9
f 651/1369/10 649/1370/10 626/1371/11 625/1372/11
f 638/1373/12 640/1374/12 632/1375/13 630/1376/13
f 637/1377/7 629/1378/7 632/1379/7 640/1380/7
f 645/1381/6 631/1382/6 630/1383/6 648/1384/6
f 645/1385/14 647/1386/14 629/1387/15 631/1388/15
f 641/1389/16 643/1390/16 635/1391/17 633/1392/17
f 641/1393/6 633/1394/6 636/1395/6 644/1396/6
f 649/1397/7 635/1398/7 634/1399/7 652/1400/7
f 650/1401/18 652/1402/18 634/1403/19 636/1404/19
f 624/1405/7 637/1377/7 640/1380/7 622/1406/7
f 621/1407/20 622/1408/20 640/1374/12 638/1373/12
f 631/1382/6 639/1349/6 638/1352/6 630/1383/6
f 631/1388/15 629/1387/15 637/1338/1 639/1337/1
f 619/1409/6 641/1393/6 644/1396/6 617/1410/6
f 619/1411/21 620/1412/21 643/1390/16 641/1389/16
f 635/1398/7 643/1353/7 642/1356/7 634/1399/7
f 636/1404/19 634/1403/19 642/1346/4 644/1345/4
f 625/1372/11 626/1371/11 647/1386/14 645/1385/14
f 625/1362/6 645/1381/6 648/1384/6 627/1363/6
f 630/1376/13 632/1375/13 646/1366/8 648/1365/8
f 629/1378/7 647/1357/7 646/1360/7 632/1379/7
f 627/1368/9 628/1367/9 652/1402/18 650/1401/18
f 626/1358/7 649/1397/7 652/1400/7 628/1359/7
f 633/1392/17 635/1391/17 649/1370/10 651/1369/10
f 633/1394/6 651/1361/6 650/1364/6 636/1395/6
f 671/1413/12 669/1414/12 554/1415/20 553/1416/20
f 676/1417/16 674/1418/16 654/1419/21 653/1420/21
f 671/1421/6 553/1422/6 555/1423/6 670/1424/6
f 675/1425/7 656/1426/7 654/1427/7 674/1428/7
f 679/1429/7 658/1430/7 660/1431/7 678/1432/7
f 683/1433/6 657/1434/6 659/1435/6 682/1436/6
f 680/1437/14 678/1438/14 660/1439/11 659/1440/11
f 683/1441/18 681/1442/18 658/1443/9 657/1444/9
f 670/1445/1 672/1446/1 664/1447/15 662/1448/15
f 669/1449/7 661/1450/7 664/1451/7 672/1452/7
f 677/1453/6 663/1454/6 662/1455/6 680/1456/6
f 677/1457/8 679/1458/8 661/1459/13 663/1460/13
f 673/1461/4 675/1462/4 667/1463/19 665/1464/19
f 673/1465/6 665/1466/6 668/1467/6 676/1468/6
f 681/1469/7 667/1470/7 666/1471/7 684/1472/7
f 682/1473/10 684/1474/10 666/1475/17 668/1476/17
f 554/1477/7 669/1449/7 672/1452/7 556/1478/7
f 555/1479/2 556/1480/2 672/1446/1 670/1445/1
f 663/1454/6 671/1421/6 670/1424/6 662/1455/6
f 663/1460/13 661/1459/13 669/1414/12 671/1413/12
f 655/1481/6 673/1465/6 676/1468/6 653/1482/6
f 655/1483/5 656/1484/5 675/1462/4 673/1461/4
f 667/1470/7 675/1425/7 674/1428/7 666/1471/7
f 668/1476/17 666/1475/17 674/1418/16 676/1417/16
f 657/1444/9 658/1443/9 679/1458/8 677/1457/8
f 657/1434/6 677/1453/6 680/1456/6 659/1435/6
f 662/1448/15 664/1447/15 678/1438/14 680/1437/14
f 661/1450/7 679/1429/7 678/1432/7 664/1451/7
f 659/1440/11 660/1439/11 684/1474/10 682/1473/10
f 658/1430/7 681/1469/7 684/1472/7 660/1431/7
f 665/1464/19 667/1463/19 681/1442/18 683/1441/18
f 665/1466/6 683/1433/6 682/1436/6 668/1467/6
f 707/1485/1 705/1486/1 692/1487/2 691/1488/2
f 691/1489/3 692/1490/3 690/1491/3 689/1492/3
f 712/1493/4 710/1494/4 686/1495/5 685/1496/5
f 707/1497/6 691/1498/6 689/1499/6 706/1500/6
f 711/1501/7 688/1502/7 686/1503/7 710/1504/7
f 715/1505/7 694/1506/7 696/1507/7 714/1508/7
f 719/1509/6 693/1510/6 695/1511/6 718/1512/6
f 716/1513/8 714/1514/8 696/1515/9 695/1516/9
f 719/1517/10 717/1518/10 694/1519/11 693/1520/11
f 706/1521/12 708/1522/12 700/1523/13 698/1524/13
f 705/1525/7 697/1526/7 700/1527/7 708/1528/7
f 713/1529/6 699/1530/6 698/1531/6 716/1532/6
f 713/1533/14 715/1534/14 697/1535/15 699/1536/15
f 709/1537/16 711/1538/16 703/1539/17 701/1540/17
f 709/1541/6 701/1542/6 704/1543/6 712/1544/6
f 717/1545/7 703/1546/7 702/1547/7 720/1548/7
f 718/1549/18 720/1550/18 702/1551/19 704/1552/19
f 692/1553/7 705/1525/7 708/1528/7 690/1554/7
f 689/1555/20 690/1556/20 708/1522/12 706/1521/12
f 699/1530/6 707/1497/6 706/1500/6 698/1531/6
f 699/1536/15 697/1535/15 705/1486/1 707/1485/1
f 687/1557/6 709/1541/6 712/1544/6 685/1558/6
f 687/1559/21 688/1560/21 711/1538/16 709/1537/16
f 703/1546/7 711/1501/7 710/1504/7 702/1547/7
f 704/1552/19 702/1551/19 710/1494/4 712/1493/4
f 693/1520/11 694/1519/11 715/1534/14 713/1533/14
f 693/1510/6 713/1529/6 716/1532/6 695/1511/6
f 698/1524/13 700/1523/13 714/1514/8 716/1513/8
f 697/1526/7 715/1505/7 714/1508/7 700/1527/7
f 695/1516/9 696/1515/9 720/1550/18 718/1549/18
f 694/1506/7 717/1545/7 720/1548/7 696/1507/7
f 701/1540/17 703/1539/17 717/1518/10 719/1517/10
f 701/1542/6 719/1509/6 718/1512/6 704/1543/6
f 739/1561/12 737/1562/12 622/1563/20 621/1564/20
f 744/1565/16 742/1566/16 722/1567/21 721/1568/21
f 739/1569/6 621/1570/6 623/1571/6 738/1572/6
f 743/1573/7 724/1574/7 722/1575/7 742/1576/7
f 747/1577/7 726/1578/7 728/1579/7 746/1580/7
f 751/1581/6 725/1582/6 727/1583/6 750/1584/6
f 748/1585/14 746/1586/14 728/1587/11 727/1588/11
f 751/1589/18 749/1590/18 726/1591/9 725/1592/9
f 738/1593/1 740/1594/1 732/1595/15 730/1596/15
f 737/1597/7 729/1598/7 732/1599/7 740/1600/7
f 745/1601/6 731/1602/6 730/1603/6 748/1604/6
f 745/1605/8 747/1606/8 729/1607/13 731/1608/13
f 741/1609/4 743/1610/4 735/1611/19 733/1612/19
f 741/1613/6 733/1614/6 736/1615/6 744/1616/6
f 749/1617/7 735/1618/7 734/1619/7 752/1620/7
f 750/1621/10 752/1622/10 734/1623/17 736/1624/17
f 622/1625/7 737/1597/7 740/1600/7 624/1626/7
f 623/1627/2 624/1628/2 740/1594/1 738/1593/1
f 731/1602/6 739/1569/6 738/1572/6 730/1603/6
f 731/1608/13 729/1607/13 737/1562/12 739/1561/12
f 723/1629/6 741/1613/6 744/1616/6 721/1630/6
f 723/1631/5 724/1632/5 743/1610/4 741/1609/4
f 735/1618/7 743/1573/7 742/1576/7 734/1619/7
f 736/1624/17 734/1623/17 742/1566/16 744/1565/16
f 725/1592/9 726/1591/9 747/1606/8 745/1605/8
f 725/1582/6 745/1601/6 748/1604/6 727/1583/6
f 730/1596/15 732/1595/15 746/1586/14 748/1585/14
f 729/1598/7 747/1577/7 746/1580/7 732/1599/7
f 727/1588/11 728/1587/11 752/1622/10 750/1621/10
f 726/1578/7 749/1617/7 752/1620/7 728/1579/7
f 733/1612/19 735/1611/19 749/1590/18 751/1589/18
f 733/1614/6 751/1581/6 750/1584/6 736/1615/6
f 775/1633/1 773/1634/1 760/1635/2 759/1636/2
f 759/1637/3 760/1638/3 758/1639/3 757/1640/3
f 780/1641/4 778/1642/4 754/1643/5 753/1644/5
f 775/1645/6 759/1646/6 757/1647/6 774/1648/6
f 779/1649/7 756/1650/7 754/1651/7 778/1652/7
f 783/1653/7 762/1654/7 764/1655/7 782/1656/7
f 787/1657/6 761/1658/6 763/1659/6 786/1660/6
f 784/1661/8 782/1662/8 764/1663/9 763/1664/9
f 787/1665/10 785/1666/10 762/1667/11 761/1668/11
f 774/1669/12 776/1670/12 768/1671/13 766/1672/13
f 773/1673/7 765/1674/7 768/1675/7 776/1676/7
f 781/1677/6 767/1678/6 766/1679/6 784/1680/6
f 781/1681/14 783/1682/14 765/1683/15 767/1684/15
f 777/1685/16 779/1686/16 771/1687/17 769/1688/17
f 777/1689/6 769/1690/6 772/1691/6 780/1692/6
f 785/1693/7 771/1694/7 770/1695/7 788/1696/7
f 786/1697/18 788/1698/18 770/1699/19 772/1700/19
f 760/1701/7 773/1673/7 776/1676/7 758/1702/7
f 757/1703/20 758/1704/20 776/1670/12 774/1669/12
f 767/1678/6 775/1645/6 774/1648/6 766/1679/6
f 767/1684/15 765/1683/15 773/1634/1 775/1633/1
f 755/1705/6 777/1689/6 780/1692/6 753/1706/6
f 755/1707/21 756/1708/21 779/1686/16 777/1685/16
f 771/1694/7 779/1649/7 778/1652/7 770/1695/7
f 772/1700/19 770/1699/19 778/1642/4 780/1641/4
f 761/1668/11 762/1667/11 783/1682/14 781/1681/14
f 761/1658/6 781/1677/6 784/1680/6 763/1659/6
f 766/1672/13 768/1671/13 782/1662/8 784/1661/8
f 765/1674/7 783/1653/7 782/1656/7 768/1675/7
f 763/1664/9 764/1663/9 788/1698/18 786/1697/18
f 762/1654/7 785/1693/7 788/1696/7 764/1655/7
f 769/1688/17 771/1687/17 785/1666/10 787/1665/10
f 769/1690/6 787/1657/6 786/1660/6 772/1691/6
f 807/1709/12 805/1710/12 690/1711/20 689/1712/20
f 812/1713/16 810/1714/16 790/1715/21 789/1716/21
f 807/1717/6 689/1718/6 691/1719/6 806/1720/6
f 811/1721/7 792/1722/7 790/1723/7 810/1724/7
f 815/1725/7 794/1726/7 796/1727/7 814/1728/7
f 819/1729/6 793/1730/6 795/1731/6 818/1732/6
f 816/1733/14 814/1734/14 796/1735/11 795/1736/11
f 819/1737/18 817/1738/18 794/1739/9 793/1740/9
f 806/1741/1 808/1742/1 800/1743/15 798/1744/15
f 805/1745/7 797/1746/7 800/1747/7 808/1748/7
f 813/1749/6 799/1750/6 798/1751/6 816/1752/6
f 813/1753/8 815/1754/8 797/1755/13 799/1756/13
f 809/1757/4 811/1758/4 803/1759/19 801/1760/19
f 809/1761/6 801/1762/6 804/1763/6 812/1764/6
f 817/1765/7 803/1766/7 802/1767/7 820/1768/7
f 818/1769/10 820/1770/10 802/1771/17 804/1772/17
f 690/1773/7 805/1745/7 808/1748/7 692/1774/7
f 691/1775/2 692/1776/2 808/1742/1 806/1741/1
f 799/1750/6 807/1717/6 806/1720/6 798/1751/6
f 799/1756/13 797/1755/13 805/1710/12 807/1709/12
f 791/1777/6 809/1761/6 812/1764/6 789/1778/6
f 791/1779/5 792/1780/5 811/1758/4 809/1757/4
f 803/1766/7 811/1721/7 810/1724/7 802/1767/7
f 804/1772/17 802/1771/17 810/1714/16 812/1713/16
f 793/1740/9 794/1739/9 815/1754/8 813/1753/8
f 793/1730/6 813/1749/6 816/1752/6 795/1731/6
f 798/1744/15 800/1743/15 814/1734/14 816/1733/14
f 797/1746/7 815/1725/7 814/1728/7 800/1747/7
f 795/1736/11 796/1735/11 820/1770/10 818/1769/10
f 794/1726/7 817/1765/7 820/1768/7 796/1727/7
f 801/1760/19 803/1759/19 817/1738/18 819/1737/18
f 801/1762/6 819/1729/6 818/1732/6 804/1763/6
f 843/1781/1 841/1782/1 828/1783/2 827/1784/2
f 827/1785/3 828/1786/3 826/1787/3 825/1788/3
f 848/1789/4 846/1790/4 822/1791/5 821/1792/5
f 843/1793/6 827/1794/6 825/1795/6 842/1796/6
f 847/1797/7 824/1798/7 822/1799/7 846/1800/7
f 851/1801/7 830/1802/7 832/1803/7 850/1804/7
f 855/1805/6 829/1806/6 831/1807/6 854/1808/6
f 852/1809/8 850/1810/8 832/1811/9 831/1812/9
f 855/1813/10 853/1814/10 830/1815/11 829/1816/11
f 842/1817/12 844/1818/12 836/1819/13 834/1820/13
f 841/1821/7 833/1822/7 836/1823/7 844/1824/7
f 849/1825/6 835/1826/6 834/1827/6 852/1828/6
f 849/1829/14 851/1830/14 833/1831/15 835/1832/15
f 845/1833/16 847/1834/16 839/1835/17 837/1836/17
f 845/1837/6 837/1838/6 840/1839/6 848/1840/6
f 853/1841/7 839/1842/7 838/1843/7 856/1844/7
f 854/1845/18 856/1846/18 838/1847/19 840/1848/19
f 828/1849/7 841/1821/7 844/1824/7 826/1850/7
f 825/1851/20 826/1852/20 844/1818/12 842/1817/12
f 835/1826/6 843/1793/6 842/1796/6 834/1827/6
f 835/1832/15 833/1831/15 841/1782/1 843/1781/1
f 823/1853/6 845/1837/6 848/1840/6 821/1854/6
f 823/1855/21 824/1856/21 847/1834/16 845/1833/16
f 839/1842/7 847/1797/7 846/1800/7 838/1843/7
f 840/1848/19 838/1847/19 846/1790/4 848/1789/4
f 829/1816/11 830/1815/11 851/1830/14 849/1829/14
f 829/1806/6 849/1825/6 852/1828/6 831/1807/6
f 834/1820/13 836/1819/13 850/1810/8 852/1809/8
f 833/1822/7 851/1801/7 850/1804/7 836/1823/7
f 831/1812/9 832/1811/9 856/1846/18 854/1845/18
f 830/1802/7 853/1841/7 856/1844/7 832/1803/7
f 837/1836/17 839/1835/17 853/1814/10 855/1813/10
f 837/1838/6 855/1805/6 854/1808/6 840/1839/6
f 875/1857/12 873/1858/12 758/1859/20 757/1860/20
f 880/1861/16 878/1862/16 858/1863/21 857/1864/21
f 875/1865/6 757/1866/6 759/1867/6 874/1868/6
f 879/1869/7 860/1870/7 858/1871/7 878/1872/7
f 883/1873/7 862/1874/7 864/1875/7 882/1876/7
f 887/1877/6 861/1878/6 863/1879/6 886/1880/6
f 884/1881/14 882/1882/14 864/1883/11 863/1884/11
f 887/1885/18 885/1886/18 862/1887/9 861/1888/9
f 874/1889/1 876/1890/1 868/1891/15 866/1892/15
f 873/1893/7 865/1894/7 868/1895/7 876/1896/7
f 881/1897/6 867/1898/6 866/1899/6 884/1900/6
f 881/1901/8 883/1902/8 865/1903/13 867/1904/13
f 877/1905/4 879/1906/4 871/1907/19 869/1908/19
f 877/1909/6 869/1910/6 872/1911/6 880/1912/6
f 885/1913/7 871/1914/7 870/1915/7 888/1916/7
f 886/1917/10 888/1918/10 870/1919/17 872/1920/17
f 758/1921/7 873/1893/7 876/1896/7 760/1922/7
f 759/1923/2 760/1924/2 876/1890/1 874/1889/1
f 867/1898/6 875/1865/6 874/1868/6 866/1899/6
f 867/1904/13 865/1903/13 873/1858/12 875/1857/12
f 859/1925/6 877/1909/6 880/1912/6 857/1926/6
f 859/1927/5 860/1928/5 879/1906/4 877/1905/4
f 871/1914/7 879/1869/7 878/1872/7 870/1915/7
f 872/1920/17 870/1919/17 878/1862/16 880/1861/16
f 861/1888/9 862/1887/9 883/1902/8 881/1901/8
f 861/1878/6 881/1897/6 884/1900/6 863/1879/6
f 866/1892/15 868/1891/15 882/1882/14 884/1881/14
f 865/1894/7 883/1873/7 882/1876/7 868/1895/7
f 863/1884/11 864/1883/11 888/1918/10 886/1917/10
f 862/1874/7 885/1913/7 888/1916/7 864/1875/7
f 869/1908/19 871/1907/19 885/1886/18 887/1885/18
f 869/1910/6 887/1877/6 886/1880/6 872/1911/6
f 911/1929/1 909/1930/1 896/1931/2 895/1932/2
f 895/1933/3 896/1934/3 894/1935/3 893/1936/3
f 916/1937/4 914/1938/4 890/1939/5 889/1940/5
f 911/1941/6 895/1942/6 893/1943/6 910/1944/6
f 915/1945/7 892/1946/7 890/1947/7 914/1948/7
f 919/1949/7 898/1950/7 900/1951/7 918/1952/7
f 923/1953/6 897/1954/6 899/1955/6 922/1956/6
f 920/1957/8 918/1958/8 900/1959/9 899/1960/9
f 923/1961/10 921/1962/10 898/1963/11 897/1964/11
f 910/1965/12 912/1966/12 904/1967/13 902/1968/13
f 909/1969/7 901/1970/7 904/1971/7 912/1972/7
f 917/1973/6 903/1974/6 902/1975/6 920/1976/6
f 917/1977/14 919/1978/14 901/1979/15 903/1980/15
f 913/1981/16 915/1982/16 907/1983/17 905/1984/17
f 913/1985/6 905/1986/6 908/1987/6 916/1988/6
f 921/1989/7 907/1990/7 906/1991/7 924/1992/7
f 922/1993/18 924/1994/18 906/1995/19 908/1996/19
f 896/1997/7 909/1969/7 912/1972/7 894/1998/7
f 893/1999/20 894/2000/20 912/1966/12 910/1965/12
f 903/1974/6 911/1941/6 910/1944/6 902/1975/6
f 903/1980/15 901/1979/15 909/1930/1 911/1929/1
f 891/2001/6 913/1985/6 916/1988/6 889/2002/6
f 891/2003/21 892/2004/21 915/1982/16 913/1981/16
f 907/1990/7 915/1945/7 914/1948/7 906/1991/7
f 908/1996/19 906/1995/19 914/1938/4 916/1937/4
f 897/1964/11 898/1963/11 919/1978/14 917/1977/14
f 897/1954/6 917/1973/6 920/1976/6 899/1955/6
f 902/1968/13 904/1967/13 918/1958/8 920/1957/8
f 901/1970/7 919/1949/7 918/1952/7 904/1971/7
f 899/1960/9 900/1959/9 924/1994/18 922/1993/18
f 898/1950/7 921/1989/7 924/1992/7 900/1951/7
f 905/1984/17 907/1983/17 921/1962/10 923/1961/10
f 905/1986/6 923/1953/6 922/1956/6 908/1987/6
f 943/2005/12 941/2006/12 826/2007/20 825/2008/20
f 948/2009/16 946/2010/16 926/2011/21 925/2012/21
f 943/2013/6 825/2014/6 827/2015/6 942/2016/6
f 947/2017/7 928/2018/7 926/2019/7 946/2020/7
f 951/2021/7 930/2022/7 932/2023/7 950/2024/7
f 955/2025/6 929/2026/6 931/2027/6 954/2028/6
f 952/2029/14 950/2030/14 932/2031/11 931/2032/11
f 955/2033/18 953/2034/18 930/2035/9 929/2036/9
f 942/2037/1 944/2038/1 936/2039/15 934/2040/15
f 941/2041/7 933/2042/7 936/2043/7 944/2044/7
f 949/2045/6 935/2046/6 934/2047/6 952/2048/6
f 949/2049/8 951/2050/8 933/2051/13 935/2052/13
f 945/2053/4 947/2054/4 939/2055/19 937/2056/19
f 945/2057/6 937/2058/6 940/2059/6 948/2060/6
f 953/2061/7 939/2062/7 938/2063/7 956/2064/7
f 954/2065/10 956/2066/10 938/2067/17 940/2068/17
f 826/2069/7 941/2041/7 944/2044/7 828/2070/7
f 827/2071/2 828/2072/2 944/2038/1 942/2037/1
f 935/2046/6 943/2013/6 942/2016/6 934/2047/6
f 935/2052/13 933/2051/13 941/2006/12 943/2005/12
f 927/2073/6 945/2057/6 948/2060/6 925/2074/6
f 927/2075/5 928/2076/5 947/2054/4 945/2053/4
f 939/2062/7 947/2017/7 946/2020/7 938/2063/7
f 940/2068/17 938/2067/17 946/2010/16 948/2009/16
f 929/2036/9 930/2035/9 951/2050/8 949/2049/8
f 929/2026/6 949/2045/6 952/2048/6 931/2027/6
f 934/2040/15 936/2039/15 950/2030/14 952/2029/14
f 933/2042/7 951/2021/7 950/2024/7 936/2043/7
f 931/2032/11 932/2031/11 956/2066/10 954/2065/10
f 930/2022/7 953/2061/7 956/2064/7 932/2023/7
f 937/2056/19 939/2055/19 953/2034/18 955/2033/18
f 937/2058/6 955/2025/6 954/2028/6 940/2059/6
f 979/2077/1 977/2078/1 964/2079/2 963/2080/2
f 963/2081/3 964/2082/3 962/2083/3 961/2084/3
f 984/2085/4 982/2086/4 958/2087/5 957/2088/5
f 979/2089/6 963/2090/6 961/2091/6 978/2092/6
f 983/2093/7 960/2094/7 958/2095/7 982/2096/7
f 987/2097/7 966/2098/7 968/2099/7 986/2100/7
f 991/2101/6 965/2102/6 967/2103/6 990/2104/6
f 988/2105/8 986/2106/8 968/2107/9 967/2108/9
f 991/2109/10 989/2110/10 966/2111/11 965/2112/11
f 978/2113/12 980/2114/12 972/2115/13 970/2116/13
f 977/2117/7 969/2118/7 972/2119/7 980/2120/7
f 985/2121/6 971/2122/6 970/2123/6 988/2124/6
f 985/2125/14 987/2126/14 969/2127/15 971/2128/15
f 981/2129/16 983/2130/16 975/2131/17 973/2132/17
f 981/2133/6 973/2134/6 976/2135/6 984/2136/6
f 989/2137/7 975/2138/7 974/2139/7 992/2140/7
f 990/2141/18 992/2142/18 974/2143/19 976/2144/19
f 964/2145/7 977/2117/7 980/2120/7 962/2146/7
f 961/2147/20 962/2148/20 980/2114/12 978/2113/12
f 971/2122/6 979/2089/6 978/2092/6 970/2123/6
f 971/2128/15 969/2127/15 977/2078/1 979/2077/1
f 959/2149/6 981/2133/6 984/2136/6 957/2150/6
f 959/2151/21 960/2152/21 983/2130/16 981/2129/16
f 975/2138/7 983/2093/7 982/2096/7 974/2139/7
f 976/2144/19 974/2143/19 982/2086/4 984/2085/4
f 965/2112/11 966/2111/11 987/2126/14 985/2125/14
f 965/2102/6 985/2121/6 988/2124/6 967/2103/6
f 970/2116/13 972/2115/13 986/2106/8 988/2105/8
f 969/2118/7 987/2097/7 986/2100/7 972/2119/7
f 967/2108/9 968/2107/9 992/2142/18 990/2141/18
f 966/2098/7 989/2137/7 992/2140/7 968/2099/7
f 973/2132/17 975/2131/17 989/2110/10 991/2109/10
f 973/2134/6 991/2101/6 990/2104/6 976/2135/6
f 1011/2153/12 1009/2154/12 894/2155/20 893/2156/20
f 1016/2157/16 1014/2158/16 994/2159/21 993/2160/21
f 1011/2161/6 893/2162/6 895/2163/6 1010/2164/6
f 1015/2165/7 996/2166/7 994/2167/7 1014/2168/7
f 1019/2169/7 998/2170/7 1000/2171/7 1018/2172/7
f 1023/2173/6 997/2174/6 999/2175/6 1022/2176/6
f 1020/2177/14 1018/2178/14 1000/2179/11 999/2180/11
f 1023/2181/18 1021/2182/18 998/2183/9 997/2184/9
f 1010/2185/1 1012/2186/1 1004/2187/15 1002/2188/15
f 1009/2189/7 1001/2190/7 1004/2191/7 1012/2192/7
f 1017/2193/6 1003/2194/6 1002/2195/6 1020/2196/6
f 1017/2197/8 1019/2198/8 1001/2199/13 1003/2200/13
f 1013/2201/4 1015/2202/4 1007/2203/19 1005/2204/19
f 1013/2205/6 1005/2206/6 1008/2207/6 1016/2208/6
f 1021/2209/7 1007/2210/7 1006/2211/7 1024/2212/7
f 1022/2213/10 1024/2214/10 1006/2215/17 1008/2216/17
f 894/2217/7 1009/2189/7 1012/2192/7 896/2218/7
f 895/2219/2 896/2220/2 1012/2186/1 1010/2185/1
f 1003/2194/6 1011/2161/6 1010/2164/6 1002/2195/6
f 1003/2200/13 1001/2199/13 1009/2154/12 1011/2153/12
f 995/2221/6 1013/2205/6 1016/2208/6 993/2222/6
f 995/2223/5 996/2224/5 1015/2202/4 1013/2201/4
f 1007/2210/7 1015/2165/7 1014/2168/7 1006/2211/7
f 1008/2216/17 1006/2215/17 1014/2158/16 1016/2157/16
f 997/2184/9 998/2183/9 1019/2198/8 1017/2197/8
f 997/2174/6 1017/2193/6 1020/2196/6 999/2175/6
f 1002/2188/15 1004/2187/15 1018/2178/14 1020/2177/14
f 1001/2190/7 1019/2169/7 1018/2172/7 1004/2191/7
f 999/2180/11 1000/2179/11 1024/2214/10 1022/2213/10
f 998/2170/7 1021/2209/7 1024/2212/7 1000/2171/7
f 1005/2204/19 1007/2203/19 1021/2182/18 1023/2181/18
f 1005/2206/6 1023/2173/6 1022/2176/6 1008/2207/6
f 1047/2225/1 1045/2226/1 1032/2227/2 1031/2228/2
f 1031/2229/3 1032/2230/3 1030/2231/3 1029/2232/3
f 1052/2233/4 1050/2234/4 1026/2235/5 1025/2236/5
f 1047/2237/6 1031/2238/6 1029/2239/6 1046/2240/6
f 1051/2241/7 1028/2242/7 1026/2243/7 1050/2244/7
f 1055/2245/7 1034/2246/7 1036/2247/7 1054/2248/7
f 1059/2249/6 1033/2250/6 1035/2251/6 1058/2252/6
f 1056/2253/8 1054/2254/8 1036/2255/9 1035/2256/9
f 1059/2257/10 1057/2258/10 1034/2259/11 1033/2260/11
f 1046/2261/12 1048/2262/12 1040/2263/13 1038/2264/13
f 1045/2265/7 1037/2266/7 1040/2267/7 1048/2268/7
f 1053/2269/6 1039/2270/6 1038/2271/6 1056/2272/6
f 1053/2273/14 1055/2274/14 1037/2275/15 1039/2276/15
f 1049/2277/16 1051/2278/16 1043/2279/17 1041/2280/17
f 1049/2281/6 1041/2282/6 1044/2283/6 1052/2284/6
f 1057/2285/7 1043/2286/7 1042/2287/7 1060/2288/7
f 1058/2289/18 1060/2290/18 1042/2291/19 1044/2292/19
f 1032/2293/7 1045/2265/7 1048/2268/7 1030/2294/7
f 1029/2295/20 1030/2296/20 1048/2262/12 1046/2261/12
f 1039/2270/6 1047/2237/6 1046/2240/6 1038/2271/6
f 1039/2276/15 1037/2275/15 1045/2226/1 1047/2225/1
f 1027/2297/6 1049/2281/6 1052/2284/6 1025/2298/6
f 1027/2299/21 1028/2300/21 1051/2278/16 1049/2277/16
f 1043/2286/7 1051/2241/7 1050/2244/7 1042/2287/7
f 1044/2292/19 1042/2291/19 1050/2234/4 1052/2233/4
f 1033/2260/11 1034/2259/11 1055/2274/14 1053/2273/14
f 1033/2250/6 1053/2269/6 1056/2272/6 1035/2251/6
f 1038/2264/13 1040/2263/13 1054/2254/8 1056/2253/8
f 1037/2266/7 1055/2245/7 1054/2248/7 1040/2267/7
f 1035/2256/9 1036/2255/9 1060/2290/18 1058/2289/18
f 1034/2246/7 1057/2285/7 1060/2288/7 1036/2247/7
f 1041/2280/17 1043/2279/17 1057/2258/10 1059/2257/10
f 1041/2282/6 1059/2249/6 1058/2252/6 1044/2283/6
f 1079/2301/12 1077/2302/12 962/2303/20 961/2304/20
f 1084/2305/16 1082/2306/16 1062/2307/21 1061/2308/21
f 1079/2309/6 961/2310/6 963/2311/6 1078/2312/6
f 1083/2313/7 1064/2314/7 1062/2315/7 1082/2316/7
f 1087/2317/7 1066/2318/7 1068/2319/7 1086/2320/7
f 1091/2321/6 1065/2322/6 1067/2323/6 1090/2324/6
f 1088/2325/14 1086/2326/14 1068/2327/11 1067/2328/11
f 1091/2329/18 1089/2330/18 1066/2331/9 1065/2332/9
f 1078/2333/1 1080/2334/1 1072/2335/15 1070/2336/15
f 1077/2337/7 1069/2338/7 1072/2339/7 1080/2340/7
f 1085/2341/6 1071/2342/6 1070/2343/6 1088/2344/6
f 1085/2345/8 1087/2346/8 1069/2347/13 1071/2348/13
f 1081/2349/4 1083/2350/4 1075/2351/19 1073/2352/19
f 1081/2353/6 1073/2354/6 1076/2355/6 1084/2356/6
f 1089/2357/7 1075/2358/7 1074/2359/7 1092/2360/7
f 1090/2361/10 1092/2362/10 1074/2363/17 1076/2364/17
f 962/2365/7 1077/2337/7 1080/2340/7 964/2366/7
f 963/2367/2 964/2368/2 1080/2334/1 1078/2333/1
f 1071/2342/6 1079/2309/6 1078/2312/6 1070/2343/6
f 1071/2348/13 1069/2347/13 1077/2302/12 1079/2301/12
f 1063/2369/6 1081/2353/6 1084/2356/6 1061/2370/6
f 1063/2371/5 1064/2372/5 1083/2350/4 1081/2349/4
f 1075/2358/7 1083/2313/7 1082/2316/7 1074/2359/7
f 1076/2364/17 1074/2363/17 1082/2306/16 1084/2305/16
f 1065/2332/9 1066/2331/9 1087/2346/8 1085/2345/8
f 1065/2322/6 1085/2341/6 1088/2344/6 1067/2323/6
f 1070/2336/15 1072/2335/15 1086/2326/14 1088/2325/14
f 1069/2338/7 1087/2317/7 1086/2320/7 1072/2339/7
f 1067/2328/11 1068/2327/11 1092/2362/10 1090/2361/10
f 1066/2318/7 1089/2357/7 1092/2360/7 1068/2319/7
f 1073/2352/19 1075/2351/19 1089/2330/18 1091/2329/18
f 1073/2354/6 1091/2321/6 1090/2324/6 1076/2355/6
f 1115/2373/1 1113/2374/1 1100/2375/2 1099/2376/2
f 1099/2377/3 1100/2378/3 1098/2379/3 1097/2380/3
f 1120/2381/4 1118/2382/4 1094/2383/5 1093/2384/5
f 1115/2385/6 1099/2386/6 1097/2387/6 1114/2388/6
f 1119/2389/7 1096/2390/7 1094/2391/7 1118/2392/7
f 1123/2393/7 1102/2394/7 1104/2395/7 1122/2396/7
f 1127/2397/6 1101/2398/6 1103/2399/6 1126/2400/6
f 1124/2401/8 1122/2402/8 1104/2403/9 1103/2404/9
f 1127/2405/10 1125/2406/10 1102/2407/11 1101/2408/11
f 1114/2409/12 1116/2410/12 1108/2411/13 1106/2412/13
f 1113/2413/7 1105/2414/7 1108/2415/7 1116/2416/7
f 1121/2417/6 1107/2418/6 1106/2419/6 1124/2420/6
f 1121/2421/14 1123/2422/14 1105/2423/15 1107/2424/15
f 1117/2425/16 1119/2426/16 1111/2427/17 1109/2428/17
f 1117/2429/6 1109/2430/6 1112/2431/6 1120/2432/6
f 1125/2433/7 1111/2434/7 1110/2435/7 1128/2436/7
f 1126/2437/18 1128/2438/18 1110/2439/19 1112/2440/19
f 1100/2441/7 1113/2413/7 1116/2416/7 1098/2442/7
f 1097/2443/20 1098/2444/20 1116/2410/12 1114/2409/12
f 1107/2418/6 1115/2385/6 1114/2388/6 1106/2419/6
f 1107/2424/15 1105/2423/15 1113/2374/1 1115/2373/1
f 1095/2445/6 1117/2429/6 1120/2432/6 1093/2446/6
f 1095/2447/21 1096/2448/21 1119/2426/16 1117/2425/16
f 1111/2434/7 1119/2389/7 1118/2392/7 1110/2435/7
f 1112/2440/19 1110/2439/19 1118/2382/4 1120/2381/4
f 1101/2408/11 1102/2407/11 1123/2422/14 1121/2421/14
f 1101/2398/6 1121/2417/6 1124/2420/6 1103/2399/6
f 1106/2412/13 1108/2411/13 1122/2402/8 1124/2401/8
f 1105/2414/7 1123/2393/7 1122/2396/7 1108/2415/7
f 1103/2404/9 1104/2403/9 1128/2438/18 1126/2437/18
f 1102/2394/7 1125/2433/7 1128/2436/7 1104/2395/7
f 1109/2428/17 1111/2427/17 1125/2406/10 1127/2405/10
f 1109/2430/6 1127/2397/6 1126/2400/6 1112/2431/6
f 1147/2449/12 1145/2450/12 1030/2451/20 1029/2452/20
f 1152/2453/16 1150/2454/16 1130/2455/21 1129/2456/21
f 1147/2457/6 1029/2458/6 1031/2459/6 1146/2460/6
f 1151/2461/7 1132/2462/7 1130/2463/7 1150/2464/7
f 1155/2465/7 1134/2466/7 1136/2467/7 1154/2468/7
f 1159/2469/6 1133/2470/6 1135/2471/6 1158/2472/6
f 1156/2473/14 1154/2474/14 1136/2475/11 1135/2476/11
f 1159/2477/18 1157/2478/18 1134/2479/9 1133/2480/9
f 1146/2481/1 1148/2482/1 1140/2483/15 1138/2484/15
f 1145/2485/7 1137/2486/7 1140/2487/7 1148/2488/7
f 1153/2489/6 1139/2490/6 1138/2491/6 1156/2492/6
f 1153/2493/8 1155/2494/8 1137/2495/13 1139/2496/13
f 1149/2497/4 1151/2498/4 1143/2499/19 1141/2500/19
f 1149/2501/6 1141/2502/6 1144/2503/6 1152/2504/6
f 1157/2505/7 1143/2506/7 1142/2507/7 1160/2508/7
f 1158/2509/10 1160/2510/10 1142/2511/17 1144/2512/17
f 1030/2513/7 1145/2485/7 1148/2488/7 1032/2514/7
f 1031/2515/2 1032/2516/2 1148/2482/1 1146/2481/1
f 1139/2490/6 1147/2457/6 1146/2460/6 1138/2491/6
f 1139/2496/13 1137/2495/13 1145/2450/12 1147/2449/12
f 1131/2517/6 1149/2501/6 1152/2504/6 1129/2518/6
f 1131/2519/5 1132/2520/5 1151/2498/4 1149/2497/4
f 1143/2506/7 1151/2461/7 1150/2464/7 1142/2507/7
f 1144/2512/17 1142/2511/17 1150/2454/16 1152/2453/16
f 1133/2480/9 1134/2479/9 1155/2494/8 1153/2493/8
f 1133/2470/6 1153/2489/6 1156/2492/6 1135/2471/6
f 1138/2484/15 1140/2483/15 1154/2474/14 1156/2473/14
f 1137/2486/7 1155/2465/7 1154/2468/7 1140/2487/7
f 1135/2476/11 1136/2475/11 1160/2510/10 1158/2509/10
f 1134/2466/7 1157/2505/7 1160/2508/7 1136/2467/7
f 1141/2500/19 1143/2499/19 1157/2478/18 1159/2477/18
f 1141/2502/6 1159/2469/6 1158/2472/6 1144/2503/6
f 1183/2521/1 1181/2522/1 1168/2523/2 1167/2524/2
f 1167/2525/3 1168/2526/3 1166/2527/3 1165/2528/3
f 1188/2529/4 1186/2530/4 1162/2531/5 1161/2532/5
f 1183/2533/6 1167/2534/6 1165/2535/6 1182/2536/6
f 1187/2537/7 1164/2538/7 1162/2539/7 1186/2540/7
f 1191/2541/7 1170/2542/7 1172/2543/7 1190/2544/7
f 1195/2545/6 1169/2546/6 1171/2547/6 1194/2548/6
f 1192/2549/8 1190/2550/8 1172/2551/9 1171/2552/9
f 1195/2553/10 1193/2554/10 1170/2555/11 1169/2556/11
f 1182/2557/12 1184/2558/12 1176/2559/13 1174/2560/13
f 1181/2561/7 1173/2562/7 1176/2563/7 1184/2564/7
f 1189/2565/6 1175/2566/6 1174/2567/6 1192/2568/6
f 1189/2569/14 1191/2570/14 1173/2571/15 1175/2572/15
f 1185/2573/16 1187/2574/16 1179/2575/17 1177/2576/17
f 1185/2577/6 1177/2578/6 1180/2579/6 1188/2580/6
f 1193/2581/7 1179/2582/7 1178/2583/7 1196/2584/7
f 1194/2585/18 1196/2586/18 1178/2587/19 1180/2588/19
f 1168/2589/7 1181/2561/7 1184/2564/7 1166/2590/7
f 1165/2591/20 1166/2592/20 1184/2558/12 1182/2557/12
f 1175/2566/6 1183/2533/6 1182/2536/6 1174/2567/6
f 1175/2572/15 1173/2571/15 1181/2522/1 1183/2521/1
f 1163/2593/6 1185/2577/6 1188/2580/6 1161/2594/6
f 1163/2595/21 1164/2596/21 1187/2574/16 1185/2573/16
f 1179/2582/7 1187/2537/7 1186/2540/7 1178/2583/7
f 1180/2588/19 1178/2587/19 1186/2530/4 1188/2529/4
f 1169/2556/11 1170/2555/11 1191/2570/14 1189/2569/14
f 1169/2546/6 1189/2565/6 1192/2568/6 1171/2547/6
f 1174/2560/13 1176/2559/13 1190/2550/8 1192/2549/8
f 1173/2562/7 1191/2541/7 1190/2544/7 1176/2563/7
f 1171/2552/9 1172/2551/9 1196/2586/18 1194/2585/18
f 1170/2542/7 1193/2581/7 1196/2584/7 1172/2543/7
f 1177/2576/17 1179/2575/17 1193/2554/10 1195/2553/10
f 1177/2578/6 1195/2545/6 1194/2548/6 1180/2579/6
f 1215/2597/12 1213/2598/12 1098/2599/20 1097/2600/20
f 1220/2601/16 1218/2602/16 1198/2603/21 1197/2604/21
f 1215/2605/6 1097/2606/6 1099/2607/6 1214/2608/6
f 1219/2609/7 1200/2610/7 1198/2611/7 1218/2612/7
f 1223/2613/7 1202/2614/7 1204/2615/7 1222/2616/7
f 1227/2617/6 1201/2618/6 1203/2619/6 1226/2620/6
f 1224/2621/14 1222/2622/14 1204/2623/11 1203/2624/11
f 1227/2625/18 1225/2626/18 1202/2627/9 1201/2628/9
f 1214/2629/1 1216/2630/1 1208/2631/15 1206/2632/15
f 1213/2633/7 1205/2634/7 1208/2635/7 1216/2636/7
f 1221/2637/6 1207/2638/6 1206/2639/6 1224/2640/6
f 1221/2641/8 1223/2642/8 1205/2643/13 1207/2644/13
f 1217/2645/4 1219/2646/4 1211/2647/19 1209/2648/19
f 1217/2649/6 1209/2650/6 1212/2651/6 1220/2652/6
f 1225/2653/7 1211/2654/7 1210/2655/7 1228/2656/7
f 1226/2657/10 1228/2658/10 1210/2659/17 1212/2660/17
f 1098/2661/7 1213/2633/7 1216/2636/7 1100/2662/7
f 1099/2663/2 1100/2664/2 1216/2630/1 1214/2629/1
f 1207/2638/6 1215/2605/6 1214/2608/6 1206/2639/6
f 1207/2644/13 1205/2643/13 1213/2598/12 1215/2597/12
f 1199/2665/6 1217/2649/6 1220/2652/6 1197/2666/6
f 1199/2667/5 1200/2668/5 1219/2646/4 1217/2645/4
f 1211/2654/7 1219/2609/7 1218/2612/7 1210/2655/7
f 1212/2660/17 1210/2659/17 1218/2602/16 1220/2601/16
f 1201/2628/9 1202/2627/9 1223/2642/8 1221/2641/8
f 1201/2618/6 1221/2637/6 1224/2640/6 1203/2619/6
f 1206/2632/15 1208/2631/15 1222/2622/14 1224/2621/14
f 1205/2634/7 1223/2613/7 1222/2616/7 1208/2635/7
f 1203/2624/11 1204/2623/11 1228/2658/10 1226/2657/10
f 1202/2614/7 1225/2653/7 1228/2656/7 1204/2615/7
f 1209/2648/19 1211/2647/19 1225/2626/18 1227/2625/18
f 1209/2650/6 1227/2617/6 1226/2620/6 1212/2651/6
f 1251/2669/1 1249/2670/1 1236/2671/2 1235/2672/2
f 1235/2673/3 1236/2674/3 1234/2675/3 1233/2676/3
f 1256/2677/4 1254/2678/4 1230/2679/5 1229/2680/5
f 1251/2681/6 1235/2682/6 1233/2683/6 1250/2684/6
f 1255/2685/7 1232/2686/7 1230/2687/7 1254/2688/7
f 1259/2689/7 1238/2690/7 1240/2691/7 1258/2692/7
f 1263/2693/6 1237/2694/6 1239/2695/6 1262/2696/6
f 1260/2697/8 1258/2698/8 1240/2699/9 1239/2700/9
f 1263/2701/10 1261/2702/10 1238/2703/11 1237/2704/11
f 1250/2705/12 1252/2706/12 1244/2707/13 1242/2708/13
f 1249/2709/7 1241/2710/7 1244/2711/7 1252/2712/7
f 1257/2713/6 1243/2714/6 1242/2715/6 1260/2716/6
f 1257/2717/14 1259/2718/14 1241/2719/15 1243/2720/15
f 1253/2721/16 1255/2722/16 1247/2723/17 1245/2724/17
f 1253/2725/6 1245/2726/6 1248/2727/6 1256/2728/6
f 1261/2729/7 1247/2730/7 1246/2731/7 1264/2732/7
f 1262/2733/18 1264/2734/18 1246/2735/19 1248/2736/19
f 1236/2737/7 1249/2709/7 1252/2712/7 1234/2738/7
f 1233/2739/20 1234/2740/20 1252/2706/12 1250/2705/12
f 1243/2714/6 1251/2681/6 1250/2684/6 1242/2715/6
f 1243/2720/15 1241/2719/15 1249/2670/1 1251/2669/1
f 1231/2741/6 1253/2725/6 1256/2728/6 1229/2742/6
f 1231/2743/21 1232/2744/21 1255/2722/16 1253/2721/16
f 1247/2730/7 1255/2685/7 1254/2688/7 1246/2731/7
f 1248/2736/19 1246/2735/19 1254/2678/4 1256/2677/4
f 1237/2704/11 1238/2703/11 1259/2718/14 1257/2717/14
f 1237/2694/6 1257/2713/6 1260/2716/6 1239/2695/6
f 1242/2708/13 1244/2707/13 1258/2698/8 1260/2697/8
f 1241/2710/7 1259/2689/7 1258/2692/7 1244/2711/7
f 1239/2700/9 1240/2699/9 1264/2734/18 1262/2733/18
f 1238/2690/7 1261/2729/7 1264/2732/7 1240/2691/7
f 1245/2724/17 1247/2723/17 1261/2702/10 1263/2701/10
f 1245/2726/6 1263/2693/6 1262/2696/6 1248/2727/6
f 1283/2745/12 1281/2746/12 1166/2747/20 1165/2748/20
f 1288/2749/16 1286/2750/16 1266/2751/21 1265/2752/21
f 1283/2753/6 1165/2754/6 1167/2755/6 1282/2756/6
f 1287/2757/7 1268/2758/7 1266/2759/7 1286/2760/7
f 1291/2761/7 1270/2762/7 1272/2763/7 1290/2764/7
f 1295/2765/6 1269/2766/6 1271/2767/6 1294/2768/6
f 1292/2769/14 1290/2770/14 1272/2771/11 1271/2772/11
f 1295/2773/18 1293/2774/18 1270/2775/9 1269/2776/9
f 1282/2777/1 1284/2778/1 1276/2779/15 1274/2780/15
f 1281/2781/7 1273/2782/7 1276/2783/7 1284/2784/7
f 1289/2785/6 1275/2786/6 1274/2787/6 1292/2788/6
f 1289/2789/8 1291/2790/8 1273/2791/13 1275/2792/13
f 1285/2793/4 1287/2794/4 1279/2795/19 1277/2796/19
f 1285/2797/6 1277/2798/6 1280/2799/6 1288/2800/6
f 1293/2801/7 1279/2802/7 1278/2803/7 1296/2804/7
f 1294/2805/10 1296/2806/10 1278/2807/17 1280/2808/17
f 1166/2809/7 1281/2781/7 1284/2784/7 1168/2810/7
f 1167/2811/2 1168/2812/2 1284/2778/1 1282/2777/1
f 1275/2786/6 1283/2753/6 1282/2756/6 1274/2787/6
f 1275/2792/13 1273/2791/13 1281/2746/12 1283/2745/12
f 1267/2813/6 1285/2797/6 1288/2800/6 1265/2814/6
f 1267/2815/5 1268/2816/5 1287/2794/4 1285/2793/4
f 1279/2802/7 1287/2757/7 1286/2760/7 1278/2803/7
f 1280/2808/17 1278/2807/17 1286/2750/16 1288/2749/16
f 1269/2776/9 1270/2775/9 1291/2790/8 1289/2789/8
f 1269/2766/6 1289/2785/6 1292/2788/6 1271/2767/6
f 1274/2780/15 1276/2779/15 1290/2770/14 1292/2769/14
f 1273/2782/7 1291/2761/7 1290/2764/7 1276/2783/7
f 1271/2772/11 1272/2771/11 1296/2806/10 1294/2805/10
f 1270/2762/7 1293/2801/7 1296/2804/7 1272/2763/7
f 1277/2796/19 1279/2795/19 1293/2774/18 1295/2773/18
f 1277/2798/6 1295/2765/6 1294/2768/6 1280/2799/6
f 1319/2817/1 1317/2818/1 1304/2819/2 1303/2820/2
f 1303/2821/3 1304/2822/3 1302/2823/3 1301/2824/3
f 1324/2825/4 1322/2826/4 1298/2827/5 1297/2828/5
f 1319/2829/6 1303/2830/6 1301/2831/6 1318/2832/6
f 1323/2833/7 1300/2834/7 1298/2835/7 1322/2836/7
f 1327/2837/7 1306/2838/7 1308/2839/7 1326/2840/7
f 1331/2841/6 1305/2842/6 1307/2843/6 1330/2844/6
f 1328/2845/8 1326/2846/8 1308/2847/9 1307/2848/9
f 1331/2849/10 1329/2850/10 1306/2851/11 1305/2852/11
f 1318/2853/12 1320/2854/12 1312/2855/13 1310/2856/13
f 1317/2857/7 1309/2858/7 1312/2859/7 1320/2860/7
f 1325/2861/6 1311/2862/6 1310/2863/6 1328/2864/6
f 1325/2865/14 1327/2866/14 1309/2867/15 1311/2868/15
f 1321/2869/16 1323/2870/16 1315/2871/17 1313/2872/17
f 1321/2873/6 1313/2874/6 1316/2875/6 1324/2876/6
f 1329/2877/7 1315/2878/7 1314/2879/7 1332/2880/7
f 1330/2881/18 1332/2882/18 1314/2883/19 1316/2884/19
f 1304/2885/7 1317/2857/7 1320/2860/7 1302/2886/7
f 1301/2887/20 1302/2888/20 1320/2854/12 1318/2853/12
f 1311/2862/6 1319/2829/6 1318/2832/6 1310/2863/6
f 1311/2868/15 1309/2867/15 1317/2818/1 1319/2817/1
f 1299/2889/6 1321/2873/6 1324/2876/6 1297/2890/6
f 1299/2891/21 1300/2892/21 1323/2870/16 1321/2869/16
f 1315/2878/7 1323/2833/7 1322/2836/7 1314/2879/7
f 1316/2884/19 1314/2883/19 1322/2826/4 1324/2825/4
f 1305/2852/11 1306/2851/11 1327/2866/14 1325/2865/14
f 1305/2842/6 1325/2861/6 1328/2864/6 1307/2843/6
f 1310/2856/13 1312/2855/13 1326/2846/8 1328/2845/8
f 1309/2858/7 1327/2837/7 1326/2840/7 1312/2859/7
f 1307/2848/9 1308/2847/9 1332/2882/18 1330/2881/18
f 1306/2838/7 1329/2877/7 1332/2880/7 1308/2839/7
f 1313/2872/17 1315/2871/17 1329/2850/10 1331/2849/10
f 1313/2874/6 1331/2841/6 1330/2844/6 1316/2875/6
f 1351/2893/12 1349/2894/12 1234/2895/20 1233/2896/20
f 1356/2897/16 1354/2898/16 1334/2899/21 1333/2900/21
f 1351/2901/6 1233/2902/6 1235/2903/6 1350/2904/6
f 1355/2905/7 1336/2906/7 1334/2907/7 1354/2908/7
f 1359/2909/7 1338/2910/7 1340/2911/7 1358/2912/7
f 1363/2913/6 1337/2914/6 1339/2915/6 1362/2916/6
f 1360/2917/14 1358/2918/14 1340/2919/11 1339/2920/11
f 1363/2921/18 1361/2922/18 1338/2923/9 1337/2924/9
f 1350/2925/1 1352/2926/1 1344/2927/15 1342/2928/15
f 1349/2929/7 1341/2930/7 1344/2931/7 1352/2932/7
f 1357/2933/6 1343/2934/6 1342/2935/6 1360/2936/6
f 1357/2937/8 1359/2938/8 1341/2939/13 1343/2940/13
f 1353/2941/4 1355/2942/4 1347/2943/19 1345/2944/19
f 1353/2945/6 1345/2946/6 1348/2947/6 1356/2948/6
f 1361/2949/7 1347/2950/7 1346/2951/7 1364/2952/7
f 1362/2953/10 1364/2954/10 1346/2955/17 1348/2956/17
f 1234/2957/7 1349/2929/7 1352/2932/7 1236/2958/7
f 1235/2959/2 1236/2960/2 1352/2926/1 1350/2925/1
f 1343/2934/6 1351/2901/6 1350/2904/6 1342/2935/6
f 1343/2940/13 1341/2939/13 1349/2894/12 1351/2893/12
f 1335/2961/6 1353/2945/6 1356/2948/6 1333/2962/6
f 1335/2963/5 1336/2964/5 1355/2942/4 1353/2941/4
f 1347/2950/7 1355/2905/7 1354/2908/7 1346/2951/7
f 1348/2956/17 1346/2955/17 1354/2898/16 1356/2897/16
f 1337/2924/9 1338/2923/9 1359/2938/8 1357/2937/8
f 1337/2914/6 1357/2933/6 1360/2936/6 1339/2915/6
f 1342/2928/15 1344/2927/15 1358/2918/14 1360/2917/14
f 1341/2930/7 1359/2909/7 1358/2912/7 1344/2931/7
f 1339/2920/11 1340/2919/11 1364/2954/10 1362/2953/10
f 1338/2910/7 1361/2949/7 1364/2952/7 1340/2911/7
f 1345/2944/19 1347/2943/19 1361/2922/18 1363/2921/18
f 1345/2946/6 1363/2913/6 1362/2916/6 1348/2947/6
f 1387/2965/1 1385/2966/1 1372/2967/2 1371/2968/2
f 1371/2969/3 1372/2970/3 1370/2971/3 1369/2972/3
f 1392/2973/4 1390/2974/4 1366/2975/5 1365/2976/5
f 1387/2977/6 1371/2978/6 1369/2979/6 1386/2980/6
f 1391/2981/7 1368/2982/7 1366/2983/7 1390/2984/7
f 1395/2985/7 1374/2986/7 1376/2987/7 1394/2988/7
f 1399/2989/6 1373/2990/6 1375/2991/6 1398/2992/6
f 1396/2993/8 1394/2994/8 1376/2995/9 1375/2996/9
f 1399/2997/10 1397/2998/10 1374/2999/11 1373/3000/11
f 1386/3001/12 1388/3002/12 1380/3003/13 1378/3004/13
f 1385/3005/7 1377/3006/7 1380/3007/7 1388/3008/7
f 1393/3009/6 1379/3010/6 1378/3011/6 1396/3012/6
f 1393/3013/14 1395/3014/14 1377/3015/15 1379/3016/15
f 1389/3017/16 1391/3018/16 1383/3019/17 1381/3020/17
f 1389/3021/6 1381/3022/6 1384/3023/6 1392/3024/6
f 1397/3025/7 1383/3026/7 1382/3027/7 1400/3028/7
f 1398/3029/18 1400/3030/18 1382/3031/19 1384/3032/19
f 1372/3033/7 1385/3005/7 1388/3008/7 1370/3034/7
f 1369/3035/20 1370/3036/20 1388/3002/12 1386/3001/12
f 1379/3010/6 1387/2977/6 1386/2980/6 1378/3011/6
f 1379/3016/15 1377/3015/15 1385/2966/1 1387/2965/1
f 1367/3037/6 1389/3021/6 1392/3024/6 1365/3038/6
f 1367/3039/21 1368/3040/21 1391/3018/16 1389/3017/16
f 1383/3026/7 1391/2981/7 1390/2984/7 1382/3027/7
f 1384/3032/19 1382/3031/19 1390/2974/4 1392/2973/4
f 1373/3000/11 1374/2999/11 1395/3014/14 1393/3013/14
f 1373/2990/6 1393/3009/6 1396/3012/6 1375/2991/6
f 1378/3004/13 1380/3003/13 1394/2994/8 1396/2993/8
f 1377/3006/7 1395/2985/7 1394/2988/7 1380/3007/7
f 1375/2996/9 1376/2995/9 1400/3030/18 1398/3029/18
f 1374/2986/7 1397/3025/7 1400/3028/7 1376/2987/7
f 1381/3020/17 1383/3019/17 1397/2998/10 1399/2997/10
f 1381/3022/6 1399/2989/6 1398/2992/6 1384/3023/6
f 1419/3041/12 1417/3042/12 1302/3043/20 1301/3044/20
f 1424/3045/16 1422/3046/16 1402/3047/21 1401/3048/21
f 1419/3049/6 1301/3050/6 1303/3051/6 1418/3052/6
f 1423/3053/7 1404/3054/7 1402/3055/7 1422/3056/7
f 1427/3057/7 1406/3058/7 1408/3059/7 1426/3060/7
f 1431/3061/6 1405/3062/6 1407/3063/6 1430/3064/6
f 1428/3065/14 1426/3066/14 1408/3067/11 1407/3068/11
f 1431/3069/18 1429/3070/18 1406/3071/9 1405/3072/9
f 1418/3073/1 1420/3074/1 1412/3075/15 1410/3076/15
f 1417/3077/7 1409/3078/7 1412/3079/7 1420/3080/7
f 1425/3081/6 1411/3082/6 1410/3083/6 1428/3084/6
f 1425/3085/8 1427/3086/8 1409/3087/13 1411/3088/13
f 1421/3089/4 1423/3090/4 1415/3091/19 1413/3092/19
f 1421/3093/6 1413/3094/6 1416/3095/6 1424/3096/6
f 1429/3097/7 1415/3098/7 1414/3099/7 1432/3100/7
f 1430/3101/10 1432/3102/10 1414/3103/17 1416/3104/17
f 1302/3105/7 1417/3077/7 1420/3080/7 1304/3106/7
f 1303/3107/2 1304/3108/2 1420/3074/1 1418/3073/1
f 1411/3082/6 1419/3049/6 1418/3052/6 1410/3083/6
f 1411/3088/13 1409/3087/13 1417/3042/12 1419/3041/12
f 1403/3109/6 1421/3093/6 1424/3096/6 1401/3110/6
f 1403/3111/5 1404/3112/5 1423/3090/4 1421/3089/4
f 1415/3098/7 1423/3053/7 1422/3056/7 1414/3099/7
f 1416/3104/17 1414/3103/17 1422/3046/16 1424/3045/16
f 1405/3072/9 1406/3071/9 1427/3086/8 1425/3085/8
f 1405/3062/6 1425/3081/6 1428/3084/6 1407/3063/6
f 1410/3076/15 1412/3075/15 1426/3066/14 1428/3065/14
f 1409/3078/7 1427/3057/7 1426/3060/7 1412/3079/7
f 1407/3068/11 1408/3067/11 1432/3102/10 1430/3101/10
f 1406/3058/7 1429/3097/7 1432/3100/7 1408/3059/7
f 1413/3092/19 1415/3091/19 1429/3070/18 1431/3069/18
f 1413/3094/6 1431/3061/6 1430/3064/6 1416/3095/6
f 1455/3113/1 1453/3114/1 1440/3115/2 1439/3116/2
f 1439/3117/3 1440/3118/3 1438/3119/3 1437/3120/3
f 1460/3121/4 1458/3122/4 1434/3123/5 1433/3124/5
f 1455/3125/6 1439/3126/6 1437/3127/6 1454/3128/6
f 1459/3129/7 1436/3130/7 1434/3131/7 1458/3132/7
f 1463/3133/7 1442/3134/7 1444/3135/7 1462/3136/7
f 1467/3137/6 1441/3138/6 1443/3139/6 1466/3140/6
f 1464/3141/8 1462/3142/8 1444/3143/9 1443/3144/9
f 1467/3145/10 1465/3146/10 1442/3147/11 1441/3148/11
f 1454/3149/12 1456/3150/12 1448/3151/13 1446/3152/13
f 1453/3153/7 1445/3154/7 1448/3155/7 1456/3156/7
f 1461/3157/6 1447/3158/6 1446/3159/6 1464/3160/6
f 1461/3161/14 1463/3162/14 1445/3163/15 1447/3164/15
f 1457/3165/16 1459/3166/16 1451/3167/17 1449/3168/17
f 1457/3169/6 1449/3170/6 1452/3171/6 1460/3172/6
f 1465/3173/7 1451/3174/7 1450/3175/7 1468/3176/7
f 1466/3177/18 1468/3178/18 1450/3179/19 1452/3180/19
f 1440/3181/7 1453/3153/7 1456/3156/7 1438/3182/7
f 1437/3183/20 1438/3184/20 1456/3150/12 1454/3149/12
f 1447/3158/6 1455/3125/6 1454/3128/6 1446/3159/6
f 1447/3164/15 1445/3163/15 1453/3114/1 1455/3113/1
f 1435/3185/6 1457/3169/6 1460/3172/6 1433/3186/6
f 1435/3187/21 1436/3188/21 1459/3166/16 1457/3165/16
f 1451/3174/7 1459/3129/7 1458/3132/7 1450/3175/7
f 1452/3180/19 1450/3179/19 1458/3122/4 1460/3121/4
f 1441/3148/11 1442/3147/11 1463/3162/14 1461/3161/14
f 1441/3138/6 1461/3157/6 1464/3160/6 1443/3139/6
f 1446/3152/13 1448/3151/13 1462/3142/8 1464/3141/8
f 1445/3154/7 1463/3133/7 1462/3136/7 1448/3155/7
f 1443/3144/9 1444/3143/9 1468/3178/18 1466/3177/18
f 1442/3134/7 1465/3173/7 1468/3176/7 1444/3135/7
f 1449/3168/17 1451/3167/17 1465/3146/10 1467/3145/10
f 1449/3170/6 1467/3137/6 1466/3140/6 1452/3171/6
f 1487/3189/12 1485/3190/12 1370/3191/20 1369/3192/20
f 1492/3193/16 1490/3194/16 1470/3195/21 1469/3196/21
f 1487/3197/6 1369/3198/6 1371/3199/6 1486/3200/6
f 1491/3201/7 1472/3202/7 1470/3203/7 1490/3204/7
f 1495/3205/7 1474/3206/7 1476/3207/7 1494/3208/7
f 1499/3209/6 1473/3210/6 1475/3211/6 1498/3212/6
f 1496/3213/14 1494/3214/14 1476/3215/11 1475/3216/11
f 1499/3217/18 1497/3218/18 1474/3219/9 1473/3220/9
f 1486/3221/1 1488/3222/1 1480/3223/15 1478/3224/15
f 1485/3225/7 1477/3226/7 1480/3227/7 1488/3228/7
f 1493/3229/6 1479/3230/6 1478/3231/6 1496/3232/6
f 1493/3233/8 1495/3234/8 1477/3235/13 1479/3236/13
f 1489/3237/4 1491/3238/4 1483/3239/19 1481/3240/19
f 1489/3241/6 1481/3242/6 1484/3243/6 1492/3244/6
f 1497/3245/7 1483/3246/7 1482/3247/7 1500/3248/7
f 1498/3249/10 1500/3250/10 1482/3251/17 1484/3252/17
f 1370/3253/7 1485/3225/7 1488/3228/7 1372/3254/7
f 1371/3255/2 1372/3256/2 1488/3222/1 1486/3221/1
f 1479/3230/6 1487/3197/6 1486/3200/6 1478/3231/6
f 1479/3236/13 1477/3235/13 1485/3190/12 1487/3189/12
f 1471/3257/6 1489/3241/6 1492/3244/6 1469/3258/6
f 1471/3259/5 1472/3260/5 1491/3238/4 1489/3237/4
f 1483/3246/7 1491/3201/7 1490/3204/7 1482/3247/7
f 1484/3252/17 1482/3251/17 1490/3194/16 1492/3193/16
f 1473/3220/9 1474/3219/9 1495/3234/8 1493/3233/8
f 1473/3210/6 1493/3229/6 1496/3232/6 1475/3211/6
f 1478/3224/15 1480/3223/15 1494/3214/14 1496/3213/14
f 1477/3226/7 1495/3205/7 1494/3208/7 1480/3227/7
f 1475/3216/11 1476/3215/11 1500/3250/10 1498/3249/10
f 1474/3206/7 1497/3245/7 1500/3248/7 1476/3207/7
f 1481/3240/19 1483/3239/19 1497/3218/18 1499/3217/18
f 1481/3242/6 1499/3209/6 1498/3212/6 1484/3243/6
f 1523/3261/1 1521/3262/1 1508/3263/2 1507/3264/2
f 1507/3265/3 1508/3266/3 1506/3267/3 1505/3268/3
f 1528/3269/4 1526/3270/4 1502/3271/5 1501/3272/5
f 1523/3273/6 1507/3274/6 1505/3275/6 1522/3276/6
f 1527/3277/7 1504/3278/7 1502/3279/7 1526/3280/7
f 1531/3281/7 1510/3282/7 1512/3283/7 1530/3284/7
f 1535/3285/6 1509/3286/6 1511/3287/6 1534/3288/6
f 1532/3289/8 1530/3290/8 1512/3291/9 1511/3292/9
f 1535/3293/10 1533/3294/10 1510/3295/11 1509/3296/11
f 1522/3297/12 1524/3298/12 1516/3299/13 1514/3300/13
f 1521/3301/7 1513/3302/7 1516/3303/7 1524/3304/7
f 1529/3305/6 1515/3306/6 1514/3307/6 1532/3308/6
f 1529/3309/14 1531/3310/14 1513/3311/15 1515/3312/15
f 1525/3313/16 1527/3314/16 1519/3315/17 1517/3316/17
f 1525/3317/6 1517/3318/6 1520/3319/6 1528/3320/6
f 1533/3321/7 1519/3322/7 1518/3323/7 1536/3324/7
f 1534/3325/18 1536/3326/18 1518/3327/19 1520/3328/19
f 1508/3329/7 1521/3301/7 1524/3304/7 1506/3330/7
f 1505/3331/20 1506/3332/20 1524/3298/12 1522/3297/12
f 1515/3306/6 1523/3273/6 1522/3276/6 1514/3307/6
f 1515/3312/15 1513/3311/15 1521/3262/1 1523/3261/1
f 1503/3333/6 1525/3317/6 1528/3320/6 1501/3334/6
f 1503/3335/21 1504/3336/21 1527/3314/16 1525/3313/16
f 1519/3322/7 1527/3277/7 1526/3280/7 1518/3323/7
f 1520/3328/19 1518/3327/19 1526/3270/4 1528/3269/4
f 1509/3296/11 1510/3295/11 1531/3310/14 1529/3309/14
f 1509/3286/6 1529/3305/6 1532/3308/6 1511/3287/6
f 1514/3300/13 1516/3299/13 1530/3290/8 1532/3289/8
f 1513/3302/7 1531/3281/7 1530/3284/7 1516/3303/7
f 1511/3292/9 1512/3291/9 1536/3326/18 1534/3325/18
f 1510/3282/7 1533/3321/7 1536/3324/7 1512/3283/7
f 1517/3316/17 1519/3315/17 1533/3294/10 1535/3293/10
f 1517/3318/6 1535/3285/6 1534/3288/6 1520/3319/6
f 1555/3337/12 1553/3338/12 1438/3339/20 1437/3340/20
f 1560/3341/16 1558/3342/16 1538/3343/21 1537/3344/21
f 1555/3345/6 1437/3346/6 1439/3347/6 1554/3348/6
f 1559/3349/7 1540/3350/7 1538/3351/7 1558/3352/7
f 1563/3353/7 1542/3354/7 1544/3355/7 1562/3356/7
f 1567/3357/6 1541/3358/6 1543/3359/6 1566/3360/6
f 1564/3361/14 1562/3362/14 1544/3363/11 1543/3364/11
f 1567/3365/18 1565/3366/18 1542/3367/9 1541/3368/9
f 1554/3369/1 1556/3370/1 1548/3371/15 1546/3372/15
f 1553/3373/7 1545/3374/7 1548/3375/7 1556/3376/7
f 1561/3377/6 1547/3378/6 1546/3379/6 1564/3380/6
f 1561/3381/8 1563/3382/8 1545/3383/13 1547/3384/13
f 1557/3385/4 1559/3386/4 1551/3387/19 1549/3388/19
f 1557/3389/6 1549/3390/6 1552/3391/6 1560/3392/6
f 1565/3393/7 1551/3394/7 1550/3395/7 1568/3396/7
f 1566/3397/10 1568/3398/10 1550/3399/17 1552/3400/17
f 1438/3401/7 1553/3373/7 1556/3376/7 1440/3402/7
f 1439/3403/2 1440/3404/2 1556/3370/1 1554/3369/1
f 1547/3378/6 1555/3345/6 1554/3348/6 1546/3379/6
f 1547/3384/13 1545/3383/13 1553/3338/12 1555/3337/12
f 1539/3405/6 1557/3389/6 1560/3392/6 1537/3406/6
f 1539/3407/5 1540/3408/5 1559/3386/4 1557/3385/4
f 1551/3394/7 1559/3349/7 1558/3352/7 1550/3395/7
f 1552/3400/17 1550/3399/17 1558/3342/16 1560/3341/16
f 1541/3368/9 1542/3367/9 1563/3382/8 1561/3381/8
f 1541/3358/6 1561/3377/6 1564/3380/6 1543/3359/6
f 1546/3372/15 1548/3371/15 1562/3362/14 1564/3361/14
f 1545/3374/7 1563/3353/7 1562/3356/7 1548/3375/7
f 1543/3364/11 1544/3363/11 1568/3398/10 1566/3397/10
f 1542/3354/7 1565/3393/7 1568/3396/7 1544/3355/7
f 1549/3388/19 1551/3387/19 1565/3366/18 1567/3365/18
f 1549/3390/6 1567/3357/6 1566/3360/6 1552/3391/6
f 1591/3409/1 1589/3410/1 1576/3411/2 1575/3412/2
f 1575/3413/3 1576/3414/3 1574/3415/3 1573/3416/3
f 1596/3417/4 1594/3418/4 1570/3419/5 1569/3420/5
f 1591/3421/6 1575/3422/6 1573/3423/6 1590/3424/6
f 1595/3425/7 1572/3426/7 1570/3427/7 1594/3428/7
f 1599/3429/7 1578/3430/7 1580/3431/7 1598/3432/7
f 1603/3433/6 1577/3434/6 1579/3435/6 1602/3436/6
f 1600/3437/8 1598/3438/8 1580/3439/9 1579/3440/9
f 1603/3441/10 1601/3442/10 1578/3443/11 1577/3444/11
f 1590/3445/12 1592/3446/12 1584/3447/13 1582/3448/13
f 1589/3449/7 1581/3450/7 1584/3451/7 1592/3452/7
f 1597/3453/6 1583/3454/6 1582/3455/6 1600/3456/6
f 1597/3457/14 1599/3458/14 1581/3459/15 1583/3460/15
f 1593/3461/16 1595/3462/16 1587/3463/17 1585/3464/17
f 1593/3465/6 1585/3466/6 1588/3467/6 1596/3468/6
f 1601/3469/7 1587/3470/7 1586/3471/7 1604/3472/7
f 1602/3473/18 1604/3474/18 1586/3475/19 1588/3476/19
f 1576/3477/7 1589/3449/7 1592/3452/7 1574/3478/7
f 1573/3479/20 1574/3480/20 1592/3446/12 1590/3445/12
f 1583/3454/6 1591/3421/6 1590/3424/6 1582/3455/6
f 1583/3460/15 1581/3459/15 1589/3410/1 1591/3409/1
f 1571/3481/6 1593/3465/6 1596/3468/6 1569/3482/6
f 1571/3483/21 1572/3484/21 1595/3462/16 1593/3461/16
f 1587/3470/7 1595/3425/7 1594/3428/7 1586/3471/7
f 1588/3476/19 1586/3475/19 1594/3418/4 1596/3417/4
f 1577/3444/11 1578/3443/11 1599/3458/14 1597/3457/14
f 1577/3434/6 1597/3453/6 1600/3456/6 1579/3435/6
f 1582/3448/13 1584/3447/13 1598/3438/8 1600/3437/8
f 1581/3450/7 1599/3429/7 1598/3432/7 1584/3451/7
f 1579/3440/9 1580/3439/9 1604/3474/18 1602/3473/18
f 1578/3430/7 1601/3469/7 1604/3472/7 1580/3431/7
f 1585/3464/17 1587/3463/17 1601/3442/10 1603/3441/10
f 1585/3466/6 1603/3433/6 1602/3436/6 1588/3467/6
f 1623/3485/12 1621/3486/12 1506/3487/20 1505/3488/20
f 1628/3489/16 1626/3490/16 1606/3491/21 1605/3492/21
f 1623/3493/6 1505/3494/6 1507/3495/6 1622/3496/6
f 1627/3497/7 1608/3498/7 1606/3499/7 1626/3500/7
f 1631/3501/7 1610/3502/7 1612/3503/7 1630/3504/7
f 1635/3505/6 1609/3506/6 1611/3507/6 1634/3508/6
f 1632/3509/14 1630/3510/14 1612/3511/11 1611/3512/11
f 1635/3513/18 1633/3514/18 1610/3515/9 1609/3516/9
f 1622/3517/1 1624/3518/1 1616/3519/15 1614/3520/15
f 1621/3521/7 1613/3522/7 1616/3523/7 1624/3524/7
f 1629/3525/6 1615/3526/6 1614/3527/6 1632/3528/6
f 1629/3529/8 1631/3530/8 1613/3531/13 1615/3532/13
f 1625/3533/4 1627/3534/4 1619/3535/19 1617/3536/19
f 1625/3537/6 1617/3538/6 1620/3539/6 1628/3540/6
f 1633/3541/7 1619/3542/7 1618/3543/7 1636/3544/7
f 1634/3545/10 1636/3546/10 1618/3547/17 1620/3548/17
f 1506/3549/7 1621/3521/7 1624/3524/7 1508/3550/7
f 1507/3551/2 1508/3552/2 1624/3518/1 1622/3517/1
f 1615/3526/6 1623/3493/6 1622/3496/6 1614/3527/6
f 1615/3532/13 1613/3531/13 1621/3486/12 1623/3485/12
f 1607/3553/6 1625/3537/6 1628/3540/6 1605/3554/6
f 1607/3555/5 1608/3556/5 1627/3534/4 1625/3533/4
f 1619/3542/7 1627/3497/7 1626/3500/7 1618/3543/7
f 1620/3548/17 1618/3547/17 1626/3490/16 1628/3489/16
f 1609/3516/9 1610/3515/9 1631/3530/8 1629/3529/8
f 1609/3506/6 1629/3525/6 1632/3528/6 1611/3507/6
f 1614/3520/15 1616/3519/15 1630/3510/14 1632/3509/14
f 1613/3522/7 1631/3501/7 1630/3504/7 1616/3523/7
f 1611/3512/11 1612/3511/11 1636/3546/10 1634/3545/10
f 1610/3502/7 1633/3541/7 1636/3544/7 1612/3503/7
f 1617/3536/19 1619/3535/19 1633/3514/18 1635/3513/18
f 1617/3538/6 1635/3505/6 1634/3508/6 1620/3539/6
f 1659/3557/1 1657/3558/1 1644/3559/2 1643/3560/2
f 1643/3561/3 1644/3562/3 1642/3563/3 1641/3564/3
f 1664/3565/4 1662/3566/4 1638/3567/5 1637/3568/5
f 1659/3569/6 1643/3570/6 1641/3571/6 1658/3572/6
f 1663/3573/7 1640/3574/7 1638/3575/7 1662/3576/7
f 1667/3577/7 1646/3578/7 1648/3579/7 1666/3580/7
f 1671/3581/6 1645/3582/6 1647/3583/6 1670/3584/6
f 1668/3585/8 1666/3586/8 1648/3587/9 1647/3588/9
f 1671/3589/10 1669/3590/10 1646/3591/11 1645/3592/11
f 1658/3593/12 1660/3594/12 1652/3595/13 1650/3596/13
f 1657/3597/7 1649/3598/7 1652/3599/7 1660/3600/7
f 1665/3601/6 1651/3602/6 1650/3603/6 1668/3604/6
f 1665/3605/14 1667/3606/14 1649/3607/15 1651/3608/15
f 1661/3609/16 1663/3610/16 1655/3611/17 1653/3612/17
f 1661/3613/6 1653/3614/6 1656/3615/6 1664/3616/6
f 1669/3617/7 1655/3618/7 1654/3619/7 1672/3620/7
f 1670/3621/18 1672/3622/18 1654/3623/19 1656/3624/19
f 1644/3625/7 1657/3597/7 1660/3600/7 1642/3626/7
f 1641/3627/20 1642/3628/20 1660/3594/12 1658/3593/12
f 1651/3602/6 1659/3569/6 1658/3572/6 1650/3603/6
f 1651/3608/15 1649/3607/15 1657/3558/1 1659/3557/1
f 1639/3629/6 1661/3613/6 1664/3616/6 1637/3630/6
f 1639/3631/21 1640/3632/21 1663/3610/16 1661/3609/16
f 1655/3618/7 1663/3573/7 1662/3576/7 1654/3619/7
f 1656/3624/19 1654/3623/19 1662/3566/4 1664/3565/4
f 1645/3592/11 1646/3591/11 1667/3606/14 1665/3605/14
f 1645/3582/6 1665/3601/6 1668/3604/6 1647/3583/6
f 1650/3596/13 1652/3595/13 1666/3586/8 1668/3585/8
f 1649/3598/7 1667/3577/7 1666/3580/7 1652/3599/7
f 1647/3588/9 1648/3587/9 1672/3622/18 1670/3621/18
f 1646/3578/7 1669/3617/7 1672/3620/7 1648/3579/7
f 1653/3612/17 1655/3611/17 1669/3590/10 1671/3589/10
f 1653/3614/6 1671/3581/6 1670/3584/6 1656/3615/6
f 1691/3633/12 1689/3634/12 1574/3635/20 1573/3636/20
f 1696/3637/16 1694/3638/16 1674/3639/21 1673/3640/21
f 1691/3641/6 1573/3642/6 1575/3643/6 1690/3644/6
f 1695/3645/7 1676/3646/7 1674/3647/7 1694/3648/7
f 1699/3649/7 1678/3650/7 1680/3651/7 1698/3652/7
f 1703/3653/6 1677/3654/6 1679/3655/6 1702/3656/6
f 1700/3657/14 1698/3658/14 1680/3659/11 1679/3660/11
f 1703/3661/18 1701/3662/18 1678/3663/9 1677/3664/9
f 1690/3665/1 1692/3666/1 1684/3667/15 1682/3668/15
f 1689/3669/7 1681/3670/7 1684/3671/7 1692/3672/7
f 1697/3673/6 1683/3674/6 1682/3675/6 1700/3676/6
f 1697/3677/8 1699/3678/8 1681/3679/13 1683/3680/13
f 1693/3681/4 1695/3682/4 1687/3683/19 1685/3684/19
f 1693/3685/6 1685/3686/6 1688/3687/6 1696/3688/6
f 1701/3689/7 1687/3690/7 1686/3691/7 1704/3692/7
f 1702/3693/10 1704/3694/10 1686/3695/17 1688/3696/17
f 1574/3697/7 1689/3669/7 1692/3672/7 1576/3698/7
f 1575/3699/2 1576/3700/2 1692/3666/1 1690/3665/1
f 1683/3674/6 1691/3641/6 1690/3644/6 1682/3675/6
f 1683/3680/13 1681/3679/13 1689/3634/12 1691/3633/12
f 1675/3701/6 1693/3685/6 1696/3688/6 1673/3702/6
f 1675/3703/5 1676/3704/5 1695/3682/4 1693/3681/4
f 1687/3690/7 1695/3645/7 1694/3648/7 1686/3691/7
f 1688/3696/17 1686/3695/17 1694/3638/16 1696/3637/16
f 1677/3664/9 1678/3663/9 1699/3678/8 1697/3677/8
f 1677/3654/6 1697/3673/6 1700/3676/6 1679/3655/6
f 1682/3668/15 1684/3667/15 1698/3658/14 1700/3657/14
f 1681/3670/7 1699/3649/7 1698/3652/7 1684/3671/7
f 1679/3660/11 1680/3659/11 1704/3694/10 1702/3693/10
f 1678/3650/7 1701/3689/7 1704/3692/7 1680/3651/7
f 1685/3684/19 1687/3683/19 1701/3662/18 1703/3661/18
f 1685/3686/6 1703/3653/6 1702/3656/6 1688/3687/6
