# Blender 4.3.1
# www.blender.org
mtllib wall1.mtl
o wall1
v 13.775852 -5.398207 0.036721
v 9.764424 -5.398205 0.036721
v 13.775852 -5.398207 -0.042419
v 9.764424 -5.398205 -0.042419
v 13.775852 -5.169750 0.036721
v 9.764424 -5.169748 0.036721
v 13.775852 -5.169750 -0.042419
v 9.764424 -5.169748 -0.042419
v 13.775851 -7.502375 0.036721
v 9.764423 -7.502373 0.036721
v 13.775851 -7.502375 -0.042419
v 9.764423 -7.502373 -0.042419
v 13.775852 -7.273919 0.036721
v 9.764424 -7.273917 0.036721
v 13.775852 -7.273919 -0.042419
v 9.764424 -7.273917 -0.042419
v 13.775851 -7.481036 0.036721
v 9.764423 -7.481034 0.036721
v 9.764424 -7.295256 0.036721
v 13.775852 -7.295258 0.036721
v 13.775851 -7.481036 -0.026896
v 9.764423 -7.481034 -0.026896
v 9.764424 -7.295256 -0.026896
v 13.775852 -7.295258 -0.026896
v 13.775852 -5.367921 0.036721
v 9.764424 -5.367919 0.036721
v 9.764424 -5.200034 0.036721
v 13.775852 -5.200036 0.036721
v 13.775852 -5.367921 -0.024484
v 9.764424 -5.367919 -0.024484
v 9.764424 -5.200034 -0.024484
v 13.775852 -5.200036 -0.024484
v 13.760846 -7.280227 0.014133
v 9.971918 -5.467324 0.014133
v 13.760846 -7.280227 -0.014917
v 9.971918 -5.467324 -0.014917
v 13.786357 -7.202530 0.014133
v 9.997430 -5.389627 0.014133
v 13.786357 -7.202530 -0.014917
v 9.997430 -5.389627 -0.014917
v 13.763228 -7.272969 0.014133
v 9.974301 -5.460066 0.014133
v 9.995047 -5.396884 0.014133
v 13.783975 -7.209787 0.014133
v 13.763228 -7.272969 -0.009219
v 9.974301 -5.460066 -0.009219
v 9.995047 -5.396884 -0.009219
v 13.783975 -7.209787 -0.009219
v 13.773120 -5.446303 0.014133
v 10.010555 -7.290028 0.014133
v 13.773120 -5.446303 -0.014917
v 10.010555 -7.290028 -0.014917
v 13.747720 -5.368550 0.014133
v 9.985156 -7.212276 0.014133
v 13.747720 -5.368550 -0.014917
v 9.985156 -7.212276 -0.014917
v 13.770747 -5.439040 0.014133
v 10.008183 -7.282765 0.014133
v 9.987528 -7.219538 0.014133
v 13.750093 -5.375813 0.014133
v 13.770747 -5.439040 -0.009219
v 10.008183 -7.282765 -0.009219
v 9.987528 -7.219538 -0.009219
v 13.750093 -5.375813 -0.009219
v 13.775853 -2.225836 0.036721
v 9.764425 -2.225834 0.036721
v 13.775853 -2.225836 -0.042419
v 9.764425 -2.225834 -0.042419
v 13.775853 -1.997380 0.036721
v 9.764425 -1.997378 0.036721
v 13.775853 -1.997380 -0.042419
v 9.764425 -1.997378 -0.042419
v 13.775852 -4.330004 0.036721
v 9.764424 -4.330002 0.036721
v 13.775852 -4.330004 -0.042419
v 9.764424 -4.330002 -0.042419
v 13.775852 -4.101548 0.036721
v 9.764424 -4.101546 0.036721
v 13.775852 -4.101548 -0.042419
v 9.764424 -4.101546 -0.042419
v 13.775852 -4.308665 0.036721
v 9.764424 -4.308664 0.036721
v 9.764424 -4.122885 0.036721
v 13.775852 -4.122887 0.036721
v 13.775852 -4.308665 -0.026896
v 9.764424 -4.308664 -0.026896
v 9.764424 -4.122885 -0.026896
v 13.775852 -4.122887 -0.026896
v 13.775853 -2.195550 0.036721
v 9.764425 -2.195549 0.036721
v 9.764425 -2.027663 0.036721
v 13.775853 -2.027664 0.036721
v 13.775853 -2.195550 -0.024484
v 9.764425 -2.195549 -0.024484
v 9.764425 -2.027663 -0.024484
v 13.775853 -2.027664 -0.024484
v 13.760846 -4.107856 0.014133
v 9.971919 -2.294953 0.014133
v 13.760846 -4.107856 -0.014917
v 9.971919 -2.294953 -0.014917
v 13.786357 -4.030159 0.014133
v 9.997431 -2.217256 0.014133
v 13.786357 -4.030159 -0.014917
v 9.997431 -2.217256 -0.014917
v 13.763228 -4.100598 0.014133
v 9.974302 -2.287696 0.014133
v 9.995048 -2.224513 0.014133
v 13.783975 -4.037416 0.014133
v 13.763228 -4.100598 -0.009219
v 9.974302 -2.287696 -0.009219
v 9.995048 -2.224513 -0.009219
v 13.783975 -4.037416 -0.009219
v 13.773121 -2.273932 0.014133
v 10.010555 -4.117658 0.014133
v 13.773121 -2.273932 -0.014917
v 10.010555 -4.117658 -0.014917
v 13.747721 -2.196179 0.014133
v 9.985156 -4.039905 0.014133
v 13.747721 -2.196179 -0.014917
v 9.985156 -4.039905 -0.014917
v 13.770748 -2.266669 0.014133
v 10.008183 -4.110395 0.014133
v 9.987528 -4.047167 0.014133
v 13.750093 -2.203441 0.014133
v 13.770748 -2.266669 -0.009219
v 10.008183 -4.110395 -0.009219
v 9.987528 -4.047167 -0.009219
v 13.750093 -2.203441 -0.009219
v 13.775853 0.946535 0.036721
v 9.764425 0.946537 0.036721
v 13.775853 0.946535 -0.042419
v 9.764425 0.946537 -0.042419
v 13.775853 1.174991 0.036721
v 9.764425 1.174993 0.036721
v 13.775853 1.174991 -0.042419
v 9.764425 1.174993 -0.042419
v 13.775853 -1.157633 0.036721
v 9.764425 -1.157632 0.036721
v 13.775853 -1.157633 -0.042419
v 9.764425 -1.157632 -0.042419
v 13.775853 -0.929178 0.036721
v 9.764425 -0.929176 0.036721
v 13.775853 -0.929178 -0.042419
v 9.764425 -0.929176 -0.042419
v 13.775853 -1.136294 0.036721
v 9.764425 -1.136293 0.036721
v 9.764425 -0.950514 0.036721
v 13.775853 -0.950516 0.036721
v 13.775853 -1.136294 -0.026896
v 9.764425 -1.136293 -0.026896
v 9.764425 -0.950514 -0.026896
v 13.775853 -0.950516 -0.026896
v 13.775853 0.976821 0.036721
v 9.764425 0.976822 0.036721
v 9.764425 1.144707 0.036721
v 13.775853 1.144706 0.036721
v 13.775853 0.976821 -0.024484
v 9.764425 0.976822 -0.024484
v 9.764425 1.144707 -0.024484
v 13.775853 1.144706 -0.024484
v 13.760847 -0.935485 0.014133
v 9.971919 0.877418 0.014133
v 13.760847 -0.935485 -0.014917
v 9.971919 0.877418 -0.014917
v 13.786358 -0.857788 0.014133
v 9.997431 0.955114 0.014133
v 13.786358 -0.857788 -0.014917
v 9.997431 0.955114 -0.014917
v 13.763229 -0.928228 0.014133
v 9.974302 0.884675 0.014133
v 9.995048 0.947857 0.014133
v 13.783976 -0.865045 0.014133
v 13.763229 -0.928228 -0.009219
v 9.974302 0.884675 -0.009219
v 9.995048 0.947857 -0.009219
v 13.783976 -0.865045 -0.009219
v 13.773121 0.898439 0.014133
v 10.010556 -0.945287 0.014133
v 13.773121 0.898439 -0.014917
v 10.010556 -0.945287 -0.014917
v 13.747721 0.976192 0.014133
v 9.985157 -0.867534 0.014133
v 13.747721 0.976192 -0.014917
v 9.985157 -0.867534 -0.014917
v 13.770748 0.905701 0.014133
v 10.008184 -0.938024 0.014133
v 9.987529 -0.874796 0.014133
v 13.750093 0.968929 0.014133
v 13.770748 0.905701 -0.009219
v 10.008184 -0.938024 -0.009219
v 9.987529 -0.874796 -0.009219
v 13.750093 0.968929 -0.009219
v 13.775854 4.118906 0.036721
v 9.764426 4.118907 0.036721
v 13.775854 4.118906 -0.042419
v 9.764426 4.118907 -0.042419
v 13.775854 4.347361 0.036721
v 9.764426 4.347363 0.036721
v 13.775854 4.347361 -0.042419
v 9.764426 4.347363 -0.042419
v 13.775853 2.014737 0.036721
v 9.764425 2.014739 0.036721
v 13.775853 2.014737 -0.042419
v 9.764425 2.014739 -0.042419
v 13.775853 2.243193 0.036721
v 9.764425 2.243195 0.036721
v 13.775853 2.243193 -0.042419
v 9.764425 2.243195 -0.042419
v 13.775853 2.036076 0.036721
v 9.764425 2.036077 0.036721
v 9.764425 2.221856 0.036721
v 13.775853 2.221855 0.036721
v 13.775853 2.036076 -0.026896
v 9.764425 2.036077 -0.026896
v 9.764425 2.221856 -0.026896
v 13.775853 2.221855 -0.026896
v 13.775854 4.149191 0.036721
v 9.764426 4.149192 0.036721
v 9.764426 4.317078 0.036721
v 13.775854 4.317076 0.036721
v 13.775854 4.149191 -0.024484
v 9.764426 4.149192 -0.024484
v 9.764426 4.317078 -0.024484
v 13.775854 4.317076 -0.024484
v 13.760847 2.236886 0.014133
v 9.971920 4.049788 0.014133
v 13.760847 2.236886 -0.014917
v 9.971920 4.049788 -0.014917
v 13.786358 2.314583 0.014133
v 9.997432 4.127485 0.014133
v 13.786358 2.314583 -0.014917
v 9.997432 4.127485 -0.014917
v 13.763229 2.244142 0.014133
v 9.974303 4.057045 0.014133
v 9.995049 4.120227 0.014133
v 13.783976 2.307325 0.014133
v 13.763229 2.244142 -0.009219
v 9.974303 4.057045 -0.009219
v 9.995049 4.120227 -0.009219
v 13.783976 2.307325 -0.009219
v 13.773122 4.070809 0.014133
v 10.010556 2.227084 0.014133
v 13.773122 4.070809 -0.014917
v 10.010556 2.227084 -0.014917
v 13.747722 4.148562 0.014133
v 9.985157 2.304837 0.014133
v 13.747722 4.148562 -0.014917
v 9.985157 2.304837 -0.014917
v 13.770749 4.078071 0.014133
v 10.008184 2.234346 0.014133
v 9.987529 2.297574 0.014133
v 13.750094 4.141300 0.014133
v 13.770749 4.078071 -0.009219
v 10.008184 2.234346 -0.009219
v 9.987529 2.297574 -0.009219
v 13.750094 4.141300 -0.009219
v 13.775854 7.291276 0.036721
v 9.764426 7.291278 0.036721
v 13.775854 7.291276 -0.042419
v 9.764426 7.291278 -0.042419
v 13.775855 7.519732 0.036721
v 9.764427 7.519734 0.036721
v 13.775855 7.519732 -0.042419
v 9.764427 7.519734 -0.042419
v 13.775854 5.187108 0.036721
v 9.764426 5.187109 0.036721
v 13.775854 5.187108 -0.042419
v 9.764426 5.187109 -0.042419
v 13.775854 5.415564 0.036721
v 9.764426 5.415566 0.036721
v 13.775854 5.415564 -0.042419
v 9.764426 5.415566 -0.042419
v 13.775854 5.208447 0.036721
v 9.764426 5.208448 0.036721
v 9.764426 5.394227 0.036721
v 13.775854 5.394226 0.036721
v 13.775854 5.208447 -0.026896
v 9.764426 5.208448 -0.026896
v 9.764426 5.394227 -0.026896
v 13.775854 5.394226 -0.026896
v 13.775854 7.321562 0.036721
v 9.764426 7.321563 0.036721
v 9.764427 7.489449 0.036721
v 13.775855 7.489447 0.036721
v 13.775854 7.321562 -0.024484
v 9.764426 7.321563 -0.024484
v 9.764427 7.489449 -0.024484
v 13.775855 7.489447 -0.024484
v 13.760848 5.409256 0.014133
v 9.971920 7.222159 0.014133
v 13.760848 5.409256 -0.014917
v 9.971920 7.222159 -0.014917
v 13.786359 5.486953 0.014133
v 9.997432 7.299856 0.014133
v 13.786359 5.486953 -0.014917
v 9.997432 7.299856 -0.014917
v 13.763230 5.416513 0.014133
v 9.974303 7.229416 0.014133
v 9.995049 7.292598 0.014133
v 13.783977 5.479696 0.014133
v 13.763230 5.416513 -0.009219
v 9.974303 7.229416 -0.009219
v 9.995049 7.292598 -0.009219
v 13.783977 5.479696 -0.009219
v 13.773122 7.243180 0.014133
v 10.010557 5.399455 0.014133
v 13.773122 7.243180 -0.014917
v 10.010557 5.399455 -0.014917
v 13.747722 7.320933 0.014133
v 9.985158 5.477208 0.014133
v 13.747722 7.320933 -0.014917
v 9.985158 5.477208 -0.014917
v 13.770749 7.250442 0.014133
v 10.008185 5.406717 0.014133
v 9.987530 5.469944 0.014133
v 13.750094 7.313671 0.014133
v 13.770749 7.250442 -0.009219
v 10.008185 5.406717 -0.009219
v 9.987530 5.469944 -0.009219
v 13.750094 7.313671 -0.009219
v 9.834358 -5.398206 0.036721
v 5.822930 -5.398204 0.036721
v 9.834358 -5.398206 -0.042419
v 5.822930 -5.398204 -0.042419
v 9.834358 -5.169749 0.036721
v 5.822930 -5.169747 0.036721
v 9.834358 -5.169749 -0.042419
v 5.822930 -5.169747 -0.042419
v 9.834357 -7.502374 0.036721
v 5.822930 -7.502372 0.036721
v 9.834357 -7.502374 -0.042419
v 5.822930 -7.502372 -0.042419
v 9.834358 -7.273918 0.036721
v 5.822930 -7.273916 0.036721
v 9.834358 -7.273918 -0.042419
v 5.822930 -7.273916 -0.042419
v 9.834357 -7.481035 0.036721
v 5.822930 -7.481033 0.036721
v 5.822930 -7.295255 0.036721
v 9.834358 -7.295257 0.036721
v 9.834357 -7.481035 -0.026896
v 5.822930 -7.481033 -0.026896
v 5.822930 -7.295255 -0.026896
v 9.834358 -7.295257 -0.026896
v 9.834358 -5.367920 0.036721
v 5.822930 -5.367918 0.036721
v 5.822930 -5.200033 0.036721
v 9.834358 -5.200035 0.036721
v 9.834358 -5.367920 -0.024484
v 5.822930 -5.367918 -0.024484
v 5.822930 -5.200033 -0.024484
v 9.834358 -5.200035 -0.024484
v 9.819352 -7.280226 0.014133
v 6.030424 -5.467323 0.014133
v 9.819352 -7.280226 -0.014917
v 6.030424 -5.467323 -0.014917
v 9.844863 -7.202529 0.014133
v 6.055936 -5.389626 0.014133
v 9.844863 -7.202529 -0.014917
v 6.055936 -5.389626 -0.014917
v 9.821734 -7.272968 0.014133
v 6.032807 -5.460065 0.014133
v 6.053553 -5.396883 0.014133
v 9.842481 -7.209786 0.014133
v 9.821734 -7.272968 -0.009219
v 6.032807 -5.460065 -0.009219
v 6.053553 -5.396883 -0.009219
v 9.842481 -7.209786 -0.009219
v 9.831626 -5.446302 0.014133
v 6.069061 -7.290027 0.014133
v 9.831626 -5.446302 -0.014917
v 6.069061 -7.290027 -0.014917
v 9.806226 -5.368549 0.014133
v 6.043661 -7.212275 0.014133
v 9.806226 -5.368549 -0.014917
v 6.043661 -7.212275 -0.014917
v 9.829253 -5.439039 0.014133
v 6.066689 -7.282764 0.014133
v 6.046033 -7.219537 0.014133
v 9.808599 -5.375812 0.014133
v 9.829253 -5.439039 -0.009219
v 6.066689 -7.282764 -0.009219
v 6.046033 -7.219537 -0.009219
v 9.808599 -5.375812 -0.009219
v 9.834359 -2.225835 0.036721
v 5.822931 -2.225833 0.036721
v 9.834359 -2.225835 -0.042419
v 5.822931 -2.225833 -0.042419
v 9.834359 -1.997379 0.036721
v 5.822931 -1.997377 0.036721
v 9.834359 -1.997379 -0.042419
v 5.822931 -1.997377 -0.042419
v 9.834358 -4.330003 0.036721
v 5.822930 -4.330001 0.036721
v 9.834358 -4.330003 -0.042419
v 5.822930 -4.330001 -0.042419
v 9.834358 -4.101547 0.036721
v 5.822930 -4.101545 0.036721
v 9.834358 -4.101547 -0.042419
v 5.822930 -4.101545 -0.042419
v 9.834358 -4.308664 0.036721
v 5.822930 -4.308663 0.036721
v 5.822930 -4.122884 0.036721
v 9.834358 -4.122886 0.036721
v 9.834358 -4.308664 -0.026896
v 5.822930 -4.308663 -0.026896
v 5.822930 -4.122884 -0.026896
v 9.834358 -4.122886 -0.026896
v 9.834359 -2.195549 0.036721
v 5.822931 -2.195548 0.036721
v 5.822931 -2.027663 0.036721
v 9.834359 -2.027664 0.036721
v 9.834359 -2.195549 -0.024484
v 5.822931 -2.195548 -0.024484
v 5.822931 -2.027663 -0.024484
v 9.834359 -2.027664 -0.024484
v 9.819352 -4.107855 0.014133
v 6.030425 -2.294952 0.014133
v 9.819352 -4.107855 -0.014917
v 6.030425 -2.294952 -0.014917
v 9.844863 -4.030158 0.014133
v 6.055936 -2.217255 0.014133
v 9.844863 -4.030158 -0.014917
v 6.055936 -2.217255 -0.014917
v 9.821734 -4.100597 0.014133
v 6.032808 -2.287695 0.014133
v 6.053553 -2.224513 0.014133
v 9.842481 -4.037416 0.014133
v 9.821734 -4.100597 -0.009219
v 6.032808 -2.287695 -0.009219
v 6.053553 -2.224513 -0.009219
v 9.842481 -4.037416 -0.009219
v 9.831627 -2.273931 0.014133
v 6.069061 -4.117657 0.014133
v 9.831627 -2.273931 -0.014917
v 6.069061 -4.117657 -0.014917
v 9.806227 -2.196178 0.014133
v 6.043662 -4.039904 0.014133
v 9.806227 -2.196178 -0.014917
v 6.043662 -4.039904 -0.014917
v 9.829254 -2.266669 0.014133
v 6.066689 -4.110394 0.014133
v 6.046034 -4.047166 0.014133
v 9.808599 -2.203441 0.014133
v 9.829254 -2.266669 -0.009219
v 6.066689 -4.110394 -0.009219
v 6.046034 -4.047166 -0.009219
v 9.808599 -2.203441 -0.009219
v 9.834359 0.946536 0.036721
v 5.822931 0.946537 0.036721
v 9.834359 0.946536 -0.042419
v 5.822931 0.946537 -0.042419
v 9.834359 1.174992 0.036721
v 5.822931 1.174994 0.036721
v 9.834359 1.174992 -0.042419
v 5.822931 1.174994 -0.042419
v 9.834359 -1.157632 0.036721
v 5.822931 -1.157631 0.036721
v 9.834359 -1.157632 -0.042419
v 5.822931 -1.157631 -0.042419
v 9.834359 -0.929177 0.036721
v 5.822931 -0.929175 0.036721
v 9.834359 -0.929177 -0.042419
v 5.822931 -0.929175 -0.042419
v 9.834359 -1.136293 0.036721
v 5.822931 -1.136292 0.036721
v 5.822931 -0.950514 0.036721
v 9.834359 -0.950515 0.036721
v 9.834359 -1.136293 -0.026896
v 5.822931 -1.136292 -0.026896
v 5.822931 -0.950514 -0.026896
v 9.834359 -0.950515 -0.026896
v 9.834359 0.976821 0.036721
v 5.822931 0.976823 0.036721
v 5.822931 1.144708 0.036721
v 9.834359 1.144707 0.036721
v 9.834359 0.976821 -0.024484
v 5.822931 0.976823 -0.024484
v 5.822931 1.144708 -0.024484
v 9.834359 1.144707 -0.024484
v 9.819353 -0.935484 0.014133
v 6.030425 0.877418 0.014133
v 9.819353 -0.935484 -0.014917
v 6.030425 0.877418 -0.014917
v 9.844864 -0.857788 0.014133
v 6.055937 0.955115 0.014133
v 9.844864 -0.857788 -0.014917
v 6.055937 0.955115 -0.014917
v 9.821735 -0.928227 0.014133
v 6.032808 0.884676 0.014133
v 6.053554 0.947858 0.014133
v 9.842482 -0.865045 0.014133
v 9.821735 -0.928227 -0.009219
v 6.032808 0.884676 -0.009219
v 6.053554 0.947858 -0.009219
v 9.842482 -0.865045 -0.009219
v 9.831627 0.898439 0.014133
v 6.069062 -0.945286 0.014133
v 9.831627 0.898439 -0.014917
v 6.069062 -0.945286 -0.014917
v 9.806227 0.976192 0.014133
v 6.043663 -0.867533 0.014133
v 9.806227 0.976192 -0.014917
v 6.043663 -0.867533 -0.014917
v 9.829254 0.905702 0.014133
v 6.066690 -0.938023 0.014133
v 6.046035 -0.874796 0.014133
v 9.808599 0.968930 0.014133
v 9.829254 0.905702 -0.009219
v 6.066690 -0.938023 -0.009219
v 6.046035 -0.874796 -0.009219
v 9.808599 0.968930 -0.009219
v 9.834360 4.118906 0.036721
v 5.822932 4.118908 0.036721
v 9.834360 4.118906 -0.042419
v 5.822932 4.118908 -0.042419
v 9.834360 4.347362 0.036721
v 5.822932 4.347364 0.036721
v 9.834360 4.347362 -0.042419
v 5.822932 4.347364 -0.042419
v 9.834359 2.014738 0.036721
v 5.822932 2.014739 0.036721
v 9.834359 2.014738 -0.042419
v 5.822932 2.014739 -0.042419
v 9.834359 2.243194 0.036721
v 5.822932 2.243196 0.036721
v 9.834359 2.243194 -0.042419
v 5.822932 2.243196 -0.042419
v 9.834359 2.036077 0.036721
v 5.822932 2.036078 0.036721
v 5.822932 2.221857 0.036721
v 9.834359 2.221856 0.036721
v 9.834359 2.036077 -0.026896
v 5.822932 2.036078 -0.026896
v 5.822932 2.221857 -0.026896
v 9.834359 2.221856 -0.026896
v 9.834360 4.149192 0.036721
v 5.822932 4.149193 0.036721
v 5.822932 4.317079 0.036721
v 9.834360 4.317077 0.036721
v 9.834360 4.149192 -0.024484
v 5.822932 4.149193 -0.024484
v 5.822932 4.317079 -0.024484
v 9.834360 4.317077 -0.024484
v 9.819353 2.236887 0.014133
v 6.030426 4.049789 0.014133
v 9.819353 2.236887 -0.014917
v 6.030426 4.049789 -0.014917
v 9.844864 2.314583 0.014133
v 6.055938 4.127486 0.014133
v 9.844864 2.314583 -0.014917
v 6.055938 4.127486 -0.014917
v 9.821735 2.244143 0.014133
v 6.032809 4.057046 0.014133
v 6.053555 4.120228 0.014133
v 9.842482 2.307326 0.014133
v 9.821735 2.244143 -0.009219
v 6.032809 4.057046 -0.009219
v 6.053555 4.120228 -0.009219
v 9.842482 2.307326 -0.009219
v 9.831628 4.070810 0.014133
v 6.069063 2.227084 0.014133
v 9.831628 4.070810 -0.014917
v 6.069063 2.227084 -0.014917
v 9.806228 4.148563 0.014133
v 6.043663 2.304837 0.014133
v 9.806228 4.148563 -0.014917
v 6.043663 2.304837 -0.014917
v 9.829255 4.078072 0.014133
v 6.066690 2.234347 0.014133
v 6.046035 2.297574 0.014133
v 9.808600 4.141301 0.014133
v 9.829255 4.078072 -0.009219
v 6.066690 2.234347 -0.009219
v 6.046035 2.297574 -0.009219
v 9.808600 4.141301 -0.009219
v 9.834360 7.291277 0.036721
v 5.822933 7.291279 0.036721
v 9.834360 7.291277 -0.042419
v 5.822933 7.291279 -0.042419
v 9.834361 7.519733 0.036721
v 5.822933 7.519735 0.036721
v 9.834361 7.519733 -0.042419
v 5.822933 7.519735 -0.042419
v 9.834360 5.187109 0.036721
v 5.822932 5.187110 0.036721
v 9.834360 5.187109 -0.042419
v 5.822932 5.187110 -0.042419
v 9.834360 5.415565 0.036721
v 5.822932 5.415567 0.036721
v 9.834360 5.415565 -0.042419
v 5.822932 5.415567 -0.042419
v 9.834360 5.208448 0.036721
v 5.822932 5.208449 0.036721
v 5.822932 5.394228 0.036721
v 9.834360 5.394227 0.036721
v 9.834360 5.208448 -0.026896
v 5.822932 5.208449 -0.026896
v 5.822932 5.394228 -0.026896
v 9.834360 5.394227 -0.026896
v 9.834360 7.321563 0.036721
v 5.822933 7.321564 0.036721
v 5.822933 7.489450 0.036721
v 9.834361 7.489448 0.036721
v 9.834360 7.321563 -0.024484
v 5.822933 7.321564 -0.024484
v 5.822933 7.489450 -0.024484
v 9.834361 7.489448 -0.024484
v 9.819354 5.409257 0.014133
v 6.030427 7.222160 0.014133
v 9.819354 5.409257 -0.014917
v 6.030427 7.222160 -0.014917
v 9.844865 5.486954 0.014133
v 6.055938 7.299857 0.014133
v 9.844865 5.486954 -0.014917
v 6.055938 7.299857 -0.014917
v 9.821736 5.416514 0.014133
v 6.032810 7.229417 0.014133
v 6.053555 7.292599 0.014133
v 9.842483 5.479697 0.014133
v 9.821736 5.416514 -0.009219
v 6.032810 7.229417 -0.009219
v 6.053555 7.292599 -0.009219
v 9.842483 5.479697 -0.009219
v 9.831628 7.243181 0.014133
v 6.069063 5.399456 0.014133
v 9.831628 7.243181 -0.014917
v 6.069063 5.399456 -0.014917
v 9.806228 7.320934 0.014133
v 6.043664 5.477209 0.014133
v 9.806228 7.320934 -0.014917
v 6.043664 5.477209 -0.014917
v 9.829255 7.250443 0.014133
v 6.066691 5.406718 0.014133
v 6.046036 5.469945 0.014133
v 9.808600 7.313672 0.014133
v 9.829255 7.250443 -0.009219
v 6.066691 5.406718 -0.009219
v 6.046036 5.469945 -0.009219
v 9.808600 7.313672 -0.009219
v 5.892864 -5.398205 0.036721
v 1.881436 -5.398203 0.036721
v 5.892864 -5.398205 -0.042419
v 1.881436 -5.398203 -0.042419
v 5.892864 -5.169748 0.036721
v 1.881436 -5.169747 0.036721
v 5.892864 -5.169748 -0.042419
v 1.881436 -5.169747 -0.042419
v 5.892864 -7.502373 0.036721
v 1.881436 -7.502372 0.036721
v 5.892864 -7.502373 -0.042419
v 1.881436 -7.502372 -0.042419
v 5.892864 -7.273917 0.036721
v 1.881436 -7.273916 0.036721
v 5.892864 -7.273917 -0.042419
v 1.881436 -7.273916 -0.042419
v 5.892864 -7.481034 0.036721
v 1.881436 -7.481033 0.036721
v 1.881436 -7.295254 0.036721
v 5.892864 -7.295256 0.036721
v 5.892864 -7.481034 -0.026896
v 1.881436 -7.481033 -0.026896
v 1.881436 -7.295254 -0.026896
v 5.892864 -7.295256 -0.026896
v 5.892864 -5.367919 0.036721
v 1.881436 -5.367918 0.036721
v 1.881436 -5.200033 0.036721
v 5.892864 -5.200034 0.036721
v 5.892864 -5.367919 -0.024484
v 1.881436 -5.367918 -0.024484
v 1.881436 -5.200033 -0.024484
v 5.892864 -5.200034 -0.024484
v 5.877857 -7.280225 0.014133
v 2.088930 -5.467322 0.014133
v 5.877857 -7.280225 -0.014917
v 2.088930 -5.467322 -0.014917
v 5.903368 -7.202528 0.014133
v 2.114442 -5.389626 0.014133
v 5.903368 -7.202528 -0.014917
v 2.114442 -5.389626 -0.014917
v 5.880240 -7.272967 0.014133
v 2.091313 -5.460065 0.014133
v 2.112059 -5.396883 0.014133
v 5.900986 -7.209785 0.014133
v 5.880240 -7.272967 -0.009219
v 2.091313 -5.460065 -0.009219
v 2.112059 -5.396883 -0.009219
v 5.900986 -7.209785 -0.009219
v 5.890132 -5.446301 0.014133
v 2.127567 -7.290027 0.014133
v 5.890132 -5.446301 -0.014917
v 2.127567 -7.290027 -0.014917
v 5.864732 -5.368548 0.014133
v 2.102167 -7.212274 0.014133
v 5.864732 -5.368548 -0.014917
v 2.102167 -7.212274 -0.014917
v 5.887759 -5.439038 0.014133
v 2.125194 -7.282764 0.014133
v 2.104539 -7.219536 0.014133
v 5.867105 -5.375811 0.014133
v 5.887759 -5.439038 -0.009219
v 2.125194 -7.282764 -0.009219
v 2.104539 -7.219536 -0.009219
v 5.867105 -5.375811 -0.009219
v 5.892865 -2.225834 0.036721
v 1.881437 -2.225832 0.036721
v 5.892865 -2.225834 -0.042419
v 1.881437 -2.225832 -0.042419
v 5.892865 -1.997378 0.036721
v 1.881437 -1.997376 0.036721
v 5.892865 -1.997378 -0.042419
v 1.881437 -1.997376 -0.042419
v 5.892864 -4.330002 0.036721
v 1.881436 -4.330001 0.036721
v 5.892864 -4.330002 -0.042419
v 1.881436 -4.330001 -0.042419
v 5.892864 -4.101546 0.036721
v 1.881436 -4.101545 0.036721
v 5.892864 -4.101546 -0.042419
v 1.881436 -4.101545 -0.042419
v 5.892864 -4.308663 0.036721
v 1.881436 -4.308662 0.036721
v 1.881436 -4.122884 0.036721
v 5.892864 -4.122885 0.036721
v 5.892864 -4.308663 -0.026896
v 1.881436 -4.308662 -0.026896
v 1.881436 -4.122884 -0.026896
v 5.892864 -4.122885 -0.026896
v 5.892865 -2.195548 0.036721
v 1.881437 -2.195547 0.036721
v 1.881437 -2.027662 0.036721
v 5.892865 -2.027663 0.036721
v 5.892865 -2.195548 -0.024484
v 1.881437 -2.195547 -0.024484
v 1.881437 -2.027662 -0.024484
v 5.892865 -2.027663 -0.024484
v 5.877858 -4.107854 0.014133
v 2.088931 -2.294951 0.014133
v 5.877858 -4.107854 -0.014917
v 2.088931 -2.294951 -0.014917
v 5.903369 -4.030157 0.014133
v 2.114442 -2.217255 0.014133
v 5.903369 -4.030157 -0.014917
v 2.114442 -2.217255 -0.014917
v 5.880240 -4.100596 0.014133
v 2.091314 -2.287694 0.014133
v 2.112059 -2.224512 0.014133
v 5.900986 -4.037415 0.014133
v 5.880240 -4.100596 -0.009219
v 2.091314 -2.287694 -0.009219
v 2.112059 -2.224512 -0.009219
v 5.900986 -4.037415 -0.009219
v 5.890132 -2.273930 0.014133
v 2.127568 -4.117656 0.014133
v 5.890132 -2.273930 -0.014917
v 2.127568 -4.117656 -0.014917
v 5.864733 -2.196178 0.014133
v 2.102167 -4.039903 0.014133
v 5.864733 -2.196178 -0.014917
v 2.102167 -4.039903 -0.014917
v 5.887760 -2.266668 0.014133
v 2.125195 -4.110394 0.014133
v 2.104540 -4.047165 0.014133
v 5.867105 -2.203440 0.014133
v 5.887760 -2.266668 -0.009219
v 2.125195 -4.110394 -0.009219
v 2.104540 -4.047165 -0.009219
v 5.867105 -2.203440 -0.009219
v 5.892865 0.946536 0.036721
v 1.881438 0.946538 0.036721
v 5.892865 0.946536 -0.042419
v 1.881438 0.946538 -0.042419
v 5.892865 1.174993 0.036721
v 1.881438 1.174995 0.036721
v 5.892865 1.174993 -0.042419
v 1.881438 1.174995 -0.042419
v 5.892865 -1.157632 0.036721
v 1.881437 -1.157630 0.036721
v 5.892865 -1.157632 -0.042419
v 1.881437 -1.157630 -0.042419
v 5.892865 -0.929176 0.036721
v 1.881437 -0.929174 0.036721
v 5.892865 -0.929176 -0.042419
v 1.881437 -0.929174 -0.042419
v 5.892865 -1.136293 0.036721
v 1.881437 -1.136291 0.036721
v 1.881437 -0.950513 0.036721
v 5.892865 -0.950514 0.036721
v 5.892865 -1.136293 -0.026896
v 1.881437 -1.136291 -0.026896
v 1.881437 -0.950513 -0.026896
v 5.892865 -0.950514 -0.026896
v 5.892865 0.976822 0.036721
v 1.881438 0.976823 0.036721
v 1.881438 1.144709 0.036721
v 5.892865 1.144707 0.036721
v 5.892865 0.976822 -0.024484
v 1.881438 0.976823 -0.024484
v 1.881438 1.144709 -0.024484
v 5.892865 1.144707 -0.024484
v 5.877859 -0.935484 0.014133
v 2.088931 0.877419 0.014133
v 5.877859 -0.935484 -0.014917
v 2.088931 0.877419 -0.014917
v 5.903370 -0.857787 0.014133
v 2.114443 0.955116 0.014133
v 5.903370 -0.857787 -0.014917
v 2.114443 0.955116 -0.014917
v 5.880241 -0.928226 0.014133
v 2.091315 0.884677 0.014133
v 2.112060 0.947859 0.014133
v 5.900987 -0.865044 0.014133
v 5.880241 -0.928226 -0.009219
v 2.091315 0.884677 -0.009219
v 2.112060 0.947859 -0.009219
v 5.900987 -0.865044 -0.009219
v 5.890133 0.898440 0.014133
v 2.127568 -0.945285 0.014133
v 5.890133 0.898440 -0.014917
v 2.127568 -0.945285 -0.014917
v 5.864733 0.976193 0.014133
v 2.102168 -0.867533 0.014133
v 5.864733 0.976193 -0.014917
v 2.102168 -0.867533 -0.014917
v 5.887760 0.905703 0.014133
v 2.125195 -0.938023 0.014133
v 2.104541 -0.874795 0.014133
v 5.867105 0.968931 0.014133
v 5.887760 0.905703 -0.009219
v 2.125195 -0.938023 -0.009219
v 2.104541 -0.874795 -0.009219
v 5.867105 0.968931 -0.009219
v 5.892866 4.118907 0.036721
v 1.881438 4.118909 0.036721
v 5.892866 4.118907 -0.042419
v 1.881438 4.118909 -0.042419
v 5.892866 4.347363 0.036721
v 1.881438 4.347364 0.036721
v 5.892866 4.347363 -0.042419
v 1.881438 4.347364 -0.042419
v 5.892866 2.014738 0.036721
v 1.881438 2.014740 0.036721
v 5.892866 2.014738 -0.042419
v 1.881438 2.014740 -0.042419
v 5.892866 2.243195 0.036721
v 1.881438 2.243196 0.036721
v 5.892866 2.243195 -0.042419
v 1.881438 2.243196 -0.042419
v 5.892866 2.036078 0.036721
v 1.881438 2.036079 0.036721
v 1.881438 2.221858 0.036721
v 5.892866 2.221856 0.036721
v 5.892866 2.036078 -0.026896
v 1.881438 2.036079 -0.026896
v 1.881438 2.221858 -0.026896
v 5.892866 2.221856 -0.026896
v 5.892866 4.149193 0.036721
v 1.881438 4.149194 0.036721
v 1.881438 4.317080 0.036721
v 5.892866 4.317078 0.036721
v 5.892866 4.149193 -0.024484
v 1.881438 4.149194 -0.024484
v 1.881438 4.317080 -0.024484
v 5.892866 4.317078 -0.024484
v 5.877859 2.236887 0.014133
v 2.088932 4.049789 0.014133
v 5.877859 2.236887 -0.014917
v 2.088932 4.049789 -0.014917
v 5.903370 2.314584 0.014133
v 2.114444 4.127486 0.014133
v 5.903370 2.314584 -0.014917
v 2.114444 4.127486 -0.014917
v 5.880242 2.244144 0.014133
v 2.091315 4.057047 0.014133
v 2.112060 4.120229 0.014133
v 5.900988 2.307327 0.014133
v 5.880242 2.244144 -0.009219
v 2.091315 4.057047 -0.009219
v 2.112060 4.120229 -0.009219
v 5.900988 2.307327 -0.009219
v 5.890134 4.070811 0.014133
v 2.127569 2.227085 0.014133
v 5.890134 4.070811 -0.014917
v 2.127569 2.227085 -0.014917
v 5.864734 4.148564 0.014133
v 2.102169 2.304838 0.014133
v 5.864734 4.148564 -0.014917
v 2.102169 2.304838 -0.014917
v 5.887761 4.078073 0.014133
v 2.125196 2.234347 0.014133
v 2.104541 2.297575 0.014133
v 5.867106 4.141302 0.014133
v 5.887761 4.078073 -0.009219
v 2.125196 2.234347 -0.009219
v 2.104541 2.297575 -0.009219
v 5.867106 4.141302 -0.009219
v 5.892867 7.291278 0.036721
v 1.881439 7.291280 0.036721
v 5.892867 7.291278 -0.042419
v 1.881439 7.291280 -0.042419
v 5.892867 7.519734 0.036721
v 1.881439 7.519735 0.036721
v 5.892867 7.519734 -0.042419
v 1.881439 7.519735 -0.042419
v 5.892866 5.187109 0.036721
v 1.881438 5.187111 0.036721
v 5.892866 5.187109 -0.042419
v 1.881438 5.187111 -0.042419
v 5.892866 5.415566 0.036721
v 1.881438 5.415567 0.036721
v 5.892866 5.415566 -0.042419
v 1.881438 5.415567 -0.042419
v 5.892866 5.208449 0.036721
v 1.881438 5.208449 0.036721
v 1.881438 5.394228 0.036721
v 5.892866 5.394228 0.036721
v 5.892866 5.208449 -0.026896
v 1.881438 5.208449 -0.026896
v 1.881438 5.394228 -0.026896
v 5.892866 5.394228 -0.026896
v 5.892867 7.321564 0.036721
v 1.881439 7.321565 0.036721
v 1.881439 7.489450 0.036721
v 5.892867 7.489449 0.036721
v 5.892867 7.321564 -0.024484
v 1.881439 7.321565 -0.024484
v 1.881439 7.489450 -0.024484
v 5.892867 7.489449 -0.024484
v 5.877860 5.409258 0.014133
v 2.088933 7.222160 0.014133
v 5.877860 5.409258 -0.014917
v 2.088933 7.222160 -0.014917
v 5.903371 5.486955 0.014133
v 2.114444 7.299857 0.014133
v 5.903371 5.486955 -0.014917
v 2.114444 7.299857 -0.014917
v 5.880242 5.416515 0.014133
v 2.091316 7.229418 0.014133
v 2.112061 7.292600 0.014133
v 5.900988 5.479698 0.014133
v 5.880242 5.416515 -0.009219
v 2.091316 7.229418 -0.009219
v 2.112061 7.292600 -0.009219
v 5.900988 5.479698 -0.009219
v 5.890134 7.243182 0.014133
v 2.127569 5.399456 0.014133
v 5.890134 7.243182 -0.014917
v 2.127569 5.399456 -0.014917
v 5.864735 7.320935 0.014133
v 2.102169 5.477209 0.014133
v 5.864735 7.320935 -0.014917
v 2.102169 5.477209 -0.014917
v 5.887762 7.250444 0.014133
v 2.125196 5.406718 0.014133
v 2.104542 5.469946 0.014133
v 5.867107 7.313673 0.014133
v 5.887762 7.250444 -0.009219
v 2.125196 5.406718 -0.009219
v 2.104542 5.469946 -0.009219
v 5.867107 7.313673 -0.009219
v 1.951370 -5.398204 0.036721
v -2.060058 -5.398202 0.036721
v 1.951370 -5.398204 -0.042419
v -2.060058 -5.398202 -0.042419
v 1.951370 -5.169748 0.036721
v -2.060058 -5.169746 0.036721
v 1.951370 -5.169748 -0.042419
v -2.060058 -5.169746 -0.042419
v 1.951370 -7.502372 0.036721
v -2.060058 -7.502371 0.036721
v 1.951370 -7.502372 -0.042419
v -2.060058 -7.502371 -0.042419
v 1.951370 -7.273917 0.036721
v -2.060058 -7.273915 0.036721
v 1.951370 -7.273917 -0.042419
v -2.060058 -7.273915 -0.042419
v 1.951370 -7.481033 0.036721
v -2.060058 -7.481032 0.036721
v -2.060058 -7.295253 0.036721
v 1.951370 -7.295255 0.036721
v 1.951370 -7.481033 -0.026896
v -2.060058 -7.481032 -0.026896
v -2.060058 -7.295253 -0.026896
v 1.951370 -7.295255 -0.026896
v 1.951370 -5.367918 0.036721
v -2.060058 -5.367917 0.036721
v -2.060058 -5.200032 0.036721
v 1.951370 -5.200033 0.036721
v 1.951370 -5.367918 -0.024484
v -2.060058 -5.367917 -0.024484
v -2.060058 -5.200032 -0.024484
v 1.951370 -5.200033 -0.024484
v 1.936363 -7.280224 0.014133
v -1.852564 -5.467321 0.014133
v 1.936363 -7.280224 -0.014917
v -1.852564 -5.467321 -0.014917
v 1.961874 -7.202528 0.014133
v -1.827052 -5.389625 0.014133
v 1.961874 -7.202528 -0.014917
v -1.827052 -5.389625 -0.014917
v 1.938746 -7.272967 0.014133
v -1.850181 -5.460064 0.014133
v -1.829435 -5.396882 0.014133
v 1.959492 -7.209785 0.014133
v 1.938746 -7.272967 -0.009219
v -1.850181 -5.460064 -0.009219
v -1.829435 -5.396882 -0.009219
v 1.959492 -7.209785 -0.009219
v 1.948638 -5.446301 0.014133
v -1.813927 -7.290026 0.014133
v 1.948638 -5.446301 -0.014917
v -1.813927 -7.290026 -0.014917
v 1.923238 -5.368547 0.014133
v -1.839327 -7.212273 0.014133
v 1.923238 -5.368547 -0.014917
v -1.839327 -7.212273 -0.014917
v 1.946265 -5.439038 0.014133
v -1.816300 -7.282763 0.014133
v -1.836955 -7.219535 0.014133
v 1.925610 -5.375810 0.014133
v 1.946265 -5.439038 -0.009219
v -1.816300 -7.282763 -0.009219
v -1.836955 -7.219535 -0.009219
v 1.925610 -5.375810 -0.009219
v 1.951371 -2.225833 0.036721
v -2.060057 -2.225832 0.036721
v 1.951371 -2.225833 -0.042419
v -2.060057 -2.225832 -0.042419
v 1.951371 -1.997377 0.036721
v -2.060057 -1.997376 0.036721
v 1.951371 -1.997377 -0.042419
v -2.060057 -1.997376 -0.042419
v 1.951370 -4.330002 0.036721
v -2.060058 -4.330000 0.036721
v 1.951370 -4.330002 -0.042419
v -2.060058 -4.330000 -0.042419
v 1.951370 -4.101546 0.036721
v -2.060057 -4.101544 0.036721
v 1.951370 -4.101546 -0.042419
v -2.060057 -4.101544 -0.042419
v 1.951370 -4.308663 0.036721
v -2.060058 -4.308661 0.036721
v -2.060057 -4.122883 0.036721
v 1.951370 -4.122884 0.036721
v 1.951370 -4.308663 -0.026896
v -2.060058 -4.308661 -0.026896
v -2.060057 -4.122883 -0.026896
v 1.951370 -4.122884 -0.026896
v 1.951371 -2.195548 0.036721
v -2.060057 -2.195546 0.036721
v -2.060057 -2.027661 0.036721
v 1.951371 -2.027662 0.036721
v 1.951371 -2.195548 -0.024484
v -2.060057 -2.195546 -0.024484
v -2.060057 -2.027661 -0.024484
v 1.951371 -2.027662 -0.024484
v 1.936363 -4.107853 0.014133
v -1.852563 -2.294950 0.014133
v 1.936363 -4.107853 -0.014917
v -1.852563 -2.294950 -0.014917
v 1.961875 -4.030157 0.014133
v -1.827052 -2.217254 0.014133
v 1.961875 -4.030157 -0.014917
v -1.827052 -2.217254 -0.014917
v 1.938747 -4.100596 0.014133
v -1.850180 -2.287694 0.014133
v -1.829435 -2.224511 0.014133
v 1.959493 -4.037414 0.014133
v 1.938747 -4.100596 -0.009219
v -1.850180 -2.287694 -0.009219
v -1.829435 -2.224511 -0.009219
v 1.959493 -4.037414 -0.009219
v 1.948638 -2.273930 0.014133
v -1.813927 -4.117655 0.014133
v 1.948638 -2.273930 -0.014917
v -1.813927 -4.117655 -0.014917
v 1.923238 -2.196177 0.014133
v -1.839327 -4.039902 0.014133
v 1.923238 -2.196177 -0.014917
v -1.839327 -4.039902 -0.014917
v 1.946266 -2.266667 0.014133
v -1.816299 -4.110393 0.014133
v -1.836954 -4.047164 0.014133
v 1.925611 -2.203439 0.014133
v 1.946266 -2.266667 -0.009219
v -1.816299 -4.110393 -0.009219
v -1.836954 -4.047164 -0.009219
v 1.925611 -2.203439 -0.009219
v 1.951371 0.946537 0.036721
v -2.060056 0.946539 0.036721
v 1.951371 0.946537 -0.042419
v -2.060056 0.946539 -0.042419
v 1.951371 1.174994 0.036721
v -2.060056 1.174995 0.036721
v 1.951371 1.174994 -0.042419
v -2.060056 1.174995 -0.042419
v 1.951371 -1.157631 0.036721
v -2.060057 -1.157630 0.036721
v 1.951371 -1.157631 -0.042419
v -2.060057 -1.157630 -0.042419
v 1.951371 -0.929175 0.036721
v -2.060057 -0.929174 0.036721
v 1.951371 -0.929175 -0.042419
v -2.060057 -0.929174 -0.042419
v 1.951371 -1.136292 0.036721
v -2.060057 -1.136291 0.036721
v -2.060057 -0.950512 0.036721
v 1.951371 -0.950514 0.036721
v 1.951371 -1.136292 -0.026896
v -2.060057 -1.136291 -0.026896
v -2.060057 -0.950512 -0.026896
v 1.951371 -0.950514 -0.026896
v 1.951371 0.976823 0.036721
v -2.060056 0.976824 0.036721
v -2.060056 1.144709 0.036721
v 1.951371 1.144708 0.036721
v 1.951371 0.976823 -0.024484
v -2.060056 0.976824 -0.024484
v -2.060056 1.144709 -0.024484
v 1.951371 1.144708 -0.024484
v 1.936364 -0.935483 0.014133
v -1.852563 0.877420 0.014133
v 1.936364 -0.935483 -0.014917
v -1.852563 0.877420 -0.014917
v 1.961876 -0.857786 0.014133
v -1.827051 0.955117 0.014133
v 1.961876 -0.857786 -0.014917
v -1.827051 0.955117 -0.014917
v 1.938747 -0.928225 0.014133
v -1.850180 0.884677 0.014133
v -1.829434 0.947860 0.014133
v 1.959494 -0.865043 0.014133
v 1.938747 -0.928225 -0.009219
v -1.850180 0.884677 -0.009219
v -1.829434 0.947860 -0.009219
v 1.959494 -0.865043 -0.009219
v 1.948639 0.898441 0.014133
v -1.813926 -0.945284 0.014133
v 1.948639 0.898441 -0.014917
v -1.813926 -0.945284 -0.014917
v 1.923239 0.976194 0.014133
v -1.839326 -0.867532 0.014133
v 1.923239 0.976194 -0.014917
v -1.839326 -0.867532 -0.014917
v 1.946266 0.905704 0.014133
v -1.816299 -0.938022 0.014133
v -1.836953 -0.874794 0.014133
v 1.925612 0.968931 0.014133
v 1.946266 0.905704 -0.009219
v -1.816299 -0.938022 -0.009219
v -1.836953 -0.874794 -0.009219
v 1.925612 0.968931 -0.009219
v 1.951372 4.118908 0.036721
v -2.060056 4.118910 0.036721
v 1.951372 4.118908 -0.042419
v -2.060056 4.118910 -0.042419
v 1.951372 4.347363 0.036721
v -2.060056 4.347365 0.036721
v 1.951372 4.347363 -0.042419
v -2.060056 4.347365 -0.042419
v 1.951372 2.014739 0.036721
v -2.060056 2.014741 0.036721
v 1.951372 2.014739 -0.042419
v -2.060056 2.014741 -0.042419
v 1.951372 2.243196 0.036721
v -2.060056 2.243197 0.036721
v 1.951372 2.243196 -0.042419
v -2.060056 2.243197 -0.042419
v 1.951372 2.036078 0.036721
v -2.060056 2.036080 0.036721
v -2.060056 2.221859 0.036721
v 1.951372 2.221857 0.036721
v 1.951372 2.036078 -0.026896
v -2.060056 2.036080 -0.026896
v -2.060056 2.221859 -0.026896
v 1.951372 2.221857 -0.026896
v 1.951372 4.149194 0.036721
v -2.060056 4.149195 0.036721
v -2.060056 4.317080 0.036721
v 1.951372 4.317079 0.036721
v 1.951372 4.149194 -0.024484
v -2.060056 4.149195 -0.024484
v -2.060056 4.317080 -0.024484
v 1.951372 4.317079 -0.024484
v 1.936365 2.236888 0.014133
v -1.852562 4.049790 0.014133
v 1.936365 2.236888 -0.014917
v -1.852562 4.049790 -0.014917
v 1.961876 2.314585 0.014133
v -1.827050 4.127487 0.014133
v 1.961876 2.314585 -0.014917
v -1.827050 4.127487 -0.014917
v 1.938748 2.244144 0.014133
v -1.850179 4.057048 0.014133
v -1.829434 4.120230 0.014133
v 1.959494 2.307327 0.014133
v 1.938748 2.244144 -0.009219
v -1.850179 4.057048 -0.009219
v -1.829434 4.120230 -0.009219
v 1.959494 2.307327 -0.009219
v 1.948640 4.070811 0.014133
v -1.813925 2.227086 0.014133
v 1.948640 4.070811 -0.014917
v -1.813925 2.227086 -0.014917
v 1.923240 4.148564 0.014133
v -1.839325 2.304839 0.014133
v 1.923240 4.148564 -0.014917
v -1.839325 2.304839 -0.014917
v 1.946267 4.078074 0.014133
v -1.816298 2.234348 0.014133
v -1.836953 2.297576 0.014133
v 1.925612 4.141302 0.014133
v 1.946267 4.078074 -0.009219
v -1.816298 2.234348 -0.009219
v -1.836953 2.297576 -0.009219
v 1.925612 4.141302 -0.009219
v 1.951373 7.291279 0.036721
v -2.060055 7.291281 0.036721
v 1.951373 7.291279 -0.042419
v -2.060055 7.291281 -0.042419
v 1.951373 7.519734 0.036721
v -2.060055 7.519736 0.036721
v 1.951373 7.519734 -0.042419
v -2.060055 7.519736 -0.042419
v 1.951372 5.187110 0.036721
v -2.060056 5.187112 0.036721
v 1.951372 5.187110 -0.042419
v -2.060056 5.187112 -0.042419
v 1.951372 5.415566 0.036721
v -2.060056 5.415568 0.036721
v 1.951372 5.415566 -0.042419
v -2.060056 5.415568 -0.042419
v 1.951372 5.208449 0.036721
v -2.060056 5.208450 0.036721
v -2.060056 5.394229 0.036721
v 1.951372 5.394228 0.036721
v 1.951372 5.208449 -0.026896
v -2.060056 5.208450 -0.026896
v -2.060056 5.394229 -0.026896
v 1.951372 5.394228 -0.026896
v 1.951373 7.321565 0.036721
v -2.060055 7.321566 0.036721
v -2.060055 7.489451 0.036721
v 1.951373 7.489450 0.036721
v 1.951373 7.321565 -0.024484
v -2.060055 7.321566 -0.024484
v -2.060055 7.489451 -0.024484
v 1.951373 7.489450 -0.024484
v 1.936365 5.409259 0.014133
v -1.852561 7.222161 0.014133
v 1.936365 5.409259 -0.014917
v -1.852561 7.222161 -0.014917
v 1.961877 5.486956 0.014133
v -1.827050 7.299858 0.014133
v 1.961877 5.486956 -0.014917
v -1.827050 7.299858 -0.014917
v 1.938748 5.416515 0.014133
v -1.850178 7.229419 0.014133
v -1.829433 7.292601 0.014133
v 1.959495 5.479698 0.014133
v 1.938748 5.416515 -0.009219
v -1.850178 7.229419 -0.009219
v -1.829433 7.292601 -0.009219
v 1.959495 5.479698 -0.009219
v 1.948640 7.243182 0.014133
v -1.813925 5.399457 0.014133
v 1.948640 7.243182 -0.014917
v -1.813925 5.399457 -0.014917
v 1.923240 7.320935 0.014133
v -1.839325 5.477210 0.014133
v 1.923240 7.320935 -0.014917
v -1.839325 5.477210 -0.014917
v 1.946268 7.250444 0.014133
v -1.816297 5.406719 0.014133
v -1.836952 5.469947 0.014133
v 1.925613 7.313673 0.014133
v 1.946268 7.250444 -0.009219
v -1.816297 5.406719 -0.009219
v -1.836952 5.469947 -0.009219
v 1.925613 7.313673 -0.009219
v -1.990124 -5.398203 0.036721
v -6.001551 -5.398202 0.036721
v -1.990124 -5.398203 -0.042419
v -6.001551 -5.398202 -0.042419
v -1.990124 -5.169747 0.036721
v -6.001551 -5.169745 0.036721
v -1.990124 -5.169747 -0.042419
v -6.001551 -5.169745 -0.042419
v -1.990124 -7.502371 0.036721
v -6.001551 -7.502370 0.036721
v -1.990124 -7.502371 -0.042419
v -6.001551 -7.502370 -0.042419
v -1.990124 -7.273916 0.036721
v -6.001551 -7.273914 0.036721
v -1.990124 -7.273916 -0.042419
v -6.001551 -7.273914 -0.042419
v -1.990124 -7.481032 0.036721
v -6.001551 -7.481031 0.036721
v -6.001551 -7.295253 0.036721
v -1.990124 -7.295254 0.036721
v -1.990124 -7.481032 -0.026896
v -6.001551 -7.481031 -0.026896
v -6.001551 -7.295253 -0.026896
v -1.990124 -7.295254 -0.026896
v -1.990124 -5.367918 0.036721
v -6.001551 -5.367917 0.036721
v -6.001551 -5.200031 0.036721
v -1.990124 -5.200032 0.036721
v -1.990124 -5.367918 -0.024484
v -6.001551 -5.367917 -0.024484
v -6.001551 -5.200031 -0.024484
v -1.990124 -5.200032 -0.024484
v -2.005131 -7.280223 0.014133
v -5.794058 -5.467321 0.014133
v -2.005131 -7.280223 -0.014917
v -5.794058 -5.467321 -0.014917
v -1.979620 -7.202527 0.014133
v -5.768547 -5.389624 0.014133
v -1.979620 -7.202527 -0.014917
v -5.768547 -5.389624 -0.014917
v -2.002748 -7.272966 0.014133
v -5.791676 -5.460063 0.014133
v -5.770929 -5.396881 0.014133
v -1.982002 -7.209784 0.014133
v -2.002748 -7.272966 -0.009219
v -5.791676 -5.460063 -0.009219
v -5.770929 -5.396881 -0.009219
v -1.982002 -7.209784 -0.009219
v -1.992856 -5.446300 0.014133
v -5.755421 -7.290025 0.014133
v -1.992856 -5.446300 -0.014917
v -5.755421 -7.290025 -0.014917
v -2.018256 -5.368546 0.014133
v -5.780821 -7.212273 0.014133
v -2.018256 -5.368546 -0.014917
v -5.780821 -7.212273 -0.014917
v -1.995229 -5.439037 0.014133
v -5.757794 -7.282763 0.014133
v -5.778449 -7.219535 0.014133
v -2.015883 -5.375809 0.014133
v -1.995229 -5.439037 -0.009219
v -5.757794 -7.282763 -0.009219
v -5.778449 -7.219535 -0.009219
v -2.015883 -5.375809 -0.009219
v -1.990123 -2.225832 0.036721
v -6.001550 -2.225831 0.036721
v -1.990123 -2.225832 -0.042419
v -6.001550 -2.225831 -0.042419
v -1.990123 -1.997377 0.036721
v -6.001550 -1.997375 0.036721
v -1.990123 -1.997377 -0.042419
v -6.001550 -1.997375 -0.042419
v -1.990124 -4.330001 0.036721
v -6.001551 -4.329999 0.036721
v -1.990124 -4.330001 -0.042419
v -6.001551 -4.329999 -0.042419
v -1.990124 -4.101545 0.036721
v -6.001551 -4.101543 0.036721
v -1.990124 -4.101545 -0.042419
v -6.001551 -4.101543 -0.042419
v -1.990124 -4.308662 0.036721
v -6.001551 -4.308661 0.036721
v -6.001551 -4.122882 0.036721
v -1.990124 -4.122883 0.036721
v -1.990124 -4.308662 -0.026896
v -6.001551 -4.308661 -0.026896
v -6.001551 -4.122882 -0.026896
v -1.990124 -4.122883 -0.026896
v -1.990123 -2.195547 0.036721
v -6.001550 -2.195545 0.036721
v -6.001550 -2.027660 0.036721
v -1.990123 -2.027661 0.036721
v -1.990123 -2.195547 -0.024484
v -6.001550 -2.195545 -0.024484
v -6.001550 -2.027660 -0.024484
v -1.990123 -2.027661 -0.024484
v -2.005131 -4.107852 0.014133
v -5.794057 -2.294950 0.014133
v -2.005131 -4.107852 -0.014917
v -5.794057 -2.294950 -0.014917
v -1.979619 -4.030156 0.014133
v -5.768547 -2.217253 0.014133
v -1.979619 -4.030156 -0.014917
v -5.768547 -2.217253 -0.014917
v -2.002747 -4.100595 0.014133
v -5.791675 -2.287693 0.014133
v -5.770929 -2.224510 0.014133
v -1.982001 -4.037413 0.014133
v -2.002747 -4.100595 -0.009219
v -5.791675 -2.287693 -0.009219
v -5.770929 -2.224510 -0.009219
v -1.982001 -4.037413 -0.009219
v -1.992856 -2.273929 0.014133
v -5.755421 -4.117655 0.014133
v -1.992856 -2.273929 -0.014917
v -5.755421 -4.117655 -0.014917
v -2.018256 -2.196176 0.014133
v -5.780821 -4.039902 0.014133
v -2.018256 -2.196176 -0.014917
v -5.780821 -4.039902 -0.014917
v -1.995228 -2.266666 0.014133
v -5.757793 -4.110392 0.014133
v -5.778448 -4.047164 0.014133
v -2.015883 -2.203438 0.014133
v -1.995228 -2.266666 -0.009219
v -5.757793 -4.110392 -0.009219
v -5.778448 -4.047164 -0.009219
v -2.015883 -2.203438 -0.009219
v -1.990123 0.946538 0.036721
v -6.001550 0.946540 0.036721
v -1.990123 0.946538 -0.042419
v -6.001550 0.946540 -0.042419
v -1.990123 1.174994 0.036721
v -6.001550 1.174996 0.036721
v -1.990123 1.174994 -0.042419
v -6.001550 1.174996 -0.042419
v -1.990123 -1.157630 0.036721
v -6.001550 -1.157629 0.036721
v -1.990123 -1.157630 -0.042419
v -6.001550 -1.157629 -0.042419
v -1.990123 -0.929174 0.036721
v -6.001550 -0.929173 0.036721
v -1.990123 -0.929174 -0.042419
v -6.001550 -0.929173 -0.042419
v -1.990123 -1.136291 0.036721
v -6.001550 -1.136290 0.036721
v -6.001550 -0.950511 0.036721
v -1.990123 -0.950513 0.036721
v -1.990123 -1.136291 -0.026896
v -6.001550 -1.136290 -0.026896
v -6.001550 -0.950511 -0.026896
v -1.990123 -0.950513 -0.026896
v -1.990123 0.976824 0.036721
v -6.001550 0.976825 0.036721
v -6.001550 1.144710 0.036721
v -1.990123 1.144709 0.036721
v -1.990123 0.976824 -0.024484
v -6.001550 0.976825 -0.024484
v -6.001550 1.144710 -0.024484
v -1.990123 1.144709 -0.024484
v -2.005130 -0.935482 0.014133
v -5.794057 0.877421 0.014133
v -2.005130 -0.935482 -0.014917
v -5.794057 0.877421 -0.014917
v -1.979618 -0.857785 0.014133
v -5.768546 0.955117 0.014133
v -1.979618 -0.857785 -0.014917
v -5.768546 0.955117 -0.014917
v -2.002747 -0.928225 0.014133
v -5.791675 0.884678 0.014133
v -5.770928 0.947860 0.014133
v -1.982000 -0.865042 0.014133
v -2.002747 -0.928225 -0.009219
v -5.791675 0.884678 -0.009219
v -5.770928 0.947860 -0.009219
v -1.982000 -0.865042 -0.009219
v -1.992855 0.898442 0.014133
v -5.755420 -0.945284 0.014133
v -1.992855 0.898442 -0.014917
v -5.755420 -0.945284 -0.014917
v -2.018255 0.976195 0.014133
v -5.780820 -0.867531 0.014133
v -2.018255 0.976195 -0.014917
v -5.780820 -0.867531 -0.014917
v -1.995228 0.905704 0.014133
v -5.757792 -0.938021 0.014133
v -5.778447 -0.874793 0.014133
v -2.015882 0.968932 0.014133
v -1.995228 0.905704 -0.009219
v -5.757792 -0.938021 -0.009219
v -5.778447 -0.874793 -0.009219
v -2.015882 0.968932 -0.009219
v -1.990122 4.118909 0.036721
v -6.001549 4.118910 0.036721
v -1.990122 4.118909 -0.042419
v -6.001549 4.118910 -0.042419
v -1.990122 4.347364 0.036721
v -6.001549 4.347366 0.036721
v -1.990122 4.347364 -0.042419
v -6.001549 4.347366 -0.042419
v -1.990122 2.014740 0.036721
v -6.001549 2.014742 0.036721
v -1.990122 2.014740 -0.042419
v -6.001549 2.014742 -0.042419
v -1.990122 2.243196 0.036721
v -6.001549 2.243198 0.036721
v -1.990122 2.243196 -0.042419
v -6.001549 2.243198 -0.042419
v -1.990122 2.036079 0.036721
v -6.001549 2.036081 0.036721
v -6.001549 2.221859 0.036721
v -1.990122 2.221858 0.036721
v -1.990122 2.036079 -0.026896
v -6.001549 2.036081 -0.026896
v -6.001549 2.221859 -0.026896
v -1.990122 2.221858 -0.026896
v -1.990122 4.149195 0.036721
v -6.001549 4.149195 0.036721
v -6.001549 4.317081 0.036721
v -1.990122 4.317080 0.036721
v -1.990122 4.149195 -0.024484
v -6.001549 4.149195 -0.024484
v -6.001549 4.317081 -0.024484
v -1.990122 4.317080 -0.024484
v -2.005129 2.236889 0.014133
v -5.794056 4.049791 0.014133
v -2.005129 2.236889 -0.014917
v -5.794056 4.049791 -0.014917
v -1.979618 2.314586 0.014133
v -5.768545 4.127488 0.014133
v -1.979618 2.314586 -0.014917
v -5.768545 4.127488 -0.014917
v -2.002746 2.244145 0.014133
v -5.791674 4.057048 0.014133
v -5.770927 4.120230 0.014133
v -1.982000 2.307328 0.014133
v -2.002746 2.244145 -0.009219
v -5.791674 4.057048 -0.009219
v -5.770927 4.120230 -0.009219
v -1.982000 2.307328 -0.009219
v -1.992854 4.070812 0.014133
v -5.755419 2.227087 0.014133
v -1.992854 4.070812 -0.014917
v -5.755419 2.227087 -0.014917
v -2.018255 4.148565 0.014133
v -5.780819 2.304840 0.014133
v -2.018255 4.148565 -0.014917
v -5.780819 2.304840 -0.014917
v -1.995227 4.078074 0.014133
v -5.757792 2.234349 0.014133
v -5.778447 2.297577 0.014133
v -2.015882 4.141303 0.014133
v -1.995227 4.078074 -0.009219
v -5.757792 2.234349 -0.009219
v -5.778447 2.297577 -0.009219
v -2.015882 4.141303 -0.009219
v -1.990121 7.291280 0.036721
v -6.001548 7.291281 0.036721
v -1.990121 7.291280 -0.042419
v -6.001548 7.291281 -0.042419
v -1.990121 7.519735 0.036721
v -6.001548 7.519737 0.036721
v -1.990121 7.519735 -0.042419
v -6.001548 7.519737 -0.042419
v -1.990122 5.187111 0.036721
v -6.001549 5.187112 0.036721
v -1.990122 5.187111 -0.042419
v -6.001549 5.187112 -0.042419
v -1.990122 5.415567 0.036721
v -6.001549 5.415569 0.036721
v -1.990122 5.415567 -0.042419
v -6.001549 5.415569 -0.042419
v -1.990122 5.208450 0.036721
v -6.001549 5.208451 0.036721
v -6.001549 5.394229 0.036721
v -1.990122 5.394229 0.036721
v -1.990122 5.208450 -0.026896
v -6.001549 5.208451 -0.026896
v -6.001549 5.394229 -0.026896
v -1.990122 5.394229 -0.026896
v -1.990121 7.321566 0.036721
v -6.001548 7.321566 0.036721
v -6.001548 7.489452 0.036721
v -1.990121 7.489450 0.036721
v -1.990121 7.321566 -0.024484
v -6.001548 7.321566 -0.024484
v -6.001548 7.489452 -0.024484
v -1.990121 7.489450 -0.024484
v -2.005129 5.409260 0.014133
v -5.794055 7.222162 0.014133
v -2.005129 5.409260 -0.014917
v -5.794055 7.222162 -0.014917
v -1.979617 5.486957 0.014133
v -5.768545 7.299859 0.014133
v -1.979617 5.486957 -0.014917
v -5.768545 7.299859 -0.014917
v -2.002746 5.416516 0.014133
v -5.791673 7.229419 0.014133
v -5.770927 7.292601 0.014133
v -1.981999 5.479699 0.014133
v -2.002746 5.416516 -0.009219
v -5.791673 7.229419 -0.009219
v -5.770927 7.292601 -0.009219
v -1.981999 5.479699 -0.009219
v -1.992854 7.243183 0.014133
v -5.755419 5.399457 0.014133
v -1.992854 7.243183 -0.014917
v -5.755419 5.399457 -0.014917
v -2.018254 7.320936 0.014133
v -5.780819 5.477211 0.014133
v -2.018254 7.320936 -0.014917
v -5.780819 5.477211 -0.014917
v -1.995226 7.250445 0.014133
v -5.757792 5.406720 0.014133
v -5.778446 5.469947 0.014133
v -2.015881 7.313674 0.014133
v -1.995226 7.250445 -0.009219
v -5.757792 5.406720 -0.009219
v -5.778446 5.469947 -0.009219
v -2.015881 7.313674 -0.009219
v -5.931618 -5.398203 0.036721
v -9.943045 -5.398201 0.036721
v -5.931618 -5.398203 -0.042419
v -9.943045 -5.398201 -0.042419
v -5.931618 -5.169746 0.036721
v -9.943045 -5.169744 0.036721
v -5.931618 -5.169746 -0.042419
v -9.943045 -5.169744 -0.042419
v -5.931618 -7.502371 0.036721
v -9.943046 -7.502369 0.036721
v -5.931618 -7.502371 -0.042419
v -9.943046 -7.502369 -0.042419
v -5.931618 -7.273915 0.036721
v -9.943045 -7.273913 0.036721
v -5.931618 -7.273915 -0.042419
v -9.943045 -7.273913 -0.042419
v -5.931618 -7.481032 0.036721
v -9.943046 -7.481030 0.036721
v -9.943045 -7.295252 0.036721
v -5.931618 -7.295254 0.036721
v -5.931618 -7.481032 -0.026896
v -9.943046 -7.481030 -0.026896
v -9.943045 -7.295252 -0.026896
v -5.931618 -7.295254 -0.026896
v -5.931618 -5.367917 0.036721
v -9.943045 -5.367916 0.036721
v -9.943045 -5.200030 0.036721
v -5.931618 -5.200032 0.036721
v -5.931618 -5.367917 -0.024484
v -9.943045 -5.367916 -0.024484
v -9.943045 -5.200030 -0.024484
v -5.931618 -5.200032 -0.024484
v -5.946625 -7.280223 0.014133
v -9.735552 -5.467320 0.014133
v -5.946625 -7.280223 -0.014917
v -9.735552 -5.467320 -0.014917
v -5.921113 -7.202526 0.014133
v -9.710041 -5.389623 0.014133
v -5.921113 -7.202526 -0.014917
v -9.710041 -5.389623 -0.014917
v -5.944241 -7.272965 0.014133
v -9.733170 -5.460063 0.014133
v -9.712423 -5.396880 0.014133
v -5.923497 -7.209783 0.014133
v -5.944241 -7.272965 -0.009219
v -9.733170 -5.460063 -0.009219
v -9.712423 -5.396880 -0.009219
v -5.923497 -7.209783 -0.009219
v -5.934351 -5.446299 0.014133
v -9.696915 -7.290024 0.014133
v -5.934351 -5.446299 -0.014917
v -9.696915 -7.290024 -0.014917
v -5.959749 -5.368546 0.014133
v -9.722315 -7.212272 0.014133
v -5.959749 -5.368546 -0.014917
v -9.722315 -7.212272 -0.014917
v -5.936722 -5.439036 0.014133
v -9.699287 -7.282762 0.014133
v -9.719942 -7.219534 0.014133
v -5.957376 -5.375809 0.014133
v -5.936722 -5.439036 -0.009219
v -9.699287 -7.282762 -0.009219
v -9.719942 -7.219534 -0.009219
v -5.957376 -5.375809 -0.009219
v -5.931617 -2.225832 0.036721
v -9.943044 -2.225830 0.036721
v -5.931617 -2.225832 -0.042419
v -9.943044 -2.225830 -0.042419
v -5.931617 -1.997376 0.036721
v -9.943044 -1.997374 0.036721
v -5.931617 -1.997376 -0.042419
v -9.943044 -1.997374 -0.042419
v -5.931618 -4.330000 0.036721
v -9.943045 -4.329998 0.036721
v -5.931618 -4.330000 -0.042419
v -9.943045 -4.329998 -0.042419
v -5.931618 -4.101544 0.036721
v -9.943045 -4.101542 0.036721
v -5.931618 -4.101544 -0.042419
v -9.943045 -4.101542 -0.042419
v -5.931618 -4.308661 0.036721
v -9.943045 -4.308660 0.036721
v -9.943045 -4.122881 0.036721
v -5.931618 -4.122883 0.036721
v -5.931618 -4.308661 -0.026896
v -9.943045 -4.308660 -0.026896
v -9.943045 -4.122881 -0.026896
v -5.931618 -4.122883 -0.026896
v -5.931617 -2.195546 0.036721
v -9.943044 -2.195545 0.036721
v -9.943044 -2.027659 0.036721
v -5.931617 -2.027661 0.036721
v -5.931617 -2.195546 -0.024484
v -9.943044 -2.195545 -0.024484
v -9.943044 -2.027659 -0.024484
v -5.931617 -2.027661 -0.024484
v -5.946625 -4.107852 0.014133
v -9.735551 -2.294949 0.014133
v -5.946625 -4.107852 -0.014917
v -9.735551 -2.294949 -0.014917
v -5.921112 -4.030155 0.014133
v -9.710040 -2.217252 0.014133
v -5.921112 -4.030155 -0.014917
v -9.710040 -2.217252 -0.014917
v -5.944241 -4.100595 0.014133
v -9.733169 -2.287692 0.014133
v -9.712422 -2.224509 0.014133
v -5.923496 -4.037413 0.014133
v -5.944241 -4.100595 -0.009219
v -9.733169 -2.287692 -0.009219
v -9.712422 -2.224509 -0.009219
v -5.923496 -4.037413 -0.009219
v -5.934350 -2.273928 0.014133
v -9.696915 -4.117654 0.014133
v -5.934350 -2.273928 -0.014917
v -9.696915 -4.117654 -0.014917
v -5.959749 -2.196175 0.014133
v -9.722315 -4.039901 0.014133
v -5.959749 -2.196175 -0.014917
v -9.722315 -4.039901 -0.014917
v -5.936721 -2.266665 0.014133
v -9.699287 -4.110391 0.014133
v -9.719942 -4.047163 0.014133
v -5.957376 -2.203438 0.014133
v -5.936721 -2.266665 -0.009219
v -9.699287 -4.110391 -0.009219
v -9.719942 -4.047163 -0.009219
v -5.957376 -2.203438 -0.009219
v -5.931617 0.946539 0.036721
v -9.943044 0.946540 0.036721
v -5.931617 0.946539 -0.042419
v -9.943044 0.946540 -0.042419
v -5.931617 1.174995 0.036721
v -9.943044 1.174997 0.036721
v -5.931617 1.174995 -0.042419
v -9.943044 1.174997 -0.042419
v -5.931617 -1.157629 0.036721
v -9.943044 -1.157628 0.036721
v -5.931617 -1.157629 -0.042419
v -9.943044 -1.157628 -0.042419
v -5.931617 -0.929174 0.036721
v -9.943044 -0.929172 0.036721
v -5.931617 -0.929174 -0.042419
v -9.943044 -0.929172 -0.042419
v -5.931617 -1.136290 0.036721
v -9.943044 -1.136289 0.036721
v -9.943044 -0.950511 0.036721
v -5.931617 -0.950512 0.036721
v -5.931617 -1.136290 -0.026896
v -9.943044 -1.136289 -0.026896
v -9.943044 -0.950511 -0.026896
v -5.931617 -0.950512 -0.026896
v -5.931617 0.976824 0.036721
v -9.943044 0.976826 0.036721
v -9.943044 1.144711 0.036721
v -5.931617 1.144710 0.036721
v -5.931617 0.976824 -0.024484
v -9.943044 0.976826 -0.024484
v -9.943044 1.144711 -0.024484
v -5.931617 1.144710 -0.024484
v -5.946624 -0.935481 0.014133
v -9.735551 0.877421 0.014133
v -5.946624 -0.935481 -0.014917
v -9.735551 0.877421 -0.014917
v -5.921111 -0.857785 0.014133
v -9.710040 0.955118 0.014133
v -5.921111 -0.857785 -0.014917
v -9.710040 0.955118 -0.014917
v -5.944240 -0.928224 0.014133
v -9.733169 0.884679 0.014133
v -9.712422 0.947861 0.014133
v -5.923495 -0.865042 0.014133
v -5.944240 -0.928224 -0.009219
v -9.733169 0.884679 -0.009219
v -9.712422 0.947861 -0.009219
v -5.923495 -0.865042 -0.009219
v -5.934350 0.898442 0.014133
v -9.696914 -0.945283 0.014133
v -5.934350 0.898442 -0.014917
v -9.696914 -0.945283 -0.014917
v -5.959748 0.976196 0.014133
v -9.722314 -0.867530 0.014133
v -5.959748 0.976196 -0.014917
v -9.722314 -0.867530 -0.014917
v -5.936721 0.905705 0.014133
v -9.699286 -0.938020 0.014133
v -9.719941 -0.874793 0.014133
v -5.957376 0.968933 0.014133
v -5.936721 0.905705 -0.009219
v -9.699286 -0.938020 -0.009219
v -9.719941 -0.874793 -0.009219
v -5.957376 0.968933 -0.009219
v -5.931616 4.118909 0.036721
v -9.943043 4.118911 0.036721
v -5.931616 4.118909 -0.042419
v -9.943043 4.118911 -0.042419
v -5.931616 4.347365 0.036721
v -9.943043 4.347367 0.036721
v -5.931616 4.347365 -0.042419
v -9.943043 4.347367 -0.042419
v -5.931616 2.014741 0.036721
v -9.943044 2.014742 0.036721
v -5.931616 2.014741 -0.042419
v -9.943044 2.014742 -0.042419
v -5.931616 2.243197 0.036721
v -9.943044 2.243199 0.036721
v -5.931616 2.243197 -0.042419
v -9.943044 2.243199 -0.042419
v -5.931616 2.036080 0.036721
v -9.943044 2.036081 0.036721
v -9.943044 2.221860 0.036721
v -5.931616 2.221859 0.036721
v -5.931616 2.036080 -0.026896
v -9.943044 2.036081 -0.026896
v -9.943044 2.221860 -0.026896
v -5.931616 2.221859 -0.026896
v -5.931616 4.149195 0.036721
v -9.943043 4.149196 0.036721
v -9.943043 4.317082 0.036721
v -5.931616 4.317080 0.036721
v -5.931616 4.149195 -0.024484
v -9.943043 4.149196 -0.024484
v -9.943043 4.317082 -0.024484
v -5.931616 4.317080 -0.024484
v -5.946623 2.236890 0.014133
v -9.735550 4.049792 0.014133
v -5.946623 2.236890 -0.014917
v -9.735550 4.049792 -0.014917
v -5.921111 2.314586 0.014133
v -9.710039 4.127489 0.014133
v -5.921111 2.314586 -0.014917
v -9.710039 4.127489 -0.014917
v -5.944239 2.244146 0.014133
v -9.733168 4.057049 0.014133
v -9.712421 4.120231 0.014133
v -5.923495 2.307329 0.014133
v -5.944239 2.244146 -0.009219
v -9.733168 4.057049 -0.009219
v -9.712421 4.120231 -0.009219
v -5.923495 2.307329 -0.009219
v -5.934349 4.070813 0.014133
v -9.696914 2.227087 0.014133
v -5.934349 4.070813 -0.014917
v -9.696914 2.227087 -0.014917
v -5.959747 4.148566 0.014133
v -9.722314 2.304841 0.014133
v -5.959747 4.148566 -0.014917
v -9.722314 2.304841 -0.014917
v -5.936720 4.078075 0.014133
v -9.699286 2.234350 0.014133
v -9.719941 2.297577 0.014133
v -5.957375 4.141304 0.014133
v -5.936720 4.078075 -0.009219
v -9.699286 2.234350 -0.009219
v -9.719941 2.297577 -0.009219
v -5.957375 4.141304 -0.009219
v -5.931615 7.291280 0.036721
v -9.943043 7.291282 0.036721
v -5.931615 7.291280 -0.042419
v -9.943043 7.291282 -0.042419
v -5.931615 7.519736 0.036721
v -9.943042 7.519738 0.036721
v -5.931615 7.519736 -0.042419
v -9.943042 7.519738 -0.042419
v -5.931616 5.187111 0.036721
v -9.943043 5.187113 0.036721
v -5.931616 5.187111 -0.042419
v -9.943043 5.187113 -0.042419
v -5.931616 5.415568 0.036721
v -9.943043 5.415570 0.036721
v -5.931616 5.415568 -0.042419
v -9.943043 5.415570 -0.042419
v -5.931616 5.208451 0.036721
v -9.943043 5.208452 0.036721
v -9.943043 5.394230 0.036721
v -5.931616 5.394229 0.036721
v -5.931616 5.208451 -0.026896
v -9.943043 5.208452 -0.026896
v -9.943043 5.394230 -0.026896
v -5.931616 5.394229 -0.026896
v -5.931615 7.321566 0.036721
v -9.943043 7.321567 0.036721
v -9.943042 7.489453 0.036721
v -5.931615 7.489451 0.036721
v -5.931615 7.321566 -0.024484
v -9.943043 7.321567 -0.024484
v -9.943042 7.489453 -0.024484
v -5.931615 7.489451 -0.024484
v -5.946623 5.409260 0.014133
v -9.735550 7.222163 0.014133
v -5.946623 5.409260 -0.014917
v -9.735550 7.222163 -0.014917
v -5.921110 5.486957 0.014133
v -9.710039 7.299860 0.014133
v -5.921110 5.486957 -0.014917
v -9.710039 7.299860 -0.014917
v -5.944239 5.416517 0.014133
v -9.733168 7.229420 0.014133
v -9.712421 7.292602 0.014133
v -5.923494 5.479700 0.014133
v -5.944239 5.416517 -0.009219
v -9.733168 7.229420 -0.009219
v -9.712421 7.292602 -0.009219
v -5.923494 5.479700 -0.009219
v -5.934349 7.243184 0.014133
v -9.696913 5.399458 0.014133
v -5.934349 7.243184 -0.014917
v -9.696913 5.399458 -0.014917
v -5.959747 7.320937 0.014133
v -9.722313 5.477211 0.014133
v -5.959747 7.320937 -0.014917
v -9.722313 5.477211 -0.014917
v -5.936719 7.250446 0.014133
v -9.699286 5.406721 0.014133
v -9.719940 5.469948 0.014133
v -5.957374 7.313674 0.014133
v -5.936719 7.250446 -0.009219
v -9.699286 5.406721 -0.009219
v -9.719940 5.469948 -0.009219
v -5.957374 7.313674 -0.009219
v -9.873112 -5.398202 0.036721
v -13.884539 -5.398200 0.036721
v -9.873112 -5.398202 -0.042419
v -13.884539 -5.398200 -0.042419
v -9.873112 -5.169745 0.036721
v -13.884539 -5.169744 0.036721
v -9.873112 -5.169745 -0.042419
v -13.884539 -5.169744 -0.042419
v -9.873113 -7.502370 0.036721
v -13.884540 -7.502368 0.036721
v -9.873113 -7.502370 -0.042419
v -13.884540 -7.502368 -0.042419
v -9.873112 -7.273914 0.036721
v -13.884539 -7.273912 0.036721
v -9.873112 -7.273914 -0.042419
v -13.884539 -7.273912 -0.042419
v -9.873113 -7.481031 0.036721
v -13.884540 -7.481030 0.036721
v -13.884539 -7.295251 0.036721
v -9.873112 -7.295253 0.036721
v -9.873113 -7.481031 -0.026896
v -13.884540 -7.481030 -0.026896
v -13.884539 -7.295251 -0.026896
v -9.873112 -7.295253 -0.026896
v -9.873112 -5.367916 0.036721
v -13.884539 -5.367915 0.036721
v -13.884539 -5.200029 0.036721
v -9.873112 -5.200031 0.036721
v -9.873112 -5.367916 -0.024484
v -13.884539 -5.367915 -0.024484
v -13.884539 -5.200029 -0.024484
v -9.873112 -5.200031 -0.024484
v -9.888119 -7.280222 0.014133
v -13.677046 -5.467319 0.014133
v -9.888119 -7.280222 -0.014917
v -13.677046 -5.467319 -0.014917
v -9.862606 -7.202525 0.014133
v -13.651535 -5.389622 0.014133
v -9.862606 -7.202525 -0.014917
v -13.651535 -5.389622 -0.014917
v -9.885735 -7.272964 0.014133
v -13.674664 -5.460062 0.014133
v -13.653917 -5.396879 0.014133
v -9.864990 -7.209782 0.014133
v -9.885735 -7.272964 -0.009219
v -13.674664 -5.460062 -0.009219
v -13.653917 -5.396879 -0.009219
v -9.864990 -7.209782 -0.009219
v -9.875845 -5.446298 0.014133
v -13.638409 -7.290023 0.014133
v -9.875845 -5.446298 -0.014917
v -13.638409 -7.290023 -0.014917
v -9.901243 -5.368545 0.014133
v -13.663809 -7.212271 0.014133
v -9.901243 -5.368545 -0.014917
v -13.663809 -7.212271 -0.014917
v -9.878216 -5.439035 0.014133
v -13.640781 -7.282761 0.014133
v -13.661436 -7.219533 0.014133
v -9.898870 -5.375808 0.014133
v -9.878216 -5.439035 -0.009219
v -13.640781 -7.282761 -0.009219
v -13.661436 -7.219533 -0.009219
v -9.898870 -5.375808 -0.009219
v -9.873111 -2.225831 0.036721
v -13.884538 -2.225829 0.036721
v -9.873111 -2.225831 -0.042419
v -13.884538 -2.225829 -0.042419
v -9.873111 -1.997375 0.036721
v -13.884538 -1.997373 0.036721
v -9.873111 -1.997375 -0.042419
v -13.884538 -1.997373 -0.042419
v -9.873112 -4.329999 0.036721
v -13.884539 -4.329998 0.036721
v -9.873112 -4.329999 -0.042419
v -13.884539 -4.329998 -0.042419
v -9.873112 -4.101543 0.036721
v -13.884539 -4.101542 0.036721
v -9.873112 -4.101543 -0.042419
v -13.884539 -4.101542 -0.042419
v -9.873112 -4.308661 0.036721
v -13.884539 -4.308659 0.036721
v -13.884539 -4.122880 0.036721
v -9.873112 -4.122882 0.036721
v -9.873112 -4.308661 -0.026896
v -13.884539 -4.308659 -0.026896
v -13.884539 -4.122880 -0.026896
v -9.873112 -4.122882 -0.026896
v -9.873111 -2.195545 0.036721
v -13.884538 -2.195544 0.036721
v -13.884538 -2.027659 0.036721
v -9.873111 -2.027660 0.036721
v -9.873111 -2.195545 -0.024484
v -13.884538 -2.195544 -0.024484
v -13.884538 -2.027659 -0.024484
v -9.873111 -2.027660 -0.024484
v -9.888119 -4.107851 0.014133
v -13.677045 -2.294948 0.014133
v -9.888119 -4.107851 -0.014917
v -13.677045 -2.294948 -0.014917
v -9.862606 -4.030154 0.014133
v -13.651534 -2.217252 0.014133
v -9.862606 -4.030154 -0.014917
v -13.651534 -2.217252 -0.014917
v -9.885735 -4.100594 0.014133
v -13.674663 -2.287691 0.014133
v -13.653916 -2.224509 0.014133
v -9.864990 -4.037412 0.014133
v -9.885735 -4.100594 -0.009219
v -13.674663 -2.287691 -0.009219
v -13.653916 -2.224509 -0.009219
v -9.864990 -4.037412 -0.009219
v -9.875844 -2.273927 0.014133
v -13.638409 -4.117653 0.014133
v -9.875844 -2.273927 -0.014917
v -13.638409 -4.117653 -0.014917
v -9.901242 -2.196175 0.014133
v -13.663809 -4.039900 0.014133
v -9.901242 -2.196175 -0.014917
v -13.663809 -4.039900 -0.014917
v -9.878215 -2.266665 0.014133
v -13.640781 -4.110390 0.014133
v -13.661436 -4.047162 0.014133
v -9.898870 -2.203437 0.014133
v -9.878215 -2.266665 -0.009219
v -13.640781 -4.110390 -0.009219
v -13.661436 -4.047162 -0.009219
v -9.898870 -2.203437 -0.009219
v -9.873111 0.946539 0.036721
v -13.884538 0.946541 0.036721
v -9.873111 0.946539 -0.042419
v -13.884538 0.946541 -0.042419
v -9.873111 1.174996 0.036721
v -13.884538 1.174998 0.036721
v -9.873111 1.174996 -0.042419
v -13.884538 1.174998 -0.042419
v -9.873111 -1.157629 0.036721
v -13.884538 -1.157627 0.036721
v -9.873111 -1.157629 -0.042419
v -13.884538 -1.157627 -0.042419
v -9.873111 -0.929173 0.036721
v -13.884538 -0.929171 0.036721
v -9.873111 -0.929173 -0.042419
v -13.884538 -0.929171 -0.042419
v -9.873111 -1.136290 0.036721
v -13.884538 -1.136288 0.036721
v -13.884538 -0.950510 0.036721
v -9.873111 -0.950511 0.036721
v -9.873111 -1.136290 -0.026896
v -13.884538 -1.136288 -0.026896
v -13.884538 -0.950510 -0.026896
v -9.873111 -0.950511 -0.026896
v -9.873111 0.976825 0.036721
v -13.884538 0.976826 0.036721
v -13.884538 1.144712 0.036721
v -9.873111 1.144711 0.036721
v -9.873111 0.976825 -0.024484
v -13.884538 0.976826 -0.024484
v -13.884538 1.144712 -0.024484
v -9.873111 1.144711 -0.024484
v -9.888118 -0.935481 0.014133
v -13.677045 0.877422 0.014133
v -9.888118 -0.935481 -0.014917
v -13.677045 0.877422 -0.014917
v -9.862605 -0.857784 0.014133
v -13.651534 0.955119 0.014133
v -9.862605 -0.857784 -0.014917
v -13.651534 0.955119 -0.014917
v -9.885734 -0.928223 0.014133
v -13.674663 0.884680 0.014133
v -13.653916 0.947862 0.014133
v -9.864989 -0.865041 0.014133
v -9.885734 -0.928223 -0.009219
v -13.674663 0.884680 -0.009219
v -13.653916 0.947862 -0.009219
v -9.864989 -0.865041 -0.009219
v -9.875844 0.898443 0.014133
v -13.638408 -0.945282 0.014133
v -9.875844 0.898443 -0.014917
v -13.638408 -0.945282 -0.014917
v -9.901242 0.976196 0.014133
v -13.663808 -0.867530 0.014133
v -9.901242 0.976196 -0.014917
v -13.663808 -0.867530 -0.014917
v -9.878215 0.905706 0.014133
v -13.640780 -0.938019 0.014133
v -13.661435 -0.874792 0.014133
v -9.898870 0.968934 0.014133
v -9.878215 0.905706 -0.009219
v -13.640780 -0.938019 -0.009219
v -13.661435 -0.874792 -0.009219
v -9.898870 0.968934 -0.009219
v -9.873110 4.118910 0.036721
v -13.884537 4.118912 0.036721
v -9.873110 4.118910 -0.042419
v -13.884537 4.118912 -0.042419
v -9.873110 4.347366 0.036721
v -13.884537 4.347368 0.036721
v -9.873110 4.347366 -0.042419
v -13.884537 4.347368 -0.042419
v -9.873111 2.014741 0.036721
v -13.884538 2.014743 0.036721
v -9.873111 2.014741 -0.042419
v -13.884538 2.014743 -0.042419
v -9.873111 2.243198 0.036721
v -13.884538 2.243200 0.036721
v -9.873111 2.243198 -0.042419
v -13.884538 2.243200 -0.042419
v -9.873111 2.036081 0.036721
v -13.884538 2.036082 0.036721
v -13.884538 2.221861 0.036721
v -9.873111 2.221859 0.036721
v -9.873111 2.036081 -0.026896
v -13.884538 2.036082 -0.026896
v -13.884538 2.221861 -0.026896
v -9.873111 2.221859 -0.026896
v -9.873110 4.149196 0.036721
v -13.884537 4.149197 0.036721
v -13.884537 4.317083 0.036721
v -9.873110 4.317081 0.036721
v -9.873110 4.149196 -0.024484
v -13.884537 4.149197 -0.024484
v -13.884537 4.317083 -0.024484
v -9.873110 4.317081 -0.024484
v -9.888118 2.236890 0.014133
v -13.677044 4.049793 0.014133
v -9.888118 2.236890 -0.014917
v -13.677044 4.049793 -0.014917
v -9.862605 2.314587 0.014133
v -13.651533 4.127490 0.014133
v -9.862605 2.314587 -0.014917
v -13.651533 4.127490 -0.014917
v -9.885734 2.244147 0.014133
v -13.674662 4.057050 0.014133
v -13.653915 4.120232 0.014133
v -9.864989 2.307330 0.014133
v -9.885734 2.244147 -0.009219
v -13.674662 4.057050 -0.009219
v -13.653915 4.120232 -0.009219
v -9.864989 2.307330 -0.009219
v -9.875843 4.070814 0.014133
v -13.638408 2.227088 0.014133
v -9.875843 4.070814 -0.014917
v -13.638408 2.227088 -0.014917
v -9.901241 4.148567 0.014133
v -13.663808 2.304841 0.014133
v -9.901241 4.148567 -0.014917
v -13.663808 2.304841 -0.014917
v -9.878214 4.078076 0.014133
v -13.640780 2.234350 0.014133
v -13.661435 2.297578 0.014133
v -9.898869 4.141304 0.014133
v -9.878214 4.078076 -0.009219
v -13.640780 2.234350 -0.009219
v -13.661435 2.297578 -0.009219
v -9.898869 4.141304 -0.009219
v -9.873110 7.291281 0.036721
v -13.884537 7.291283 0.036721
v -9.873110 7.291281 -0.042419
v -13.884537 7.291283 -0.042419
v -9.873109 7.519737 0.036721
v -13.884536 7.519739 0.036721
v -9.873109 7.519737 -0.042419
v -13.884536 7.519739 -0.042419
v -9.873110 5.187112 0.036721
v -13.884537 5.187114 0.036721
v -9.873110 5.187112 -0.042419
v -13.884537 5.187114 -0.042419
v -9.873110 5.415569 0.036721
v -13.884537 5.415571 0.036721
v -9.873110 5.415569 -0.042419
v -13.884537 5.415571 -0.042419
v -9.873110 5.208452 0.036721
v -13.884537 5.208453 0.036721
v -13.884537 5.394231 0.036721
v -9.873110 5.394230 0.036721
v -9.873110 5.208452 -0.026896
v -13.884537 5.208453 -0.026896
v -13.884537 5.394231 -0.026896
v -9.873110 5.394230 -0.026896
v -9.873110 7.321567 0.036721
v -13.884537 7.321568 0.036721
v -13.884536 7.489454 0.036721
v -9.873109 7.489452 0.036721
v -9.873110 7.321567 -0.024484
v -13.884537 7.321568 -0.024484
v -13.884536 7.489454 -0.024484
v -9.873109 7.489452 -0.024484
v -9.888117 5.409261 0.014133
v -13.677044 7.222164 0.014133
v -9.888117 5.409261 -0.014917
v -13.677044 7.222164 -0.014917
v -9.862604 5.486958 0.014133
v -13.651533 7.299860 0.014133
v -9.862604 5.486958 -0.014917
v -13.651533 7.299860 -0.014917
v -9.885733 5.416518 0.014133
v -13.674662 7.229421 0.014133
v -13.653915 7.292603 0.014133
v -9.864988 5.479701 0.014133
v -9.885733 5.416518 -0.009219
v -13.674662 7.229421 -0.009219
v -13.653915 7.292603 -0.009219
v -9.864988 5.479701 -0.009219
v -9.875843 7.243185 0.014133
v -13.638407 5.399459 0.014133
v -9.875843 7.243185 -0.014917
v -13.638407 5.399459 -0.014917
v -9.901241 7.320938 0.014133
v -13.663807 5.477212 0.014133
v -9.901241 7.320938 -0.014917
v -13.663807 5.477212 -0.014917
v -9.878214 7.250447 0.014133
v -13.640779 5.406722 0.014133
v -13.661434 5.469949 0.014133
v -9.898869 7.313675 0.014133
v -9.878214 7.250447 -0.009219
v -13.640779 5.406722 -0.009219
v -13.661434 5.469949 -0.009219
v -9.898869 7.313675 -0.009219
v -13.924573 -8.108548 0.164757
v -13.924573 7.860168 0.164757
v -13.924573 -8.108548 -0.192353
v -13.924573 7.860168 -0.192353
v -13.567464 -8.108548 0.164757
v -13.567464 7.860168 0.164757
v -13.567464 -8.108548 -0.192353
v -13.567464 7.860168 -0.192353
v -13.924573 -8.108548 -0.142463
v -13.924573 -8.108548 0.114868
v -13.924573 7.860168 0.114868
v -13.924573 7.860168 -0.142463
v -13.567464 7.860168 -0.142463
v -13.567464 -8.108548 -0.142463
v -13.567464 -8.108548 0.114868
v -13.567464 7.860168 0.114868
v -13.835807 -8.108548 -0.142463
v -13.835807 -8.108548 0.114868
v -13.835807 7.860168 0.114868
v -13.835807 7.860168 -0.142463
v -13.682033 7.860168 -0.142463
v -13.682033 -8.108548 -0.142463
v -13.682033 -8.108548 0.114868
v -13.682033 7.860168 0.114868
v -9.996373 -8.108548 0.164756
v -9.996373 7.860168 0.164756
v -9.996373 -8.108548 -0.192353
v -9.996373 7.860168 -0.192353
v -9.639264 -8.108548 0.164756
v -9.639264 7.860168 0.164756
v -9.639264 -8.108548 -0.192353
v -9.639264 7.860168 -0.192353
v -9.996373 -8.108548 -0.142464
v -9.996373 -8.108548 0.114867
v -9.996373 7.860167 0.114867
v -9.996373 7.860167 -0.142464
v -9.639264 7.860167 -0.142464
v -9.639264 -8.108548 -0.142464
v -9.639264 -8.108548 0.114867
v -9.639264 7.860167 0.114867
v -9.907607 -8.108548 -0.142464
v -9.907607 -8.108548 0.114867
v -9.907607 7.860167 0.114867
v -9.907607 7.860167 -0.142464
v -9.753833 7.860167 -0.142464
v -9.753833 -8.108548 -0.142464
v -9.753833 -8.108548 0.114867
v -9.753833 7.860167 0.114867
v -6.068173 -8.108548 0.164756
v -6.068174 7.860168 0.164756
v -6.068173 -8.108548 -0.192354
v -6.068174 7.860168 -0.192354
v -5.711064 -8.108548 0.164756
v -5.711065 7.860168 0.164756
v -5.711064 -8.108548 -0.192354
v -5.711065 7.860168 -0.192354
v -6.068173 -8.108548 -0.142464
v -6.068173 -8.108548 0.114867
v -6.068174 7.860167 0.114867
v -6.068174 7.860167 -0.142464
v -5.711065 7.860167 -0.142464
v -5.711064 -8.108548 -0.142464
v -5.711064 -8.108548 0.114867
v -5.711065 7.860167 0.114867
v -5.979407 -8.108548 -0.142464
v -5.979407 -8.108548 0.114867
v -5.979408 7.860167 0.114867
v -5.979408 7.860167 -0.142464
v -5.825634 7.860167 -0.142464
v -5.825633 -8.108548 -0.142464
v -5.825633 -8.108548 0.114867
v -5.825634 7.860167 0.114867
v -2.139973 -8.108549 0.164755
v -2.139974 7.860168 0.164755
v -2.139973 -8.108549 -0.192354
v -2.139974 7.860168 -0.192354
v -1.782864 -8.108549 0.164755
v -1.782865 7.860168 0.164755
v -1.782864 -8.108549 -0.192354
v -1.782865 7.860168 -0.192354
v -2.139973 -8.108549 -0.142465
v -2.139973 -8.108549 0.114866
v -2.139974 7.860168 0.114866
v -2.139974 7.860168 -0.142465
v -1.782865 7.860168 -0.142465
v -1.782864 -8.108549 -0.142465
v -1.782864 -8.108549 0.114866
v -1.782865 7.860168 0.114866
v -2.051207 -8.108549 -0.142465
v -2.051207 -8.108549 0.114866
v -2.051208 7.860168 0.114866
v -2.051208 7.860168 -0.142465
v -1.897435 7.860168 -0.142465
v -1.897434 -8.108549 -0.142465
v -1.897434 -8.108549 0.114866
v -1.897435 7.860168 0.114866
v 1.788226 -8.108548 0.164755
v 1.788226 7.860168 0.164755
v 1.788226 -8.108548 -0.192355
v 1.788226 7.860168 -0.192355
v 2.145335 -8.108548 0.164755
v 2.145335 7.860168 0.164755
v 2.145335 -8.108548 -0.192355
v 2.145335 7.860168 -0.192355
v 1.788226 -8.108548 -0.142465
v 1.788226 -8.108548 0.114866
v 1.788226 7.860167 0.114866
v 1.788226 7.860167 -0.142465
v 2.145335 7.860167 -0.142465
v 2.145335 -8.108548 -0.142465
v 2.145335 -8.108548 0.114865
v 2.145335 7.860167 0.114865
v 1.876993 -8.108548 -0.142465
v 1.876993 -8.108548 0.114866
v 1.876992 7.860167 0.114866
v 1.876992 7.860167 -0.142465
v 2.030765 7.860167 -0.142465
v 2.030766 -8.108548 -0.142465
v 2.030766 -8.108548 0.114865
v 2.030765 7.860167 0.114865
v 5.716426 -8.108548 0.164754
v 5.716425 7.860168 0.164754
v 5.716426 -8.108548 -0.192355
v 5.716425 7.860168 -0.192355
v 6.073535 -8.108548 0.164754
v 6.073534 7.860168 0.164754
v 6.073535 -8.108548 -0.192355
v 6.073534 7.860168 -0.192355
v 5.716426 -8.108548 -0.142466
v 5.716426 -8.108548 0.114865
v 5.716425 7.860168 0.114865
v 5.716425 7.860168 -0.142466
v 6.073534 7.860168 -0.142466
v 6.073535 -8.108548 -0.142466
v 6.073535 -8.108548 0.114865
v 6.073534 7.860168 0.114865
v 5.805192 -8.108548 -0.142466
v 5.805192 -8.108548 0.114865
v 5.805192 7.860168 0.114865
v 5.805192 7.860168 -0.142466
v 5.958966 7.860168 -0.142466
v 5.958967 -8.108548 -0.142466
v 5.958967 -8.108548 0.114865
v 5.958966 7.860168 0.114865
v 9.644626 -8.108548 0.164754
v 9.644626 7.860168 0.164754
v 9.644626 -8.108548 -0.192356
v 9.644626 7.860168 -0.192356
v 10.001735 -8.108548 0.164754
v 10.001735 7.860168 0.164754
v 10.001735 -8.108548 -0.192356
v 10.001735 7.860168 -0.192356
v 9.644626 -8.108548 -0.142466
v 9.644626 -8.108548 0.114864
v 9.644626 7.860167 0.114864
v 9.644626 7.860167 -0.142466
v 10.001735 7.860167 -0.142466
v 10.001735 -8.108548 -0.142466
v 10.001735 -8.108548 0.114864
v 10.001735 7.860167 0.114864
v 9.733392 -8.108548 -0.142466
v 9.733392 -8.108548 0.114864
v 9.733392 7.860167 0.114864
v 9.733392 7.860167 -0.142466
v 9.887166 7.860167 -0.142466
v 9.887166 -8.108548 -0.142466
v 9.887166 -8.108548 0.114864
v 9.887166 7.860167 0.114864
v 13.572825 -8.108548 0.164753
v 13.572825 7.860168 0.164753
v 13.572825 -8.108548 -0.192356
v 13.572825 7.860168 -0.192356
v 13.929935 -8.108548 0.164753
v 13.929935 7.860168 0.164753
v 13.929935 -8.108548 -0.192356
v 13.929935 7.860168 -0.192356
v 13.572825 -8.108548 -0.142467
v 13.572825 -8.108548 0.114864
v 13.572825 7.860167 0.114864
v 13.572825 7.860167 -0.142467
v 13.929935 7.860167 -0.142467
v 13.929935 -8.108548 -0.142467
v 13.929935 -8.108548 0.114864
v 13.929935 7.860167 0.114864
v 13.661592 -8.108548 -0.142467
v 13.661592 -8.108548 0.114864
v 13.661592 7.860167 0.114864
v 13.661592 7.860167 -0.142467
v 13.815366 7.860167 -0.142467
v 13.815366 -8.108548 -0.142467
v 13.815366 -8.108548 0.114864
v 13.815366 7.860167 0.114864
vn -0.0000 -1.0000 -0.0000
vn -0.0000 -0.0000 -1.0000
vn -0.0000 1.0000 -0.0000
vn 1.0000 -0.0000 -0.0000
vn -1.0000 -0.0000 -0.0000
vn -0.0000 -0.0000 1.0000
vn -0.4316 -0.9021 -0.0000
vn 0.4316 0.9021 -0.0000
vn 0.9501 -0.3120 -0.0000
vn -0.9501 0.3120 -0.0000
vn 0.4400 -0.8980 -0.0000
vn -0.4400 0.8980 -0.0000
vn 0.9506 0.3105 -0.0000
vn -0.9506 -0.3105 -0.0000
vn -0.0000 -0.0005 1.0000
vn -0.0000 -0.0005 -1.0000
vn -0.0000 -0.0010 1.0000
vn -0.0000 0.0010 -1.0000
vn -0.0000 0.0010 1.0000
vn -0.0000 -0.0020 1.0000
vn -0.0000 -0.0020 -1.0000
vn -0.0000 -0.0039 -1.0000
vn -0.0000 -0.0039 1.0000
vn -0.0000 -0.0010 -1.0000
vn -0.9501 0.3119 -0.0000
vt 0.900431 0.319181
vt 0.900431 0.168443
vt 0.903431 0.168443
vt 0.903431 0.319181
vt 0.685005 0.616723
vt 0.685005 0.464658
vt 0.693665 0.464658
vt 0.693665 0.616723
vt 0.846431 0.472573
vt 0.846431 0.320508
vt 0.849431 0.320508
vt 0.849431 0.472573
vt 0.945996 0.113131
vt 0.945996 0.121791
vt 0.945996 0.120643
vt 0.945996 0.114279
vt 0.428560 0.932657
vt 0.428560 0.941318
vt 0.425560 0.941318
vt 0.425560 0.932657
vt 0.365559 0.932657
vt 0.365559 0.941318
vt 0.362559 0.941318
vt 0.362559 0.932657
vt 0.900435 0.159200
vt 0.900435 0.008462
vt 0.903435 0.008462
vt 0.903435 0.159200
vt 0.693665 0.616723
vt 0.702325 0.464658
vt 0.702325 0.616723
vt 0.847784 0.765869
vt 0.847784 0.613804
vt 0.850784 0.613804
vt 0.850784 0.765869
vt 0.932259 0.960907
vt 0.780195 0.961268
vt 0.780193 0.960459
vt 0.932257 0.960098
vt 0.491560 0.932657
vt 0.491560 0.941318
vt 0.488560 0.941318
vt 0.488560 0.932657
vt 0.386560 0.932657
vt 0.386560 0.941318
vt 0.383559 0.941318
vt 0.383559 0.932657
vt 0.774728 0.939700
vt 0.774728 0.932657
vt 0.777139 0.932657
vt 0.777139 0.939700
vt 0.945996 0.130451
vt 0.945996 0.121791
vt 0.945996 0.122600
vt 0.945996 0.129642
vt 0.767196 0.907111
vt 0.767196 0.915771
vt 0.767196 0.914962
vt 0.767196 0.907920
vt 0.780239 0.979873
vt 0.932304 0.979512
vt 0.932306 0.980321
vt 0.780241 0.980682
vt 0.219906 0.765869
vt 0.219906 0.613804
vt 0.226948 0.613804
vt 0.226948 0.765869
vt 0.231771 0.765869
vt 0.231771 0.917934
vt 0.229360 0.917934
vt 0.229360 0.765869
vt 0.656562 0.939700
vt 0.656562 0.932657
vt 0.658973 0.932657
vt 0.658973 0.939700
vt 0.324396 0.916607
vt 0.324396 0.765869
vt 0.326808 0.765869
vt 0.326808 0.916607
vt 0.939058 0.939022
vt 0.939058 0.932657
vt 0.941378 0.932657
vt 0.941378 0.939022
vt 0.845228 0.917934
vt 0.845228 0.765869
vt 0.846377 0.765869
vt 0.846377 0.917934
vt 0.354343 0.613804
vt 0.354343 0.765869
vt 0.353195 0.765869
vt 0.353195 0.613804
vt 0.945996 0.098269
vt 0.945996 0.089609
vt 0.945996 0.090757
vt 0.945996 0.097121
vt 0.499074 0.765869
vt 0.499074 0.613804
vt 0.505438 0.613804
vt 0.505438 0.765869
vt 0.433708 0.765869
vt 0.433708 0.917934
vt 0.431387 0.917934
vt 0.431387 0.765869
vt 0.922817 0.939022
vt 0.922817 0.932657
vt 0.925137 0.932657
vt 0.925137 0.939022
vt 0.546727 0.916607
vt 0.546727 0.765869
vt 0.549047 0.765869
vt 0.549047 0.916607
vt 0.888987 0.917307
vt 0.888987 0.765869
vt 0.890089 0.765869
vt 0.890089 0.917307
vt 0.764635 0.776347
vt 0.764635 0.617122
vt 0.767710 0.616723
vt 0.767710 0.775948
vt 0.894431 0.613409
vt 0.894431 0.469918
vt 0.895532 0.469918
vt 0.895532 0.613409
vt 0.615393 0.950989
vt 0.774615 0.951969
vt 0.774577 0.952256
vt 0.615354 0.951277
vt 0.943676 0.345013
vt 0.943676 0.342068
vt 0.944777 0.342068
vt 0.944777 0.345013
vt 0.943676 0.347959
vt 0.943676 0.345013
vt 0.944777 0.345013
vt 0.944777 0.347959
vt 0.944561 0.783085
vt 0.944561 0.785480
vt 0.943676 0.785480
vt 0.943676 0.783085
vt 0.945996 0.130451
vt 0.945996 0.133551
vt 0.945996 0.133262
vt 0.945996 0.130741
vt 0.945996 0.136651
vt 0.945996 0.133551
vt 0.945996 0.133841
vt 0.945996 0.136362
vt 0.774562 0.954553
vt 0.615340 0.953574
vt 0.615379 0.953287
vt 0.774601 0.954266
vt 0.113746 0.925095
vt 0.113746 0.765869
vt 0.116246 0.766194
vt 0.116246 0.925419
vt 0.788790 0.786966
vt 0.788790 0.930456
vt 0.787905 0.930456
vt 0.787905 0.786966
vt 0.944561 0.766319
vt 0.944561 0.768714
vt 0.943676 0.768714
vt 0.943676 0.766319
vt 0.935785 0.605693
vt 0.935785 0.454255
vt 0.936670 0.454255
vt 0.936670 0.605693
vt 0.868759 0.604744
vt 0.868759 0.472573
vt 0.869861 0.472573
vt 0.869861 0.604744
vt 0.815796 0.486546
vt 0.815796 0.327711
vt 0.818867 0.328143
vt 0.818867 0.486978
vt 0.285433 0.916201
vt 0.285433 0.773428
vt 0.286534 0.773428
vt 0.286534 0.916201
vt 0.828078 0.168443
vt 0.828078 0.327278
vt 0.827792 0.327319
vt 0.827792 0.168484
vt 0.943676 0.283119
vt 0.943676 0.280172
vt 0.944777 0.280172
vt 0.944777 0.283119
vt 0.944777 0.238907
vt 0.944777 0.241855
vt 0.943676 0.241855
vt 0.943676 0.238907
vt 0.944561 0.615353
vt 0.944561 0.617750
vt 0.943676 0.617750
vt 0.943676 0.615353
vt 0.945996 0.110030
vt 0.945996 0.106930
vt 0.945996 0.107219
vt 0.945996 0.109741
vt 0.825008 0.168876
vt 0.825295 0.168835
vt 0.825008 0.327711
vt 0.825295 0.327670
vt 0.149641 0.925056
vt 0.149641 0.766221
vt 0.152138 0.765869
vt 0.152138 0.924704
vt 0.643441 0.789884
vt 0.643441 0.932657
vt 0.642556 0.932657
vt 0.642556 0.789884
vt 0.944561 0.598575
vt 0.944561 0.600972
vt 0.943676 0.600972
vt 0.943676 0.598575
vt 0.747888 0.927267
vt 0.747589 0.795096
vt 0.748474 0.795094
vt 0.748773 0.927264
vt 0.900431 0.469918
vt 0.900431 0.319181
vt 0.903431 0.319181
vt 0.903431 0.469918
vt 0.728306 0.160528
vt 0.728306 0.008462
vt 0.736967 0.008462
vt 0.736967 0.160528
vt 0.849431 0.320508
vt 0.849431 0.168443
vt 0.852431 0.168443
vt 0.852431 0.320508
vt 0.945996 0.136651
vt 0.945996 0.145312
vt 0.945996 0.144163
vt 0.945996 0.137799
vt 0.494561 0.932657
vt 0.494561 0.941318
vt 0.491560 0.941318
vt 0.491560 0.932657
vt 0.431560 0.932657
vt 0.431560 0.941318
vt 0.901785 0.764542
vt 0.901785 0.613804
vt 0.904785 0.613804
vt 0.904785 0.764542
vt 0.685005 0.312593
vt 0.685005 0.160528
vt 0.693665 0.160528
vt 0.693665 0.312593
vt 0.849434 0.160527
vt 0.849434 0.008462
vt 0.852434 0.008462
vt 0.852434 0.160527
vt 0.932261 0.961716
vt 0.780197 0.962077
vt 0.932259 0.960907
vt 0.497561 0.932657
vt 0.497561 0.941318
vt 0.494560 0.941318
vt 0.494560 0.932657
vt 0.389560 0.932657
vt 0.389560 0.941318
vt 0.779551 0.932657
vt 0.779551 0.939700
vt 0.945996 0.153972
vt 0.945996 0.145312
vt 0.945996 0.146120
vt 0.945996 0.153163
vt 0.767196 0.924431
vt 0.767196 0.923622
vt 0.767196 0.916580
vt 0.932307 0.981130
vt 0.780243 0.981491
vt 0.226948 0.765869
vt 0.226948 0.613804
vt 0.233991 0.613804
vt 0.233991 0.765869
vt 0.236402 0.765869
vt 0.236402 0.917934
vt 0.233991 0.917934
vt 0.233991 0.765869
vt 0.661385 0.932657
vt 0.661385 0.939700
vt 0.329219 0.765869
vt 0.329219 0.916607
vt 0.857852 0.939022
vt 0.857852 0.932657
vt 0.860173 0.932657
vt 0.860173 0.939022
vt 0.851933 0.917934
vt 0.851933 0.765869
vt 0.853081 0.765869
vt 0.853081 0.917934
vt 0.928079 0.335477
vt 0.928079 0.487542
vt 0.926931 0.487542
vt 0.926931 0.335477
vt 0.945996 0.106930
vt 0.945996 0.099417
vt 0.945996 0.105782
vt 0.511802 0.765869
vt 0.511802 0.613804
vt 0.518166 0.613804
vt 0.518166 0.765869
vt 0.437752 0.765870
vt 0.437752 0.917934
vt 0.435432 0.917934
vt 0.435432 0.765870
vt 0.860173 0.939022
vt 0.860173 0.932657
vt 0.862493 0.932657
vt 0.862493 0.939022
vt 0.521083 0.916607
vt 0.521083 0.765869
vt 0.523403 0.765869
vt 0.523403 0.916607
vt 0.892785 0.917307
vt 0.892785 0.765869
vt 0.893886 0.765869
vt 0.893886 0.917307
vt 0.758487 0.776347
vt 0.758487 0.617122
vt 0.761561 0.616723
vt 0.761561 0.775948
vt 0.895532 0.613409
vt 0.895532 0.469918
vt 0.896634 0.469918
vt 0.896633 0.613409
vt 0.615381 0.953000
vt 0.774603 0.953979
vt 0.774564 0.954266
vt 0.615342 0.953286
vt 0.943676 0.468717
vt 0.943676 0.465772
vt 0.944777 0.465772
vt 0.944777 0.468717
vt 0.943676 0.350904
vt 0.943676 0.347959
vt 0.944777 0.347959
vt 0.944777 0.350904
vt 0.944561 0.833383
vt 0.944561 0.835778
vt 0.943676 0.835778
vt 0.943676 0.833383
vt 0.945996 0.113131
vt 0.945996 0.112841
vt 0.945996 0.110320
vt 0.945996 0.083409
vt 0.945996 0.080309
vt 0.945996 0.080599
vt 0.945996 0.083120
vt 0.774566 0.953979
vt 0.615344 0.952999
vt 0.615383 0.952712
vt 0.774605 0.953692
vt 0.931935 0.167688
vt 0.931935 0.008462
vt 0.934435 0.008787
vt 0.934435 0.168012
vt 0.783478 0.786966
vt 0.783478 0.930456
vt 0.782593 0.930456
vt 0.782593 0.786966
vt 0.944561 0.749553
vt 0.944561 0.751948
vt 0.943676 0.751948
vt 0.943676 0.749553
vt 0.935785 0.757131
vt 0.935785 0.605693
vt 0.936670 0.605693
vt 0.936670 0.757131
vt 0.876468 0.604744
vt 0.876468 0.472573
vt 0.877569 0.472573
vt 0.877569 0.604744
vt 0.825012 0.167297
vt 0.825012 0.008462
vt 0.828082 0.008895
vt 0.828082 0.167730
vt 0.354343 0.916201
vt 0.354343 0.773428
vt 0.355445 0.773428
vt 0.355445 0.916201
vt 0.818871 0.167730
vt 0.818871 0.326565
vt 0.818584 0.326605
vt 0.818584 0.167770
vt 0.943676 0.324383
vt 0.943676 0.321436
vt 0.944777 0.321436
vt 0.944777 0.324383
vt 0.943676 0.262487
vt 0.943676 0.259539
vt 0.944777 0.259539
vt 0.944777 0.262487
vt 0.944561 0.617750
vt 0.944561 0.620147
vt 0.943676 0.620147
vt 0.943676 0.617750
vt 0.945996 0.074109
vt 0.945996 0.071008
vt 0.945996 0.071298
vt 0.945996 0.073819
vt 0.815800 0.168162
vt 0.816087 0.168122
vt 0.815800 0.326997
vt 0.816087 0.326957
vt 0.144648 0.925056
vt 0.144648 0.766221
vt 0.147145 0.765869
vt 0.147145 0.924704
vt 0.657397 0.789884
vt 0.657397 0.932657
vt 0.656512 0.932657
vt 0.656512 0.789884
vt 0.944561 0.581797
vt 0.944561 0.584194
vt 0.943676 0.584194
vt 0.943676 0.581797
vt 0.749359 0.795092
vt 0.749659 0.927262
vt 0.906431 0.168443
vt 0.906431 0.319181
vt 0.650364 0.312593
vt 0.650364 0.160528
vt 0.659024 0.160528
vt 0.659024 0.312593
vt 0.849431 0.472573
vt 0.852431 0.472573
vt 0.945996 0.153972
vt 0.945996 0.162632
vt 0.945996 0.161484
vt 0.945996 0.155120
vt 0.302559 0.932657
vt 0.302559 0.941318
vt 0.299559 0.941318
vt 0.299559 0.932657
vt 0.239558 0.932657
vt 0.239558 0.941318
vt 0.236558 0.941318
vt 0.236558 0.932657
vt 0.906435 0.008462
vt 0.906435 0.159200
vt 0.736967 0.616723
vt 0.736967 0.464658
vt 0.745627 0.464658
vt 0.745627 0.616723
vt 0.850784 0.765869
vt 0.850784 0.613804
vt 0.853785 0.613804
vt 0.853785 0.765869
vt 0.932286 0.972232
vt 0.780222 0.972593
vt 0.780220 0.971784
vt 0.932284 0.971423
vt 0.596561 0.932657
vt 0.596561 0.941318
vt 0.593561 0.941318
vt 0.593561 0.932657
vt 0.470560 0.932657
vt 0.470560 0.941318
vt 0.467560 0.941318
vt 0.467560 0.932657
vt 0.808489 0.939700
vt 0.808489 0.932657
vt 0.810901 0.932657
vt 0.810901 0.939700
vt 0.945996 0.171292
vt 0.945996 0.162632
vt 0.945996 0.163441
vt 0.945996 0.170484
vt 0.945996 0.008462
vt 0.945996 0.017123
vt 0.945996 0.016314
vt 0.945996 0.009271
vt 0.780258 0.987962
vt 0.932323 0.987601
vt 0.932325 0.988410
vt 0.780260 0.988771
vt 0.233991 0.613804
vt 0.241033 0.613804
vt 0.241033 0.765869
vt 0.238814 0.765869
vt 0.238814 0.917934
vt 0.236402 0.917934
vt 0.236402 0.765869
vt 0.661385 0.939700
vt 0.661385 0.932657
vt 0.663797 0.932657
vt 0.663797 0.939700
vt 0.331631 0.765869
vt 0.331631 0.916607
vt 0.862493 0.939021
vt 0.862493 0.932657
vt 0.864813 0.932657
vt 0.864813 0.939021
vt 0.362241 0.917935
vt 0.362241 0.765869
vt 0.363389 0.765869
vt 0.363389 0.917935
vt 0.370431 0.765869
vt 0.370431 0.917935
vt 0.369283 0.917935
vt 0.369283 0.765869
vt 0.945996 0.179953
vt 0.945996 0.172440
vt 0.945996 0.178805
vt 0.550771 0.765869
vt 0.550771 0.613804
vt 0.557135 0.613804
vt 0.557135 0.765869
vt 0.444116 0.765869
vt 0.444116 0.917934
vt 0.441796 0.917934
vt 0.441796 0.765869
vt 0.864813 0.932657
vt 0.867133 0.932657
vt 0.867133 0.939021
vt 0.527034 0.916607
vt 0.527034 0.765869
vt 0.529354 0.765869
vt 0.529354 0.916607
vt 0.891684 0.917307
vt 0.891684 0.765869
vt 0.892785 0.765869
vt 0.892785 0.917307
vt 0.702888 0.776347
vt 0.702888 0.617122
vt 0.705962 0.616723
vt 0.705962 0.775948
vt 0.916456 0.613409
vt 0.916456 0.469918
vt 0.917557 0.469918
vt 0.917557 0.613409
vt 0.709037 0.617122
vt 0.709037 0.776347
vt 0.708749 0.776310
vt 0.708749 0.617085
vt 0.943676 0.471663
vt 0.943676 0.468717
vt 0.944777 0.468717
vt 0.944777 0.471663
vt 0.943676 0.353849
vt 0.943676 0.350904
vt 0.944777 0.350904
vt 0.944777 0.353849
vt 0.944561 0.787876
vt 0.943676 0.787876
vt 0.705962 0.775948
vt 0.706249 0.775985
vt 0.945996 0.183053
vt 0.945996 0.179953
vt 0.945996 0.180242
vt 0.945996 0.182763
vt 0.705962 0.616723
vt 0.706249 0.616760
vt 0.132160 0.925095
vt 0.132160 0.765869
vt 0.134660 0.766194
vt 0.134660 0.925419
vt 0.784364 0.786966
vt 0.784364 0.930456
vt 0.783478 0.786966
vt 0.943676 0.790271
vt 0.944561 0.790271
vt 0.936373 0.924792
vt 0.936373 0.773354
vt 0.937258 0.773354
vt 0.937258 0.924792
vt 0.869861 0.472573
vt 0.870962 0.472573
vt 0.870962 0.604744
vt 0.809655 0.486546
vt 0.809656 0.327711
vt 0.812726 0.328143
vt 0.812726 0.486978
vt 0.356317 0.916201
vt 0.356317 0.773428
vt 0.357418 0.773428
vt 0.357418 0.916201
vt 0.812730 0.167730
vt 0.812730 0.326565
vt 0.812443 0.326605
vt 0.812443 0.167770
vt 0.943676 0.179958
vt 0.943676 0.177011
vt 0.944777 0.177011
vt 0.944777 0.179958
vt 0.943676 0.303751
vt 0.943676 0.300804
vt 0.944777 0.300804
vt 0.944777 0.303751
vt 0.944561 0.699243
vt 0.944561 0.701640
vt 0.943676 0.701640
vt 0.943676 0.699243
vt 0.945996 0.071008
vt 0.945996 0.067908
vt 0.945996 0.068197
vt 0.945996 0.070719
vt 0.809659 0.168162
vt 0.809946 0.168122
vt 0.809659 0.326997
vt 0.809946 0.326957
vt 0.186037 0.925056
vt 0.186037 0.766221
vt 0.188534 0.765869
vt 0.188534 0.924704
vt 0.644327 0.789884
vt 0.644327 0.932657
vt 0.643441 0.932657
vt 0.643441 0.789884
vt 0.944561 0.665687
vt 0.944561 0.668084
vt 0.943676 0.668084
vt 0.943676 0.665687
vt 0.747336 0.982500
vt 0.615167 0.981687
vt 0.615173 0.980802
vt 0.747341 0.981615
vt 0.894435 0.159200
vt 0.894435 0.008462
vt 0.897435 0.008462
vt 0.897435 0.159200
vt 0.027645 0.765869
vt 0.027645 0.613804
vt 0.036305 0.613804
vt 0.036305 0.765869
vt 0.855431 0.168443
vt 0.855431 0.320508
vt 0.945996 0.183053
vt 0.945996 0.191713
vt 0.945996 0.190565
vt 0.945996 0.184201
vt 0.599561 0.932657
vt 0.599561 0.941318
vt 0.596561 0.941318
vt 0.554561 0.932657
vt 0.554561 0.941318
vt 0.551561 0.941318
vt 0.551561 0.932657
vt 0.906431 0.469918
vt 0.650364 0.464658
vt 0.650364 0.312593
vt 0.659024 0.312593
vt 0.659024 0.464658
vt 0.855434 0.008462
vt 0.855434 0.160527
vt 0.943676 0.160528
vt 0.943676 0.312593
vt 0.942867 0.312593
vt 0.942867 0.160528
vt 0.305559 0.932657
vt 0.305559 0.941318
vt 0.281559 0.932657
vt 0.281559 0.941318
vt 0.278559 0.941318
vt 0.278559 0.932657
vt 0.663797 0.939700
vt 0.663797 0.932657
vt 0.666208 0.932657
vt 0.666208 0.939700
vt 0.945996 0.200373
vt 0.945996 0.192522
vt 0.945996 0.199564
vt 0.767196 0.872469
vt 0.767196 0.881130
vt 0.767196 0.880321
vt 0.767196 0.873278
vt 0.942867 0.464658
vt 0.942867 0.312593
vt 0.943676 0.312593
vt 0.943676 0.464658
vt 0.241033 0.765869
vt 0.241033 0.613804
vt 0.248076 0.613804
vt 0.248076 0.765869
vt 0.241225 0.765869
vt 0.241225 0.917934
vt 0.666208 0.939700
vt 0.666208 0.932657
vt 0.668620 0.932657
vt 0.668620 0.939700
vt 0.345716 0.916607
vt 0.345716 0.765869
vt 0.348127 0.765869
vt 0.348127 0.916607
vt 0.943676 0.097561
vt 0.943676 0.091197
vt 0.945996 0.091197
vt 0.945996 0.097561
vt 0.866229 0.917934
vt 0.866229 0.765869
vt 0.867377 0.765869
vt 0.867377 0.917934
vt 0.378545 0.765869
vt 0.378545 0.917934
vt 0.377397 0.917934
vt 0.377397 0.765869
vt 0.945996 0.209034
vt 0.945996 0.201521
vt 0.945996 0.207886
vt 0.435432 0.765869
vt 0.435432 0.613804
vt 0.441796 0.613804
vt 0.439476 0.917934
vt 0.439476 0.765869
vt 0.825370 0.939021
vt 0.825370 0.932657
vt 0.827690 0.932657
vt 0.827690 0.939021
vt 0.542084 0.916607
vt 0.542084 0.765869
vt 0.544405 0.765869
vt 0.544405 0.916607
vt 0.453423 0.917307
vt 0.453423 0.765869
vt 0.454524 0.765869
vt 0.454524 0.917307
vt 0.780356 0.773428
vt 0.780356 0.614203
vt 0.783430 0.613804
vt 0.783430 0.773029
vt 0.917557 0.613409
vt 0.917557 0.469918
vt 0.918659 0.469918
vt 0.918659 0.613409
vt 0.615362 0.956158
vt 0.774584 0.957138
vt 0.774545 0.957424
vt 0.615323 0.956445
vt 0.943676 0.474608
vt 0.943676 0.471663
vt 0.944777 0.471663
vt 0.944777 0.474608
vt 0.943676 0.356795
vt 0.944777 0.356795
vt 0.944561 0.716022
vt 0.944561 0.718417
vt 0.943676 0.718417
vt 0.943676 0.716022
vt 0.945996 0.086509
vt 0.945996 0.086220
vt 0.945996 0.083699
vt 0.945996 0.058606
vt 0.945996 0.055506
vt 0.945996 0.055796
vt 0.945996 0.058317
vt 0.774561 0.954840
vt 0.615338 0.953861
vt 0.615378 0.953574
vt 0.774600 0.954553
vt 0.925785 0.773029
vt 0.925785 0.613804
vt 0.928285 0.614129
vt 0.928285 0.773354
vt 0.785249 0.786966
vt 0.785249 0.930456
vt 0.784364 0.930456
vt 0.784364 0.786966
vt 0.944561 0.866915
vt 0.944561 0.869310
vt 0.943676 0.869310
vt 0.943676 0.866915
vt 0.045828 0.917307
vt 0.045828 0.765869
vt 0.046714 0.765869
vt 0.046714 0.917307
vt 0.870962 0.604744
vt 0.870962 0.472573
vt 0.872063 0.472573
vt 0.872063 0.604744
vt 0.825008 0.486546
vt 0.825008 0.327711
vt 0.828078 0.328143
vt 0.828078 0.486978
vt 0.773581 0.916201
vt 0.773581 0.773428
vt 0.774683 0.773428
vt 0.774683 0.916201
vt 0.615381 0.946974
vt 0.774213 0.947950
vt 0.774251 0.948237
vt 0.615419 0.947261
vt 0.943676 0.182905
vt 0.943676 0.179958
vt 0.944777 0.179958
vt 0.944777 0.182905
vt 0.943676 0.159326
vt 0.943676 0.156378
vt 0.944777 0.156378
vt 0.944777 0.159326
vt 0.944561 0.548241
vt 0.944561 0.550638
vt 0.943676 0.550638
vt 0.943676 0.548241
vt 0.945996 0.049305
vt 0.945996 0.046204
vt 0.945996 0.046494
vt 0.945996 0.049016
vt 0.945996 0.061706
vt 0.945996 0.064807
vt 0.945996 0.064517
vt 0.945996 0.061996
vt 0.774239 0.950245
vt 0.615407 0.949268
vt 0.615368 0.948981
vt 0.774200 0.949958
vt 0.188534 0.925056
vt 0.188534 0.766221
vt 0.191031 0.765869
vt 0.191031 0.924704
vt 0.941684 0.773354
vt 0.941684 0.916127
vt 0.940799 0.916127
vt 0.940799 0.773354
vt 0.944561 0.670481
vt 0.943676 0.670481
vt 0.747445 0.964796
vt 0.615276 0.963983
vt 0.615282 0.963098
vt 0.747450 0.963911
vt 0.904785 0.764542
vt 0.904785 0.613804
vt 0.907785 0.613804
vt 0.907785 0.764542
vt 0.076917 0.765869
vt 0.076917 0.613804
vt 0.085577 0.613804
vt 0.085577 0.765869
vt 0.852431 0.472573
vt 0.852431 0.320508
vt 0.855431 0.320508
vt 0.855431 0.472573
vt 0.945996 0.209034
vt 0.945996 0.217694
vt 0.945996 0.216546
vt 0.945996 0.210182
vt 0.602561 0.932657
vt 0.602561 0.941318
vt 0.557561 0.932657
vt 0.557561 0.941318
vt 0.912435 0.159200
vt 0.912435 0.008462
vt 0.915435 0.008462
vt 0.915435 0.159200
vt 0.667684 0.312593
vt 0.667684 0.160528
vt 0.676345 0.160528
vt 0.676345 0.312593
vt 0.856785 0.613804
vt 0.856785 0.765869
vt 0.943676 0.464658
vt 0.943676 0.616723
vt 0.942867 0.616723
vt 0.942867 0.464658
vt 0.308559 0.932657
vt 0.308559 0.941318
vt 0.242558 0.932657
vt 0.242558 0.941318
vt 0.239558 0.941318
vt 0.668620 0.939700
vt 0.668620 0.932657
vt 0.671031 0.932657
vt 0.671031 0.939700
vt 0.945996 0.226354
vt 0.945996 0.217694
vt 0.945996 0.218503
vt 0.945996 0.225545
vt 0.767196 0.881130
vt 0.767196 0.889790
vt 0.767196 0.888981
vt 0.767196 0.881939
vt 0.942867 0.768788
vt 0.943676 0.616723
vt 0.943676 0.768788
vt 0.249119 0.765869
vt 0.249119 0.613804
vt 0.256162 0.613804
vt 0.256162 0.765869
vt 0.243637 0.765869
vt 0.243637 0.917934
vt 0.241225 0.765869
vt 0.671031 0.939700
vt 0.671031 0.932657
vt 0.673443 0.932657
vt 0.673443 0.939700
vt 0.348127 0.916607
vt 0.350539 0.765869
vt 0.350539 0.916607
vt 0.943676 0.053012
vt 0.943676 0.046648
vt 0.945996 0.046648
vt 0.945996 0.053012
vt 0.868525 0.765869
vt 0.868525 0.917934
vt 0.391751 0.765869
vt 0.391751 0.917934
vt 0.390603 0.917934
vt 0.390603 0.765869
vt 0.945996 0.235015
vt 0.945996 0.227502
vt 0.945996 0.233867
vt 0.441796 0.765869
vt 0.441796 0.613804
vt 0.448160 0.613804
vt 0.448160 0.765869
vt 0.431388 0.765869
vt 0.431388 0.917934
vt 0.429067 0.917934
vt 0.429067 0.765869
vt 0.827690 0.939021
vt 0.827690 0.932657
vt 0.830011 0.932657
vt 0.830011 0.939021
vt 0.535718 0.916607
vt 0.535718 0.765869
vt 0.538038 0.765869
vt 0.538038 0.916607
vt 0.806040 0.924509
vt 0.806040 0.773072
vt 0.807141 0.773072
vt 0.807141 0.924509
vt 0.717134 0.776347
vt 0.717134 0.617122
vt 0.720209 0.616723
vt 0.720209 0.775948
vt 0.919760 0.469918
vt 0.919760 0.613409
vt 0.615385 0.952425
vt 0.774607 0.953404
vt 0.774568 0.953691
vt 0.615346 0.952712
vt 0.943676 0.477553
vt 0.943676 0.474608
vt 0.944777 0.474608
vt 0.944777 0.477553
vt 0.943676 0.359740
vt 0.943676 0.356795
vt 0.944777 0.356795
vt 0.944777 0.359740
vt 0.944561 0.720812
vt 0.943676 0.720812
vt 0.945996 0.089609
vt 0.945996 0.089320
vt 0.945996 0.086799
vt 0.767196 0.853868
vt 0.767196 0.850768
vt 0.767196 0.851057
vt 0.767196 0.853578
vt 0.774522 0.961158
vt 0.615300 0.960179
vt 0.615339 0.959892
vt 0.774561 0.960871
vt 0.924435 0.167688
vt 0.924435 0.008462
vt 0.926935 0.008787
vt 0.926935 0.168012
vt 0.786134 0.786966
vt 0.786134 0.930456
vt 0.944561 0.850149
vt 0.944561 0.852544
vt 0.943676 0.852544
vt 0.943676 0.850149
vt 0.938192 0.159900
vt 0.938192 0.008462
vt 0.939077 0.008462
vt 0.939077 0.159900
vt 0.877569 0.472573
vt 0.878671 0.472573
vt 0.878671 0.604744
vt 0.826432 0.772639
vt 0.826432 0.613804
vt 0.829503 0.614237
vt 0.829503 0.773072
vt 0.925785 0.916127
vt 0.925785 0.773354
vt 0.926886 0.773354
vt 0.926886 0.916127
vt 0.615390 0.945540
vt 0.774222 0.946517
vt 0.774260 0.946804
vt 0.615428 0.945827
vt 0.943676 0.185853
vt 0.944777 0.185853
vt 0.944777 0.135746
vt 0.944777 0.138694
vt 0.943676 0.138694
vt 0.943676 0.135746
vt 0.944561 0.553035
vt 0.943676 0.553035
vt 0.945996 0.052406
vt 0.945996 0.049305
vt 0.945996 0.049595
vt 0.945996 0.052116
vt 0.945996 0.064807
vt 0.945996 0.067908
vt 0.945996 0.067618
vt 0.945996 0.065096
vt 0.774232 0.951393
vt 0.615400 0.950416
vt 0.615361 0.950129
vt 0.774193 0.951105
vt 0.191736 0.925056
vt 0.191736 0.766221
vt 0.194232 0.765869
vt 0.194233 0.924704
vt 0.645212 0.789884
vt 0.645212 0.932657
vt 0.644327 0.789884
vt 0.944561 0.648909
vt 0.944561 0.651306
vt 0.943676 0.651306
vt 0.943676 0.648909
vt 0.740806 0.927282
vt 0.740507 0.795112
vt 0.741392 0.795110
vt 0.741692 0.927280
vt 0.909431 0.168443
vt 0.909431 0.319181
vt 0.650364 0.008462
vt 0.659024 0.008462
vt 0.856785 0.765869
vt 0.856785 0.613804
vt 0.859785 0.613804
vt 0.859785 0.765869
vt 0.945996 0.235015
vt 0.945996 0.243675
vt 0.945996 0.242527
vt 0.945996 0.236163
vt 0.434560 0.932657
vt 0.434560 0.941318
vt 0.368559 0.932657
vt 0.368559 0.941318
vt 0.912431 0.319181
vt 0.912431 0.168443
vt 0.915431 0.168443
vt 0.915431 0.319181
vt 0.702326 0.160528
vt 0.702326 0.008462
vt 0.710986 0.008462
vt 0.710986 0.160528
vt 0.858431 0.320508
vt 0.858431 0.168443
vt 0.861431 0.168443
vt 0.861431 0.320508
vt 0.932252 0.957671
vt 0.780187 0.958033
vt 0.780185 0.957224
vt 0.932250 0.956862
vt 0.500561 0.932657
vt 0.500561 0.941318
vt 0.497561 0.941318
vt 0.392560 0.932657
vt 0.392560 0.941318
vt 0.779551 0.939700
vt 0.779551 0.932657
vt 0.781962 0.932657
vt 0.781962 0.939700
vt 0.945996 0.025783
vt 0.945996 0.017123
vt 0.945996 0.017932
vt 0.945996 0.024974
vt 0.945996 0.252335
vt 0.945996 0.251526
vt 0.945996 0.244484
vt 0.780231 0.976638
vt 0.932296 0.976276
vt 0.932298 0.977085
vt 0.780233 0.977447
vt 0.149481 0.765869
vt 0.149481 0.613804
vt 0.156523 0.613804
vt 0.156523 0.765869
vt 0.248460 0.765869
vt 0.248460 0.917934
vt 0.246049 0.917934
vt 0.246049 0.765869
vt 0.673443 0.939700
vt 0.673443 0.932657
vt 0.675854 0.932657
vt 0.675854 0.939700
vt 0.334042 0.765869
vt 0.334042 0.916607
vt 0.943676 0.014827
vt 0.943676 0.008462
vt 0.945996 0.014827
vt 0.842932 0.917934
vt 0.842932 0.765869
vt 0.844081 0.765869
vt 0.844081 0.917934
vt 0.112706 0.613804
vt 0.112706 0.765869
vt 0.111558 0.765869
vt 0.111558 0.613804
vt 0.945996 0.260996
vt 0.945996 0.252335
vt 0.945996 0.253483
vt 0.945996 0.259847
vt 0.601684 0.765869
vt 0.601684 0.613804
vt 0.608048 0.613804
vt 0.608048 0.765869
vt 0.446436 0.765869
vt 0.446436 0.917934
vt 0.444116 0.917934
vt 0.444116 0.765869
vt 0.927457 0.932657
vt 0.927457 0.939022
vt 0.529354 0.916607
vt 0.529354 0.765869
vt 0.531674 0.765869
vt 0.531674 0.916607
vt 0.497350 0.917307
vt 0.497350 0.765869
vt 0.498451 0.765869
vt 0.498451 0.917307
vt 0.693665 0.776347
vt 0.693665 0.617122
vt 0.696740 0.616723
vt 0.696740 0.775948
vt 0.919760 0.613409
vt 0.919760 0.469918
vt 0.920861 0.469918
vt 0.920861 0.613409
vt 0.746190 0.617122
vt 0.746190 0.776347
vt 0.745902 0.776310
vt 0.745902 0.617085
vt 0.943676 0.362685
vt 0.943676 0.359740
vt 0.944777 0.359740
vt 0.944777 0.362685
vt 0.943676 0.365631
vt 0.943676 0.362685
vt 0.944777 0.362685
vt 0.944777 0.365631
vt 0.944561 0.792666
vt 0.943676 0.792666
vt 0.945996 0.074109
vt 0.945996 0.077209
vt 0.945996 0.076919
vt 0.945996 0.074399
vt 0.743115 0.616723
vt 0.743402 0.616760
vt 0.743115 0.775948
vt 0.743402 0.775986
vt 0.110398 0.925095
vt 0.110398 0.765869
vt 0.112898 0.766194
vt 0.112898 0.925419
vt 0.791705 0.786966
vt 0.791705 0.930456
vt 0.790819 0.930456
vt 0.790819 0.786966
vt 0.944561 0.771110
vt 0.943676 0.771110
vt 0.112860 0.765242
vt 0.112860 0.613804
vt 0.113746 0.613804
vt 0.113746 0.765242
vt 0.843431 0.604744
vt 0.843431 0.472573
vt 0.844532 0.472573
vt 0.844532 0.604744
vt 0.823362 0.772639
vt 0.823362 0.613804
vt 0.826432 0.614237
vt 0.826432 0.773072
vt 0.926886 0.773354
vt 0.927988 0.773354
vt 0.927988 0.916127
vt 0.814150 0.613804
vt 0.814150 0.772639
vt 0.813863 0.772680
vt 0.813864 0.613845
vt 0.943676 0.286067
vt 0.943676 0.283119
vt 0.944777 0.283119
vt 0.944777 0.286067
vt 0.944777 0.244802
vt 0.943676 0.244802
vt 0.944561 0.622544
vt 0.943676 0.622544
vt 0.811080 0.773072
vt 0.811367 0.773031
vt 0.811080 0.614236
vt 0.811367 0.614196
vt 0.147145 0.925056
vt 0.147145 0.766221
vt 0.149641 0.765869
vt 0.149641 0.924704
vt 0.646097 0.789884
vt 0.646097 0.932657
vt 0.944561 0.600972
vt 0.944561 0.603369
vt 0.943676 0.603369
vt 0.943676 0.600972
vt 0.747434 0.966566
vt 0.615265 0.965754
vt 0.615271 0.964868
vt 0.747439 0.965681
vt 0.912431 0.469918
vt 0.915431 0.319181
vt 0.915431 0.469918
vt 0.728306 0.312593
vt 0.736967 0.312593
vt 0.858434 0.160527
vt 0.858434 0.008462
vt 0.861434 0.008462
vt 0.861434 0.160527
vt 0.945996 0.260996
vt 0.945996 0.269656
vt 0.945996 0.268508
vt 0.945996 0.262144
vt 0.503561 0.932657
vt 0.503561 0.941318
vt 0.500561 0.932657
vt 0.437560 0.932657
vt 0.437560 0.941318
vt 0.906435 0.159200
vt 0.906435 0.008462
vt 0.909435 0.008462
vt 0.909435 0.159200
vt 0.702326 0.312593
vt 0.710986 0.312593
vt 0.858431 0.472573
vt 0.858431 0.320508
vt 0.861431 0.320508
vt 0.861431 0.472573
vt 0.932263 0.962525
vt 0.780199 0.962886
vt 0.506561 0.932657
vt 0.506561 0.941318
vt 0.503561 0.941318
vt 0.503561 0.932657
vt 0.395560 0.932657
vt 0.395560 0.941318
vt 0.784374 0.932657
vt 0.784374 0.939700
vt 0.945996 0.034443
vt 0.945996 0.025783
vt 0.945996 0.026592
vt 0.945996 0.033634
vt 0.945996 0.278316
vt 0.945996 0.277507
vt 0.945996 0.270465
vt 0.932300 0.977894
vt 0.780235 0.978256
vt 0.256162 0.765869
vt 0.256162 0.613804
vt 0.263204 0.613804
vt 0.263204 0.765869
vt 0.251531 0.765869
vt 0.251531 0.917934
vt 0.249119 0.917934
vt 0.249119 0.765869
vt 0.678266 0.932657
vt 0.678266 0.939700
vt 0.350539 0.916607
vt 0.352950 0.765869
vt 0.352950 0.916607
vt 0.867133 0.939022
vt 0.867133 0.932657
vt 0.869453 0.932657
vt 0.869453 0.939022
vt 0.853081 0.917934
vt 0.853081 0.765869
vt 0.854229 0.765869
vt 0.854229 0.917934
vt 0.047862 0.765869
vt 0.047862 0.917934
vt 0.046714 0.917934
vt 0.046714 0.765869
vt 0.945996 0.286976
vt 0.945996 0.278316
vt 0.945996 0.279464
vt 0.945996 0.285828
vt 0.524530 0.613804
vt 0.524530 0.765869
vt 0.426582 0.765870
vt 0.426582 0.917934
vt 0.424261 0.917934
vt 0.424261 0.765870
vt 0.869453 0.939022
vt 0.869453 0.932657
vt 0.871773 0.932657
vt 0.871773 0.939022
vt 0.514122 0.916607
vt 0.514122 0.765869
vt 0.516442 0.765869
vt 0.516442 0.916607
vt 0.890582 0.917307
vt 0.890582 0.765869
vt 0.891684 0.765869
vt 0.891684 0.917307
vt 0.710986 0.776347
vt 0.710986 0.617122
vt 0.714060 0.616723
vt 0.714060 0.775948
vt 0.831939 0.916562
vt 0.831939 0.773072
vt 0.833040 0.773072
vt 0.833040 0.916562
vt 0.764635 0.617122
vt 0.764635 0.776347
vt 0.764348 0.776310
vt 0.764348 0.617085
vt 0.943676 0.480499
vt 0.943676 0.477553
vt 0.944777 0.477553
vt 0.944777 0.480499
vt 0.943676 0.368576
vt 0.943676 0.365631
vt 0.944777 0.365631
vt 0.944777 0.368576
vt 0.944561 0.838173
vt 0.943676 0.838173
vt 0.945996 0.077209
vt 0.945996 0.080309
vt 0.945996 0.080019
vt 0.945996 0.077499
vt 0.761561 0.616723
vt 0.761848 0.616760
vt 0.761561 0.775948
vt 0.761848 0.775985
vt 0.116246 0.925095
vt 0.116246 0.765869
vt 0.118746 0.766194
vt 0.118746 0.925419
vt 0.793475 0.786966
vt 0.793475 0.930456
vt 0.792590 0.930456
vt 0.792590 0.786966
vt 0.944561 0.754344
vt 0.943676 0.754344
vt 0.936421 0.159900
vt 0.936421 0.008462
vt 0.937307 0.008462
vt 0.937307 0.159900
vt 0.858848 0.604744
vt 0.858848 0.472573
vt 0.859949 0.472573
vt 0.859949 0.604744
vt 0.828078 0.327278
vt 0.828078 0.168443
vt 0.831149 0.168876
vt 0.831149 0.327711
vt 0.711858 0.919120
vt 0.711858 0.776347
vt 0.712959 0.776347
vt 0.712959 0.919120
vt 0.831152 0.008462
vt 0.831152 0.167297
vt 0.830866 0.167338
vt 0.830866 0.008503
vt 0.943676 0.327331
vt 0.943676 0.324383
vt 0.944777 0.324383
vt 0.944777 0.327331
vt 0.943676 0.265434
vt 0.943676 0.262487
vt 0.944777 0.262487
vt 0.944777 0.265434
vt 0.944561 0.624941
vt 0.943676 0.624941
vt 0.828369 0.167689
vt 0.828082 0.008895
vt 0.828369 0.008854
vt 0.142151 0.925056
vt 0.142151 0.766221
vt 0.144648 0.765869
vt 0.144648 0.924704
vt 0.646982 0.789884
vt 0.646982 0.932657
vt 0.646097 0.789884
vt 0.944561 0.584194
vt 0.944561 0.586591
vt 0.943676 0.586591
vt 0.943676 0.584194
vt 0.747341 0.981615
vt 0.615178 0.979917
vt 0.747346 0.980730
vt 0.906431 0.469918
vt 0.909431 0.469918
vt 0.667684 0.464658
vt 0.667684 0.312593
vt 0.676345 0.312593
vt 0.676345 0.464658
vt 0.859785 0.613804
vt 0.862785 0.613804
vt 0.862785 0.765869
vt 0.945996 0.295637
vt 0.945996 0.294489
vt 0.945996 0.288125
vt 0.311559 0.932657
vt 0.311559 0.941318
vt 0.245558 0.932657
vt 0.245558 0.941318
vt 0.242558 0.941318
vt 0.913785 0.764542
vt 0.913785 0.613804
vt 0.916785 0.613804
vt 0.916785 0.764542
vt 0.745627 0.160528
vt 0.745627 0.008462
vt 0.754287 0.008462
vt 0.754287 0.160528
vt 0.861431 0.320508
vt 0.864431 0.168443
vt 0.864431 0.320508
vt 0.932279 0.968996
vt 0.780214 0.969358
vt 0.780212 0.968549
vt 0.932277 0.968187
vt 0.605561 0.932657
vt 0.605561 0.941318
vt 0.602561 0.941318
vt 0.473560 0.932657
vt 0.473560 0.941318
vt 0.813312 0.932657
vt 0.813312 0.939700
vt 0.945996 0.043104
vt 0.945996 0.035252
vt 0.945996 0.042295
vt 0.945996 0.295637
vt 0.945996 0.304297
vt 0.945996 0.303488
vt 0.945996 0.296446
vt 0.780262 0.989580
vt 0.932327 0.989219
vt 0.932329 0.990028
vt 0.780264 0.990389
vt 0.163566 0.613804
vt 0.163566 0.765869
vt 0.253942 0.765869
vt 0.253942 0.917934
vt 0.678266 0.939700
vt 0.678266 0.932657
vt 0.680677 0.932657
vt 0.680677 0.939700
vt 0.334042 0.916607
vt 0.334042 0.765869
vt 0.336454 0.765869
vt 0.336454 0.916607
vt 0.871773 0.939021
vt 0.871773 0.932657
vt 0.874093 0.932657
vt 0.874093 0.939021
vt 0.162418 0.917935
vt 0.162418 0.765869
vt 0.163566 0.917935
vt 0.399673 0.765869
vt 0.399673 0.917935
vt 0.398525 0.917935
vt 0.398525 0.765869
vt 0.945996 0.312957
vt 0.945996 0.304297
vt 0.945996 0.305445
vt 0.945996 0.311809
vt 0.527034 0.765869
vt 0.527034 0.613804
vt 0.533398 0.613804
vt 0.533398 0.765869
vt 0.497350 0.765869
vt 0.497350 0.917934
vt 0.495030 0.917934
vt 0.495030 0.765869
vt 0.874094 0.939021
vt 0.874094 0.932657
vt 0.876414 0.932657
vt 0.876414 0.939021
vt 0.540359 0.765869
vt 0.540359 0.916607
vt 0.523403 0.917307
vt 0.524504 0.765869
vt 0.524504 0.917307
vt 0.656512 0.776347
vt 0.656512 0.617122
vt 0.659587 0.616723
vt 0.659587 0.775948
vt 0.921962 0.613409
vt 0.921962 0.469918
vt 0.923064 0.469918
vt 0.923064 0.613409
vt 0.717134 0.617122
vt 0.717134 0.776347
vt 0.716847 0.776310
vt 0.716847 0.617085
vt 0.943676 0.483444
vt 0.943676 0.480499
vt 0.944777 0.480499
vt 0.944777 0.483444
vt 0.943676 0.371521
vt 0.943676 0.368576
vt 0.944777 0.368576
vt 0.944777 0.371521
vt 0.944561 0.792666
vt 0.944561 0.795061
vt 0.943676 0.795061
vt 0.943676 0.792666
vt 0.714060 0.775948
vt 0.714347 0.775985
vt 0.767196 0.838368
vt 0.767196 0.835268
vt 0.767196 0.835557
vt 0.767196 0.838078
vt 0.714060 0.616723
vt 0.714347 0.616760
vt 0.129660 0.925095
vt 0.129660 0.765869
vt 0.132160 0.766194
vt 0.132160 0.925419
vt 0.789934 0.930456
vt 0.789934 0.786966
vt 0.943676 0.797456
vt 0.944561 0.797456
vt 0.936418 0.319881
vt 0.936418 0.168443
vt 0.937303 0.168443
vt 0.937303 0.319881
vt 0.859949 0.472573
vt 0.861051 0.472573
vt 0.861051 0.604744
vt 0.828078 0.486546
vt 0.828078 0.327711
vt 0.831149 0.328143
vt 0.831149 0.486978
vt 0.927988 0.916127
vt 0.927988 0.773354
vt 0.929089 0.773354
vt 0.929089 0.916127
vt 0.832573 0.613804
vt 0.832573 0.772639
vt 0.832286 0.772680
vt 0.832286 0.613845
vt 0.943676 0.188800
vt 0.943676 0.185853
vt 0.944777 0.185853
vt 0.944777 0.188800
vt 0.943676 0.306699
vt 0.943676 0.303751
vt 0.944777 0.303751
vt 0.944777 0.306699
vt 0.944561 0.701640
vt 0.944561 0.704037
vt 0.943676 0.704037
vt 0.943676 0.701640
vt 0.829503 0.773072
vt 0.829789 0.773031
vt 0.829503 0.614237
vt 0.829789 0.614196
vt 0.194233 0.925056
vt 0.194233 0.766221
vt 0.196729 0.765869
vt 0.196729 0.924704
vt 0.647868 0.789884
vt 0.647868 0.932657
vt 0.646982 0.932657
vt 0.646982 0.789884
vt 0.944561 0.670481
vt 0.944561 0.672878
vt 0.943676 0.672878
vt 0.943676 0.670481
vt 0.742277 0.795108
vt 0.742577 0.927278
vt 0.915435 0.159200
vt 0.915435 0.008462
vt 0.918435 0.008462
vt 0.918435 0.159200
vt 0.036305 0.765869
vt 0.036305 0.613804
vt 0.044965 0.613804
vt 0.044965 0.765869
vt 0.864434 0.008462
vt 0.864434 0.160527
vt 0.945996 0.312957
vt 0.945996 0.321618
vt 0.945996 0.320470
vt 0.945996 0.314106
vt 0.608562 0.932657
vt 0.608562 0.941318
vt 0.605561 0.941318
vt 0.560561 0.932657
vt 0.560561 0.941318
vt 0.907785 0.764542
vt 0.907785 0.613804
vt 0.910785 0.613804
vt 0.910785 0.764542
vt 0.728306 0.616723
vt 0.728306 0.464658
vt 0.736967 0.464658
vt 0.736967 0.616723
vt 0.861431 0.472573
vt 0.864431 0.320508
vt 0.864431 0.472573
vt 0.768534 0.616723
vt 0.768534 0.768788
vt 0.767725 0.768788
vt 0.767725 0.616723
vt 0.314559 0.932657
vt 0.314559 0.941318
vt 0.311559 0.941318
vt 0.284559 0.932657
vt 0.284559 0.941318
vt 0.680677 0.939700
vt 0.680677 0.932657
vt 0.683089 0.932657
vt 0.683089 0.939700
vt 0.767196 0.898450
vt 0.767196 0.889790
vt 0.767196 0.890599
vt 0.767196 0.897641
vt 0.945996 0.330278
vt 0.945996 0.329469
vt 0.945996 0.322427
vt 0.932279 0.968996
vt 0.932281 0.969805
vt 0.780216 0.970166
vt 0.170608 0.613804
vt 0.170608 0.765869
vt 0.256354 0.765869
vt 0.256354 0.917934
vt 0.683089 0.939700
vt 0.683089 0.932657
vt 0.685501 0.932657
vt 0.685501 0.939700
vt 0.357418 0.916607
vt 0.357418 0.765869
vt 0.359829 0.765869
vt 0.359829 0.916607
vt 0.943676 0.103925
vt 0.945996 0.103925
vt 0.859969 0.917934
vt 0.859969 0.765869
vt 0.861117 0.765869
vt 0.861117 0.917934
vt 0.232919 0.765869
vt 0.232919 0.917935
vt 0.231771 0.917935
vt 0.231771 0.765869
vt 0.945996 0.338938
vt 0.945996 0.330278
vt 0.945996 0.331426
vt 0.945996 0.337790
vt 0.409975 0.765869
vt 0.409975 0.613804
vt 0.416339 0.613804
vt 0.416339 0.765869
vt 0.448756 0.765869
vt 0.448756 0.917934
vt 0.446436 0.917934
vt 0.446436 0.765869
vt 0.832331 0.932657
vt 0.832331 0.939021
vt 0.549047 0.916607
vt 0.549047 0.765869
vt 0.551367 0.765869
vt 0.551367 0.916607
vt 0.594213 0.917307
vt 0.594213 0.765869
vt 0.595314 0.765869
vt 0.595314 0.917307
vt 0.720209 0.776347
vt 0.720209 0.617122
vt 0.723283 0.616723
vt 0.723283 0.775948
vt 0.897735 0.613409
vt 0.897735 0.469918
vt 0.898836 0.469918
vt 0.898836 0.613409
vt 0.615340 0.959605
vt 0.774562 0.960584
vt 0.774524 0.960871
vt 0.615301 0.959892
vt 0.943676 0.486389
vt 0.943676 0.483444
vt 0.944777 0.483444
vt 0.944777 0.486389
vt 0.943676 0.374467
vt 0.943676 0.371521
vt 0.944777 0.374467
vt 0.944561 0.723207
vt 0.943676 0.723207
vt 0.945996 0.058606
vt 0.945996 0.061706
vt 0.945996 0.061416
vt 0.945996 0.058896
vt 0.945996 0.342038
vt 0.945996 0.338938
vt 0.945996 0.339228
vt 0.945996 0.341749
vt 0.774525 0.960583
vt 0.615303 0.959604
vt 0.615342 0.959317
vt 0.774564 0.960297
vt 0.099436 0.925095
vt 0.099436 0.765869
vt 0.101936 0.766194
vt 0.101936 0.925419
vt 0.798786 0.786966
vt 0.798786 0.930456
vt 0.797901 0.930456
vt 0.797901 0.786966
vt 0.944561 0.869310
vt 0.944561 0.871705
vt 0.943676 0.871705
vt 0.943676 0.869310
vt 0.936670 0.605693
vt 0.936670 0.454255
vt 0.937556 0.454255
vt 0.937556 0.605693
vt 0.845633 0.472573
vt 0.845633 0.604744
vt 0.831149 0.327278
vt 0.831149 0.168443
vt 0.834219 0.168876
vt 0.834219 0.327711
vt 0.727479 0.919120
vt 0.727479 0.776347
vt 0.728581 0.776347
vt 0.728581 0.919120
vt 0.834223 0.008462
vt 0.834223 0.167297
vt 0.833936 0.167338
vt 0.833936 0.008503
vt 0.943676 0.191748
vt 0.943676 0.188800
vt 0.944777 0.188800
vt 0.944777 0.191748
vt 0.943676 0.162273
vt 0.944777 0.162273
vt 0.944561 0.555432
vt 0.943676 0.555432
vt 0.831152 0.167730
vt 0.831439 0.167689
vt 0.767196 0.866268
vt 0.767196 0.869369
vt 0.767196 0.869079
vt 0.767196 0.866557
vt 0.831152 0.008895
vt 0.831439 0.008854
vt 0.196729 0.925056
vt 0.196729 0.766221
vt 0.199226 0.765869
vt 0.199226 0.924704
vt 0.648753 0.789884
vt 0.648753 0.932657
vt 0.647868 0.932657
vt 0.647868 0.789884
vt 0.944561 0.675275
vt 0.943676 0.675275
vt 0.747347 0.980730
vt 0.615178 0.979917
vt 0.615184 0.979032
vt 0.747352 0.979845
vt 0.912431 0.168443
vt 0.059596 0.765869
vt 0.059596 0.613804
vt 0.068257 0.613804
vt 0.068257 0.765869
vt 0.862785 0.613804
vt 0.865785 0.613804
vt 0.865785 0.765869
vt 0.945996 0.350699
vt 0.945996 0.349551
vt 0.945996 0.343186
vt 0.611562 0.932657
vt 0.611562 0.941318
vt 0.563561 0.932657
vt 0.563561 0.941318
vt 0.909435 0.159200
vt 0.909435 0.008462
vt 0.912435 0.159200
vt 0.650364 0.616723
vt 0.659024 0.616723
vt 0.864431 0.168443
vt 0.867431 0.168443
vt 0.867431 0.320508
vt 0.943676 0.920853
vt 0.942867 0.920853
vt 0.317559 0.932657
vt 0.317559 0.941318
vt 0.314559 0.941318
vt 0.314559 0.932657
vt 0.248558 0.932657
vt 0.248558 0.941318
vt 0.245558 0.941318
vt 0.245558 0.932657
vt 0.685501 0.939700
vt 0.685501 0.932657
vt 0.687912 0.932657
vt 0.687912 0.939700
vt 0.767196 0.907111
vt 0.767196 0.898450
vt 0.767196 0.899259
vt 0.767196 0.906302
vt 0.945996 0.350699
vt 0.945996 0.359359
vt 0.945996 0.358550
vt 0.945996 0.351508
vt 0.112937 0.917307
vt 0.112937 0.765242
vt 0.113746 0.765242
vt 0.113746 0.917307
vt 0.170608 0.765869
vt 0.170608 0.613804
vt 0.177651 0.613804
vt 0.177651 0.765869
vt 0.258766 0.765869
vt 0.258766 0.917934
vt 0.687912 0.939700
vt 0.687912 0.932657
vt 0.690324 0.932657
vt 0.690324 0.939700
vt 0.338481 0.916607
vt 0.338481 0.765869
vt 0.340892 0.765869
vt 0.340892 0.916607
vt 0.943676 0.059376
vt 0.945996 0.059376
vt 0.862785 0.917934
vt 0.862785 0.765869
vt 0.863933 0.765869
vt 0.863933 0.917934
vt 0.262325 0.765869
vt 0.262325 0.917935
vt 0.261177 0.917935
vt 0.261177 0.765869
vt 0.945996 0.368019
vt 0.945996 0.360507
vt 0.945996 0.366871
vt 0.416339 0.765869
vt 0.416339 0.613804
vt 0.422703 0.613804
vt 0.422703 0.765869
vt 0.505438 0.765869
vt 0.505438 0.917934
vt 0.503118 0.917934
vt 0.503118 0.765869
vt 0.832331 0.939021
vt 0.832331 0.932657
vt 0.834651 0.932657
vt 0.834651 0.939021
vt 0.551367 0.916607
vt 0.551367 0.765869
vt 0.553687 0.765869
vt 0.553687 0.916607
vt 0.808243 0.773072
vt 0.808243 0.924509
vt 0.736967 0.776347
vt 0.736967 0.617122
vt 0.740041 0.616723
vt 0.740041 0.775948
vt 0.896633 0.613409
vt 0.896633 0.469918
vt 0.897735 0.469918
vt 0.897735 0.613409
vt 0.615332 0.961041
vt 0.774554 0.962020
vt 0.774515 0.962307
vt 0.615292 0.961327
vt 0.943676 0.489335
vt 0.943676 0.486389
vt 0.944777 0.486389
vt 0.944777 0.489335
vt 0.943676 0.377412
vt 0.943676 0.374467
vt 0.944777 0.374467
vt 0.944777 0.377412
vt 0.944561 0.725602
vt 0.943676 0.725602
vt 0.767196 0.853868
vt 0.767196 0.856968
vt 0.767196 0.856678
vt 0.767196 0.854157
vt 0.945996 0.371119
vt 0.945996 0.368019
vt 0.945996 0.368309
vt 0.945996 0.370830
vt 0.774527 0.960296
vt 0.615305 0.959317
vt 0.615344 0.959030
vt 0.774566 0.960009
vt 0.407475 0.773029
vt 0.407475 0.613804
vt 0.409975 0.614129
vt 0.409975 0.773354
vt 0.794360 0.786966
vt 0.794360 0.930456
vt 0.793475 0.786966
vt 0.944561 0.854939
vt 0.943676 0.854939
vt 0.937556 0.605693
vt 0.937556 0.757131
vt 0.861051 0.604744
vt 0.861051 0.472573
vt 0.862152 0.472573
vt 0.862152 0.604744
vt 0.800448 0.326922
vt 0.800448 0.168087
vt 0.803518 0.168519
vt 0.803518 0.327354
vt 0.655411 0.919120
vt 0.655411 0.776347
vt 0.656512 0.776347
vt 0.656512 0.919120
vt 0.804939 0.613804
vt 0.804939 0.772639
vt 0.804652 0.772680
vt 0.804652 0.613845
vt 0.943676 0.194695
vt 0.944777 0.194695
vt 0.944777 0.141641
vt 0.943676 0.141641
vt 0.944561 0.557829
vt 0.943676 0.557829
vt 0.801868 0.773072
vt 0.802155 0.773031
vt 0.767196 0.869369
vt 0.767196 0.872469
vt 0.767196 0.872180
vt 0.767196 0.869658
vt 0.801868 0.614237
vt 0.802155 0.614196
vt 0.137157 0.925056
vt 0.137157 0.766221
vt 0.139654 0.765869
vt 0.139654 0.924704
vt 0.941733 0.008462
vt 0.941733 0.151235
vt 0.940848 0.151235
vt 0.940848 0.008462
vt 0.944561 0.653703
vt 0.943676 0.653703
vt 0.615184 0.979032
vt 0.615189 0.978147
vt 0.747357 0.978959
vt 0.659024 0.160528
vt 0.659024 0.008462
vt 0.667684 0.008462
vt 0.667684 0.160528
vt 0.858431 0.320508
vt 0.945996 0.371119
vt 0.945996 0.379780
vt 0.945996 0.378632
vt 0.945996 0.372267
vt 0.440560 0.932657
vt 0.440560 0.941318
vt 0.371559 0.932657
vt 0.371559 0.941318
vt 0.894431 0.319181
vt 0.897431 0.319181
vt 0.897431 0.469918
vt 0.702326 0.464658
vt 0.710986 0.464658
vt 0.843431 0.320508
vt 0.843431 0.168443
vt 0.846431 0.168443
vt 0.846431 0.320508
vt 0.932254 0.958480
vt 0.780189 0.958842
vt 0.780187 0.958033
vt 0.509561 0.932657
vt 0.509561 0.941318
vt 0.506561 0.932657
vt 0.398560 0.932657
vt 0.398560 0.941318
vt 0.784374 0.939700
vt 0.784374 0.932657
vt 0.786785 0.932657
vt 0.786785 0.939700
vt 0.945996 0.388440
vt 0.945996 0.379780
vt 0.945996 0.380589
vt 0.945996 0.387631
vt 0.945996 0.388440
vt 0.945996 0.397100
vt 0.945996 0.396291
vt 0.945996 0.389249
vt 0.780243 0.981491
vt 0.932309 0.981939
vt 0.780245 0.982300
vt 0.263204 0.765869
vt 0.263204 0.613804
vt 0.270247 0.613804
vt 0.270247 0.765869
vt 0.219116 0.765869
vt 0.219116 0.917934
vt 0.216704 0.917934
vt 0.216704 0.765869
vt 0.690324 0.939700
vt 0.690324 0.932657
vt 0.692735 0.932657
vt 0.692735 0.939700
vt 0.313299 0.916607
vt 0.313299 0.765869
vt 0.315711 0.765869
vt 0.315711 0.916607
vt 0.943676 0.021191
vt 0.945996 0.021191
vt 0.850785 0.917934
vt 0.850785 0.765869
vt 0.851933 0.765869
vt 0.851933 0.917934
vt 0.667684 0.616723
vt 0.667684 0.768788
vt 0.666536 0.768788
vt 0.666536 0.616723
vt 0.945996 0.405761
vt 0.945996 0.397100
vt 0.945996 0.398248
vt 0.945996 0.404613
vt 0.608048 0.765869
vt 0.608048 0.613804
vt 0.614412 0.613804
vt 0.614412 0.765869
vt 0.535720 0.613804
vt 0.535720 0.765869
vt 0.533400 0.765869
vt 0.533400 0.613804
vt 0.929777 0.932657
vt 0.929777 0.939022
vt 0.516442 0.765869
vt 0.518763 0.765869
vt 0.518763 0.916607
vt 0.894684 0.917307
vt 0.894684 0.765869
vt 0.895785 0.765869
vt 0.895785 0.917307
vt 0.768534 0.776347
vt 0.768534 0.617122
vt 0.771608 0.616723
vt 0.771608 0.775948
vt 0.898836 0.469918
vt 0.899937 0.469918
vt 0.899937 0.613409
vt 0.789579 0.614203
vt 0.789579 0.773428
vt 0.789292 0.773391
vt 0.789292 0.614166
vt 0.943676 0.380357
vt 0.943676 0.377412
vt 0.944777 0.377412
vt 0.944777 0.380357
vt 0.943676 0.383303
vt 0.943676 0.380357
vt 0.944777 0.380357
vt 0.944777 0.383303
vt 0.944561 0.799851
vt 0.943676 0.799851
vt 0.945996 0.052406
vt 0.945996 0.055506
vt 0.945996 0.055216
vt 0.945996 0.052696
vt 0.786505 0.613804
vt 0.786792 0.613842
vt 0.786505 0.773029
vt 0.786792 0.773067
vt 0.102898 0.925095
vt 0.102898 0.765869
vt 0.105398 0.766194
vt 0.105398 0.925419
vt 0.795245 0.786966
vt 0.795245 0.930456
vt 0.794360 0.930456
vt 0.794360 0.786966
vt 0.944561 0.771110
vt 0.944561 0.773505
vt 0.943676 0.773505
vt 0.943676 0.771110
vt 0.935488 0.924792
vt 0.935488 0.773354
vt 0.862152 0.604744
vt 0.862152 0.472573
vt 0.863253 0.472573
vt 0.863253 0.604744
vt 0.812730 0.167298
vt 0.812730 0.008463
vt 0.815800 0.008895
vt 0.815800 0.167730
vt 0.654310 0.919120
vt 0.654310 0.776347
vt 0.655411 0.776347
vt 0.655411 0.919120
vt 0.815796 0.327711
vt 0.815796 0.486546
vt 0.815510 0.486586
vt 0.815510 0.327751
vt 0.943676 0.289014
vt 0.944777 0.289014
vt 0.944777 0.247750
vt 0.943676 0.247750
vt 0.944561 0.624941
vt 0.944561 0.627337
vt 0.943676 0.627337
vt 0.943676 0.624941
vt 0.812726 0.486978
vt 0.813013 0.486938
vt 0.812726 0.328143
vt 0.813013 0.328103
vt 0.178547 0.925056
vt 0.178547 0.766221
vt 0.181044 0.765869
vt 0.181044 0.924704
vt 0.802327 0.786966
vt 0.802327 0.929739
vt 0.801442 0.929739
vt 0.801442 0.786966
vt 0.944561 0.605766
vt 0.943676 0.605766
vt 0.747439 0.965681
vt 0.747444 0.964796
vt 0.895785 0.764542
vt 0.895785 0.613804
vt 0.898785 0.613804
vt 0.898785 0.764542
vt 0.745627 0.312593
vt 0.745627 0.160528
vt 0.754287 0.160528
vt 0.754287 0.312593
vt 0.818871 0.326997
vt 0.818871 0.174932
vt 0.821871 0.174932
vt 0.821871 0.326997
vt 0.945996 0.414421
vt 0.945996 0.413273
vt 0.945996 0.406909
vt 0.512561 0.932657
vt 0.512561 0.941318
vt 0.509561 0.941318
vt 0.509561 0.932657
vt 0.443560 0.932657
vt 0.443560 0.941318
vt 0.915431 0.319181
vt 0.915431 0.168443
vt 0.918431 0.168443
vt 0.918431 0.319181
vt 0.693665 0.312593
vt 0.693665 0.160528
vt 0.702325 0.160528
vt 0.702325 0.312593
vt 0.843434 0.160527
vt 0.843434 0.008462
vt 0.846434 0.008462
vt 0.846434 0.160527
vt 0.932265 0.963334
vt 0.780201 0.963695
vt 0.780199 0.962886
vt 0.932263 0.962525
vt 0.515561 0.932657
vt 0.515561 0.941318
vt 0.512561 0.941318
vt 0.512561 0.932657
vt 0.401560 0.932657
vt 0.401560 0.941318
vt 0.789197 0.932657
vt 0.789197 0.939700
vt 0.945996 0.423081
vt 0.945996 0.414421
vt 0.945996 0.415230
vt 0.945996 0.422272
vt 0.945996 0.431742
vt 0.945996 0.430933
vt 0.945996 0.423890
vt 0.780245 0.982300
vt 0.932310 0.981939
vt 0.932311 0.982748
vt 0.780247 0.983109
vt 0.270247 0.765869
vt 0.270247 0.613804
vt 0.277289 0.613804
vt 0.277289 0.765869
vt 0.221527 0.765869
vt 0.221527 0.917934
vt 0.692735 0.939700
vt 0.692735 0.932657
vt 0.695147 0.932657
vt 0.695147 0.939700
vt 0.315711 0.916607
vt 0.318122 0.765869
vt 0.318122 0.916607
vt 0.876414 0.939022
vt 0.876414 0.932657
vt 0.878734 0.932657
vt 0.878734 0.939022
vt 0.855377 0.917934
vt 0.855377 0.765869
vt 0.856525 0.765869
vt 0.856525 0.917934
vt 0.269175 0.765869
vt 0.269175 0.917935
vt 0.268027 0.917935
vt 0.268027 0.765869
vt 0.945996 0.440402
vt 0.945996 0.432890
vt 0.945996 0.439254
vt 0.563499 0.765869
vt 0.563499 0.613804
vt 0.569863 0.613804
vt 0.569863 0.765869
vt 0.544405 0.613804
vt 0.544405 0.765869
vt 0.542084 0.765869
vt 0.542084 0.613804
vt 0.881054 0.932657
vt 0.881054 0.939022
vt 0.533398 0.916607
vt 0.876683 0.917307
vt 0.876683 0.765869
vt 0.877785 0.765869
vt 0.877785 0.917307
vt 0.746190 0.776347
vt 0.749264 0.616723
vt 0.749264 0.775948
vt 0.902140 0.613409
vt 0.902140 0.469918
vt 0.903241 0.469918
vt 0.903241 0.613409
vt 0.752338 0.617122
vt 0.752338 0.776347
vt 0.752051 0.776310
vt 0.752051 0.617085
vt 0.943676 0.492280
vt 0.943676 0.489335
vt 0.944777 0.489335
vt 0.944777 0.492280
vt 0.943676 0.386248
vt 0.943676 0.383303
vt 0.944777 0.383303
vt 0.944777 0.386248
vt 0.944561 0.840568
vt 0.943676 0.840568
vt 0.945996 0.440402
vt 0.945996 0.443502
vt 0.945996 0.443212
vt 0.945996 0.440691
vt 0.749264 0.616723
vt 0.749551 0.616760
vt 0.749264 0.775948
vt 0.749551 0.775985
vt 0.931931 0.327668
vt 0.931931 0.168443
vt 0.934431 0.168768
vt 0.934431 0.327993
vt 0.799671 0.786966
vt 0.799671 0.930456
vt 0.798786 0.930456
vt 0.798786 0.786966
vt 0.944561 0.756739
vt 0.943676 0.756739
vt 0.938143 0.773354
vt 0.938143 0.924792
vt 0.878671 0.604744
vt 0.878671 0.472573
vt 0.879772 0.472573
vt 0.879772 0.604744
vt 0.831149 0.486546
vt 0.831149 0.327711
vt 0.834219 0.328143
vt 0.834219 0.486978
vt 0.524530 0.916127
vt 0.524530 0.773354
vt 0.525632 0.773354
vt 0.525632 0.916127
vt 0.835643 0.613804
vt 0.835643 0.772639
vt 0.835357 0.772680
vt 0.835357 0.613845
vt 0.943676 0.330278
vt 0.944777 0.330278
vt 0.943676 0.268382
vt 0.944777 0.268382
vt 0.944561 0.627337
vt 0.944561 0.629734
vt 0.943676 0.629734
vt 0.943676 0.627337
vt 0.832573 0.773072
vt 0.832860 0.773031
vt 0.832573 0.614237
vt 0.832860 0.614196
vt 0.181044 0.925056
vt 0.181044 0.766221
vt 0.183541 0.765869
vt 0.183541 0.924704
vt 0.942867 0.597745
vt 0.942867 0.740518
vt 0.941982 0.740518
vt 0.941982 0.597745
vt 0.944561 0.588988
vt 0.943676 0.588988
vt 0.739036 0.927287
vt 0.738736 0.795116
vt 0.739622 0.795114
vt 0.739921 0.927285
vt 0.915431 0.469918
vt 0.915431 0.319181
vt 0.918431 0.319181
vt 0.918431 0.469918
vt 0.667684 0.312593
vt 0.843431 0.472573
vt 0.846431 0.472573
vt 0.945996 0.443502
vt 0.945996 0.452162
vt 0.945996 0.451014
vt 0.945996 0.444650
vt 0.320559 0.932657
vt 0.320559 0.941318
vt 0.317559 0.941318
vt 0.317559 0.932657
vt 0.251558 0.932657
vt 0.251558 0.941318
vt 0.248558 0.941318
vt 0.913785 0.764542
vt 0.745627 0.464658
vt 0.745627 0.312593
vt 0.754287 0.312593
vt 0.754287 0.464658
vt 0.844784 0.765869
vt 0.844784 0.613804
vt 0.847785 0.613804
vt 0.847785 0.765869
vt 0.932282 0.970614
vt 0.780218 0.970975
vt 0.780216 0.970166
vt 0.932281 0.969805
vt 0.614562 0.932657
vt 0.614562 0.941318
vt 0.611562 0.941318
vt 0.611562 0.932657
vt 0.476560 0.932657
vt 0.476560 0.941318
vt 0.815724 0.932657
vt 0.815724 0.939700
vt 0.945996 0.460823
vt 0.945996 0.452162
vt 0.945996 0.452971
vt 0.945996 0.460014
vt 0.945996 0.460823
vt 0.945996 0.469483
vt 0.945996 0.468674
vt 0.945996 0.461631
vt 0.780264 0.990389
vt 0.932329 0.990028
vt 0.932330 0.990837
vt 0.780266 0.991198
vt 0.177651 0.765869
vt 0.177651 0.613804
vt 0.184693 0.613804
vt 0.184693 0.765869
vt 0.243637 0.917934
vt 0.243637 0.765869
vt 0.697558 0.932657
vt 0.697558 0.939700
vt 0.340892 0.916607
vt 0.340892 0.765869
vt 0.343304 0.765869
vt 0.343304 0.916607
vt 0.881054 0.939021
vt 0.881054 0.932657
vt 0.883374 0.932657
vt 0.883374 0.939021
vt 0.438328 0.917935
vt 0.438328 0.765869
vt 0.439476 0.765869
vt 0.439476 0.917935
vt 0.434856 0.765869
vt 0.434856 0.917935
vt 0.433708 0.917935
vt 0.433708 0.765869
vt 0.945996 0.478143
vt 0.945996 0.469483
vt 0.945996 0.470631
vt 0.945996 0.476995
vt 0.557135 0.765869
vt 0.557135 0.613804
vt 0.563499 0.613804
vt 0.563499 0.765869
vt 0.421941 0.765869
vt 0.421941 0.917934
vt 0.419621 0.917934
vt 0.419621 0.765869
vt 0.883374 0.932657
vt 0.885694 0.932657
vt 0.885694 0.939021
vt 0.507162 0.916607
vt 0.507162 0.765869
vt 0.509482 0.765869
vt 0.509482 0.916607
vt 0.808243 0.924509
vt 0.808243 0.773072
vt 0.809344 0.773072
vt 0.809344 0.924509
vt 0.653438 0.776347
vt 0.653438 0.617122
vt 0.656512 0.616723
vt 0.656512 0.775948
vt 0.903241 0.613409
vt 0.904342 0.469918
vt 0.904342 0.613409
vt 0.693665 0.617122
vt 0.693665 0.776347
vt 0.693378 0.776310
vt 0.693378 0.617085
vt 0.943676 0.495225
vt 0.943676 0.492280
vt 0.944777 0.492280
vt 0.944777 0.495225
vt 0.943676 0.389193
vt 0.943676 0.386248
vt 0.944777 0.386248
vt 0.944777 0.389193
vt 0.944561 0.802246
vt 0.943676 0.802246
vt 0.690591 0.775948
vt 0.690878 0.775985
vt 0.767196 0.860068
vt 0.767196 0.856968
vt 0.767196 0.857257
vt 0.767196 0.859778
vt 0.690591 0.616723
vt 0.690878 0.616760
vt 0.118746 0.925095
vt 0.118746 0.765869
vt 0.121246 0.766194
vt 0.121246 0.925419
vt 0.800557 0.786966
vt 0.800557 0.930456
vt 0.799671 0.930456
vt 0.799671 0.786966
vt 0.943676 0.804641
vt 0.943676 0.802246
vt 0.944561 0.802246
vt 0.944561 0.804641
vt 0.102012 0.917307
vt 0.102012 0.765869
vt 0.102898 0.765869
vt 0.102898 0.917307
vt 0.845633 0.604744
vt 0.845633 0.472573
vt 0.846734 0.472573
vt 0.846734 0.604744
vt 0.803518 0.167297
vt 0.803518 0.008462
vt 0.806589 0.008895
vt 0.806589 0.167730
vt 0.526733 0.773354
vt 0.526733 0.916127
vt 0.806585 0.327711
vt 0.806585 0.486546
vt 0.806298 0.486586
vt 0.806298 0.327751
vt 0.943676 0.197643
vt 0.943676 0.194695
vt 0.944777 0.194695
vt 0.944777 0.197643
vt 0.943676 0.309646
vt 0.944777 0.309646
vt 0.944561 0.704037
vt 0.944561 0.706434
vt 0.943676 0.706434
vt 0.943676 0.704037
vt 0.803515 0.486978
vt 0.803801 0.486937
vt 0.803515 0.328143
vt 0.803801 0.328103
vt 0.199226 0.925056
vt 0.199226 0.766221
vt 0.201723 0.765869
vt 0.201723 0.924704
vt 0.640786 0.789884
vt 0.640786 0.932657
vt 0.639901 0.932657
vt 0.639901 0.789884
vt 0.944561 0.675275
vt 0.944561 0.677672
vt 0.943676 0.677672
vt 0.943676 0.675275
vt 0.615195 0.977261
vt 0.747363 0.978074
vt 0.916785 0.613804
vt 0.919785 0.613804
vt 0.919785 0.764542
vt 0.050936 0.765869
vt 0.050936 0.613804
vt 0.059596 0.613804
vt 0.059596 0.765869
vt 0.945996 0.478143
vt 0.945996 0.486803
vt 0.945996 0.485655
vt 0.945996 0.479291
vt 0.617562 0.932657
vt 0.617562 0.941318
vt 0.614562 0.941318
vt 0.614562 0.932657
vt 0.566561 0.932657
vt 0.566561 0.941318
vt 0.897431 0.319181
vt 0.897431 0.168443
vt 0.900431 0.168443
vt 0.745627 0.616723
vt 0.745627 0.464658
vt 0.754287 0.464658
vt 0.754287 0.616723
vt 0.858434 0.160527
vt 0.932229 0.947964
vt 0.780164 0.948326
vt 0.780162 0.947517
vt 0.932227 0.947155
vt 0.323559 0.932657
vt 0.323559 0.941318
vt 0.287559 0.932657
vt 0.287559 0.941318
vt 0.697558 0.939700
vt 0.697558 0.932657
vt 0.699970 0.932657
vt 0.699970 0.939700
vt 0.945996 0.495464
vt 0.945996 0.486804
vt 0.945996 0.487612
vt 0.945996 0.494655
vt 0.945996 0.495464
vt 0.945996 0.504124
vt 0.945996 0.503315
vt 0.945996 0.496273
vt 0.780266 0.991198
vt 0.932331 0.990837
vt 0.932333 0.991645
vt 0.780268 0.992007
vt 0.277289 0.765869
vt 0.277289 0.613804
vt 0.284332 0.613804
vt 0.284332 0.765869
vt 0.047862 0.613804
vt 0.045450 0.765869
vt 0.045450 0.613804
vt 0.699970 0.939700
vt 0.699970 0.932657
vt 0.702381 0.932657
vt 0.702381 0.939700
vt 0.343304 0.916607
vt 0.343304 0.765869
vt 0.345716 0.765869
vt 0.345716 0.916607
vt 0.943676 0.110289
vt 0.945996 0.110289
vt 0.861637 0.917934
vt 0.861637 0.765869
vt 0.460313 0.765869
vt 0.460313 0.917934
vt 0.459165 0.917934
vt 0.459165 0.765869
vt 0.945996 0.512784
vt 0.945996 0.504124
vt 0.945996 0.505272
vt 0.945996 0.511636
vt 0.448160 0.765869
vt 0.448160 0.613804
vt 0.454524 0.613804
vt 0.454524 0.765869
vt 0.428902 0.765870
vt 0.428902 0.917934
vt 0.834651 0.939021
vt 0.834651 0.932657
vt 0.836971 0.932657
vt 0.836971 0.939021
vt 0.553687 0.916607
vt 0.553687 0.765869
vt 0.556007 0.765869
vt 0.556007 0.916607
vt 0.804939 0.924510
vt 0.804939 0.773072
vt 0.806040 0.924510
vt 0.687517 0.776347
vt 0.687517 0.617122
vt 0.690591 0.616723
vt 0.690591 0.775948
vt 0.923064 0.613409
vt 0.923064 0.469918
vt 0.924165 0.469918
vt 0.924165 0.613409
vt 0.615363 0.955871
vt 0.774586 0.956850
vt 0.774547 0.957137
vt 0.615324 0.956158
vt 0.943676 0.498171
vt 0.943676 0.495225
vt 0.944777 0.495225
vt 0.944777 0.498171
vt 0.943676 0.392139
vt 0.943676 0.389193
vt 0.944777 0.389193
vt 0.944777 0.392139
vt 0.944561 0.727997
vt 0.943676 0.727997
vt 0.945996 0.512784
vt 0.945996 0.515885
vt 0.945996 0.515595
vt 0.945996 0.513074
vt 0.767196 0.863168
vt 0.767196 0.860068
vt 0.767196 0.860358
vt 0.767196 0.862878
vt 0.774529 0.960009
vt 0.615307 0.959030
vt 0.615346 0.958743
vt 0.774568 0.959722
vt 0.924431 0.327668
vt 0.924431 0.168443
vt 0.926931 0.168768
vt 0.926931 0.327993
vt 0.789934 0.786966
vt 0.789934 0.930456
vt 0.789049 0.930456
vt 0.789049 0.786966
vt 0.944561 0.874100
vt 0.943676 0.874100
vt 0.935536 0.159900
vt 0.935536 0.008462
vt 0.864354 0.472573
vt 0.864354 0.604744
vt 0.837293 0.167297
vt 0.837293 0.008462
vt 0.840364 0.008895
vt 0.840364 0.167730
vt 0.774782 0.916127
vt 0.774782 0.773354
vt 0.775883 0.773354
vt 0.775883 0.916127
vt 0.837290 0.168443
vt 0.837290 0.327278
vt 0.837003 0.327319
vt 0.837003 0.168484
vt 0.943676 0.200590
vt 0.943676 0.197643
vt 0.944777 0.197643
vt 0.944777 0.200590
vt 0.943676 0.165221
vt 0.944777 0.165221
vt 0.944561 0.560226
vt 0.943676 0.560226
vt 0.834219 0.327711
vt 0.834506 0.327670
vt 0.945996 0.515884
vt 0.945996 0.518985
vt 0.945996 0.518695
vt 0.945996 0.516174
vt 0.834219 0.168876
vt 0.834506 0.168835
vt 0.163566 0.925056
vt 0.163566 0.766221
vt 0.166062 0.765869
vt 0.166062 0.924704
vt 0.649638 0.789884
vt 0.649638 0.932657
vt 0.648753 0.789884
vt 0.944561 0.680068
vt 0.943676 0.680068
vt 0.615287 0.962213
vt 0.747455 0.963025
vt 0.085577 0.765869
vt 0.085577 0.613804
vt 0.094237 0.613804
vt 0.094237 0.765869
vt 0.855431 0.472573
vt 0.858431 0.472573
vt 0.945996 0.518985
vt 0.945996 0.527645
vt 0.945996 0.526497
vt 0.945996 0.520133
vt 0.620562 0.932657
vt 0.620562 0.941318
vt 0.569561 0.932657
vt 0.569561 0.941318
vt 0.897431 0.469918
vt 0.897431 0.319181
vt 0.900431 0.319181
vt 0.900431 0.469918
vt 0.659024 0.464658
vt 0.659024 0.312593
vt 0.667684 0.312593
vt 0.667684 0.464658
vt 0.841784 0.765869
vt 0.841784 0.613804
vt 0.844784 0.613804
vt 0.844784 0.765869
vt 0.932231 0.948773
vt 0.780166 0.949134
vt 0.326559 0.932657
vt 0.326559 0.941318
vt 0.323559 0.941318
vt 0.323559 0.932657
vt 0.254558 0.932657
vt 0.254558 0.941318
vt 0.251558 0.941318
vt 0.702381 0.939700
vt 0.702381 0.932657
vt 0.704793 0.932657
vt 0.704793 0.939700
vt 0.945996 0.536306
vt 0.945996 0.528454
vt 0.945996 0.535497
vt 0.945996 0.536306
vt 0.945996 0.544966
vt 0.945996 0.544157
vt 0.945996 0.537115
vt 0.932232 0.949582
vt 0.780168 0.949943
vt 0.303268 0.765869
vt 0.303268 0.613804
vt 0.310311 0.613804
vt 0.310311 0.765869
vt 0.223939 0.765869
vt 0.223939 0.917934
vt 0.221527 0.765869
vt 0.704793 0.939700
vt 0.704793 0.932657
vt 0.707205 0.932657
vt 0.707205 0.939700
vt 0.318123 0.916607
vt 0.318123 0.765869
vt 0.320534 0.765869
vt 0.320534 0.916607
vt 0.943676 0.065740
vt 0.945996 0.065740
vt 0.868525 0.917934
vt 0.868525 0.765869
vt 0.869673 0.765869
vt 0.869673 0.917934
vt 0.490389 0.765869
vt 0.490389 0.917934
vt 0.489241 0.917934
vt 0.489241 0.765869
vt 0.945996 0.553626
vt 0.945996 0.544966
vt 0.945996 0.546114
vt 0.945996 0.552478
vt 0.454524 0.765869
vt 0.454524 0.613804
vt 0.460888 0.613804
vt 0.460888 0.765869
vt 0.424261 0.765869
vt 0.424261 0.917934
vt 0.421941 0.917934
vt 0.421941 0.765869
vt 0.836971 0.939021
vt 0.836971 0.932657
vt 0.839291 0.932657
vt 0.839291 0.939021
vt 0.569863 0.916607
vt 0.569863 0.765869
vt 0.572183 0.765869
vt 0.572183 0.916607
vt 0.880785 0.917307
vt 0.880785 0.765869
vt 0.881886 0.765869
vt 0.881886 0.917307
vt 0.684442 0.776347
vt 0.684442 0.617122
vt 0.687517 0.616723
vt 0.687517 0.775948
vt 0.827533 0.916562
vt 0.827533 0.773072
vt 0.828635 0.773072
vt 0.828635 0.916562
vt 0.615333 0.960753
vt 0.774555 0.961732
vt 0.774516 0.962019
vt 0.615294 0.961040
vt 0.943676 0.501116
vt 0.943676 0.498171
vt 0.944777 0.498171
vt 0.944777 0.501116
vt 0.943676 0.395084
vt 0.943676 0.392139
vt 0.944777 0.392139
vt 0.944777 0.395084
vt 0.944561 0.730392
vt 0.943676 0.730392
vt 0.945996 0.553627
vt 0.945996 0.556727
vt 0.945996 0.556437
vt 0.945996 0.553916
vt 0.767196 0.866268
vt 0.767196 0.863168
vt 0.767196 0.863457
vt 0.767196 0.865978
vt 0.774531 0.959722
vt 0.615309 0.958743
vt 0.615348 0.958456
vt 0.774570 0.959435
vt 0.926935 0.167688
vt 0.926935 0.008462
vt 0.929435 0.008787
vt 0.929435 0.168012
vt 0.792590 0.786966
vt 0.792590 0.930456
vt 0.791704 0.930456
vt 0.791704 0.786966
vt 0.944561 0.857334
vt 0.943676 0.857334
vt 0.122406 0.765242
vt 0.122406 0.613804
vt 0.123291 0.613804
vt 0.123291 0.765242
vt 0.872063 0.604744
vt 0.872063 0.472573
vt 0.873164 0.472573
vt 0.873164 0.604744
vt 0.803518 0.326565
vt 0.803518 0.167730
vt 0.806589 0.168162
vt 0.806589 0.326997
vt 0.712959 0.919120
vt 0.712959 0.776347
vt 0.714060 0.776347
vt 0.714060 0.919120
vt 0.808010 0.613804
vt 0.808009 0.772639
vt 0.807723 0.772680
vt 0.807723 0.613845
vt 0.943676 0.203538
vt 0.943676 0.200590
vt 0.944777 0.200590
vt 0.944777 0.203538
vt 0.944777 0.144588
vt 0.943676 0.144588
vt 0.944561 0.562622
vt 0.943676 0.562622
vt 0.804939 0.773072
vt 0.805226 0.773031
vt 0.767196 0.832167
vt 0.767196 0.835267
vt 0.767196 0.834978
vt 0.767196 0.832456
vt 0.804939 0.614237
vt 0.805226 0.614196
vt 0.134660 0.925056
vt 0.134660 0.766221
vt 0.137157 0.765869
vt 0.137157 0.924704
vt 0.803212 0.786966
vt 0.803212 0.929739
vt 0.802327 0.929739
vt 0.802327 0.786966
vt 0.944561 0.656100
vt 0.943676 0.656100
vt 0.615200 0.976376
vt 0.747368 0.977189
vt 0.921435 0.008462
vt 0.921435 0.159200
vt 0.693665 0.160528
vt 0.693665 0.008462
vt 0.867435 0.008462
vt 0.867435 0.160527
vt 0.945996 0.556726
vt 0.945996 0.565387
vt 0.945996 0.564239
vt 0.945996 0.557875
vt 0.446560 0.932657
vt 0.446560 0.941318
vt 0.443560 0.941318
vt 0.443560 0.932657
vt 0.374559 0.932657
vt 0.374559 0.941318
vt 0.921431 0.168443
vt 0.921431 0.319181
vt 0.702326 0.616723
vt 0.702326 0.464658
vt 0.710986 0.464658
vt 0.710986 0.616723
vt 0.864431 0.472573
vt 0.864431 0.320508
vt 0.867431 0.320508
vt 0.867431 0.472573
vt 0.932256 0.959289
vt 0.780191 0.959651
vt 0.780189 0.958842
vt 0.932254 0.958480
vt 0.518561 0.932657
vt 0.518561 0.941318
vt 0.515561 0.932657
vt 0.404560 0.932657
vt 0.404560 0.941318
vt 0.789197 0.939700
vt 0.789197 0.932657
vt 0.791609 0.932657
vt 0.791609 0.939700
vt 0.945996 0.574047
vt 0.945996 0.565387
vt 0.945996 0.566196
vt 0.945996 0.573238
vt 0.945996 0.574047
vt 0.945996 0.582707
vt 0.945996 0.581898
vt 0.945996 0.574856
vt 0.780235 0.978256
vt 0.932302 0.978703
vt 0.780237 0.979065
vt 0.191736 0.613804
vt 0.191736 0.765869
vt 0.261177 0.765869
vt 0.261177 0.917934
vt 0.258765 0.917934
vt 0.258765 0.765869
vt 0.707204 0.939700
vt 0.707204 0.932657
vt 0.709616 0.932657
vt 0.709616 0.939700
vt 0.359829 0.916607
vt 0.359829 0.765869
vt 0.362241 0.765869
vt 0.362241 0.916607
vt 0.943676 0.027555
vt 0.945996 0.027555
vt 0.845229 0.765869
vt 0.845229 0.917934
vt 0.288554 0.613804
vt 0.288554 0.765869
vt 0.287406 0.765869
vt 0.287406 0.613804
vt 0.945996 0.591368
vt 0.945996 0.582707
vt 0.945996 0.583855
vt 0.945996 0.590220
vt 0.505438 0.613804
vt 0.511802 0.613804
vt 0.511802 0.765869
vt 0.456844 0.765869
vt 0.456844 0.917934
vt 0.454524 0.917934
vt 0.454524 0.765869
vt 0.932097 0.932657
vt 0.932097 0.939022
vt 0.556007 0.916607
vt 0.556007 0.765869
vt 0.558327 0.765869
vt 0.558327 0.916607
vt 0.809344 0.924510
vt 0.809344 0.773072
vt 0.810445 0.773072
vt 0.810445 0.924510
vt 0.789579 0.773428
vt 0.789579 0.614203
vt 0.792653 0.613804
vt 0.792653 0.773030
vt 0.829736 0.773072
vt 0.829736 0.916562
vt 0.795727 0.614203
vt 0.795727 0.773428
vt 0.795440 0.773391
vt 0.795440 0.614166
vt 0.943676 0.398029
vt 0.943676 0.395084
vt 0.944777 0.395084
vt 0.944777 0.398029
vt 0.943676 0.400975
vt 0.943676 0.398029
vt 0.944777 0.398029
vt 0.944777 0.400975
vt 0.944561 0.804641
vt 0.944561 0.807037
vt 0.943676 0.807037
vt 0.943676 0.804641
vt 0.767196 0.838368
vt 0.767196 0.841468
vt 0.767196 0.841178
vt 0.767196 0.838657
vt 0.792653 0.613804
vt 0.792940 0.613842
vt 0.792653 0.773030
vt 0.792940 0.773067
vt 0.926931 0.327668
vt 0.926931 0.168443
vt 0.929431 0.168768
vt 0.929431 0.327993
vt 0.940799 0.773354
vt 0.940799 0.916844
vt 0.939914 0.916844
vt 0.939914 0.773354
vt 0.944561 0.775900
vt 0.943676 0.775900
vt 0.363389 0.917307
vt 0.363389 0.765869
vt 0.364274 0.765869
vt 0.364274 0.917307
vt 0.856646 0.604744
vt 0.856646 0.472573
vt 0.857747 0.472573
vt 0.857747 0.604744
vt 0.812730 0.326565
vt 0.812730 0.167730
vt 0.728580 0.919120
vt 0.728580 0.776347
vt 0.729682 0.776347
vt 0.729682 0.919120
vt 0.837293 0.008463
vt 0.837293 0.167298
vt 0.837007 0.167338
vt 0.837007 0.008503
vt 0.943676 0.291961
vt 0.944777 0.291961
vt 0.944777 0.250697
vt 0.943676 0.250697
vt 0.944561 0.629734
vt 0.944561 0.632131
vt 0.943676 0.632131
vt 0.943676 0.629734
vt 0.767196 0.832167
vt 0.767196 0.829066
vt 0.767196 0.829356
vt 0.767196 0.831877
vt 0.834223 0.008895
vt 0.834510 0.008854
vt 0.834223 0.167730
vt 0.834510 0.167690
vt 0.201723 0.925056
vt 0.201723 0.766221
vt 0.204220 0.765869
vt 0.204220 0.924704
vt 0.804238 0.786966
vt 0.804238 0.929739
vt 0.803353 0.929739
vt 0.803353 0.786966
vt 0.944561 0.608163
vt 0.943676 0.608163
vt 0.615205 0.975491
vt 0.747374 0.976304
vt 0.918431 0.469918
vt 0.918431 0.319181
vt 0.921431 0.319181
vt 0.921431 0.469918
vt 0.736967 0.160528
vt 0.736967 0.008463
vt 0.745627 0.008463
vt 0.745627 0.160528
vt 0.868785 0.613804
vt 0.868785 0.765869
vt 0.945996 0.591368
vt 0.945996 0.600028
vt 0.945996 0.598880
vt 0.945996 0.592516
vt 0.521561 0.932657
vt 0.521561 0.941318
vt 0.518561 0.941318
vt 0.518561 0.932657
vt 0.449560 0.932657
vt 0.449560 0.941318
vt 0.446560 0.941318
vt 0.446560 0.932657
vt 0.919785 0.613804
vt 0.922785 0.613804
vt 0.922785 0.764542
vt 0.710986 0.008462
vt 0.719646 0.008462
vt 0.719646 0.160528
vt 0.867431 0.320508
vt 0.867431 0.168443
vt 0.870431 0.168443
vt 0.870431 0.320508
vt 0.780193 0.960459
vt 0.932256 0.959289
vt 0.524561 0.932657
vt 0.524561 0.941318
vt 0.521561 0.941318
vt 0.521561 0.932657
vt 0.407560 0.932657
vt 0.407560 0.941318
vt 0.404560 0.941318
vt 0.404560 0.932657
vt 0.794020 0.932657
vt 0.794020 0.939700
vt 0.945996 0.608688
vt 0.945996 0.600028
vt 0.945996 0.600837
vt 0.945996 0.607879
vt 0.945996 0.608688
vt 0.945996 0.617349
vt 0.945996 0.616540
vt 0.945996 0.609497
vt 0.780239 0.979873
vt 0.198778 0.613804
vt 0.198778 0.765869
vt 0.265616 0.765869
vt 0.265616 0.917934
vt 0.263204 0.917934
vt 0.263204 0.765869
vt 0.709616 0.939700
vt 0.709616 0.932657
vt 0.712028 0.932657
vt 0.712028 0.939700
vt 0.320534 0.916607
vt 0.322946 0.765869
vt 0.322946 0.916607
vt 0.885694 0.939022
vt 0.885694 0.932657
vt 0.888014 0.932657
vt 0.888014 0.939022
vt 0.854229 0.917934
vt 0.855377 0.765869
vt 0.855377 0.917934
vt 0.284332 0.765869
vt 0.284332 0.917935
vt 0.283184 0.917935
vt 0.283184 0.765869
vt 0.945996 0.626009
vt 0.945996 0.617349
vt 0.945996 0.618497
vt 0.945996 0.624861
vt 0.535720 0.765869
vt 0.535720 0.613804
vt 0.459165 0.765869
vt 0.459165 0.917934
vt 0.456844 0.917934
vt 0.456844 0.765869
vt 0.890335 0.932657
vt 0.890335 0.939022
vt 0.558327 0.916607
vt 0.558327 0.765869
vt 0.560648 0.765869
vt 0.560648 0.916607
vt 0.810445 0.924509
vt 0.811547 0.773072
vt 0.811547 0.924509
vt 0.752338 0.776347
vt 0.752338 0.617122
vt 0.755413 0.616723
vt 0.755413 0.775948
vt 0.830837 0.773072
vt 0.830837 0.916562
vt 0.758487 0.617122
vt 0.758487 0.776347
vt 0.758200 0.776310
vt 0.758200 0.617085
vt 0.943676 0.504061
vt 0.943676 0.501116
vt 0.944777 0.501116
vt 0.944777 0.504061
vt 0.943676 0.403920
vt 0.943676 0.400975
vt 0.944777 0.400975
vt 0.944777 0.403920
vt 0.944561 0.842964
vt 0.943676 0.842964
vt 0.767196 0.844568
vt 0.767196 0.847668
vt 0.767196 0.847378
vt 0.767196 0.844857
vt 0.755412 0.616723
vt 0.755700 0.616760
vt 0.755412 0.775948
vt 0.755700 0.775986
vt 0.105398 0.925095
vt 0.105398 0.765869
vt 0.107898 0.766194
vt 0.107898 0.925419
vt 0.796130 0.786966
vt 0.796130 0.930456
vt 0.795245 0.930456
vt 0.795245 0.786966
vt 0.944561 0.759134
vt 0.943676 0.759134
vt 0.397453 0.917307
vt 0.397453 0.765869
vt 0.398339 0.765869
vt 0.398339 0.917307
vt 0.864354 0.604744
vt 0.864354 0.472573
vt 0.865456 0.472573
vt 0.865456 0.604744
vt 0.806589 0.167297
vt 0.806589 0.008462
vt 0.809659 0.008895
vt 0.809659 0.167730
vt 0.775883 0.916127
vt 0.775883 0.773354
vt 0.776984 0.773354
vt 0.776984 0.916127
vt 0.837290 0.327711
vt 0.837290 0.486546
vt 0.837003 0.486586
vt 0.837003 0.327751
vt 0.943676 0.333226
vt 0.944777 0.333226
vt 0.943676 0.271329
vt 0.943676 0.268382
vt 0.944777 0.268382
vt 0.944777 0.271329
vt 0.944561 0.632131
vt 0.944561 0.634528
vt 0.943676 0.634528
vt 0.943676 0.632131
vt 0.767196 0.825965
vt 0.767196 0.822865
vt 0.767196 0.823154
vt 0.767196 0.825676
vt 0.834219 0.328143
vt 0.834506 0.328103
vt 0.834219 0.486978
vt 0.834506 0.486938
vt 0.139654 0.925056
vt 0.139654 0.766221
vt 0.142151 0.765869
vt 0.142151 0.924704
vt 0.942614 0.168443
vt 0.942614 0.311216
vt 0.941729 0.311216
vt 0.941729 0.168443
vt 0.944561 0.591385
vt 0.943676 0.591385
vt 0.615211 0.974606
vt 0.747379 0.975418
vt 0.924435 0.159200
vt 0.659024 0.616723
vt 0.659024 0.464658
vt 0.667684 0.464658
vt 0.667684 0.616723
vt 0.870435 0.008462
vt 0.870435 0.160527
vt 0.945996 0.626009
vt 0.945996 0.634669
vt 0.945996 0.633521
vt 0.945996 0.627157
vt 0.329559 0.932657
vt 0.329559 0.941318
vt 0.257558 0.932657
vt 0.257558 0.941318
vt 0.254558 0.941318
vt 0.921431 0.319181
vt 0.921431 0.168443
vt 0.924431 0.168443
vt 0.924431 0.319181
vt 0.736967 0.312593
vt 0.745627 0.312593
vt 0.870431 0.320508
vt 0.870431 0.472573
vt 0.780220 0.971784
vt 0.780218 0.970975
vt 0.623562 0.932657
vt 0.623562 0.941318
vt 0.620562 0.941318
vt 0.620562 0.932657
vt 0.479560 0.932657
vt 0.479560 0.941318
vt 0.818136 0.932657
vt 0.818136 0.939700
vt 0.945996 0.643330
vt 0.945996 0.634669
vt 0.945996 0.635478
vt 0.945996 0.642521
vt 0.945996 0.643330
vt 0.945996 0.651990
vt 0.945996 0.651181
vt 0.945996 0.644139
vt 0.780260 0.988771
vt 0.932325 0.988410
vt 0.932327 0.989219
vt 0.780262 0.989580
vt 0.198778 0.765869
vt 0.205821 0.613804
vt 0.205821 0.765869
vt 0.268027 0.765869
vt 0.268027 0.917934
vt 0.265616 0.765869
vt 0.714439 0.932657
vt 0.714439 0.939700
vt 0.364460 0.916607
vt 0.364460 0.765869
vt 0.366872 0.765869
vt 0.366872 0.916607
vt 0.890334 0.939021
vt 0.890334 0.932657
vt 0.892655 0.932657
vt 0.892655 0.939021
vt 0.287406 0.917935
vt 0.287406 0.765869
vt 0.288554 0.765869
vt 0.288554 0.917935
vt 0.324396 0.765869
vt 0.324396 0.917935
vt 0.323248 0.917935
vt 0.323248 0.765869
vt 0.945996 0.660650
vt 0.945996 0.651990
vt 0.945996 0.653138
vt 0.945996 0.659502
vt 0.544406 0.765869
vt 0.544406 0.613804
vt 0.550771 0.613804
vt 0.550771 0.765869
vt 0.463209 0.765869
vt 0.463209 0.917934
vt 0.460888 0.917934
vt 0.460888 0.765869
vt 0.892655 0.939021
vt 0.892655 0.932657
vt 0.894975 0.932657
vt 0.894975 0.939021
vt 0.563499 0.916607
vt 0.565819 0.765869
vt 0.565819 0.916607
vt 0.812648 0.773072
vt 0.812648 0.924509
vt 0.659586 0.776347
vt 0.659586 0.617122
vt 0.662661 0.616723
vt 0.662661 0.775948
vt 0.830837 0.916562
vt 0.830837 0.773072
vt 0.831938 0.773072
vt 0.831938 0.916562
vt 0.615365 0.955584
vt 0.774587 0.956563
vt 0.774548 0.956850
vt 0.615326 0.955871
vt 0.943676 0.507007
vt 0.943676 0.504061
vt 0.944777 0.504061
vt 0.944777 0.507007
vt 0.943676 0.406865
vt 0.943676 0.403920
vt 0.944777 0.403920
vt 0.944777 0.406865
vt 0.944561 0.809432
vt 0.943676 0.809432
vt 0.767196 0.847668
vt 0.767196 0.850768
vt 0.767196 0.850478
vt 0.767196 0.847957
vt 0.945996 0.663750
vt 0.945996 0.660650
vt 0.945996 0.660940
vt 0.945996 0.663461
vt 0.774569 0.953404
vt 0.615347 0.952425
vt 0.615386 0.952138
vt 0.774609 0.953117
vt 0.107898 0.925095
vt 0.107898 0.765869
vt 0.110398 0.766194
vt 0.110398 0.925419
vt 0.797016 0.786966
vt 0.797016 0.930456
vt 0.796130 0.930456
vt 0.796130 0.786966
vt 0.943676 0.811827
vt 0.943676 0.809432
vt 0.944561 0.809432
vt 0.944561 0.811827
vt 0.370431 0.917307
vt 0.370431 0.765869
vt 0.371317 0.765869
vt 0.371317 0.917307
vt 0.865456 0.604744
vt 0.865456 0.472573
vt 0.866557 0.472573
vt 0.866557 0.604744
vt 0.794303 0.486546
vt 0.794303 0.327711
vt 0.797374 0.328143
vt 0.797374 0.486978
vt 0.047862 0.916201
vt 0.047862 0.773428
vt 0.048963 0.773428
vt 0.048963 0.916201
vt 0.809656 0.486546
vt 0.809369 0.486586
vt 0.809369 0.327751
vt 0.943676 0.206485
vt 0.943676 0.203538
vt 0.944777 0.203538
vt 0.944777 0.206485
vt 0.943676 0.312594
vt 0.943676 0.309646
vt 0.944777 0.309646
vt 0.944777 0.312594
vt 0.944561 0.708831
vt 0.943676 0.708831
vt 0.767196 0.816663
vt 0.767196 0.813562
vt 0.767196 0.813852
vt 0.767196 0.816373
vt 0.806585 0.328143
vt 0.806872 0.328102
vt 0.806585 0.486978
vt 0.806872 0.486937
vt 0.166063 0.925056
vt 0.166063 0.766221
vt 0.168559 0.765869
vt 0.168559 0.924704
vt 0.650523 0.789884
vt 0.650523 0.932657
vt 0.649638 0.932657
vt 0.649638 0.789884
vt 0.944561 0.680069
vt 0.944561 0.682465
vt 0.943676 0.682465
vt 0.943676 0.680069
vt 0.746118 0.927271
vt 0.745818 0.795100
vt 0.746703 0.795098
vt 0.747003 0.927269
vt 0.921431 0.469918
vt 0.924431 0.319181
vt 0.924431 0.469918
vt 0.018984 0.765869
vt 0.018984 0.613804
vt 0.027644 0.613804
vt 0.027644 0.765869
vt 0.871785 0.613804
vt 0.871785 0.765869
vt 0.945996 0.663750
vt 0.945996 0.672411
vt 0.945996 0.671263
vt 0.945996 0.664898
vt 0.626562 0.932657
vt 0.626562 0.941318
vt 0.623562 0.941318
vt 0.623562 0.932657
vt 0.572561 0.932657
vt 0.572561 0.941318
vt 0.925785 0.613804
vt 0.925785 0.764542
vt 0.873431 0.168443
vt 0.873431 0.320508
vt 0.263204 0.765869
vt 0.263204 0.917935
vt 0.262395 0.917935
vt 0.262395 0.765869
vt 0.332559 0.932657
vt 0.332559 0.941318
vt 0.290559 0.932657
vt 0.290559 0.941318
vt 0.714439 0.939700
vt 0.714439 0.932657
vt 0.716851 0.932657
vt 0.716851 0.939700
vt 0.945996 0.681071
vt 0.945996 0.672411
vt 0.945996 0.673220
vt 0.945996 0.680262
vt 0.945996 0.681071
vt 0.945996 0.689731
vt 0.945996 0.688922
vt 0.945996 0.681880
vt 0.282305 0.917934
vt 0.282305 0.765869
vt 0.283114 0.765869
vt 0.283114 0.917934
vt 0.212863 0.613804
vt 0.212863 0.765869
vt 0.272658 0.765869
vt 0.272658 0.917934
vt 0.270247 0.917934
vt 0.716851 0.939700
vt 0.716851 0.932657
vt 0.719262 0.932657
vt 0.719262 0.939700
vt 0.366872 0.916607
vt 0.366872 0.765869
vt 0.369283 0.765869
vt 0.369283 0.916607
vt 0.943676 0.116654
vt 0.943676 0.110289
vt 0.945996 0.116654
vt 0.863933 0.917934
vt 0.863933 0.765869
vt 0.865081 0.765869
vt 0.865081 0.917934
vt 0.337602 0.765869
vt 0.337602 0.917935
vt 0.336454 0.917935
vt 0.336454 0.765869
vt 0.945996 0.698392
vt 0.945996 0.690879
vt 0.945996 0.697244
vt 0.422703 0.765869
vt 0.422703 0.613804
vt 0.429067 0.613804
vt 0.429067 0.765869
vt 0.451076 0.765869
vt 0.451076 0.917934
vt 0.448756 0.917934
vt 0.448756 0.765869
vt 0.839291 0.939021
vt 0.839291 0.932657
vt 0.841611 0.932657
vt 0.841611 0.939021
vt 0.572183 0.916607
vt 0.572183 0.765869
vt 0.574503 0.765869
vt 0.574503 0.916607
vt 0.812648 0.924510
vt 0.812648 0.773072
vt 0.813749 0.773072
vt 0.813749 0.924510
vt 0.696740 0.776347
vt 0.696740 0.617122
vt 0.699814 0.616723
vt 0.699814 0.775948
vt 0.915355 0.613409
vt 0.915355 0.469918
vt 0.916456 0.469918
vt 0.615374 0.954148
vt 0.774596 0.955127
vt 0.774557 0.955414
vt 0.615335 0.954435
vt 0.943676 0.509952
vt 0.944777 0.509952
vt 0.943676 0.409811
vt 0.943676 0.406865
vt 0.944777 0.406865
vt 0.944777 0.409811
vt 0.944561 0.732787
vt 0.943676 0.732787
vt 0.943676 0.933290
vt 0.943676 0.936390
vt 0.943676 0.936101
vt 0.943676 0.933580
vt 0.945996 0.701492
vt 0.945996 0.698681
vt 0.945996 0.701202
vt 0.774550 0.956563
vt 0.615328 0.955584
vt 0.615367 0.955297
vt 0.774589 0.956276
vt 0.924431 0.487218
vt 0.924431 0.327993
vt 0.926931 0.328317
vt 0.926931 0.487542
vt 0.782593 0.786966
vt 0.782593 0.930456
vt 0.781708 0.930456
vt 0.781708 0.786966
vt 0.944561 0.874100
vt 0.944561 0.876496
vt 0.943676 0.876496
vt 0.943676 0.874100
vt 0.817204 0.924510
vt 0.817204 0.773072
vt 0.818089 0.773072
vt 0.818089 0.924510
vt 0.857747 0.604744
vt 0.857747 0.472573
vt 0.858848 0.472573
vt 0.858848 0.604744
vt 0.800444 0.486546
vt 0.800444 0.327711
vt 0.730783 0.776347
vt 0.730783 0.919120
vt 0.615367 0.949268
vt 0.774199 0.950245
vt 0.774237 0.950532
vt 0.615405 0.949555
vt 0.943676 0.209433
vt 0.943676 0.206485
vt 0.944777 0.206485
vt 0.944777 0.209433
vt 0.943676 0.168168
vt 0.944777 0.168168
vt 0.944561 0.565019
vt 0.943676 0.565019
vt 0.767196 0.819764
vt 0.767196 0.816663
vt 0.767196 0.816953
vt 0.767196 0.819474
vt 0.945996 0.701492
vt 0.945996 0.704592
vt 0.945996 0.704303
vt 0.945996 0.701781
vt 0.774230 0.951679
vt 0.615398 0.950703
vt 0.615360 0.950416
vt 0.774192 0.951392
vt 0.183541 0.925056
vt 0.183541 0.766221
vt 0.186037 0.765869
vt 0.186037 0.924704
vt 0.651408 0.789884
vt 0.651408 0.932657
vt 0.650523 0.932657
vt 0.650523 0.789884
vt 0.944561 0.684862
vt 0.943676 0.684862
vt 0.747379 0.975418
vt 0.615216 0.973721
vt 0.747385 0.974533
vt 0.898785 0.764542
vt 0.898785 0.613804
vt 0.901785 0.613804
vt 0.901785 0.764542
vt 0.068257 0.765869
vt 0.068257 0.613804
vt 0.076917 0.765869
vt 0.873435 0.008462
vt 0.873435 0.160527
vt 0.945996 0.704592
vt 0.945996 0.713253
vt 0.945996 0.712104
vt 0.945996 0.705740
vt 0.629562 0.932657
vt 0.629562 0.941318
vt 0.575561 0.932657
vt 0.575561 0.941318
vt 0.018984 0.916607
vt 0.018984 0.765869
vt 0.021984 0.765869
vt 0.021984 0.916607
vt 0.667684 0.160528
vt 0.667684 0.008463
vt 0.676345 0.008463
vt 0.676345 0.160528
vt 0.870431 0.472573
vt 0.870431 0.320508
vt 0.873431 0.320508
vt 0.873431 0.472573
vt 0.338411 0.765869
vt 0.338411 0.917935
vt 0.337602 0.917935
vt 0.335559 0.932657
vt 0.335559 0.941318
vt 0.332559 0.941318
vt 0.332559 0.932657
vt 0.260558 0.932657
vt 0.260558 0.941318
vt 0.257558 0.941318
vt 0.719262 0.939700
vt 0.719262 0.932657
vt 0.721674 0.932657
vt 0.721674 0.939700
vt 0.945996 0.721913
vt 0.945996 0.713253
vt 0.945996 0.714061
vt 0.945996 0.721104
vt 0.945996 0.721913
vt 0.945996 0.730573
vt 0.945996 0.729764
vt 0.945996 0.722722
vt 0.942867 0.160528
vt 0.942867 0.008462
vt 0.943676 0.008462
vt 0.943676 0.160528
vt 0.212863 0.765869
vt 0.212863 0.613804
vt 0.219906 0.613804
vt 0.219906 0.765869
vt 0.275070 0.765869
vt 0.275070 0.917934
vt 0.272658 0.917934
vt 0.272658 0.765869
vt 0.721674 0.939700
vt 0.721674 0.932657
vt 0.724085 0.932657
vt 0.724085 0.939700
vt 0.371503 0.916607
vt 0.371503 0.765869
vt 0.373914 0.765869
vt 0.373914 0.916607
vt 0.943676 0.072104
vt 0.945996 0.072104
vt 0.866229 0.765869
vt 0.866229 0.917934
vt 0.354343 0.765869
vt 0.354343 0.917935
vt 0.353195 0.917935
vt 0.945996 0.739233
vt 0.945996 0.731721
vt 0.945996 0.738085
vt 0.429067 0.765869
vt 0.429067 0.613804
vt 0.435432 0.613804
vt 0.453397 0.765869
vt 0.453397 0.917934
vt 0.451076 0.917934
vt 0.841611 0.939021
vt 0.841611 0.932657
vt 0.843931 0.932657
vt 0.843931 0.939021
vt 0.518763 0.916607
vt 0.518763 0.765869
vt 0.521083 0.765869
vt 0.521083 0.916607
vt 0.813749 0.924509
vt 0.813749 0.773072
vt 0.814850 0.773072
vt 0.814850 0.924509
vt 0.777282 0.773428
vt 0.777282 0.614203
vt 0.780356 0.613804
vt 0.780356 0.773030
vt 0.833040 0.916562
vt 0.833040 0.773072
vt 0.834141 0.773072
vt 0.834141 0.916562
vt 0.615355 0.957307
vt 0.774577 0.958286
vt 0.774538 0.958573
vt 0.615315 0.957594
vt 0.943676 0.512897
vt 0.943676 0.509952
vt 0.944777 0.509952
vt 0.944777 0.512897
vt 0.943676 0.412756
vt 0.943676 0.409811
vt 0.944777 0.409811
vt 0.944777 0.412756
vt 0.944561 0.735183
vt 0.943676 0.735183
vt 0.943676 0.939491
vt 0.943676 0.942591
vt 0.943676 0.942301
vt 0.943676 0.939780
vt 0.945996 0.742334
vt 0.945996 0.739234
vt 0.945996 0.739523
vt 0.945996 0.742044
vt 0.774532 0.959435
vt 0.615310 0.958456
vt 0.615349 0.958169
vt 0.774571 0.959148
vt 0.928285 0.773030
vt 0.928285 0.613804
vt 0.930785 0.614129
vt 0.930785 0.773354
vt 0.797901 0.786966
vt 0.797901 0.930456
vt 0.944561 0.859730
vt 0.943676 0.859730
vt 0.376512 0.917307
vt 0.376512 0.765869
vt 0.377397 0.765869
vt 0.377397 0.917307
vt 0.855544 0.604744
vt 0.855544 0.472573
vt 0.856646 0.472573
vt 0.856646 0.604744
vt 0.835644 0.772639
vt 0.835644 0.613804
vt 0.838714 0.614237
vt 0.838714 0.773072
vt 0.730783 0.919120
vt 0.730783 0.776347
vt 0.731884 0.776347
vt 0.731884 0.919120
vt 0.615388 0.945827
vt 0.774220 0.946803
vt 0.774258 0.947090
vt 0.615426 0.946114
vt 0.943676 0.212380
vt 0.943676 0.209433
vt 0.944777 0.209433
vt 0.944777 0.212380
vt 0.944777 0.147536
vt 0.943676 0.147536
vt 0.944561 0.567416
vt 0.943676 0.567416
vt 0.945996 0.043393
vt 0.945996 0.045915
vt 0.945996 0.742334
vt 0.945996 0.745434
vt 0.945996 0.745145
vt 0.945996 0.742623
vt 0.774246 0.949098
vt 0.615414 0.948121
vt 0.615376 0.947834
vt 0.774207 0.948811
vt 0.159629 0.925056
vt 0.159629 0.766221
vt 0.162126 0.765869
vt 0.162126 0.924704
vt 0.941096 0.454255
vt 0.941096 0.597028
vt 0.940211 0.597028
vt 0.940211 0.454255
vt 0.944561 0.658497
vt 0.943676 0.658497
vt 0.747385 0.974533
vt 0.615216 0.973721
vt 0.615222 0.972835
vt 0.747390 0.973648
vt 0.030645 0.916607
vt 0.030645 0.765869
vt 0.033645 0.765869
vt 0.033645 0.916607
vt 0.719646 0.312593
vt 0.719646 0.160528
vt 0.728306 0.160528
vt 0.846434 0.160527
vt 0.846434 0.008462
vt 0.849434 0.008462
vt 0.849434 0.160527
vt 0.945996 0.745434
vt 0.945996 0.754095
vt 0.945996 0.752946
vt 0.945996 0.746582
vt 0.452560 0.932657
vt 0.452560 0.941318
vt 0.377559 0.932657
vt 0.377559 0.941318
vt 0.033645 0.765869
vt 0.036645 0.765869
vt 0.036645 0.916607
vt 0.719646 0.464658
vt 0.719646 0.312593
vt 0.728306 0.312593
vt 0.728306 0.464658
vt 0.871785 0.613804
vt 0.874785 0.613804
vt 0.874785 0.765869
vt 0.932275 0.967378
vt 0.780210 0.967740
vt 0.780208 0.966931
vt 0.932273 0.966569
vt 0.527561 0.932657
vt 0.527561 0.941318
vt 0.524561 0.932657
vt 0.410560 0.932657
vt 0.410560 0.941318
vt 0.794020 0.939700
vt 0.794020 0.932657
vt 0.796432 0.932657
vt 0.796432 0.939700
vt 0.945996 0.762755
vt 0.945996 0.754095
vt 0.945996 0.754903
vt 0.945996 0.761946
vt 0.945996 0.762755
vt 0.945996 0.771415
vt 0.945996 0.770606
vt 0.945996 0.763564
vt 0.780254 0.986345
vt 0.932319 0.985983
vt 0.932321 0.986792
vt 0.780256 0.987154
vt 0.371503 0.765869
vt 0.371503 0.613804
vt 0.378545 0.613804
vt 0.378545 0.765869
vt 0.313299 0.765870
vt 0.313299 0.917934
vt 0.310888 0.917934
vt 0.310888 0.765870
vt 0.724085 0.939700
vt 0.724085 0.932657
vt 0.726497 0.932657
vt 0.726497 0.939700
vt 0.414798 0.916607
vt 0.414798 0.765869
vt 0.417209 0.765869
vt 0.417209 0.916607
vt 0.943676 0.033919
vt 0.943676 0.027555
vt 0.945996 0.027555
vt 0.945996 0.033919
vt 0.846636 0.917934
vt 0.846636 0.765869
vt 0.847784 0.917934
vt 0.736967 0.768788
vt 0.735819 0.768788
vt 0.735819 0.616723
vt 0.945996 0.780075
vt 0.945996 0.771415
vt 0.945996 0.772563
vt 0.945996 0.778927
vt 0.595320 0.765869
vt 0.595320 0.613804
vt 0.601684 0.613804
vt 0.601684 0.765869
vt 0.465529 0.765869
vt 0.465529 0.917934
vt 0.463209 0.917934
vt 0.463209 0.765869
vt 0.934417 0.932657
vt 0.934417 0.939022
vt 0.583784 0.916607
vt 0.583784 0.765869
vt 0.586104 0.765869
vt 0.586104 0.916607
vt 0.814850 0.924509
vt 0.814850 0.773072
vt 0.815952 0.773072
vt 0.815952 0.924509
vt 0.699814 0.776347
vt 0.699814 0.617122
vt 0.702888 0.616723
vt 0.702888 0.775948
vt 0.834141 0.916562
vt 0.834141 0.773072
vt 0.835242 0.773072
vt 0.835242 0.916562
vt 0.797377 0.008861
vt 0.797377 0.168087
vt 0.797090 0.168049
vt 0.797090 0.008824
vt 0.943676 0.415701
vt 0.943676 0.412756
vt 0.944777 0.412756
vt 0.944777 0.415701
vt 0.943676 0.418647
vt 0.943676 0.415701
vt 0.944777 0.415701
vt 0.944777 0.418647
vt 0.944561 0.811827
vt 0.944561 0.814222
vt 0.943676 0.814222
vt 0.943676 0.811827
vt 0.945996 0.780076
vt 0.945996 0.783176
vt 0.945996 0.782886
vt 0.945996 0.780365
vt 0.794303 0.008463
vt 0.794590 0.008500
vt 0.794303 0.167688
vt 0.794590 0.167725
vt 0.933285 0.613480
vt 0.933285 0.454255
vt 0.935785 0.454579
vt 0.935785 0.613804
vt 0.940211 0.597745
vt 0.940211 0.741236
vt 0.939326 0.741236
vt 0.939326 0.597745
vt 0.944561 0.778295
vt 0.943676 0.778295
vt 0.937307 0.008463
vt 0.938192 0.008463
vt 0.867658 0.472573
vt 0.867658 0.604744
vt 0.814150 0.772639
vt 0.814150 0.613804
vt 0.817221 0.614237
vt 0.817221 0.773072
vt 0.930190 0.773354
vt 0.930190 0.916127
vt 0.818871 0.008462
vt 0.818871 0.167297
vt 0.818584 0.167338
vt 0.818584 0.008503
vt 0.943676 0.294909
vt 0.943676 0.291961
vt 0.944777 0.291961
vt 0.944777 0.294909
vt 0.944777 0.253645
vt 0.943676 0.253645
vt 0.944561 0.634528
vt 0.944561 0.636925
vt 0.943676 0.636925
vt 0.943676 0.634528
vt 0.945996 0.786276
vt 0.945996 0.783176
vt 0.945996 0.783465
vt 0.945996 0.785987
vt 0.815800 0.008895
vt 0.816087 0.008854
vt 0.815800 0.167730
vt 0.816087 0.167689
vt 0.168559 0.925056
vt 0.168559 0.766221
vt 0.171056 0.765869
vt 0.171056 0.924704
vt 0.941729 0.168443
vt 0.941729 0.311216
vt 0.940844 0.311216
vt 0.940844 0.168443
vt 0.944561 0.608163
vt 0.944561 0.610559
vt 0.943676 0.610559
vt 0.943676 0.608163
vt 0.747888 0.927267
vt 0.083936 0.916607
vt 0.083936 0.765869
vt 0.086936 0.765869
vt 0.086936 0.916607
vt 0.728306 0.464658
vt 0.736967 0.464658
vt 0.873431 0.168443
vt 0.876431 0.168443
vt 0.876431 0.320508
vt 0.945996 0.786276
vt 0.945996 0.794937
vt 0.945996 0.793789
vt 0.945996 0.787424
vt 0.530561 0.932657
vt 0.530561 0.941318
vt 0.527561 0.932657
vt 0.455560 0.932657
vt 0.455560 0.941318
vt 0.036645 0.916607
vt 0.036645 0.765869
vt 0.039645 0.765869
vt 0.039645 0.916607
vt 0.719646 0.616723
vt 0.719646 0.464658
vt 0.728306 0.464658
vt 0.728306 0.616723
vt 0.873435 0.160527
vt 0.873435 0.008462
vt 0.876435 0.008462
vt 0.876435 0.160527
vt 0.932277 0.968187
vt 0.533561 0.932657
vt 0.533561 0.941318
vt 0.413560 0.932657
vt 0.413560 0.941318
vt 0.798843 0.932657
vt 0.798843 0.939700
vt 0.945996 0.803597
vt 0.945996 0.794937
vt 0.945996 0.795745
vt 0.945996 0.802788
vt 0.945996 0.803597
vt 0.945996 0.812257
vt 0.945996 0.811448
vt 0.945996 0.804406
vt 0.780256 0.987154
vt 0.378545 0.765869
vt 0.378545 0.613804
vt 0.385588 0.613804
vt 0.385588 0.765869
vt 0.229360 0.765869
vt 0.229360 0.917934
vt 0.226948 0.917934
vt 0.226948 0.765869
vt 0.728908 0.932657
vt 0.728908 0.939700
vt 0.392630 0.916607
vt 0.392630 0.765869
vt 0.395042 0.765869
vt 0.395042 0.916607
vt 0.894975 0.939022
vt 0.894975 0.932657
vt 0.897295 0.932657
vt 0.897295 0.939022
vt 0.858821 0.917934
vt 0.858821 0.765869
vt 0.859969 0.765869
vt 0.859969 0.917934
vt 0.639739 0.765869
vt 0.639739 0.917934
vt 0.638591 0.917934
vt 0.638591 0.765869
vt 0.945996 0.820918
vt 0.945996 0.812257
vt 0.945996 0.813405
vt 0.945996 0.819770
vt 0.614412 0.765869
vt 0.614412 0.613804
vt 0.620777 0.613804
vt 0.620777 0.765869
vt 0.467849 0.765869
vt 0.467849 0.917934
vt 0.465529 0.765869
vt 0.897295 0.939022
vt 0.897295 0.932657
vt 0.899615 0.932657
vt 0.899615 0.939022
vt 0.608048 0.916607
vt 0.610368 0.765869
vt 0.610368 0.916607
vt 0.823362 0.924509
vt 0.823362 0.773072
vt 0.824463 0.773072
vt 0.824463 0.924509
vt 0.740041 0.776347
vt 0.740041 0.617122
vt 0.743115 0.616723
vt 0.743115 0.775948
vt 0.901038 0.469918
vt 0.901038 0.613409
vt 0.726357 0.617122
vt 0.726357 0.776347
vt 0.726070 0.776310
vt 0.726070 0.617085
vt 0.943676 0.515843
vt 0.943676 0.512897
vt 0.944777 0.512897
vt 0.944777 0.515843
vt 0.943676 0.421592
vt 0.943676 0.418647
vt 0.944777 0.418647
vt 0.944777 0.421592
vt 0.944561 0.845359
vt 0.943676 0.845359
vt 0.945996 0.820918
vt 0.945996 0.824018
vt 0.945996 0.823728
vt 0.945996 0.821207
vt 0.723283 0.616723
vt 0.723570 0.616760
vt 0.723283 0.775948
vt 0.723570 0.775985
vt 0.929431 0.327668
vt 0.929431 0.168443
vt 0.931931 0.168768
vt 0.931931 0.327993
vt 0.940211 0.454255
vt 0.940211 0.597745
vt 0.939326 0.597745
vt 0.939326 0.454255
vt 0.944561 0.761529
vt 0.943676 0.761529
vt 0.930197 0.924792
vt 0.930197 0.773354
vt 0.931083 0.773354
vt 0.931083 0.924792
vt 0.879772 0.604744
vt 0.879772 0.472573
vt 0.880873 0.472573
vt 0.880873 0.604744
vt 0.806589 0.326565
vt 0.806589 0.167730
vt 0.809659 0.168162
vt 0.809659 0.326997
vt 0.933285 0.916127
vt 0.933285 0.773354
vt 0.934386 0.773354
vt 0.934386 0.916127
vt 0.811080 0.613804
vt 0.811080 0.772639
vt 0.810793 0.772680
vt 0.810793 0.613845
vt 0.943676 0.336173
vt 0.943676 0.333226
vt 0.944777 0.333226
vt 0.944777 0.336173
vt 0.943676 0.274277
vt 0.944777 0.274277
vt 0.944561 0.636925
vt 0.944561 0.639322
vt 0.943676 0.639322
vt 0.943676 0.636925
vt 0.767196 0.829066
vt 0.767196 0.825965
vt 0.767196 0.826255
vt 0.767196 0.828777
vt 0.808010 0.614237
vt 0.808296 0.614196
vt 0.808010 0.773072
vt 0.808296 0.773031
vt 0.171056 0.925056
vt 0.171056 0.766221
vt 0.173553 0.765869
vt 0.173553 0.924704
vt 0.652294 0.789884
vt 0.652294 0.932657
vt 0.651408 0.932657
vt 0.651408 0.789884
vt 0.944561 0.591385
vt 0.944561 0.593782
vt 0.943676 0.593782
vt 0.943676 0.591385
vt 0.615227 0.971950
vt 0.747396 0.972763
vt 0.024984 0.765869
vt 0.024984 0.916607
vt 0.685005 0.160528
vt 0.685005 0.008462
vt 0.693665 0.008462
vt 0.693665 0.160528
vt 0.873431 0.472573
vt 0.873431 0.320508
vt 0.876431 0.320508
vt 0.876431 0.472573
vt 0.945996 0.824018
vt 0.945996 0.832678
vt 0.945996 0.831530
vt 0.945996 0.825166
vt 0.338559 0.932657
vt 0.338559 0.941318
vt 0.263558 0.932657
vt 0.263558 0.941318
vt 0.260558 0.941318
vt 0.027645 0.916607
vt 0.027645 0.765869
vt 0.030645 0.765869
vt 0.030645 0.916607
vt 0.762948 0.616723
vt 0.762948 0.464658
vt 0.771608 0.464658
vt 0.877785 0.613804
vt 0.877785 0.765869
vt 0.932296 0.976276
vt 0.780229 0.975829
vt 0.932294 0.975467
vt 0.632562 0.932657
vt 0.632562 0.941318
vt 0.629562 0.941318
vt 0.482560 0.932657
vt 0.482560 0.941318
vt 0.820547 0.932657
vt 0.820547 0.939700
vt 0.945996 0.841338
vt 0.945996 0.832678
vt 0.945996 0.833487
vt 0.945996 0.840529
vt 0.945996 0.841338
vt 0.945996 0.849998
vt 0.945996 0.849190
vt 0.945996 0.842147
vt 0.780268 0.992007
vt 0.932335 0.992454
vt 0.780270 0.992816
vt 0.392630 0.613804
vt 0.399673 0.613804
vt 0.399673 0.765869
vt 0.224537 0.917934
vt 0.224537 0.765869
vt 0.728908 0.939700
vt 0.728908 0.932657
vt 0.731320 0.932657
vt 0.731320 0.939700
vt 0.395042 0.916607
vt 0.395042 0.765869
vt 0.397453 0.765869
vt 0.397453 0.916607
vt 0.899615 0.939021
vt 0.899615 0.932657
vt 0.901935 0.932657
vt 0.901935 0.939021
vt 0.841784 0.917934
vt 0.841784 0.765869
vt 0.842932 0.765869
vt 0.842932 0.917934
vt 0.486345 0.765869
vt 0.486345 0.917934
vt 0.485197 0.917934
vt 0.485197 0.765869
vt 0.945996 0.858659
vt 0.945996 0.849999
vt 0.945996 0.851147
vt 0.945996 0.857511
vt 0.627141 0.613804
vt 0.627141 0.765869
vt 0.470169 0.765869
vt 0.470169 0.917934
vt 0.467849 0.765869
vt 0.901935 0.939021
vt 0.901935 0.932657
vt 0.904256 0.932657
vt 0.904256 0.939021
vt 0.588424 0.916607
vt 0.588424 0.765869
vt 0.590745 0.765869
vt 0.590745 0.916607
vt 0.879683 0.917307
vt 0.879683 0.765869
vt 0.880785 0.765869
vt 0.880785 0.917307
vt 0.726357 0.776347
vt 0.726357 0.617122
vt 0.729432 0.616723
vt 0.729432 0.775948
vt 0.615356 0.957020
vt 0.774578 0.957999
vt 0.774539 0.958286
vt 0.615317 0.957307
vt 0.943676 0.518788
vt 0.943676 0.515842
vt 0.944777 0.515842
vt 0.944777 0.518788
vt 0.943676 0.424537
vt 0.943676 0.421592
vt 0.944777 0.421592
vt 0.944777 0.424537
vt 0.944561 0.816617
vt 0.943676 0.816617
vt 0.767196 0.841468
vt 0.767196 0.844568
vt 0.767196 0.844278
vt 0.767196 0.841757
vt 0.945996 0.861759
vt 0.945996 0.858659
vt 0.945996 0.858948
vt 0.945996 0.861469
vt 0.774559 0.955127
vt 0.615337 0.954148
vt 0.615376 0.953861
vt 0.774598 0.954840
vt 0.930785 0.613480
vt 0.930785 0.454255
vt 0.933285 0.454579
vt 0.933285 0.613804
vt 0.787019 0.786966
vt 0.787019 0.930456
vt 0.786134 0.930456
vt 0.786134 0.786966
vt 0.943676 0.819012
vt 0.944561 0.819012
vt 0.938188 0.168443
vt 0.938188 0.319881
vt 0.846734 0.604744
vt 0.846734 0.472573
vt 0.847836 0.472573
vt 0.847836 0.604744
vt 0.818871 0.167298
vt 0.818871 0.008463
vt 0.821941 0.008895
vt 0.821941 0.167730
vt 0.932184 0.916127
vt 0.932184 0.773354
vt 0.933285 0.773354
vt 0.933285 0.916127
vt 0.821937 0.327711
vt 0.821937 0.486546
vt 0.821651 0.486586
vt 0.821651 0.327751
vt 0.943676 0.215328
vt 0.943676 0.212380
vt 0.944777 0.212380
vt 0.944777 0.215328
vt 0.943676 0.315541
vt 0.943676 0.312594
vt 0.944777 0.312594
vt 0.944777 0.315541
vt 0.944561 0.711228
vt 0.943676 0.711228
vt 0.945996 0.864860
vt 0.945996 0.862049
vt 0.945996 0.864570
vt 0.819154 0.328103
vt 0.819154 0.486937
vt 0.211711 0.925056
vt 0.211710 0.766221
vt 0.214207 0.765869
vt 0.214207 0.924704
vt 0.942614 0.453989
vt 0.941729 0.453989
vt 0.944561 0.684862
vt 0.944561 0.687259
vt 0.943676 0.687259
vt 0.943676 0.684862
vt 0.615233 0.971065
vt 0.747401 0.971878
vt 0.039645 0.916607
vt 0.039645 0.765869
vt 0.042645 0.765869
vt 0.042645 0.916607
vt 0.123500 0.765870
vt 0.123500 0.613804
vt 0.132160 0.613804
vt 0.132160 0.765870
vt 0.879431 0.168443
vt 0.879431 0.320508
vt 0.945996 0.864860
vt 0.945996 0.873520
vt 0.945996 0.872372
vt 0.945996 0.866008
vt 0.635562 0.932657
vt 0.635562 0.941318
vt 0.632562 0.941318
vt 0.632562 0.932657
vt 0.578561 0.932657
vt 0.578561 0.941318
vt 0.045645 0.765869
vt 0.045645 0.916607
vt 0.762948 0.464658
vt 0.762948 0.312593
vt 0.771608 0.312593
vt 0.771608 0.464658
vt 0.879435 0.008462
vt 0.879435 0.160527
vt 0.932234 0.950391
vt 0.780170 0.950752
vt 0.932233 0.949582
vt 0.341559 0.932657
vt 0.341559 0.941318
vt 0.293559 0.932657
vt 0.293559 0.941318
vt 0.731320 0.939700
vt 0.731320 0.932657
vt 0.733731 0.932657
vt 0.733731 0.939700
vt 0.945996 0.882180
vt 0.945996 0.873520
vt 0.945996 0.874329
vt 0.945996 0.881371
vt 0.945996 0.882180
vt 0.945996 0.890840
vt 0.945996 0.890032
vt 0.945996 0.882989
vt 0.932286 0.972232
vt 0.932288 0.973041
vt 0.780224 0.973402
vt 0.400220 0.765869
vt 0.400220 0.613804
vt 0.407262 0.613804
vt 0.407262 0.765869
vt 0.277481 0.765869
vt 0.277481 0.917934
vt 0.275070 0.917934
vt 0.275070 0.765869
vt 0.733731 0.939700
vt 0.733731 0.932657
vt 0.736143 0.932657
vt 0.736143 0.939700
vt 0.417209 0.916607
vt 0.417209 0.765869
vt 0.419621 0.765869
vt 0.419621 0.916607
vt 0.943676 0.123018
vt 0.945996 0.123018
vt 0.877785 0.917934
vt 0.877785 0.765869
vt 0.878933 0.765869
vt 0.878933 0.917934
vt 0.603456 0.765869
vt 0.603456 0.917934
vt 0.602308 0.917934
vt 0.602308 0.765869
vt 0.945996 0.899501
vt 0.945996 0.890841
vt 0.945996 0.891989
vt 0.945996 0.898353
vt 0.486345 0.765869
vt 0.486345 0.613804
vt 0.492709 0.613804
vt 0.492709 0.765869
vt 0.472489 0.765869
vt 0.472489 0.917934
vt 0.470169 0.917934
vt 0.470169 0.765869
vt 0.846252 0.932657
vt 0.846252 0.939021
vt 0.593065 0.765869
vt 0.593065 0.916607
vt 0.815952 0.924510
vt 0.815952 0.773072
vt 0.817053 0.773072
vt 0.817053 0.924510
vt 0.794303 0.327711
vt 0.794303 0.168485
vt 0.797377 0.168086
vt 0.797377 0.327312
vt 0.920861 0.613409
vt 0.920861 0.469918
vt 0.921962 0.469918
vt 0.921962 0.613409
vt 0.615392 0.951277
vt 0.774614 0.952256
vt 0.774575 0.952543
vt 0.615353 0.951564
vt 0.943676 0.521733
vt 0.943676 0.518788
vt 0.944777 0.518788
vt 0.944777 0.521733
vt 0.943676 0.427483
vt 0.943676 0.424537
vt 0.944777 0.424537
vt 0.944777 0.427483
vt 0.944561 0.737578
vt 0.943676 0.737578
vt 0.943676 0.942591
vt 0.943676 0.945691
vt 0.943676 0.945401
vt 0.943676 0.942880
vt 0.943676 0.964291
vt 0.943676 0.961191
vt 0.943676 0.961480
vt 0.943676 0.964001
vt 0.774571 0.953117
vt 0.615349 0.952138
vt 0.615388 0.951851
vt 0.774610 0.952830
vt 0.928285 0.613480
vt 0.928285 0.454255
vt 0.930785 0.454579
vt 0.930785 0.613804
vt 0.787905 0.786966
vt 0.787905 0.930456
vt 0.787019 0.930456
vt 0.787019 0.786966
vt 0.944561 0.878891
vt 0.943676 0.878891
vt 0.938188 0.319881
vt 0.938188 0.168443
vt 0.939073 0.168443
vt 0.939073 0.319881
vt 0.867658 0.604744
vt 0.867658 0.472573
vt 0.868759 0.472573
vt 0.868759 0.604744
vt 0.795727 0.772639
vt 0.795727 0.613804
vt 0.798798 0.614237
vt 0.798798 0.773072
vt 0.048963 0.916201
vt 0.048963 0.773428
vt 0.050064 0.773428
vt 0.050064 0.916201
vt 0.615370 0.948695
vt 0.774202 0.949671
vt 0.774241 0.949958
vt 0.615409 0.948982
vt 0.943676 0.218275
vt 0.943676 0.215328
vt 0.944777 0.215328
vt 0.944777 0.218275
vt 0.943676 0.171116
vt 0.944777 0.171116
vt 0.944561 0.569813
vt 0.943676 0.569813
vt 0.767196 0.822864
vt 0.767196 0.819764
vt 0.767196 0.820053
vt 0.767196 0.822575
vt 0.943676 0.905384
vt 0.943676 0.908484
vt 0.943676 0.908195
vt 0.943676 0.905673
vt 0.774253 0.947951
vt 0.615421 0.946974
vt 0.615382 0.946687
vt 0.774214 0.947664
vt 0.173553 0.925056
vt 0.173553 0.766221
vt 0.176050 0.765869
vt 0.176050 0.924704
vt 0.942867 0.454255
vt 0.942867 0.597028
vt 0.941982 0.597028
vt 0.941982 0.454255
vt 0.944561 0.689656
vt 0.943676 0.689656
vt 0.615233 0.971065
vt 0.615238 0.970180
vt 0.747406 0.970992
vt 0.895785 0.915279
vt 0.895785 0.764542
vt 0.898785 0.764542
vt 0.898785 0.915279
vt 0.094237 0.765869
vt 0.094237 0.613804
vt 0.102898 0.613804
vt 0.102898 0.765869
vt 0.879431 0.320508
vt 0.879431 0.472573
vt 0.945996 0.899501
vt 0.945996 0.908161
vt 0.945996 0.907013
vt 0.945996 0.900649
vt 0.638562 0.932657
vt 0.638562 0.941318
vt 0.635562 0.941318
vt 0.635562 0.932657
vt 0.581561 0.932657
vt 0.581561 0.941318
vt 0.050936 0.916607
vt 0.050936 0.765869
vt 0.053936 0.765869
vt 0.053936 0.916607
vt 0.685005 0.464658
vt 0.685005 0.312593
vt 0.693665 0.312593
vt 0.693665 0.464658
vt 0.892785 0.765869
vt 0.892785 0.613804
vt 0.895785 0.613804
vt 0.895785 0.765869
vt 0.932250 0.956862
vt 0.780185 0.957224
vt 0.780184 0.956415
vt 0.932248 0.956053
vt 0.344559 0.932657
vt 0.344559 0.941318
vt 0.266558 0.932657
vt 0.266558 0.941318
vt 0.263558 0.941318
vt 0.736143 0.939700
vt 0.736143 0.932657
vt 0.738555 0.932657
vt 0.738555 0.939700
vt 0.945996 0.916821
vt 0.945996 0.908161
vt 0.945996 0.908970
vt 0.945996 0.916012
vt 0.945996 0.916821
vt 0.945996 0.925482
vt 0.945996 0.924673
vt 0.945996 0.917630
vt 0.780181 0.955606
vt 0.932246 0.955244
vt 0.932248 0.956053
vt 0.780183 0.956415
vt 0.385588 0.765869
vt 0.385588 0.613804
vt 0.392630 0.613804
vt 0.279893 0.765869
vt 0.279893 0.917934
vt 0.277481 0.765869
vt 0.738555 0.939700
vt 0.738555 0.932657
vt 0.740966 0.932657
vt 0.740966 0.939700
vt 0.399673 0.916607
vt 0.399673 0.765869
vt 0.402084 0.765869
vt 0.402084 0.916607
vt 0.943676 0.078468
vt 0.945996 0.078468
vt 0.869673 0.765869
vt 0.870821 0.765869
vt 0.870821 0.917934
vt 0.638591 0.765869
vt 0.638591 0.917934
vt 0.637443 0.917934
vt 0.637443 0.765869
vt 0.945996 0.934142
vt 0.945996 0.925482
vt 0.945996 0.926630
vt 0.945996 0.932994
vt 0.492710 0.765869
vt 0.492710 0.613804
vt 0.499074 0.613804
vt 0.499074 0.765869
vt 0.514122 0.917934
vt 0.511802 0.917934
vt 0.846252 0.939021
vt 0.846252 0.932657
vt 0.848572 0.932657
vt 0.848572 0.939021
vt 0.579144 0.916607
vt 0.579144 0.765869
vt 0.581464 0.765869
vt 0.581464 0.916607
vt 0.822260 0.924510
vt 0.822260 0.773072
vt 0.823362 0.773072
vt 0.823362 0.924510
vt 0.783431 0.773428
vt 0.783431 0.614203
vt 0.786505 0.613804
vt 0.786505 0.773030
vt 0.835643 0.916562
vt 0.835643 0.773072
vt 0.836745 0.773072
vt 0.836745 0.916562
vt 0.615390 0.951564
vt 0.774612 0.952543
vt 0.774573 0.952830
vt 0.615351 0.951851
vt 0.943676 0.524678
vt 0.943676 0.521733
vt 0.944777 0.521733
vt 0.944777 0.524678
vt 0.943676 0.430428
vt 0.943676 0.427483
vt 0.944777 0.427483
vt 0.944777 0.430428
vt 0.944561 0.739973
vt 0.943676 0.739973
vt 0.945996 0.934142
vt 0.945996 0.937242
vt 0.945996 0.936952
vt 0.945996 0.934432
vt 0.945996 0.940342
vt 0.945996 0.937532
vt 0.945996 0.940053
vt 0.774552 0.956276
vt 0.615330 0.955297
vt 0.615369 0.955010
vt 0.774591 0.955989
vt 0.933285 0.773029
vt 0.933285 0.613804
vt 0.935785 0.614129
vt 0.935785 0.773354
vt 0.801442 0.786966
vt 0.801442 0.930456
vt 0.944561 0.862125
vt 0.943676 0.862125
vt 0.121246 0.917307
vt 0.121246 0.765869
vt 0.122131 0.765869
vt 0.122131 0.917307
vt 0.880873 0.604744
vt 0.880873 0.472573
vt 0.881975 0.472573
vt 0.881975 0.604744
vt 0.820291 0.772639
vt 0.820291 0.613804
vt 0.823362 0.614237
vt 0.823362 0.773072
vt 0.284332 0.916201
vt 0.284332 0.773428
vt 0.615372 0.948408
vt 0.774204 0.949385
vt 0.774243 0.949672
vt 0.615411 0.948695
vt 0.943676 0.221222
vt 0.943676 0.218275
vt 0.944777 0.218275
vt 0.944777 0.221222
vt 0.944777 0.150483
vt 0.943676 0.150483
vt 0.944561 0.572210
vt 0.943676 0.572210
vt 0.945996 0.943443
vt 0.945996 0.940342
vt 0.945996 0.940632
vt 0.945996 0.943153
vt 0.943676 0.927089
vt 0.943676 0.930190
vt 0.943676 0.929900
vt 0.943676 0.927379
vt 0.774244 0.949385
vt 0.615412 0.948408
vt 0.615374 0.948121
vt 0.774206 0.949098
vt 0.214207 0.925056
vt 0.214207 0.766221
vt 0.216704 0.765869
vt 0.216704 0.924704
vt 0.941096 0.597745
vt 0.941096 0.740518
vt 0.940211 0.740518
vt 0.944561 0.658497
vt 0.944561 0.660893
vt 0.943676 0.660893
vt 0.943676 0.658497
vt 0.615244 0.969294
vt 0.747412 0.970107
vt 0.056936 0.765869
vt 0.056936 0.916607
vt 0.693665 0.464658
vt 0.693665 0.312593
vt 0.877785 0.765869
vt 0.877785 0.613804
vt 0.880785 0.613804
vt 0.945996 0.952103
vt 0.945996 0.950955
vt 0.945996 0.944591
vt 0.458560 0.932657
vt 0.458560 0.941318
vt 0.380559 0.932657
vt 0.380559 0.941318
vt 0.059936 0.765869
vt 0.059936 0.916607
vt 0.710986 0.160528
vt 0.719646 0.160528
vt 0.879431 0.320508
vt 0.879431 0.168443
vt 0.882431 0.168443
vt 0.882431 0.320508
vt 0.932267 0.964142
vt 0.780203 0.964504
vt 0.780201 0.963695
vt 0.536561 0.932657
vt 0.536561 0.941318
vt 0.533561 0.932657
vt 0.416560 0.932657
vt 0.416560 0.941318
vt 0.801255 0.932657
vt 0.801255 0.939700
vt 0.945996 0.960763
vt 0.945996 0.952103
vt 0.945996 0.952912
vt 0.945996 0.959954
vt 0.769516 0.797635
vt 0.769516 0.806295
vt 0.769516 0.805486
vt 0.769516 0.798444
vt 0.780247 0.983109
vt 0.932313 0.983556
vt 0.780249 0.983918
vt 0.296226 0.765869
vt 0.296226 0.613804
vt 0.303268 0.613804
vt 0.303268 0.765869
vt 0.282305 0.917934
vt 0.279893 0.917934
vt 0.279893 0.765869
vt 0.740966 0.939700
vt 0.740966 0.932657
vt 0.743378 0.932657
vt 0.743378 0.939700
vt 0.402084 0.916607
vt 0.404496 0.765869
vt 0.404496 0.916607
vt 0.943676 0.040283
vt 0.945996 0.040283
vt 0.849637 0.917934
vt 0.849636 0.765869
vt 0.850785 0.765869
vt 0.850785 0.917934
vt 0.684204 0.616723
vt 0.684204 0.768788
vt 0.683056 0.768788
vt 0.683056 0.616723
vt 0.769516 0.814955
vt 0.769516 0.806295
vt 0.769516 0.807443
vt 0.769516 0.813807
vt 0.627141 0.765869
vt 0.627141 0.613804
vt 0.633505 0.613804
vt 0.633505 0.765869
vt 0.474809 0.765869
vt 0.474809 0.917934
vt 0.472489 0.765869
vt 0.936738 0.932657
vt 0.936738 0.939022
vt 0.586104 0.916607
vt 0.586104 0.765869
vt 0.588424 0.765869
vt 0.588424 0.916607
vt 0.881886 0.917307
vt 0.881886 0.765869
vt 0.882987 0.765869
vt 0.882987 0.917307
vt 0.729432 0.776347
vt 0.729432 0.617122
vt 0.732506 0.616723
vt 0.732506 0.775948
vt 0.906545 0.613409
vt 0.906545 0.469918
vt 0.907646 0.469918
vt 0.907646 0.613409
vt 0.357418 0.614203
vt 0.357418 0.773428
vt 0.357130 0.773391
vt 0.357130 0.614166
vt 0.943676 0.433373
vt 0.943676 0.430428
vt 0.944777 0.430428
vt 0.944777 0.433373
vt 0.943676 0.436319
vt 0.943676 0.433373
vt 0.944777 0.433373
vt 0.944777 0.436319
vt 0.944561 0.821407
vt 0.943676 0.821407
vt 0.943676 0.945691
vt 0.943676 0.948791
vt 0.943676 0.948501
vt 0.943676 0.945980
vt 0.354343 0.613804
vt 0.354631 0.613842
vt 0.354343 0.773030
vt 0.354631 0.773067
vt 0.024984 0.925095
vt 0.024984 0.765869
vt 0.027484 0.766194
vt 0.027484 0.925419
vt 0.779938 0.786966
vt 0.779938 0.930456
vt 0.779052 0.930456
vt 0.779052 0.786966
vt 0.944561 0.778295
vt 0.944561 0.780690
vt 0.943676 0.780690
vt 0.943676 0.778295
vt 0.938441 0.605693
vt 0.938441 0.454255
vt 0.939326 0.454255
vt 0.939326 0.605693
vt 0.873165 0.604744
vt 0.873165 0.472573
vt 0.874266 0.472573
vt 0.874266 0.604744
vt 0.797374 0.486546
vt 0.797374 0.327711
vt 0.800444 0.328143
vt 0.800444 0.486978
vt 0.836745 0.915845
vt 0.836745 0.773072
vt 0.837846 0.773072
vt 0.837846 0.915845
vt 0.825012 0.008462
vt 0.825012 0.167297
vt 0.824725 0.167338
vt 0.824725 0.008503
vt 0.943676 0.297856
vt 0.944777 0.297856
vt 0.944777 0.256592
vt 0.943676 0.256592
vt 0.944561 0.641719
vt 0.943676 0.641719
vt 0.769516 0.818056
vt 0.769516 0.814955
vt 0.769516 0.815245
vt 0.769516 0.817766
vt 0.821941 0.008895
vt 0.822228 0.008854
vt 0.821941 0.167730
vt 0.822228 0.167689
vt 0.122169 0.925056
vt 0.122169 0.766221
vt 0.124666 0.765869
vt 0.124666 0.924704
vt 0.641671 0.789884
vt 0.641671 0.932657
vt 0.944561 0.612956
vt 0.943676 0.612956
vt 0.615244 0.969294
vt 0.615249 0.968409
vt 0.747417 0.969222
vt 0.062936 0.765869
vt 0.062936 0.916607
vt 0.754287 0.008463
vt 0.762948 0.008463
vt 0.762948 0.160528
vt 0.879435 0.160527
vt 0.879435 0.008463
vt 0.882435 0.008463
vt 0.882435 0.160527
vt 0.769516 0.818056
vt 0.769516 0.826716
vt 0.769516 0.825568
vt 0.769516 0.819204
vt 0.539561 0.932657
vt 0.539561 0.941318
vt 0.536561 0.932657
vt 0.461560 0.932657
vt 0.461560 0.941318
vt 0.065936 0.765869
vt 0.065936 0.916607
vt 0.719646 0.464658
vt 0.879431 0.472573
vt 0.879431 0.320508
vt 0.882431 0.320508
vt 0.882431 0.472573
vt 0.932269 0.964951
vt 0.780204 0.965313
vt 0.780203 0.964504
vt 0.932267 0.964143
vt 0.542561 0.932657
vt 0.542561 0.941318
vt 0.419560 0.932657
vt 0.419560 0.941318
vt 0.803666 0.932657
vt 0.803666 0.939700
vt 0.769516 0.835377
vt 0.769516 0.826716
vt 0.769516 0.827525
vt 0.769516 0.834568
vt 0.769516 0.835377
vt 0.769516 0.844037
vt 0.769516 0.843228
vt 0.769516 0.836186
vt 0.932315 0.984365
vt 0.780251 0.984727
vt 0.289183 0.765869
vt 0.289183 0.613804
vt 0.291595 0.765870
vt 0.291595 0.917934
vt 0.289183 0.917934
vt 0.289183 0.765870
vt 0.743378 0.939700
vt 0.743378 0.932657
vt 0.745789 0.932657
vt 0.745789 0.939700
vt 0.404851 0.916607
vt 0.404851 0.765869
vt 0.407262 0.765869
vt 0.407262 0.916607
vt 0.904255 0.939022
vt 0.904255 0.932657
vt 0.906576 0.932657
vt 0.906576 0.939022
vt 0.856525 0.917934
vt 0.857673 0.765869
vt 0.857673 0.917934
vt 0.507162 0.765869
vt 0.507162 0.917935
vt 0.506014 0.917935
vt 0.506014 0.765869
vt 0.769516 0.852697
vt 0.769516 0.844037
vt 0.769516 0.845185
vt 0.769516 0.851549
vt 0.569863 0.765869
vt 0.569863 0.613804
vt 0.576227 0.613804
vt 0.576227 0.765869
vt 0.477130 0.765869
vt 0.477130 0.917934
vt 0.474809 0.765869
vt 0.906576 0.939022
vt 0.906576 0.932657
vt 0.908896 0.932657
vt 0.908896 0.939022
vt 0.595320 0.916607
vt 0.595320 0.765869
vt 0.597640 0.765869
vt 0.597640 0.916607
vt 0.821159 0.924510
vt 0.821159 0.773072
vt 0.047862 0.773428
vt 0.047862 0.614203
vt 0.050936 0.613804
vt 0.050936 0.773030
vt 0.907646 0.613409
vt 0.907646 0.469918
vt 0.908747 0.469918
vt 0.908747 0.613409
vt 0.670759 0.617122
vt 0.670759 0.776347
vt 0.670471 0.776310
vt 0.670472 0.617085
vt 0.943676 0.527624
vt 0.943676 0.524679
vt 0.944777 0.524679
vt 0.944777 0.527624
vt 0.943676 0.439264
vt 0.943676 0.436319
vt 0.944777 0.436319
vt 0.944777 0.439264
vt 0.944561 0.845359
vt 0.944561 0.847754
vt 0.943676 0.847754
vt 0.943676 0.845359
vt 0.943676 0.886782
vt 0.943676 0.889882
vt 0.943676 0.889592
vt 0.943676 0.887071
vt 0.667684 0.616723
vt 0.667972 0.616760
vt 0.667684 0.775948
vt 0.667972 0.775985
vt 0.086936 0.925094
vt 0.086936 0.765869
vt 0.089436 0.766194
vt 0.089436 0.925419
vt 0.939914 0.773354
vt 0.939914 0.916845
vt 0.939029 0.916845
vt 0.939029 0.773354
vt 0.944561 0.763924
vt 0.943676 0.763924
vt 0.248234 0.765242
vt 0.248234 0.613804
vt 0.249119 0.613804
vt 0.249119 0.765242
vt 0.851139 0.604744
vt 0.851139 0.472573
vt 0.852240 0.472573
vt 0.852240 0.604744
vt 0.809659 0.167297
vt 0.809659 0.008462
vt 0.812730 0.008895
vt 0.812730 0.167730
vt 0.931083 0.916127
vt 0.931083 0.773354
vt 0.932184 0.773354
vt 0.932184 0.916127
vt 0.840360 0.327711
vt 0.840360 0.486546
vt 0.840073 0.486586
vt 0.840073 0.327751
vt 0.943676 0.339121
vt 0.943676 0.336173
vt 0.944777 0.336173
vt 0.944777 0.339121
vt 0.943676 0.277224
vt 0.944777 0.277224
vt 0.944561 0.641719
vt 0.944561 0.644115
vt 0.943676 0.644115
vt 0.943676 0.641719
vt 0.943676 0.886782
vt 0.943676 0.883681
vt 0.943676 0.883970
vt 0.943676 0.886492
vt 0.837290 0.328143
vt 0.837576 0.328103
vt 0.837290 0.486978
vt 0.837576 0.486938
vt 0.124666 0.925056
vt 0.124666 0.766221
vt 0.127163 0.765869
vt 0.127163 0.924704
vt 0.653179 0.789884
vt 0.653179 0.932657
vt 0.944561 0.593782
vt 0.944561 0.596178
vt 0.943676 0.596178
vt 0.943676 0.593782
vt 0.740507 0.795112
vt 0.740806 0.927283
vt 0.065936 0.916607
vt 0.065936 0.765869
vt 0.068936 0.765869
vt 0.068936 0.916607
vt 0.676345 0.160528
vt 0.676345 0.008462
vt 0.685005 0.008462
vt 0.685005 0.160528
vt 0.883785 0.613804
vt 0.883785 0.765869
vt 0.769516 0.852697
vt 0.769516 0.861358
vt 0.769516 0.860210
vt 0.769516 0.853846
vt 0.347559 0.932657
vt 0.347559 0.941318
vt 0.269558 0.932657
vt 0.269558 0.941318
vt 0.266558 0.941318
vt 0.068936 0.916607
vt 0.071936 0.765869
vt 0.071936 0.916607
vt 0.762948 0.160528
vt 0.762948 0.312593
vt 0.885431 0.168443
vt 0.885431 0.320508
vt 0.932290 0.973850
vt 0.780226 0.974211
vt 0.641562 0.932657
vt 0.641562 0.941318
vt 0.638562 0.941318
vt 0.485560 0.932657
vt 0.485560 0.941318
vt 0.822959 0.932657
vt 0.822959 0.939700
vt 0.769516 0.870018
vt 0.769516 0.861358
vt 0.769516 0.862167
vt 0.769516 0.869209
vt 0.769516 0.870018
vt 0.769516 0.878678
vt 0.769516 0.877869
vt 0.769516 0.870827
vt 0.932336 0.993263
vt 0.780272 0.993625
vt 0.310311 0.765869
vt 0.310311 0.613804
vt 0.317353 0.613804
vt 0.317353 0.765869
vt 0.294007 0.765869
vt 0.294007 0.917934
vt 0.291595 0.765869
vt 0.748201 0.932657
vt 0.748201 0.939700
vt 0.409975 0.916607
vt 0.409975 0.765869
vt 0.412386 0.765869
vt 0.412386 0.916607
vt 0.908896 0.939021
vt 0.908896 0.932657
vt 0.911216 0.932657
vt 0.911216 0.939021
vt 0.532250 0.917935
vt 0.532250 0.765869
vt 0.533398 0.765869
vt 0.533398 0.917935
vt 0.541507 0.765869
vt 0.541507 0.917935
vt 0.540358 0.917935
vt 0.540358 0.765869
vt 0.769516 0.887339
vt 0.769516 0.878678
vt 0.769516 0.879826
vt 0.769516 0.886191
vt 0.582592 0.613804
vt 0.582592 0.765869
vt 0.482301 0.765869
vt 0.482301 0.917934
vt 0.479981 0.917934
vt 0.479981 0.765869
vt 0.911216 0.939021
vt 0.911216 0.932657
vt 0.913536 0.932657
vt 0.913536 0.939021
vt 0.597640 0.916607
vt 0.597640 0.765869
vt 0.599960 0.765869
vt 0.599960 0.916607
vt 0.883785 0.917307
vt 0.884886 0.765869
vt 0.884886 0.917307
vt 0.284332 0.773428
vt 0.284332 0.614203
vt 0.287406 0.613804
vt 0.287406 0.773030
vt 0.908747 0.613409
vt 0.908747 0.469918
vt 0.909849 0.469918
vt 0.909849 0.613409
vt 0.665735 0.617122
vt 0.665735 0.776347
vt 0.665448 0.776310
vt 0.665448 0.617085
vt 0.943676 0.530569
vt 0.943676 0.527624
vt 0.944777 0.527624
vt 0.944777 0.530569
vt 0.943676 0.442209
vt 0.943676 0.439264
vt 0.944777 0.439264
vt 0.944777 0.442209
vt 0.944561 0.823802
vt 0.943676 0.823802
vt 0.662661 0.775948
vt 0.662948 0.775986
vt 0.943676 0.951891
vt 0.943676 0.948791
vt 0.943676 0.949080
vt 0.943676 0.951601
vt 0.662661 0.616723
vt 0.662948 0.616760
vt 0.930785 0.773029
vt 0.930785 0.613804
vt 0.933285 0.614129
vt 0.933285 0.773354
vt 0.940847 0.008462
vt 0.940847 0.151953
vt 0.939962 0.151953
vt 0.939962 0.008462
vt 0.943676 0.826198
vt 0.943676 0.823803
vt 0.944561 0.823803
vt 0.944561 0.826198
vt 0.731884 0.927785
vt 0.731884 0.776347
vt 0.732770 0.776347
vt 0.732770 0.927785
vt 0.852241 0.604744
vt 0.852241 0.472573
vt 0.853342 0.472573
vt 0.853342 0.604744
vt 0.797377 0.326921
vt 0.800448 0.168519
vt 0.800448 0.327354
vt 0.934386 0.916127
vt 0.934386 0.773354
vt 0.935488 0.773354
vt 0.935488 0.916127
vt 0.801868 0.613804
vt 0.801868 0.772639
vt 0.801582 0.772680
vt 0.801582 0.613845
vt 0.943676 0.224170
vt 0.943676 0.221222
vt 0.944777 0.221222
vt 0.944777 0.224170
vt 0.943676 0.318488
vt 0.944777 0.318488
vt 0.944561 0.711228
vt 0.944561 0.713625
vt 0.943676 0.713625
vt 0.943676 0.711228
vt 0.943676 0.899182
vt 0.943676 0.896082
vt 0.943676 0.896371
vt 0.943676 0.898893
vt 0.798798 0.614237
vt 0.799085 0.614196
vt 0.798798 0.773072
vt 0.799085 0.773031
vt 0.157132 0.925056
vt 0.157132 0.766221
vt 0.159629 0.765869
vt 0.159629 0.924704
vt 0.941982 0.597028
vt 0.941096 0.597028
vt 0.941096 0.454255
vt 0.944561 0.689656
vt 0.944561 0.692053
vt 0.943676 0.692053
vt 0.943676 0.689656
vt 0.615287 0.962213
vt 0.615293 0.961327
vt 0.747461 0.962140
vt 0.074936 0.765869
vt 0.074936 0.916607
vt 0.111558 0.613804
vt 0.885435 0.008463
vt 0.885435 0.160527
vt 0.769516 0.887339
vt 0.769516 0.895999
vt 0.769516 0.894851
vt 0.769516 0.888487
vt 0.644562 0.932657
vt 0.644562 0.941318
vt 0.641562 0.941318
vt 0.641562 0.932657
vt 0.584561 0.932657
vt 0.584561 0.941318
vt 0.077936 0.765869
vt 0.077936 0.916607
vt 0.754287 0.464658
vt 0.754287 0.312593
vt 0.762948 0.312593
vt 0.762948 0.464658
vt 0.885431 0.320508
vt 0.885431 0.472573
vt 0.932236 0.951200
vt 0.780172 0.951561
vt 0.932234 0.950391
vt 0.350559 0.932657
vt 0.350559 0.941318
vt 0.296559 0.932657
vt 0.296559 0.941318
vt 0.748201 0.939700
vt 0.748201 0.932657
vt 0.750612 0.932657
vt 0.750612 0.939700
vt 0.769516 0.904659
vt 0.769516 0.895999
vt 0.769516 0.896808
vt 0.769516 0.903850
vt 0.769516 0.904659
vt 0.769516 0.913320
vt 0.769516 0.912511
vt 0.769516 0.905468
vt 0.932338 0.994072
vt 0.780274 0.994434
vt 0.324396 0.613804
vt 0.324396 0.765869
vt 0.296418 0.765870
vt 0.296418 0.917934
vt 0.294007 0.765870
vt 0.750612 0.939700
vt 0.750612 0.932657
vt 0.753024 0.932657
vt 0.753024 0.939700
vt 0.373914 0.916607
vt 0.373914 0.765869
vt 0.376326 0.765869
vt 0.376326 0.916607
vt 0.943676 0.129382
vt 0.945996 0.129382
vt 0.870821 0.917934
vt 0.870821 0.765869
vt 0.871969 0.765869
vt 0.871969 0.917934
vt 0.569863 0.917934
vt 0.568715 0.917934
vt 0.568715 0.765869
vt 0.769516 0.921980
vt 0.769516 0.913320
vt 0.769516 0.914468
vt 0.769516 0.920832
vt 0.460888 0.765869
vt 0.467253 0.613804
vt 0.467253 0.765869
vt 0.479450 0.765869
vt 0.479450 0.917934
vt 0.477129 0.917934
vt 0.477129 0.765869
vt 0.850892 0.932657
vt 0.850892 0.939021
vt 0.581464 0.916607
vt 0.581464 0.765869
vt 0.884886 0.917307
vt 0.884886 0.765869
vt 0.885987 0.765869
vt 0.885987 0.917307
vt 0.650364 0.776347
vt 0.650364 0.617122
vt 0.653438 0.616723
vt 0.653438 0.775948
vt 0.909849 0.613409
vt 0.909849 0.469918
vt 0.910950 0.469918
vt 0.910950 0.613409
vt 0.615358 0.956733
vt 0.774580 0.957712
vt 0.774541 0.957999
vt 0.615319 0.957020
vt 0.943676 0.533514
vt 0.943676 0.530569
vt 0.944777 0.530569
vt 0.944777 0.533514
vt 0.943676 0.445155
vt 0.943676 0.442209
vt 0.944777 0.442209
vt 0.944777 0.445155
vt 0.944561 0.742368
vt 0.943676 0.742368
vt 0.943676 0.951891
vt 0.943676 0.954991
vt 0.943676 0.954701
vt 0.943676 0.952180
vt 0.943676 0.967391
vt 0.943676 0.964291
vt 0.943676 0.964580
vt 0.943676 0.967101
vt 0.774554 0.955989
vt 0.615331 0.955010
vt 0.615370 0.954722
vt 0.774593 0.955702
vt 0.089436 0.925095
vt 0.089436 0.765869
vt 0.091936 0.766194
vt 0.091936 0.925419
vt 0.940844 0.168443
vt 0.940844 0.311934
vt 0.939959 0.311934
vt 0.939959 0.168443
vt 0.944561 0.881286
vt 0.943676 0.881286
vt 0.269361 0.917307
vt 0.269361 0.765869
vt 0.270247 0.917307
vt 0.874266 0.472573
vt 0.875367 0.472573
vt 0.875367 0.604744
vt 0.797377 0.167297
vt 0.797377 0.008462
vt 0.800448 0.008895
vt 0.800448 0.167730
vt 0.838947 0.773072
vt 0.838947 0.915845
vt 0.615391 0.945253
vt 0.774223 0.946230
vt 0.774262 0.946517
vt 0.615430 0.945540
vt 0.943676 0.227117
vt 0.943676 0.224170
vt 0.944777 0.224170
vt 0.944777 0.227117
vt 0.943676 0.174063
vt 0.944777 0.174063
vt 0.944561 0.574607
vt 0.943676 0.574607
vt 0.943676 0.902283
vt 0.943676 0.899182
vt 0.943676 0.899472
vt 0.943676 0.901994
vt 0.943676 0.902283
vt 0.943676 0.905384
vt 0.943676 0.905094
vt 0.943676 0.902573
vt 0.774248 0.948811
vt 0.615416 0.947834
vt 0.615377 0.947547
vt 0.774209 0.948524
vt 0.152138 0.925056
vt 0.152138 0.766221
vt 0.154635 0.765869
vt 0.154635 0.924704
vt 0.941982 0.597745
vt 0.941982 0.740518
vt 0.941096 0.740518
vt 0.941096 0.597745
vt 0.944561 0.694450
vt 0.943676 0.694450
vt 0.615249 0.968409
vt 0.615254 0.967524
vt 0.747423 0.968337
vt 0.080936 0.765869
vt 0.080936 0.916607
vt 0.113746 0.765869
vt 0.113746 0.613804
vt 0.122406 0.613804
vt 0.122406 0.765869
vt 0.886785 0.613804
vt 0.886785 0.765869
vt 0.945996 0.017123
vt 0.945996 0.015975
vt 0.945996 0.009610
vt 0.647562 0.932657
vt 0.647562 0.941318
vt 0.644562 0.941318
vt 0.644562 0.932657
vt 0.587561 0.932657
vt 0.587561 0.941318
vt 0.083936 0.916607
vt 0.676345 0.312593
vt 0.676345 0.160528
vt 0.888431 0.168443
vt 0.888431 0.320508
vt 0.932238 0.952009
vt 0.780174 0.952370
vt 0.780172 0.951561
vt 0.932236 0.951200
vt 0.353559 0.932657
vt 0.353559 0.941318
vt 0.272559 0.932657
vt 0.272559 0.941318
vt 0.269558 0.941318
vt 0.753024 0.939700
vt 0.753024 0.932657
vt 0.755435 0.932657
vt 0.755435 0.939700
vt 0.945996 0.025783
vt 0.945996 0.017123
vt 0.945996 0.017932
vt 0.945996 0.024974
vt 0.945996 0.034443
vt 0.945996 0.033635
vt 0.945996 0.026592
vt 0.932238 0.952009
vt 0.932240 0.952818
vt 0.780176 0.953179
vt 0.324396 0.613804
vt 0.331438 0.613804
vt 0.331438 0.765869
vt 0.298830 0.765869
vt 0.298830 0.917934
vt 0.296418 0.765869
vt 0.755435 0.939700
vt 0.755435 0.932657
vt 0.757847 0.932657
vt 0.757847 0.939700
vt 0.412386 0.916607
vt 0.412386 0.765869
vt 0.414798 0.765869
vt 0.414798 0.916607
vt 0.943676 0.084833
vt 0.945996 0.084833
vt 0.874785 0.917934
vt 0.875933 0.765869
vt 0.875933 0.917934
vt 0.594213 0.765869
vt 0.594213 0.917934
vt 0.593065 0.917934
vt 0.593065 0.765869
vt 0.945996 0.043104
vt 0.945996 0.034443
vt 0.945996 0.035591
vt 0.945996 0.041956
vt 0.467253 0.765869
vt 0.467253 0.613804
vt 0.473617 0.613804
vt 0.473617 0.765869
vt 0.484621 0.765869
vt 0.484621 0.917934
vt 0.850892 0.939021
vt 0.850892 0.932657
vt 0.853212 0.932657
vt 0.853212 0.939021
vt 0.561179 0.916607
vt 0.561179 0.765869
vt 0.563499 0.765869
vt 0.563499 0.916607
vt 0.826432 0.924509
vt 0.826432 0.773072
vt 0.827533 0.773072
vt 0.827533 0.924509
vt 0.670758 0.776347
vt 0.670758 0.617122
vt 0.673833 0.616723
vt 0.673833 0.775948
vt 0.910950 0.613409
vt 0.910950 0.469918
vt 0.912051 0.469918
vt 0.912051 0.613409
vt 0.615335 0.960466
vt 0.774557 0.961445
vt 0.774518 0.961732
vt 0.615296 0.960753
vt 0.943676 0.536460
vt 0.943676 0.533514
vt 0.944777 0.533514
vt 0.944777 0.536460
vt 0.943676 0.448100
vt 0.943676 0.445155
vt 0.944777 0.445155
vt 0.944777 0.448100
vt 0.944561 0.744763
vt 0.943676 0.744763
vt 0.943676 0.958091
vt 0.943676 0.957801
vt 0.943676 0.955280
vt 0.943676 0.896082
vt 0.943676 0.892982
vt 0.943676 0.893271
vt 0.943676 0.895792
vt 0.774534 0.959147
vt 0.615312 0.958168
vt 0.615351 0.957881
vt 0.774573 0.958861
vt 0.091936 0.925095
vt 0.091936 0.765869
vt 0.094436 0.766194
vt 0.094436 0.925419
vt 0.778167 0.786966
vt 0.778167 0.930456
vt 0.777282 0.930456
vt 0.777282 0.786966
vt 0.944561 0.862125
vt 0.944561 0.864520
vt 0.943676 0.864520
vt 0.943676 0.862125
vt 0.937556 0.605693
vt 0.937556 0.454255
vt 0.938441 0.454255
vt 0.938441 0.605693
vt 0.853342 0.604744
vt 0.853342 0.472573
vt 0.854443 0.472573
vt 0.854443 0.604744
vt 0.837290 0.327278
vt 0.837290 0.168443
vt 0.840360 0.168875
vt 0.840360 0.327710
vt 0.838947 0.915845
vt 0.838947 0.773072
vt 0.840049 0.773072
vt 0.840049 0.915845
vt 0.615379 0.947260
vt 0.774211 0.948237
vt 0.774250 0.948524
vt 0.615418 0.947548
vt 0.943676 0.230065
vt 0.943676 0.227117
vt 0.944777 0.227117
vt 0.944777 0.230065
vt 0.944777 0.153431
vt 0.943676 0.153431
vt 0.944561 0.577004
vt 0.943676 0.577004
vt 0.943676 0.933290
vt 0.943676 0.930190
vt 0.943676 0.930479
vt 0.943676 0.933001
vt 0.945996 0.046204
vt 0.945996 0.045915
vt 0.774234 0.951106
vt 0.615402 0.950129
vt 0.615363 0.949842
vt 0.774195 0.950819
vt 0.127163 0.925056
vt 0.127163 0.766221
vt 0.129660 0.765869
vt 0.129660 0.924704
vt 0.935316 0.311216
vt 0.935316 0.453989
vt 0.934431 0.453989
vt 0.934431 0.311216
vt 0.944561 0.660894
vt 0.944561 0.663290
vt 0.943676 0.663290
vt 0.943676 0.660894
vt 0.615260 0.966639
vt 0.747428 0.967452
vt 0.901785 0.764542
vt 0.901785 0.915279
vt 0.667684 0.616723
vt 0.667684 0.464658
vt 0.676345 0.464658
vt 0.676345 0.616723
vt 0.885435 0.160527
vt 0.885435 0.008462
vt 0.888435 0.008462
vt 0.888435 0.160527
vt 0.945996 0.054865
vt 0.945996 0.053717
vt 0.945996 0.047353
vt 0.464560 0.932657
vt 0.464560 0.941318
vt 0.904785 0.915279
vt 0.904785 0.764542
vt 0.907785 0.764542
vt 0.907785 0.915279
vt 0.710986 0.616723
vt 0.710986 0.464658
vt 0.885431 0.472573
vt 0.888431 0.320508
vt 0.888431 0.472573
vt 0.932271 0.965760
vt 0.780206 0.966122
vt 0.780204 0.965313
vt 0.545561 0.932657
vt 0.545561 0.941318
vt 0.542561 0.932657
vt 0.422560 0.932657
vt 0.422560 0.941318
vt 0.806078 0.932657
vt 0.806078 0.939700
vt 0.945996 0.063525
vt 0.945996 0.055674
vt 0.945996 0.062716
vt 0.945996 0.072185
vt 0.945996 0.071376
vt 0.945996 0.064334
vt 0.780251 0.984727
vt 0.932315 0.984365
vt 0.932317 0.985174
vt 0.780252 0.985536
vt 0.331438 0.765869
vt 0.331438 0.613804
vt 0.338481 0.613804
vt 0.301241 0.765870
vt 0.301241 0.917934
vt 0.298830 0.765870
vt 0.760258 0.932657
vt 0.760258 0.939700
vt 0.378545 0.916607
vt 0.380957 0.765869
vt 0.380957 0.916607
vt 0.848488 0.917934
vt 0.848488 0.765869
vt 0.849637 0.765869
vt 0.710185 0.616723
vt 0.710185 0.768788
vt 0.709037 0.768788
vt 0.709037 0.616723
vt 0.945996 0.080846
vt 0.945996 0.073333
vt 0.945996 0.079698
vt 0.639869 0.613804
vt 0.639869 0.765869
vt 0.503118 0.765869
vt 0.503118 0.917934
vt 0.500798 0.917934
vt 0.500798 0.765869
vt 0.939058 0.932657
vt 0.939058 0.939022
vt 0.574503 0.916607
vt 0.574503 0.765869
vt 0.576824 0.765869
vt 0.576824 0.916607
vt 0.886785 0.917307
vt 0.887886 0.765869
vt 0.887886 0.917307
vt 0.673833 0.776347
vt 0.673833 0.617122
vt 0.676907 0.616723
vt 0.676907 0.775948
vt 0.912051 0.613409
vt 0.912051 0.469918
vt 0.913152 0.469918
vt 0.913152 0.613409
vt 0.643343 0.614203
vt 0.643343 0.773429
vt 0.643056 0.773391
vt 0.643056 0.614166
vt 0.943676 0.451045
vt 0.943676 0.448100
vt 0.944777 0.448100
vt 0.944777 0.451045
vt 0.943676 0.453991
vt 0.943676 0.451045
vt 0.944777 0.451045
vt 0.944777 0.453991
vt 0.944561 0.828593
vt 0.943676 0.828593
vt 0.767196 0.804262
vt 0.767196 0.807362
vt 0.767196 0.807073
vt 0.767196 0.804552
vt 0.640269 0.613804
vt 0.640556 0.613842
vt 0.640269 0.773030
vt 0.640556 0.773067
vt 0.524530 0.773030
vt 0.524530 0.613804
vt 0.527030 0.614129
vt 0.527030 0.773354
vt 0.939958 0.168443
vt 0.939958 0.311934
vt 0.939073 0.311934
vt 0.944561 0.783085
vt 0.938441 0.757130
vt 0.938441 0.605693
vt 0.939326 0.605693
vt 0.939326 0.757130
vt 0.847835 0.604744
vt 0.847835 0.472573
vt 0.848937 0.472573
vt 0.848937 0.604744
vt 0.821937 0.486546
vt 0.821937 0.327711
vt 0.825008 0.328143
vt 0.825008 0.486978
vt 0.840049 0.915845
vt 0.840049 0.773072
vt 0.841150 0.773072
vt 0.841150 0.915845
vt 0.825008 0.168443
vt 0.825008 0.327278
vt 0.824721 0.327319
vt 0.824721 0.168484
vt 0.943676 0.300804
vt 0.944777 0.300804
vt 0.944777 0.259539
vt 0.944561 0.644115
vt 0.944561 0.646512
vt 0.943676 0.646512
vt 0.943676 0.644115
vt 0.943676 0.927089
vt 0.943676 0.923988
vt 0.943676 0.924278
vt 0.943676 0.926799
vt 0.821937 0.168876
vt 0.822224 0.168835
vt 0.821937 0.327711
vt 0.822224 0.327670
vt 0.204220 0.925056
vt 0.204220 0.766221
vt 0.206717 0.765869
vt 0.206717 0.924704
vt 0.642556 0.789884
vt 0.642556 0.932657
vt 0.641671 0.932657
vt 0.641671 0.789884
vt 0.742577 0.927279
vt 0.743163 0.795106
vt 0.743462 0.927276
vt 0.754287 0.616723
vt 0.762948 0.464658
vt 0.762948 0.616723
vt 0.886785 0.613804
vt 0.889785 0.613804
vt 0.889785 0.765869
vt 0.945996 0.089506
vt 0.945996 0.088358
vt 0.945996 0.081994
vt 0.548561 0.932657
vt 0.548561 0.941318
vt 0.545561 0.932657
vt 0.467560 0.932657
vt 0.467560 0.941318
vt 0.464560 0.941318
vt 0.464560 0.932657
vt 0.910785 0.764542
vt 0.910785 0.915279
vt 0.719646 0.008463
vt 0.728307 0.008463
vt 0.728307 0.160528
vt 0.888431 0.320508
vt 0.888431 0.168443
vt 0.891431 0.168443
vt 0.891431 0.320508
vt 0.780206 0.966122
vt 0.425560 0.932657
vt 0.425560 0.941318
vt 0.945996 0.098166
vt 0.945996 0.090315
vt 0.945996 0.097357
vt 0.945996 0.106827
vt 0.945996 0.106018
vt 0.945996 0.098975
vt 0.780254 0.986345
vt 0.345523 0.613804
vt 0.345523 0.765869
vt 0.303653 0.765870
vt 0.303653 0.917934
vt 0.760258 0.939700
vt 0.760258 0.932657
vt 0.762670 0.932657
vt 0.762670 0.939700
vt 0.380957 0.916607
vt 0.383368 0.765869
vt 0.383368 0.916607
vt 0.913536 0.939022
vt 0.915856 0.932657
vt 0.915856 0.939022
vt 0.857673 0.765869
vt 0.601684 0.917934
vt 0.600536 0.917934
vt 0.600536 0.765869
vt 0.945996 0.115487
vt 0.945996 0.106827
vt 0.945996 0.107975
vt 0.945996 0.114339
vt 0.582592 0.765869
vt 0.582592 0.613804
vt 0.588956 0.613804
vt 0.588956 0.765869
vt 0.500798 0.765869
vt 0.498477 0.917934
vt 0.498477 0.765869
vt 0.915856 0.939022
vt 0.915856 0.932657
vt 0.918176 0.932657
vt 0.918176 0.939022
vt 0.579144 0.916607
vt 0.825331 0.924509
vt 0.825331 0.773072
vt 0.643634 0.773428
vt 0.643634 0.614203
vt 0.646708 0.613804
vt 0.646708 0.773030
vt 0.913152 0.613409
vt 0.913152 0.469918
vt 0.914254 0.469918
vt 0.914254 0.613409
vt 0.649782 0.614203
vt 0.649782 0.773428
vt 0.649495 0.773391
vt 0.649495 0.614166
vt 0.943676 0.539405
vt 0.943676 0.536460
vt 0.944777 0.536460
vt 0.944777 0.539405
vt 0.943676 0.456936
vt 0.943676 0.453991
vt 0.944777 0.453991
vt 0.944777 0.456936
vt 0.944561 0.850149
vt 0.943676 0.850149
vt 0.943676 0.936390
vt 0.943676 0.939490
vt 0.943676 0.939201
vt 0.943676 0.936680
vt 0.646708 0.613804
vt 0.646995 0.613842
vt 0.646708 0.773030
vt 0.646995 0.773067
vt 0.774782 0.773029
vt 0.774782 0.613804
vt 0.777282 0.614129
vt 0.777282 0.773354
vt 0.939962 0.008463
vt 0.939962 0.151953
vt 0.939077 0.151953
vt 0.939077 0.008463
vt 0.944561 0.763924
vt 0.944561 0.766319
vt 0.943676 0.766319
vt 0.943676 0.763924
vt 0.935532 0.319881
vt 0.935532 0.168443
vt 0.936418 0.168443
vt 0.936418 0.319881
vt 0.854443 0.604744
vt 0.855544 0.472573
vt 0.840364 0.167297
vt 0.840364 0.008463
vt 0.843434 0.008895
vt 0.843434 0.167730
vt 0.934435 0.151235
vt 0.934435 0.008462
vt 0.935536 0.008462
vt 0.935536 0.151235
vt 0.803518 0.008463
vt 0.803518 0.167298
vt 0.803232 0.167338
vt 0.803232 0.008503
vt 0.944777 0.342068
vt 0.943676 0.280172
vt 0.944561 0.646512
vt 0.944561 0.648909
vt 0.943676 0.648909
vt 0.943676 0.646512
vt 0.943676 0.911585
vt 0.943676 0.908774
vt 0.943676 0.911296
vt 0.800448 0.008895
vt 0.800735 0.008855
vt 0.800448 0.167730
vt 0.800735 0.167690
vt 0.206717 0.925056
vt 0.206717 0.766221
vt 0.209214 0.765869
vt 0.209214 0.924704
vt 0.654064 0.789884
vt 0.654064 0.932657
vt 0.744048 0.795104
vt 0.744347 0.927275
vt 0.910785 0.764542
vt 0.913785 0.764542
vt 0.913785 0.915279
vt 0.676345 0.464658
vt 0.676345 0.312593
vt 0.685005 0.312593
vt 0.685005 0.464658
vt 0.891435 0.008462
vt 0.891435 0.160527
vt 0.945996 0.124147
vt 0.945996 0.122999
vt 0.945996 0.116635
vt 0.356559 0.932657
vt 0.356559 0.941318
vt 0.275559 0.932657
vt 0.275559 0.941318
vt 0.272559 0.941318
vt 0.916785 0.764542
vt 0.916785 0.915279
vt 0.771608 0.008463
vt 0.771608 0.160528
vt 0.888431 0.472573
vt 0.888431 0.320508
vt 0.891431 0.320508
vt 0.891431 0.472573
vt 0.932292 0.974658
vt 0.780228 0.975020
vt 0.650562 0.932657
vt 0.650562 0.941318
vt 0.647562 0.941318
vt 0.488560 0.932657
vt 0.488560 0.941318
vt 0.825370 0.932657
vt 0.825370 0.939700
vt 0.945996 0.132808
vt 0.945996 0.124956
vt 0.945996 0.131999
vt 0.945996 0.132808
vt 0.945996 0.141468
vt 0.945996 0.140659
vt 0.945996 0.133616
vt 0.780274 0.994434
vt 0.932340 0.994881
vt 0.780276 0.995243
vt 0.352566 0.613804
vt 0.352566 0.765869
vt 0.306065 0.765869
vt 0.306065 0.917934
vt 0.303653 0.765869
vt 0.765082 0.932657
vt 0.765082 0.939700
vt 0.385780 0.765869
vt 0.385780 0.916607
vt 0.918176 0.939021
vt 0.918176 0.932657
vt 0.920497 0.932657
vt 0.920497 0.939021
vt 0.606900 0.917935
vt 0.606900 0.765869
vt 0.608048 0.765869
vt 0.608048 0.917935
vt 0.606900 0.765869
vt 0.606900 0.917935
vt 0.605752 0.917935
vt 0.605752 0.765869
vt 0.945996 0.150128
vt 0.945996 0.141468
vt 0.945996 0.142616
vt 0.945996 0.148980
vt 0.588956 0.765869
vt 0.588956 0.613804
vt 0.595320 0.613804
vt 0.595320 0.765869
vt 0.488665 0.765869
vt 0.488665 0.917934
vt 0.486345 0.917934
vt 0.486345 0.765869
vt 0.920497 0.939021
vt 0.920497 0.932657
vt 0.922817 0.939021
vt 0.544406 0.916607
vt 0.544406 0.765869
vt 0.887886 0.917307
vt 0.888987 0.917307
vt 0.676907 0.776347
vt 0.676907 0.617122
vt 0.679981 0.616723
vt 0.679981 0.775948
vt 0.914254 0.613409
vt 0.914254 0.469918
vt 0.915355 0.469918
vt 0.915355 0.613409
vt 0.774683 0.614203
vt 0.774683 0.773428
vt 0.774395 0.773391
vt 0.774395 0.614166
vt 0.943676 0.542350
vt 0.943676 0.539405
vt 0.944777 0.539405
vt 0.944777 0.542350
vt 0.943676 0.459881
vt 0.943676 0.456936
vt 0.944777 0.456936
vt 0.944777 0.459881
vt 0.944561 0.830988
vt 0.943676 0.830988
vt 0.771608 0.773030
vt 0.771895 0.773067
vt 0.767196 0.813562
vt 0.767196 0.810462
vt 0.767196 0.810752
vt 0.767196 0.813273
vt 0.771608 0.613804
vt 0.771895 0.613842
vt 0.929435 0.167688
vt 0.929435 0.008462
vt 0.931935 0.008787
vt 0.931935 0.168012
vt 0.779052 0.786966
vt 0.779052 0.930456
vt 0.937556 0.757130
vt 0.938441 0.757130
vt 0.875367 0.472573
vt 0.876468 0.472573
vt 0.840360 0.486545
vt 0.840360 0.327710
vt 0.843431 0.328143
vt 0.843431 0.486978
vt 0.934431 0.168443
vt 0.935532 0.168443
vt 0.935532 0.311216
vt 0.841784 0.613804
vt 0.841784 0.772639
vt 0.841498 0.772680
vt 0.841498 0.613845
vt 0.943676 0.233012
vt 0.943676 0.230065
vt 0.944777 0.230065
vt 0.944777 0.233012
vt 0.943676 0.321436
vt 0.944777 0.321436
vt 0.944561 0.713625
vt 0.944561 0.716022
vt 0.943676 0.716022
vt 0.943676 0.713625
vt 0.945996 0.153229
vt 0.945996 0.150128
vt 0.945996 0.150418
vt 0.945996 0.152939
vt 0.838714 0.614237
vt 0.839001 0.614196
vt 0.839001 0.773031
vt 0.209214 0.925056
vt 0.209214 0.766221
vt 0.211711 0.765869
vt 0.211711 0.924704
vt 0.942569 0.773354
vt 0.942569 0.916127
vt 0.941684 0.916127
vt 0.941684 0.773354
vt 0.944561 0.694450
vt 0.944561 0.696847
vt 0.943676 0.696847
vt 0.943676 0.694450
vt 0.919785 0.915279
vt 0.922785 0.915279
vt 0.140820 0.765869
vt 0.140820 0.613804
vt 0.149481 0.613804
vt 0.149481 0.765869
vt 0.892785 0.613804
vt 0.945996 0.153229
vt 0.945996 0.161889
vt 0.945996 0.160741
vt 0.945996 0.154377
vt 0.653562 0.932657
vt 0.653562 0.941318
vt 0.650562 0.941318
vt 0.650562 0.932657
vt 0.590561 0.932657
vt 0.590561 0.941318
vt 0.916785 0.915279
vt 0.762948 0.160528
vt 0.771608 0.160528
vt 0.771608 0.312593
vt 0.894431 0.168443
vt 0.894431 0.320508
vt 0.932242 0.953627
vt 0.780177 0.953988
vt 0.359559 0.932657
vt 0.359559 0.941318
vt 0.299559 0.941318
vt 0.765082 0.939700
vt 0.765082 0.932657
vt 0.767493 0.932657
vt 0.767493 0.939700
vt 0.945996 0.170550
vt 0.945996 0.162698
vt 0.945996 0.169741
vt 0.945996 0.179210
vt 0.945996 0.178401
vt 0.945996 0.171358
vt 0.357418 0.765869
vt 0.357418 0.613804
vt 0.364460 0.613804
vt 0.364460 0.765869
vt 0.308476 0.765870
vt 0.308476 0.917934
vt 0.306065 0.765870
vt 0.767493 0.939700
vt 0.767493 0.932657
vt 0.769905 0.932657
vt 0.769905 0.939700
vt 0.388192 0.765869
vt 0.388192 0.916607
vt 0.945996 0.135746
vt 0.873637 0.917934
vt 0.873637 0.765869
vt 0.874785 0.765869
vt 0.874785 0.917934
vt 0.605752 0.765869
vt 0.605752 0.917935
vt 0.604604 0.917935
vt 0.604604 0.765869
vt 0.945996 0.187870
vt 0.945996 0.180358
vt 0.945996 0.186722
vt 0.473617 0.613804
vt 0.479981 0.613804
vt 0.495030 0.765869
vt 0.495030 0.917934
vt 0.492709 0.917934
vt 0.855532 0.932657
vt 0.855532 0.939021
vt 0.565819 0.916607
vt 0.565819 0.765869
vt 0.568139 0.765869
vt 0.568139 0.916607
vt 0.819190 0.924510
vt 0.819190 0.773072
vt 0.820291 0.773072
vt 0.820291 0.924510
vt 0.732506 0.776347
vt 0.732506 0.617122
vt 0.735580 0.616723
vt 0.735580 0.775948
vt 0.904342 0.613409
vt 0.904342 0.469918
vt 0.905443 0.469918
vt 0.905443 0.613409
vt 0.615360 0.956446
vt 0.774582 0.957425
vt 0.774543 0.957712
vt 0.615321 0.956732
vt 0.943676 0.545296
vt 0.943676 0.542350
vt 0.944777 0.542350
vt 0.944777 0.545296
vt 0.943676 0.462827
vt 0.943676 0.459881
vt 0.944777 0.459881
vt 0.944777 0.462827
vt 0.944561 0.747158
vt 0.943676 0.747158
vt 0.943676 0.958091
vt 0.943676 0.961191
vt 0.943676 0.960901
vt 0.943676 0.958380
vt 0.945996 0.190970
vt 0.945996 0.187870
vt 0.945996 0.188160
vt 0.945996 0.190681
vt 0.774555 0.955701
vt 0.615333 0.954722
vt 0.615372 0.954435
vt 0.774594 0.955414
vt 0.094436 0.925095
vt 0.094436 0.765869
vt 0.096936 0.766194
vt 0.096936 0.925419
vt 0.780823 0.786966
vt 0.780823 0.930457
vt 0.779938 0.930457
vt 0.779938 0.786966
vt 0.944561 0.883681
vt 0.943676 0.883681
vt 0.233105 0.917307
vt 0.233105 0.765869
vt 0.233991 0.917307
vt 0.848937 0.604744
vt 0.848937 0.472573
vt 0.850038 0.472573
vt 0.850038 0.604744
vt 0.840360 0.327278
vt 0.840360 0.168443
vt 0.843431 0.168875
vt 0.843431 0.327710
vt 0.407475 0.916127
vt 0.407475 0.773354
vt 0.408576 0.773354
vt 0.408576 0.916127
vt 0.615384 0.946400
vt 0.774216 0.947377
vt 0.774255 0.947664
vt 0.615423 0.946687
vt 0.943676 0.235960
vt 0.943676 0.233012
vt 0.944777 0.233012
vt 0.944777 0.235960
vt 0.943676 0.177011
vt 0.944777 0.177011
vt 0.944561 0.579400
vt 0.943676 0.579400
vt 0.943676 0.914686
vt 0.943676 0.911585
vt 0.943676 0.911875
vt 0.943676 0.914397
vt 0.943676 0.914686
vt 0.943676 0.917787
vt 0.943676 0.917497
vt 0.943676 0.914976
vt 0.774236 0.950819
vt 0.615404 0.949842
vt 0.615365 0.949555
vt 0.774197 0.950532
vt 0.154635 0.925056
vt 0.154635 0.766221
vt 0.157132 0.765869
vt 0.157132 0.924704
vt 0.942618 0.008462
vt 0.942618 0.151235
vt 0.941733 0.151235
vt 0.941733 0.008462
vt 0.944561 0.699243
vt 0.943676 0.699243
vt 0.744347 0.927275
vt 0.744048 0.795104
vt 0.744933 0.795102
vt 0.745232 0.927273
vt 0.894431 0.319181
vt 0.897431 0.168443
vt 0.897431 0.319181
vt 0.132160 0.765869
vt 0.132160 0.613804
vt 0.140820 0.613804
vt 0.140820 0.765869
vt 0.894435 0.008462
vt 0.894435 0.160527
vt 0.945996 0.190970
vt 0.945996 0.199630
vt 0.945996 0.198482
vt 0.945996 0.192118
vt 0.656562 0.941318
vt 0.653562 0.941318
vt 0.653562 0.932657
vt 0.922785 0.915279
vt 0.922785 0.764542
vt 0.925785 0.764542
vt 0.925785 0.915279
vt 0.676345 0.616723
vt 0.676345 0.464658
vt 0.685005 0.464658
vt 0.685005 0.616723
vt 0.891431 0.472573
vt 0.891431 0.320508
vt 0.894431 0.320508
vt 0.894431 0.472573
vt 0.932244 0.954435
vt 0.780179 0.954797
vt 0.275559 0.941318
vt 0.769905 0.939700
vt 0.769905 0.932657
vt 0.772316 0.932657
vt 0.772316 0.939700
vt 0.945996 0.208291
vt 0.945996 0.199630
vt 0.945996 0.200439
vt 0.945996 0.207482
vt 0.945996 0.208291
vt 0.945996 0.216951
vt 0.945996 0.216142
vt 0.945996 0.209100
vt 0.364460 0.765869
vt 0.364460 0.613804
vt 0.371503 0.613804
vt 0.371503 0.765869
vt 0.310888 0.765869
vt 0.308476 0.917934
vt 0.308476 0.765869
vt 0.772316 0.939700
vt 0.772316 0.932657
vt 0.774728 0.932657
vt 0.774728 0.939700
vt 0.388192 0.916607
vt 0.388192 0.765869
vt 0.390603 0.765869
vt 0.390603 0.916607
vt 0.943676 0.091197
vt 0.872489 0.917934
vt 0.872489 0.765869
vt 0.873637 0.765869
vt 0.873637 0.917934
vt 0.603456 0.917935
vt 0.603456 0.765869
vt 0.945996 0.225611
vt 0.945996 0.216951
vt 0.945996 0.218099
vt 0.945996 0.224463
vt 0.479981 0.765869
vt 0.479981 0.613804
vt 0.486345 0.613804
vt 0.486345 0.765869
vt 0.492709 0.765869
vt 0.490389 0.917934
vt 0.490389 0.765869
vt 0.855532 0.939021
vt 0.855532 0.932657
vt 0.857852 0.932657
vt 0.857852 0.939021
vt 0.509482 0.916607
vt 0.509482 0.765869
vt 0.511802 0.765869
vt 0.511802 0.916607
vt 0.818089 0.924510
vt 0.818089 0.773072
vt 0.679981 0.776347
vt 0.679982 0.617122
vt 0.683056 0.616723
vt 0.683056 0.775948
vt 0.905443 0.613409
vt 0.905443 0.469918
vt 0.615337 0.960179
vt 0.774559 0.961158
vt 0.774520 0.961445
vt 0.615298 0.960466
vt 0.943676 0.548241
vt 0.943676 0.545296
vt 0.944777 0.545296
vt 0.944777 0.548241
vt 0.943676 0.465772
vt 0.943676 0.462827
vt 0.944777 0.462827
vt 0.944777 0.465772
vt 0.944561 0.749553
vt 0.943676 0.749553
vt 0.943676 0.889882
vt 0.943676 0.892982
vt 0.943676 0.892692
vt 0.943676 0.890171
vt 0.767196 0.810462
vt 0.767196 0.807362
vt 0.767196 0.807652
vt 0.767196 0.810173
vt 0.774536 0.958860
vt 0.615314 0.957881
vt 0.615353 0.957594
vt 0.774575 0.958573
vt 0.096936 0.925095
vt 0.096936 0.765869
vt 0.099436 0.766194
vt 0.099436 0.925419
vt 0.781708 0.786966
vt 0.781708 0.930456
vt 0.780823 0.930456
vt 0.780823 0.786966
vt 0.944561 0.866915
vt 0.943676 0.866915
vt 0.938143 0.924792
vt 0.938143 0.773354
vt 0.939029 0.773354
vt 0.939029 0.924792
vt 0.850038 0.604744
vt 0.851139 0.472573
vt 0.817221 0.772639
vt 0.817221 0.613804
vt 0.820291 0.614237
vt 0.820291 0.773072
vt 0.408873 0.916127
vt 0.408873 0.773354
vt 0.409975 0.773354
vt 0.409975 0.916127
vt 0.615386 0.946113
vt 0.774218 0.947090
vt 0.774257 0.947377
vt 0.615425 0.946400
vt 0.943676 0.238907
vt 0.943676 0.235960
vt 0.944777 0.235960
vt 0.944777 0.238907
vt 0.943676 0.156378
vt 0.943676 0.920888
vt 0.943676 0.917787
vt 0.943676 0.918077
vt 0.943676 0.920598
vt 0.943676 0.920888
vt 0.943676 0.923988
vt 0.943676 0.923699
vt 0.943676 0.921177
vt 0.774228 0.951966
vt 0.615396 0.950989
vt 0.615358 0.950703
vt 0.774190 0.951679
vt 0.176050 0.925056
vt 0.176050 0.766221
vt 0.178547 0.765869
vt 0.178547 0.924704
vt 0.941729 0.311216
vt 0.941729 0.453989
vt 0.940844 0.453989
vt 0.940844 0.311216
vt 0.944561 0.665687
vt 0.943676 0.665687
vt 0.745232 0.927273
vt 0.744933 0.795102
vt 0.745818 0.795100
vt 0.746118 0.927271
vt 0.945996 0.225611
vt 0.018984 0.613804
vt 0.018984 0.008462
vt 0.032521 0.008462
vt 0.032521 0.613804
vt 0.945996 0.225611
vt 0.032522 0.613804
vt 0.032522 0.008462
vt 0.046059 0.008462
vt 0.046059 0.613804
vt 0.727479 0.789884
vt 0.714060 0.789884
vt 0.714060 0.776347
vt 0.610368 0.765869
vt 0.623906 0.765869
vt 0.623906 0.779407
vt 0.610368 0.779407
vt 0.599889 0.008462
vt 0.599889 0.613804
vt 0.596524 0.613804
vt 0.596524 0.008462
vt 0.148513 0.942412
vt 0.148513 0.932657
vt 0.152818 0.932657
vt 0.152818 0.942412
vt 0.782956 0.613804
vt 0.782956 0.008462
vt 0.784847 0.008462
vt 0.784847 0.613804
vt 0.773499 0.008462
vt 0.773499 0.613804
vt 0.771608 0.613804
vt 0.771608 0.008462
vt 0.784847 0.613804
vt 0.784847 0.008462
vt 0.786738 0.008462
vt 0.786738 0.613804
vt 0.775391 0.008462
vt 0.775391 0.613804
vt 0.370955 0.613804
vt 0.370955 0.008462
vt 0.380710 0.008462
vt 0.380710 0.613804
vt 0.599889 0.613804
vt 0.599889 0.008462
vt 0.603254 0.008462
vt 0.603254 0.613804
vt 0.209873 0.942412
vt 0.209873 0.932657
vt 0.213209 0.932657
vt 0.213209 0.942412
vt 0.182954 0.942412
vt 0.182954 0.932657
vt 0.186319 0.932657
vt 0.186319 0.942412
vt 0.390465 0.008462
vt 0.390465 0.613804
vt 0.380710 0.613804
vt 0.380710 0.008462
vt 0.527034 0.613804
vt 0.527034 0.008462
vt 0.531377 0.008462
vt 0.531377 0.613804
vt 0.535720 0.008462
vt 0.535720 0.613804
vt 0.531377 0.613804
vt 0.531377 0.008462
vt 0.122454 0.942412
vt 0.122454 0.932657
vt 0.126797 0.932657
vt 0.126797 0.942412
vt 0.945996 0.225611
vt 0.046059 0.613804
vt 0.046059 0.008462
vt 0.059596 0.008462
vt 0.059596 0.613804
vt 0.100208 0.008462
vt 0.113746 0.008462
vt 0.111855 0.008463
vt 0.102100 0.008463
vt 0.059596 0.613804
vt 0.059596 0.008463
vt 0.073134 0.008463
vt 0.073134 0.613804
vt 0.804238 0.786966
vt 0.790819 0.786966
vt 0.790819 0.773428
vt 0.804238 0.773428
vt 0.637443 0.765869
vt 0.637443 0.779407
vt 0.606619 0.008463
vt 0.606619 0.613804
vt 0.603254 0.008463
vt 0.182954 0.942412
vt 0.178649 0.942412
vt 0.178649 0.932657
vt 0.113746 0.008462
vt 0.115637 0.008462
vt 0.115637 0.613804
vt 0.113746 0.613804
vt 0.111854 0.613804
vt 0.100208 0.613804
vt 0.102100 0.613804
vt 0.127283 0.613804
vt 0.125392 0.613804
vt 0.127283 0.008462
vt 0.125392 0.008462
vt 0.390465 0.613804
vt 0.390465 0.008462
vt 0.400220 0.008462
vt 0.400220 0.613804
vt 0.606619 0.613804
vt 0.606619 0.008462
vt 0.609984 0.008462
vt 0.609984 0.613804
vt 0.213209 0.942412
vt 0.213209 0.932657
vt 0.216545 0.932657
vt 0.216545 0.942412
vt 0.189684 0.932657
vt 0.189684 0.942412
vt 0.186319 0.942412
vt 0.186319 0.932657
vt 0.409975 0.008463
vt 0.409975 0.613804
vt 0.400220 0.613804
vt 0.400220 0.008463
vt 0.540063 0.008462
vt 0.540063 0.613804
vt 0.544407 0.008463
vt 0.544407 0.613804
vt 0.540063 0.613804
vt 0.540063 0.008463
vt 0.131140 0.932657
vt 0.131140 0.942412
vt 0.126797 0.942412
vt 0.126797 0.932657
vt 0.073134 0.613804
vt 0.073134 0.008462
vt 0.086671 0.008462
vt 0.086671 0.613804
vt 0.127283 0.008462
vt 0.140820 0.008462
vt 0.138929 0.008463
vt 0.129174 0.008463
vt 0.086671 0.613804
vt 0.086671 0.008463
vt 0.100208 0.008463
vt 0.100208 0.613804
vt 0.759609 0.789884
vt 0.746190 0.789884
vt 0.746190 0.776347
vt 0.759609 0.776347
vt 0.777282 0.773428
vt 0.777282 0.786966
vt 0.613349 0.008462
vt 0.613349 0.613804
vt 0.609984 0.008462
vt 0.157123 0.932657
vt 0.157123 0.942412
vt 0.152818 0.942412
vt 0.152818 0.932657
vt 0.140820 0.613804
vt 0.140820 0.008462
vt 0.142712 0.008462
vt 0.142712 0.613804
vt 0.140820 0.613804
vt 0.138929 0.613804
vt 0.127283 0.613804
vt 0.129174 0.613804
vt 0.154358 0.613804
vt 0.152466 0.613804
vt 0.154358 0.008462
vt 0.152467 0.008462
vt 0.409975 0.008462
vt 0.419730 0.008462
vt 0.419730 0.613804
vt 0.613349 0.613804
vt 0.616714 0.008462
vt 0.616714 0.613804
vt 0.219880 0.932657
vt 0.219880 0.942412
vt 0.189684 0.942412
vt 0.189684 0.932657
vt 0.193049 0.932657
vt 0.193049 0.942412
vt 0.429485 0.008462
vt 0.429485 0.613804
vt 0.419730 0.613804
vt 0.419730 0.008462
vt 0.544406 0.613804
vt 0.544406 0.008462
vt 0.548750 0.008462
vt 0.548750 0.613804
vt 0.553093 0.008462
vt 0.553093 0.613804
vt 0.548750 0.613804
vt 0.548750 0.008462
vt 0.135484 0.932657
vt 0.135484 0.942412
vt 0.131140 0.942412
vt 0.131140 0.932657
vt 0.945996 0.225611
vt 0.235582 0.613804
vt 0.235582 0.008462
vt 0.249119 0.008462
vt 0.249119 0.613804
vt 0.249119 0.613804
vt 0.249119 0.008462
vt 0.262657 0.008462
vt 0.262656 0.613804
vt 0.773028 0.789884
vt 0.759609 0.789884
vt 0.759609 0.776347
vt 0.773028 0.776347
vt 0.697980 0.776347
vt 0.711517 0.776347
vt 0.711517 0.789884
vt 0.697980 0.789884
vt 0.620079 0.008462
vt 0.620079 0.613804
vt 0.616714 0.008462
vt 0.161428 0.932657
vt 0.161428 0.942412
vt 0.786738 0.613804
vt 0.788629 0.008462
vt 0.788629 0.613804
vt 0.777282 0.008462
vt 0.777282 0.613804
vt 0.775391 0.613804
vt 0.775391 0.008462
vt 0.788630 0.613804
vt 0.788630 0.008462
vt 0.790521 0.008462
vt 0.790521 0.613804
vt 0.779173 0.008462
vt 0.779173 0.613804
vt 0.429485 0.613804
vt 0.429485 0.008462
vt 0.439240 0.008462
vt 0.439239 0.613804
vt 0.620079 0.613804
vt 0.620079 0.008462
vt 0.623444 0.008462
vt 0.623444 0.613804
vt 0.219880 0.942412
vt 0.219880 0.932657
vt 0.223216 0.932657
vt 0.223216 0.942412
vt 0.196414 0.932657
vt 0.196414 0.942412
vt 0.448994 0.008462
vt 0.448994 0.613804
vt 0.439240 0.613804
vt 0.553093 0.613804
vt 0.553093 0.008462
vt 0.557436 0.008462
vt 0.557436 0.613804
vt 0.561779 0.008462
vt 0.561779 0.613804
vt 0.118111 0.932657
vt 0.118111 0.942412
vt 0.113768 0.942412
vt 0.113768 0.932657
vt 0.262656 0.008462
vt 0.276194 0.008462
vt 0.276194 0.613804
vt 0.154358 0.008462
vt 0.167895 0.008462
vt 0.166004 0.008463
vt 0.156249 0.008463
vt 0.276194 0.613804
vt 0.276194 0.008462
vt 0.289731 0.008462
vt 0.289731 0.613804
vt 0.807722 0.613804
vt 0.794303 0.613804
vt 0.794303 0.600267
vt 0.807722 0.600267
vt 0.639901 0.776347
vt 0.653438 0.776347
vt 0.653438 0.789884
vt 0.639901 0.789884
vt 0.626809 0.008462
vt 0.626809 0.613804
vt 0.623444 0.613804
vt 0.623444 0.008462
vt 0.165733 0.932657
vt 0.165733 0.942412
vt 0.161428 0.942412
vt 0.161428 0.932657
vt 0.167895 0.613804
vt 0.169786 0.008462
vt 0.169786 0.613804
vt 0.167895 0.613804
vt 0.166004 0.613804
vt 0.154358 0.613804
vt 0.156249 0.613804
vt 0.181432 0.613804
vt 0.179541 0.613804
vt 0.181432 0.008462
vt 0.179541 0.008462
vt 0.448994 0.613804
vt 0.448994 0.008462
vt 0.458749 0.008462
vt 0.458749 0.613804
vt 0.626809 0.613804
vt 0.626809 0.008462
vt 0.630174 0.008462
vt 0.630174 0.613804
vt 0.229887 0.942412
vt 0.229887 0.932657
vt 0.233223 0.932657
vt 0.233223 0.942412
vt 0.199779 0.932657
vt 0.199779 0.942412
vt 0.196414 0.942412
vt 0.196414 0.932657
vt 0.468504 0.008462
vt 0.468504 0.613804
vt 0.458749 0.613804
vt 0.458749 0.008462
vt 0.561779 0.008462
vt 0.566122 0.008462
vt 0.566122 0.613804
vt 0.570465 0.008462
vt 0.570465 0.613804
vt 0.118111 0.942412
vt 0.122454 0.942412
vt 0.343880 0.613804
vt 0.343880 0.008462
vt 0.357418 0.008462
vt 0.357418 0.613804
vt 0.357418 0.613804
vt 0.357418 0.008462
vt 0.370955 0.008462
vt 0.746190 0.789884
vt 0.732771 0.789884
vt 0.732771 0.776347
vt 0.670049 0.776347
vt 0.670049 0.789884
vt 0.656512 0.789884
vt 0.646999 0.008462
vt 0.646999 0.613804
vt 0.643634 0.613804
vt 0.643634 0.008462
vt 0.174344 0.932657
vt 0.174344 0.942412
vt 0.170039 0.942412
vt 0.170039 0.932657
vt 0.790521 0.008462
vt 0.792412 0.008462
vt 0.792412 0.613804
vt 0.781064 0.008462
vt 0.781064 0.613804
vt 0.779173 0.613804
vt 0.779173 0.008462
vt 0.792412 0.613804
vt 0.792412 0.008462
vt 0.794303 0.008462
vt 0.794303 0.613804
vt 0.782956 0.008462
vt 0.781065 0.008462
vt 0.468504 0.613804
vt 0.468504 0.008462
vt 0.478259 0.008462
vt 0.478259 0.613804
vt 0.646999 0.613804
vt 0.646999 0.008462
vt 0.650364 0.008462
vt 0.650364 0.613804
vt 0.223216 0.942412
vt 0.223216 0.932657
vt 0.226552 0.932657
vt 0.226552 0.942412
vt 0.199779 0.942412
vt 0.199779 0.932657
vt 0.203144 0.932657
vt 0.203144 0.942412
vt 0.488014 0.008462
vt 0.488014 0.613804
vt 0.478259 0.613804
vt 0.478259 0.008462
vt 0.587838 0.613804
vt 0.587838 0.008462
vt 0.592181 0.008462
vt 0.592181 0.613804
vt 0.596524 0.008462
vt 0.596524 0.613804
vt 0.592181 0.613804
vt 0.592181 0.008462
vt 0.139827 0.932657
vt 0.139827 0.942412
vt 0.135484 0.942412
vt 0.289731 0.613804
vt 0.289731 0.008463
vt 0.303268 0.008463
vt 0.303268 0.613804
vt 0.181433 0.008462
vt 0.194970 0.008462
vt 0.193079 0.008463
vt 0.183324 0.008463
vt 0.303268 0.008463
vt 0.316806 0.008462
vt 0.316806 0.613804
vt 0.623788 0.779407
vt 0.637207 0.779407
vt 0.637207 0.792944
vt 0.623788 0.792944
vt 0.670759 0.776347
vt 0.684296 0.776347
vt 0.684296 0.789884
vt 0.670759 0.789884
vt 0.633539 0.008463
vt 0.633539 0.613804
vt 0.630174 0.613804
vt 0.630174 0.008463
vt 0.178649 0.932657
vt 0.178649 0.942412
vt 0.194970 0.613804
vt 0.194970 0.008462
vt 0.196861 0.008462
vt 0.196861 0.613804
vt 0.194970 0.613804
vt 0.193079 0.613804
vt 0.181432 0.613804
vt 0.183324 0.613804
vt 0.208507 0.613804
vt 0.206616 0.613804
vt 0.208507 0.008462
vt 0.206616 0.008462
vt 0.488014 0.613804
vt 0.488014 0.008462
vt 0.497769 0.008462
vt 0.497769 0.613804
vt 0.633539 0.613804
vt 0.633539 0.008462
vt 0.636904 0.008462
vt 0.636904 0.613804
vt 0.236558 0.942412
vt 0.233223 0.942412
vt 0.233223 0.932657
vt 0.206509 0.942412
vt 0.206509 0.932657
vt 0.209874 0.932657
vt 0.209874 0.942412
vt 0.507524 0.008463
vt 0.507524 0.613804
vt 0.497769 0.613804
vt 0.497769 0.008463
vt 0.570465 0.008462
vt 0.574808 0.008462
vt 0.574808 0.613804
vt 0.579151 0.008462
vt 0.579151 0.613804
vt 0.144170 0.932657
vt 0.144170 0.942412
vt 0.316806 0.613804
vt 0.316806 0.008463
vt 0.330343 0.008463
vt 0.330343 0.613804
vt 0.208507 0.008462
vt 0.222044 0.008462
vt 0.220153 0.008463
vt 0.210398 0.008463
vt 0.330343 0.008462
vt 0.343880 0.613804
vt 0.623787 0.792944
vt 0.610368 0.792944
vt 0.610368 0.779407
vt 0.623787 0.779407
vt 0.684442 0.776347
vt 0.697980 0.776347
vt 0.697980 0.789884
vt 0.684442 0.789884
vt 0.640269 0.008462
vt 0.640269 0.613804
vt 0.636904 0.008462
vt 0.165733 0.942412
vt 0.222044 0.613804
vt 0.222045 0.008462
vt 0.223936 0.008462
vt 0.223936 0.613804
vt 0.222044 0.613804
vt 0.220153 0.613804
vt 0.208507 0.613804
vt 0.210398 0.613804
vt 0.235582 0.613804
vt 0.233691 0.613804
vt 0.235582 0.008462
vt 0.233691 0.008462
vt 0.507524 0.613804
vt 0.507524 0.008462
vt 0.517279 0.008462
vt 0.517279 0.613804
vt 0.640269 0.008462
vt 0.643634 0.008462
vt 0.643634 0.613804
vt 0.226551 0.942412
vt 0.226551 0.932657
vt 0.229887 0.932657
vt 0.229887 0.942412
vt 0.527034 0.008462
vt 0.527034 0.613804
vt 0.517279 0.008462
vt 0.579152 0.613804
vt 0.579152 0.008462
vt 0.583495 0.008462
vt 0.583495 0.613804
vt 0.587838 0.008462
vt 0.583495 0.613804
vt 0.144170 0.942412
vt 0.144170 0.932657
vt 0.148513 0.932657
vt 0.148513 0.942412
s 0
f 1/1/1 2/2/1 4/3/1 3/4/1
f 3/5/2 4/6/2 8/7/2 7/8/2
f 7/9/3 8/10/3 6/11/3 5/12/3
f 6/13/2 2/14/2 26/15/2 27/16/2
f 3/17/4 7/18/4 5/19/4 1/20/4
f 8/21/5 4/22/5 2/23/5 6/24/5
f 9/25/1 10/26/1 12/27/1 11/28/1
f 11/29/2 12/7/2 16/30/2 15/31/2
f 15/32/3 16/33/3 14/34/3 13/35/3
f 10/36/6 9/37/6 17/38/6 18/39/6
f 11/40/4 15/41/4 13/42/4 9/43/4
f 16/44/5 12/45/5 10/46/5 14/47/5
f 17/48/5 20/49/5 24/50/5 21/51/5
f 9/52/3 13/53/3 20/54/3 17/55/3
f 14/56/6 10/57/6 18/58/6 19/59/6
f 13/60/6 14/61/6 19/62/6 20/63/6
f 24/64/6 23/65/6 22/66/6 21/67/6
f 18/68/3 17/69/3 21/70/3 22/71/3
f 19/72/4 18/73/4 22/74/4 23/75/4
f 20/76/1 19/77/1 23/78/1 24/79/1
f 25/80/5 28/81/5 32/82/5 29/83/5
f 5/84/6 6/85/6 27/86/6 28/87/6
f 2/88/6 1/89/6 25/90/6 26/91/6
f 1/92/3 5/93/3 28/94/3 25/95/3
f 32/96/6 31/97/6 30/98/6 29/99/6
f 26/100/3 25/101/3 29/102/3 30/103/3
f 27/104/4 26/105/4 30/106/4 31/107/4
f 28/108/1 27/109/1 31/110/1 32/111/1
f 33/112/7 34/113/7 36/114/7 35/115/7
f 35/116/2 36/117/2 40/118/2 39/119/2
f 39/120/8 40/121/8 38/122/8 37/123/8
f 34/124/6 33/125/6 41/126/6 42/127/6
f 35/128/9 39/129/9 37/130/9 33/131/9
f 40/132/10 36/133/10 34/134/10 38/135/10
f 41/136/10 44/137/10 48/138/10 45/139/10
f 33/140/4 37/141/4 44/142/4 41/143/4
f 38/144/1 34/145/1 42/146/1 43/147/1
f 37/148/6 38/149/6 43/150/6 44/151/6
f 48/152/6 47/153/6 46/154/6 45/155/6
f 42/156/8 41/157/8 45/158/8 46/159/8
f 43/160/9 42/161/9 46/162/9 47/163/9
f 44/164/7 43/165/7 47/166/7 48/167/7
f 49/168/11 50/169/11 52/170/11 51/171/11
f 51/172/2 52/173/2 56/174/2 55/175/2
f 55/176/12 56/177/12 54/178/12 53/179/12
f 50/180/6 49/181/6 57/182/6 58/183/6
f 51/184/13 55/185/13 53/186/13 49/187/13
f 56/188/14 52/189/14 50/190/14 54/191/14
f 57/192/14 60/193/14 64/194/14 61/195/14
f 49/196/3 53/197/3 60/198/3 57/199/3
f 54/200/15 50/180/15 58/183/15 59/201/15
f 53/202/6 54/200/6 59/201/6 60/203/6
f 64/204/6 63/205/6 62/206/6 61/207/6
f 58/208/12 57/209/12 61/210/12 62/211/12
f 59/212/13 58/213/13 62/214/13 63/215/13
f 60/216/11 59/217/11 63/218/11 64/219/11
f 65/220/1 66/221/1 68/222/1 67/223/1
f 67/224/2 68/225/2 72/226/2 71/227/2
f 71/228/3 72/229/3 70/230/3 69/231/3
f 70/232/3 66/233/3 90/234/3 91/235/3
f 67/236/4 71/237/4 69/238/4 65/239/4
f 72/240/5 68/241/5 66/18/5 70/17/5
f 73/242/1 74/243/1 76/244/1 75/245/1
f 75/246/2 76/247/2 80/248/2 79/249/2
f 79/250/3 80/251/3 78/252/3 77/253/3
f 74/254/6 73/255/6 81/37/6 82/256/6
f 75/257/4 79/258/4 77/259/4 73/260/4
f 80/261/5 76/262/5 74/45/5 78/44/5
f 81/51/5 84/50/5 88/263/5 85/264/5
f 73/265/3 77/266/3 84/267/3 81/268/3
f 78/57/6 74/269/6 82/270/6 83/271/6
f 77/63/6 78/62/6 83/272/6 84/273/6
f 88/274/6 87/275/6 86/276/6 85/277/6
f 82/278/3 81/279/3 85/280/3 86/281/3
f 83/75/4 82/74/4 86/282/4 87/283/4
f 84/79/1 83/78/1 87/284/1 88/285/1
f 89/286/5 92/287/5 96/288/5 93/289/5
f 69/290/6 70/291/6 91/292/6 92/293/6
f 66/294/6 65/295/6 89/296/6 90/297/6
f 65/298/3 69/92/3 92/299/3 89/300/3
f 96/301/6 95/302/6 94/303/6 93/304/6
f 90/305/3 89/306/3 93/307/3 94/308/3
f 91/309/4 90/310/4 94/311/4 95/312/4
f 92/313/1 91/314/1 95/315/1 96/316/1
f 97/317/7 98/318/7 100/319/7 99/320/7
f 99/321/2 100/322/2 104/323/2 103/324/2
f 103/325/8 104/326/8 102/327/8 101/328/8
f 98/329/6 97/330/6 105/331/6 106/332/6
f 99/333/9 103/334/9 101/335/9 97/336/9
f 104/337/10 100/338/10 98/339/10 102/340/10
f 105/341/10 108/342/10 112/343/10 109/344/10
f 97/196/3 101/345/3 108/346/3 105/347/3
f 102/348/16 98/349/16 106/350/16 107/351/16
f 101/352/6 102/353/6 107/354/6 108/355/6
f 112/356/6 111/357/6 110/358/6 109/359/6
f 106/360/8 105/361/8 109/362/8 110/363/8
f 107/364/9 106/365/9 110/366/9 111/367/9
f 108/368/7 107/369/7 111/370/7 112/371/7
f 113/372/11 114/373/11 116/374/11 115/375/11
f 115/376/2 116/377/2 120/378/2 119/379/2
f 119/380/12 120/381/12 118/382/12 117/383/12
f 114/384/6 113/385/6 121/386/6 122/387/6
f 115/388/13 119/389/13 117/390/13 113/391/13
f 120/392/14 116/393/14 114/394/14 118/395/14
f 121/396/14 124/397/14 128/398/14 125/399/14
f 113/400/3 117/401/3 124/402/3 121/403/3
f 118/404/15 114/384/15 122/387/15 123/405/15
f 117/406/6 118/404/6 123/405/6 124/407/6
f 128/408/6 127/409/6 126/410/6 125/411/6
f 122/412/12 121/413/12 125/414/12 126/415/12
f 123/416/13 122/417/13 126/418/13 127/419/13
f 124/219/11 123/218/11 127/420/11 128/421/11
f 129/222/1 130/3/1 132/422/1 131/423/1
f 131/424/2 132/425/2 136/426/2 135/427/2
f 135/428/3 136/228/3 134/231/3 133/429/3
f 134/430/2 130/431/2 154/432/2 155/433/2
f 131/434/4 135/435/4 133/436/4 129/437/4
f 136/438/5 132/439/5 130/440/5 134/441/5
f 137/28/1 138/27/1 140/442/1 139/443/1
f 139/444/2 140/445/2 144/446/2 143/447/2
f 143/448/3 144/449/3 142/450/3 141/451/3
f 138/452/6 137/453/6 145/454/6 146/455/6
f 139/456/4 143/457/4 141/458/4 137/459/4
f 144/460/5 140/461/5 138/462/5 142/463/5
f 145/464/5 148/465/5 152/466/5 149/467/5
f 137/468/3 141/469/3 148/470/3 145/471/3
f 142/472/3 138/473/3 146/474/3 147/475/3
f 141/476/6 142/477/6 147/478/6 148/479/6
f 152/277/6 151/480/6 150/481/6 149/482/6
f 146/483/3 145/484/3 149/485/3 150/486/3
f 147/487/4 146/488/4 150/489/4 151/490/4
f 148/285/1 147/284/1 151/491/1 152/492/1
f 153/493/5 156/494/5 160/495/5 157/496/5
f 133/497/6 134/498/6 155/499/6 156/500/6
f 130/501/6 129/502/6 153/503/6 154/504/6
f 129/505/2 133/468/2 156/506/2 153/507/2
f 160/508/6 159/509/6 158/510/6 157/511/6
f 154/512/3 153/513/3 157/514/3 158/515/3
f 155/496/4 154/516/4 158/517/4 159/518/4
f 156/519/1 155/520/1 159/521/1 160/522/1
f 161/523/7 162/524/7 164/525/7 163/526/7
f 163/527/2 164/528/2 168/529/2 167/530/2
f 167/531/8 168/532/8 166/533/8 165/534/8
f 162/535/6 161/536/6 169/537/6 170/538/6
f 163/539/9 167/540/9 165/541/9 161/542/9
f 168/543/10 164/544/10 162/545/10 166/546/10
f 169/137/10 172/547/10 176/548/10 173/138/10
f 161/536/2 165/549/2 172/550/2 169/537/2
f 166/551/1 162/552/1 170/553/1 171/554/1
f 165/549/6 166/555/6 171/556/6 172/550/6
f 176/557/6 175/558/6 174/559/6 173/560/6
f 170/561/8 169/562/8 173/361/8 174/563/8
f 171/564/9 170/548/9 174/547/9 175/565/9
f 172/566/7 171/567/7 175/568/7 176/569/7
f 177/171/11 178/570/11 180/571/11 179/572/11
f 179/573/2 180/574/2 184/575/2 183/576/2
f 183/577/12 184/578/12 182/579/12 181/580/12
f 178/581/6 177/582/6 185/583/6 186/584/6
f 179/585/13 183/586/13 181/587/13 177/588/13
f 184/589/14 180/590/14 178/591/14 182/592/14
f 185/593/14 188/594/14 192/595/14 189/596/14
f 177/597/3 181/598/3 188/599/3 185/600/3
f 182/601/15 178/581/15 186/584/15 187/602/15
f 181/603/6 182/601/6 187/602/6 188/604/6
f 192/605/6 191/606/6 190/607/6 189/608/6
f 186/609/12 185/610/12 189/611/12 190/612/12
f 187/613/13 186/614/13 190/615/13 191/616/13
f 188/617/11 187/618/11 191/619/11 192/620/11
f 193/621/1 194/622/1 196/623/1 195/624/1
f 195/625/2 196/626/2 200/627/2 199/628/2
f 199/231/3 200/230/3 198/629/3 197/630/3
f 198/631/6 194/632/6 218/633/6 219/634/6
f 195/635/4 199/636/4 197/637/4 193/456/4
f 200/638/5 196/639/5 194/640/5 198/641/5
f 201/223/1 202/222/1 204/423/1 203/642/1
f 203/643/2 204/644/2 208/645/2 207/646/2
f 207/253/3 208/252/3 206/647/3 205/648/3
f 202/649/6 201/650/6 209/651/6 210/652/6
f 203/653/4 207/654/4 205/435/4 201/434/4
f 208/655/5 204/656/5 202/657/5 206/658/5
f 209/659/5 212/660/5 216/661/5 213/662/5
f 201/663/3 205/632/3 212/664/3 209/665/3
f 206/666/3 202/667/3 210/668/3 211/669/3
f 205/670/6 206/671/6 211/672/6 212/673/6
f 216/674/6 215/675/6 214/676/6 213/677/6
f 210/678/3 209/679/3 213/484/3 214/483/3
f 211/680/4 210/681/4 214/682/4 215/683/4
f 212/684/1 211/685/1 215/686/1 216/687/1
f 217/688/5 220/689/5 224/690/5 221/691/5
f 197/692/6 198/693/6 219/694/6 220/695/6
f 194/696/6 193/697/6 217/698/6 218/699/6
f 193/700/6 197/663/6 220/701/6 217/702/6
f 224/703/6 223/704/6 222/705/6 221/515/6
f 218/515/3 217/514/3 221/706/3 222/707/3
f 219/708/4 218/709/4 222/710/4 223/711/4
f 220/712/1 219/713/1 223/714/1 224/715/1
f 225/716/7 226/717/7 228/718/7 227/719/7
f 227/720/2 228/721/2 232/722/2 231/723/2
f 231/724/8 232/725/8 230/726/8 229/727/8
f 226/728/6 225/729/6 233/730/6 234/731/6
f 227/732/9 231/733/9 229/734/9 225/735/9
f 232/736/10 228/543/10 226/546/10 230/737/10
f 233/738/10 236/739/10 240/740/10 237/741/10
f 225/348/2 229/742/2 236/743/2 233/744/2
f 230/745/1 226/746/1 234/747/1 235/748/1
f 229/749/6 230/750/6 235/751/6 236/752/6
f 240/753/6 239/754/6 238/755/6 237/756/6
f 234/757/8 233/758/8 237/759/8 238/760/8
f 235/761/9 234/762/9 238/763/9 239/764/9
f 236/765/7 235/766/7 239/767/7 240/768/7
f 241/769/11 242/770/11 244/771/11 243/772/11
f 243/773/2 244/774/2 248/775/2 247/776/2
f 247/777/12 248/778/12 246/779/12 245/780/12
f 242/781/6 241/782/6 249/783/6 250/784/6
f 243/785/13 247/786/13 245/787/13 241/788/13
f 248/789/14 244/790/14 242/791/14 246/792/14
f 249/793/14 252/794/14 256/795/14 253/796/14
f 241/797/2 245/798/2 252/799/2 249/800/2
f 246/801/15 242/802/15 250/803/15 251/804/15
f 245/805/6 246/806/6 251/807/6 252/808/6
f 256/809/6 255/810/6 254/811/6 253/812/6
f 250/813/12 249/814/12 253/815/12 254/816/12
f 251/614/13 250/817/13 254/818/13 255/615/13
f 252/819/11 251/820/11 255/821/11 256/822/11
f 257/823/1 258/824/1 260/825/1 259/826/1
f 259/827/2 260/828/2 264/829/2 263/830/2
f 263/831/3 264/832/3 262/833/3 261/834/3
f 262/835/3 258/836/3 282/837/3 283/838/3
f 259/839/4 263/840/4 261/636/4 257/635/4
f 264/841/5 260/842/5 258/639/5 262/638/5
f 265/843/1 266/844/1 268/845/1 267/846/1
f 267/847/2 268/848/2 272/849/2 271/850/2
f 271/451/3 272/450/3 270/851/3 269/852/3
f 266/853/6 265/854/6 273/855/6 274/856/6
f 267/857/4 271/858/4 269/654/4 265/653/4
f 272/859/5 268/860/5 266/861/5 270/438/5
f 273/862/5 276/863/5 280/864/5 277/865/5
f 265/866/3 269/867/3 276/868/3 273/869/3
f 270/870/3 266/871/3 274/872/3 275/873/3
f 269/874/6 270/855/6 275/875/6 276/876/6
f 280/877/6 279/878/6 278/879/6 277/880/6
f 274/881/3 273/882/3 277/679/3 278/883/3
f 275/884/4 274/885/4 278/886/4 279/887/4
f 276/888/1 275/686/1 279/889/1 280/890/1
f 281/891/5 284/892/5 288/893/5 285/894/5
f 261/695/6 262/694/6 283/895/6 284/896/6
f 258/897/6 257/898/6 281/899/6 282/900/6
f 257/901/6 261/866/6 284/902/6 281/903/6
f 288/904/6 287/905/6 286/906/6 285/907/6
f 282/908/3 281/909/3 285/910/3 286/911/3
f 283/912/4 282/913/4 286/914/4 287/915/4
f 284/916/1 283/917/1 287/918/1 288/919/1
f 289/920/7 290/921/7 292/922/7 291/923/7
f 291/924/2 292/925/2 296/926/2 295/927/2
f 295/727/8 296/726/8 294/928/8 293/929/8
f 290/930/6 289/931/6 297/932/6 298/933/6
f 291/934/9 295/935/9 293/936/9 289/937/9
f 296/938/10 292/939/10 290/940/10 294/941/10
f 297/739/10 300/942/10 304/943/10 301/740/10
f 289/742/5 293/944/5 300/945/5 297/946/5
f 294/947/1 290/948/1 298/949/1 299/950/1
f 293/951/6 294/952/6 299/953/6 300/954/6
f 304/955/6 303/956/6 302/957/6 301/958/6
f 298/959/8 297/960/8 301/758/8 302/757/8
f 299/961/9 298/962/9 302/963/9 303/964/9
f 300/965/7 299/966/7 303/967/7 304/968/7
f 305/375/11 306/969/11 308/970/11 307/971/11
f 307/972/2 308/973/2 312/974/2 311/975/2
f 311/976/12 312/977/12 310/978/12 309/979/12
f 306/980/6 305/981/6 313/982/6 314/983/6
f 307/984/13 311/785/13 309/788/13 305/985/13
f 312/986/14 308/987/14 306/988/14 310/989/14
f 313/794/14 316/990/14 320/991/14 317/795/14
f 305/992/2 309/993/2 316/994/2 313/995/2
f 310/996/1 306/997/1 314/998/1 315/999/1
f 309/1000/6 310/1001/6 315/1002/6 316/1003/6
f 320/1004/6 319/1005/6 318/1006/6 317/1007/6
f 314/1008/12 313/1009/12 317/610/12 318/1010/12
f 315/1011/13 314/1012/13 318/1013/13 319/1014/13
f 316/1015/11 315/1016/11 319/1017/11 320/1018/11
f 321/423/1 322/422/1 324/1019/1 323/1020/1
f 323/425/2 324/1021/2 328/1022/2 327/426/2
f 327/1023/3 328/1024/3 326/1025/3 325/1026/3
f 326/1027/2 322/1028/2 346/1029/2 347/1030/2
f 323/1031/4 327/1032/4 325/241/4 321/240/4
f 328/1033/5 324/1034/5 322/22/5 326/21/5
f 329/1035/1 330/1036/1 332/1037/1 331/1038/1
f 331/1039/2 332/1040/2 336/1041/2 335/1042/2
f 335/1043/3 336/1044/3 334/1045/3 333/1046/3
f 330/1047/6 329/1048/6 337/1049/6 338/1050/6
f 331/1051/4 335/1052/4 333/1053/4 329/257/4
f 336/1054/5 332/1055/5 330/262/5 334/261/5
f 337/1056/5 340/1057/5 344/1058/5 341/1059/5
f 329/1060/2 333/1061/2 340/1062/2 337/1063/2
f 334/1028/3 330/1064/3 338/1065/3 339/1066/3
f 333/1067/6 334/1068/6 339/1069/6 340/1070/6
f 344/1071/6 343/1072/6 342/1073/6 341/1074/6
f 338/1075/3 337/1076/3 341/1077/3 342/1078/3
f 339/1079/4 338/1080/4 342/1081/4 343/1082/4
f 340/492/1 339/491/1 343/1083/1 344/1084/1
f 345/1085/5 348/1086/5 352/472/5 349/1087/5
f 325/1088/6 326/1089/6 347/1090/6 348/1091/6
f 322/1092/6 321/1093/6 345/1094/6 346/1095/6
f 321/1096/2 325/1097/2 348/1098/2 345/1099/2
f 352/1100/6 351/1101/6 350/1102/6 349/1103/6
f 346/1104/3 345/1105/3 349/1106/3 350/1107/3
f 347/107/4 346/106/4 350/1108/4 351/1109/4
f 348/1110/1 347/1111/1 351/1112/1 352/1113/1
f 353/1114/7 354/1115/7 356/1116/7 355/1117/7
f 355/1118/2 356/1119/2 360/1120/2 359/1121/2
f 359/1122/8 360/1123/8 358/1124/8 357/1125/8
f 354/1126/6 353/1127/6 361/1128/6 362/1129/6
f 355/1130/9 359/1131/9 357/1132/9 353/1133/9
f 360/1134/10 356/1135/10 354/1136/10 358/1137/10
f 361/565/10 364/1138/10 368/1139/10 365/564/10
f 353/1140/4 357/1141/4 364/1142/4 361/1143/4
f 358/1144/17 354/1126/17 362/1129/17 363/1145/17
f 357/1146/6 358/1144/6 363/1145/6 364/1147/6
f 368/1148/6 367/1149/6 366/1150/6 365/1151/6
f 362/1152/8 361/1153/8 365/1154/8 366/1155/8
f 363/161/9 362/1156/9 366/1157/9 367/162/9
f 364/1158/7 363/1159/7 367/1160/7 368/1161/7
f 369/1162/11 370/1163/11 372/1164/11 371/1165/11
f 371/1166/2 372/1167/2 376/1168/2 375/1169/2
f 375/979/12 376/1170/12 374/1171/12 373/1172/12
f 370/1173/6 369/1174/6 377/1175/6 378/1176/6
f 371/1177/13 375/1178/13 373/1179/13 369/1180/13
f 376/189/14 372/1181/14 370/1182/14 374/190/14
f 377/397/14 380/1183/14 384/1184/14 381/398/14
f 369/1174/6 373/1185/6 380/1186/6 377/1175/6
f 374/1187/3 370/1173/3 378/1176/3 379/1188/3
f 373/1185/6 374/1187/6 379/1188/6 380/1186/6
f 384/1189/6 383/1190/6 382/1191/6 381/1192/6
f 378/1193/12 377/1194/12 381/1009/12 382/1008/12
f 379/1195/13 378/1196/13 382/1197/13 383/1198/13
f 380/1199/11 379/1200/11 383/1201/11 384/1202/11
f 385/1203/1 386/1035/1 388/1204/1 387/1205/1
f 387/1206/2 388/224/2 392/227/2 391/1207/2
f 391/1208/3 392/1209/3 390/1210/3 389/1211/3
f 390/1212/2 386/1213/2 410/1214/2 411/1215/2
f 387/1216/4 391/1217/4 389/1052/4 385/1218/4
f 392/1219/5 388/1220/5 386/1032/5 390/1031/5
f 393/1221/1 394/1222/1 396/1223/1 395/1224/1
f 395/1225/2 396/1039/2 400/1042/2 399/1226/2
f 399/1227/3 400/1228/3 398/1229/3 397/1230/3
f 394/1231/6 393/1232/6 401/255/6 402/254/6
f 395/1233/4 399/1234/4 397/1235/4 393/1236/4
f 400/1237/5 396/1238/5 394/1055/5 398/1054/5
f 401/1059/5 404/1058/5 408/1239/5 405/1240/5
f 393/1241/3 397/1242/3 404/1243/3 401/1244/3
f 398/1213/3 394/1245/3 402/1246/3 403/1247/3
f 397/1070/6 398/1069/6 403/1248/6 404/1249/6
f 408/1250/6 407/1251/6 406/1252/6 405/1253/6
f 402/1254/3 401/1255/3 405/1256/3 406/1257/3
f 403/1082/4 402/1081/4 406/1258/4 407/1259/4
f 404/1260/1 403/889/1 407/1261/1 408/1262/1
f 409/1263/5 412/1264/5 416/1265/5 413/1266/5
f 389/1267/6 390/1268/6 411/1269/6 412/1270/6
f 386/1271/6 385/1272/6 409/1273/6 410/1274/6
f 385/1275/6 389/1276/6 412/1277/6 409/1278/6
f 416/304/6 415/303/6 414/1279/6 413/1280/6
f 410/1281/3 409/1282/3 413/1283/3 414/1284/3
f 411/1285/4 410/1286/4 414/1287/4 415/1288/4
f 412/1289/1 411/1290/1 415/1291/1 416/1292/1
f 417/1293/7 418/1294/7 420/1295/7 419/1296/7
f 419/1297/2 420/1298/2 424/1299/2 423/1300/2
f 423/1301/8 424/1302/8 422/1303/8 421/1304/8
f 418/1305/6 417/1306/6 425/1307/6 426/1308/6
f 419/1309/9 423/1310/9 421/1311/9 417/1312/9
f 424/1313/10 420/1314/10 418/1315/10 422/1316/10
f 425/342/10 428/1317/10 432/1318/10 429/343/10
f 417/1319/6 421/1320/6 428/1321/6 425/1322/6
f 422/1323/1 418/1305/1 426/1308/1 427/1324/1
f 421/1325/6 422/1323/6 427/1324/6 428/1326/6
f 432/1327/6 431/1328/6 430/1329/6 429/1330/6
f 426/1331/8 425/1332/8 429/1333/8 430/1334/8
f 427/365/9 426/1335/9 430/1336/9 431/366/9
f 428/1337/7 427/1338/7 431/1339/7 432/1340/7
f 433/1341/11 434/1342/11 436/1343/11 435/1344/11
f 435/1345/2 436/1346/2 440/1347/2 439/1348/2
f 439/1349/12 440/1350/12 438/1351/12 437/1352/12
f 434/1353/6 433/1354/6 441/1355/6 442/1356/6
f 435/1357/13 439/1358/13 437/1359/13 433/1360/13
f 440/1361/14 436/1362/14 434/1363/14 438/1364/14
f 441/1183/14 444/1365/14 448/1366/14 445/1184/14
f 433/1354/5 437/379/5 444/1367/5 441/1355/5
f 438/1368/3 434/1353/3 442/1356/3 443/1369/3
f 437/379/6 438/1368/6 443/1369/6 444/1367/6
f 448/1370/6 447/1371/6 446/1372/6 445/1373/6
f 442/1374/12 441/1375/12 445/1194/12 446/1376/12
f 443/1377/13 442/1378/13 446/1379/13 447/1380/13
f 444/1381/11 443/619/11 447/1382/11 448/1383/11
f 449/1384/1 450/423/1 452/1020/1 451/1385/1
f 451/1386/2 452/1387/2 456/1388/2 455/1389/2
f 455/1026/3 456/1390/3 454/1391/3 453/1392/3
f 454/1275/6 450/1393/6 474/1394/6 475/1395/6
f 451/1396/4 455/1397/4 453/858/4 449/857/4
f 456/1398/5 452/1399/5 450/1400/5 454/859/5
f 457/1401/1 458/1402/1 460/1403/1 459/1404/1
f 459/1405/2 460/1406/2 464/1407/2 463/1408/2
f 463/1409/3 464/1045/3 462/1410/3 461/1411/3
f 458/1412/6 457/1413/6 465/1414/6 466/1415/6
f 459/1416/4 463/1417/4 461/1418/4 457/839/4
f 464/1419/5 460/1420/5 458/461/5 462/460/5
f 465/467/5 468/466/5 472/1421/5 469/1422/5
f 457/1423/3 461/1241/3 468/1424/3 465/1425/3
f 462/1426/6 458/1427/6 466/1428/6 467/1429/6
f 461/1430/6 462/1431/6 467/1432/6 468/1433/6
f 472/1074/6 471/1073/6 470/1434/6 469/1435/6
f 466/1436/3 465/1437/3 469/1255/3 470/1254/3
f 467/1438/4 466/1439/4 470/1440/4 471/1441/4
f 468/1442/1 467/1443/1 471/1444/1 472/1445/1
f 473/1446/5 476/1447/5 480/1448/5 477/1449/5
f 453/1450/6 454/1451/6 475/1435/6 476/1452/6
f 450/1453/6 449/1454/6 473/1455/6 474/1456/6
f 449/1457/3 453/1458/3 476/1459/3 473/1460/3
f 480/1461/6 479/1462/6 478/1463/6 477/1464/6
f 474/1465/3 473/1466/3 477/1467/3 478/1468/3
f 475/1469/4 474/1470/4 478/1471/4 479/1472/4
f 476/919/1 475/918/1 479/1473/1 480/1474/1
f 481/1475/7 482/315/7 484/1476/7 483/1477/7
f 483/1478/2 484/1479/2 488/1480/2 487/1481/2
f 487/1482/8 488/1483/8 486/1484/8 485/1485/8
f 482/1486/6 481/1487/6 489/1488/6 490/1489/6
f 483/1490/9 487/1491/9 485/1492/9 481/1493/9
f 488/1494/10 484/1495/10 482/1496/10 486/1497/10
f 489/1498/10 492/1499/10 496/1500/10 493/1501/10
f 481/1487/4 485/1502/4 492/1503/4 489/1488/4
f 486/1504/1 482/1505/1 490/1506/1 491/1507/1
f 485/1502/6 486/1508/6 491/1509/6 492/1503/6
f 496/1510/6 495/1511/6 494/1512/6 493/1513/6
f 490/1155/8 489/1154/8 493/1514/8 494/1515/8
f 491/1516/9 490/1500/9 494/1499/9 495/1517/9
f 492/1518/7 491/1519/7 495/1520/7 496/1521/7
f 497/1344/11 498/1522/11 500/1523/11 499/1524/11
f 499/1525/2 500/1526/2 504/1527/2 503/1528/2
f 503/1529/12 504/1530/12 502/1531/12 501/1532/12
f 498/1533/6 497/1534/6 505/1535/6 506/1536/6
f 499/1537/13 503/1538/13 501/1539/13 497/1540/13
f 504/1541/14 500/1542/14 498/1543/14 502/1544/14
f 505/1545/14 508/1546/14 512/1547/14 509/1548/14
f 497/1534/3 501/1549/3 508/1550/3 505/1535/3
f 502/1551/3 498/1533/3 506/1536/3 507/1552/3
f 501/1549/6 502/1551/6 507/1552/6 508/1550/6
f 512/1553/6 511/1554/6 510/1555/6 509/1556/6
f 506/1557/12 505/1558/12 509/1559/12 510/1560/12
f 507/1561/13 506/1562/13 510/1563/13 511/1564/13
f 508/1018/11 507/1017/11 511/1565/11 512/1566/11
f 513/1567/1 514/1568/1 516/1569/1 515/1570/1
f 515/1571/2 516/1572/2 520/1573/2 519/1574/2
f 519/1211/3 520/1210/3 518/1575/3 517/1576/3
f 518/1577/2 514/1578/2 538/1579/2 539/1580/2
f 515/1581/4 519/1582/4 517/1583/4 513/1416/4
f 520/1584/5 516/1585/5 514/842/5 518/841/5
f 521/1586/1 522/1587/1 524/1588/1 523/1589/1
f 523/1590/2 524/1591/2 528/1592/2 527/1593/2
f 527/1594/3 528/1229/3 526/1595/3 525/1596/3
f 522/1597/6 521/1598/6 529/1599/6 530/1600/6
f 523/1601/4 527/1602/4 525/1603/4 521/1396/4
f 528/1604/5 524/1605/5 522/656/5 526/655/5
f 529/1606/5 532/1607/5 536/1608/5 533/1609/5
f 521/1610/6 525/1611/6 532/1612/6 529/1613/6
f 526/1578/3 522/1614/3 530/1615/3 531/1616/3
f 525/1413/6 526/1617/6 531/1618/6 532/1619/6
f 536/1435/6 535/1434/6 534/1620/6 533/1621/6
f 530/1622/3 529/1623/3 533/1437/3 534/1436/3
f 531/1624/4 530/1625/4 534/1626/4 535/1627/4
f 532/1628/1 531/1629/1 535/1630/1 536/1631/1
f 537/1632/5 540/688/5 544/691/5 541/1633/5
f 517/1634/6 518/1635/6 539/1636/6 540/1637/6
f 514/1638/6 513/1639/6 537/1640/6 538/1641/6
f 513/1642/3 517/1643/3 540/1644/3 537/1645/3
f 544/1646/6 543/1647/6 542/1648/6 541/1649/6
f 538/1650/3 537/1651/3 541/1652/3 542/1653/3
f 539/915/4 538/914/4 542/1654/4 543/1655/4
f 540/1656/1 539/1657/1 543/1658/1 544/1659/1
f 545/1660/7 546/1661/7 548/1662/7 547/1663/7
f 547/1664/2 548/1665/2 552/1666/2 551/1667/2
f 551/1668/8 552/1669/8 550/1670/8 549/1671/8
f 546/1672/6 545/1673/6 553/1674/6 554/1675/6
f 547/1676/9 551/1677/9 549/1678/9 545/1679/9
f 552/1680/10 548/1681/10 546/1497/10 550/1682/10
f 553/942/10 556/1683/10 560/1684/10 557/943/10
f 545/1685/2 549/1686/2 556/1687/2 553/1688/2
f 550/1689/17 546/1690/17 554/1691/17 555/1692/17
f 549/1693/6 550/1694/6 555/1695/6 556/1696/6
f 560/1697/6 559/1698/6 558/1699/6 557/1700/6
f 554/1701/8 553/1702/8 557/1703/8 558/1704/8
f 555/1705/9 554/1706/9 558/1707/9 559/1708/9
f 556/1709/7 555/1710/7 559/1711/7 560/1712/7
f 561/1165/11 562/1164/11 564/1713/11 563/1714/11
f 563/1715/2 564/1716/2 568/1717/2 567/1718/2
f 567/1719/12 568/1720/12 566/1721/12 565/1722/12
f 562/1723/6 561/1724/6 569/1725/6 570/1726/6
f 563/1727/13 567/1728/13 565/1729/13 561/1730/13
f 568/1731/14 564/789/14 562/792/14 566/1732/14
f 569/990/14 572/1733/14 576/1734/14 573/991/14
f 561/1724/3 565/1735/3 572/1736/3 569/1725/3
f 566/1737/18 562/1738/18 570/1739/18 571/1740/18
f 565/1735/6 566/1741/6 571/1742/6 572/1736/6
f 576/1743/6 575/1744/6 574/1745/6 573/1746/6
f 570/1747/12 569/1748/12 573/1749/12 574/1750/12
f 571/1562/13 570/1751/13 574/1752/13 575/1563/13
f 572/1753/11 571/1754/11 575/1755/11 576/1756/11
f 577/1020/1 578/1019/1 580/1757/1 579/1035/1
f 579/1758/2 580/1759/2 584/1760/2 583/1761/2
f 583/1392/3 584/1762/3 582/1763/3 581/1764/3
f 582/1689/2 578/1765/2 602/1766/2 603/1767/2
f 579/1768/4 583/1769/4 581/1582/4 577/1581/4
f 584/1770/5 580/1771/5 578/1585/5 582/1584/5
f 585/1772/1 586/1773/1 588/844/1 587/1774/1
f 587/1775/2 588/643/2 592/646/2 591/1776/2
f 591/1595/3 592/1777/3 590/1778/3 589/1779/3
f 586/876/6 585/1780/6 593/1781/6 594/874/6
f 587/1782/4 591/1783/4 589/1784/4 585/1785/4
f 592/1786/5 588/1787/5 586/1788/5 590/1789/5
f 593/1790/5 596/1791/5 600/1792/5 597/1793/5
f 585/1794/2 589/1795/2 596/1796/2 593/1797/2
f 590/1798/2 586/1799/2 594/1800/2 595/1801/2
f 589/1802/6 590/1803/6 595/1804/6 596/1805/6
f 600/1806/6 599/1807/6 598/1808/6 597/1809/6
f 594/1810/3 593/1811/3 597/1623/3 598/1622/3
f 595/1812/4 594/1813/4 598/1814/4 599/1815/4
f 596/1816/1 595/1817/1 599/1818/1 600/1819/1
f 601/1820/5 604/891/5 608/894/5 605/1821/5
f 581/1822/6 582/1823/6 603/1824/6 604/1825/6
f 578/1826/6 577/1827/6 601/1828/6 602/1829/6
f 577/1830/3 581/1799/3 604/1831/3 601/1832/3
f 608/1833/6 607/1834/6 606/1835/6 605/1836/6
f 602/1837/3 601/1838/3 605/1839/3 606/1840/3
f 603/1841/4 602/1842/4 606/1843/4 607/1844/4
f 604/1845/1 603/1846/1 607/1847/1 608/1848/1
f 609/923/7 610/922/7 612/1849/7 611/1850/7
f 611/1851/2 612/1852/2 616/1853/2 615/1854/2
f 615/1855/8 616/1856/8 614/1857/8 613/1858/8
f 610/1859/6 609/1860/6 617/1861/6 618/1862/6
f 611/1863/9 615/1864/9 613/1865/9 609/1866/9
f 616/1867/10 612/1868/10 610/1869/10 614/1870/10
f 617/1683/10 620/1871/10 624/1872/10 621/1684/10
f 609/1873/2 613/1874/2 620/1875/2 617/1876/2
f 614/1877/1 610/1878/1 618/1879/1 619/1880/1
f 613/1881/6 614/1882/6 619/1883/6 620/1884/6
f 624/1885/6 623/1886/6 622/1887/6 621/1888/6
f 618/1889/8 617/1890/8 621/1332/8 622/1891/8
f 619/962/9 618/1892/9 622/1893/9 623/963/9
f 620/371/7 619/370/7 623/1894/7 624/1895/7
f 625/1896/11 626/1897/11 628/1898/11 627/1899/11
f 627/1900/2 628/1901/2 632/1902/2 631/1903/2
f 631/1904/12 632/1905/12 630/1906/12 629/1907/12
f 626/1908/6 625/1909/6 633/1910/6 634/1911/6
f 627/1912/13 631/1727/13 629/1730/13 625/1913/13
f 632/987/14 628/1914/14 626/1915/14 630/988/14
f 633/1733/14 636/1916/14 640/1917/14 637/1734/14
f 625/1909/3 629/1918/3 636/1919/3 633/1910/3
f 630/1920/18 626/1921/18 634/1922/18 635/1923/18
f 629/1918/6 630/1924/6 635/1925/6 636/1919/6
f 640/1926/6 639/1927/6 638/1928/6 637/1929/6
f 634/1930/12 633/1931/12 637/1932/12 638/1933/12
f 635/1012/13 634/1934/13 638/1935/13 639/1013/13
f 636/1756/11 635/1936/11 639/1937/11 640/1938/11
f 641/1385/1 642/1020/1 644/1035/1 643/1203/1
f 643/1939/2 644/1940/2 648/1941/2 647/1942/2
f 647/630/3 648/629/3 646/1044/3 645/1943/3
f 646/1944/3 642/1945/3 666/1946/3 667/1947/3
f 643/1948/4 647/1949/4 645/1220/4 641/1219/4
f 648/1950/5 644/1951/5 642/1034/5 646/1033/5
f 649/121/1 650/1952/1 652/1953/1 651/1954/1
f 651/1955/2 652/1225/2 656/1226/2 655/1956/2
f 655/1957/3 656/1958/3 654/1959/3 653/1960/3
f 650/1961/6 649/1962/6 657/1963/6 658/1047/6
f 651/1964/4 655/1965/4 653/1234/4 649/1966/4
f 656/1967/5 652/1968/5 650/1238/5 654/1237/5
f 657/1969/5 660/1970/5 664/1971/5 661/1972/5
f 649/1973/3 653/1974/3 660/1975/3 657/1976/3
f 654/1977/2 650/1978/2 658/1979/2 659/1980/2
f 653/1981/6 654/272/6 659/1982/6 660/1983/6
f 664/1984/6 663/1985/6 662/1986/6 661/1987/6
f 658/1988/3 657/1989/3 661/1990/3 662/1991/3
f 659/1992/4 658/1993/4 662/1994/4 663/1995/4
f 660/1996/1 659/1997/1 663/1998/1 664/1999/1
f 665/2000/5 668/1085/5 672/1087/5 669/2001/5
f 645/2002/6 646/2003/6 667/2004/6 668/2005/6
f 642/2006/6 641/2007/6 665/2008/6 666/2009/6
f 641/2010/3 645/2011/3 668/2012/3 665/2013/3
f 672/2014/6 671/2015/6 670/2016/6 669/2017/6
f 666/2018/3 665/2019/3 669/2020/3 670/2021/3
f 667/1109/4 666/1108/4 670/2022/4 671/2023/4
f 668/1292/1 667/2024/1 671/2025/1 672/2026/1
f 673/2027/7 674/2028/7 676/2029/7 675/2030/7
f 675/2031/2 676/2032/2 680/2033/2 679/2034/2
f 679/1671/8 680/2035/8 678/2036/8 677/2037/8
f 674/2038/6 673/2039/6 681/2040/6 682/2041/6
f 675/2042/9 679/2043/9 677/2044/9 673/2045/9
f 680/2046/10 676/2047/10 674/2048/10 678/2049/10
f 681/1517/10 684/2050/10 688/2051/10 685/1516/10
f 673/2052/3 677/2053/3 684/2054/3 681/2055/3
f 678/2056/1 674/2038/1 682/2041/1 683/2057/1
f 677/2058/6 678/2056/6 683/2057/6 684/2059/6
f 688/2060/6 687/2061/6 686/2062/6 685/2063/6
f 682/2064/8 681/2065/8 685/2066/8 686/2067/8
f 683/2068/9 682/2069/9 686/2070/9 687/2071/9
f 684/2072/7 683/2073/7 687/567/7 688/566/7
f 689/2074/11 690/2075/11 692/2076/11 691/2077/11
f 691/2078/2 692/2079/2 696/2080/2 695/2081/2
f 695/2082/12 696/2083/12 694/2084/12 693/2085/12
f 690/2086/6 689/2087/6 697/2088/6 698/2089/6
f 691/2090/13 695/1177/13 693/1180/13 689/2091/13
f 696/1181/14 692/2092/14 690/2093/14 694/1182/14
f 697/2094/14 700/2095/14 704/2096/14 701/2097/14
f 689/2087/3 693/2098/3 700/2099/3 697/2088/3
f 694/2100/1 690/2086/1 698/2089/1 699/2101/1
f 693/2098/6 694/2100/6 699/2101/6 700/2099/6
f 704/2102/6 703/2103/6 702/2104/6 701/2105/6
f 698/2106/12 697/2107/12 701/2108/12 702/2109/12
f 699/1196/13 698/2110/13 702/2111/13 703/1197/13
f 700/2112/11 699/1201/11 703/820/11 704/2113/11
f 705/2114/1 706/2115/1 708/2116/1 707/2117/1
f 707/2118/2 708/2119/2 712/2120/2 711/2121/2
f 711/2122/3 712/2123/3 710/2124/3 709/2125/3
f 710/2010/6 706/2126/6 730/2127/6 731/2128/6
f 707/2129/4 711/2130/4 709/2131/4 705/2132/4
f 712/2133/5 708/2134/5 706/1949/5 710/1948/5
f 713/2135/1 714/2136/1 716/2137/1 715/2138/1
f 715/2139/2 716/2140/2 720/2141/2 719/2142/2
f 719/2143/3 720/2144/3 718/2145/3 717/2146/3
f 714/2147/6 713/2148/6 721/2149/6 722/2150/6
f 715/2151/4 719/2152/4 717/2153/4 713/2154/4
f 720/2155/5 716/2156/5 714/1968/5 718/1967/5
f 721/1972/5 724/1971/5 728/2157/5 725/2158/5
f 713/2159/3 717/2160/3 724/2161/3 721/2162/3
f 718/2159/6 714/2163/6 722/2164/6 723/2165/6
f 717/2166/6 718/2167/6 723/2168/6 724/2169/6
f 728/2170/6 727/2171/6 726/2172/6 725/2173/6
f 722/2174/3 721/2175/3 725/1989/3 726/1988/3
f 723/2176/4 722/2177/4 726/2178/4 727/2179/4
f 724/2180/1 723/1998/1 727/2181/1 728/2182/1
f 729/2183/5 732/2184/5 736/2185/5 733/2186/5
f 709/2187/6 710/2188/6 731/2189/6 732/2190/6
f 706/2191/6 705/2192/6 729/2193/6 730/2194/6
f 705/2195/2 709/2163/2 732/2196/2 729/2197/2
f 736/2198/6 735/2199/6 734/2200/6 733/2201/6
f 730/2202/3 729/2203/3 733/2204/3 734/2205/3
f 731/2186/4 730/2185/4 734/2206/4 735/2207/4
f 732/2208/1 731/1464/1 735/917/1 736/916/1
f 737/2209/7 738/2210/7 740/2211/7 739/2212/7
f 739/2213/2 740/1126/2 744/2214/2 743/2215/2
f 743/2216/8 744/2217/8 742/2218/8 741/2219/8
f 738/2220/6 737/2221/6 745/2222/6 746/2223/6
f 739/2224/9 743/2225/9 741/2226/9 737/2227/9
f 744/2228/10 740/2229/10 738/2230/10 742/2231/10
f 745/1317/10 748/2232/10 752/2233/10 749/1318/10
f 737/2234/19 741/2235/19 748/2236/19 745/2237/19
f 742/2238/1 738/2220/1 746/2223/1 747/2239/1
f 741/2240/6 742/2238/6 747/2239/6 748/2241/6
f 752/2242/6 751/2243/6 750/2244/6 749/2245/6
f 746/2246/8 745/2247/8 749/2248/8 750/2249/8
f 747/1335/9 746/2250/9 750/2251/9 751/1336/9
f 748/569/7 747/568/7 751/2252/7 752/2253/7
f 753/2254/11 754/2255/11 756/2256/11 755/2257/11
f 755/2258/2 756/2259/2 760/2260/2 759/2261/2
f 759/2262/12 760/2263/12 758/2264/12 757/2265/12
f 754/2266/6 753/2267/6 761/2268/6 762/2269/6
f 755/2270/13 759/1357/13 757/1360/13 753/2271/13
f 760/2272/14 756/1361/14 754/1364/14 758/2273/14
f 761/2274/14 764/2275/14 768/2276/14 765/2277/14
f 753/2267/6 757/2278/6 764/2279/6 761/2268/6
f 758/2280/20 754/2266/20 762/2269/20 763/2281/20
f 757/2278/6 758/2280/6 763/2281/6 764/2279/6
f 768/2282/6 767/2283/6 766/2284/6 765/2285/6
f 762/2286/12 761/2287/12 765/2288/12 766/2289/12
f 763/1378/13 762/2290/13 766/2291/13 767/1379/13
f 764/2292/11 763/2293/11 767/2294/11 768/2295/11
f 769/2296/1 770/2297/1 772/2298/1 771/2299/1
f 771/427/2 772/426/2 776/1942/2 775/2300/2
f 775/2301/3 776/1957/3 774/1960/3 773/2302/3
f 774/2303/6 770/2304/6 794/2305/6 795/2306/6
f 771/2307/4 775/2308/4 773/2309/4 769/2310/4
f 776/2311/5 772/2312/5 770/2313/5 774/1786/5
f 777/1589/1 778/1588/1 780/1402/1 779/2314/1
f 779/2315/2 780/2316/2 784/2317/2 783/2318/2
f 783/2319/3 784/2320/3 782/2321/3 781/2322/3
f 778/2323/6 777/2324/6 785/2325/6 786/2326/6
f 779/2327/4 783/2328/4 781/2329/4 777/2330/4
f 784/2331/5 780/2332/5 778/1420/5 782/1419/5
f 785/1422/5 788/1421/5 792/2333/5 789/2334/5
f 777/2335/2 781/2336/2 788/2337/2 785/2338/2
f 782/2339/3 778/2340/3 786/2341/3 787/2342/3
f 781/2343/6 782/2344/6 787/2345/6 788/2346/6
f 792/2347/6 791/2348/6 790/2349/6 789/2350/6
f 786/1078/3 785/1077/3 789/2351/3 790/2352/3
f 787/2179/4 786/2178/4 790/2353/4 791/2354/4
f 788/2355/1 787/2356/1 791/2357/1 792/2358/1
f 793/2359/5 796/2360/5 800/2361/5 797/2362/5
f 773/2363/6 774/2364/6 795/2365/6 796/2366/6
f 770/2367/6 769/2368/6 793/2369/6 794/2370/6
f 769/2371/2 773/2372/2 796/2373/2 793/2374/2
f 800/2375/6 799/2376/6 798/2377/6 797/2378/6
f 794/2379/3 793/2380/3 797/2381/3 798/2382/3
f 795/2362/4 794/2383/4 798/2384/4 799/2385/4
f 796/2386/1 795/2387/1 799/2388/1 800/2389/1
f 801/2390/7 802/2391/7 804/2392/7 803/2393/7
f 803/2394/2 804/2395/2 808/2396/2 807/2397/2
f 807/2398/8 808/2218/8 806/2399/8 805/2400/8
f 802/2401/6 801/2402/6 809/2403/6 810/2404/6
f 803/2405/9 807/2406/9 805/2407/9 801/2408/9
f 808/2409/10 804/2410/10 802/2411/10 806/2412/10
f 809/2050/10 812/2413/10 816/2414/10 813/2051/10
f 801/2402/3 805/2415/3 812/2416/3 809/2403/3
f 806/2417/21 802/2418/21 810/2419/21 811/2420/21
f 805/2415/6 806/2421/6 811/2422/6 812/2416/6
f 816/2423/6 815/2424/6 814/2425/6 813/2426/6
f 810/2427/8 809/2428/8 813/2429/8 814/2430/8
f 811/2431/9 810/2432/9 814/2433/9 815/2434/9
f 812/2435/7 811/2436/7 815/2437/7 816/2438/7
f 817/2439/11 818/2440/11 820/2441/11 819/2442/11
f 819/2443/2 820/2444/2 824/2445/2 823/2446/2
f 823/2265/12 824/2264/12 822/2447/12 821/2448/12
f 818/2449/6 817/2450/6 825/2451/6 826/2452/6
f 819/2453/13 823/2454/13 821/2455/13 817/2456/13
f 824/2457/14 820/1541/14 818/1544/14 822/2458/14
f 825/2459/14 828/2460/14 832/2461/14 829/2462/14
f 817/2450/3 821/2463/3 828/2464/3 825/2451/3
f 822/2465/1 818/2449/1 826/2452/1 827/2466/1
f 821/2463/6 822/2465/6 827/2466/6 828/2464/6
f 832/2467/6 831/2468/6 830/2469/6 829/2470/6
f 826/2471/12 825/2472/12 829/2473/12 830/2474/12
f 827/2475/13 826/2476/13 830/2477/13 831/2478/13
f 828/1938/11 827/1937/11 831/2479/11 832/2480/11
f 833/1404/1 834/2481/1 836/2482/1 835/2483/1
f 835/2484/2 836/2485/2 840/2486/2 839/2487/2
f 839/1960/3 840/1959/3 838/229/3 837/228/3
f 838/2488/2 834/2489/2 858/2490/2 859/2491/2
f 835/2492/4 839/2493/4 837/2494/4 833/2495/4
f 840/2496/5 836/2497/5 834/1771/5 838/1770/5
f 841/2498/1 842/2499/1 844/2500/1 843/221/1
f 843/2501/2 844/2502/2 848/2503/2 847/2504/2
f 847/648/3 848/647/3 846/1209/3 845/2505/3
f 842/2506/6 841/2507/6 849/2508/6 850/2509/6
f 843/2510/4 847/2511/4 845/2308/4 841/2307/4
f 848/2512/5 844/2513/5 842/1605/5 846/1604/5
f 849/2514/5 852/2515/5 856/2516/5 853/2517/5
f 841/2518/3 845/2519/3 852/2520/3 849/2521/3
f 846/2522/6 842/2523/6 850/2524/6 851/2525/6
f 845/2526/6 846/2527/6 851/2528/6 852/2529/6
f 856/2530/6 855/2531/6 854/2532/6 853/2533/6
f 850/2534/3 849/1271/3 853/2535/3 854/2536/3
f 851/2537/4 850/2538/4 854/2539/4 855/2540/4
f 852/2541/1 851/2542/1 855/2543/1 856/2544/1
f 857/2545/5 860/1632/5 864/1633/5 861/2546/5
f 837/2547/6 838/2548/6 859/1823/6 860/1822/6
f 834/2549/6 833/2550/6 857/2551/6 858/2552/6
f 833/2553/3 837/2554/3 860/2555/3 857/2556/3
f 864/2557/6 863/2558/6 862/2559/6 861/2560/6
f 858/2561/3 857/2562/3 861/1282/3 862/1281/3
f 859/2563/4 858/2564/4 862/2565/4 863/2566/4
f 860/2567/1 859/2568/1 863/2569/1 864/2570/1
f 865/2571/7 866/2572/7 868/921/7 867/2573/7
f 867/2574/2 868/2575/2 872/2576/2 871/2577/2
f 871/2578/8 872/2579/8 870/2580/8 869/2581/8
f 866/2582/6 865/2583/6 873/2584/6 874/2585/6
f 867/2586/9 871/2587/9 869/2588/9 865/2589/9
f 872/2590/10 868/2591/10 866/2592/10 870/2593/10
f 873/1871/10 876/2594/10 880/2595/10 877/1872/10
f 865/2596/18 869/2597/18 876/2598/18 873/2599/18
f 870/2600/1 866/2601/1 874/2602/1 875/2603/1
f 869/2604/6 870/2605/6 875/2606/6 876/2607/6
f 880/2608/6 879/2609/6 878/2610/6 877/2611/6
f 874/2612/8 873/2613/8 877/2614/8 878/2615/8
f 875/1706/9 874/2616/9 878/2617/9 879/1707/9
f 876/2618/7 875/2619/7 879/1338/7 880/1337/7
f 881/2077/11 882/2076/11 884/2620/11 883/2621/11
f 883/2622/2 884/2623/2 888/2624/2 887/2625/2
f 887/2626/12 888/2627/12 886/2628/12 885/2629/12
f 882/2630/6 881/2631/6 889/2632/6 890/2633/6
f 883/2634/13 887/2635/13 885/2636/13 881/2637/13
f 888/2638/14 884/1731/14 882/1732/14 886/2639/14
f 889/1916/14 892/2640/14 896/2641/14 893/1917/14
f 881/2631/3 885/2642/3 892/2643/3 889/2632/3
f 886/2644/1 882/2645/1 890/2646/1 891/2647/1
f 885/2642/6 886/2648/6 891/2649/6 892/2643/6
f 896/2650/6 895/2651/6 894/2652/6 893/2653/6
f 890/2654/12 889/2655/12 893/1748/12 894/2656/12
f 891/2476/13 890/2657/13 894/2658/13 895/2477/13
f 892/822/11 891/821/11 895/2659/11 896/2660/11
f 897/624/1 898/623/1 900/26/1 899/25/1
f 899/2661/2 900/2662/2 904/2663/2 903/2664/2
f 903/2665/3 904/630/3 902/1943/3 901/2666/3
f 902/2667/3 898/2668/3 922/2669/3 923/2670/3
f 899/2671/4 903/2672/4 901/2493/4 897/2492/4
f 904/2673/5 900/2674/5 898/2497/5 902/2496/5
f 905/2675/1 906/2676/1 908/2677/1 907/2678/1
f 907/2679/2 908/2680/2 912/2681/2 911/2682/2
f 911/2683/3 912/2684/3 910/2685/3 909/2686/3
f 906/2687/6 905/2688/6 913/2507/6 914/2506/6
f 907/2689/4 911/2690/4 909/2691/4 905/2692/4
f 912/2693/5 908/2694/5 906/2695/5 910/2311/5
f 913/2696/5 916/2697/5 920/2698/5 917/2699/5
f 905/2700/3 909/2668/3 916/2701/3 913/2702/3
f 910/2703/6 906/2704/6 914/2705/6 915/2706/6
f 909/2688/6 910/2687/6 915/2707/6 916/2708/6
f 920/2709/6 919/2710/6 918/2711/6 917/2712/6
f 914/2713/3 913/2714/3 917/2175/3 918/2715/3
f 915/2716/4 914/2717/4 918/2718/4 919/2719/4
f 916/2720/1 915/2721/1 919/2722/1 920/2723/1
f 921/2724/5 924/1820/5 928/1821/5 925/2725/5
f 901/2726/6 902/2727/6 923/2728/6 924/2729/6
f 898/2730/6 897/2731/6 921/2732/6 922/2733/6
f 897/2734/3 901/2735/3 924/2736/3 921/2737/3
f 928/2738/6 927/2739/6 926/2740/6 925/2741/6
f 922/2742/3 921/2743/3 925/2744/3 926/2745/3
f 923/2746/4 922/2747/4 926/2748/4 927/2749/4
f 924/2750/1 923/2751/1 927/2752/1 928/2753/1
f 929/2754/7 930/2755/7 932/2756/7 931/2757/7
f 931/2758/2 932/2759/2 936/2760/2 935/2761/2
f 935/2762/8 936/2763/8 934/2764/8 933/2765/8
f 930/2766/6 929/2767/6 937/2768/6 938/2769/6
f 931/2770/9 935/2771/9 933/2772/9 929/2773/9
f 936/2774/10 932/2775/10 930/2776/10 934/2777/10
f 937/2594/10 940/2778/10 944/2779/10 941/2595/10
f 929/2780/3 933/2781/3 940/2782/3 937/2783/3
f 934/2784/1 930/2785/1 938/2786/1 939/2787/1
f 933/2788/6 934/2789/6 939/2790/6 940/2791/6
f 944/2792/6 943/2793/6 942/2794/6 941/2795/6
f 938/2796/8 937/2797/8 941/2798/8 942/2799/8
f 939/1892/9 938/2800/9 942/2801/9 943/1893/9
f 940/2802/7 939/2803/7 943/2804/7 944/2805/7
f 945/2806/11 946/2807/11 948/2808/11 947/2809/11
f 947/2810/2 948/2811/2 952/2812/2 951/2813/2
f 951/2814/12 952/2815/12 950/2816/12 949/2817/12
f 946/2818/6 945/2819/6 953/2820/6 954/2821/6
f 947/2822/13 951/2823/13 949/2824/13 945/2825/13
f 952/1914/14 948/2826/14 946/2827/14 950/1915/14
f 953/2640/14 956/2828/14 960/2829/14 957/2641/14
f 945/2819/3 949/2830/3 956/2831/3 953/2820/3
f 950/2832/21 946/2833/21 954/2834/21 955/2835/21
f 949/2830/6 950/2836/6 955/2837/6 956/2831/6
f 960/2838/6 959/2839/6 958/2840/6 957/2841/6
f 954/2842/12 953/2843/12 957/2844/12 958/2845/12
f 955/1934/13 954/2846/13 958/2847/13 959/1935/13
f 956/2480/11 955/2479/11 959/2848/11 960/2849/11
f 961/1570/1 962/1569/1 964/2850/1 963/2851/1
f 963/2852/2 964/2853/2 968/1040/2 967/1039/2
f 967/1576/3 968/1575/3 966/2854/3 965/2855/3
f 966/2856/6 962/2857/6 986/2858/6 987/2859/6
f 963/2860/4 967/2861/4 965/2862/4 961/2863/4
f 968/2864/5 964/2865/5 962/1951/5 966/1950/5
f 969/2298/1 970/2137/1 972/2866/1 971/2867/1
f 971/2868/2 972/2869/2 976/2870/2 975/2871/2
f 975/2872/3 976/2873/3 974/2874/3 973/2875/3
f 970/2876/6 969/2877/6 977/2878/6 978/2879/6
f 971/2880/4 975/2881/4 973/2152/4 969/2882/4
f 976/2883/5 972/2884/5 970/2156/5 974/2155/5
f 977/2885/5 980/2886/5 984/2887/5 981/2888/5
f 969/2889/2 973/2890/2 980/2891/2 977/2892/2
f 974/2893/2 970/2894/2 978/2895/2 979/2896/2
f 973/2897/6 974/1248/6 979/2898/6 980/2899/6
f 984/2350/6 983/2349/6 982/2900/6 981/2901/6
f 978/2902/3 977/2903/3 981/2904/3 982/2905/3
f 979/2906/4 978/2907/4 982/2908/4 983/2909/4
f 980/2910/1 979/2911/1 983/2912/1 984/2913/1
f 985/2914/5 988/2000/5 992/2001/5 989/2915/5
f 965/1091/6 966/1090/6 987/2916/6 988/2917/6
f 962/2918/6 961/2919/6 985/2920/6 986/2921/6
f 961/2922/3 965/2923/3 988/2924/3 985/2925/3
f 992/99/6 991/2926/6 990/2927/6 989/2928/6
f 986/2929/3 985/2930/3 989/2931/3 990/2932/3
f 987/2023/4 986/2022/4 990/2933/4 991/2934/4
f 988/2935/1 987/2936/1 991/2937/1 992/2938/1
f 993/2939/7 994/2940/7 996/2941/7 995/2942/7
f 995/2943/2 996/2944/2 1000/2945/2 999/2946/2
f 999/2765/8 1000/2764/8 998/2947/8 997/2948/8
f 994/2949/6 993/2950/6 1001/2951/6 1002/2952/6
f 995/2953/9 999/2954/9 997/2955/9 993/2956/9
f 1000/2957/10 996/2958/10 994/2959/10 998/2960/10
f 1001/2961/10 1004/2962/10 1008/2963/10 1005/2964/10
f 993/2965/2 997/2966/2 1004/2967/2 1001/2968/2
f 998/2969/22 994/2949/22 1002/2952/22 1003/2970/22
f 997/2971/6 998/2969/6 1003/2970/6 1004/2972/6
f 1008/2973/6 1007/2974/6 1006/2975/6 1005/2976/6
f 1002/2977/8 1001/2978/8 1005/2979/8 1006/2980/8
f 1003/2069/9 1002/2981/9 1006/2982/9 1007/2070/9
f 1004/2983/7 1003/2984/7 1007/2985/7 1008/2986/7
f 1009/2987/11 1010/2988/11 1012/2989/11 1011/2990/11
f 1011/2991/2 1012/2992/2 1016/404/2 1015/406/2
f 1015/2993/12 1016/2994/12 1014/2995/12 1013/2996/12
f 1010/2997/6 1009/2998/6 1017/2999/6 1018/3000/6
f 1011/3001/13 1015/2090/13 1013/2091/13 1009/3002/13
f 1016/2092/14 1012/3003/14 1010/3004/14 1014/2093/14
f 1017/3005/14 1020/3006/14 1024/3007/14 1021/3008/14
f 1009/3009/3 1013/3010/3 1020/3011/3 1017/3012/3
f 1014/3013/1 1010/2997/1 1018/3000/1 1019/3014/1
f 1013/3015/6 1014/3013/6 1019/3014/6 1020/3016/6
f 1024/3017/6 1023/3018/6 1022/3019/6 1021/3020/6
f 1018/3021/12 1017/3022/12 1021/3023/12 1022/3024/12
f 1019/2110/13 1018/3025/13 1022/3026/13 1023/2111/13
f 1020/2849/11 1019/2848/11 1023/3027/11 1024/3028/11
f 1025/3029/1 1026/3030/1 1028/3031/1 1027/3032/1
f 1027/3033/2 1028/3034/2 1032/3035/2 1031/3036/2
f 1031/1764/3 1032/1763/3 1030/3037/3 1029/3038/3
f 1030/3039/3 1026/3040/3 1050/3041/3 1051/3042/3
f 1027/3043/4 1031/3044/4 1029/3045/4 1025/3046/4
f 1032/3047/5 1028/3048/5 1026/3049/5 1030/3050/5
f 1033/2483/1 1034/3051/1 1036/3052/1 1035/3053/1
f 1035/1042/2 1036/3054/2 1040/3055/2 1039/3056/2
f 1039/3057/3 1040/3058/3 1038/3059/3 1037/3060/3
f 1034/39/6 1033/3061/6 1041/2877/6 1042/3062/6
f 1035/3063/4 1039/3064/4 1037/3065/4 1033/3066/4
f 1040/3067/5 1036/3068/5 1034/3069/5 1038/3070/5
f 1041/2888/5 1044/2887/5 1048/3071/5 1045/3072/5
f 1033/3073/3 1037/3074/3 1044/3075/3 1041/3076/3
f 1038/3077/6 1034/3078/6 1042/3079/6 1043/3080/6
f 1037/2899/6 1038/2898/6 1043/61/6 1044/3081/6
f 1048/2901/6 1047/2900/6 1046/3082/6 1045/3083/6
f 1042/3084/3 1041/3085/3 1045/3086/3 1046/3087/3
f 1043/3088/4 1042/3089/4 1046/3090/4 1047/3091/4
f 1044/3092/1 1043/2722/1 1047/3093/1 1048/3094/1
f 1049/3095/5 1052/3096/5 1056/3097/5 1053/3098/5
f 1029/3099/6 1030/1269/6 1051/3100/6 1052/3101/6
f 1026/3102/6 1025/3103/6 1049/3104/6 1050/3105/6
f 1025/3106/3 1029/3107/3 1052/3108/3 1049/3109/3
f 1056/3110/6 1055/3111/6 1054/2205/6 1053/713/6
f 1050/3112/3 1049/3113/3 1053/3114/3 1054/3115/3
f 1051/3098/4 1050/3097/4 1054/3116/4 1055/3117/4
f 1052/3118/1 1051/3119/1 1055/3120/1 1056/3121/1
f 1057/3122/7 1058/2941/7 1060/3123/7 1059/3124/7
f 1059/3125/2 1060/3126/2 1064/3127/2 1063/3128/2
f 1063/2948/8 1064/2947/8 1062/3129/8 1061/3130/8
f 1058/3131/6 1057/3132/6 1065/3133/6 1066/3134/6
f 1059/3135/9 1063/3136/9 1061/3137/9 1057/3138/9
f 1064/3139/10 1060/3140/10 1058/3141/10 1062/3142/10
f 1065/2232/10 1068/3143/10 1072/3144/10 1069/2233/10
f 1057/3145/2 1061/3146/2 1068/3147/2 1065/3148/2
f 1062/3149/23 1058/3131/23 1066/3134/23 1067/3150/23
f 1061/3151/6 1062/3149/6 1067/3150/6 1068/3152/6
f 1072/3153/6 1071/3154/6 1070/3155/6 1069/3156/6
f 1066/3157/8 1065/3158/8 1069/3159/8 1070/3160/8
f 1067/2250/9 1066/3161/9 1070/3162/9 1071/2251/9
f 1068/3163/7 1067/3164/7 1071/3165/7 1072/3166/7
f 1073/3167/11 1074/3168/11 1076/3169/11 1075/3170/11
f 1075/3171/2 1076/3172/2 1080/3173/2 1079/3174/2
f 1079/3175/12 1080/3176/12 1078/3177/12 1077/3178/12
f 1074/3179/6 1073/3180/6 1081/3181/6 1082/3182/6
f 1075/3183/13 1079/2270/13 1077/2271/13 1073/3184/13
f 1080/3185/14 1076/3186/14 1074/3187/14 1078/3188/14
f 1081/3189/14 1084/3190/14 1088/3191/14 1085/3192/14
f 1073/3193/6 1077/3194/6 1084/3195/6 1081/3196/6
f 1078/3197/23 1074/3179/23 1082/3182/23 1083/3198/23
f 1077/3199/6 1078/3197/6 1083/3198/6 1084/3200/6
f 1088/3201/6 1087/3202/6 1086/3203/6 1085/3204/6
f 1082/3205/12 1081/3206/12 1085/3207/12 1086/3208/12
f 1083/2290/13 1082/3209/13 1086/3210/13 1087/2291/13
f 1084/3028/11 1083/3027/11 1087/3211/11 1088/3212/11
f 1089/2851/1 1090/2850/1 1092/956/1 1091/3213/1
f 1091/3214/2 1092/3215/2 1096/3216/2 1095/3217/2
f 1095/2855/3 1096/2854/3 1094/3218/3 1093/3219/3
f 1094/3220/2 1090/3221/2 1114/3222/2 1115/3223/2
f 1091/3224/4 1095/3225/4 1093/2690/4 1089/2689/4
f 1096/3226/5 1092/3227/5 1090/3228/5 1094/2693/5
f 1097/3229/1 1098/3230/1 1100/3231/1 1099/3232/1
f 1099/3233/2 1100/227/2 1104/2119/2 1103/3234/2
f 1103/2875/3 1104/2874/3 1102/3235/3 1101/3236/3
f 1098/455/6 1097/3237/6 1105/3238/6 1106/2323/6
f 1099/3239/4 1103/3240/4 1101/3241/4 1097/3242/4
f 1104/3243/5 1100/3244/5 1098/2332/5 1102/2331/5
f 1105/2334/5 1108/2333/5 1112/3245/5 1109/3246/5
f 1097/3247/3 1101/3248/3 1108/3249/3 1105/3250/3
f 1102/3251/2 1098/3252/2 1106/3253/2 1107/3254/2
f 1101/3255/6 1102/3256/6 1107/3257/6 1108/3258/6
f 1112/3259/6 1111/3082/6 1110/3260/6 1109/3261/6
f 1106/3262/3 1105/3263/3 1109/3085/3 1110/3264/3
f 1107/3091/4 1106/3090/4 1110/3265/4 1111/3266/4
f 1108/3267/1 1107/3268/1 1111/3269/1 1112/3270/1
f 1113/3271/5 1116/3272/5 1120/3273/5 1117/3274/5
f 1093/3275/6 1094/3276/6 1115/3277/6 1116/3278/6
f 1090/3279/6 1089/3280/6 1113/3281/6 1114/3282/6
f 1089/3283/3 1093/3284/3 1116/3285/3 1113/3286/3
f 1120/3287/6 1119/3288/6 1118/3289/6 1117/3290/6
f 1114/3291/3 1113/3292/3 1117/3293/3 1118/3294/3
f 1115/3295/4 1114/3296/4 1118/3297/4 1119/3298/4
f 1116/3299/1 1115/2378/1 1119/3300/1 1120/3301/1
f 1121/3124/7 1122/3123/7 1124/3302/7 1123/3303/7
f 1123/3304/2 1124/3305/2 1128/3306/2 1127/3307/2
f 1127/3308/8 1128/3309/8 1126/3310/8 1125/3311/8
f 1122/3312/6 1121/3313/6 1129/3314/6 1130/3315/6
f 1123/3316/9 1127/3317/9 1125/3318/9 1121/3319/9
f 1128/3320/10 1124/3321/10 1122/3322/10 1126/3323/10
f 1129/2962/10 1132/3324/10 1136/3325/10 1133/2963/10
f 1121/3326/2 1125/3327/2 1132/3328/2 1129/3329/2
f 1126/3330/22 1122/3331/22 1130/3332/22 1131/3333/22
f 1125/3334/6 1126/3335/6 1131/3336/6 1132/3337/6
f 1136/3338/6 1135/3339/6 1134/3340/6 1133/3341/6
f 1130/3342/8 1129/3343/8 1133/3344/8 1134/3345/8
f 1131/3346/9 1130/3347/9 1134/3348/9 1135/3349/9
f 1132/3350/7 1131/3351/7 1135/3352/7 1136/3353/7
f 1137/3354/11 1138/3355/11 1140/3356/11 1139/3357/11
f 1139/3358/2 1140/3359/2 1144/3360/2 1143/3361/2
f 1143/3362/12 1144/3363/12 1142/3364/12 1141/3365/12
f 1138/574/6 1137/3366/6 1145/3367/6 1146/3368/6
f 1139/3369/13 1143/3370/13 1141/3371/13 1137/3372/13
f 1144/3373/14 1140/3374/14 1138/3375/14 1142/3376/14
f 1145/2460/14 1148/3377/14 1152/3378/14 1149/2461/14
f 1137/3379/2 1141/3380/2 1148/3381/2 1145/3382/2
f 1142/3383/4 1138/574/4 1146/3368/4 1147/3384/4
f 1141/3385/6 1142/3383/6 1147/3384/6 1148/3386/6
f 1152/3387/6 1151/3388/6 1150/3389/6 1149/3390/6
f 1146/3391/12 1145/3392/12 1149/3393/12 1150/3394/12
f 1147/3395/13 1146/3396/13 1150/3397/13 1151/3398/13
f 1148/3399/11 1147/3400/11 1151/3401/11 1152/3402/11
f 1153/3403/1 1154/3031/1 1156/3404/1 1155/3405/1
f 1155/3406/2 1156/3407/2 1160/3408/2 1159/3409/2
f 1159/3038/3 1160/3037/3 1158/3410/3 1157/3411/3
f 1158/3412/3 1154/3413/3 1178/3414/3 1179/3415/3
f 1155/3416/4 1159/3417/4 1157/3418/4 1153/3419/4
f 1160/3420/5 1156/3421/5 1154/2674/5 1158/2673/5
f 1161/3053/1 1162/3052/1 1164/3422/1 1163/3423/1
f 1163/445/2 1164/1207/2 1168/2118/2 1167/446/2
f 1167/3060/3 1168/3059/3 1166/3424/3 1165/3425/3
f 1162/3426/6 1161/3427/6 1169/3428/6 1170/3429/6
f 1163/3430/4 1167/3431/4 1165/3225/4 1161/3224/4
f 1168/3432/5 1164/3433/5 1162/2513/5 1166/2512/5
f 1169/3434/5 1172/3435/5 1176/3436/5 1173/3437/5
f 1161/3438/3 1165/3439/3 1172/3440/3 1169/3441/3
f 1166/3442/6 1162/3443/6 1170/3444/6 1171/3445/6
f 1165/3446/6 1166/3447/6 1171/3448/6 1172/3449/6
f 1176/3261/6 1175/3260/6 1174/3450/6 1173/3451/6
f 1170/3452/3 1169/3453/3 1173/3454/3 1174/2170/3
f 1171/3455/4 1170/3456/4 1174/3457/4 1175/3458/4
f 1172/3459/1 1171/3460/1 1175/3461/1 1176/3462/1
f 1177/3463/5 1180/3464/5 1184/2546/5 1181/3465/5
f 1157/3466/6 1158/3467/6 1179/3468/6 1180/3469/6
f 1154/3470/6 1153/3471/6 1177/3472/6 1178/3473/6
f 1153/3474/3 1157/3443/3 1180/3475/3 1177/3476/3
f 1184/3477/6 1183/3478/6 1182/3479/6 1181/3480/6
f 1178/3481/3 1177/3482/3 1181/3483/3 1182/3484/3
f 1179/3485/4 1178/3486/4 1182/3487/4 1183/3488/4
f 1180/3489/1 1179/3490/1 1183/3491/1 1184/3492/1
f 1185/3493/7 1186/3494/7 1188/3495/7 1187/3496/7
f 1187/3497/2 1188/3498/2 1192/3499/2 1191/3500/2
f 1191/3501/8 1192/3502/8 1190/3503/8 1189/531/8
f 1186/3504/6 1185/3505/6 1193/3506/6 1194/3507/6
f 1187/3508/9 1191/3316/9 1189/3319/9 1185/3509/9
f 1192/3510/10 1188/3511/10 1186/3512/10 1190/3513/10
f 1193/2778/10 1196/3514/10 1200/3515/10 1197/2779/10
f 1185/3516/2 1189/3517/2 1196/3518/2 1193/3519/2
f 1190/3520/22 1186/3474/22 1194/3521/22 1195/3522/22
f 1189/3523/6 1190/3524/6 1195/3525/6 1196/3526/6
f 1200/3527/6 1199/3528/6 1198/3529/6 1197/3530/6
f 1194/3531/8 1193/3532/8 1197/3533/8 1198/3534/8
f 1195/3535/9 1194/3536/9 1198/3537/9 1199/3538/9
f 1196/3539/7 1195/3540/7 1199/3541/7 1200/3542/7
f 1201/3543/11 1202/3544/11 1204/3545/11 1203/3546/11
f 1203/3547/2 1204/3548/2 1208/2465/2 1207/2463/2
f 1207/2996/12 1208/2995/12 1206/3549/12 1205/3550/12
f 1202/3551/6 1201/3552/6 1209/3553/6 1210/3554/6
f 1203/3555/13 1207/3556/13 1205/3557/13 1201/3558/13
f 1208/3559/14 1204/2638/14 1202/2639/14 1206/3560/14
f 1209/2828/14 1212/3561/14 1216/3562/14 1213/2829/14
f 1201/3563/3 1205/3564/3 1212/3565/3 1209/3566/3
f 1206/3567/21 1202/3568/21 1210/3569/21 1211/3570/21
f 1205/3571/6 1206/3572/6 1211/3573/6 1212/3574/6
f 1216/3575/6 1215/3576/6 1214/3577/6 1213/3578/6
f 1210/3579/12 1209/3580/12 1213/3581/12 1214/3582/12
f 1211/3396/13 1210/3583/13 1214/3584/13 1215/3397/13
f 1212/3585/11 1211/3211/11 1215/3586/11 1216/3587/11
f 1217/3588/1 1218/3589/1 1220/3590/1 1219/3591/1
f 1219/3592/2 1220/3593/2 1224/828/2 1223/3594/2
f 1223/3219/3 1224/3218/3 1222/3595/3 1221/3596/3
f 1222/3597/2 1218/3598/2 1242/3599/2 1243/3600/2
f 1219/3601/4 1223/3602/4 1221/3417/4 1217/3416/4
f 1224/3603/5 1220/3604/5 1218/3421/5 1222/3420/5
f 1225/3605/1 1226/3606/1 1228/3607/1 1227/3608/1
f 1227/3609/2 1228/3610/2 1232/3611/2 1231/3612/2
f 1231/3613/3 1232/3614/3 1230/3615/3 1229/3616/3
f 1226/3617/6 1225/3618/6 1233/3619/6 1234/3470/6
f 1227/3620/4 1231/3621/4 1229/3622/4 1225/3623/4
f 1232/3624/5 1228/3625/5 1226/3626/5 1230/3226/5
f 1233/3627/5 1236/3628/5 1240/3629/5 1237/3630/5
f 1225/3631/2 1229/3632/2 1236/3633/2 1233/3634/2
f 1230/3635/3 1226/3636/3 1234/3637/3 1235/3638/3
f 1229/3639/6 1230/3640/6 1235/3641/6 1236/3642/6
f 1240/3643/6 1239/3644/6 1238/3645/6 1237/3646/6
f 1234/3647/3 1233/3648/3 1237/3649/3 1238/3650/3
f 1235/3651/4 1234/3652/4 1238/3653/4 1239/3654/4
f 1236/3655/1 1235/3656/1 1239/3657/1 1240/3658/1
f 1241/3659/5 1244/2724/5 1248/2725/5 1245/3660/5
f 1221/3469/6 1222/3468/6 1243/3661/6 1244/3662/6
f 1218/3663/6 1217/3664/6 1241/3665/6 1242/90/6
f 1217/3666/3 1221/3636/3 1244/3667/3 1241/3668/3
f 1248/3669/6 1247/3670/6 1246/3671/6 1245/703/6
f 1242/3672/3 1241/3673/3 1245/3674/3 1246/3481/3
f 1243/3675/4 1242/3676/4 1246/3677/4 1247/3678/4
f 1244/3679/1 1243/3680/1 1247/3681/1 1248/3682/1
f 1249/3683/7 1250/3684/7 1252/3685/7 1251/3686/7
f 1251/3687/2 1252/3688/2 1256/3689/2 1255/3690/2
f 1255/3691/8 1256/3692/8 1254/3693/8 1253/3694/8
f 1250/3695/6 1249/3696/6 1257/3697/6 1258/3698/6
f 1251/3699/9 1255/3700/9 1253/3701/9 1249/3702/9
f 1256/3703/10 1252/3704/10 1250/3705/10 1254/3706/10
f 1257/3514/10 1260/3707/10 1264/3708/10 1261/3515/10
f 1249/3709/2 1253/3710/2 1260/3711/2 1257/3712/2
f 1254/3713/22 1250/3714/22 1258/3715/22 1259/3716/22
f 1253/3717/6 1254/3718/6 1259/3719/6 1260/3720/6
f 1264/3721/6 1263/3722/6 1262/3723/6 1261/3724/6
f 1258/3725/8 1257/3726/8 1261/3343/8 1262/3342/8
f 1259/2800/9 1258/3727/9 1262/3728/9 1263/2801/9
f 1260/3729/7 1259/3730/7 1263/3731/7 1264/3732/7
f 1265/3733/11 1266/3734/11 1268/3735/11 1267/3736/11
f 1267/3737/2 1268/3738/2 1272/3739/2 1271/3740/2
f 1271/3741/12 1272/3742/12 1270/3743/12 1269/3744/12
f 1266/3745/6 1265/3746/6 1273/3747/6 1274/3748/6
f 1267/3749/13 1271/3750/13 1269/3751/13 1265/3752/13
f 1272/2826/14 1268/3753/14 1266/3754/14 1270/2827/14
f 1273/3561/14 1276/3755/14 1280/3756/14 1277/3562/14
f 1265/798/3 1269/1423/3 1276/3757/3 1273/3758/3
f 1270/3759/22 1266/3760/22 1274/3761/22 1275/3762/22
f 1269/3763/6 1270/3764/6 1275/3765/6 1276/3766/6
f 1280/3767/6 1279/3768/6 1278/3769/6 1277/3770/6
f 1274/3771/12 1273/3772/12 1277/3773/12 1278/3774/12
f 1275/2846/13 1274/3775/13 1278/3776/13 1279/2847/13
f 1276/3777/11 1275/3778/11 1279/3779/11 1280/3780/11
f 1281/3781/1 1282/3782/1 1284/3783/1 1283/3784/1
f 1283/3785/2 1284/3786/2 1288/3787/2 1287/1206/2
f 1287/3788/3 1288/3789/3 1286/3790/3 1285/3791/3
f 1286/3792/3 1282/3793/3 1306/3794/3 1307/3795/3
f 1283/3796/4 1287/3797/4 1285/3048/4 1281/3047/4
f 1288/3798/5 1284/3799/5 1282/2865/5 1286/2864/5
f 1289/3784/1 1290/3800/1 1292/3801/1 1291/3802/1
f 1291/3803/2 1292/3804/2 1296/3805/2 1295/3806/2
f 1295/3411/3 1296/3807/3 1294/3808/3 1293/3809/3
f 1290/3810/6 1289/3811/6 1297/3812/6 1298/3813/6
f 1291/3814/4 1295/3815/4 1293/3064/4 1289/3816/4
f 1296/3817/5 1292/3818/5 1290/3068/5 1294/3067/5
f 1297/3819/5 1300/3820/5 1304/3821/5 1301/3822/5
f 1289/3823/6 1293/3824/6 1300/3825/6 1297/3826/6
f 1294/3827/3 1290/3828/3 1298/3829/3 1299/3830/3
f 1293/3831/6 1294/3832/6 1299/3833/6 1300/3834/6
f 1304/3835/6 1303/3836/6 1302/3837/6 1301/3838/6
f 1298/3839/3 1297/3840/3 1301/3841/3 1302/3842/3
f 1299/3843/4 1298/3844/4 1302/3845/4 1303/3846/4
f 1300/3847/1 1299/3848/1 1303/3849/1 1304/3850/1
f 1305/3851/5 1308/3852/5 1312/3853/5 1309/3854/5
f 1285/3855/6 1286/3856/6 1307/32/6 1308/3857/6
f 1282/444/6 1281/3858/6 1305/3859/6 1306/3860/6
f 1281/3861/6 1285/3862/6 1308/3863/6 1305/3864/6
f 1312/3865/6 1311/3866/6 1310/3867/6 1309/3868/6
f 1306/3869/3 1305/3870/3 1309/3871/3 1310/3872/3
f 1307/2934/4 1306/2933/4 1310/3873/4 1311/3874/4
f 1308/3875/1 1307/3876/1 1311/3877/1 1312/3878/1
f 1313/3879/7 1314/3880/7 1316/3881/7 1315/3882/7
f 1315/3883/2 1316/3884/2 1320/3885/2 1319/3886/2
f 1319/3887/8 1320/3888/8 1318/3889/8 1317/3890/8
f 1314/3891/6 1313/3892/6 1321/3893/6 1322/3894/6
f 1315/3895/9 1319/3896/9 1317/3897/9 1313/3898/9
f 1320/3899/10 1316/3900/10 1314/3901/10 1318/3902/10
f 1321/3903/10 1324/3904/10 1328/3905/10 1325/3906/10
f 1313/3907/2 1317/3908/2 1324/3909/2 1321/3910/2
f 1318/3911/1 1314/3891/1 1322/3894/1 1323/3912/1
f 1317/3913/6 1318/3911/6 1323/3912/6 1324/3914/6
f 1328/3915/6 1327/3916/6 1326/3917/6 1325/3918/6
f 1322/3919/8 1321/3920/8 1325/3921/8 1326/3922/8
f 1323/2981/9 1322/3923/9 1326/3924/9 1327/2982/9
f 1324/1340/7 1323/3925/7 1327/3926/7 1328/965/7
f 1329/3357/11 1330/3356/11 1332/3927/11 1331/3928/11
f 1331/3929/2 1332/3930/2 1336/3931/2 1335/3932/2
f 1335/1532/12 1336/1531/12 1334/3933/12 1333/3934/12
f 1330/3935/6 1329/3936/6 1337/3937/6 1338/3938/6
f 1331/3939/13 1335/3940/13 1333/3941/13 1329/3942/13
f 1336/3003/14 1332/3943/14 1330/3944/14 1334/3004/14
f 1337/3945/14 1340/3946/14 1344/3947/14 1341/3948/14
f 1329/3949/3 1333/3950/3 1340/3951/3 1337/3952/3
f 1334/3953/17 1330/3935/17 1338/3938/17 1339/3954/17
f 1333/3955/6 1334/3953/6 1339/3954/6 1340/3956/6
f 1344/3957/6 1343/3958/6 1342/3959/6 1341/3960/6
f 1338/3961/12 1337/3962/12 1341/3963/12 1342/3964/12
f 1339/3965/13 1338/3966/13 1342/3967/13 1343/3968/13
f 1340/3402/11 1339/3401/11 1343/217/11 1344/3969/11
f 1345/3970/1 1346/3971/1 1348/3972/1 1347/3973/1
f 1347/3974/2 1348/1206/2 1352/1207/2 1351/3975/2
f 1351/3615/3 1352/3976/3 1350/3977/3 1349/3978/3
f 1350/3979/3 1346/3980/3 1370/3981/3 1371/3982/3
f 1347/3983/4 1351/3984/4 1349/3815/4 1345/3985/4
f 1352/3986/5 1348/3987/5 1346/3797/5 1350/3796/5
f 1353/3988/1 1354/3989/1 1356/3990/1 1355/3991/1
f 1355/3992/2 1356/3993/2 1360/3994/2 1359/3995/2
f 1359/3996/3 1360/3997/3 1358/3998/3 1357/3999/3
f 1354/4000/6 1353/1414/6 1361/3811/6 1362/3810/6
f 1355/4001/4 1359/4002/4 1357/3984/4 1353/3983/4
f 1360/4003/5 1356/4004/5 1354/3818/5 1358/3817/5
f 1361/3822/5 1364/3821/5 1368/4005/5 1365/4006/5
f 1353/4007/3 1357/4008/3 1364/4009/3 1361/4010/3
f 1358/4011/2 1354/4012/2 1362/4013/2 1363/4014/2
f 1357/4015/6 1358/3833/6 1363/477/6 1364/476/6
f 1368/4016/6 1367/4017/6 1366/4018/6 1365/4019/6
f 1362/4020/3 1361/4021/3 1365/4022/3 1366/4023/3
f 1363/3846/4 1362/3845/4 1366/4024/4 1367/4025/4
f 1364/4026/1 1363/4027/1 1367/4028/1 1368/4029/1
f 1369/4030/5 1372/4031/5 1376/4032/5 1373/4033/5
f 1349/4034/6 1350/4035/6 1371/4036/6 1372/4037/6
f 1346/4038/6 1345/4039/6 1369/4040/6 1370/4041/6
f 1345/4042/2 1349/4043/2 1372/4044/2 1369/4045/2
f 1376/4046/6 1375/4047/6 1374/4048/6 1373/4049/6
f 1370/4050/3 1369/4051/3 1373/3870/3 1374/4052/3
f 1371/4053/4 1370/4054/4 1374/4055/4 1375/4056/4
f 1372/4057/1 1371/2014/1 1375/4058/1 1376/4059/1
f 1377/4060/7 1378/4061/7 1380/4062/7 1379/4063/7
f 1379/4064/2 1380/4065/2 1384/4066/2 1383/4067/2
f 1383/2037/8 1384/2036/8 1382/4068/8 1381/4069/8
f 1378/4070/6 1377/4071/6 1385/4072/6 1386/4073/6
f 1379/4074/9 1383/4075/9 1381/4076/9 1377/4077/9
f 1384/4078/10 1380/4079/10 1378/4080/10 1382/4081/10
f 1385/3143/10 1388/4082/10 1392/4083/10 1389/3144/10
f 1377/4084/2 1381/4085/2 1388/4086/2 1385/4087/2
f 1382/4088/17 1378/4070/17 1386/4073/17 1387/4089/17
f 1381/4090/6 1382/4088/6 1387/4089/6 1388/4091/6
f 1392/4092/6 1391/4093/6 1390/4094/6 1389/4095/6
f 1386/4096/8 1385/4097/8 1389/4098/8 1390/4099/8
f 1387/3161/9 1386/4100/9 1390/4101/9 1391/3162/9
f 1388/4102/7 1387/4103/7 1391/4104/7 1392/4105/7
f 1393/4106/11 1394/4107/11 1396/4108/11 1395/4109/11
f 1395/4110/2 1396/4111/2 1400/4112/2 1399/4113/2
f 1399/4114/12 1400/4115/12 1398/4116/12 1397/4117/12
f 1394/4118/6 1393/4119/6 1401/4120/6 1402/4121/6
f 1395/4122/13 1399/4123/13 1397/4124/13 1393/4125/13
f 1400/4126/14 1396/3185/14 1394/3188/14 1398/4127/14
f 1401/4128/14 1404/4129/14 1408/4130/14 1405/4131/14
f 1393/4132/2 1397/4133/2 1404/4134/2 1401/4135/2
f 1398/4136/1 1394/4118/1 1402/4121/1 1403/4137/1
f 1397/4138/6 1398/4136/6 1403/4137/6 1404/4139/6
f 1408/4140/6 1407/4141/6 1406/4142/6 1405/4143/6
f 1402/4144/12 1401/4145/12 1405/4146/12 1406/4147/12
f 1403/4148/13 1402/4149/13 1406/4150/13 1407/4151/13
f 1404/3780/11 1403/3779/11 1407/4152/11 1408/4153/11
f 1409/3608/1 1410/3607/1 1412/4154/1 1411/4155/1
f 1411/4156/2 1412/4157/2 1416/4158/2 1415/4159/2
f 1415/4160/3 1416/4161/3 1414/4162/3 1413/4163/3
f 1414/4164/2 1410/4165/2 1434/4166/2 1435/4167/2
f 1411/4168/4 1415/4169/4 1413/3621/4 1409/3620/4
f 1416/4170/5 1412/4171/5 1410/4172/5 1414/3624/5
f 1417/4173/1 1418/4174/1 1420/4175/1 1419/4176/1
f 1419/4177/2 1420/4178/2 1424/4179/2 1423/2033/2
f 1423/3809/3 1424/3808/3 1422/4180/3 1421/4181/3
f 1418/4182/6 1417/1067/6 1425/4183/6 1426/4184/6
f 1419/4185/4 1423/4186/4 1421/4187/4 1417/3601/4
f 1424/4188/5 1420/4189/5 1418/3244/5 1422/3243/5
f 1425/3246/5 1428/3245/5 1432/4190/5 1429/4191/5
f 1417/4192/3 1421/4193/3 1428/4194/3 1425/4195/3
f 1422/4196/6 1418/4197/6 1426/4198/6 1427/4199/6
f 1421/4200/6 1422/2528/6 1427/4201/6 1428/4202/6
f 1432/4027/6 1431/4203/6 1430/4204/6 1429/4205/6
f 1426/274/3 1425/4022/3 1429/4206/3 1430/4207/3
f 1427/4208/4 1426/4209/4 1430/4210/4 1431/4211/4
f 1428/4212/1 1427/4213/1 1431/4214/1 1432/4215/1
f 1433/4216/5 1436/4217/5 1440/4218/5 1437/4219/5
f 1413/4220/6 1414/4221/6 1435/4222/6 1436/4223/6
f 1410/4224/6 1409/4225/6 1433/4226/6 1434/4227/6
f 1409/4228/2 1413/4229/2 1436/4230/2 1433/4231/2
f 1440/4049/6 1439/4048/6 1438/4232/6 1437/4233/6
f 1434/4234/3 1433/4235/3 1437/4051/3 1438/4236/3
f 1435/4237/4 1434/4238/4 1438/4239/4 1439/4240/4
f 1436/4241/1 1435/4242/1 1439/4243/1 1440/4244/1
f 1441/4245/7 1442/4246/7 1444/4247/7 1443/4248/7
f 1443/4249/2 1444/4250/2 1448/4251/2 1447/4252/2
f 1447/4069/8 1448/4068/8 1446/2217/8 1445/2216/8
f 1442/4253/6 1441/4254/6 1449/4255/6 1450/4256/6
f 1443/4257/9 1447/4258/9 1445/4259/9 1441/4260/9
f 1448/4261/10 1444/4262/10 1442/4263/10 1446/4264/10
f 1449/3904/10 1452/4265/10 1456/4266/10 1453/3905/10
f 1441/4267/2 1445/4268/2 1452/4269/2 1449/4270/2
f 1446/4271/24 1442/4272/24 1450/4273/24 1451/4274/24
f 1445/4275/6 1446/4276/6 1451/4277/6 1452/4278/6
f 1456/4279/6 1455/4280/6 1454/4281/6 1453/4282/6
f 1450/4283/8 1449/4284/8 1453/4285/8 1454/4286/8
f 1451/4287/9 1450/4266/9 1454/4265/9 1455/4288/9
f 1452/1521/7 1451/1520/7 1455/4289/7 1456/4290/7
f 1457/4291/11 1458/4292/11 1460/4293/11 1459/4294/11
f 1459/4295/2 1460/4296/2 1464/4297/2 1463/4298/2
f 1463/4299/12 1464/4300/12 1462/4301/12 1461/4302/12
f 1458/4303/6 1457/4304/6 1465/4305/6 1466/4306/6
f 1459/4307/13 1463/4308/13 1461/4309/13 1457/4310/13
f 1464/4311/14 1460/4312/14 1458/4313/14 1462/4314/14
f 1465/3377/14 1468/4315/14 1472/4316/14 1469/3378/14
f 1457/4317/3 1461/4271/3 1468/4318/3 1465/4319/3
f 1462/174/17 1458/4303/17 1466/4306/17 1467/4320/17
f 1461/175/6 1462/174/6 1467/4320/6 1468/4321/6
f 1472/4322/6 1471/4323/6 1470/4324/6 1469/4325/6
f 1466/3206/12 1465/4326/12 1469/4327/12 1470/3207/12
f 1467/4328/13 1466/4329/13 1470/4330/13 1471/4331/13
f 1468/4153/11 1467/4152/11 1471/4332/11 1472/4333/11
f 1473/4334/1 1474/4335/1 1476/4336/1 1475/4337/1
f 1475/4338/2 1476/4339/2 1480/4340/2 1479/4341/2
f 1479/3978/3 1480/3977/3 1478/4342/3 1477/4343/3
f 1478/4344/2 1474/4345/2 1498/4346/2 1499/4347/2
f 1475/4348/4 1479/4349/4 1477/4350/4 1473/4351/4
f 1480/4352/5 1476/4353/5 1474/3604/5 1478/3603/5
f 1481/4337/1 1482/4336/1 1484/4354/1 1483/4355/1
f 1483/4356/2 1484/4357/2 1488/4358/2 1487/4359/2
f 1487/3999/3 1488/3998/3 1486/4360/3 1485/4361/3
f 1482/4362/6 1481/4363/6 1489/2708/6 1490/4364/6
f 1483/4365/4 1487/4366/4 1485/4169/4 1481/4168/4
f 1488/4367/5 1484/4368/5 1482/3433/5 1486/3432/5
f 1489/4369/5 1492/4370/5 1496/4371/5 1493/4372/5
f 1481/4373/6 1485/4374/6 1492/4375/6 1489/4376/6
f 1486/4377/6 1482/4378/6 1490/4379/6 1491/4380/6
f 1485/453/6 1486/4381/6 1491/4382/6 1492/4383/6
f 1496/4384/6 1495/4385/6 1494/4386/6 1493/4387/6
f 1490/4388/3 1489/4389/3 1493/4390/3 1494/4391/3
f 1491/4392/4 1490/4393/4 1494/4394/4 1495/4395/4
f 1492/4396/1 1491/4397/1 1495/4398/1 1496/4399/1
f 1497/4400/5 1500/3463/5 1504/3465/5 1501/4401/5
f 1477/4402/6 1478/4403/6 1499/4404/6 1500/4405/6
f 1474/4406/6 1473/4407/6 1497/4408/6 1498/4409/6
f 1473/4410/3 1477/4411/3 1500/4412/3 1497/4413/3
f 1504/4414/6 1503/4415/6 1502/4416/6 1501/4417/6
f 1498/4418/3 1497/4419/3 1501/4420/3 1502/4421/3
f 1499/3678/4 1498/3677/4 1502/4422/4 1503/4423/4
f 1500/4244/1 1499/4243/1 1503/4424/1 1504/4425/1
f 1505/4426/7 1506/4427/7 1508/4428/7 1507/4429/7
f 1507/4430/2 1508/4431/2 1512/4432/2 1511/4433/2
f 1511/4434/8 1512/4435/8 1510/4436/8 1509/4437/8
f 1506/4438/6 1505/4439/6 1513/4440/6 1514/4441/6
f 1507/4442/9 1511/4443/9 1509/4444/9 1505/4445/9
f 1512/4446/10 1508/4447/10 1506/4448/10 1510/4449/10
f 1513/3707/10 1516/4450/10 1520/4451/10 1517/3708/10
f 1505/4452/2 1509/4453/2 1516/4454/2 1513/4455/2
f 1510/4456/17 1506/4457/17 1514/4458/17 1515/4459/17
f 1509/4460/6 1510/4461/6 1515/4462/6 1516/4463/6
f 1520/4464/6 1519/4465/6 1518/4466/6 1517/4467/6
f 1514/4468/8 1513/4469/8 1517/4470/8 1518/4471/8
f 1515/3536/9 1514/4472/9 1518/4473/9 1519/3537/9
f 1516/4474/7 1515/4475/7 1519/4476/7 1520/4477/7
f 1521/4478/11 1522/4479/11 1524/4480/11 1523/4481/11
f 1523/4482/2 1524/4483/2 1528/4484/2 1527/4485/2
f 1527/4486/12 1528/4487/12 1526/4488/12 1525/4489/12
f 1522/4490/6 1521/4491/6 1529/4492/6 1530/4493/6
f 1523/4494/13 1527/4495/13 1525/4496/13 1521/4497/13
f 1528/4498/14 1524/3559/14 1522/3560/14 1526/4499/14
f 1529/3755/14 1532/4500/14 1536/4501/14 1533/3756/14
f 1521/4502/3 1525/4503/3 1532/4504/3 1529/4505/3
f 1526/4506/1 1522/4507/1 1530/4508/1 1531/4509/1
f 1525/4510/6 1526/4511/6 1531/4512/6 1532/4513/6
f 1536/4514/6 1535/4515/6 1534/4516/6 1533/4517/6
f 1530/4518/12 1529/4519/12 1533/4520/12 1534/4521/12
f 1531/4329/13 1530/4522/13 1534/4523/13 1535/4330/13
f 1532/4333/11 1531/4524/11 1535/4525/11 1536/4526/11
f 1537/4527/1 1538/4528/1 1540/4529/1 1539/4530/1
f 1539/4531/2 1540/4532/2 1544/4533/2 1543/4534/2
f 1543/4163/3 1544/4162/3 1542/4535/3 1541/4536/3
f 1542/4537/3 1538/4538/3 1562/4539/3 1563/4540/3
f 1539/4541/4 1543/4542/4 1541/4543/4 1537/4544/4
f 1544/4545/5 1540/4546/5 1538/4353/5 1542/4352/5
f 1545/4547/1 1546/4548/1 1548/4549/1 1547/4550/1
f 1547/4551/2 1548/4552/2 1552/4553/2 1551/4554/2
f 1551/4555/3 1552/4556/3 1550/4557/3 1549/4558/3
f 1546/4559/6 1545/4560/6 1553/4561/6 1554/4562/6
f 1547/4563/4 1551/4564/4 1549/4366/4 1545/4365/4
f 1552/4565/5 1548/4566/5 1546/4567/5 1550/4170/5
f 1553/4568/5 1556/4569/5 1560/4570/5 1557/4571/5
f 1545/4572/2 1549/4573/2 1556/4574/2 1553/4575/2
f 1550/4576/3 1546/4577/3 1554/4578/3 1555/4579/3
f 1549/4580/6 1550/4581/6 1555/4582/6 1556/4583/6
f 1560/4584/6 1559/4585/6 1558/4586/6 1557/4027/6
f 1554/4587/3 1553/4588/3 1557/4389/3 1558/4589/3
f 1555/4590/4 1554/4591/4 1558/4592/4 1559/4593/4
f 1556/4594/1 1555/4595/1 1559/4596/1 1560/4597/1
f 1561/4598/5 1564/3659/5 1568/3660/5 1565/4599/5
f 1541/2729/6 1542/4600/6 1563/4601/6 1564/4602/6
f 1538/4603/6 1537/4604/6 1561/4605/6 1562/4606/6
f 1537/4607/3 1541/4608/3 1564/4609/3 1561/4610/3
f 1568/4611/6 1567/4612/6 1566/4613/6 1565/4614/6
f 1562/1290/3 1561/4615/3 1565/4616/3 1566/301/3
f 1563/4617/4 1562/4618/4 1566/4619/4 1567/4620/4
f 1564/4621/1 1563/4622/1 1567/4623/1 1568/4624/1
f 1569/4625/7 1570/4626/7 1572/4627/7 1571/4628/7
f 1571/4629/2 1572/4630/2 1576/4631/2 1575/4632/2
f 1575/4633/8 1576/4634/8 1574/4635/8 1573/4636/8
f 1570/4637/6 1569/4638/6 1577/4639/6 1578/4640/6
f 1571/4641/9 1575/4642/9 1573/4643/9 1569/4644/9
f 1576/4645/10 1572/4646/10 1570/4647/10 1574/4648/10
f 1577/4450/10 1580/4649/10 1584/4650/10 1581/4451/10
f 1569/4651/2 1573/4652/2 1580/4653/2 1577/4654/2
f 1574/4655/17 1570/4652/17 1578/4656/17 1579/4657/17
f 1573/4658/6 1574/4659/6 1579/4660/6 1580/4661/6
f 1584/4662/6 1583/4663/6 1582/4664/6 1581/4665/6
f 1578/4666/8 1577/4667/8 1581/2428/8 1582/2427/8
f 1579/3727/9 1578/4668/9 1582/4669/9 1583/3728/9
f 1580/4670/7 1579/4671/7 1583/4672/7 1584/4673/7
f 1585/4674/11 1586/4675/11 1588/4676/11 1587/4677/11
f 1587/4678/2 1588/4679/2 1592/4680/2 1591/4681/2
f 1591/4682/12 1592/4683/12 1590/177/12 1589/176/12
f 1586/4684/6 1585/4685/6 1593/4686/6 1594/4687/6
f 1587/4688/13 1591/4689/13 1589/4690/13 1585/4691/13
f 1592/3753/14 1588/4692/14 1586/4693/14 1590/3754/14
f 1593/4500/14 1596/4694/14 1600/4695/14 1597/4501/14
f 1585/4696/3 1589/4697/3 1596/4698/3 1593/4699/3
f 1590/4700/1 1586/4701/1 1594/4702/1 1595/4703/1
f 1589/4704/6 1590/4705/6 1595/4706/6 1596/4707/6
f 1600/4708/6 1599/4709/6 1598/4710/6 1597/4711/6
f 1594/4712/12 1593/4713/12 1597/4714/12 1598/4097/12
f 1595/4715/13 1594/4716/13 1598/4717/13 1599/4718/13
f 1596/4526/11 1595/4525/11 1599/4719/11 1600/4720/11
f 1601/4550/1 1602/4549/1 1604/4721/1 1603/4722/1
f 1603/4723/2 1604/4724/2 1608/1225/2 1607/2869/2
f 1607/4725/3 1608/4726/3 1606/4727/3 1605/4247/3
f 1606/4696/3 1602/4728/3 1626/4729/3 1627/4730/3
f 1603/4731/4 1607/4732/4 1605/3987/4 1601/3986/4
f 1608/4733/5 1604/4734/5 1602/3799/5 1606/3798/5
f 1609/4722/1 1610/4721/1 1612/4735/1 1611/4736/1
f 1611/1226/2 1612/4737/2 1616/4738/2 1615/3785/2
f 1615/4739/3 1616/4740/3 1614/4741/3 1613/4742/3
f 1610/4743/6 1609/4744/6 1617/4745/6 1618/2147/6
f 1611/4746/4 1615/4747/4 1613/4002/4 1609/4748/4
f 1616/4749/5 1612/4750/5 1610/4004/5 1614/4003/5
f 1617/4006/5 1620/4005/5 1624/4751/5 1621/4752/5
f 1609/4753/2 1613/4754/2 1620/4755/2 1617/4756/2
f 1614/4757/3 1610/4758/3 1618/4759/3 1619/4760/3
f 1613/4761/6 1614/2168/6 1619/4762/6 1620/4763/6
f 1624/4764/6 1623/4765/6 1622/4766/6 1621/4767/6
f 1618/3447/3 1617/4768/3 1621/4769/3 1622/4770/3
f 1619/4771/4 1618/4772/4 1622/4773/4 1623/4774/4
f 1620/4775/1 1619/4596/1 1623/4776/1 1624/4777/1
f 1625/4778/5 1628/3851/5 1632/3854/5 1629/4779/5
f 1605/4780/6 1606/4781/6 1627/4782/6 1628/4783/6
f 1602/4784/6 1601/4785/6 1625/4786/6 1626/4787/6
f 1601/4788/3 1605/4789/3 1628/4790/3 1625/4791/3
f 1632/4792/6 1631/4793/6 1630/4794/6 1629/4795/6
f 1626/4796/3 1625/4797/3 1629/4419/3 1630/4798/3
f 1627/3874/4 1626/3873/4 1630/4799/4 1631/4800/4
f 1628/4801/1 1627/4802/1 1631/4803/1 1632/4804/1
f 1633/4805/7 1634/4806/7 1636/4807/7 1635/4808/7
f 1635/4809/2 1636/4810/2 1640/4811/2 1639/4812/2
f 1639/4813/8 1640/4814/8 1638/4815/8 1637/4816/8
f 1634/4817/6 1633/4818/6 1641/4819/6 1642/4820/6
f 1635/4821/9 1639/4822/9 1637/4823/9 1633/4824/9
f 1640/4825/10 1636/4826/10 1634/4827/10 1638/4828/10
f 1641/4288/25 1644/4829/25 1648/4830/25 1645/4287/25
f 1633/4831/17 1637/4832/17 1644/4833/17 1641/4834/17
f 1638/4835/16 1634/4817/16 1642/4820/16 1643/4836/16
f 1637/4837/6 1638/4835/6 1643/4836/6 1644/4838/6
f 1648/4839/6 1647/4840/6 1646/4841/6 1645/4842/6
f 1642/4843/8 1641/4844/8 1645/4845/8 1646/4846/8
f 1643/4847/9 1642/4848/9 1646/4849/9 1647/4850/9
f 1644/4851/7 1643/4852/7 1647/4853/7 1648/4854/7
f 1649/4855/11 1650/4856/11 1652/4857/11 1651/4858/11
f 1651/4859/2 1652/4860/2 1656/4861/2 1655/4862/2
f 1655/4863/12 1656/4864/12 1654/4865/12 1653/4866/12
f 1650/4867/6 1649/4868/6 1657/4869/6 1658/4870/6
f 1651/4871/13 1655/3939/13 1653/3942/13 1649/4872/13
f 1656/3943/14 1652/4873/14 1650/4874/14 1654/3944/14
f 1657/4129/14 1660/4875/14 1664/4876/14 1661/4130/14
f 1649/4877/2 1653/4878/2 1660/4879/2 1657/4880/2
f 1654/4881/15 1650/4867/15 1658/4870/15 1659/4882/15
f 1653/4883/6 1654/4881/6 1659/4882/6 1660/4884/6
f 1664/4885/6 1663/4886/6 1662/4887/6 1661/4888/6
f 1658/4889/12 1657/4890/12 1661/2472/12 1662/2471/12
f 1659/3966/13 1658/4891/13 1662/4892/13 1663/3967/13
f 1660/4720/11 1659/4893/11 1663/4894/11 1664/4895/11
f 1665/4736/1 1666/4735/1 1668/4896/1 1667/4897/1
f 1667/2120/2 1668/4898/2 1672/4899/2 1671/4900/2
f 1671/4901/3 1672/4902/3 1670/4903/3 1669/4904/3
f 1670/4905/6 1666/4906/6 1690/4907/6 1691/4908/6
f 1667/4909/4 1671/4910/4 1669/4747/4 1665/4911/4
f 1672/4912/5 1668/4913/5 1666/4732/5 1670/4731/5
f 1673/4897/1 1674/4896/1 1676/4914/1 1675/4915/1
f 1675/2870/2 1676/1226/2 1680/3785/2 1679/4916/2
f 1679/4917/3 1680/4918/3 1678/4919/3 1677/4920/3
f 1674/4921/6 1673/4922/6 1681/4923/6 1682/4924/6
f 1675/4925/4 1679/4926/4 1677/4910/4 1673/4909/4
f 1680/4927/5 1676/4928/5 1674/4750/5 1678/4749/5
f 1681/4752/5 1684/4751/5 1688/4929/5 1685/4930/5
f 1673/4931/3 1677/4932/3 1684/4933/3 1681/4934/3
f 1678/4935/6 1674/4936/6 1682/4937/6 1683/4938/6
f 1677/4763/6 1678/4762/6 1683/4939/6 1684/4940/6
f 1688/4941/6 1687/4942/6 1686/4765/6 1685/4764/6
f 1682/4943/3 1681/4944/3 1685/4945/3 1686/4946/3
f 1683/4947/4 1682/4948/4 1686/4949/4 1687/4950/4
f 1684/4951/1 1683/4952/1 1687/4953/1 1688/4954/1
f 1689/4955/5 1692/4956/5 1696/4957/5 1693/4958/5
f 1669/4959/6 1670/2189/6 1691/4960/6 1692/4961/6
f 1666/4962/6 1665/4963/6 1689/4964/6 1690/4965/6
f 1665/4966/6 1669/4967/6 1692/4968/6 1689/4969/6
f 1696/4970/6 1695/4971/6 1694/4972/6 1693/4973/6
f 1690/4974/3 1689/4975/3 1693/4797/3 1694/4976/3
f 1691/4977/4 1690/4978/4 1694/4979/4 1695/4980/4
f 1692/4981/1 1691/4982/1 1695/4983/1 1696/4984/1
f 1697/4985/7 1698/4986/7 1700/4626/7 1699/4625/7
f 1699/4987/2 1700/4988/2 1704/4989/2 1703/4990/2
f 1703/4991/8 1704/4992/8 1702/4993/8 1701/4994/8
f 1698/4995/6 1697/4996/6 1705/4997/6 1706/4998/6
f 1699/4999/9 1703/5000/9 1701/5001/9 1697/5002/9
f 1704/5003/10 1700/5004/10 1698/5005/10 1702/5006/10
f 1705/5007/25 1708/5008/25 1712/5009/25 1709/5010/25
f 1697/5011/17 1701/5012/17 1708/5013/17 1705/5014/17
f 1702/5015/1 1698/4995/1 1706/4998/1 1707/5016/1
f 1701/5017/6 1702/5015/6 1707/5016/6 1708/5018/6
f 1712/5019/6 1711/5020/6 1710/5021/6 1709/5022/6
f 1706/5023/8 1705/5024/8 1709/5025/8 1710/5026/8
f 1707/4100/9 1706/5027/9 1710/5028/9 1711/4101/9
f 1708/5029/7 1707/5030/7 1711/5031/7 1712/5032/7
f 1713/5033/11 1714/5034/11 1716/5035/11 1715/5036/11
f 1715/5037/2 1716/5038/2 1720/5039/2 1719/5040/2
f 1719/5041/12 1720/5042/12 1718/5043/12 1717/5044/12
f 1714/5045/6 1713/5046/6 1721/5047/6 1722/5048/6
f 1715/5049/13 1719/5050/13 1717/5051/13 1713/5052/13
f 1720/5053/14 1716/4126/14 1714/4127/14 1718/5054/14
f 1721/5055/14 1724/5056/14 1728/5057/14 1725/5058/14
f 1713/5059/2 1717/5060/2 1724/5061/2 1721/5062/2
f 1718/5063/1 1714/5045/1 1722/5048/1 1723/5064/1
f 1717/5065/6 1718/5063/6 1723/5064/6 1724/5066/6
f 1728/5067/6 1727/5068/6 1726/5069/6 1725/5070/6
f 1722/5071/12 1721/5072/12 1725/4145/12 1726/4144/12
f 1723/5073/13 1722/5074/13 1726/5075/13 1727/5076/13
f 1724/2295/11 1723/2294/11 1727/5077/11 1728/5078/11
f 1729/5079/1 1730/5080/1 1732/5081/1 1731/5082/1
f 1731/5083/2 1732/5084/2 1736/5085/2 1735/5086/2
f 1735/4247/3 1736/4727/3 1734/5087/3 1733/5088/3
f 1734/5089/6 1730/5090/6 1754/5091/6 1755/5092/6
f 1731/5093/4 1735/5094/4 1733/4564/4 1729/4563/4
f 1736/5095/5 1732/5096/5 1730/5097/5 1734/4565/5
f 1737/5098/1 1738/5081/1 1740/5099/1 1739/5100/1
f 1739/2121/2 1740/2120/2 1744/5101/2 1743/5102/2
f 1743/4742/3 1744/4741/3 1742/5103/3 1741/5104/3
f 1738/5105/6 1737/5106/6 1745/4383/6 1746/4382/6
f 1739/5107/4 1743/5108/4 1741/5109/4 1737/4541/4
f 1744/5110/5 1740/5111/5 1738/4189/5 1742/4188/5
f 1745/4191/5 1748/4190/5 1752/5112/5 1749/5113/5
f 1737/5114/2 1741/5115/2 1748/5116/2 1745/5117/2
f 1742/5118/6 1738/5119/6 1746/5120/6 1747/5121/6
f 1741/4202/6 1742/4201/6 1747/5122/6 1748/5123/6
f 1752/5124/6 1751/5125/6 1750/5126/6 1749/5127/6
f 1746/5128/3 1745/5129/3 1749/4944/3 1750/5130/3
f 1747/4950/4 1746/4949/4 1750/5131/4 1751/5132/4
f 1748/5133/1 1747/5134/1 1751/5135/1 1752/5136/1
f 1753/5137/5 1756/5138/5 1760/5139/5 1757/5140/5
f 1733/5141/6 1734/5142/6 1755/5143/6 1756/5144/6
f 1730/5145/6 1729/5146/6 1753/5147/6 1754/5148/6
f 1729/5149/3 1733/5150/3 1756/5151/3 1753/5152/3
f 1760/4973/6 1759/4972/6 1758/5153/6 1757/5154/6
f 1754/5155/3 1753/5156/3 1757/5157/3 1758/5158/3
f 1755/5159/4 1754/5160/4 1758/5161/4 1759/5162/4
f 1756/5163/1 1755/5164/1 1759/5165/1 1760/5166/1
f 1761/5167/7 1762/5088/7 1764/5168/7 1763/5169/7
f 1763/5170/2 1764/5171/2 1768/5172/2 1767/5173/2
f 1767/5174/8 1768/5175/8 1766/5176/8 1765/5177/8
f 1762/5178/6 1761/5179/6 1769/5180/6 1770/5181/6
f 1763/5182/9 1767/5183/9 1765/5184/9 1761/5185/9
f 1768/5186/10 1764/5187/10 1762/5188/10 1766/5189/10
f 1769/4829/25 1772/5190/25 1776/5191/25 1773/4830/25
f 1761/5179/1 1765/5192/1 1772/5193/1 1769/5180/1
f 1766/5194/16 1762/5195/16 1770/5196/16 1771/5197/16
f 1765/5192/6 1766/5198/6 1771/5199/6 1772/5193/6
f 1776/5200/6 1775/5201/6 1774/5202/6 1773/5203/6
f 1770/5204/8 1769/5205/8 1773/5206/8 1774/5207/8
f 1771/5208/9 1770/5209/9 1774/5210/9 1775/5211/9
f 1772/5212/7 1771/5213/7 1775/5214/7 1776/5215/7
f 1777/5216/11 1778/5217/11 1780/5218/11 1779/5219/11
f 1779/5220/2 1780/3892/2 1784/5221/2 1783/5222/2
f 1783/5223/12 1784/5224/12 1782/5225/12 1781/5226/12
f 1778/5227/6 1777/5228/6 1785/5229/6 1786/5230/6
f 1779/5231/13 1783/5232/13 1781/5233/13 1777/5234/13
f 1784/5235/14 1780/4311/14 1778/4314/14 1782/5236/14
f 1785/5237/14 1788/5238/14 1792/5239/14 1789/5240/14
f 1777/5241/2 1781/5242/2 1788/5243/2 1785/5244/2
f 1782/5245/1 1778/5227/1 1786/5230/1 1787/5246/1
f 1781/5247/6 1782/5245/6 1787/5246/6 1788/5248/6
f 1792/5249/6 1791/5250/6 1790/5251/6 1789/5252/6
f 1786/4521/12 1785/5253/12 1789/5254/12 1790/5255/12
f 1787/5256/13 1786/5257/13 1790/5258/13 1791/5259/13
f 1788/2660/11 1787/5260/11 1791/5261/11 1792/5262/11
f 1793/5100/1 1794/5099/1 1796/5263/1 1795/5264/1
f 1795/2061/2 1796/4533/2 1800/5265/2 1799/1094/2
f 1799/4904/3 1800/4903/3 1798/5266/3 1797/5267/3
f 1798/5268/3 1794/5269/3 1818/5270/3 1819/5271/3
f 1795/5272/4 1799/5273/4 1797/5274/4 1793/5275/4
f 1800/5276/5 1796/5277/5 1794/4546/5 1798/4545/5
f 1801/5264/1 1802/5263/1 1804/5278/1 1803/5279/1
f 1803/5280/2 1804/5281/2 1808/5282/2 1807/5283/2
f 1807/4920/3 1808/4919/3 1806/5284/3 1805/5285/3
f 1802/5286/6 1801/5287/6 1809/4363/6 1810/5288/6
f 1803/5289/4 1807/5290/4 1805/5094/4 1801/5093/4
f 1808/5291/5 1804/5292/5 1802/4368/5 1806/4367/5
f 1809/5293/5 1812/5294/5 1816/5295/5 1813/5296/5
f 1801/5297/3 1805/5298/3 1812/5299/3 1809/5300/3
f 1806/5301/6 1802/5302/6 1810/5303/6 1811/5304/6
f 1805/5123/6 1806/5122/6 1811/5305/6 1812/5306/6
f 1816/5127/6 1815/5126/6 1814/5307/6 1813/5308/6
f 1810/5309/3 1809/5310/3 1813/5129/3 1814/5311/3
f 1811/5312/4 1810/5313/4 1814/5314/4 1815/5315/4
f 1812/5316/1 1811/5317/1 1815/5318/1 1816/5319/1
f 1817/5320/5 1820/4400/5 1824/4401/5 1821/5321/5
f 1797/5322/6 1798/5323/6 1819/5324/6 1820/5325/6
f 1794/4970/6 1793/5326/6 1817/5327/6 1818/5328/6
f 1793/5329/3 1797/5330/3 1820/5331/3 1817/5332/3
f 1824/5333/6 1823/2740/6 1822/5334/6 1821/5335/6
f 1818/5336/3 1817/5337/3 1821/5338/3 1822/5339/3
f 1819/4620/4 1818/4619/4 1822/5340/4 1823/5341/4
f 1820/5342/1 1819/5343/1 1823/3876/1 1824/3875/1
f 1825/5344/7 1826/5345/7 1828/5346/7 1827/5347/7
f 1827/5348/2 1828/5349/2 1832/5350/2 1831/5351/2
f 1831/5352/8 1832/5353/8 1830/5354/8 1829/5355/8
f 1826/5356/6 1825/5357/6 1833/5358/6 1834/5359/6
f 1827/5360/9 1831/5361/9 1829/5362/9 1825/5363/9
f 1832/5364/10 1828/5365/10 1826/5366/10 1830/5367/10
f 1833/4649/25 1836/5368/25 1840/5369/25 1837/4650/25
f 1825/5370/1 1829/5371/1 1836/5372/1 1833/5373/1
f 1830/5374/1 1826/5375/1 1834/5376/1 1835/5377/1
f 1829/5378/6 1830/5379/6 1835/5380/6 1836/5381/6
f 1840/5382/6 1839/5383/6 1838/5384/6 1837/5385/6
f 1834/5386/8 1833/5387/8 1837/5388/8 1838/5389/8
f 1835/4472/9 1834/5390/9 1838/5391/9 1839/4473/9
f 1836/5392/7 1835/5393/7 1839/2170/7 1840/5394/7
f 1841/4858/11 1842/5395/11 1844/5396/11 1843/5397/11
f 1843/5398/2 1844/5399/2 1848/5400/2 1847/5401/2
f 1847/4866/12 1848/4865/12 1846/5402/12 1845/5403/12
f 1842/5404/6 1841/5405/6 1849/5406/6 1850/5407/6
f 1843/5408/13 1847/5409/13 1845/5410/13 1841/5411/13
f 1848/5412/14 1844/4498/14 1842/4499/14 1846/5413/14
f 1849/4694/14 1852/5414/14 1856/5415/14 1853/4695/14
f 1841/5416/2 1845/5417/2 1852/5418/2 1849/5419/2
f 1846/5420/16 1842/5421/16 1850/5422/16 1851/5423/16
f 1845/5424/6 1846/5425/6 1851/5426/6 1852/5427/6
f 1856/5428/6 1855/5429/6 1854/5430/6 1853/5431/6
f 1850/5432/12 1849/5433/12 1853/5434/12 1854/5435/12
f 1851/5257/13 1850/5436/13 1854/5437/13 1855/5258/13
f 1852/4895/11 1851/5438/11 1855/5439/11 1856/5440/11
f 1857/5279/1 1858/5278/1 1860/5441/1 1859/5442/1
f 1859/5443/2 1860/5444/2 1864/5445/2 1863/5446/2
f 1863/5088/3 1864/5087/3 1862/5447/3 1861/5448/3
f 1862/472/3 1858/5449/3 1882/5450/3 1883/5451/3
f 1859/5452/4 1863/5453/4 1861/5454/4 1857/5455/4
f 1864/5456/5 1860/5457/5 1858/5277/5 1862/5276/5
f 1865/5442/1 1866/5441/1 1868/3971/1 1867/5458/1
f 1867/5459/2 1868/5460/2 1872/5086/2 1871/4552/2
f 1871/5104/3 1872/5103/3 1870/5461/3 1869/5462/3
f 1866/5463/6 1865/5464/6 1873/5465/6 1874/5466/6
f 1867/5467/4 1871/5468/4 1869/5290/4 1865/5289/4
f 1872/5469/5 1868/5470/5 1866/5471/5 1870/5095/5
f 1873/5472/5 1876/5473/5 1880/5474/5 1877/5475/5
f 1865/5476/3 1869/5477/3 1876/5478/3 1873/5479/3
f 1870/1242/6 1866/5480/6 1874/5481/6 1875/5482/6
f 1869/5464/6 1870/5483/6 1875/5484/6 1876/5485/6
f 1880/77/6 1879/5486/6 1878/5487/6 1877/5488/6
f 1874/5489/3 1873/5490/3 1877/5310/3 1878/5491/3
f 1875/5492/4 1874/5493/4 1878/5494/4 1879/5495/4
f 1876/5496/1 1875/5497/1 1879/5498/1 1880/5499/1
f 1881/5500/5 1884/4598/5 1888/4599/5 1885/5501/5
f 1861/5502/6 1862/3809/6 1883/5503/6 1884/5504/6
f 1858/5505/6 1857/5506/6 1881/5507/6 1882/5508/6
f 1857/5509/2 1861/5510/2 1884/5511/2 1881/5512/2
f 1888/5513/6 1887/5514/6 1886/5515/6 1885/5516/6
f 1882/5517/3 1881/5518/3 1885/5156/3 1886/5155/3
f 1883/5519/4 1882/5520/4 1886/5521/4 1887/5522/4
f 1884/5523/1 1883/5524/1 1887/5525/1 1888/5526/1
f 1889/5527/7 1890/5528/7 1892/5529/7 1891/5530/7
f 1891/5531/2 1892/5532/2 1896/5533/2 1895/5534/2
f 1895/5535/8 1896/5536/8 1894/5537/8 1893/5538/8
f 1890/5539/6 1889/5540/6 1897/5541/6 1898/5542/6
f 1891/5543/9 1895/5544/9 1893/5545/9 1889/5546/9
f 1896/5547/10 1892/5548/10 1890/5549/10 1894/5550/10
f 1897/5368/25 1900/5551/25 1904/5552/25 1901/5369/25
f 1889/5371/1 1893/5553/1 1900/5554/1 1897/5555/1
f 1894/5556/1 1890/5557/1 1898/5558/1 1899/5559/1
f 1893/5560/6 1894/5561/6 1899/5562/6 1900/5563/6
f 1904/5564/6 1903/5565/6 1902/5566/6 1901/5567/6
f 1898/5568/8 1897/5569/8 1901/5570/8 1902/5571/8
f 1899/5572/9 1898/5573/9 1902/5574/9 1903/5575/9
f 1900/5576/7 1899/5577/7 1903/5578/7 1904/5579/7
f 1905/5580/11 1906/5581/11 1908/5582/11 1907/5583/11
f 1907/5584/2 1908/5585/2 1912/5586/2 1911/5587/2
f 1911/5588/12 1912/5589/12 1910/5590/12 1909/5591/12
f 1906/5592/6 1905/5593/6 1913/5594/6 1914/5595/6
f 1907/5596/13 1911/5597/13 1909/5598/13 1905/5599/13
f 1912/4692/14 1908/5600/14 1906/5601/14 1910/4693/14
f 1913/5414/14 1916/5602/14 1920/5603/14 1917/5415/14
f 1905/5604/2 1909/5605/2 1916/5606/2 1913/5607/2
f 1910/1423/1 1906/5608/1 1914/5609/1 1915/3757/1
f 1909/5610/6 1910/5611/6 1915/5612/6 1916/5613/6
f 1920/5614/6 1919/5615/6 1918/5616/6 1917/5617/6
f 1914/5618/12 1913/5619/12 1917/5620/12 1918/5621/12
f 1915/5622/13 1914/5623/13 1918/5624/13 1919/5625/13
f 1916/5440/11 1915/5439/11 1919/5626/11 1920/5627/11
f 1921/4530/1 1922/4529/1 1924/5628/1 1923/5629/1
f 1923/5630/2 1924/5631/2 1928/5632/2 1927/5633/2
f 1927/5634/3 1928/5635/3 1926/5636/3 1925/5637/3
f 1926/798/3 1922/5638/3 1946/5639/3 1947/5640/3
f 1923/5641/4 1927/5642/4 1925/4913/4 1921/4912/4
f 1928/47/5 1924/46/5 1922/4734/5 1926/4733/5
f 1929/5643/1 1930/5644/1 1932/5645/1 1931/5646/1
f 1931/5647/2 1932/5648/2 1936/3993/2 1935/3992/2
f 1935/5649/3 1936/5104/3 1934/5650/3 1933/5651/3
f 1930/5652/6 1929/5653/6 1937/5654/6 1938/4921/6
f 1931/5655/4 1935/5656/4 1933/4926/4 1929/5657/4
f 1936/5658/5 1932/5659/5 1930/4928/5 1934/4927/5
f 1937/4930/5 1940/4929/5 1944/5660/5 1941/5661/5
f 1929/5662/3 1933/5638/3 1940/5663/3 1937/5664/3
f 1934/5662/3 1930/5665/3 1938/5666/3 1939/5667/3
f 1933/5668/6 1934/5669/6 1939/5670/6 1940/5671/6
f 1944/5672/6 1943/5673/6 1942/5674/6 1941/1817/6
f 1938/5675/3 1937/5676/3 1941/5490/3 1942/5677/3
f 1939/5495/4 1938/5494/4 1942/5678/4 1943/5679/4
f 1940/5680/1 1939/3838/1 1943/5681/1 1944/5682/1
f 1945/892/5 1948/4778/5 1952/4779/5 1949/893/5
f 1925/5683/6 1926/5684/6 1947/5685/6 1948/4780/6
f 1922/5686/6 1921/5687/6 1945/5688/6 1946/5689/6
f 1921/5690/2 1925/5665/2 1948/5691/2 1945/5692/2
f 1952/4795/6 1951/4794/6 1950/5693/6 1949/5694/6
f 1946/5695/3 1945/5696/3 1949/5697/3 1950/5698/3
f 1947/4800/4 1946/4799/4 1950/5699/4 1951/5700/4
f 1948/5701/1 1947/5702/1 1951/5703/1 1952/5704/1
f 1953/5705/7 1954/5448/7 1956/5706/7 1955/5707/7
f 1955/5708/2 1956/5709/2 1960/5710/2 1959/5711/2
f 1959/5712/8 1960/5713/8 1958/5714/8 1957/5715/8
f 1954/5716/6 1953/5717/6 1961/5718/6 1962/5719/6
f 1955/5720/9 1959/5721/9 1957/5722/9 1953/5723/9
f 1960/5724/10 1956/5725/10 1954/5726/10 1958/5727/10
f 1961/5211/25 1964/5728/25 1968/5729/25 1965/5208/25
f 1953/5730/1 1957/5731/1 1964/5732/1 1961/5733/1
f 1958/5734/16 1954/5716/16 1962/5719/16 1963/5735/16
f 1957/5736/6 1958/5734/6 1963/5735/6 1964/5737/6
f 1968/5738/6 1967/5739/6 1966/5740/6 1965/5741/6
f 1962/5742/8 1961/5743/8 1965/5744/8 1966/4476/8
f 1963/4848/9 1962/5745/9 1966/139/9 1967/4849/9
f 1964/5746/7 1963/5747/7 1967/5748/7 1968/5749/7
f 1969/5750/11 1970/5751/11 1972/5752/11 1971/5753/11
f 1971/5754/2 1972/5755/2 1976/5756/2 1975/5757/2
f 1975/5758/12 1976/5759/12 1974/5760/12 1973/5761/12
f 1970/5762/6 1969/5763/6 1977/5764/6 1978/5765/6
f 1971/5766/13 1975/4871/13 1973/4872/13 1969/5767/13
f 1976/4873/14 1972/5768/14 1970/393/14 1974/4874/14
f 1977/5769/14 1980/5770/14 1984/5771/14 1981/5772/14
f 1969/5773/2 1973/5774/2 1980/5775/2 1977/5776/2
f 1974/5777/15 1970/5762/15 1978/5765/15 1979/5778/15
f 1973/5779/6 1974/5777/6 1979/5778/6 1980/5780/6
f 1984/5781/6 1983/5782/6 1982/5783/6 1981/5784/6
f 1978/5785/12 1977/5786/12 1981/5787/12 1982/5788/12
f 1979/4891/13 1978/192/13 1982/195/13 1983/4892/13
f 1980/5789/11 1979/1565/11 1983/5790/11 1984/5791/11
f 1985/5629/1 1986/5628/1 1988/5644/1 1987/5643/1
f 1987/5792/2 1988/2503/2 1992/5793/2 1991/5794/2
f 1991/5448/3 1992/5795/3 1990/5796/3 1989/5797/3
f 1990/5690/3 1986/5798/3 2010/5799/3 2011/5800/3
f 1987/5801/4 1991/5802/4 1989/5656/4 1985/5803/4
f 1992/5804/5 1988/5805/5 1986/5806/5 1990/5807/5
f 1993/5646/1 1994/5645/1 1996/5808/1 1995/5809/1
f 1995/4738/2 1996/5810/2 2000/5811/2 1999/5812/2
f 1999/5813/3 2000/5814/3 1998/5815/3 1997/5816/3
f 1994/3813/6 1993/3812/6 2001/5817/6 2002/5652/6
f 1995/641/4 1999/640/4 1997/5802/4 1993/5801/4
f 2000/5818/5 1996/5819/5 1994/5659/5 1998/5658/5
f 2001/5661/5 2004/5660/5 2008/465/5 2005/464/5
f 1993/5820/2 1997/5798/2 2004/5821/2 2001/5822/2
f 1998/5820/3 1994/5823/3 2002/5824/3 2003/5825/3
f 1997/5671/6 1998/5670/6 2003/3832/6 2004/5826/6
f 2008/1817/6 2007/5674/6 2006/5827/6 2005/5828/6
f 2002/5829/3 2001/5830/3 2005/5676/3 2006/5675/3
f 2003/5831/4 2002/5832/4 2006/5833/4 2007/5834/4
f 2004/5835/1 2003/5681/1 2007/5836/1 2008/5837/1
f 2009/5838/5 2012/5161/5 2016/5839/5 2013/5840/5
f 1989/4961/6 1990/5841/6 2011/4035/6 2012/4034/6
f 1986/1100/6 1985/5842/6 2009/5843/6 2010/5844/6
f 1985/5845/3 1989/5846/3 2012/5847/3 2009/5848/3
f 2016/5849/6 2015/5850/6 2014/5851/6 2013/5852/6
f 2010/5853/3 2009/5697/3 2013/5854/3 2014/5855/3
f 2011/5856/4 2010/5857/4 2014/5858/4 2015/5859/4
f 2012/5704/1 2011/5703/1 2015/4622/1 2016/5860/1
f 2017/5861/7 2018/5862/7 2020/5528/7 2019/5527/7
f 2019/5863/2 2020/5864/2 2024/5865/2 2023/5866/2
f 2023/5867/8 2024/5868/8 2022/5869/8 2021/5870/8
f 2018/5871/6 2017/5872/6 2025/5873/6 2026/5874/6
f 2019/5875/9 2023/5876/9 2021/5877/9 2017/5878/9
f 2024/5879/10 2020/5880/10 2018/5881/10 2022/5882/10
f 2025/5008/25 2028/5883/25 2032/5884/25 2029/5009/25
f 2017/5885/1 2021/5886/1 2028/5887/1 2025/5888/1
f 2022/5889/15 2018/5871/15 2026/5874/15 2027/5890/15
f 2021/5891/6 2022/5889/6 2027/5890/6 2028/5892/6
f 2032/5893/6 2031/5894/6 2030/5895/6 2029/5896/6
f 2026/5897/8 2025/5898/8 2029/5899/8 2030/5900/8
f 2027/5901/9 2026/5902/9 2030/5903/9 2031/5904/9
f 2028/5905/7 2027/5906/7 2031/5907/7 2032/5908/7
f 2033/5909/11 2034/5582/11 2036/5910/11 2035/3733/11
f 2035/5911/2 2036/5912/2 2040/5913/2 2039/5914/2
f 2039/5915/12 2040/5916/12 2038/5917/12 2037/5918/12
f 2034/5919/6 2033/5920/6 2041/5921/6 2042/5922/6
f 2035/129/13 2039/5049/13 2037/5052/13 2033/5923/13
f 2040/5924/14 2036/5053/14 2034/5054/14 2038/186/14
f 2041/5925/14 2044/5926/14 2048/5927/14 2045/5928/14
f 2033/5929/2 2037/4507/2 2044/5930/2 2041/5931/2
f 2038/5932/1 2034/5919/1 2042/5922/1 2043/5933/1
f 2037/5934/6 2038/5932/6 2043/5933/6 2044/5935/6
f 2048/5936/6 2047/5937/6 2046/5938/6 2045/5939/6
f 2042/5940/12 2041/5941/12 2045/5072/12 2046/5071/12
f 2043/5074/13 2042/212/13 2046/215/13 2047/5075/13
f 2044/5791/11 2043/5790/11 2047/5942/11 2048/5943/11
f 2049/5809/1 2050/5944/1 2052/5945/1 2051/5946/1
f 2051/5947/2 2052/5948/2 2056/5949/2 2055/5950/2
f 2055/5637/3 2056/5636/3 2054/5951/3 2053/5952/3
f 2054/5845/6 2050/5953/6 2074/5954/6 2075/5955/6
f 2051/5956/4 2055/5957/4 2053/5468/4 2049/5467/4
f 2056/5958/5 2052/5959/5 2050/5960/5 2054/5469/5
f 2057/5946/1 2058/5945/1 2060/5961/1 2059/5962/1
f 2059/4900/2 2060/4899/2 2064/5963/2 2063/5964/2
f 2063/5965/3 2064/5966/3 2062/5967/3 2061/5968/3
f 2058/5969/6 2057/5970/6 2065/5106/6 2066/5105/6
f 2059/5971/4 2063/5972/4 2061/5973/4 2057/5452/4
f 2064/5974/5 2060/5975/5 2058/5111/5 2062/5110/5
f 2065/5113/5 2068/5112/5 2072/5976/5 2069/5977/5
f 2057/5978/3 2061/5953/3 2068/5979/3 2065/5980/3
f 2062/5981/3 2058/5982/3 2066/5983/3 2067/5984/3
f 2061/5985/6 2062/5305/6 2067/5986/6 2068/5987/6
f 2072/5828/6 2071/5827/6 2070/5988/6 2069/5989/6
f 2066/5990/3 2065/5991/3 2069/5830/3 2070/5992/3
f 2067/5834/4 2066/5833/4 2070/5993/4 2071/5994/4
f 2068/5837/1 2067/5836/1 2071/5995/1 2072/5996/1
f 2073/5997/5 2076/5998/5 2080/5999/5 2077/6000/5
f 2053/6001/6 2054/6002/6 2075/6003/6 2076/6004/6
f 2050/6005/6 2049/6006/6 2073/6007/6 2074/6008/6
f 2049/6009/2 2053/6010/2 2076/6011/2 2073/6012/2
f 2080/6013/6 2079/6014/6 2078/6015/6 2077/6016/6
f 2074/6017/3 2073/6018/3 2077/6019/3 2078/6020/3
f 2075/6021/4 2074/6022/4 2078/105/4 2079/6023/4
f 2076/6024/1 2075/6025/1 2079/109/1 2080/108/1
f 2081/6026/7 2082/5706/7 2084/113/7 2083/6027/7
f 2083/6028/2 2084/6029/2 2088/6030/2 2087/6031/2
f 2087/6032/8 2088/6033/8 2086/6034/8 2085/6035/8
f 2082/6036/6 2081/6037/6 2089/6038/6 2090/6039/6
f 2083/6040/9 2087/6041/9 2085/6042/9 2081/6043/9
f 2088/6044/10 2084/6045/10 2082/6046/10 2086/6047/10
f 2089/5728/25 2092/6048/25 2096/6049/25 2093/5729/25
f 2081/6037/1 2085/6050/1 2092/6051/1 2089/6038/1
f 2086/6052/1 2082/6053/1 2090/6054/1 2091/6055/1
f 2085/6050/6 2086/6056/6 2091/6057/6 2092/6051/6
f 2096/6058/6 2095/6059/6 2094/6060/6 2093/6061/6
f 2090/6062/8 2089/6063/8 2093/5569/8 2094/5568/8
f 2091/344/9 2090/6049/9 2094/6048/9 2095/341/9
f 2092/6064/7 2091/5576/7 2095/5579/7 2096/6065/7
f 2097/5397/11 2098/6066/11 2100/6067/11 2099/372/11
f 2099/6068/2 2100/6069/2 2104/6070/2 2103/6071/2
f 2103/5621/12 2104/6072/12 2102/6073/12 2101/6074/12
f 2098/6075/6 2097/6076/6 2105/6077/6 2106/6078/6
f 2099/6079/13 2103/6080/13 2101/6081/13 2097/6082/13
f 2104/6083/14 2100/5235/14 2098/5236/14 2102/6084/14
f 2105/6085/14 2108/6086/14 2112/6087/14 2109/6088/14
f 2097/6089/2 2101/6090/2 2108/6091/2 2105/6092/2
f 2102/6093/1 2098/6075/1 2106/6078/1 2107/6094/1
f 2101/3740/6 2102/6093/6 2107/6094/6 2108/6095/6
f 2112/6096/6 2111/6097/6 2110/6098/6 2109/6099/6
f 2106/6100/12 2105/6101/12 2109/6102/12 2110/6103/12
f 2107/6104/13 2106/6105/13 2110/6106/13 2111/6107/13
f 2108/5627/11 2107/5626/11 2111/1200/11 2112/1199/11
f 2113/6108/1 2114/2483/1 2116/3053/1 2115/6109/1
f 2115/6110/2 2116/6111/2 2120/6112/2 2119/6113/2
f 2119/5797/3 2120/5796/3 2118/6114/3 2117/318/3
f 2118/6115/6 2114/6116/6 2138/6117/6 2139/6118/6
f 2115/6119/4 2119/6120/4 2117/6121/4 2113/6122/4
f 2120/6123/5 2116/6124/5 2114/5457/5 2118/5456/5
f 2121/6125/1 2122/1404/1 2124/2483/1 2123/6108/1
f 2123/5282/2 2124/6126/2 2128/6127/2 2127/6128/2
f 2127/5816/3 2128/5815/3 2126/6129/3 2125/6130/3
f 2122/6131/6 2121/6132/6 2129/5485/6 2130/5484/6
f 2123/6133/4 2127/6134/4 2125/5957/4 2121/5956/4
f 2128/437/5 2124/6135/5 2122/5292/5 2126/5291/5
f 2129/6136/5 2132/6137/5 2136/6138/5 2133/6139/5
f 2121/6140/3 2125/6116/3 2132/6141/3 2129/6142/3
f 2126/6140/3 2122/6143/3 2130/6144/3 2131/6145/3
f 2125/5970/6 2126/5969/6 2131/4184/6 2132/4183/6
f 2136/6146/6 2135/6147/6 2134/6148/6 2133/6149/6
f 2130/6150/3 2129/6151/3 2133/5991/3 2134/6152/3
f 2131/6153/4 2130/6154/4 2134/6155/4 2135/6156/4
f 2132/5996/1 2131/5995/1 2135/6157/1 2136/6158/1
f 2137/989/5 2140/5320/5 2144/5321/5 2141/6159/5
f 2117/6160/6 2118/6161/6 2139/6162/6 2140/6163/6
f 2114/6164/6 2113/6165/6 2137/6166/6 2138/6167/6
f 2113/6168/6 2117/6143/6 2140/6169/6 2137/6170/6
f 2144/5516/6 2143/6171/6 2142/6172/6 2141/5158/6
f 2138/6173/3 2137/6174/3 2141/6175/3 2142/4417/3
f 2139/5522/4 2138/5521/4 2142/6176/4 2143/6177/4
f 2140/6178/1 2139/6179/1 2143/6180/1 2144/6181/1
f 2145/6182/7 2146/6183/7 2148/6184/7 2147/6185/7
f 2147/6186/2 2148/6187/2 2152/6188/2 2151/6189/2
f 2151/6190/8 2152/6191/8 2150/6192/8 2149/6193/8
f 2146/6194/6 2145/6195/6 2153/6196/6 2154/6197/6
f 2147/6198/9 2151/6199/9 2149/6200/9 2145/6201/9
f 2152/6202/10 2148/6203/10 2146/6204/10 2150/6205/10
f 2153/5551/25 2156/6206/25 2160/6207/25 2157/5552/25
f 2145/6208/1 2149/6209/1 2156/6210/1 2153/6211/1
f 2150/6212/1 2146/6213/1 2154/6214/1 2155/6215/1
f 2149/6216/6 2150/6217/6 2155/6218/6 2156/6219/6
f 2160/6220/6 2159/6221/6 2158/6222/6 2157/6223/6
f 2154/6224/8 2153/6225/8 2157/6226/8 2158/6227/8
f 2155/5390/9 2154/6228/9 2158/6229/9 2159/5391/9
f 2156/6230/7 2155/6231/7 2159/277/7 2160/6232/7
f 2161/6233/11 2162/6234/11 2164/6235/11 2163/6236/11
f 2163/6237/2 2164/6238/2 2168/6239/2 2167/6240/2
f 2167/6241/12 2168/6242/12 2166/6243/12 2165/6244/12
f 2162/6245/6 2161/6246/6 2169/6247/6 2170/6248/6
f 2163/6249/13 2167/6250/13 2165/6251/13 2161/6252/13
f 2168/6253/14 2164/5412/14 2162/5413/14 2166/6254/14
f 2169/5602/14 2172/6255/14 2176/6256/14 2173/5603/14
f 2161/6257/3 2165/6258/3 2172/6259/3 2169/6260/3
f 2166/6261/15 2162/6262/15 2170/6263/15 2171/6264/15
f 2165/6265/6 2166/6266/6 2171/6267/6 2172/6268/6
f 2176/6269/6 2175/6270/6 2174/6271/6 2173/6272/6
f 2170/6273/12 2169/6274/12 2173/6275/12 2174/6276/12
f 2171/6105/13 2170/6277/13 2174/6278/13 2175/6106/13
f 2172/6279/11 2171/6280/11 2175/6281/11 2176/6282/11
f 2177/6283/1 2178/6129/1 2180/6284/1 2179/6285/1
f 2179/6286/2 2180/6287/2 2184/6288/2 2183/6289/2
f 2183/5952/3 2184/5951/3 2182/6290/3 2181/6291/3
f 2182/6292/6 2178/6293/6 2202/6294/6 2203/6295/6
f 2179/73/4 2183/6296/4 2181/6297/4 2177/6298/4
f 2184/459/5 2180/458/5 2178/6124/5 2182/6123/5
f 2185/6299/1 2186/6300/1 2188/6301/1 2187/6302/1
f 2187/6303/2 2188/6304/2 2192/6305/2 2191/6306/2
f 2191/6307/3 2192/6308/3 2190/6309/3 2189/6310/3
f 2186/6311/6 2185/6312/6 2193/6132/6 2194/6131/6
f 2187/24/4 2191/23/4 2189/6134/4 2185/6133/4
f 2192/658/5 2188/657/5 2186/6313/5 2190/5958/5
f 2193/6314/5 2196/6315/5 2200/6316/5 2197/6317/5
f 2185/6318/3 2189/6319/3 2196/6320/3 2193/6321/3
f 2190/6322/2 2186/6323/2 2194/6324/2 2195/6325/2
f 2189/6312/6 2190/6311/6 2195/4581/6 2196/4580/6
f 2200/6326/6 2199/6327/6 2198/6328/6 2197/6329/6
f 2194/6330/3 2193/3841/3 2197/6331/3 2198/6332/3
f 2195/6333/4 2194/6334/4 2198/6335/4 2199/6336/4
f 2196/6337/1 2195/6338/1 2199/6339/1 2200/6340/1
f 2201/6341/5 2204/5500/5 2208/5501/5 2205/690/5
f 2181/6342/6 2182/6343/6 2203/6344/6 2204/6345/6
f 2178/6167/6 2177/6166/6 2201/6346/6 2202/6347/6
f 2177/6348/3 2181/6349/3 2204/6350/3 2201/6351/3
f 2208/6352/6 2207/6353/6 2206/6354/6 2205/6355/6
f 2202/6356/3 2201/6175/3 2205/6357/3 2206/6358/3
f 2203/6359/4 2202/6360/4 2206/6361/4 2207/6362/4
f 2204/6363/1 2203/6364/1 2207/6365/1 2208/6366/1
f 2209/6367/7 2210/6368/7 2212/6183/7 2211/6182/7
f 2211/6369/2 2212/6370/2 2216/6371/2 2215/6372/2
f 2215/6373/8 2216/6374/8 2214/4814/8 2213/4813/8
f 2210/6375/6 2209/6376/6 2217/6377/6 2218/6378/6
f 2211/6379/9 2215/6380/9 2213/6381/9 2209/6382/9
f 2216/6383/10 2212/6384/10 2210/6385/10 2214/6386/10
f 2217/6206/25 2220/6387/25 2224/6388/25 2221/6207/25
f 2209/6389/1 2213/6390/1 2220/6391/1 2217/6392/1
f 2214/6393/1 2210/6394/1 2218/6395/1 2219/6396/1
f 2213/6397/6 2214/6398/6 2219/6399/6 2220/6400/6
f 2224/6401/6 2223/6402/6 2222/6403/6 2221/6404/6
f 2218/6405/8 2217/6406/8 2221/6407/8 2222/6408/8
f 2219/5573/9 2218/6409/9 2222/6410/9 2223/5574/9
f 2220/6411/7 2219/6412/7 2223/6413/7 2224/6414/7
f 2225/6415/11 2226/6235/11 2228/6416/11 2227/5033/11
f 2227/6417/2 2228/6418/2 2232/6419/2 2231/6420/2
f 2231/6421/12 2232/6422/12 2230/6423/12 2229/6424/12
f 2226/6425/6 2225/6426/6 2233/6427/6 2234/6428/6
f 2227/6429/13 2231/6430/13 2229/6431/13 2225/6432/13
f 2232/5600/14 2228/791/14 2226/6433/14 2230/5601/14
f 2233/6255/14 2236/416/14 2240/419/14 2237/6256/14
f 2225/6434/3 2229/6435/3 2236/6436/3 2233/6437/3
f 2230/6438/1 2226/6439/1 2234/6440/1 2235/6441/1
f 2229/6442/6 2230/6443/6 2235/6444/6 2236/6445/6
f 2240/6446/6 2239/6447/6 2238/6448/6 2237/6449/6
f 2234/6450/12 2233/6451/12 2237/6452/12 2238/6453/12
f 2235/5623/13 2234/6454/13 2238/6455/13 2239/5624/13
f 2236/6456/11 2235/6457/11 2239/6458/11 2240/6459/11
f 2243/6460/3 2241/6460/3 2250/6460/3 2249/6460/3
f 2243/6461/2 2244/6462/2 2248/6463/2 2247/6464/2
f 2242/6465/5 2244/6465/5 2252/6465/5 2251/6465/5
f 2245/6466/6 2246/6467/6 2242/6468/6 2241/6469/6
f 2243/6470/1 2247/6471/1 2245/6472/1 2241/1720/1
f 2248/6473/3 2244/6474/3 2242/6475/3 2246/6476/3
f 2252/6477/6 2249/6478/6 2257/6479/6 2260/6480/6
f 2253/6481/1 2256/6482/1 2264/6483/1 2261/6484/1
f 2246/6485/4 2245/6486/4 2255/6487/4 2256/6488/4
f 2245/6460/3 2247/6460/3 2254/6460/3 2255/6460/3
f 2244/6489/5 2243/6490/5 2249/6491/5 2252/6492/5
f 2241/6493/5 2242/6494/5 2251/6495/5 2250/6496/5
f 2248/6465/4 2246/6465/4 2256/6465/4 2253/6465/4
f 2247/6497/4 2248/6498/4 2253/6490/4 2254/6489/4
f 2258/6499/5 2259/6500/5 2260/6501/5 2257/6502/5
f 2250/6503/2 2251/6504/2 2259/6505/2 2258/6506/2
f 2251/6507/1 2252/6508/1 2260/6509/1 2259/6510/1
f 2249/6511/3 2250/6512/3 2258/6513/3 2257/6514/3
f 2262/6515/4 2261/6516/4 2264/6517/4 2263/6518/4
f 2254/6519/6 2253/6520/6 2261/6521/6 2262/6522/6
f 2256/6523/2 2255/6524/2 2263/6525/2 2264/6526/2
f 2255/6527/3 2254/6528/3 2262/6529/3 2263/6530/3
f 2267/6531/3 2265/6531/3 2274/6531/3 2273/6531/3
f 2267/6532/2 2268/6533/2 2272/6534/2 2271/6535/2
f 2266/6536/5 2268/6537/5 2276/6538/5 2275/6539/5
f 2269/6540/6 2270/6541/6 2266/6542/6 2265/6543/6
f 2267/6544/1 2271/6545/1 2269/6546/1 2265/6547/1
f 2272/6474/3 2268/6548/3 2266/6549/3 2270/6475/3
f 2276/6550/6 2273/6551/6 2281/6506/6 2284/6552/6
f 2277/6512/1 2280/6553/1 2288/6554/1 2285/6555/1
f 2270/1160/4 2269/6556/4 2279/6557/4 2280/6558/4
f 2269/6531/3 2271/6531/3 2278/6531/3 2279/6531/3
f 2268/6537/5 2267/6559/5 2273/6560/5 2276/6538/5
f 2265/6561/5 2266/6536/5 2275/6539/5 2274/6562/5
f 2272/6563/4 2270/1160/4 2280/6558/4 2277/6564/4
f 2271/6565/4 2272/6563/4 2277/6564/4 2278/6566/4
f 2282/6567/5 2283/6568/5 2284/6569/5 2281/6570/5
f 2274/6571/2 2275/6572/2 2283/6573/2 2282/6574/2
f 2275/6575/1 2276/6576/1 2284/6577/1 2283/6578/1
f 2273/6579/3 2274/6580/3 2282/6581/3 2281/6582/3
f 2286/6583/4 2285/6584/4 2288/6585/4 2287/6586/4
f 2278/2018/6 2277/6523/6 2285/6587/6 2286/6588/6
f 2280/6589/2 2279/6590/2 2287/6591/2 2288/6592/2
f 2279/6593/3 2278/6594/3 2286/6595/3 2287/6596/3
f 2291/6531/3 2289/6531/3 2298/6531/3 2297/6531/3
f 2291/6597/2 2292/6598/2 2296/6599/2 2295/6600/2
f 2290/6601/5 2292/6602/5 2300/6603/5 2299/6604/5
f 2293/6605/6 2294/6606/6 2290/6607/6 2289/6608/6
f 2291/6609/1 2295/6610/1 2293/6611/1 2289/6612/1
f 2296/6613/3 2292/6546/3 2290/6545/3 2294/6614/3
f 2300/6615/6 2297/6616/6 2305/6574/6 2308/6617/6
f 2301/6618/1 2304/6619/1 2312/6620/1 2309/6621/1
f 2294/6622/4 2293/6623/4 2303/6624/4 2304/6625/4
f 2293/6531/3 2295/6531/3 2302/6531/3 2303/6531/3
f 2292/6602/5 2291/6626/5 2297/6627/5 2300/6603/5
f 2289/6628/5 2290/6601/5 2299/6604/5 2298/6629/5
f 2296/6630/4 2294/6622/4 2304/6625/4 2301/6631/4
f 2295/6632/4 2296/6630/4 2301/6631/4 2302/6633/4
f 2306/1647/5 2307/6634/5 2308/6635/5 2305/6636/5
f 2298/6637/2 2299/6615/2 2307/6638/2 2306/6639/2
f 2299/6640/1 2300/6641/1 2308/6578/1 2307/6577/1
f 2297/6642/3 2298/6643/3 2306/6644/3 2305/6645/3
f 2310/6646/4 2309/6647/4 2312/6648/4 2311/6649/4
f 2302/6650/6 2301/6651/6 2309/6652/6 2310/6653/6
f 2304/6654/2 2303/6655/2 2311/6656/2 2312/6657/2
f 2303/6658/3 2302/6659/3 2310/6660/3 2311/6661/3
f 2315/6662/3 2313/6662/3 2322/6662/3 2321/6662/3
f 2315/6663/2 2316/6664/2 2320/6665/2 2319/6666/2
f 2314/6531/3 2316/6531/3 2324/6531/3 2323/6531/3
f 2317/6667/6 2318/6668/6 2314/6669/6 2313/6670/6
f 2315/6671/1 2319/6672/1 2317/6673/1 2313/6674/1
f 2320/6675/3 2316/6676/3 2314/6677/3 2318/6678/3
f 2324/6679/6 2321/6680/6 2329/6639/6 2332/6681/6
f 2325/6619/1 2328/6618/1 2336/6682/1 2333/6683/1
f 2318/6684/4 2317/6495/4 2327/6685/4 2328/6686/4
f 2317/6531/3 2319/6531/3 2326/6531/3 2327/6531/3
f 2316/6687/5 2315/6688/5 2321/6689/5 2324/6690/5
f 2313/6691/5 2314/6692/5 2323/6693/5 2322/6694/5
f 2320/6662/3 2318/6662/3 2328/6662/3 2325/6662/3
f 2319/6695/4 2320/6696/4 2325/6688/4 2326/6687/4
f 2330/6697/5 2331/6698/5 2332/6699/5 2329/6700/5
f 2322/6701/2 2323/6702/2 2331/6703/2 2330/6704/2
f 2323/6705/1 2324/6706/1 2332/6707/1 2331/6708/1
f 2321/6645/3 2322/6644/3 2330/6709/3 2329/6710/3
f 2334/6711/4 2333/6712/4 2336/6713/4 2335/6699/4
f 2326/6714/6 2325/6715/6 2333/6716/6 2334/6717/6
f 2328/6718/2 2327/6719/2 2335/6717/2 2336/6716/2
f 2327/6720/3 2326/6721/3 2334/6722/3 2335/6723/3
f 2339/6662/3 2337/6662/3 2346/6662/3 2345/6662/3
f 2339/6670/2 2340/6724/2 2344/6725/2 2343/6726/2
f 2338/6727/5 2340/6728/5 2348/6729/5 2347/6730/5
f 2341/6731/6 2342/6732/6 2338/6733/6 2337/6734/6
f 2339/6735/1 2343/6736/1 2341/6737/1 2337/6738/1
f 2344/6739/3 2340/6740/3 2338/6741/3 2342/6742/3
f 2348/6743/6 2345/6744/6 2353/6745/6 2356/6746/6
f 2349/6747/1 2352/6748/1 2360/6749/1 2357/6750/1
f 2342/6751/4 2341/6728/4 2351/6752/4 2352/6753/4
f 2341/6662/3 2343/6662/3 2350/6662/3 2351/6662/3
f 2340/6728/5 2339/6754/5 2345/6755/5 2348/6729/5
f 2337/6756/5 2338/6727/5 2347/6730/5 2346/6757/5
f 2344/6758/4 2342/6751/4 2352/6753/4 2349/6759/4
f 2343/6760/4 2344/6758/4 2349/6759/4 2350/6761/4
f 2354/6762/5 2355/6763/5 2356/6764/5 2353/6765/5
f 2346/6766/2 2347/6767/2 2355/6768/2 2354/6769/2
f 2347/6770/1 2348/6771/1 2356/6772/1 2355/6773/1
f 2345/6774/3 2346/6775/3 2354/6776/3 2353/6777/3
f 2358/6778/4 2357/6779/4 2360/6780/4 2359/6781/4
f 2350/6719/6 2349/6782/6 2357/6783/6 2358/6784/6
f 2352/6785/2 2351/6786/2 2359/6784/2 2360/6783/2
f 2351/6787/3 2350/6720/3 2358/6528/3 2359/6788/3
f 2363/6662/3 2361/6662/3 2370/6662/3 2369/6662/3
f 2363/6789/2 2364/6790/2 2368/6791/2 2367/6792/2
f 2362/6662/5 2364/6662/5 2372/6662/5 2371/6662/5
f 2365/6793/6 2366/6794/6 2362/6795/6 2361/6499/6
f 2363/6796/1 2367/6797/1 2365/6798/1 2361/2213/1
f 2368/1906/3 2364/6799/3 2362/6800/3 2366/6801/3
f 2372/6802/6 2369/6803/6 2377/6804/6 2380/6805/6
f 2373/6806/1 2376/6807/1 2384/6808/1 2381/6809/1
f 2366/6694/4 2365/6810/4 2375/6811/4 2376/6812/4
f 2365/6662/3 2367/6662/3 2374/6662/3 2375/6662/3
f 2364/6813/5 2363/6814/5 2369/6815/5 2372/6816/5
f 2361/6817/5 2362/6818/5 2371/6819/5 2370/6820/5
f 2368/6662/4 2366/6662/4 2376/6662/4 2373/6662/4
f 2367/6821/4 2368/6485/4 2373/6814/4 2374/6822/4
f 2378/6823/5 2379/6824/5 2380/6825/5 2377/6826/5
f 2370/6827/2 2371/6828/2 2379/6829/2 2378/6830/2
f 2371/6831/1 2372/6832/1 2380/6833/1 2379/6834/1
f 2369/6835/3 2370/6836/3 2378/6837/3 2377/6838/3
f 2382/6839/4 2381/6840/4 2384/6841/4 2383/6842/4
f 2374/6843/6 2373/6844/6 2381/6845/6 2382/6846/6
f 2376/6847/2 2375/6848/2 2383/6849/2 2384/6850/2
f 2375/6851/3 2374/6852/3 2382/6853/3 2383/6658/3
f 2387/6662/3 2385/6662/3 2394/6662/3 2393/6662/3
f 2387/6854/2 2388/6855/2 2392/6856/2 2391/6857/2
f 2386/6858/5 2388/6859/5 2396/6860/5 2395/6861/5
f 2389/6857/6 2390/6862/6 2386/6863/6 2385/6864/6
f 2387/6865/1 2391/6866/1 2389/6867/1 2385/6868/1
f 2392/6869/3 2388/6870/3 2386/6871/3 2390/6872/3
f 2396/6873/6 2393/6874/6 2401/6875/6 2404/6876/6
f 2397/6877/1 2400/6878/1 2408/6807/1 2405/6806/1
f 2390/6879/4 2389/6880/4 2399/6881/4 2400/6882/4
f 2389/6662/3 2391/6662/3 2398/6662/3 2399/6662/3
f 2388/6859/5 2387/6883/5 2393/6884/5 2396/6860/5
f 2385/6885/5 2386/6858/5 2395/6861/5 2394/6886/5
f 2392/6887/4 2390/6879/4 2400/6882/4 2397/6888/4
f 2391/6889/4 2392/6887/4 2397/6888/4 2398/6890/4
f 2402/6891/5 2403/6892/5 2404/6893/5 2401/6894/5
f 2394/6895/2 2395/6896/2 2403/6897/2 2402/6898/2
f 2395/441/1 2396/6899/1 2404/6900/1 2403/6901/1
f 2393/6902/3 2394/6903/3 2402/6904/3 2401/6905/3
f 2406/6906/4 2405/6907/4 2408/6908/4 2407/6909/4
f 2398/6786/6 2397/6910/6 2405/6911/6 2406/6912/6
f 2400/6913/2 2399/6914/2 2407/6912/2 2408/6911/2
f 2399/6915/3 2398/6916/3 2406/6852/3 2407/6851/3
f 2411/6531/3 2409/6531/3 2418/6531/3 2417/6531/3
f 2411/6917/2 2412/6918/2 2416/6919/2 2415/6920/2
f 2410/6921/5 2412/6922/5 2420/6923/5 2419/6924/5
f 2413/6920/6 2414/6925/6 2410/6790/6 2409/6926/6
f 2411/6927/1 2415/6928/1 2413/6929/1 2409/6930/1
f 2416/6931/3 2412/6932/3 2410/6933/3 2414/6934/3
f 2420/6935/6 2417/6936/6 2425/6898/6 2428/6937/6
f 2421/6938/1 2424/6747/1 2432/6809/1 2429/6808/1
f 2414/6939/4 2413/6940/4 2423/6941/4 2424/6942/4
f 2413/6531/3 2415/6531/3 2422/6531/3 2423/6531/3
f 2412/6922/5 2411/6943/5 2417/6944/5 2420/6923/5
f 2409/6945/5 2410/6921/5 2419/6924/5 2418/6946/5
f 2416/6947/4 2414/6939/4 2424/6942/4 2421/6948/4
f 2415/6949/4 2416/6947/4 2421/6948/4 2422/6950/4
f 2426/6951/5 2427/6952/5 2428/6953/5 2425/6954/5
f 2418/6936/2 2419/6955/2 2427/6956/2 2426/6957/2
f 2419/6958/1 2420/6959/1 2428/6960/1 2427/6961/1
f 2417/6838/3 2418/6837/3 2426/6903/3 2425/6902/3
f 2430/6962/4 2429/6963/4 2432/6954/4 2431/6964/4
f 2422/6965/6 2421/6966/6 2429/6967/6 2430/6968/6
f 2424/6969/2 2423/6843/2 2431/6970/2 2432/6967/2
f 2423/6971/3 2422/6972/3 2430/6973/3 2431/6974/3
