# Blender 4.3.1
# www.blender.org
mtllib word.mtl
o Text.003
v 0.300256 0.050758 -2.284076
v 0.300256 0.040367 -2.266472
v 0.300256 0.030880 -2.248451
v 0.300256 0.022296 -2.230012
v 0.300256 0.014616 -2.211157
v 0.300256 0.007839 -2.191884
v 0.300256 0.001966 -2.172195
v 0.300256 -0.003003 -2.152089
v 0.300256 -0.007069 -2.131565
v 0.300256 -0.010232 -2.110625
v 0.300256 -0.012490 -2.089267
v 0.300256 -0.013846 -2.067493
v 0.300256 -0.014297 -2.045301
v 0.300256 -0.013846 -2.023109
v 0.300256 -0.012490 -2.001335
v 0.300256 -0.010232 -1.979977
v 0.300256 -0.007069 -1.959037
v 0.300256 -0.003003 -1.938513
v 0.300256 0.001966 -1.918407
v 0.300256 0.007839 -1.898718
v 0.300256 0.014616 -1.879445
v 0.300256 0.022296 -1.860590
v 0.300256 0.030880 -1.842152
v 0.300256 0.040367 -1.824130
v 0.300256 0.050758 -1.806526
v 0.300256 0.061983 -1.789438
v 0.300256 0.073972 -1.772965
v 0.300256 0.086726 -1.757108
v 0.300256 0.100245 -1.741867
v 0.300256 0.114528 -1.727242
v 0.300256 0.129575 -1.713232
v 0.300256 0.145387 -1.699837
v 0.300256 0.161964 -1.687059
v 0.300256 0.179305 -1.674895
v 0.300256 0.197411 -1.663348
v 0.300256 0.216281 -1.652416
v 0.300256 0.235916 -1.642100
v 0.300256 0.256231 -1.632508
v 0.300256 0.277142 -1.623751
v 0.300256 0.298648 -1.615827
v 0.300256 0.320750 -1.608738
v 0.300256 0.343448 -1.602483
v 0.300256 0.366742 -1.597062
v 0.300256 0.390631 -1.592474
v 0.300256 0.415116 -1.588721
v 0.300256 0.440197 -1.585802
v 0.300256 0.465874 -1.583717
v 0.300256 0.492146 -1.582466
v 0.300256 0.519014 -1.582049
v 0.300256 0.546334 -1.582466
v 0.300256 0.573009 -1.583717
v 0.300256 0.599038 -1.585802
v 0.300256 0.624422 -1.588721
v 0.300256 0.649160 -1.592474
v 0.300256 0.673253 -1.597062
v 0.300256 0.696701 -1.602483
v 0.300256 0.719503 -1.608738
v 0.300256 0.741660 -1.615827
v 0.300256 0.763171 -1.623751
v 0.300256 0.784037 -1.632508
v 0.300256 0.804258 -1.642100
v 0.300256 0.823778 -1.652416
v 0.300256 0.842544 -1.663348
v 0.300256 0.860556 -1.674896
v 0.300256 0.877813 -1.687059
v 0.300256 0.894315 -1.699838
v 0.300256 0.910062 -1.713232
v 0.300256 0.925055 -1.727242
v 0.300256 0.939294 -1.741868
v 0.300256 0.952777 -1.757109
v 0.300256 0.965506 -1.772965
v 0.300256 0.977481 -1.789438
v 0.300256 0.988701 -1.806526
v 0.300256 0.999092 -1.824130
v 0.300256 1.008579 -1.842151
v 0.300256 1.017163 -1.860590
v 0.300256 1.024843 -1.879445
v 0.300256 1.031619 -1.898717
v 0.300256 1.037492 -1.918407
v 0.300256 1.042462 -1.938513
v 0.300256 1.046528 -1.959036
v 0.300256 1.049690 -1.979977
v 0.300256 1.051949 -2.001334
v 0.300256 1.053304 -2.023109
v 0.300256 1.053756 -2.045301
v 0.300256 1.053305 -2.067492
v 0.300256 1.051949 -2.089267
v 0.300256 1.049690 -2.110624
v 0.300256 1.046528 -2.131565
v 0.300256 1.042462 -2.152088
v 0.300256 1.037493 -2.172195
v 0.300256 1.031620 -2.191884
v 0.300256 1.024843 -2.211157
v 0.300256 1.017163 -2.230012
v 0.300256 1.008579 -2.248450
v 0.300256 0.999092 -2.266471
v 0.300256 0.988701 -2.284076
v 0.300256 0.977481 -2.301159
v 0.300256 0.965506 -2.317616
v 0.300256 0.952777 -2.333448
v 0.300256 0.939294 -2.348655
v 0.300256 0.925055 -2.363235
v 0.300256 0.910062 -2.377191
v 0.300256 0.894315 -2.390521
v 0.300256 0.877813 -2.403225
v 0.300256 0.860556 -2.415303
v 0.300256 0.842544 -2.426757
v 0.300256 0.823779 -2.437584
v 0.300256 0.804258 -2.447787
v 0.300256 0.784037 -2.457264
v 0.300256 0.763171 -2.465918
v 0.300256 0.741660 -2.473747
v 0.300256 0.719503 -2.480752
v 0.300256 0.696701 -2.486933
v 0.300256 0.673253 -2.492290
v 0.300256 0.649160 -2.496822
v 0.300256 0.624422 -2.500530
v 0.300256 0.599038 -2.503415
v 0.300256 0.573009 -2.505475
v 0.300256 0.546335 -2.506711
v 0.300256 0.519015 -2.507123
v 0.300256 0.492146 -2.506711
v 0.300256 0.465874 -2.505475
v 0.300256 0.440197 -2.503415
v 0.300256 0.415116 -2.500530
v 0.300256 0.390631 -2.496822
v 0.300256 0.366742 -2.492290
v 0.300256 0.343448 -2.486933
v 0.300256 0.320750 -2.480752
v 0.300256 0.298648 -2.473747
v 0.300256 0.277142 -2.465918
v 0.300256 0.256231 -2.457264
v 0.300256 0.235916 -2.447787
v 0.300256 0.216281 -2.437585
v 0.300256 0.197411 -2.426757
v 0.300256 0.179305 -2.415304
v 0.300256 0.161964 -2.403225
v 0.300256 0.145387 -2.390521
v 0.300256 0.129575 -2.377192
v 0.300256 0.114528 -2.363236
v 0.300256 0.100245 -2.348655
v 0.300256 0.086726 -2.333449
v 0.300256 0.073972 -2.317617
v 0.300256 0.061983 -2.301160
v 0.300256 0.155848 -1.875156
v 0.300256 0.148311 -1.887915
v 0.300256 0.141431 -1.900932
v 0.300256 0.135205 -1.914207
v 0.300256 0.129635 -1.927740
v 0.300256 0.124720 -1.941532
v 0.300256 0.120460 -1.955582
v 0.300256 0.116856 -1.969890
v 0.300256 0.113907 -1.984455
v 0.300256 0.111613 -1.999279
v 0.300256 0.109975 -2.014362
v 0.300256 0.108992 -2.029702
v 0.300256 0.108665 -2.045301
v 0.300256 0.108992 -2.060671
v 0.300256 0.109975 -2.075803
v 0.300256 0.111613 -2.090697
v 0.300256 0.113907 -2.105352
v 0.300256 0.116856 -2.119770
v 0.300256 0.120460 -2.133949
v 0.300256 0.124720 -2.147889
v 0.300256 0.129635 -2.161591
v 0.300256 0.135205 -2.175055
v 0.300256 0.141431 -2.188280
v 0.300256 0.148311 -2.201267
v 0.300256 0.155848 -2.214016
v 0.300256 0.164024 -2.226428
v 0.300256 0.172826 -2.238402
v 0.300256 0.182254 -2.249940
v 0.300256 0.192307 -2.261040
v 0.300256 0.202986 -2.271704
v 0.300256 0.214290 -2.281931
v 0.300256 0.226220 -2.291722
v 0.300256 0.238776 -2.301075
v 0.300256 0.251956 -2.309991
v 0.300256 0.265763 -2.318471
v 0.300256 0.280195 -2.326513
v 0.300256 0.295252 -2.334119
v 0.300256 0.310896 -2.341198
v 0.300256 0.327085 -2.347662
v 0.300256 0.343820 -2.353511
v 0.300256 0.361102 -2.358743
v 0.300256 0.378930 -2.363360
v 0.300256 0.397304 -2.367362
v 0.300256 0.416223 -2.370747
v 0.300256 0.435690 -2.373517
v 0.300256 0.455702 -2.375672
v 0.300256 0.476260 -2.377211
v 0.300256 0.497364 -2.378135
v 0.300256 0.519014 -2.378442
v 0.300256 0.541122 -2.378134
v 0.300256 0.562643 -2.377211
v 0.300256 0.583578 -2.375672
v 0.300256 0.603928 -2.373517
v 0.300256 0.623692 -2.370747
v 0.300256 0.642870 -2.367361
v 0.300256 0.661462 -2.363360
v 0.300256 0.679469 -2.358743
v 0.300256 0.696889 -2.353510
v 0.300256 0.713724 -2.347662
v 0.300256 0.729973 -2.341198
v 0.300256 0.745636 -2.334119
v 0.300256 0.760694 -2.326513
v 0.300256 0.775126 -2.318470
v 0.300256 0.788932 -2.309991
v 0.300256 0.802113 -2.301075
v 0.300256 0.814669 -2.291721
v 0.300256 0.826598 -2.281931
v 0.300256 0.837903 -2.271704
v 0.300256 0.848581 -2.261040
v 0.300256 0.858635 -2.249939
v 0.300256 0.868062 -2.238402
v 0.300256 0.876865 -2.226427
v 0.300256 0.885041 -2.214016
v 0.300256 0.892577 -2.201267
v 0.300256 0.899458 -2.188280
v 0.300256 0.905684 -2.175055
v 0.300256 0.911254 -2.161591
v 0.300256 0.916169 -2.147889
v 0.300256 0.920428 -2.133949
v 0.300256 0.924033 -2.119770
v 0.300256 0.926982 -2.105352
v 0.300256 0.929275 -2.090697
v 0.300256 0.930913 -2.075803
v 0.300256 0.931896 -2.060671
v 0.300256 0.932224 -2.045301
v 0.300256 0.931891 -2.029702
v 0.300256 0.930894 -2.014362
v 0.300256 0.929231 -1.999279
v 0.300256 0.926902 -1.984455
v 0.300256 0.923909 -1.969889
v 0.300256 0.920250 -1.955582
v 0.300256 0.915926 -1.941532
v 0.300256 0.910936 -1.927740
v 0.300256 0.905282 -1.914207
v 0.300256 0.898962 -1.900932
v 0.300256 0.891977 -1.887914
v 0.300256 0.884326 -1.875156
v 0.300256 0.876040 -1.862744
v 0.300256 0.867149 -1.850770
v 0.300256 0.857652 -1.839232
v 0.300256 0.847549 -1.828131
v 0.300256 0.836840 -1.817467
v 0.300256 0.825526 -1.807240
v 0.300256 0.813606 -1.797450
v 0.300256 0.801081 -1.788097
v 0.300256 0.787950 -1.779181
v 0.300256 0.774213 -1.770701
v 0.300256 0.759870 -1.762659
v 0.300256 0.744922 -1.755053
v 0.300256 0.729373 -1.747974
v 0.300256 0.713228 -1.741510
v 0.300256 0.696487 -1.735661
v 0.300256 0.679151 -1.730429
v 0.300256 0.661219 -1.725812
v 0.300256 0.642691 -1.721810
v 0.300256 0.623568 -1.718425
v 0.300256 0.603849 -1.715655
v 0.300256 0.583534 -1.713500
v 0.300256 0.562623 -1.711961
v 0.300256 0.541117 -1.711037
v 0.300256 0.519014 -1.710730
v 0.300256 0.497364 -1.711038
v 0.300256 0.476260 -1.711961
v 0.300256 0.455702 -1.713500
v 0.300256 0.435689 -1.715655
v 0.300256 0.416223 -1.718425
v 0.300256 0.397304 -1.721811
v 0.300256 0.378930 -1.725812
v 0.300256 0.361102 -1.730429
v 0.300256 0.343820 -1.735662
v 0.300256 0.327085 -1.741510
v 0.300256 0.310896 -1.747974
v 0.300256 0.295252 -1.755053
v 0.300256 0.280195 -1.762659
v 0.300256 0.265763 -1.770702
v 0.300256 0.251956 -1.779181
v 0.300256 0.238775 -1.788098
v 0.300256 0.226220 -1.797451
v 0.300256 0.214290 -1.807241
v 0.300256 0.202986 -1.817468
v 0.300256 0.192307 -1.828132
v 0.300256 0.182254 -1.839233
v 0.300256 0.172826 -1.850770
v 0.300256 0.164024 -1.862745
v 0.300256 0.923645 -0.975817
v 0.300256 0.923645 -0.646965
v 0.300256 1.040888 -0.646965
v 0.300256 1.040888 -1.434780
v 0.300256 0.923645 -1.434780
v 0.300256 0.923645 -1.107358
v 0.300256 0.000000 -1.107358
v 0.300256 0.000000 -0.975817
v 0.300256 0.009294 -0.236615
v 0.300256 0.005526 -0.224869
v 0.300256 0.002085 -0.212984
v 0.300256 -0.001027 -0.200960
v 0.300256 -0.003813 -0.188797
v 0.300256 -0.006270 -0.176495
v 0.300256 -0.008400 -0.164053
v 0.300256 -0.010202 -0.151473
v 0.300256 -0.011676 -0.138754
v 0.300256 -0.012823 -0.125896
v 0.300256 -0.013642 -0.112899
v 0.300256 -0.014134 -0.099762
v 0.300256 -0.014298 -0.086487
v 0.300256 -0.013846 -0.064296
v 0.300256 -0.012491 -0.042521
v 0.300256 -0.010232 -0.021164
v 0.300256 -0.007069 -0.000223
v 0.300256 -0.003003 0.020300
v 0.300256 0.001966 0.040407
v 0.300256 0.007839 0.060096
v 0.300256 0.014616 0.079368
v 0.300256 0.022296 0.098224
v 0.300256 0.030880 0.116662
v 0.300256 0.040367 0.134683
v 0.300256 0.050758 0.152288
v 0.300256 0.061983 0.169376
v 0.300256 0.073972 0.185848
v 0.300256 0.086726 0.201705
v 0.300256 0.100244 0.216946
v 0.300256 0.114527 0.231572
v 0.300256 0.129575 0.245582
v 0.300256 0.145387 0.258976
v 0.300256 0.161964 0.271755
v 0.300256 0.179305 0.283918
v 0.300256 0.197411 0.295465
v 0.300256 0.216281 0.306397
v 0.300256 0.235916 0.316714
v 0.300256 0.256231 0.326305
v 0.300256 0.277141 0.335063
v 0.300256 0.298648 0.342986
v 0.300256 0.320750 0.350076
v 0.300256 0.343448 0.356331
v 0.300256 0.366742 0.361752
v 0.300256 0.390631 0.366340
v 0.300256 0.415116 0.370093
v 0.300256 0.440197 0.373012
v 0.300256 0.465874 0.375097
v 0.300256 0.492146 0.376348
v 0.300256 0.519014 0.376765
v 0.300256 0.546334 0.376348
v 0.300256 0.573009 0.375097
v 0.300256 0.599038 0.373012
v 0.300256 0.624422 0.370093
v 0.300256 0.649160 0.366339
v 0.300256 0.673253 0.361752
v 0.300256 0.696701 0.356331
v 0.300256 0.719503 0.350076
v 0.300256 0.741660 0.342986
v 0.300256 0.763171 0.335063
v 0.300256 0.784037 0.326305
v 0.300256 0.804258 0.316714
v 0.300256 0.823778 0.306397
v 0.300256 0.842544 0.295465
v 0.300256 0.860556 0.283918
v 0.300256 0.877812 0.271755
v 0.300256 0.894315 0.258976
v 0.300256 0.910062 0.245582
v 0.300256 0.925055 0.231572
v 0.300256 0.939293 0.216946
v 0.300256 0.952777 0.201705
v 0.300256 0.965506 0.185848
v 0.300256 0.977481 0.169376
v 0.300256 0.988701 0.152288
v 0.300256 0.999091 0.134683
v 0.300256 1.008579 0.116662
v 0.300256 1.017162 0.098224
v 0.300256 1.024843 0.079369
v 0.300256 1.031619 0.060096
v 0.300256 1.037492 0.040407
v 0.300256 1.042462 0.020300
v 0.300256 1.046528 -0.000223
v 0.300256 1.049690 -0.021163
v 0.300256 1.051949 -0.042521
v 0.300256 1.053304 -0.064295
v 0.300256 1.053756 -0.086487
v 0.300256 1.053597 -0.099762
v 0.300256 1.053121 -0.112899
v 0.300256 1.052326 -0.125896
v 0.300256 1.051214 -0.138754
v 0.300256 1.049785 -0.151473
v 0.300256 1.048037 -0.164053
v 0.300256 1.045972 -0.176495
v 0.300256 1.043589 -0.188797
v 0.300256 1.040888 -0.200960
v 0.300256 1.037870 -0.212984
v 0.300256 1.034534 -0.224869
v 0.300256 1.030879 -0.236615
v 0.300256 1.026918 -0.248192
v 0.300256 1.022658 -0.259571
v 0.300256 1.018101 -0.270751
v 0.300256 1.013245 -0.281733
v 0.300256 1.008092 -0.292516
v 0.300256 1.002641 -0.303101
v 0.300256 0.996892 -0.313487
v 0.300256 0.990845 -0.323674
v 0.300256 0.984501 -0.333662
v 0.300256 0.977858 -0.343452
v 0.300256 0.970918 -0.353044
v 0.300256 0.963679 -0.362437
v 0.300256 0.956158 -0.371606
v 0.300256 0.948369 -0.380528
v 0.300256 0.940311 -0.389201
v 0.300256 0.931986 -0.397626
v 0.300256 0.923392 -0.405802
v 0.300256 0.914530 -0.413731
v 0.300256 0.905400 -0.421411
v 0.300256 0.896003 -0.428843
v 0.300256 0.886337 -0.436027
v 0.300256 0.876402 -0.442962
v 0.300256 0.866200 -0.449649
v 0.300256 0.855730 -0.456088
v 0.300256 0.845012 -0.462229
v 0.300256 0.834065 -0.468023
v 0.300256 0.822890 -0.473469
v 0.300256 0.811486 -0.478568
v 0.300256 0.799854 -0.483319
v 0.300256 0.787994 -0.487722
v 0.300256 0.775905 -0.491778
v 0.300256 0.763588 -0.495487
v 0.300256 0.751043 -0.498848
v 0.300256 0.738269 -0.501861
v 0.300256 0.725267 -0.504528
v 0.300256 0.712036 -0.506846
v 0.300256 0.712036 -0.375305
v 0.300256 0.720997 -0.373289
v 0.300256 0.729770 -0.371055
v 0.300256 0.738353 -0.368603
v 0.300256 0.746748 -0.365932
v 0.300256 0.754955 -0.363043
v 0.300256 0.762973 -0.359935
v 0.300256 0.770802 -0.356608
v 0.300256 0.778442 -0.353064
v 0.300256 0.785894 -0.349301
v 0.300256 0.793157 -0.345319
v 0.300256 0.800232 -0.341119
v 0.300256 0.807117 -0.336701
v 0.300256 0.813819 -0.332093
v 0.300256 0.820343 -0.327327
v 0.300256 0.826688 -0.322403
v 0.300256 0.832853 -0.317319
v 0.300256 0.838841 -0.312076
v 0.300256 0.844649 -0.306675
v 0.300256 0.850279 -0.301115
v 0.300256 0.855730 -0.295396
v 0.300256 0.861002 -0.289518
v 0.300256 0.866096 -0.283481
v 0.300256 0.871011 -0.277285
v 0.300256 0.875747 -0.270930
v 0.300256 0.880300 -0.264437
v 0.300256 0.884664 -0.257824
v 0.300256 0.888839 -0.251092
v 0.300256 0.892825 -0.244241
v 0.300256 0.896623 -0.237271
v 0.300256 0.900232 -0.230181
v 0.300256 0.903653 -0.222973
v 0.300256 0.906885 -0.215645
v 0.300256 0.909928 -0.208198
v 0.300256 0.912783 -0.200632
v 0.300256 0.915449 -0.192947
v 0.300256 0.917926 -0.185143
v 0.300256 0.920210 -0.177249
v 0.300256 0.922295 -0.169296
v 0.300256 0.924181 -0.161283
v 0.300256 0.925869 -0.153211
v 0.300256 0.927359 -0.145079
v 0.300256 0.928649 -0.136887
v 0.300256 0.929742 -0.128636
v 0.300256 0.930635 -0.120325
v 0.300256 0.931330 -0.111955
v 0.300256 0.931827 -0.103525
v 0.300256 0.932125 -0.095036
v 0.300256 0.932224 -0.086487
v 0.300256 0.931886 -0.070660
v 0.300256 0.930874 -0.055111
v 0.300256 0.929186 -0.039840
v 0.300256 0.926823 -0.024847
v 0.300256 0.923784 -0.010132
v 0.300256 0.920071 0.004305
v 0.300256 0.915682 0.018463
v 0.300256 0.910618 0.032344
v 0.300256 0.904879 0.045947
v 0.300256 0.898465 0.059272
v 0.300256 0.891376 0.072319
v 0.300256 0.883611 0.085088
v 0.300256 0.875211 0.097494
v 0.300256 0.866215 0.109454
v 0.300256 0.856624 0.120966
v 0.300256 0.846436 0.132032
v 0.300256 0.835653 0.142652
v 0.300256 0.824275 0.152824
v 0.300256 0.812300 0.162549
v 0.300256 0.799730 0.171828
v 0.300256 0.786564 0.180660
v 0.300256 0.772802 0.189045
v 0.300256 0.758445 0.196984
v 0.300256 0.743492 0.204475
v 0.300256 0.727952 0.211440
v 0.300256 0.711838 0.217800
v 0.300256 0.695147 0.223554
v 0.300256 0.677880 0.228702
v 0.300256 0.660037 0.233245
v 0.300256 0.641619 0.237182
v 0.300256 0.622625 0.240513
v 0.300256 0.603054 0.243238
v 0.300256 0.582908 0.245358
v 0.300256 0.562186 0.246872
v 0.300256 0.540888 0.247781
v 0.300256 0.519014 0.248084
v 0.300256 0.497369 0.247776
v 0.300256 0.476279 0.246853
v 0.300256 0.455746 0.245314
v 0.300256 0.435769 0.243159
v 0.300256 0.416347 0.240389
v 0.300256 0.397482 0.237003
v 0.300256 0.379173 0.233002
v 0.300256 0.361420 0.228385
v 0.300256 0.344222 0.223152
v 0.300256 0.327581 0.217304
v 0.300256 0.311496 0.210840
v 0.300256 0.295967 0.203760
v 0.300256 0.281019 0.196155
v 0.300256 0.266676 0.188112
v 0.300256 0.252939 0.179632
v 0.300256 0.239808 0.170716
v 0.300256 0.227282 0.161363
v 0.300256 0.215362 0.151573
v 0.300256 0.204048 0.141346
v 0.300256 0.193340 0.130682
v 0.300256 0.183237 0.119581
v 0.300256 0.173740 0.108044
v 0.300256 0.164848 0.096069
v 0.300256 0.156562 0.083658
v 0.300256 0.148912 0.070899
v 0.300256 0.141927 0.057882
v 0.300256 0.135607 0.044607
v 0.300256 0.129952 0.031073
v 0.300256 0.124963 0.017282
v 0.300256 0.120639 0.003232
v 0.300256 0.116980 -0.011076
v 0.300256 0.113986 -0.025642
v 0.300256 0.111658 -0.040466
v 0.300256 0.109995 -0.055548
v 0.300256 0.108997 -0.070889
v 0.300256 0.108664 -0.086487
v 0.300256 0.108764 -0.095036
v 0.300256 0.109062 -0.103526
v 0.300256 0.109558 -0.111955
v 0.300256 0.110253 -0.120326
v 0.300256 0.111147 -0.128636
v 0.300256 0.112239 -0.136887
v 0.300256 0.113530 -0.145079
v 0.300256 0.115019 -0.153211
v 0.300256 0.116707 -0.161283
v 0.300256 0.118593 -0.169296
v 0.300256 0.120679 -0.177249
v 0.300256 0.122962 -0.185143
v 0.300256 0.125440 -0.192947
v 0.300256 0.128106 -0.200632
v 0.300256 0.130960 -0.208198
v 0.300256 0.134003 -0.215645
v 0.300256 0.137235 -0.222973
v 0.300256 0.140656 -0.230182
v 0.300256 0.144265 -0.237271
v 0.300256 0.148063 -0.244241
v 0.300256 0.152050 -0.251092
v 0.300256 0.156225 -0.257824
v 0.300256 0.160589 -0.264437
v 0.300256 0.165141 -0.270930
v 0.300256 0.169877 -0.277285
v 0.300256 0.174792 -0.283480
v 0.300256 0.179886 -0.289517
v 0.300256 0.185158 -0.295395
v 0.300256 0.190609 -0.301114
v 0.300256 0.196239 -0.306674
v 0.300256 0.202048 -0.312076
v 0.300256 0.208035 -0.317318
v 0.300256 0.214201 -0.322402
v 0.300256 0.220546 -0.327327
v 0.300256 0.227069 -0.332093
v 0.300256 0.233771 -0.336701
v 0.300256 0.240647 -0.341119
v 0.300256 0.247692 -0.345319
v 0.300256 0.254905 -0.349301
v 0.300256 0.262287 -0.353064
v 0.300256 0.269839 -0.356608
v 0.300256 0.277558 -0.359935
v 0.300256 0.285447 -0.363043
v 0.300256 0.293505 -0.365932
v 0.300256 0.301731 -0.368603
v 0.300256 0.310126 -0.371055
v 0.300256 0.318690 -0.373289
v 0.300256 0.327422 -0.375305
v 0.300256 0.327422 -0.506846
v 0.300256 0.314420 -0.504532
v 0.300256 0.301627 -0.501881
v 0.300256 0.289041 -0.498893
v 0.300256 0.276665 -0.495566
v 0.300256 0.264497 -0.491902
v 0.300256 0.252537 -0.487901
v 0.300256 0.240786 -0.483562
v 0.300256 0.229243 -0.478885
v 0.300256 0.217909 -0.473871
v 0.300256 0.206784 -0.468519
v 0.300256 0.195867 -0.462830
v 0.300256 0.185158 -0.456803
v 0.300256 0.174688 -0.450474
v 0.300256 0.164486 -0.443876
v 0.300256 0.154552 -0.437010
v 0.300256 0.144886 -0.429876
v 0.300256 0.135488 -0.422474
v 0.300256 0.126358 -0.414803
v 0.300256 0.117496 -0.406865
v 0.300256 0.108903 -0.398658
v 0.300256 0.100577 -0.390184
v 0.300256 0.092520 -0.381442
v 0.300256 0.084730 -0.372431
v 0.300256 0.077209 -0.363152
v 0.300256 0.069966 -0.353645
v 0.300256 0.063010 -0.343949
v 0.300256 0.056343 -0.334064
v 0.300256 0.049964 -0.323992
v 0.300256 0.043872 -0.313730
v 0.300256 0.038068 -0.303280
v 0.300256 0.032553 -0.292640
v 0.300256 0.027325 -0.281813
v 0.300256 0.022385 -0.270796
v 0.300256 0.017734 -0.259591
v 0.300256 0.013370 -0.248198
v 0.300256 0.000000 0.546910
v 0.300256 0.000000 1.191746
v 0.300256 1.040888 1.191746
v 0.300256 1.040888 0.552629
v 0.300256 0.923645 0.552629
v 0.300256 0.923645 1.060205
v 0.300256 0.584785 1.060205
v 0.300256 0.584785 0.588374
v 0.300256 0.467542 0.588374
v 0.300256 0.467542 1.060205
v 0.300256 0.117243 1.060205
v 0.300256 0.117243 0.546910
v 0.300256 0.000000 2.349876
v 0.300256 0.000000 2.475698
v 0.300256 1.040888 2.475698
v 0.300256 1.040888 2.288395
v 0.300256 0.383184 2.032463
v 0.300256 0.379063 2.030785
v 0.300256 0.374804 2.029087
v 0.300256 0.370405 2.027369
v 0.300256 0.365868 2.025632
v 0.300256 0.361191 2.023874
v 0.300256 0.356375 2.022097
v 0.300256 0.351421 2.020300
v 0.300256 0.346327 2.018483
v 0.300256 0.341095 2.016646
v 0.300256 0.335723 2.014789
v 0.300256 0.330212 2.012912
v 0.300256 0.324563 2.011016
v 0.300256 0.318804 2.009100
v 0.300256 0.312965 2.007164
v 0.300256 0.307048 2.005208
v 0.300256 0.301050 2.003232
v 0.300256 0.294974 2.001236
v 0.300256 0.288818 1.999220
v 0.300256 0.282582 1.997185
v 0.300256 0.276267 1.995130
v 0.300256 0.269873 1.993054
v 0.300256 0.263399 1.990959
v 0.300256 0.256846 1.988844
v 0.300256 0.250213 1.986710
v 0.300256 0.243546 1.984570
v 0.300256 0.236889 1.982440
v 0.300256 0.230241 1.980320
v 0.300256 0.223603 1.978210
v 0.300256 0.216976 1.976110
v 0.300256 0.210358 1.974020
v 0.300256 0.203750 1.971940
v 0.300256 0.197152 1.969870
v 0.300256 0.190564 1.967810
v 0.300256 0.183986 1.965759
v 0.300256 0.177418 1.963719
v 0.300256 0.170860 1.961688
v 0.300256 0.164361 1.959687
v 0.300256 0.157972 1.957736
v 0.300256 0.151692 1.955835
v 0.300256 0.145521 1.953983
v 0.300256 0.139459 1.952181
v 0.300256 0.133507 1.950429
v 0.300256 0.127664 1.948726
v 0.300256 0.121929 1.947073
v 0.300256 0.116305 1.945469
v 0.300256 0.110789 1.943915
v 0.300256 0.105383 1.942411
v 0.300256 0.100085 1.940956
v 0.300256 0.100085 1.970982
v 0.300256 0.105149 1.969299
v 0.300256 0.110332 1.967586
v 0.300256 0.115634 1.965843
v 0.300256 0.121056 1.964071
v 0.300256 0.126596 1.962269
v 0.300256 0.132256 1.960437
v 0.300256 0.138034 1.958575
v 0.300256 0.143932 1.956684
v 0.300256 0.149949 1.954763
v 0.300256 0.156086 1.952811
v 0.300256 0.162341 1.950831
v 0.300256 0.168715 1.948820
v 0.300256 0.175164 1.946790
v 0.300256 0.181643 1.944749
v 0.300256 0.188152 1.942699
v 0.300256 0.194690 1.940639
v 0.300256 0.201258 1.938568
v 0.300256 0.207856 1.936488
v 0.300256 0.214484 1.934398
v 0.300256 0.221141 1.932298
v 0.300256 0.227828 1.930188
v 0.300256 0.234545 1.928068
v 0.300256 0.241292 1.925938
v 0.300256 0.248069 1.923799
v 0.300256 0.254821 1.921659
v 0.300256 0.261493 1.919529
v 0.300256 0.268086 1.917409
v 0.300256 0.274599 1.915299
v 0.300256 0.281033 1.913199
v 0.300256 0.287388 1.911109
v 0.300256 0.293663 1.909029
v 0.300256 0.299859 1.906959
v 0.300256 0.305975 1.904899
v 0.300256 0.312012 1.902848
v 0.300256 0.317970 1.900808
v 0.300256 0.323848 1.898777
v 0.300256 0.329612 1.896777
v 0.300256 0.335226 1.894826
v 0.300256 0.340692 1.892924
v 0.300256 0.346009 1.891072
v 0.300256 0.351178 1.889270
v 0.300256 0.356197 1.887518
v 0.300256 0.361067 1.885815
v 0.300256 0.365788 1.884162
v 0.300256 0.370361 1.882558
v 0.300256 0.374784 1.881004
v 0.300256 0.379058 1.879500
v 0.300256 0.383184 1.878046
v 0.300256 1.040888 1.624973
v 0.300256 1.040888 1.437670
v 0.300256 0.000000 1.437670
v 0.300256 0.000000 1.567781
v 0.300256 0.594793 1.567781
v 0.300256 0.600329 1.567776
v 0.300256 0.605973 1.567761
v 0.300256 0.611727 1.567736
v 0.300256 0.617590 1.567701
v 0.300256 0.623563 1.567657
v 0.300256 0.629644 1.567602
v 0.300256 0.635835 1.567538
v 0.300256 0.642135 1.567463
v 0.300256 0.648544 1.567379
v 0.300256 0.655063 1.567284
v 0.300256 0.661690 1.567180
v 0.300256 0.668427 1.567066
v 0.300256 0.675249 1.566947
v 0.300256 0.682130 1.566828
v 0.300256 0.689070 1.566709
v 0.300256 0.696070 1.566589
v 0.300256 0.703130 1.566470
v 0.300256 0.710249 1.566351
v 0.300256 0.717428 1.566232
v 0.300256 0.724666 1.566113
v 0.300256 0.731964 1.565994
v 0.300256 0.739321 1.565875
v 0.300256 0.746738 1.565755
v 0.300256 0.754215 1.565636
v 0.300256 0.761726 1.565512
v 0.300256 0.769248 1.565378
v 0.300256 0.776779 1.565234
v 0.300256 0.784320 1.565080
v 0.300256 0.791871 1.564916
v 0.300256 0.799432 1.564743
v 0.300256 0.807003 1.564559
v 0.300256 0.814584 1.564365
v 0.300256 0.822175 1.564162
v 0.300256 0.829775 1.563948
v 0.300256 0.837386 1.563725
v 0.300256 0.845007 1.563492
v 0.300256 0.852622 1.563263
v 0.300256 0.860218 1.563055
v 0.300256 0.867794 1.562866
v 0.300256 0.875350 1.562697
v 0.300256 0.882886 1.562548
v 0.300256 0.890402 1.562419
v 0.300256 0.897899 1.562310
v 0.300256 0.905376 1.562220
v 0.300256 0.912832 1.562151
v 0.300256 0.920269 1.562101
v 0.300256 0.927686 1.562071
v 0.300256 0.935083 1.562062
v 0.300256 0.935083 1.550623
v 0.300256 0.926976 1.553021
v 0.300256 0.918859 1.555449
v 0.300256 0.910732 1.557907
v 0.300256 0.902595 1.560394
v 0.300256 0.894449 1.562911
v 0.300256 0.886292 1.565457
v 0.300256 0.878125 1.568034
v 0.300256 0.869948 1.570640
v 0.300256 0.861762 1.573277
v 0.300256 0.853565 1.575943
v 0.300256 0.845359 1.578638
v 0.300256 0.837143 1.581364
v 0.300256 0.828946 1.584099
v 0.300256 0.820799 1.586825
v 0.300256 0.812702 1.589541
v 0.300256 0.804655 1.592246
v 0.300256 0.796657 1.594942
v 0.300256 0.788708 1.597628
v 0.300256 0.780810 1.600304
v 0.300256 0.772961 1.602970
v 0.300256 0.765162 1.605626
v 0.300256 0.757412 1.608272
v 0.300256 0.749712 1.610908
v 0.300256 0.742062 1.613534
v 0.300256 0.734491 1.616140
v 0.300256 0.727029 1.618717
v 0.300256 0.719676 1.621264
v 0.300256 0.712433 1.623781
v 0.300256 0.705299 1.626268
v 0.300256 0.698274 1.628726
v 0.300256 0.691359 1.631153
v 0.300256 0.684552 1.633551
v 0.300256 0.677855 1.635919
v 0.300256 0.671267 1.638258
v 0.300256 0.664788 1.640566
v 0.300256 0.658419 1.642845
v 0.300256 0.652188 1.645084
v 0.300256 0.646127 1.647273
v 0.300256 0.640234 1.649413
v 0.300256 0.634510 1.651503
v 0.300256 0.628954 1.653543
v 0.300256 0.623568 1.655534
v 0.300256 0.618350 1.657475
v 0.300256 0.613301 1.659367
v 0.300256 0.608421 1.661209
v 0.300256 0.603709 1.663001
v 0.300256 0.599167 1.664743
v 0.300256 0.594793 1.666436
v 0.300256 0.000000 1.899492
v 0.300256 0.000000 2.013875
v 0.300256 0.594793 2.249791
v 0.300256 0.598933 2.251484
v 0.300256 0.603253 2.253227
v 0.300256 0.607751 2.255019
v 0.300256 0.612427 2.256860
v 0.300256 0.617282 2.258752
v 0.300256 0.622317 2.260693
v 0.300256 0.627529 2.262684
v 0.300256 0.632921 2.264724
v 0.300256 0.638491 2.266814
v 0.300256 0.644240 2.268954
v 0.300256 0.650168 2.271143
v 0.300256 0.656274 2.273383
v 0.300256 0.662524 2.275661
v 0.300256 0.668884 2.277970
v 0.300256 0.675353 2.280308
v 0.300256 0.681931 2.282676
v 0.300256 0.688618 2.285074
v 0.300256 0.695415 2.287502
v 0.300256 0.702320 2.289959
v 0.300256 0.709335 2.292447
v 0.300256 0.716459 2.294964
v 0.300256 0.723693 2.297510
v 0.300256 0.731035 2.300087
v 0.300256 0.738487 2.302693
v 0.300256 0.746028 2.305320
v 0.300256 0.753639 2.307956
v 0.300256 0.761319 2.310602
v 0.300256 0.769069 2.313258
v 0.300256 0.776888 2.315924
v 0.300256 0.784777 2.318600
v 0.300256 0.792735 2.321285
v 0.300256 0.800762 2.323981
v 0.300256 0.808860 2.326687
v 0.300256 0.817026 2.329403
v 0.300256 0.825262 2.332128
v 0.300256 0.833568 2.334864
v 0.300256 0.841919 2.337619
v 0.300256 0.850289 2.340404
v 0.300256 0.858679 2.343219
v 0.300256 0.867089 2.346064
v 0.300256 0.875519 2.348938
v 0.300256 0.883968 2.351842
v 0.300256 0.892438 2.354776
v 0.300256 0.900927 2.357740
v 0.300256 0.909437 2.360734
v 0.300256 0.917966 2.363757
v 0.300256 0.926515 2.366811
v 0.300256 0.935083 2.369894
v 0.300256 0.935083 2.355596
v 0.300256 0.928376 2.355362
v 0.300256 0.921600 2.355139
v 0.300256 0.914753 2.354925
v 0.300256 0.907838 2.354722
v 0.300256 0.900853 2.354528
v 0.300256 0.893798 2.354344
v 0.300256 0.886674 2.354171
v 0.300256 0.879480 2.354007
v 0.300256 0.872217 2.353853
v 0.300256 0.864884 2.353709
v 0.300256 0.857482 2.353575
v 0.300256 0.850011 2.353451
v 0.300256 0.842504 2.353332
v 0.300256 0.834998 2.353213
v 0.300256 0.827492 2.353094
v 0.300256 0.819985 2.352974
v 0.300256 0.812479 2.352855
v 0.300256 0.804973 2.352736
v 0.300256 0.797466 2.352617
v 0.300256 0.789960 2.352498
v 0.300256 0.782453 2.352379
v 0.300256 0.774947 2.352259
v 0.300256 0.767441 2.352140
v 0.300256 0.759934 2.352021
v 0.300256 0.752442 2.351902
v 0.300256 0.744981 2.351783
v 0.300256 0.737549 2.351664
v 0.300256 0.730147 2.351545
v 0.300256 0.722774 2.351425
v 0.300256 0.715432 2.351306
v 0.300256 0.708119 2.351187
v 0.300256 0.700836 2.351068
v 0.300256 0.693583 2.350949
v 0.300256 0.686359 2.350830
v 0.300256 0.679165 2.350711
v 0.300256 0.672002 2.350591
v 0.300256 0.664912 2.350477
v 0.300256 0.657942 2.350373
v 0.300256 0.651091 2.350279
v 0.300256 0.644359 2.350194
v 0.300256 0.637746 2.350120
v 0.300256 0.631253 2.350055
v 0.300256 0.624878 2.350001
v 0.300256 0.618623 2.349956
v 0.300256 0.612487 2.349921
v 0.300256 0.606470 2.349896
v 0.300256 0.600572 2.349881
v 0.300256 0.594793 2.349876
v -0.300256 0.050758 -2.284076
v -0.300256 0.040367 -2.266472
v -0.300256 0.030880 -2.248451
v -0.300256 0.022296 -2.230012
v -0.300256 0.014616 -2.211157
v -0.300256 0.007839 -2.191884
v -0.300256 0.001966 -2.172195
v -0.300256 -0.003003 -2.152089
v -0.300256 -0.007069 -2.131565
v -0.300256 -0.010232 -2.110625
v -0.300256 -0.012490 -2.089267
v -0.300256 -0.013846 -2.067493
v -0.300256 -0.014298 -2.045301
v -0.300256 -0.013846 -2.023109
v -0.300256 -0.012490 -2.001335
v -0.300256 -0.010232 -1.979977
v -0.300256 -0.007069 -1.959037
v -0.300256 -0.003003 -1.938513
v -0.300256 0.001966 -1.918407
v -0.300256 0.007839 -1.898718
v -0.300256 0.014616 -1.879445
v -0.300256 0.022296 -1.860590
v -0.300256 0.030880 -1.842152
v -0.300256 0.040367 -1.824130
v -0.300256 0.050758 -1.806526
v -0.300256 0.061983 -1.789438
v -0.300256 0.073972 -1.772965
v -0.300256 0.086726 -1.757108
v -0.300256 0.100245 -1.741867
v -0.300256 0.114528 -1.727242
v -0.300256 0.129575 -1.713232
v -0.300256 0.145387 -1.699837
v -0.300256 0.161964 -1.687059
v -0.300256 0.179305 -1.674895
v -0.300256 0.197411 -1.663348
v -0.300256 0.216281 -1.652416
v -0.300256 0.235916 -1.642100
v -0.300256 0.256231 -1.632508
v -0.300256 0.277142 -1.623751
v -0.300256 0.298648 -1.615827
v -0.300256 0.320750 -1.608738
v -0.300256 0.343448 -1.602483
v -0.300256 0.366742 -1.597062
v -0.300256 0.390631 -1.592474
v -0.300256 0.415116 -1.588721
v -0.300256 0.440197 -1.585802
v -0.300256 0.465874 -1.583717
v -0.300256 0.492146 -1.582466
v -0.300256 0.519014 -1.582049
v -0.300256 0.546334 -1.582466
v -0.300256 0.573009 -1.583717
v -0.300256 0.599038 -1.585802
v -0.300256 0.624422 -1.588721
v -0.300256 0.649160 -1.592474
v -0.300256 0.673253 -1.597062
v -0.300256 0.696701 -1.602483
v -0.300256 0.719503 -1.608738
v -0.300256 0.741660 -1.615827
v -0.300256 0.763171 -1.623751
v -0.300256 0.784037 -1.632508
v -0.300256 0.804258 -1.642100
v -0.300256 0.823778 -1.652416
v -0.300256 0.842544 -1.663348
v -0.300256 0.860556 -1.674896
v -0.300256 0.877813 -1.687059
v -0.300256 0.894315 -1.699838
v -0.300256 0.910062 -1.713232
v -0.300256 0.925055 -1.727242
v -0.300256 0.939294 -1.741868
v -0.300256 0.952777 -1.757109
v -0.300256 0.965506 -1.772965
v -0.300256 0.977481 -1.789438
v -0.300256 0.988701 -1.806526
v -0.300256 0.999092 -1.824130
v -0.300256 1.008579 -1.842151
v -0.300256 1.017163 -1.860590
v -0.300256 1.024843 -1.879445
v -0.300256 1.031619 -1.898717
v -0.300256 1.037492 -1.918407
v -0.300256 1.042462 -1.938513
v -0.300256 1.046528 -1.959036
v -0.300256 1.049690 -1.979977
v -0.300256 1.051949 -2.001334
v -0.300256 1.053304 -2.023109
v -0.300256 1.053756 -2.045301
v -0.300256 1.053305 -2.067492
v -0.300256 1.051949 -2.089267
v -0.300256 1.049690 -2.110624
v -0.300256 1.046528 -2.131565
v -0.300256 1.042462 -2.152088
v -0.300256 1.037493 -2.172195
v -0.300256 1.031620 -2.191884
v -0.300256 1.024843 -2.211157
v -0.300256 1.017163 -2.230012
v -0.300256 1.008579 -2.248450
v -0.300256 0.999092 -2.266471
v -0.300256 0.988701 -2.284076
v -0.300256 0.977481 -2.301159
v -0.300256 0.965506 -2.317616
v -0.300256 0.952777 -2.333448
v -0.300256 0.939294 -2.348655
v -0.300256 0.925055 -2.363235
v -0.300256 0.910062 -2.377191
v -0.300256 0.894315 -2.390521
v -0.300256 0.877813 -2.403225
v -0.300256 0.860556 -2.415303
v -0.300256 0.842544 -2.426757
v -0.300256 0.823779 -2.437584
v -0.300256 0.804258 -2.447787
v -0.300256 0.784037 -2.457264
v -0.300256 0.763171 -2.465918
v -0.300256 0.741660 -2.473747
v -0.300256 0.719503 -2.480752
v -0.300256 0.696701 -2.486933
v -0.300256 0.673253 -2.492290
v -0.300256 0.649160 -2.496822
v -0.300256 0.624422 -2.500530
v -0.300256 0.599038 -2.503415
v -0.300256 0.573009 -2.505475
v -0.300256 0.546335 -2.506711
v -0.300256 0.519015 -2.507123
v -0.300256 0.492146 -2.506711
v -0.300256 0.465874 -2.505475
v -0.300256 0.440197 -2.503415
v -0.300256 0.415116 -2.500530
v -0.300256 0.390631 -2.496822
v -0.300256 0.366742 -2.492290
v -0.300256 0.343448 -2.486933
v -0.300256 0.320750 -2.480752
v -0.300256 0.298648 -2.473747
v -0.300256 0.277142 -2.465918
v -0.300256 0.256231 -2.457264
v -0.300256 0.235916 -2.447787
v -0.300256 0.216281 -2.437585
v -0.300256 0.197411 -2.426757
v -0.300256 0.179305 -2.415304
v -0.300256 0.161964 -2.403225
v -0.300256 0.145387 -2.390521
v -0.300256 0.129575 -2.377192
v -0.300256 0.114528 -2.363236
v -0.300256 0.100245 -2.348655
v -0.300256 0.086726 -2.333449
v -0.300256 0.073972 -2.317617
v -0.300256 0.061983 -2.301160
v -0.300256 0.155848 -1.875156
v -0.300256 0.148311 -1.887915
v -0.300256 0.141431 -1.900932
v -0.300256 0.135205 -1.914207
v -0.300256 0.129635 -1.927740
v -0.300256 0.124720 -1.941532
v -0.300256 0.120460 -1.955582
v -0.300256 0.116856 -1.969890
v -0.300256 0.113907 -1.984455
v -0.300256 0.111613 -1.999279
v -0.300256 0.109975 -2.014362
v -0.300256 0.108992 -2.029702
v -0.300256 0.108664 -2.045301
v -0.300256 0.108992 -2.060671
v -0.300256 0.109975 -2.075803
v -0.300256 0.111613 -2.090697
v -0.300256 0.113907 -2.105352
v -0.300256 0.116856 -2.119770
v -0.300256 0.120460 -2.133949
v -0.300256 0.124720 -2.147889
v -0.300256 0.129635 -2.161591
v -0.300256 0.135205 -2.175055
v -0.300256 0.141431 -2.188280
v -0.300256 0.148311 -2.201267
v -0.300256 0.155848 -2.214016
v -0.300256 0.164024 -2.226428
v -0.300256 0.172826 -2.238402
v -0.300256 0.182254 -2.249940
v -0.300256 0.192307 -2.261040
v -0.300256 0.202986 -2.271704
v -0.300256 0.214290 -2.281931
v -0.300256 0.226220 -2.291722
v -0.300256 0.238775 -2.301075
v -0.300256 0.251956 -2.309991
v -0.300256 0.265763 -2.318471
v -0.300256 0.280195 -2.326513
v -0.300256 0.295252 -2.334119
v -0.300256 0.310896 -2.341198
v -0.300256 0.327085 -2.347662
v -0.300256 0.343820 -2.353511
v -0.300256 0.361102 -2.358743
v -0.300256 0.378930 -2.363360
v -0.300256 0.397304 -2.367362
v -0.300256 0.416223 -2.370747
v -0.300256 0.435690 -2.373517
v -0.300256 0.455702 -2.375672
v -0.300256 0.476260 -2.377211
v -0.300256 0.497364 -2.378135
v -0.300256 0.519014 -2.378442
v -0.300256 0.541122 -2.378134
v -0.300256 0.562643 -2.377211
v -0.300256 0.583578 -2.375672
v -0.300256 0.603928 -2.373517
v -0.300256 0.623692 -2.370747
v -0.300256 0.642870 -2.367361
v -0.300256 0.661462 -2.363360
v -0.300256 0.679469 -2.358743
v -0.300256 0.696889 -2.353510
v -0.300256 0.713724 -2.347662
v -0.300256 0.729973 -2.341198
v -0.300256 0.745636 -2.334119
v -0.300256 0.760694 -2.326513
v -0.300256 0.775126 -2.318470
v -0.300256 0.788932 -2.309991
v -0.300256 0.802113 -2.301075
v -0.300256 0.814669 -2.291721
v -0.300256 0.826598 -2.281931
v -0.300256 0.837903 -2.271704
v -0.300256 0.848581 -2.261040
v -0.300256 0.858635 -2.249939
v -0.300256 0.868062 -2.238402
v -0.300256 0.876865 -2.226427
v -0.300256 0.885041 -2.214016
v -0.300256 0.892577 -2.201267
v -0.300256 0.899458 -2.188280
v -0.300256 0.905684 -2.175055
v -0.300256 0.911254 -2.161591
v -0.300256 0.916169 -2.147889
v -0.300256 0.920428 -2.133949
v -0.300256 0.924033 -2.119770
v -0.300256 0.926982 -2.105352
v -0.300256 0.929275 -2.090697
v -0.300256 0.930913 -2.075803
v -0.300256 0.931896 -2.060671
v -0.300256 0.932224 -2.045301
v -0.300256 0.931891 -2.029702
v -0.300256 0.930894 -2.014362
v -0.300256 0.929231 -1.999279
v -0.300256 0.926902 -1.984455
v -0.300256 0.923909 -1.969889
v -0.300256 0.920250 -1.955582
v -0.300256 0.915926 -1.941532
v -0.300256 0.910936 -1.927740
v -0.300256 0.905282 -1.914207
v -0.300256 0.898962 -1.900932
v -0.300256 0.891977 -1.887914
v -0.300256 0.884326 -1.875156
v -0.300256 0.876040 -1.862744
v -0.300256 0.867149 -1.850770
v -0.300256 0.857652 -1.839232
v -0.300256 0.847549 -1.828131
v -0.300256 0.836840 -1.817467
v -0.300256 0.825526 -1.807240
v -0.300256 0.813606 -1.797450
v -0.300256 0.801081 -1.788097
v -0.300256 0.787950 -1.779181
v -0.300256 0.774213 -1.770701
v -0.300256 0.759870 -1.762659
v -0.300256 0.744922 -1.755053
v -0.300256 0.729373 -1.747974
v -0.300256 0.713228 -1.741510
v -0.300256 0.696487 -1.735661
v -0.300256 0.679151 -1.730429
v -0.300256 0.661219 -1.725812
v -0.300256 0.642691 -1.721810
v -0.300256 0.623568 -1.718425
v -0.300256 0.603849 -1.715655
v -0.300256 0.583534 -1.713500
v -0.300256 0.562623 -1.711961
v -0.300256 0.541117 -1.711037
v -0.300256 0.519014 -1.710730
v -0.300256 0.497364 -1.711038
v -0.300256 0.476260 -1.711961
v -0.300256 0.455702 -1.713500
v -0.300256 0.435689 -1.715655
v -0.300256 0.416223 -1.718425
v -0.300256 0.397304 -1.721811
v -0.300256 0.378930 -1.725812
v -0.300256 0.361102 -1.730429
v -0.300256 0.343820 -1.735662
v -0.300256 0.327085 -1.741510
v -0.300256 0.310896 -1.747974
v -0.300256 0.295252 -1.755053
v -0.300256 0.280195 -1.762659
v -0.300256 0.265763 -1.770702
v -0.300256 0.251956 -1.779181
v -0.300256 0.238775 -1.788098
v -0.300256 0.226220 -1.797451
v -0.300256 0.214290 -1.807241
v -0.300256 0.202986 -1.817468
v -0.300256 0.192307 -1.828132
v -0.300256 0.182254 -1.839233
v -0.300256 0.172826 -1.850770
v -0.300256 0.164024 -1.862745
v -0.300256 0.923645 -0.975817
v -0.300256 0.923645 -0.646965
v -0.300256 1.040888 -0.646965
v -0.300256 1.040888 -1.434780
v -0.300256 0.923645 -1.434780
v -0.300256 0.923645 -1.107358
v -0.300256 0.000000 -1.107358
v -0.300256 0.000000 -0.975817
v -0.300256 0.009294 -0.236615
v -0.300256 0.005526 -0.224869
v -0.300256 0.002085 -0.212984
v -0.300256 -0.001027 -0.200960
v -0.300256 -0.003813 -0.188797
v -0.300256 -0.006270 -0.176495
v -0.300256 -0.008400 -0.164053
v -0.300256 -0.010202 -0.151473
v -0.300256 -0.011676 -0.138754
v -0.300256 -0.012823 -0.125896
v -0.300256 -0.013642 -0.112899
v -0.300256 -0.014134 -0.099762
v -0.300256 -0.014298 -0.086487
v -0.300256 -0.013846 -0.064296
v -0.300256 -0.012491 -0.042521
v -0.300256 -0.010232 -0.021164
v -0.300256 -0.007069 -0.000223
v -0.300256 -0.003003 0.020300
v -0.300256 0.001966 0.040407
v -0.300256 0.007839 0.060096
v -0.300256 0.014616 0.079368
v -0.300256 0.022296 0.098224
v -0.300256 0.030880 0.116662
v -0.300256 0.040367 0.134683
v -0.300256 0.050758 0.152288
v -0.300256 0.061983 0.169376
v -0.300256 0.073972 0.185848
v -0.300256 0.086726 0.201705
v -0.300256 0.100244 0.216946
v -0.300256 0.114527 0.231572
v -0.300256 0.129575 0.245582
v -0.300256 0.145387 0.258976
v -0.300256 0.161964 0.271755
v -0.300256 0.179305 0.283918
v -0.300256 0.197411 0.295466
v -0.300256 0.216281 0.306397
v -0.300256 0.235916 0.316714
v -0.300256 0.256231 0.326305
v -0.300256 0.277141 0.335063
v -0.300256 0.298648 0.342986
v -0.300256 0.320750 0.350076
v -0.300256 0.343448 0.356331
v -0.300256 0.366742 0.361752
v -0.300256 0.390631 0.366340
v -0.300256 0.415116 0.370093
v -0.300256 0.440197 0.373012
v -0.300256 0.465874 0.375097
v -0.300256 0.492146 0.376348
v -0.300256 0.519014 0.376765
v -0.300256 0.546334 0.376348
v -0.300256 0.573009 0.375097
v -0.300256 0.599038 0.373012
v -0.300256 0.624422 0.370093
v -0.300256 0.649160 0.366340
v -0.300256 0.673253 0.361752
v -0.300256 0.696701 0.356331
v -0.300256 0.719503 0.350076
v -0.300256 0.741660 0.342986
v -0.300256 0.763171 0.335063
v -0.300256 0.784037 0.326305
v -0.300256 0.804258 0.316714
v -0.300256 0.823778 0.306397
v -0.300256 0.842544 0.295466
v -0.300256 0.860556 0.283918
v -0.300256 0.877812 0.271755
v -0.300256 0.894315 0.258976
v -0.300256 0.910062 0.245582
v -0.300256 0.925055 0.231572
v -0.300256 0.939293 0.216946
v -0.300256 0.952777 0.201705
v -0.300256 0.965506 0.185848
v -0.300256 0.977481 0.169376
v -0.300256 0.988701 0.152288
v -0.300256 0.999091 0.134684
v -0.300256 1.008579 0.116662
v -0.300256 1.017162 0.098224
v -0.300256 1.024843 0.079369
v -0.300256 1.031619 0.060096
v -0.300256 1.037492 0.040407
v -0.300256 1.042462 0.020300
v -0.300256 1.046528 -0.000223
v -0.300256 1.049690 -0.021163
v -0.300256 1.051949 -0.042521
v -0.300256 1.053304 -0.064295
v -0.300256 1.053756 -0.086487
v -0.300256 1.053597 -0.099762
v -0.300256 1.053121 -0.112898
v -0.300256 1.052326 -0.125896
v -0.300256 1.051214 -0.138754
v -0.300256 1.049785 -0.151473
v -0.300256 1.048037 -0.164053
v -0.300256 1.045972 -0.176494
v -0.300256 1.043589 -0.188797
v -0.300256 1.040888 -0.200960
v -0.300256 1.037870 -0.212984
v -0.300256 1.034534 -0.224869
v -0.300256 1.030879 -0.236615
v -0.300256 1.026918 -0.248192
v -0.300256 1.022658 -0.259571
v -0.300256 1.018101 -0.270751
v -0.300256 1.013245 -0.281733
v -0.300256 1.008092 -0.292516
v -0.300256 1.002641 -0.303101
v -0.300256 0.996892 -0.313487
v -0.300256 0.990845 -0.323674
v -0.300256 0.984501 -0.333662
v -0.300256 0.977858 -0.343452
v -0.300256 0.970918 -0.353044
v -0.300256 0.963679 -0.362437
v -0.300256 0.956158 -0.371606
v -0.300256 0.948369 -0.380528
v -0.300256 0.940311 -0.389201
v -0.300256 0.931986 -0.397626
v -0.300256 0.923392 -0.405802
v -0.300256 0.914530 -0.413731
v -0.300256 0.905400 -0.421411
v -0.300256 0.896003 -0.428843
v -0.300256 0.886337 -0.436027
v -0.300256 0.876402 -0.442962
v -0.300256 0.866200 -0.449649
v -0.300256 0.855730 -0.456088
v -0.300256 0.845012 -0.462229
v -0.300256 0.834065 -0.468023
v -0.300256 0.822890 -0.473469
v -0.300256 0.811486 -0.478568
v -0.300256 0.799854 -0.483319
v -0.300256 0.787994 -0.487722
v -0.300256 0.775905 -0.491778
v -0.300256 0.763588 -0.495487
v -0.300256 0.751043 -0.498848
v -0.300256 0.738269 -0.501861
v -0.300256 0.725267 -0.504528
v -0.300256 0.712036 -0.506846
v -0.300256 0.712036 -0.375305
v -0.300256 0.720997 -0.373289
v -0.300256 0.729770 -0.371055
v -0.300256 0.738353 -0.368603
v -0.300256 0.746748 -0.365932
v -0.300256 0.754955 -0.363043
v -0.300256 0.762973 -0.359935
v -0.300256 0.770802 -0.356608
v -0.300256 0.778442 -0.353064
v -0.300256 0.785894 -0.349301
v -0.300256 0.793157 -0.345319
v -0.300256 0.800232 -0.341119
v -0.300256 0.807117 -0.336700
v -0.300256 0.813819 -0.332093
v -0.300256 0.820343 -0.327327
v -0.300256 0.826688 -0.322403
v -0.300256 0.832853 -0.317319
v -0.300256 0.838841 -0.312076
v -0.300256 0.844649 -0.306675
v -0.300256 0.850279 -0.301115
v -0.300256 0.855730 -0.295396
v -0.300256 0.861002 -0.289518
v -0.300256 0.866096 -0.283481
v -0.300256 0.871011 -0.277285
v -0.300256 0.875747 -0.270930
v -0.300256 0.880300 -0.264436
v -0.300256 0.884664 -0.257824
v -0.300256 0.888839 -0.251092
v -0.300256 0.892825 -0.244241
v -0.300256 0.896623 -0.237271
v -0.300256 0.900232 -0.230181
v -0.300256 0.903653 -0.222973
v -0.300256 0.906885 -0.215645
v -0.300256 0.909928 -0.208198
v -0.300256 0.912783 -0.200632
v -0.300256 0.915449 -0.192947
v -0.300256 0.917926 -0.185143
v -0.300256 0.920210 -0.177249
v -0.300256 0.922295 -0.169296
v -0.300256 0.924181 -0.161283
v -0.300256 0.925869 -0.153211
v -0.300256 0.927359 -0.145079
v -0.300256 0.928649 -0.136887
v -0.300256 0.929742 -0.128636
v -0.300256 0.930635 -0.120325
v -0.300256 0.931330 -0.111955
v -0.300256 0.931827 -0.103525
v -0.300256 0.932125 -0.095036
v -0.300256 0.932224 -0.086487
v -0.300256 0.931886 -0.070660
v -0.300256 0.930874 -0.055111
v -0.300256 0.929186 -0.039840
v -0.300256 0.926823 -0.024847
v -0.300256 0.923784 -0.010132
v -0.300256 0.920071 0.004305
v -0.300256 0.915682 0.018463
v -0.300256 0.910618 0.032344
v -0.300256 0.904879 0.045947
v -0.300256 0.898465 0.059272
v -0.300256 0.891376 0.072319
v -0.300256 0.883611 0.085088
v -0.300256 0.875211 0.097494
v -0.300256 0.866215 0.109454
v -0.300256 0.856624 0.120967
v -0.300256 0.846436 0.132032
v -0.300256 0.835653 0.142652
v -0.300256 0.824275 0.152824
v -0.300256 0.812300 0.162549
v -0.300256 0.799730 0.171828
v -0.300256 0.786564 0.180660
v -0.300256 0.772802 0.189045
v -0.300256 0.758445 0.196984
v -0.300256 0.743492 0.204475
v -0.300256 0.727952 0.211440
v -0.300256 0.711838 0.217800
v -0.300256 0.695147 0.223554
v -0.300256 0.677880 0.228702
v -0.300256 0.660037 0.233245
v -0.300256 0.641619 0.237182
v -0.300256 0.622625 0.240513
v -0.300256 0.603054 0.243238
v -0.300256 0.582908 0.245358
v -0.300256 0.562186 0.246872
v -0.300256 0.540888 0.247781
v -0.300256 0.519014 0.248084
v -0.300256 0.497369 0.247776
v -0.300256 0.476279 0.246853
v -0.300256 0.455746 0.245314
v -0.300256 0.435769 0.243159
v -0.300256 0.416347 0.240389
v -0.300256 0.397482 0.237003
v -0.300256 0.379173 0.233002
v -0.300256 0.361420 0.228385
v -0.300256 0.344222 0.223152
v -0.300256 0.327581 0.217304
v -0.300256 0.311496 0.210840
v -0.300256 0.295967 0.203760
v -0.300256 0.281019 0.196155
v -0.300256 0.266676 0.188112
v -0.300256 0.252939 0.179633
v -0.300256 0.239808 0.170716
v -0.300256 0.227282 0.161363
v -0.300256 0.215362 0.151573
v -0.300256 0.204048 0.141346
v -0.300256 0.193340 0.130682
v -0.300256 0.183237 0.119581
v -0.300256 0.173740 0.108044
v -0.300256 0.164848 0.096069
v -0.300256 0.156562 0.083658
v -0.300256 0.148912 0.070899
v -0.300256 0.141927 0.057882
v -0.300256 0.135607 0.044607
v -0.300256 0.129952 0.031073
v -0.300256 0.124963 0.017282
v -0.300256 0.120639 0.003232
v -0.300256 0.116980 -0.011076
v -0.300256 0.113986 -0.025642
v -0.300256 0.111658 -0.040466
v -0.300256 0.109995 -0.055548
v -0.300256 0.108997 -0.070889
v -0.300256 0.108664 -0.086487
v -0.300256 0.108764 -0.095036
v -0.300256 0.109061 -0.103525
v -0.300256 0.109558 -0.111955
v -0.300256 0.110253 -0.120325
v -0.300256 0.111147 -0.128636
v -0.300256 0.112239 -0.136887
v -0.300256 0.113530 -0.145079
v -0.300256 0.115019 -0.153211
v -0.300256 0.116707 -0.161283
v -0.300256 0.118593 -0.169296
v -0.300256 0.120679 -0.177249
v -0.300256 0.122962 -0.185143
v -0.300256 0.125440 -0.192947
v -0.300256 0.128106 -0.200632
v -0.300256 0.130960 -0.208198
v -0.300256 0.134003 -0.215645
v -0.300256 0.137235 -0.222973
v -0.300256 0.140656 -0.230181
v -0.300256 0.144265 -0.237271
v -0.300256 0.148063 -0.244241
v -0.300256 0.152050 -0.251092
v -0.300256 0.156225 -0.257824
v -0.300256 0.160589 -0.264437
v -0.300256 0.165141 -0.270930
v -0.300256 0.169877 -0.277285
v -0.300256 0.174792 -0.283480
v -0.300256 0.179886 -0.289517
v -0.300256 0.185158 -0.295395
v -0.300256 0.190609 -0.301114
v -0.300256 0.196239 -0.306674
v -0.300256 0.202048 -0.312076
v -0.300256 0.208035 -0.317318
v -0.300256 0.214201 -0.322402
v -0.300256 0.220546 -0.327327
v -0.300256 0.227069 -0.332093
v -0.300256 0.233771 -0.336700
v -0.300256 0.240647 -0.341119
v -0.300256 0.247692 -0.345319
v -0.300256 0.254905 -0.349301
v -0.300256 0.262287 -0.353064
v -0.300256 0.269839 -0.356608
v -0.300256 0.277558 -0.359935
v -0.300256 0.285447 -0.363043
v -0.300256 0.293505 -0.365932
v -0.300256 0.301731 -0.368603
v -0.300256 0.310126 -0.371055
v -0.300256 0.318690 -0.373289
v -0.300256 0.327422 -0.375305
v -0.300256 0.327422 -0.506846
v -0.300256 0.314420 -0.504532
v -0.300256 0.301627 -0.501881
v -0.300256 0.289041 -0.498893
v -0.300256 0.276665 -0.495566
v -0.300256 0.264497 -0.491902
v -0.300256 0.252537 -0.487901
v -0.300256 0.240786 -0.483562
v -0.300256 0.229243 -0.478885
v -0.300256 0.217909 -0.473871
v -0.300256 0.206784 -0.468519
v -0.300256 0.195867 -0.462830
v -0.300256 0.185158 -0.456803
v -0.300256 0.174688 -0.450473
v -0.300256 0.164486 -0.443876
v -0.300256 0.154552 -0.437010
v -0.300256 0.144886 -0.429876
v -0.300256 0.135488 -0.422474
v -0.300256 0.126358 -0.414803
v -0.300256 0.117496 -0.406865
v -0.300256 0.108903 -0.398658
v -0.300256 0.100577 -0.390184
v -0.300256 0.092520 -0.381441
v -0.300256 0.084730 -0.372431
v -0.300256 0.077209 -0.363152
v -0.300256 0.069966 -0.353645
v -0.300256 0.063010 -0.343949
v -0.300256 0.056343 -0.334064
v -0.300256 0.049963 -0.323992
v -0.300256 0.043872 -0.313730
v -0.300256 0.038068 -0.303279
v -0.300256 0.032553 -0.292640
v -0.300256 0.027325 -0.281813
v -0.300256 0.022385 -0.270796
v -0.300256 0.017734 -0.259591
v -0.300256 0.013370 -0.248197
v -0.300256 0.000000 0.546910
v -0.300256 0.000000 1.191746
v -0.300256 1.040888 1.191746
v -0.300256 1.040888 0.552629
v -0.300256 0.923645 0.552629
v -0.300256 0.923645 1.060205
v -0.300256 0.584785 1.060205
v -0.300256 0.584785 0.588374
v -0.300256 0.467542 0.588374
v -0.300256 0.467542 1.060205
v -0.300256 0.117243 1.060205
v -0.300256 0.117243 0.546910
v -0.300256 0.000000 2.349876
v -0.300256 -0.000000 2.475698
v -0.300256 1.040888 2.475698
v -0.300256 1.040888 2.288395
v -0.300256 0.383184 2.032463
v -0.300256 0.379063 2.030785
v -0.300256 0.374804 2.029087
v -0.300256 0.370405 2.027369
v -0.300256 0.365868 2.025632
v -0.300256 0.361191 2.023874
v -0.300256 0.356375 2.022097
v -0.300256 0.351421 2.020300
v -0.300256 0.346327 2.018483
v -0.300256 0.341095 2.016646
v -0.300256 0.335723 2.014789
v -0.300256 0.330212 2.012912
v -0.300256 0.324563 2.011016
v -0.300256 0.318804 2.009100
v -0.300256 0.312965 2.007164
v -0.300256 0.307048 2.005208
v -0.300256 0.301050 2.003232
v -0.300256 0.294974 2.001236
v -0.300256 0.288818 1.999220
v -0.300256 0.282582 1.997185
v -0.300256 0.276267 1.995130
v -0.300256 0.269873 1.993054
v -0.300256 0.263399 1.990959
v -0.300256 0.256846 1.988844
v -0.300256 0.250213 1.986710
v -0.300256 0.243546 1.984570
v -0.300256 0.236889 1.982440
v -0.300256 0.230241 1.980320
v -0.300256 0.223603 1.978210
v -0.300256 0.216976 1.976110
v -0.300256 0.210358 1.974020
v -0.300256 0.203750 1.971940
v -0.300256 0.197152 1.969870
v -0.300256 0.190564 1.967810
v -0.300256 0.183986 1.965759
v -0.300256 0.177418 1.963719
v -0.300256 0.170860 1.961688
v -0.300256 0.164361 1.959687
v -0.300256 0.157972 1.957736
v -0.300256 0.151692 1.955835
v -0.300256 0.145521 1.953983
v -0.300256 0.139459 1.952181
v -0.300256 0.133507 1.950429
v -0.300256 0.127664 1.948726
v -0.300256 0.121929 1.947073
v -0.300256 0.116305 1.945469
v -0.300256 0.110789 1.943915
v -0.300256 0.105383 1.942411
v -0.300256 0.100085 1.940956
v -0.300256 0.100085 1.970982
v -0.300256 0.105149 1.969299
v -0.300256 0.110332 1.967586
v -0.300256 0.115634 1.965843
v -0.300256 0.121056 1.964071
v -0.300256 0.126596 1.962269
v -0.300256 0.132256 1.960437
v -0.300256 0.138034 1.958575
v -0.300256 0.143932 1.956684
v -0.300256 0.149949 1.954763
v -0.300256 0.156086 1.952811
v -0.300256 0.162341 1.950831
v -0.300256 0.168715 1.948820
v -0.300256 0.175164 1.946790
v -0.300256 0.181643 1.944749
v -0.300256 0.188152 1.942699
v -0.300256 0.194690 1.940639
v -0.300256 0.201258 1.938568
v -0.300256 0.207856 1.936488
v -0.300256 0.214484 1.934398
v -0.300256 0.221141 1.932298
v -0.300256 0.227828 1.930188
v -0.300256 0.234545 1.928068
v -0.300256 0.241292 1.925938
v -0.300256 0.248069 1.923799
v -0.300256 0.254821 1.921659
v -0.300256 0.261493 1.919529
v -0.300256 0.268086 1.917409
v -0.300256 0.274599 1.915299
v -0.300256 0.281033 1.913199
v -0.300256 0.287388 1.911109
v -0.300256 0.293663 1.909029
v -0.300256 0.299859 1.906959
v -0.300256 0.305975 1.904899
v -0.300256 0.312012 1.902848
v -0.300256 0.317970 1.900808
v -0.300256 0.323848 1.898777
v -0.300256 0.329612 1.896777
v -0.300256 0.335226 1.894826
v -0.300256 0.340692 1.892924
v -0.300256 0.346009 1.891072
v -0.300256 0.351178 1.889270
v -0.300256 0.356197 1.887518
v -0.300256 0.361067 1.885815
v -0.300256 0.365788 1.884162
v -0.300256 0.370361 1.882558
v -0.300256 0.374784 1.881004
v -0.300256 0.379058 1.879500
v -0.300256 0.383184 1.878046
v -0.300256 1.040888 1.624973
v -0.300256 1.040888 1.437670
v -0.300256 0.000000 1.437670
v -0.300256 0.000000 1.567781
v -0.300256 0.594793 1.567781
v -0.300256 0.600329 1.567776
v -0.300256 0.605973 1.567761
v -0.300256 0.611727 1.567736
v -0.300256 0.617590 1.567701
v -0.300256 0.623563 1.567657
v -0.300256 0.629644 1.567602
v -0.300256 0.635835 1.567538
v -0.300256 0.642135 1.567463
v -0.300256 0.648544 1.567379
v -0.300256 0.655063 1.567284
v -0.300256 0.661690 1.567180
v -0.300256 0.668427 1.567066
v -0.300256 0.675249 1.566947
v -0.300256 0.682130 1.566828
v -0.300256 0.689070 1.566709
v -0.300256 0.696070 1.566589
v -0.300256 0.703130 1.566470
v -0.300256 0.710249 1.566351
v -0.300256 0.717428 1.566232
v -0.300256 0.724666 1.566113
v -0.300256 0.731964 1.565994
v -0.300256 0.739321 1.565875
v -0.300256 0.746738 1.565755
v -0.300256 0.754215 1.565636
v -0.300256 0.761726 1.565512
v -0.300256 0.769248 1.565378
v -0.300256 0.776779 1.565234
v -0.300256 0.784320 1.565080
v -0.300256 0.791871 1.564916
v -0.300256 0.799432 1.564743
v -0.300256 0.807003 1.564559
v -0.300256 0.814584 1.564365
v -0.300256 0.822175 1.564162
v -0.300256 0.829775 1.563948
v -0.300256 0.837386 1.563725
v -0.300256 0.845007 1.563492
v -0.300256 0.852622 1.563263
v -0.300256 0.860218 1.563055
v -0.300256 0.867794 1.562866
v -0.300256 0.875350 1.562697
v -0.300256 0.882886 1.562548
v -0.300256 0.890402 1.562419
v -0.300256 0.897899 1.562310
v -0.300256 0.905376 1.562220
v -0.300256 0.912832 1.562151
v -0.300256 0.920269 1.562101
v -0.300256 0.927686 1.562071
v -0.300256 0.935083 1.562062
v -0.300256 0.935083 1.550623
v -0.300256 0.926976 1.553021
v -0.300256 0.918859 1.555449
v -0.300256 0.910732 1.557907
v -0.300256 0.902595 1.560394
v -0.300256 0.894449 1.562911
v -0.300256 0.886292 1.565457
v -0.300256 0.878125 1.568034
v -0.300256 0.869948 1.570640
v -0.300256 0.861762 1.573277
v -0.300256 0.853565 1.575943
v -0.300256 0.845359 1.578638
v -0.300256 0.837143 1.581364
v -0.300256 0.828946 1.584099
v -0.300256 0.820799 1.586825
v -0.300256 0.812702 1.589541
v -0.300256 0.804655 1.592246
v -0.300256 0.796657 1.594942
v -0.300256 0.788708 1.597628
v -0.300256 0.780810 1.600304
v -0.300256 0.772961 1.602970
v -0.300256 0.765162 1.605626
v -0.300256 0.757412 1.608272
v -0.300256 0.749712 1.610908
v -0.300256 0.742062 1.613534
v -0.300256 0.734491 1.616140
v -0.300256 0.727029 1.618717
v -0.300256 0.719676 1.621264
v -0.300256 0.712433 1.623781
v -0.300256 0.705299 1.626268
v -0.300256 0.698274 1.628726
v -0.300256 0.691359 1.631153
v -0.300256 0.684552 1.633551
v -0.300256 0.677855 1.635919
v -0.300256 0.671267 1.638258
v -0.300256 0.664788 1.640566
v -0.300256 0.658419 1.642845
v -0.300256 0.652188 1.645084
v -0.300256 0.646127 1.647273
v -0.300256 0.640234 1.649413
v -0.300256 0.634510 1.651503
v -0.300256 0.628954 1.653543
v -0.300256 0.623568 1.655534
v -0.300256 0.618350 1.657475
v -0.300256 0.613301 1.659367
v -0.300256 0.608421 1.661209
v -0.300256 0.603709 1.663001
v -0.300256 0.599167 1.664743
v -0.300256 0.594793 1.666436
v -0.300256 0.000000 1.899492
v -0.300256 0.000000 2.013875
v -0.300256 0.594793 2.249791
v -0.300256 0.598933 2.251484
v -0.300256 0.603253 2.253227
v -0.300256 0.607751 2.255019
v -0.300256 0.612427 2.256860
v -0.300256 0.617282 2.258752
v -0.300256 0.622317 2.260693
v -0.300256 0.627529 2.262684
v -0.300256 0.632921 2.264724
v -0.300256 0.638491 2.266814
v -0.300256 0.644240 2.268954
v -0.300256 0.650168 2.271143
v -0.300256 0.656274 2.273383
v -0.300256 0.662524 2.275661
v -0.300256 0.668884 2.277970
v -0.300256 0.675353 2.280308
v -0.300256 0.681931 2.282676
v -0.300256 0.688618 2.285074
v -0.300256 0.695415 2.287502
v -0.300256 0.702320 2.289959
v -0.300256 0.709335 2.292447
v -0.300256 0.716459 2.294964
v -0.300256 0.723693 2.297510
v -0.300256 0.731035 2.300087
v -0.300256 0.738487 2.302693
v -0.300256 0.746028 2.305320
v -0.300256 0.753639 2.307956
v -0.300256 0.761319 2.310602
v -0.300256 0.769069 2.313258
v -0.300256 0.776888 2.315924
v -0.300256 0.784777 2.318600
v -0.300256 0.792735 2.321285
v -0.300256 0.800762 2.323981
v -0.300256 0.808860 2.326687
v -0.300256 0.817026 2.329403
v -0.300256 0.825262 2.332128
v -0.300256 0.833568 2.334864
v -0.300256 0.841919 2.337619
v -0.300256 0.850289 2.340404
v -0.300256 0.858679 2.343219
v -0.300256 0.867089 2.346064
v -0.300256 0.875519 2.348938
v -0.300256 0.883968 2.351842
v -0.300256 0.892438 2.354776
v -0.300256 0.900927 2.357740
v -0.300256 0.909437 2.360734
v -0.300256 0.917966 2.363757
v -0.300256 0.926515 2.366811
v -0.300256 0.935083 2.369894
v -0.300256 0.935083 2.355596
v -0.300256 0.928376 2.355362
v -0.300256 0.921600 2.355139
v -0.300256 0.914753 2.354925
v -0.300256 0.907838 2.354722
v -0.300256 0.900853 2.354528
v -0.300256 0.893798 2.354344
v -0.300256 0.886674 2.354171
v -0.300256 0.879480 2.354007
v -0.300256 0.872217 2.353853
v -0.300256 0.864884 2.353709
v -0.300256 0.857482 2.353575
v -0.300256 0.850011 2.353451
v -0.300256 0.842504 2.353332
v -0.300256 0.834998 2.353213
v -0.300256 0.827492 2.353094
v -0.300256 0.819985 2.352974
v -0.300256 0.812479 2.352855
v -0.300256 0.804973 2.352736
v -0.300256 0.797466 2.352617
v -0.300256 0.789960 2.352498
v -0.300256 0.782453 2.352379
v -0.300256 0.774947 2.352259
v -0.300256 0.767441 2.352140
v -0.300256 0.759934 2.352021
v -0.300256 0.752442 2.351902
v -0.300256 0.744981 2.351783
v -0.300256 0.737549 2.351664
v -0.300256 0.730147 2.351545
v -0.300256 0.722774 2.351425
v -0.300256 0.715432 2.351306
v -0.300256 0.708119 2.351187
v -0.300256 0.700836 2.351068
v -0.300256 0.693583 2.350949
v -0.300256 0.686359 2.350830
v -0.300256 0.679165 2.350711
v -0.300256 0.672002 2.350591
v -0.300256 0.664912 2.350477
v -0.300256 0.657942 2.350373
v -0.300256 0.651091 2.350279
v -0.300256 0.644359 2.350194
v -0.300256 0.637746 2.350120
v -0.300256 0.631253 2.350055
v -0.300256 0.624878 2.350001
v -0.300256 0.618623 2.349956
v -0.300256 0.612487 2.349921
v -0.300256 0.606470 2.349896
v -0.300256 0.600572 2.349881
v -0.300256 0.594793 2.349876
v -0.300256 0.000000 2.349876
v 0.300256 0.000000 2.349876
v -0.300256 -0.000000 2.475698
v 0.300256 0.000000 2.475698
v -0.300256 1.040888 2.475698
v 0.300256 1.040888 2.475698
v -0.300256 1.040888 2.288395
v 0.300256 1.040888 2.288395
v -0.300256 0.383184 2.032463
v 0.300256 0.383184 2.032463
v -0.300256 0.379063 2.030785
v 0.300256 0.379063 2.030785
v -0.300256 0.374804 2.029087
v 0.300256 0.374804 2.029087
v -0.300256 0.370405 2.027369
v 0.300256 0.370405 2.027369
v -0.300256 0.365868 2.025632
v 0.300256 0.365868 2.025632
v -0.300256 0.361191 2.023874
v 0.300256 0.361191 2.023874
v -0.300256 0.356375 2.022097
v 0.300256 0.356375 2.022097
v -0.300256 0.351421 2.020300
v 0.300256 0.351421 2.020300
v -0.300256 0.346327 2.018483
v 0.300256 0.346327 2.018483
v -0.300256 0.341095 2.016646
v 0.300256 0.341095 2.016646
v -0.300256 0.335723 2.014789
v 0.300256 0.335723 2.014789
v -0.300256 0.330212 2.012912
v 0.300256 0.330212 2.012912
v -0.300256 0.324563 2.011016
v 0.300256 0.324563 2.011016
v -0.300256 0.318804 2.009100
v 0.300256 0.318804 2.009100
v -0.300256 0.312965 2.007164
v 0.300256 0.312965 2.007164
v -0.300256 0.307048 2.005208
v 0.300256 0.307048 2.005208
v -0.300256 0.301050 2.003232
v 0.300256 0.301050 2.003232
v -0.300256 0.294974 2.001236
v 0.300256 0.294974 2.001236
v -0.300256 0.288818 1.999220
v 0.300256 0.288818 1.999220
v -0.300256 0.282582 1.997185
v 0.300256 0.282582 1.997185
v -0.300256 0.276267 1.995130
v 0.300256 0.276267 1.995130
v -0.300256 0.269873 1.993054
v 0.300256 0.269873 1.993054
v -0.300256 0.263399 1.990959
v 0.300256 0.263399 1.990959
v -0.300256 0.256846 1.988844
v 0.300256 0.256846 1.988844
v -0.300256 0.250213 1.986710
v 0.300256 0.250213 1.986710
v -0.300256 0.243546 1.984570
v 0.300256 0.243546 1.984570
v -0.300256 0.236889 1.982440
v 0.300256 0.236889 1.982440
v -0.300256 0.230241 1.980320
v 0.300256 0.230241 1.980320
v -0.300256 0.223603 1.978210
v 0.300256 0.223603 1.978210
v -0.300256 0.216976 1.976110
v 0.300256 0.216976 1.976110
v -0.300256 0.210358 1.974020
v 0.300256 0.210358 1.974020
v -0.300256 0.203750 1.971940
v 0.300256 0.203750 1.971940
v -0.300256 0.197152 1.969870
v 0.300256 0.197152 1.969870
v -0.300256 0.190564 1.967810
v 0.300256 0.190564 1.967810
v -0.300256 0.183986 1.965759
v 0.300256 0.183986 1.965759
v -0.300256 0.177418 1.963719
v 0.300256 0.177418 1.963719
v -0.300256 0.170860 1.961688
v 0.300256 0.170860 1.961688
v -0.300256 0.164361 1.959687
v 0.300256 0.164361 1.959687
v -0.300256 0.157972 1.957736
v 0.300256 0.157972 1.957736
v -0.300256 0.151692 1.955835
v 0.300256 0.151692 1.955835
v -0.300256 0.145521 1.953983
v 0.300256 0.145521 1.953983
v -0.300256 0.139459 1.952181
v 0.300256 0.139459 1.952181
v -0.300256 0.133507 1.950429
v 0.300256 0.133507 1.950429
v -0.300256 0.127664 1.948726
v 0.300256 0.127664 1.948726
v -0.300256 0.121929 1.947073
v 0.300256 0.121929 1.947073
v -0.300256 0.116305 1.945469
v 0.300256 0.116305 1.945469
v -0.300256 0.110789 1.943915
v 0.300256 0.110789 1.943915
v -0.300256 0.105383 1.942411
v 0.300256 0.105383 1.942411
v -0.300256 0.100085 1.940956
v 0.300256 0.100085 1.940956
v -0.300256 0.100085 1.970982
v 0.300256 0.100085 1.970982
v -0.300256 0.105149 1.969299
v 0.300256 0.105149 1.969299
v -0.300256 0.110332 1.967586
v 0.300256 0.110332 1.967586
v -0.300256 0.115634 1.965843
v 0.300256 0.115634 1.965843
v -0.300256 0.121056 1.964071
v 0.300256 0.121056 1.964071
v -0.300256 0.126596 1.962269
v 0.300256 0.126596 1.962269
v -0.300256 0.132256 1.960437
v 0.300256 0.132256 1.960437
v -0.300256 0.138034 1.958575
v 0.300256 0.138034 1.958575
v -0.300256 0.143932 1.956684
v 0.300256 0.143932 1.956684
v -0.300256 0.149949 1.954763
v 0.300256 0.149949 1.954763
v -0.300256 0.156086 1.952811
v 0.300256 0.156086 1.952811
v -0.300256 0.162341 1.950831
v 0.300256 0.162341 1.950831
v -0.300256 0.168715 1.948820
v 0.300256 0.168715 1.948820
v -0.300256 0.175164 1.946790
v 0.300256 0.175164 1.946790
v -0.300256 0.181643 1.944749
v 0.300256 0.181643 1.944749
v -0.300256 0.188152 1.942699
v 0.300256 0.188152 1.942699
v -0.300256 0.194690 1.940639
v 0.300256 0.194690 1.940639
v -0.300256 0.201258 1.938568
v 0.300256 0.201258 1.938568
v -0.300256 0.207856 1.936488
v 0.300256 0.207856 1.936488
v -0.300256 0.214484 1.934398
v 0.300256 0.214484 1.934398
v -0.300256 0.221141 1.932298
v 0.300256 0.221141 1.932298
v -0.300256 0.227828 1.930188
v 0.300256 0.227828 1.930188
v -0.300256 0.234545 1.928068
v 0.300256 0.234545 1.928068
v -0.300256 0.241292 1.925938
v 0.300256 0.241292 1.925938
v -0.300256 0.248069 1.923799
v 0.300256 0.248069 1.923799
v -0.300256 0.254821 1.921659
v 0.300256 0.254821 1.921659
v -0.300256 0.261493 1.919529
v 0.300256 0.261493 1.919529
v -0.300256 0.268086 1.917409
v 0.300256 0.268086 1.917409
v -0.300256 0.274599 1.915299
v 0.300256 0.274599 1.915299
v -0.300256 0.281033 1.913199
v 0.300256 0.281033 1.913199
v -0.300256 0.287388 1.911109
v 0.300256 0.287388 1.911109
v -0.300256 0.293663 1.909029
v 0.300256 0.293663 1.909029
v -0.300256 0.299859 1.906959
v 0.300256 0.299859 1.906959
v -0.300256 0.305975 1.904899
v 0.300256 0.305975 1.904899
v -0.300256 0.312012 1.902848
v 0.300256 0.312012 1.902848
v -0.300256 0.317970 1.900808
v 0.300256 0.317970 1.900808
v -0.300256 0.323848 1.898777
v 0.300256 0.323848 1.898777
v -0.300256 0.329612 1.896777
v 0.300256 0.329612 1.896777
v -0.300256 0.335226 1.894826
v 0.300256 0.335226 1.894826
v -0.300256 0.340692 1.892924
v 0.300256 0.340692 1.892924
v -0.300256 0.346009 1.891072
v 0.300256 0.346009 1.891072
v -0.300256 0.351178 1.889270
v 0.300256 0.351178 1.889270
v -0.300256 0.356197 1.887518
v 0.300256 0.356197 1.887518
v -0.300256 0.361067 1.885815
v 0.300256 0.361067 1.885815
v -0.300256 0.365788 1.884162
v 0.300256 0.365788 1.884162
v -0.300256 0.370361 1.882558
v 0.300256 0.370361 1.882558
v -0.300256 0.374784 1.881004
v 0.300256 0.374784 1.881004
v -0.300256 0.379058 1.879500
v 0.300256 0.379058 1.879500
v -0.300256 0.383184 1.878046
v 0.300256 0.383184 1.878046
v -0.300256 1.040888 1.624973
v 0.300256 1.040888 1.624973
v -0.300256 1.040888 1.437670
v 0.300256 1.040888 1.437670
v -0.300256 0.000000 1.437670
v 0.300256 0.000000 1.437670
v -0.300256 0.000000 1.567781
v 0.300256 0.000000 1.567781
v -0.300256 0.594793 1.567781
v 0.300256 0.594793 1.567781
v -0.300256 0.600329 1.567776
v 0.300256 0.600329 1.567776
v -0.300256 0.605973 1.567761
v 0.300256 0.605973 1.567761
v -0.300256 0.611727 1.567736
v 0.300256 0.611727 1.567736
v -0.300256 0.617590 1.567701
v 0.300256 0.617590 1.567701
v -0.300256 0.623563 1.567657
v 0.300256 0.623563 1.567657
v -0.300256 0.629644 1.567602
v 0.300256 0.629644 1.567602
v -0.300256 0.635835 1.567538
v 0.300256 0.635835 1.567538
v -0.300256 0.642135 1.567463
v 0.300256 0.642135 1.567463
v -0.300256 0.648544 1.567379
v 0.300256 0.648544 1.567379
v -0.300256 0.655063 1.567284
v 0.300256 0.655063 1.567284
v -0.300256 0.661690 1.567180
v 0.300256 0.661690 1.567180
v -0.300256 0.668427 1.567066
v 0.300256 0.668427 1.567066
v -0.300256 0.675249 1.566947
v 0.300256 0.675249 1.566947
v -0.300256 0.682130 1.566828
v 0.300256 0.682130 1.566828
v -0.300256 0.689070 1.566709
v 0.300256 0.689070 1.566709
v -0.300256 0.696070 1.566589
v 0.300256 0.696070 1.566589
v -0.300256 0.703130 1.566470
v 0.300256 0.703130 1.566470
v -0.300256 0.710249 1.566351
v 0.300256 0.710249 1.566351
v -0.300256 0.717428 1.566232
v 0.300256 0.717428 1.566232
v -0.300256 0.724666 1.566113
v 0.300256 0.724666 1.566113
v -0.300256 0.731964 1.565994
v 0.300256 0.731964 1.565994
v -0.300256 0.739321 1.565875
v 0.300256 0.739321 1.565875
v -0.300256 0.746738 1.565755
v 0.300256 0.746738 1.565755
v -0.300256 0.754215 1.565636
v 0.300256 0.754215 1.565636
v -0.300256 0.761726 1.565512
v 0.300256 0.761726 1.565512
v -0.300256 0.769248 1.565378
v 0.300256 0.769248 1.565378
v -0.300256 0.776779 1.565234
v 0.300256 0.776779 1.565234
v -0.300256 0.784320 1.565080
v 0.300256 0.784320 1.565080
v -0.300256 0.791871 1.564916
v 0.300256 0.791871 1.564916
v -0.300256 0.799432 1.564743
v 0.300256 0.799432 1.564743
v -0.300256 0.807003 1.564559
v 0.300256 0.807003 1.564559
v -0.300256 0.814584 1.564365
v 0.300256 0.814584 1.564365
v -0.300256 0.822175 1.564162
v 0.300256 0.822175 1.564162
v -0.300256 0.829775 1.563948
v 0.300256 0.829775 1.563948
v -0.300256 0.837386 1.563725
v 0.300256 0.837386 1.563725
v -0.300256 0.845007 1.563492
v 0.300256 0.845007 1.563492
v -0.300256 0.852622 1.563263
v 0.300256 0.852622 1.563263
v -0.300256 0.860218 1.563055
v 0.300256 0.860218 1.563055
v -0.300256 0.867794 1.562866
v 0.300256 0.867794 1.562866
v -0.300256 0.875350 1.562697
v 0.300256 0.875350 1.562697
v -0.300256 0.882886 1.562548
v 0.300256 0.882886 1.562548
v -0.300256 0.890402 1.562419
v 0.300256 0.890402 1.562419
v -0.300256 0.897899 1.562310
v 0.300256 0.897899 1.562310
v -0.300256 0.905376 1.562220
v 0.300256 0.905376 1.562220
v -0.300256 0.912832 1.562151
v 0.300256 0.912832 1.562151
v -0.300256 0.920269 1.562101
v 0.300256 0.920269 1.562101
v -0.300256 0.927686 1.562071
v 0.300256 0.927686 1.562071
v -0.300256 0.935083 1.562062
v 0.300256 0.935083 1.562062
v -0.300256 0.935083 1.550623
v 0.300256 0.935083 1.550623
v -0.300256 0.926976 1.553021
v 0.300256 0.926976 1.553021
v -0.300256 0.918859 1.555449
v 0.300256 0.918859 1.555449
v -0.300256 0.910732 1.557907
v 0.300256 0.910732 1.557907
v -0.300256 0.902595 1.560394
v 0.300256 0.902595 1.560394
v -0.300256 0.894449 1.562911
v 0.300256 0.894449 1.562911
v -0.300256 0.886292 1.565457
v 0.300256 0.886292 1.565457
v -0.300256 0.878125 1.568034
v 0.300256 0.878125 1.568034
v -0.300256 0.869948 1.570640
v 0.300256 0.869948 1.570640
v -0.300256 0.861762 1.573277
v 0.300256 0.861762 1.573277
v -0.300256 0.853565 1.575943
v 0.300256 0.853565 1.575943
v -0.300256 0.845359 1.578638
v 0.300256 0.845359 1.578638
v -0.300256 0.837143 1.581364
v 0.300256 0.837143 1.581364
v -0.300256 0.828946 1.584099
v 0.300256 0.828946 1.584099
v -0.300256 0.820799 1.586825
v 0.300256 0.820799 1.586825
v -0.300256 0.812702 1.589541
v 0.300256 0.812702 1.589541
v -0.300256 0.804655 1.592246
v 0.300256 0.804655 1.592246
v -0.300256 0.796657 1.594942
v 0.300256 0.796657 1.594942
v -0.300256 0.788708 1.597628
v 0.300256 0.788708 1.597628
v -0.300256 0.780810 1.600304
v 0.300256 0.780810 1.600304
v -0.300256 0.772961 1.602970
v 0.300256 0.772961 1.602970
v -0.300256 0.765162 1.605626
v 0.300256 0.765162 1.605626
v -0.300256 0.757412 1.608272
v 0.300256 0.757412 1.608272
v -0.300256 0.749712 1.610908
v 0.300256 0.749712 1.610908
v -0.300256 0.742062 1.613534
v 0.300256 0.742062 1.613534
v -0.300256 0.734491 1.616140
v 0.300256 0.734491 1.616140
v -0.300256 0.727029 1.618717
v 0.300256 0.727029 1.618717
v -0.300256 0.719676 1.621264
v 0.300256 0.719676 1.621264
v -0.300256 0.712433 1.623781
v 0.300256 0.712433 1.623781
v -0.300256 0.705299 1.626268
v 0.300256 0.705299 1.626268
v -0.300256 0.698274 1.628726
v 0.300256 0.698274 1.628726
v -0.300256 0.691359 1.631153
v 0.300256 0.691359 1.631153
v -0.300256 0.684552 1.633551
v 0.300256 0.684552 1.633551
v -0.300256 0.677855 1.635919
v 0.300256 0.677855 1.635919
v -0.300256 0.671267 1.638258
v 0.300256 0.671267 1.638258
v -0.300256 0.664788 1.640566
v 0.300256 0.664788 1.640566
v -0.300256 0.658419 1.642845
v 0.300256 0.658419 1.642845
v -0.300256 0.652188 1.645084
v 0.300256 0.652188 1.645084
v -0.300256 0.646127 1.647273
v 0.300256 0.646127 1.647273
v -0.300256 0.640234 1.649413
v 0.300256 0.640234 1.649413
v -0.300256 0.634510 1.651503
v 0.300256 0.634510 1.651503
v -0.300256 0.628954 1.653543
v 0.300256 0.628954 1.653543
v -0.300256 0.623568 1.655534
v 0.300256 0.623568 1.655534
v -0.300256 0.618350 1.657475
v 0.300256 0.618350 1.657475
v -0.300256 0.613301 1.659367
v 0.300256 0.613301 1.659367
v -0.300256 0.608421 1.661209
v 0.300256 0.608421 1.661209
v -0.300256 0.603709 1.663001
v 0.300256 0.603709 1.663001
v -0.300256 0.599167 1.664743
v 0.300256 0.599167 1.664743
v -0.300256 0.594793 1.666436
v 0.300256 0.594793 1.666436
v -0.300256 0.000000 1.899492
v 0.300256 0.000000 1.899492
v -0.300256 0.000000 2.013875
v 0.300256 0.000000 2.013875
v -0.300256 0.594793 2.249791
v 0.300256 0.594793 2.249791
v -0.300256 0.598933 2.251484
v 0.300256 0.598933 2.251484
v -0.300256 0.603253 2.253227
v 0.300256 0.603253 2.253227
v -0.300256 0.607751 2.255019
v 0.300256 0.607751 2.255019
v -0.300256 0.612427 2.256860
v 0.300256 0.612427 2.256860
v -0.300256 0.617282 2.258752
v 0.300256 0.617282 2.258752
v -0.300256 0.622317 2.260693
v 0.300256 0.622317 2.260693
v -0.300256 0.627529 2.262684
v 0.300256 0.627529 2.262684
v -0.300256 0.632921 2.264724
v 0.300256 0.632921 2.264724
v -0.300256 0.638491 2.266814
v 0.300256 0.638491 2.266814
v -0.300256 0.644240 2.268954
v 0.300256 0.644240 2.268954
v -0.300256 0.650168 2.271143
v 0.300256 0.650168 2.271143
v -0.300256 0.656274 2.273383
v 0.300256 0.656274 2.273383
v -0.300256 0.662524 2.275661
v 0.300256 0.662524 2.275661
v -0.300256 0.668884 2.277970
v 0.300256 0.668884 2.277970
v -0.300256 0.675353 2.280308
v 0.300256 0.675353 2.280308
v -0.300256 0.681931 2.282676
v 0.300256 0.681931 2.282676
v -0.300256 0.688618 2.285074
v 0.300256 0.688618 2.285074
v -0.300256 0.695415 2.287502
v 0.300256 0.695415 2.287502
v -0.300256 0.702320 2.289959
v 0.300256 0.702320 2.289959
v -0.300256 0.709335 2.292447
v 0.300256 0.709335 2.292447
v -0.300256 0.716459 2.294964
v 0.300256 0.716459 2.294964
v -0.300256 0.723693 2.297510
v 0.300256 0.723693 2.297510
v -0.300256 0.731035 2.300087
v 0.300256 0.731035 2.300087
v -0.300256 0.738487 2.302693
v 0.300256 0.738487 2.302693
v -0.300256 0.746028 2.305320
v 0.300256 0.746028 2.305320
v -0.300256 0.753639 2.307956
v 0.300256 0.753639 2.307956
v -0.300256 0.761319 2.310602
v 0.300256 0.761319 2.310602
v -0.300256 0.769069 2.313258
v 0.300256 0.769069 2.313258
v -0.300256 0.776888 2.315924
v 0.300256 0.776888 2.315924
v -0.300256 0.784777 2.318600
v 0.300256 0.784777 2.318600
v -0.300256 0.792735 2.321285
v 0.300256 0.792735 2.321285
v -0.300256 0.800762 2.323981
v 0.300256 0.800762 2.323981
v -0.300256 0.808860 2.326687
v 0.300256 0.808860 2.326687
v -0.300256 0.817026 2.329403
v 0.300256 0.817026 2.329403
v -0.300256 0.825262 2.332128
v 0.300256 0.825262 2.332128
v -0.300256 0.833568 2.334864
v 0.300256 0.833568 2.334864
v -0.300256 0.841919 2.337619
v 0.300256 0.841919 2.337619
v -0.300256 0.850289 2.340404
v 0.300256 0.850289 2.340404
v -0.300256 0.858679 2.343219
v 0.300256 0.858679 2.343219
v -0.300256 0.867089 2.346064
v 0.300256 0.867089 2.346064
v -0.300256 0.875519 2.348938
v 0.300256 0.875519 2.348938
v -0.300256 0.883968 2.351842
v 0.300256 0.883968 2.351842
v -0.300256 0.892438 2.354776
v 0.300256 0.892438 2.354776
v -0.300256 0.900927 2.357740
v 0.300256 0.900927 2.357740
v -0.300256 0.909437 2.360734
v 0.300256 0.909437 2.360734
v -0.300256 0.917966 2.363757
v 0.300256 0.917966 2.363757
v -0.300256 0.926515 2.366811
v 0.300256 0.926515 2.366811
v -0.300256 0.935083 2.369894
v 0.300256 0.935083 2.369894
v -0.300256 0.935083 2.355596
v 0.300256 0.935083 2.355596
v -0.300256 0.928376 2.355362
v 0.300256 0.928376 2.355362
v -0.300256 0.921600 2.355139
v 0.300256 0.921600 2.355139
v -0.300256 0.914753 2.354925
v 0.300256 0.914753 2.354925
v -0.300256 0.907838 2.354722
v 0.300256 0.907838 2.354722
v -0.300256 0.900853 2.354528
v 0.300256 0.900853 2.354528
v -0.300256 0.893798 2.354344
v 0.300256 0.893798 2.354344
v -0.300256 0.886674 2.354171
v 0.300256 0.886674 2.354171
v -0.300256 0.879480 2.354007
v 0.300256 0.879480 2.354007
v -0.300256 0.872217 2.353853
v 0.300256 0.872217 2.353853
v -0.300256 0.864884 2.353709
v 0.300256 0.864884 2.353709
v -0.300256 0.857482 2.353575
v 0.300256 0.857482 2.353575
v -0.300256 0.850011 2.353451
v 0.300256 0.850011 2.353451
v -0.300256 0.842504 2.353332
v 0.300256 0.842504 2.353332
v -0.300256 0.834998 2.353213
v 0.300256 0.834998 2.353213
v -0.300256 0.827492 2.353094
v 0.300256 0.827492 2.353094
v -0.300256 0.819985 2.352974
v 0.300256 0.819985 2.352974
v -0.300256 0.812479 2.352855
v 0.300256 0.812479 2.352855
v -0.300256 0.804973 2.352736
v 0.300256 0.804973 2.352736
v -0.300256 0.797466 2.352617
v 0.300256 0.797466 2.352617
v -0.300256 0.789960 2.352498
v 0.300256 0.789960 2.352498
v -0.300256 0.782453 2.352379
v 0.300256 0.782453 2.352379
v -0.300256 0.774947 2.352259
v 0.300256 0.774947 2.352259
v -0.300256 0.767441 2.352140
v 0.300256 0.767441 2.352140
v -0.300256 0.759934 2.352021
v 0.300256 0.759934 2.352021
v -0.300256 0.752442 2.351902
v 0.300256 0.752442 2.351902
v -0.300256 0.744981 2.351783
v 0.300256 0.744981 2.351783
v -0.300256 0.737549 2.351664
v 0.300256 0.737549 2.351664
v -0.300256 0.730147 2.351545
v 0.300256 0.730147 2.351545
v -0.300256 0.722774 2.351425
v 0.300256 0.722774 2.351425
v -0.300256 0.715432 2.351306
v 0.300256 0.715432 2.351306
v -0.300256 0.708119 2.351187
v 0.300256 0.708119 2.351187
v -0.300256 0.700836 2.351068
v 0.300256 0.700836 2.351068
v -0.300256 0.693583 2.350949
v 0.300256 0.693583 2.350949
v -0.300256 0.686359 2.350830
v 0.300256 0.686359 2.350830
v -0.300256 0.679165 2.350711
v 0.300256 0.679165 2.350711
v -0.300256 0.672002 2.350591
v 0.300256 0.672002 2.350591
v -0.300256 0.664912 2.350477
v 0.300256 0.664912 2.350477
v -0.300256 0.657942 2.350373
v 0.300256 0.657942 2.350373
v -0.300256 0.651091 2.350279
v 0.300256 0.651091 2.350279
v -0.300256 0.644359 2.350194
v 0.300256 0.644359 2.350194
v -0.300256 0.637746 2.350120
v 0.300256 0.637746 2.350120
v -0.300256 0.631253 2.350055
v 0.300256 0.631253 2.350055
v -0.300256 0.624878 2.350001
v 0.300256 0.624878 2.350001
v -0.300256 0.618623 2.349956
v 0.300256 0.618623 2.349956
v -0.300256 0.612487 2.349921
v 0.300256 0.612487 2.349921
v -0.300256 0.606470 2.349896
v 0.300256 0.606470 2.349896
v -0.300256 0.600572 2.349881
v 0.300256 0.600572 2.349881
v -0.300256 0.594793 2.349876
v 0.300256 0.594793 2.349876
v -0.300256 0.000000 0.546910
v 0.300256 0.000000 0.546910
v -0.300256 0.000000 1.191746
v 0.300256 0.000000 1.191746
v -0.300256 1.040888 1.191746
v 0.300256 1.040888 1.191746
v -0.300256 1.040888 0.552629
v 0.300256 1.040888 0.552629
v -0.300256 0.923645 0.552629
v 0.300256 0.923645 0.552629
v -0.300256 0.923645 1.060205
v 0.300256 0.923645 1.060205
v -0.300256 0.584785 1.060205
v 0.300256 0.584785 1.060205
v -0.300256 0.584785 0.588374
v 0.300256 0.584785 0.588374
v -0.300256 0.467542 0.588374
v 0.300256 0.467542 0.588374
v -0.300256 0.467542 1.060205
v 0.300256 0.467542 1.060205
v -0.300256 0.117243 1.060205
v 0.300256 0.117243 1.060205
v -0.300256 0.117243 0.546910
v 0.300256 0.117243 0.546910
v -0.300256 0.009294 -0.236615
v 0.300256 0.009294 -0.236615
v -0.300256 0.005526 -0.224869
v 0.300256 0.005526 -0.224869
v -0.300256 0.002085 -0.212984
v 0.300256 0.002085 -0.212984
v -0.300256 -0.001027 -0.200960
v 0.300256 -0.001027 -0.200960
v -0.300256 -0.003813 -0.188797
v 0.300256 -0.003813 -0.188797
v -0.300256 -0.006270 -0.176495
v 0.300256 -0.006270 -0.176495
v -0.300256 -0.008400 -0.164053
v 0.300256 -0.008400 -0.164053
v -0.300256 -0.010202 -0.151473
v 0.300256 -0.010202 -0.151473
v -0.300256 -0.011676 -0.138754
v 0.300256 -0.011676 -0.138754
v -0.300256 -0.012823 -0.125896
v 0.300256 -0.012823 -0.125896
v -0.300256 -0.013642 -0.112899
v 0.300256 -0.013642 -0.112899
v -0.300256 -0.014134 -0.099762
v 0.300256 -0.014134 -0.099762
v -0.300256 -0.014298 -0.086487
v 0.300256 -0.014298 -0.086487
v -0.300256 -0.013846 -0.064296
v 0.300256 -0.013846 -0.064296
v -0.300256 -0.012491 -0.042521
v 0.300256 -0.012491 -0.042521
v -0.300256 -0.010232 -0.021164
v 0.300256 -0.010232 -0.021164
v -0.300256 -0.007069 -0.000223
v 0.300256 -0.007069 -0.000223
v -0.300256 -0.003003 0.020300
v 0.300256 -0.003003 0.020300
v -0.300256 0.001966 0.040407
v 0.300256 0.001966 0.040407
v -0.300256 0.007839 0.060096
v 0.300256 0.007839 0.060096
v -0.300256 0.014616 0.079368
v 0.300256 0.014616 0.079368
v -0.300256 0.022296 0.098224
v 0.300256 0.022296 0.098224
v -0.300256 0.030880 0.116662
v 0.300256 0.030880 0.116662
v -0.300256 0.040367 0.134683
v 0.300256 0.040367 0.134683
v -0.300256 0.050758 0.152288
v 0.300256 0.050758 0.152288
v -0.300256 0.061983 0.169376
v 0.300256 0.061983 0.169376
v -0.300256 0.073972 0.185848
v 0.300256 0.073972 0.185848
v -0.300256 0.086726 0.201705
v 0.300256 0.086726 0.201705
v -0.300256 0.100244 0.216946
v 0.300256 0.100244 0.216946
v -0.300256 0.114527 0.231572
v 0.300256 0.114527 0.231572
v -0.300256 0.129575 0.245582
v 0.300256 0.129575 0.245582
v -0.300256 0.145387 0.258976
v 0.300256 0.145387 0.258976
v -0.300256 0.161964 0.271755
v 0.300256 0.161964 0.271755
v -0.300256 0.179305 0.283918
v 0.300256 0.179305 0.283918
v -0.300256 0.197411 0.295466
v 0.300256 0.197411 0.295465
v -0.300256 0.216281 0.306397
v 0.300256 0.216281 0.306397
v -0.300256 0.235916 0.316714
v 0.300256 0.235916 0.316714
v -0.300256 0.256231 0.326305
v 0.300256 0.256231 0.326305
v -0.300256 0.277141 0.335063
v 0.300256 0.277141 0.335063
v -0.300256 0.298648 0.342986
v 0.300256 0.298648 0.342986
v -0.300256 0.320750 0.350076
v 0.300256 0.320750 0.350076
v -0.300256 0.343448 0.356331
v 0.300256 0.343448 0.356331
v -0.300256 0.366742 0.361752
v 0.300256 0.366742 0.361752
v -0.300256 0.390631 0.366340
v 0.300256 0.390631 0.366340
v -0.300256 0.415116 0.370093
v 0.300256 0.415116 0.370093
v -0.300256 0.440197 0.373012
v 0.300256 0.440197 0.373012
v -0.300256 0.465874 0.375097
v 0.300256 0.465874 0.375097
v -0.300256 0.492146 0.376348
v 0.300256 0.492146 0.376348
v -0.300256 0.519014 0.376765
v 0.300256 0.519014 0.376765
v -0.300256 0.546334 0.376348
v 0.300256 0.546334 0.376348
v -0.300256 0.573009 0.375097
v 0.300256 0.573009 0.375097
v -0.300256 0.599038 0.373012
v 0.300256 0.599038 0.373012
v -0.300256 0.624422 0.370093
v 0.300256 0.624422 0.370093
v -0.300256 0.649160 0.366340
v 0.300256 0.649160 0.366339
v -0.300256 0.673253 0.361752
v 0.300256 0.673253 0.361752
v -0.300256 0.696701 0.356331
v 0.300256 0.696701 0.356331
v -0.300256 0.719503 0.350076
v 0.300256 0.719503 0.350076
v -0.300256 0.741660 0.342986
v 0.300256 0.741660 0.342986
v -0.300256 0.763171 0.335063
v 0.300256 0.763171 0.335063
v -0.300256 0.784037 0.326305
v 0.300256 0.784037 0.326305
v -0.300256 0.804258 0.316714
v 0.300256 0.804258 0.316714
v -0.300256 0.823778 0.306397
v 0.300256 0.823778 0.306397
v -0.300256 0.842544 0.295466
v 0.300256 0.842544 0.295465
v -0.300256 0.860556 0.283918
v 0.300256 0.860556 0.283918
v -0.300256 0.877812 0.271755
v 0.300256 0.877812 0.271755
v -0.300256 0.894315 0.258976
v 0.300256 0.894315 0.258976
v -0.300256 0.910062 0.245582
v 0.300256 0.910062 0.245582
v -0.300256 0.925055 0.231572
v 0.300256 0.925055 0.231572
v -0.300256 0.939293 0.216946
v 0.300256 0.939293 0.216946
v -0.300256 0.952777 0.201705
v 0.300256 0.952777 0.201705
v -0.300256 0.965506 0.185848
v 0.300256 0.965506 0.185848
v -0.300256 0.977481 0.169376
v 0.300256 0.977481 0.169376
v -0.300256 0.988701 0.152288
v 0.300256 0.988701 0.152288
v -0.300256 0.999091 0.134684
v 0.300256 0.999091 0.134683
v -0.300256 1.008579 0.116662
v 0.300256 1.008579 0.116662
v -0.300256 1.017162 0.098224
v 0.300256 1.017162 0.098224
v -0.300256 1.024843 0.079369
v 0.300256 1.024843 0.079369
v -0.300256 1.031619 0.060096
v 0.300256 1.031619 0.060096
v -0.300256 1.037492 0.040407
v 0.300256 1.037492 0.040407
v -0.300256 1.042462 0.020300
v 0.300256 1.042462 0.020300
v -0.300256 1.046528 -0.000223
v 0.300256 1.046528 -0.000223
v -0.300256 1.049690 -0.021163
v 0.300256 1.049690 -0.021163
v -0.300256 1.051949 -0.042521
v 0.300256 1.051949 -0.042521
v -0.300256 1.053304 -0.064295
v 0.300256 1.053304 -0.064295
v -0.300256 1.053756 -0.086487
v 0.300256 1.053756 -0.086487
v -0.300256 1.053597 -0.099762
v 0.300256 1.053597 -0.099762
v -0.300256 1.053121 -0.112898
v 0.300256 1.053121 -0.112899
v -0.300256 1.052326 -0.125896
v 0.300256 1.052326 -0.125896
v -0.300256 1.051214 -0.138754
v 0.300256 1.051214 -0.138754
v -0.300256 1.049785 -0.151473
v 0.300256 1.049785 -0.151473
v -0.300256 1.048037 -0.164053
v 0.300256 1.048037 -0.164053
v -0.300256 1.045972 -0.176494
v 0.300256 1.045972 -0.176495
v -0.300256 1.043589 -0.188797
v 0.300256 1.043589 -0.188797
v -0.300256 1.040888 -0.200960
v 0.300256 1.040888 -0.200960
v -0.300256 1.037870 -0.212984
v 0.300256 1.037870 -0.212984
v -0.300256 1.034534 -0.224869
v 0.300256 1.034534 -0.224869
v -0.300256 1.030879 -0.236615
v 0.300256 1.030879 -0.236615
v -0.300256 1.026918 -0.248192
v 0.300256 1.026918 -0.248192
v -0.300256 1.022658 -0.259571
v 0.300256 1.022658 -0.259571
v -0.300256 1.018101 -0.270751
v 0.300256 1.018101 -0.270751
v -0.300256 1.013245 -0.281733
v 0.300256 1.013245 -0.281733
v -0.300256 1.008092 -0.292516
v 0.300256 1.008092 -0.292516
v -0.300256 1.002641 -0.303101
v 0.300256 1.002641 -0.303101
v -0.300256 0.996892 -0.313487
v 0.300256 0.996892 -0.313487
v -0.300256 0.990845 -0.323674
v 0.300256 0.990845 -0.323674
v -0.300256 0.984501 -0.333662
v 0.300256 0.984501 -0.333662
v -0.300256 0.977858 -0.343452
v 0.300256 0.977858 -0.343452
v -0.300256 0.970918 -0.353044
v 0.300256 0.970918 -0.353044
v -0.300256 0.963679 -0.362437
v 0.300256 0.963679 -0.362437
v -0.300256 0.956158 -0.371606
v 0.300256 0.956158 -0.371606
v -0.300256 0.948369 -0.380528
v 0.300256 0.948369 -0.380528
v -0.300256 0.940311 -0.389201
v 0.300256 0.940311 -0.389201
v -0.300256 0.931986 -0.397626
v 0.300256 0.931986 -0.397626
v -0.300256 0.923392 -0.405802
v 0.300256 0.923392 -0.405802
v -0.300256 0.914530 -0.413731
v 0.300256 0.914530 -0.413731
v -0.300256 0.905400 -0.421411
v 0.300256 0.905400 -0.421411
v -0.300256 0.896003 -0.428843
v 0.300256 0.896003 -0.428843
v -0.300256 0.886337 -0.436027
v 0.300256 0.886337 -0.436027
v -0.300256 0.876402 -0.442962
v 0.300256 0.876402 -0.442962
v -0.300256 0.866200 -0.449649
v 0.300256 0.866200 -0.449649
v -0.300256 0.855730 -0.456088
v 0.300256 0.855730 -0.456088
v -0.300256 0.845012 -0.462229
v 0.300256 0.845012 -0.462229
v -0.300256 0.834065 -0.468023
v 0.300256 0.834065 -0.468023
v -0.300256 0.822890 -0.473469
v 0.300256 0.822890 -0.473469
v -0.300256 0.811486 -0.478568
v 0.300256 0.811486 -0.478568
v -0.300256 0.799854 -0.483319
v 0.300256 0.799854 -0.483319
v -0.300256 0.787994 -0.487722
v 0.300256 0.787994 -0.487722
v -0.300256 0.775905 -0.491778
v 0.300256 0.775905 -0.491778
v -0.300256 0.763588 -0.495487
v 0.300256 0.763588 -0.495487
v -0.300256 0.751043 -0.498848
v 0.300256 0.751043 -0.498848
v -0.300256 0.738269 -0.501861
v 0.300256 0.738269 -0.501861
v -0.300256 0.725267 -0.504528
v 0.300256 0.725267 -0.504528
v -0.300256 0.712036 -0.506846
v 0.300256 0.712036 -0.506846
v -0.300256 0.712036 -0.375305
v 0.300256 0.712036 -0.375305
v -0.300256 0.720997 -0.373289
v 0.300256 0.720997 -0.373289
v -0.300256 0.729770 -0.371055
v 0.300256 0.729770 -0.371055
v -0.300256 0.738353 -0.368603
v 0.300256 0.738353 -0.368603
v -0.300256 0.746748 -0.365932
v 0.300256 0.746748 -0.365932
v -0.300256 0.754955 -0.363043
v 0.300256 0.754955 -0.363043
v -0.300256 0.762973 -0.359935
v 0.300256 0.762973 -0.359935
v -0.300256 0.770802 -0.356608
v 0.300256 0.770802 -0.356608
v -0.300256 0.778442 -0.353064
v 0.300256 0.778442 -0.353064
v -0.300256 0.785894 -0.349301
v 0.300256 0.785894 -0.349301
v -0.300256 0.793157 -0.345319
v 0.300256 0.793157 -0.345319
v -0.300256 0.800232 -0.341119
v 0.300256 0.800232 -0.341119
v -0.300256 0.807117 -0.336700
v 0.300256 0.807117 -0.336701
v -0.300256 0.813819 -0.332093
v 0.300256 0.813819 -0.332093
v -0.300256 0.820343 -0.327327
v 0.300256 0.820343 -0.327327
v -0.300256 0.826688 -0.322403
v 0.300256 0.826688 -0.322403
v -0.300256 0.832853 -0.317319
v 0.300256 0.832853 -0.317319
v -0.300256 0.838841 -0.312076
v 0.300256 0.838841 -0.312076
v -0.300256 0.844649 -0.306675
v 0.300256 0.844649 -0.306675
v -0.300256 0.850279 -0.301115
v 0.300256 0.850279 -0.301115
v -0.300256 0.855730 -0.295396
v 0.300256 0.855730 -0.295396
v -0.300256 0.861002 -0.289518
v 0.300256 0.861002 -0.289518
v -0.300256 0.866096 -0.283481
v 0.300256 0.866096 -0.283481
v -0.300256 0.871011 -0.277285
v 0.300256 0.871011 -0.277285
v -0.300256 0.875747 -0.270930
v 0.300256 0.875747 -0.270930
v -0.300256 0.880300 -0.264436
v 0.300256 0.880300 -0.264437
v -0.300256 0.884664 -0.257824
v 0.300256 0.884664 -0.257824
v -0.300256 0.888839 -0.251092
v 0.300256 0.888839 -0.251092
v -0.300256 0.892825 -0.244241
v 0.300256 0.892825 -0.244241
v -0.300256 0.896623 -0.237271
v 0.300256 0.896623 -0.237271
v -0.300256 0.900232 -0.230181
v 0.300256 0.900232 -0.230181
v -0.300256 0.903653 -0.222973
v 0.300256 0.903653 -0.222973
v -0.300256 0.906885 -0.215645
v 0.300256 0.906885 -0.215645
v -0.300256 0.909928 -0.208198
v 0.300256 0.909928 -0.208198
v -0.300256 0.912783 -0.200632
v 0.300256 0.912783 -0.200632
v -0.300256 0.915449 -0.192947
v 0.300256 0.915449 -0.192947
v -0.300256 0.917926 -0.185143
v 0.300256 0.917926 -0.185143
v -0.300256 0.920210 -0.177249
v 0.300256 0.920210 -0.177249
v -0.300256 0.922295 -0.169296
v 0.300256 0.922295 -0.169296
v -0.300256 0.924181 -0.161283
v 0.300256 0.924181 -0.161283
v -0.300256 0.925869 -0.153211
v 0.300256 0.925869 -0.153211
v -0.300256 0.927359 -0.145079
v 0.300256 0.927359 -0.145079
v -0.300256 0.928649 -0.136887
v 0.300256 0.928649 -0.136887
v -0.300256 0.929742 -0.128636
v 0.300256 0.929742 -0.128636
v -0.300256 0.930635 -0.120325
v 0.300256 0.930635 -0.120325
v -0.300256 0.931330 -0.111955
v 0.300256 0.931330 -0.111955
v -0.300256 0.931827 -0.103525
v 0.300256 0.931827 -0.103525
v -0.300256 0.932125 -0.095036
v 0.300256 0.932125 -0.095036
v -0.300256 0.932224 -0.086487
v 0.300256 0.932224 -0.086487
v -0.300256 0.931886 -0.070660
v 0.300256 0.931886 -0.070660
v -0.300256 0.930874 -0.055111
v 0.300256 0.930874 -0.055111
v -0.300256 0.929186 -0.039840
v 0.300256 0.929186 -0.039840
v -0.300256 0.926823 -0.024847
v 0.300256 0.926823 -0.024847
v -0.300256 0.923784 -0.010132
v 0.300256 0.923784 -0.010132
v -0.300256 0.920071 0.004305
v 0.300256 0.920071 0.004305
v -0.300256 0.915682 0.018463
v 0.300256 0.915682 0.018463
v -0.300256 0.910618 0.032344
v 0.300256 0.910618 0.032344
v -0.300256 0.904879 0.045947
v 0.300256 0.904879 0.045947
v -0.300256 0.898465 0.059272
v 0.300256 0.898465 0.059272
v -0.300256 0.891376 0.072319
v 0.300256 0.891376 0.072319
v -0.300256 0.883611 0.085088
v 0.300256 0.883611 0.085088
v -0.300256 0.875211 0.097494
v 0.300256 0.875211 0.097494
v -0.300256 0.866215 0.109454
v 0.300256 0.866215 0.109454
v -0.300256 0.856624 0.120967
v 0.300256 0.856624 0.120966
v -0.300256 0.846436 0.132032
v 0.300256 0.846436 0.132032
v -0.300256 0.835653 0.142652
v 0.300256 0.835653 0.142652
v -0.300256 0.824275 0.152824
v 0.300256 0.824275 0.152824
v -0.300256 0.812300 0.162549
v 0.300256 0.812300 0.162549
v -0.300256 0.799730 0.171828
v 0.300256 0.799730 0.171828
v -0.300256 0.786564 0.180660
v 0.300256 0.786564 0.180660
v -0.300256 0.772802 0.189045
v 0.300256 0.772802 0.189045
v -0.300256 0.758445 0.196984
v 0.300256 0.758445 0.196984
v -0.300256 0.743492 0.204475
v 0.300256 0.743492 0.204475
v -0.300256 0.727952 0.211440
v 0.300256 0.727952 0.211440
v -0.300256 0.711838 0.217800
v 0.300256 0.711838 0.217800
v -0.300256 0.695147 0.223554
v 0.300256 0.695147 0.223554
v -0.300256 0.677880 0.228702
v 0.300256 0.677880 0.228702
v -0.300256 0.660037 0.233245
v 0.300256 0.660037 0.233245
v -0.300256 0.641619 0.237182
v 0.300256 0.641619 0.237182
v -0.300256 0.622625 0.240513
v 0.300256 0.622625 0.240513
v -0.300256 0.603054 0.243238
v 0.300256 0.603054 0.243238
v -0.300256 0.582908 0.245358
v 0.300256 0.582908 0.245358
v -0.300256 0.562186 0.246872
v 0.300256 0.562186 0.246872
v -0.300256 0.540888 0.247781
v 0.300256 0.540888 0.247781
v -0.300256 0.519014 0.248084
v 0.300256 0.519014 0.248084
v -0.300256 0.497369 0.247776
v 0.300256 0.497369 0.247776
v -0.300256 0.476279 0.246853
v 0.300256 0.476279 0.246853
v -0.300256 0.455746 0.245314
v 0.300256 0.455746 0.245314
v -0.300256 0.435769 0.243159
v 0.300256 0.435769 0.243159
v -0.300256 0.416347 0.240389
v 0.300256 0.416347 0.240389
v -0.300256 0.397482 0.237003
v 0.300256 0.397482 0.237003
v -0.300256 0.379173 0.233002
v 0.300256 0.379173 0.233002
v -0.300256 0.361420 0.228385
v 0.300256 0.361420 0.228385
v -0.300256 0.344222 0.223152
v 0.300256 0.344222 0.223152
v -0.300256 0.327581 0.217304
v 0.300256 0.327581 0.217304
v -0.300256 0.311496 0.210840
v 0.300256 0.311496 0.210840
v -0.300256 0.295967 0.203760
v 0.300256 0.295967 0.203760
v -0.300256 0.281019 0.196155
v 0.300256 0.281019 0.196155
v -0.300256 0.266676 0.188112
v 0.300256 0.266676 0.188112
v -0.300256 0.252939 0.179633
v 0.300256 0.252939 0.179632
v -0.300256 0.239808 0.170716
v 0.300256 0.239808 0.170716
v -0.300256 0.227282 0.161363
v 0.300256 0.227282 0.161363
v -0.300256 0.215362 0.151573
v 0.300256 0.215362 0.151573
v -0.300256 0.204048 0.141346
v 0.300256 0.204048 0.141346
v -0.300256 0.193340 0.130682
v 0.300256 0.193340 0.130682
v -0.300256 0.183237 0.119581
v 0.300256 0.183237 0.119581
v -0.300256 0.173740 0.108044
v 0.300256 0.173740 0.108044
v -0.300256 0.164848 0.096069
v 0.300256 0.164848 0.096069
v -0.300256 0.156562 0.083658
v 0.300256 0.156562 0.083658
v -0.300256 0.148912 0.070899
v 0.300256 0.148912 0.070899
v -0.300256 0.141927 0.057882
v 0.300256 0.141927 0.057882
v -0.300256 0.135607 0.044607
v 0.300256 0.135607 0.044607
v -0.300256 0.129952 0.031073
v 0.300256 0.129952 0.031073
v -0.300256 0.124963 0.017282
v 0.300256 0.124963 0.017282
v -0.300256 0.120639 0.003232
v 0.300256 0.120639 0.003232
v -0.300256 0.116980 -0.011076
v 0.300256 0.116980 -0.011076
v -0.300256 0.113986 -0.025642
v 0.300256 0.113986 -0.025642
v -0.300256 0.111658 -0.040466
v 0.300256 0.111658 -0.040466
v -0.300256 0.109995 -0.055548
v 0.300256 0.109995 -0.055548
v -0.300256 0.108997 -0.070889
v 0.300256 0.108997 -0.070889
v -0.300256 0.108664 -0.086487
v 0.300256 0.108664 -0.086487
v -0.300256 0.108764 -0.095036
v 0.300256 0.108764 -0.095036
v -0.300256 0.109061 -0.103525
v 0.300256 0.109062 -0.103526
v -0.300256 0.109558 -0.111955
v 0.300256 0.109558 -0.111955
v -0.300256 0.110253 -0.120325
v 0.300256 0.110253 -0.120326
v -0.300256 0.111147 -0.128636
v 0.300256 0.111147 -0.128636
v -0.300256 0.112239 -0.136887
v 0.300256 0.112239 -0.136887
v -0.300256 0.113530 -0.145079
v 0.300256 0.113530 -0.145079
v -0.300256 0.115019 -0.153211
v 0.300256 0.115019 -0.153211
v -0.300256 0.116707 -0.161283
v 0.300256 0.116707 -0.161283
v -0.300256 0.118593 -0.169296
v 0.300256 0.118593 -0.169296
v -0.300256 0.120679 -0.177249
v 0.300256 0.120679 -0.177249
v -0.300256 0.122962 -0.185143
v 0.300256 0.122962 -0.185143
v -0.300256 0.125440 -0.192947
v 0.300256 0.125440 -0.192947
v -0.300256 0.128106 -0.200632
v 0.300256 0.128106 -0.200632
v -0.300256 0.130960 -0.208198
v 0.300256 0.130960 -0.208198
v -0.300256 0.134003 -0.215645
v 0.300256 0.134003 -0.215645
v -0.300256 0.137235 -0.222973
v 0.300256 0.137235 -0.222973
v -0.300256 0.140656 -0.230181
v 0.300256 0.140656 -0.230182
v -0.300256 0.144265 -0.237271
v 0.300256 0.144265 -0.237271
v -0.300256 0.148063 -0.244241
v 0.300256 0.148063 -0.244241
v -0.300256 0.152050 -0.251092
v 0.300256 0.152050 -0.251092
v -0.300256 0.156225 -0.257824
v 0.300256 0.156225 -0.257824
v -0.300256 0.160589 -0.264437
v 0.300256 0.160589 -0.264437
v -0.300256 0.165141 -0.270930
v 0.300256 0.165141 -0.270930
v -0.300256 0.169877 -0.277285
v 0.300256 0.169877 -0.277285
v -0.300256 0.174792 -0.283480
v 0.300256 0.174792 -0.283480
v -0.300256 0.179886 -0.289517
v 0.300256 0.179886 -0.289517
v -0.300256 0.185158 -0.295395
v 0.300256 0.185158 -0.295395
v -0.300256 0.190609 -0.301114
v 0.300256 0.190609 -0.301114
v -0.300256 0.196239 -0.306674
v 0.300256 0.196239 -0.306674
v -0.300256 0.202048 -0.312076
v 0.300256 0.202048 -0.312076
v -0.300256 0.208035 -0.317318
v 0.300256 0.208035 -0.317318
v -0.300256 0.214201 -0.322402
v 0.300256 0.214201 -0.322402
v -0.300256 0.220546 -0.327327
v 0.300256 0.220546 -0.327327
v -0.300256 0.227069 -0.332093
v 0.300256 0.227069 -0.332093
v -0.300256 0.233771 -0.336700
v 0.300256 0.233771 -0.336701
v -0.300256 0.240647 -0.341119
v 0.300256 0.240647 -0.341119
v -0.300256 0.247692 -0.345319
v 0.300256 0.247692 -0.345319
v -0.300256 0.254905 -0.349301
v 0.300256 0.254905 -0.349301
v -0.300256 0.262287 -0.353064
v 0.300256 0.262287 -0.353064
v -0.300256 0.269839 -0.356608
v 0.300256 0.269839 -0.356608
v -0.300256 0.277558 -0.359935
v 0.300256 0.277558 -0.359935
v -0.300256 0.285447 -0.363043
v 0.300256 0.285447 -0.363043
v -0.300256 0.293505 -0.365932
v 0.300256 0.293505 -0.365932
v -0.300256 0.301731 -0.368603
v 0.300256 0.301731 -0.368603
v -0.300256 0.310126 -0.371055
v 0.300256 0.310126 -0.371055
v -0.300256 0.318690 -0.373289
v 0.300256 0.318690 -0.373289
v -0.300256 0.327422 -0.375305
v 0.300256 0.327422 -0.375305
v -0.300256 0.327422 -0.506846
v 0.300256 0.327422 -0.506846
v -0.300256 0.314420 -0.504532
v 0.300256 0.314420 -0.504532
v -0.300256 0.301627 -0.501881
v 0.300256 0.301627 -0.501881
v -0.300256 0.289041 -0.498893
v 0.300256 0.289041 -0.498893
v -0.300256 0.276665 -0.495566
v 0.300256 0.276665 -0.495566
v -0.300256 0.264497 -0.491902
v 0.300256 0.264497 -0.491902
v -0.300256 0.252537 -0.487901
v 0.300256 0.252537 -0.487901
v -0.300256 0.240786 -0.483562
v 0.300256 0.240786 -0.483562
v -0.300256 0.229243 -0.478885
v 0.300256 0.229243 -0.478885
v -0.300256 0.217909 -0.473871
v 0.300256 0.217909 -0.473871
v -0.300256 0.206784 -0.468519
v 0.300256 0.206784 -0.468519
v -0.300256 0.195867 -0.462830
v 0.300256 0.195867 -0.462830
v -0.300256 0.185158 -0.456803
v 0.300256 0.185158 -0.456803
v -0.300256 0.174688 -0.450473
v 0.300256 0.174688 -0.450474
v -0.300256 0.164486 -0.443876
v 0.300256 0.164486 -0.443876
v -0.300256 0.154552 -0.437010
v 0.300256 0.154552 -0.437010
v -0.300256 0.144886 -0.429876
v 0.300256 0.144886 -0.429876
v -0.300256 0.135488 -0.422474
v 0.300256 0.135488 -0.422474
v -0.300256 0.126358 -0.414803
v 0.300256 0.126358 -0.414803
v -0.300256 0.117496 -0.406865
v 0.300256 0.117496 -0.406865
v -0.300256 0.108903 -0.398658
v 0.300256 0.108903 -0.398658
v -0.300256 0.100577 -0.390184
v 0.300256 0.100577 -0.390184
v -0.300256 0.092520 -0.381441
v 0.300256 0.092520 -0.381442
v -0.300256 0.084730 -0.372431
v 0.300256 0.084730 -0.372431
v -0.300256 0.077209 -0.363152
v 0.300256 0.077209 -0.363152
v -0.300256 0.069966 -0.353645
v 0.300256 0.069966 -0.353645
v -0.300256 0.063010 -0.343949
v 0.300256 0.063010 -0.343949
v -0.300256 0.056343 -0.334064
v 0.300256 0.056343 -0.334064
v -0.300256 0.049963 -0.323992
v 0.300256 0.049964 -0.323992
v -0.300256 0.043872 -0.313730
v 0.300256 0.043872 -0.313730
v -0.300256 0.038068 -0.303279
v 0.300256 0.038068 -0.303280
v -0.300256 0.032553 -0.292640
v 0.300256 0.032553 -0.292640
v -0.300256 0.027325 -0.281813
v 0.300256 0.027325 -0.281813
v -0.300256 0.022385 -0.270796
v 0.300256 0.022385 -0.270796
v -0.300256 0.017734 -0.259591
v 0.300256 0.017734 -0.259591
v -0.300256 0.013370 -0.248197
v 0.300256 0.013370 -0.248198
v -0.300256 0.923645 -0.975817
v 0.300256 0.923645 -0.975817
v -0.300256 0.923645 -0.646965
v 0.300256 0.923645 -0.646965
v -0.300256 1.040888 -0.646965
v 0.300256 1.040888 -0.646965
v -0.300256 1.040888 -1.434780
v 0.300256 1.040888 -1.434780
v -0.300256 0.923645 -1.434780
v 0.300256 0.923645 -1.434780
v -0.300256 0.923645 -1.107358
v 0.300256 0.923645 -1.107358
v -0.300256 0.000000 -1.107358
v 0.300256 0.000000 -1.107358
v -0.300256 0.000000 -0.975817
v 0.300256 0.000000 -0.975817
v -0.300256 0.050758 -2.284076
v 0.300256 0.050758 -2.284076
v -0.300256 0.040367 -2.266472
v 0.300256 0.040367 -2.266472
v -0.300256 0.030880 -2.248451
v 0.300256 0.030880 -2.248451
v -0.300256 0.022296 -2.230012
v 0.300256 0.022296 -2.230012
v -0.300256 0.014616 -2.211157
v 0.300256 0.014616 -2.211157
v -0.300256 0.007839 -2.191884
v 0.300256 0.007839 -2.191884
v -0.300256 0.001966 -2.172195
v 0.300256 0.001966 -2.172195
v -0.300256 -0.003003 -2.152089
v 0.300256 -0.003003 -2.152089
v -0.300256 -0.007069 -2.131565
v 0.300256 -0.007069 -2.131565
v -0.300256 -0.010232 -2.110625
v 0.300256 -0.010232 -2.110625
v -0.300256 -0.012490 -2.089267
v 0.300256 -0.012490 -2.089267
v -0.300256 -0.013846 -2.067493
v 0.300256 -0.013846 -2.067493
v -0.300256 -0.014298 -2.045301
v 0.300256 -0.014297 -2.045301
v -0.300256 -0.013846 -2.023109
v 0.300256 -0.013846 -2.023109
v -0.300256 -0.012490 -2.001335
v 0.300256 -0.012490 -2.001335
v -0.300256 -0.010232 -1.979977
v 0.300256 -0.010232 -1.979977
v -0.300256 -0.007069 -1.959037
v 0.300256 -0.007069 -1.959037
v -0.300256 -0.003003 -1.938513
v 0.300256 -0.003003 -1.938513
v -0.300256 0.001966 -1.918407
v 0.300256 0.001966 -1.918407
v -0.300256 0.007839 -1.898718
v 0.300256 0.007839 -1.898718
v -0.300256 0.014616 -1.879445
v 0.300256 0.014616 -1.879445
v -0.300256 0.022296 -1.860590
v 0.300256 0.022296 -1.860590
v -0.300256 0.030880 -1.842152
v 0.300256 0.030880 -1.842152
v -0.300256 0.040367 -1.824130
v 0.300256 0.040367 -1.824130
v -0.300256 0.050758 -1.806526
v 0.300256 0.050758 -1.806526
v -0.300256 0.061983 -1.789438
v 0.300256 0.061983 -1.789438
v -0.300256 0.073972 -1.772965
v 0.300256 0.073972 -1.772965
v -0.300256 0.086726 -1.757108
v 0.300256 0.086726 -1.757108
v -0.300256 0.100245 -1.741867
v 0.300256 0.100245 -1.741867
v -0.300256 0.114528 -1.727242
v 0.300256 0.114528 -1.727242
v -0.300256 0.129575 -1.713232
v 0.300256 0.129575 -1.713232
v -0.300256 0.145387 -1.699837
v 0.300256 0.145387 -1.699837
v -0.300256 0.161964 -1.687059
v 0.300256 0.161964 -1.687059
v -0.300256 0.179305 -1.674895
v 0.300256 0.179305 -1.674895
v -0.300256 0.197411 -1.663348
v 0.300256 0.197411 -1.663348
v -0.300256 0.216281 -1.652416
v 0.300256 0.216281 -1.652416
v -0.300256 0.235916 -1.642100
v 0.300256 0.235916 -1.642100
v -0.300256 0.256231 -1.632508
v 0.300256 0.256231 -1.632508
v -0.300256 0.277142 -1.623751
v 0.300256 0.277142 -1.623751
v -0.300256 0.298648 -1.615827
v 0.300256 0.298648 -1.615827
v -0.300256 0.320750 -1.608738
v 0.300256 0.320750 -1.608738
v -0.300256 0.343448 -1.602483
v 0.300256 0.343448 -1.602483
v -0.300256 0.366742 -1.597062
v 0.300256 0.366742 -1.597062
v -0.300256 0.390631 -1.592474
v 0.300256 0.390631 -1.592474
v -0.300256 0.415116 -1.588721
v 0.300256 0.415116 -1.588721
v -0.300256 0.440197 -1.585802
v 0.300256 0.440197 -1.585802
v -0.300256 0.465874 -1.583717
v 0.300256 0.465874 -1.583717
v -0.300256 0.492146 -1.582466
v 0.300256 0.492146 -1.582466
v -0.300256 0.519014 -1.582049
v 0.300256 0.519014 -1.582049
v -0.300256 0.546334 -1.582466
v 0.300256 0.546334 -1.582466
v -0.300256 0.573009 -1.583717
v 0.300256 0.573009 -1.583717
v -0.300256 0.599038 -1.585802
v 0.300256 0.599038 -1.585802
v -0.300256 0.624422 -1.588721
v 0.300256 0.624422 -1.588721
v -0.300256 0.649160 -1.592474
v 0.300256 0.649160 -1.592474
v -0.300256 0.673253 -1.597062
v 0.300256 0.673253 -1.597062
v -0.300256 0.696701 -1.602483
v 0.300256 0.696701 -1.602483
v -0.300256 0.719503 -1.608738
v 0.300256 0.719503 -1.608738
v -0.300256 0.741660 -1.615827
v 0.300256 0.741660 -1.615827
v -0.300256 0.763171 -1.623751
v 0.300256 0.763171 -1.623751
v -0.300256 0.784037 -1.632508
v 0.300256 0.784037 -1.632508
v -0.300256 0.804258 -1.642100
v 0.300256 0.804258 -1.642100
v -0.300256 0.823778 -1.652416
v 0.300256 0.823778 -1.652416
v -0.300256 0.842544 -1.663348
v 0.300256 0.842544 -1.663348
v -0.300256 0.860556 -1.674896
v 0.300256 0.860556 -1.674896
v -0.300256 0.877813 -1.687059
v 0.300256 0.877813 -1.687059
v -0.300256 0.894315 -1.699838
v 0.300256 0.894315 -1.699838
v -0.300256 0.910062 -1.713232
v 0.300256 0.910062 -1.713232
v -0.300256 0.925055 -1.727242
v 0.300256 0.925055 -1.727242
v -0.300256 0.939294 -1.741868
v 0.300256 0.939294 -1.741868
v -0.300256 0.952777 -1.757109
v 0.300256 0.952777 -1.757109
v -0.300256 0.965506 -1.772965
v 0.300256 0.965506 -1.772965
v -0.300256 0.977481 -1.789438
v 0.300256 0.977481 -1.789438
v -0.300256 0.988701 -1.806526
v 0.300256 0.988701 -1.806526
v -0.300256 0.999092 -1.824130
v 0.300256 0.999092 -1.824130
v -0.300256 1.008579 -1.842151
v 0.300256 1.008579 -1.842151
v -0.300256 1.017163 -1.860590
v 0.300256 1.017163 -1.860590
v -0.300256 1.024843 -1.879445
v 0.300256 1.024843 -1.879445
v -0.300256 1.031619 -1.898717
v 0.300256 1.031619 -1.898717
v -0.300256 1.037492 -1.918407
v 0.300256 1.037492 -1.918407
v -0.300256 1.042462 -1.938513
v 0.300256 1.042462 -1.938513
v -0.300256 1.046528 -1.959036
v 0.300256 1.046528 -1.959036
v -0.300256 1.049690 -1.979977
v 0.300256 1.049690 -1.979977
v -0.300256 1.051949 -2.001334
v 0.300256 1.051949 -2.001334
v -0.300256 1.053304 -2.023109
v 0.300256 1.053304 -2.023109
v -0.300256 1.053756 -2.045301
v 0.300256 1.053756 -2.045301
v -0.300256 1.053305 -2.067492
v 0.300256 1.053305 -2.067492
v -0.300256 1.051949 -2.089267
v 0.300256 1.051949 -2.089267
v -0.300256 1.049690 -2.110624
v 0.300256 1.049690 -2.110624
v -0.300256 1.046528 -2.131565
v 0.300256 1.046528 -2.131565
v -0.300256 1.042462 -2.152088
v 0.300256 1.042462 -2.152088
v -0.300256 1.037493 -2.172195
v 0.300256 1.037493 -2.172195
v -0.300256 1.031620 -2.191884
v 0.300256 1.031620 -2.191884
v -0.300256 1.024843 -2.211157
v 0.300256 1.024843 -2.211157
v -0.300256 1.017163 -2.230012
v 0.300256 1.017163 -2.230012
v -0.300256 1.008579 -2.248450
v 0.300256 1.008579 -2.248450
v -0.300256 0.999092 -2.266471
v 0.300256 0.999092 -2.266471
v -0.300256 0.988701 -2.284076
v 0.300256 0.988701 -2.284076
v -0.300256 0.977481 -2.301159
v 0.300256 0.977481 -2.301159
v -0.300256 0.965506 -2.317616
v 0.300256 0.965506 -2.317616
v -0.300256 0.952777 -2.333448
v 0.300256 0.952777 -2.333448
v -0.300256 0.939294 -2.348655
v 0.300256 0.939294 -2.348655
v -0.300256 0.925055 -2.363235
v 0.300256 0.925055 -2.363235
v -0.300256 0.910062 -2.377191
v 0.300256 0.910062 -2.377191
v -0.300256 0.894315 -2.390521
v 0.300256 0.894315 -2.390521
v -0.300256 0.877813 -2.403225
v 0.300256 0.877813 -2.403225
v -0.300256 0.860556 -2.415303
v 0.300256 0.860556 -2.415303
v -0.300256 0.842544 -2.426757
v 0.300256 0.842544 -2.426757
v -0.300256 0.823779 -2.437584
v 0.300256 0.823779 -2.437584
v -0.300256 0.804258 -2.447787
v 0.300256 0.804258 -2.447787
v -0.300256 0.784037 -2.457264
v 0.300256 0.784037 -2.457264
v -0.300256 0.763171 -2.465918
v 0.300256 0.763171 -2.465918
v -0.300256 0.741660 -2.473747
v 0.300256 0.741660 -2.473747
v -0.300256 0.719503 -2.480752
v 0.300256 0.719503 -2.480752
v -0.300256 0.696701 -2.486933
v 0.300256 0.696701 -2.486933
v -0.300256 0.673253 -2.492290
v 0.300256 0.673253 -2.492290
v -0.300256 0.649160 -2.496822
v 0.300256 0.649160 -2.496822
v -0.300256 0.624422 -2.500530
v 0.300256 0.624422 -2.500530
v -0.300256 0.599038 -2.503415
v 0.300256 0.599038 -2.503415
v -0.300256 0.573009 -2.505475
v 0.300256 0.573009 -2.505475
v -0.300256 0.546335 -2.506711
v 0.300256 0.546335 -2.506711
v -0.300256 0.519015 -2.507123
v 0.300256 0.519015 -2.507123
v -0.300256 0.492146 -2.506711
v 0.300256 0.492146 -2.506711
v -0.300256 0.465874 -2.505475
v 0.300256 0.465874 -2.505475
v -0.300256 0.440197 -2.503415
v 0.300256 0.440197 -2.503415
v -0.300256 0.415116 -2.500530
v 0.300256 0.415116 -2.500530
v -0.300256 0.390631 -2.496822
v 0.300256 0.390631 -2.496822
v -0.300256 0.366742 -2.492290
v 0.300256 0.366742 -2.492290
v -0.300256 0.343448 -2.486933
v 0.300256 0.343448 -2.486933
v -0.300256 0.320750 -2.480752
v 0.300256 0.320750 -2.480752
v -0.300256 0.298648 -2.473747
v 0.300256 0.298648 -2.473747
v -0.300256 0.277142 -2.465918
v 0.300256 0.277142 -2.465918
v -0.300256 0.256231 -2.457264
v 0.300256 0.256231 -2.457264
v -0.300256 0.235916 -2.447787
v 0.300256 0.235916 -2.447787
v -0.300256 0.216281 -2.437585
v 0.300256 0.216281 -2.437585
v -0.300256 0.197411 -2.426757
v 0.300256 0.197411 -2.426757
v -0.300256 0.179305 -2.415304
v 0.300256 0.179305 -2.415304
v -0.300256 0.161964 -2.403225
v 0.300256 0.161964 -2.403225
v -0.300256 0.145387 -2.390521
v 0.300256 0.145387 -2.390521
v -0.300256 0.129575 -2.377192
v 0.300256 0.129575 -2.377192
v -0.300256 0.114528 -2.363236
v 0.300256 0.114528 -2.363236
v -0.300256 0.100245 -2.348655
v 0.300256 0.100245 -2.348655
v -0.300256 0.086726 -2.333449
v 0.300256 0.086726 -2.333449
v -0.300256 0.073972 -2.317617
v 0.300256 0.073972 -2.317617
v -0.300256 0.061983 -2.301160
v 0.300256 0.061983 -2.301160
v -0.300256 0.155848 -1.875156
v 0.300256 0.155848 -1.875156
v -0.300256 0.148311 -1.887915
v 0.300256 0.148311 -1.887915
v -0.300256 0.141431 -1.900932
v 0.300256 0.141431 -1.900932
v -0.300256 0.135205 -1.914207
v 0.300256 0.135205 -1.914207
v -0.300256 0.129635 -1.927740
v 0.300256 0.129635 -1.927740
v -0.300256 0.124720 -1.941532
v 0.300256 0.124720 -1.941532
v -0.300256 0.120460 -1.955582
v 0.300256 0.120460 -1.955582
v -0.300256 0.116856 -1.969890
v 0.300256 0.116856 -1.969890
v -0.300256 0.113907 -1.984455
v 0.300256 0.113907 -1.984455
v -0.300256 0.111613 -1.999279
v 0.300256 0.111613 -1.999279
v -0.300256 0.109975 -2.014362
v 0.300256 0.109975 -2.014362
v -0.300256 0.108992 -2.029702
v 0.300256 0.108992 -2.029702
v -0.300256 0.108664 -2.045301
v 0.300256 0.108665 -2.045301
v -0.300256 0.108992 -2.060671
v 0.300256 0.108992 -2.060671
v -0.300256 0.109975 -2.075803
v 0.300256 0.109975 -2.075803
v -0.300256 0.111613 -2.090697
v 0.300256 0.111613 -2.090697
v -0.300256 0.113907 -2.105352
v 0.300256 0.113907 -2.105352
v -0.300256 0.116856 -2.119770
v 0.300256 0.116856 -2.119770
v -0.300256 0.120460 -2.133949
v 0.300256 0.120460 -2.133949
v -0.300256 0.124720 -2.147889
v 0.300256 0.124720 -2.147889
v -0.300256 0.129635 -2.161591
v 0.300256 0.129635 -2.161591
v -0.300256 0.135205 -2.175055
v 0.300256 0.135205 -2.175055
v -0.300256 0.141431 -2.188280
v 0.300256 0.141431 -2.188280
v -0.300256 0.148311 -2.201267
v 0.300256 0.148311 -2.201267
v -0.300256 0.155848 -2.214016
v 0.300256 0.155848 -2.214016
v -0.300256 0.164024 -2.226428
v 0.300256 0.164024 -2.226428
v -0.300256 0.172826 -2.238402
v 0.300256 0.172826 -2.238402
v -0.300256 0.182254 -2.249940
v 0.300256 0.182254 -2.249940
v -0.300256 0.192307 -2.261040
v 0.300256 0.192307 -2.261040
v -0.300256 0.202986 -2.271704
v 0.300256 0.202986 -2.271704
v -0.300256 0.214290 -2.281931
v 0.300256 0.214290 -2.281931
v -0.300256 0.226220 -2.291722
v 0.300256 0.226220 -2.291722
v -0.300256 0.238775 -2.301075
v 0.300256 0.238776 -2.301075
v -0.300256 0.251956 -2.309991
v 0.300256 0.251956 -2.309991
v -0.300256 0.265763 -2.318471
v 0.300256 0.265763 -2.318471
v -0.300256 0.280195 -2.326513
v 0.300256 0.280195 -2.326513
v -0.300256 0.295252 -2.334119
v 0.300256 0.295252 -2.334119
v -0.300256 0.310896 -2.341198
v 0.300256 0.310896 -2.341198
v -0.300256 0.327085 -2.347662
v 0.300256 0.327085 -2.347662
v -0.300256 0.343820 -2.353511
v 0.300256 0.343820 -2.353511
v -0.300256 0.361102 -2.358743
v 0.300256 0.361102 -2.358743
v -0.300256 0.378930 -2.363360
v 0.300256 0.378930 -2.363360
v -0.300256 0.397304 -2.367362
v 0.300256 0.397304 -2.367362
v -0.300256 0.416223 -2.370747
v 0.300256 0.416223 -2.370747
v -0.300256 0.435690 -2.373517
v 0.300256 0.435690 -2.373517
v -0.300256 0.455702 -2.375672
v 0.300256 0.455702 -2.375672
v -0.300256 0.476260 -2.377211
v 0.300256 0.476260 -2.377211
v -0.300256 0.497364 -2.378135
v 0.300256 0.497364 -2.378135
v -0.300256 0.519014 -2.378442
v 0.300256 0.519014 -2.378442
v -0.300256 0.541122 -2.378134
v 0.300256 0.541122 -2.378134
v -0.300256 0.562643 -2.377211
v 0.300256 0.562643 -2.377211
v -0.300256 0.583578 -2.375672
v 0.300256 0.583578 -2.375672
v -0.300256 0.603928 -2.373517
v 0.300256 0.603928 -2.373517
v -0.300256 0.623692 -2.370747
v 0.300256 0.623692 -2.370747
v -0.300256 0.642870 -2.367361
v 0.300256 0.642870 -2.367361
v -0.300256 0.661462 -2.363360
v 0.300256 0.661462 -2.363360
v -0.300256 0.679469 -2.358743
v 0.300256 0.679469 -2.358743
v -0.300256 0.696889 -2.353510
v 0.300256 0.696889 -2.353510
v -0.300256 0.713724 -2.347662
v 0.300256 0.713724 -2.347662
v -0.300256 0.729973 -2.341198
v 0.300256 0.729973 -2.341198
v -0.300256 0.745636 -2.334119
v 0.300256 0.745636 -2.334119
v -0.300256 0.760694 -2.326513
v 0.300256 0.760694 -2.326513
v -0.300256 0.775126 -2.318470
v 0.300256 0.775126 -2.318470
v -0.300256 0.788932 -2.309991
v 0.300256 0.788932 -2.309991
v -0.300256 0.802113 -2.301075
v 0.300256 0.802113 -2.301075
v -0.300256 0.814669 -2.291721
v 0.300256 0.814669 -2.291721
v -0.300256 0.826598 -2.281931
v 0.300256 0.826598 -2.281931
v -0.300256 0.837903 -2.271704
v 0.300256 0.837903 -2.271704
v -0.300256 0.848581 -2.261040
v 0.300256 0.848581 -2.261040
v -0.300256 0.858635 -2.249939
v 0.300256 0.858635 -2.249939
v -0.300256 0.868062 -2.238402
v 0.300256 0.868062 -2.238402
v -0.300256 0.876865 -2.226427
v 0.300256 0.876865 -2.226427
v -0.300256 0.885041 -2.214016
v 0.300256 0.885041 -2.214016
v -0.300256 0.892577 -2.201267
v 0.300256 0.892577 -2.201267
v -0.300256 0.899458 -2.188280
v 0.300256 0.899458 -2.188280
v -0.300256 0.905684 -2.175055
v 0.300256 0.905684 -2.175055
v -0.300256 0.911254 -2.161591
v 0.300256 0.911254 -2.161591
v -0.300256 0.916169 -2.147889
v 0.300256 0.916169 -2.147889
v -0.300256 0.920428 -2.133949
v 0.300256 0.920428 -2.133949
v -0.300256 0.924033 -2.119770
v 0.300256 0.924033 -2.119770
v -0.300256 0.926982 -2.105352
v 0.300256 0.926982 -2.105352
v -0.300256 0.929275 -2.090697
v 0.300256 0.929275 -2.090697
v -0.300256 0.930913 -2.075803
v 0.300256 0.930913 -2.075803
v -0.300256 0.931896 -2.060671
v 0.300256 0.931896 -2.060671
v -0.300256 0.932224 -2.045301
v 0.300256 0.932224 -2.045301
v -0.300256 0.931891 -2.029702
v 0.300256 0.931891 -2.029702
v -0.300256 0.930894 -2.014362
v 0.300256 0.930894 -2.014362
v -0.300256 0.929231 -1.999279
v 0.300256 0.929231 -1.999279
v -0.300256 0.926902 -1.984455
v 0.300256 0.926902 -1.984455
v -0.300256 0.923909 -1.969889
v 0.300256 0.923909 -1.969889
v -0.300256 0.920250 -1.955582
v 0.300256 0.920250 -1.955582
v -0.300256 0.915926 -1.941532
v 0.300256 0.915926 -1.941532
v -0.300256 0.910936 -1.927740
v 0.300256 0.910936 -1.927740
v -0.300256 0.905282 -1.914207
v 0.300256 0.905282 -1.914207
v -0.300256 0.898962 -1.900932
v 0.300256 0.898962 -1.900932
v -0.300256 0.891977 -1.887914
v 0.300256 0.891977 -1.887914
v -0.300256 0.884326 -1.875156
v 0.300256 0.884326 -1.875156
v -0.300256 0.876040 -1.862744
v 0.300256 0.876040 -1.862744
v -0.300256 0.867149 -1.850770
v 0.300256 0.867149 -1.850770
v -0.300256 0.857652 -1.839232
v 0.300256 0.857652 -1.839232
v -0.300256 0.847549 -1.828131
v 0.300256 0.847549 -1.828131
v -0.300256 0.836840 -1.817467
v 0.300256 0.836840 -1.817467
v -0.300256 0.825526 -1.807240
v 0.300256 0.825526 -1.807240
v -0.300256 0.813606 -1.797450
v 0.300256 0.813606 -1.797450
v -0.300256 0.801081 -1.788097
v 0.300256 0.801081 -1.788097
v -0.300256 0.787950 -1.779181
v 0.300256 0.787950 -1.779181
v -0.300256 0.774213 -1.770701
v 0.300256 0.774213 -1.770701
v -0.300256 0.759870 -1.762659
v 0.300256 0.759870 -1.762659
v -0.300256 0.744922 -1.755053
v 0.300256 0.744922 -1.755053
v -0.300256 0.729373 -1.747974
v 0.300256 0.729373 -1.747974
v -0.300256 0.713228 -1.741510
v 0.300256 0.713228 -1.741510
v -0.300256 0.696487 -1.735661
v 0.300256 0.696487 -1.735661
v -0.300256 0.679151 -1.730429
v 0.300256 0.679151 -1.730429
v -0.300256 0.661219 -1.725812
v 0.300256 0.661219 -1.725812
v -0.300256 0.642691 -1.721810
v 0.300256 0.642691 -1.721810
v -0.300256 0.623568 -1.718425
v 0.300256 0.623568 -1.718425
v -0.300256 0.603849 -1.715655
v 0.300256 0.603849 -1.715655
v -0.300256 0.583534 -1.713500
v 0.300256 0.583534 -1.713500
v -0.300256 0.562623 -1.711961
v 0.300256 0.562623 -1.711961
v -0.300256 0.541117 -1.711037
v 0.300256 0.541117 -1.711037
v -0.300256 0.519014 -1.710730
v 0.300256 0.519014 -1.710730
v -0.300256 0.497364 -1.711038
v 0.300256 0.497364 -1.711038
v -0.300256 0.476260 -1.711961
v 0.300256 0.476260 -1.711961
v -0.300256 0.455702 -1.713500
v 0.300256 0.455702 -1.713500
v -0.300256 0.435689 -1.715655
v 0.300256 0.435689 -1.715655
v -0.300256 0.416223 -1.718425
v 0.300256 0.416223 -1.718425
v -0.300256 0.397304 -1.721811
v 0.300256 0.397304 -1.721811
v -0.300256 0.378930 -1.725812
v 0.300256 0.378930 -1.725812
v -0.300256 0.361102 -1.730429
v 0.300256 0.361102 -1.730429
v -0.300256 0.343820 -1.735662
v 0.300256 0.343820 -1.735662
v -0.300256 0.327085 -1.741510
v 0.300256 0.327085 -1.741510
v -0.300256 0.310896 -1.747974
v 0.300256 0.310896 -1.747974
v -0.300256 0.295252 -1.755053
v 0.300256 0.295252 -1.755053
v -0.300256 0.280195 -1.762659
v 0.300256 0.280195 -1.762659
v -0.300256 0.265763 -1.770702
v 0.300256 0.265763 -1.770702
v -0.300256 0.251956 -1.779181
v 0.300256 0.251956 -1.779181
v -0.300256 0.238775 -1.788098
v 0.300256 0.238775 -1.788098
v -0.300256 0.226220 -1.797451
v 0.300256 0.226220 -1.797451
v -0.300256 0.214290 -1.807241
v 0.300256 0.214290 -1.807241
v -0.300256 0.202986 -1.817468
v 0.300256 0.202986 -1.817468
v -0.300256 0.192307 -1.828132
v 0.300256 0.192307 -1.828132
v -0.300256 0.182254 -1.839233
v 0.300256 0.182254 -1.839233
v -0.300256 0.172826 -1.850770
v 0.300256 0.172826 -1.850770
v -0.300256 0.164024 -1.862745
v 0.300256 0.164024 -1.862745
vn 1.0000 -0.0000 -0.0000
vn 1.0000 -0.0000 -0.0009
vn 1.0000 -0.0000 0.0001
vn 1.0000 -0.0000 -0.0001
vn -1.0000 -0.0000 -0.0000
vn -1.0000 -0.0000 -0.0001
vn -1.0000 -0.0000 0.0001
vn -0.0000 -0.7071 -0.7071
vn -0.0000 -0.7071 0.7071
vn -0.0000 0.7071 0.7071
vn -0.0000 0.8254 -0.5645
vn -0.0000 0.3699 -0.9291
vn -0.0000 0.3737 -0.9275
vn -0.0000 0.3670 -0.9302
vn -0.0000 0.3607 -0.9327
vn -0.0000 0.3547 -0.9350
vn -0.0000 0.3490 -0.9371
vn -0.0000 0.3436 -0.9391
vn -0.0000 0.3385 -0.9410
vn -0.0000 0.3336 -0.9427
vn -0.0000 0.3290 -0.9443
vn -0.0000 0.3245 -0.9459
vn -0.0000 0.3203 -0.9473
vn -0.0000 0.3170 -0.9484
vn -0.0000 0.3153 -0.9490
vn -0.0000 0.3143 -0.9493
vn -0.0000 0.3134 -0.9496
vn -0.0000 0.3125 -0.9499
vn -0.0000 0.3116 -0.9502
vn -0.0000 0.3107 -0.9505
vn -0.0000 0.3099 -0.9508
vn -0.0000 0.3091 -0.9510
vn -0.0000 0.3083 -0.9513
vn -0.0000 0.3075 -0.9515
vn -0.0000 0.3067 -0.9518
vn -0.0000 0.3060 -0.9520
vn -0.0000 0.3051 -0.9523
vn -0.0000 0.3043 -0.9526
vn -0.0000 0.3034 -0.9529
vn -0.0000 0.3025 -0.9531
vn -0.0000 0.3016 -0.9534
vn -0.0000 0.3007 -0.9537
vn -0.0000 0.2998 -0.9540
vn -0.0000 0.2989 -0.9543
vn -0.0000 0.2980 -0.9546
vn -0.0000 0.2971 -0.9548
vn -0.0000 0.2962 -0.9551
vn -0.0000 0.2950 -0.9555
vn -0.0000 0.2931 -0.9561
vn -0.0000 0.2909 -0.9568
vn -0.0000 0.2886 -0.9574
vn -0.0000 0.2862 -0.9582
vn -0.0000 0.2837 -0.9589
vn -0.0000 0.2811 -0.9597
vn -0.0000 0.2784 -0.9605
vn -0.0000 0.2756 -0.9613
vn -0.0000 0.2727 -0.9621
vn -0.0000 0.2696 -0.9630
vn -0.0000 0.2664 -0.9639
vn -0.0000 -0.6063 -0.7952
vn -0.0000 -0.5851 0.8110
vn -0.0000 0.3146 0.9492
vn -0.0000 0.3130 0.9497
vn -0.0000 0.3115 0.9503
vn -0.0000 0.3100 0.9507
vn -0.0000 0.3086 0.9512
vn -0.0000 0.3073 0.9516
vn -0.0000 0.3060 0.9520
vn -0.0000 0.3048 0.9524
vn -0.0000 0.3036 0.9528
vn -0.0000 0.3025 0.9532
vn -0.0000 0.3013 0.9535
vn -0.0000 0.3006 0.9538
vn -0.0000 0.3004 0.9538
vn -0.0000 0.3005 0.9538
vn -0.0000 0.3006 0.9537
vn -0.0000 0.3007 0.9537
vn -0.0000 0.3008 0.9537
vn -0.0000 0.3009 0.9536
vn -0.0000 0.3010 0.9536
vn -0.0000 0.3011 0.9536
vn -0.0000 0.3016 0.9534
vn -0.0000 0.3031 0.9530
vn -0.0000 0.3051 0.9523
vn -0.0000 0.3071 0.9517
vn -0.0000 0.3092 0.9510
vn -0.0000 0.3114 0.9503
vn -0.0000 0.3135 0.9496
vn -0.0000 0.3158 0.9488
vn -0.0000 0.3181 0.9481
vn -0.0000 0.3204 0.9473
vn -0.0000 0.3228 0.9465
vn -0.0000 0.3253 0.9456
vn -0.0000 0.3272 0.9450
vn -0.0000 0.3281 0.9446
vn -0.0000 0.3284 0.9445
vn -0.0000 0.3287 0.9444
vn -0.0000 0.3291 0.9443
vn -0.0000 0.3295 0.9442
vn -0.0000 0.3298 0.9440
vn -0.0000 0.3303 0.9439
vn -0.0000 0.3307 0.9437
vn -0.0000 0.3312 0.9436
vn -0.0000 0.3317 0.9434
vn -0.0000 0.3323 0.9432
vn -0.0000 0.3459 0.9383
vn -0.0000 0.8244 0.5661
vn -0.0000 0.7071 -0.7071
vn -0.0000 0.0005 1.0000
vn -0.0000 0.0018 1.0000
vn -0.0000 0.0035 1.0000
vn -0.0000 0.0051 1.0000
vn -0.0000 0.0067 1.0000
vn -0.0000 0.0082 1.0000
vn -0.0000 0.0097 1.0000
vn -0.0000 0.0111 0.9999
vn -0.0000 0.0125 0.9999
vn -0.0000 0.0138 0.9999
vn -0.0000 0.0151 0.9999
vn -0.0000 0.0163 0.9999
vn -0.0000 0.0172 0.9999
vn -0.0000 0.0174 0.9998
vn -0.0000 0.0171 0.9999
vn -0.0000 0.0169 0.9999
vn -0.0000 0.0168 0.9999
vn -0.0000 0.0167 0.9999
vn -0.0000 0.0165 0.9999
vn -0.0000 0.0164 0.9999
vn -0.0000 0.0161 0.9999
vn -0.0000 0.0160 0.9999
vn -0.0000 0.0162 0.9999
vn -0.0000 0.0185 0.9998
vn -0.0000 0.0198 0.9998
vn -0.0000 0.0210 0.9998
vn -0.0000 0.0223 0.9998
vn -0.0000 0.0236 0.9997
vn -0.0000 0.0249 0.9997
vn -0.0000 0.0262 0.9997
vn -0.0000 0.0274 0.9996
vn -0.0000 0.0287 0.9996
vn -0.0000 0.0300 0.9996
vn -0.0000 0.0303 0.9995
vn -0.0000 0.0211 0.9998
vn -0.0000 0.0159 0.9999
vn -0.0000 0.0133 0.9999
vn -0.0000 0.0106 0.9999
vn -0.0000 0.0080 1.0000
vn -0.0000 0.0053 1.0000
vn -0.0000 0.0027 1.0000
vn -0.0000 0.7076 0.7066
vn -0.0000 0.5985 -0.8011
vn -0.0000 -0.2851 -0.9585
vn -0.0000 -0.2880 -0.9576
vn -0.0000 -0.2909 -0.9568
vn -0.0000 -0.2938 -0.9559
vn -0.0000 -0.2966 -0.9550
vn -0.0000 -0.2994 -0.9541
vn -0.0000 -0.3023 -0.9532
vn -0.0000 -0.3051 -0.9523
vn -0.0000 -0.3079 -0.9514
vn -0.0000 -0.3107 -0.9505
vn -0.0000 -0.3135 -0.9496
vn -0.0000 -0.3157 -0.9489
vn -0.0000 -0.3169 -0.9485
vn -0.0000 -0.3176 -0.9482
vn -0.0000 -0.3183 -0.9480
vn -0.0000 -0.3190 -0.9477
vn -0.0000 -0.3198 -0.9475
vn -0.0000 -0.3205 -0.9472
vn -0.0000 -0.3212 -0.9470
vn -0.0000 -0.3220 -0.9467
vn -0.0000 -0.3228 -0.9465
vn -0.0000 -0.3235 -0.9462
vn -0.0000 -0.3243 -0.9460
vn -0.0000 -0.3251 -0.9457
vn -0.0000 -0.3260 -0.9454
vn -0.0000 -0.3269 -0.9451
vn -0.0000 -0.3278 -0.9448
vn -0.0000 -0.3287 -0.9444
vn -0.0000 -0.3297 -0.9441
vn -0.0000 -0.3307 -0.9437
vn -0.0000 -0.3317 -0.9434
vn -0.0000 -0.3328 -0.9430
vn -0.0000 -0.3339 -0.9426
vn -0.0000 -0.3351 -0.9422
vn -0.0000 -0.3363 -0.9418
vn -0.0000 -0.3375 -0.9413
vn -0.0000 -0.3389 -0.9408
vn -0.0000 -0.3405 -0.9402
vn -0.0000 -0.3421 -0.9396
vn -0.0000 -0.3439 -0.9390
vn -0.0000 -0.3457 -0.9383
vn -0.0000 -0.3477 -0.9376
vn -0.0000 -0.3498 -0.9368
vn -0.0000 -0.3520 -0.9360
vn -0.0000 -0.3543 -0.9351
vn -0.0000 -0.3569 -0.9342
vn -0.0000 -0.3596 -0.9331
vn -0.0000 -0.3629 -0.9318
vn -0.0000 -0.8261 -0.5636
vn -0.0000 -0.8273 0.5618
vn -0.0000 -0.3736 0.9276
vn -0.0000 -0.3763 0.9265
vn -0.0000 -0.3721 0.9282
vn -0.0000 -0.3683 0.9297
vn -0.0000 -0.3647 0.9311
vn -0.0000 -0.3614 0.9324
vn -0.0000 -0.3583 0.9336
vn -0.0000 -0.3554 0.9347
vn -0.0000 -0.3526 0.9358
vn -0.0000 -0.3501 0.9367
vn -0.0000 -0.3476 0.9376
vn -0.0000 -0.3454 0.9385
vn -0.0000 -0.3434 0.9392
vn -0.0000 -0.3419 0.9397
vn -0.0000 -0.3406 0.9402
vn -0.0000 -0.3393 0.9407
vn -0.0000 -0.3381 0.9411
vn -0.0000 -0.3369 0.9415
vn -0.0000 -0.3358 0.9419
vn -0.0000 -0.3347 0.9423
vn -0.0000 -0.3337 0.9427
vn -0.0000 -0.3326 0.9431
vn -0.0000 -0.3316 0.9434
vn -0.0000 -0.3306 0.9438
vn -0.0000 -0.3295 0.9441
vn -0.0000 -0.3281 0.9446
vn -0.0000 -0.3265 0.9452
vn -0.0000 -0.3250 0.9457
vn -0.0000 -0.3235 0.9462
vn -0.0000 -0.3220 0.9468
vn -0.0000 -0.3205 0.9472
vn -0.0000 -0.3191 0.9477
vn -0.0000 -0.3176 0.9482
vn -0.0000 -0.3162 0.9487
vn -0.0000 -0.3149 0.9491
vn -0.0000 -0.3135 0.9496
vn -0.0000 -0.3131 0.9497
vn -0.0000 -0.3145 0.9492
vn -0.0000 -0.3169 0.9485
vn -0.0000 -0.3192 0.9477
vn -0.0000 -0.3216 0.9469
vn -0.0000 -0.3239 0.9461
vn -0.0000 -0.3262 0.9453
vn -0.0000 -0.3285 0.9445
vn -0.0000 -0.3307 0.9437
vn -0.0000 -0.3330 0.9429
vn -0.0000 -0.3352 0.9421
vn -0.0000 -0.3374 0.9413
vn -0.0000 0.5751 0.8181
vn -0.0000 0.7193 -0.6947
vn -0.0000 0.0339 -0.9994
vn -0.0000 0.0321 -0.9995
vn -0.0000 0.0303 -0.9995
vn -0.0000 0.0286 -0.9996
vn -0.0000 0.0269 -0.9996
vn -0.0000 0.0252 -0.9997
vn -0.0000 0.0236 -0.9997
vn -0.0000 0.0220 -0.9998
vn -0.0000 0.0204 -0.9998
vn -0.0000 0.0189 -0.9998
vn -0.0000 0.0174 -0.9998
vn -0.0000 0.0162 -0.9999
vn -0.0000 0.0159 -0.9999
vn -0.0000 0.0160 -0.9999
vn -0.0000 0.0161 -0.9999
vn -0.0000 0.0163 -0.9999
vn -0.0000 0.0164 -0.9999
vn -0.0000 0.0165 -0.9999
vn -0.0000 0.0166 -0.9999
vn -0.0000 0.0155 -0.9999
vn -0.0000 0.0144 -0.9999
vn -0.0000 0.0132 -0.9999
vn -0.0000 0.0119 -0.9999
vn -0.0000 0.0106 -0.9999
vn -0.0000 0.0092 -1.0000
vn -0.0000 0.0079 -1.0000
vn -0.0000 0.0064 -1.0000
vn -0.0000 0.0049 -1.0000
vn -0.0000 0.0033 -1.0000
vn -0.0000 0.0017 -1.0000
vn -0.0000 0.0004 -1.0000
vn -0.0000 -0.9478 -0.3187
vn -0.0000 -0.9565 -0.2918
vn -0.0000 -0.9644 -0.2644
vn -0.0000 -0.9715 -0.2369
vn -0.0000 -0.9778 -0.2096
vn -0.0000 -0.9832 -0.1823
vn -0.0000 -0.9879 -0.1553
vn -0.0000 -0.9917 -0.1285
vn -0.0000 -0.9948 -0.1020
vn -0.0000 -0.9971 -0.0759
vn -0.0000 -0.9987 -0.0501
vn -0.0000 -0.9997 -0.0249
vn -0.0000 -1.0000 0.0040
vn -0.0000 -0.9991 0.0412
vn -0.0000 -0.9965 0.0837
vn -0.0000 -0.9919 0.1273
vn -0.0000 -0.9851 0.1719
vn -0.0000 -0.9761 0.2172
vn -0.0000 -0.9648 0.2630
vn -0.0000 -0.9511 0.3089
vn -0.0000 -0.9350 0.3546
vn -0.0000 -0.9166 0.3998
vn -0.0000 -0.8960 0.4441
vn -0.0000 -0.8733 0.4872
vn -0.0000 -0.8487 0.5288
vn -0.0000 -0.8224 0.5689
vn -0.0000 -0.7941 0.6078
vn -0.0000 -0.7639 0.6453
vn -0.0000 -0.7320 0.6813
vn -0.0000 -0.6986 0.7155
vn -0.0000 -0.6641 0.7477
vn -0.0000 -0.6286 0.7777
vn -0.0000 -0.5925 0.8055
vn -0.0000 -0.5561 0.8311
vn -0.0000 -0.5196 0.8544
vn -0.0000 -0.4833 0.8755
vn -0.0000 -0.4461 0.8950
vn -0.0000 -0.4067 0.9136
vn -0.0000 -0.3661 0.9306
vn -0.0000 -0.3256 0.9455
vn -0.0000 -0.2856 0.9583
vn -0.0000 -0.2462 0.9692
vn -0.0000 -0.2077 0.9782
vn -0.0000 -0.1701 0.9854
vn -0.0000 -0.1336 0.9910
vn -0.0000 -0.0983 0.9952
vn -0.0000 -0.0643 0.9979
vn -0.0000 -0.0315 0.9995
vn -0.0000 -0.0001 1.0000
vn -0.0000 0.0311 0.9995
vn -0.0000 0.0634 0.9980
vn -0.0000 0.0971 0.9953
vn -0.0000 0.1321 0.9912
vn -0.0000 0.1685 0.9857
vn -0.0000 0.2062 0.9785
vn -0.0000 0.2450 0.9695
vn -0.0000 0.2847 0.9586
vn -0.0000 0.3664 0.9305
vn -0.0000 0.4079 0.9130
vn -0.0000 0.4480 0.8940
vn -0.0000 0.4854 0.8743
vn -0.0000 0.5217 0.8532
vn -0.0000 0.5581 0.8298
vn -0.0000 0.5943 0.8042
vn -0.0000 0.6302 0.7764
vn -0.0000 0.6655 0.7464
vn -0.0000 0.6998 0.7143
vn -0.0000 0.7330 0.6803
vn -0.0000 0.7646 0.6445
vn -0.0000 0.7946 0.6072
vn -0.0000 0.8226 0.5686
vn -0.0000 0.8488 0.5287
vn -0.0000 0.8733 0.4872
vn -0.0000 0.8960 0.4441
vn -0.0000 0.9166 0.3998
vn -0.0000 0.9350 0.3546
vn -0.0000 0.9511 0.3089
vn -0.0000 0.9648 0.2630
vn -0.0000 0.9761 0.2172
vn -0.0000 0.9851 0.1719
vn -0.0000 0.9919 0.1273
vn -0.0000 0.9965 0.0837
vn -0.0000 0.9991 0.0412
vn -0.0000 1.0000 0.0042
vn -0.0000 0.9997 -0.0241
vn -0.0000 0.9988 -0.0486
vn -0.0000 0.9973 -0.0736
vn -0.0000 0.9951 -0.0989
vn -0.0000 0.9922 -0.1247
vn -0.0000 0.9886 -0.1507
vn -0.0000 0.9842 -0.1770
vn -0.0000 0.9791 -0.2035
vn -0.0000 0.9732 -0.2301
vn -0.0000 0.9664 -0.2569
vn -0.0000 0.9589 -0.2837
vn -0.0000 0.9506 -0.3104
vn -0.0000 0.9414 -0.3372
vn -0.0000 0.9314 -0.3641
vn -0.0000 0.9204 -0.3910
vn -0.0000 0.9085 -0.4178
vn -0.0000 0.8957 -0.4446
vn -0.0000 0.8821 -0.4711
vn -0.0000 0.8675 -0.4974
vn -0.0000 0.8521 -0.5234
vn -0.0000 0.8359 -0.5489
vn -0.0000 0.8189 -0.5739
vn -0.0000 0.8012 -0.5984
vn -0.0000 0.7827 -0.6224
vn -0.0000 0.7633 -0.6460
vn -0.0000 0.7430 -0.6692
vn -0.0000 0.7220 -0.6918
vn -0.0000 0.7004 -0.7138
vn -0.0000 0.6781 -0.7350
vn -0.0000 0.6553 -0.7553
vn -0.0000 0.6321 -0.7749
vn -0.0000 0.6085 -0.7936
vn -0.0000 0.5845 -0.8114
vn -0.0000 0.5604 -0.8282
vn -0.0000 0.5361 -0.8442
vn -0.0000 0.5106 -0.8598
vn -0.0000 0.4825 -0.8759
vn -0.0000 0.4530 -0.8915
vn -0.0000 0.4232 -0.9060
vn -0.0000 0.3932 -0.9195
vn -0.0000 0.3631 -0.9317
vn -0.0000 0.3331 -0.9429
vn -0.0000 0.3032 -0.9529
vn -0.0000 0.2736 -0.9618
vn -0.0000 0.2442 -0.9697
vn -0.0000 0.2153 -0.9766
vn -0.0000 0.1868 -0.9824
vn -0.0000 -0.6432 -0.7657
vn -0.0000 -0.7808 0.6247
vn -0.0000 -0.2332 0.9724
vn -0.0000 -0.2608 0.9654
vn -0.0000 -0.2890 0.9573
vn -0.0000 -0.3177 0.9482
vn -0.0000 -0.3468 0.9379
vn -0.0000 -0.4060 0.9139
vn -0.0000 -0.4359 0.9000
vn -0.0000 -0.4658 0.8849
vn -0.0000 -0.4957 0.8685
vn -0.0000 -0.5254 0.8509
vn -0.0000 -0.5533 0.8330
vn -0.0000 -0.5783 0.8159
vn -0.0000 -0.6016 0.7988
vn -0.0000 -0.6247 0.7808
vn -0.0000 -0.6475 0.7620
vn -0.0000 -0.6699 0.7424
vn -0.0000 -0.6919 0.7220
vn -0.0000 -0.7134 0.7008
vn -0.0000 -0.7342 0.6789
vn -0.0000 -0.7544 0.6564
vn -0.0000 -0.7739 0.6333
vn -0.0000 -0.7927 0.6096
vn -0.0000 -0.8104 0.5859
vn -0.0000 -0.8268 0.5625
vn -0.0000 -0.8423 0.5390
vn -0.0000 -0.8572 0.5151
vn -0.0000 -0.8713 0.4907
vn -0.0000 -0.8847 0.4661
vn -0.0000 -0.8974 0.4412
vn -0.0000 -0.9093 0.4162
vn -0.0000 -0.9204 0.3910
vn -0.0000 -0.9307 0.3657
vn -0.0000 -0.9403 0.3404
vn -0.0000 -0.9490 0.3152
vn -0.0000 -0.9569 0.2903
vn -0.0000 -0.9640 0.2658
vn -0.0000 -0.9704 0.2414
vn -0.0000 -0.9762 0.2169
vn -0.0000 -0.9813 0.1924
vn -0.0000 -0.9858 0.1679
vn -0.0000 -0.9897 0.1435
vn -0.0000 -0.9929 0.1191
vn -0.0000 -0.9955 0.0948
vn -0.0000 -0.9975 0.0708
vn -0.0000 -0.9989 0.0469
vn -0.0000 -0.9997 0.0233
vn -0.0000 -1.0000 -0.0049
vn -0.0000 -0.9991 -0.0432
vn -0.0000 -0.9962 -0.0875
vn -0.0000 -0.9911 -0.1328
vn -0.0000 -0.9838 -0.1790
vn -0.0000 -0.9742 -0.2257
vn -0.0000 -0.9621 -0.2727
vn -0.0000 -0.9476 -0.3195
vn -0.0000 -0.9307 -0.3658
vn -0.0000 -0.9115 -0.4114
vn -0.0000 -0.8901 -0.4557
vn -0.0000 -0.8668 -0.4987
vn -0.0000 -0.8415 -0.5403
vn -0.0000 -0.8139 -0.5811
vn -0.0000 -0.7840 -0.6208
vn -0.0000 -0.7522 -0.6589
vn -0.0000 -0.7189 -0.6951
vn -0.0000 -0.6843 -0.7292
vn -0.0000 -0.6486 -0.7611
vn -0.0000 -0.6123 -0.7906
vn -0.0000 -0.5756 -0.8177
vn -0.0000 -0.5388 -0.8424
vn -0.0000 -0.5022 -0.8647
vn -0.0000 -0.4660 -0.8848
vn -0.0000 -0.4286 -0.9035
vn -0.0000 -0.3882 -0.9216
vn -0.0000 -0.3466 -0.9380
vn -0.0000 -0.3059 -0.9521
vn -0.0000 -0.2663 -0.9639
vn -0.0000 -0.2279 -0.9737
vn -0.0000 -0.1909 -0.9816
vn -0.0000 -0.1554 -0.9879
vn -0.0000 -0.1213 -0.9926
vn -0.0000 -0.0888 -0.9961
vn -0.0000 -0.0578 -0.9983
vn -0.0000 -0.0282 -0.9996
vn -0.0000 0.0002 -1.0000
vn -0.0000 0.0290 -0.9996
vn -0.0000 0.0592 -0.9982
vn -0.0000 0.0910 -0.9959
vn -0.0000 0.1242 -0.9923
vn -0.0000 0.1590 -0.9873
vn -0.0000 0.1951 -0.9808
vn -0.0000 0.2326 -0.9726
vn -0.0000 0.2715 -0.9625
vn -0.0000 0.3114 -0.9503
vn -0.0000 0.3523 -0.9359
vn -0.0000 0.3939 -0.9191
vn -0.0000 0.4342 -0.9008
vn -0.0000 0.4714 -0.8819
vn -0.0000 0.5073 -0.8618
vn -0.0000 0.5436 -0.8393
vn -0.0000 0.5802 -0.8145
vn -0.0000 0.6167 -0.7872
vn -0.0000 0.6528 -0.7575
vn -0.0000 0.6883 -0.7254
vn -0.0000 0.7228 -0.6910
vn -0.0000 0.7561 -0.6545
vn -0.0000 0.7877 -0.6160
vn -0.0000 0.8175 -0.5759
vn -0.0000 0.8449 -0.5349
vn -0.0000 0.8696 -0.4937
vn -0.0000 0.8923 -0.4515
vn -0.0000 0.9131 -0.4078
vn -0.0000 0.9318 -0.3630
vn -0.0000 0.9483 -0.3173
vn -0.0000 0.9626 -0.2710
vn -0.0000 0.9745 -0.2246
vn -0.0000 0.9840 -0.1783
vn -0.0000 0.9912 -0.1324
vn -0.0000 0.9962 -0.0873
vn -0.0000 0.9991 -0.0431
vn -0.0000 1.0000 -0.0049
vn -0.0000 0.9997 0.0233
vn -0.0000 0.9989 0.0469
vn -0.0000 0.9975 0.0708
vn -0.0000 0.9955 0.0948
vn -0.0000 0.9929 0.1191
vn -0.0000 0.9897 0.1435
vn -0.0000 0.9858 0.1679
vn -0.0000 0.9813 0.1924
vn -0.0000 0.9762 0.2169
vn -0.0000 0.9704 0.2414
vn -0.0000 0.9640 0.2658
vn -0.0000 0.9569 0.2903
vn -0.0000 0.9490 0.3152
vn -0.0000 0.9403 0.3404
vn -0.0000 0.9307 0.3657
vn -0.0000 0.9204 0.3910
vn -0.0000 0.9093 0.4162
vn -0.0000 0.8974 0.4412
vn -0.0000 0.8847 0.4661
vn -0.0000 0.8713 0.4907
vn -0.0000 0.8572 0.5151
vn -0.0000 0.8423 0.5390
vn -0.0000 0.8268 0.5625
vn -0.0000 0.8104 0.5859
vn -0.0000 0.7927 0.6096
vn -0.0000 0.7739 0.6333
vn -0.0000 0.7544 0.6564
vn -0.0000 0.7342 0.6789
vn -0.0000 0.7134 0.7008
vn -0.0000 0.6919 0.7220
vn -0.0000 0.6699 0.7424
vn -0.0000 0.6475 0.7620
vn -0.0000 0.6247 0.7808
vn -0.0000 0.6016 0.7988
vn -0.0000 0.5783 0.8158
vn -0.0000 0.5536 0.8328
vn -0.0000 0.5264 0.8502
vn -0.0000 0.4977 0.8673
vn -0.0000 0.4688 0.8833
vn -0.0000 0.4396 0.8982
vn -0.0000 0.4104 0.9119
vn -0.0000 0.3812 0.9245
vn -0.0000 0.3521 0.9360
vn -0.0000 0.3232 0.9463
vn -0.0000 0.2946 0.9556
vn -0.0000 0.2664 0.9638
vn -0.0000 0.2387 0.9711
vn -0.0000 0.7826 0.6225
vn -0.0000 0.6422 -0.7665
vn -0.0000 -0.1891 -0.9820
vn -0.0000 -0.2170 -0.9762
vn -0.0000 -0.2453 -0.9694
vn -0.0000 -0.2740 -0.9617
vn -0.0000 -0.3028 -0.9530
vn -0.0000 -0.3319 -0.9433
vn -0.0000 -0.3610 -0.9326
vn -0.0000 -0.3901 -0.9208
vn -0.0000 -0.4191 -0.9079
vn -0.0000 -0.4479 -0.8941
vn -0.0000 -0.4764 -0.8792
vn -0.0000 -0.5040 -0.8637
vn -0.0000 -0.5303 -0.8478
vn -0.0000 -0.5559 -0.8313
vn -0.0000 -0.5813 -0.8137
vn -0.0000 -0.6064 -0.7952
vn -0.0000 -0.6311 -0.7757
vn -0.0000 -0.6553 -0.7553
vn -0.0000 -0.6790 -0.7341
vn -0.0000 -0.7021 -0.7121
vn -0.0000 -0.7244 -0.6893
vn -0.0000 -0.7460 -0.6659
vn -0.0000 -0.7668 -0.6419
vn -0.0000 -0.7862 -0.6179
vn -0.0000 -0.8041 -0.5945
vn -0.0000 -0.8209 -0.5711
vn -0.0000 -0.8370 -0.5472
vn -0.0000 -0.8525 -0.5228
vn -0.0000 -0.8672 -0.4980
vn -0.0000 -0.8811 -0.4729
vn -0.0000 -0.8943 -0.4476
vn -0.0000 -0.9066 -0.4220
vn -0.0000 -0.9181 -0.3963
vn -0.0000 -0.9288 -0.3706
vn -0.0000 -0.9387 -0.3448
vn -0.0000 -0.8487 -0.5289
vn -0.0000 -0.8733 -0.4872
vn -0.0000 -0.8960 -0.4441
vn -0.0000 -0.9166 -0.3998
vn -0.0000 -0.9350 -0.3546
vn -0.0000 -0.9511 -0.3089
vn -0.0000 -0.9648 -0.2630
vn -0.0000 -0.9761 -0.2172
vn -0.0000 -0.9851 -0.1719
vn -0.0000 -0.9919 -0.1273
vn -0.0000 -0.9965 -0.0837
vn -0.0000 -0.9991 -0.0412
vn -0.0000 -1.0000 -0.0000
vn -0.0000 0.6303 0.7764
vn -0.0000 1.0000 -0.0000
vn -0.0000 0.9991 -0.0412
vn -0.0000 0.9965 -0.0837
vn -0.0000 0.9919 -0.1273
vn -0.0000 0.9851 -0.1719
vn -0.0000 0.9761 -0.2172
vn -0.0000 0.9648 -0.2630
vn -0.0000 0.9511 -0.3089
vn -0.0000 0.9350 -0.3546
vn -0.0000 0.9166 -0.3998
vn -0.0000 0.8960 -0.4441
vn -0.0000 0.8733 -0.4872
vn -0.0000 0.8488 -0.5288
vn -0.0000 0.8225 -0.5688
vn -0.0000 0.7942 -0.6077
vn -0.0000 0.7640 -0.6452
vn -0.0000 0.7320 -0.6813
vn -0.0000 0.6986 -0.7155
vn -0.0000 0.6639 -0.7478
vn -0.0000 0.6282 -0.7780
vn -0.0000 0.5919 -0.8060
vn -0.0000 0.5551 -0.8318
vn -0.0000 0.5183 -0.8552
vn -0.0000 0.4816 -0.8764
vn -0.0000 0.4439 -0.8961
vn -0.0000 0.4038 -0.9148
vn -0.0000 0.3626 -0.9319
vn -0.0000 0.3218 -0.9468
vn -0.0000 0.2816 -0.9595
vn -0.0000 0.2422 -0.9702
vn -0.0000 0.2038 -0.9790
vn -0.0000 0.1666 -0.9860
vn -0.0000 0.1306 -0.9914
vn -0.0000 0.0959 -0.9954
vn -0.0000 0.0626 -0.9980
vn -0.0000 0.0307 -0.9995
vn -0.0000 -0.0001 -1.0000
vn -0.0000 -0.0312 -0.9995
vn -0.0000 -0.0635 -0.9980
vn -0.0000 -0.0971 -0.9953
vn -0.0000 -0.1320 -0.9912
vn -0.0000 -0.1681 -0.9858
vn -0.0000 -0.2053 -0.9787
vn -0.0000 -0.2435 -0.9699
vn -0.0000 -0.2825 -0.9593
vn -0.0000 -0.3222 -0.9467
vn -0.0000 -0.3623 -0.9321
vn -0.0000 -0.4027 -0.9153
vn -0.0000 -0.4420 -0.8970
vn -0.0000 -0.4795 -0.8776
vn -0.0000 -0.5163 -0.8564
vn -0.0000 -0.5532 -0.8330
vn -0.0000 -0.5901 -0.8073
vn -0.0000 -0.6266 -0.7794
vn -0.0000 -0.6625 -0.7491
vn -0.0000 -0.6974 -0.7167
vn -0.0000 -0.7311 -0.6823
vn -0.0000 -0.7633 -0.6461
vn -0.0000 -0.7937 -0.6083
vn -0.0000 -0.8222 -0.5691
vn -0.0000 0.8483 -0.5295
vn -0.0000 0.8728 -0.4881
vn -0.0000 0.8950 -0.4461
vn -0.0000 0.9153 -0.4027
vn -0.0000 0.9336 -0.3583
vn -0.0000 0.9498 -0.3130
vn -0.0000 0.9636 -0.2673
vn -0.0000 0.9752 -0.2214
vn -0.0000 0.9844 -0.1757
vn -0.0000 0.9915 -0.1305
vn -0.0000 0.9963 -0.0860
vn -0.0000 0.9991 -0.0425
vn -0.0000 1.0000 0.0002
vn -0.0000 0.9991 0.0431
vn -0.0000 0.9962 0.0871
vn -0.0000 0.9912 0.1320
vn -0.0000 0.9841 0.1776
vn -0.0000 0.9747 0.2234
vn -0.0000 0.9630 0.2694
vn -0.0000 0.9491 0.3150
vn -0.0000 0.9329 0.3601
vn -0.0000 0.9147 0.4042
vn -0.0000 0.8945 0.4472
vn -0.0000 0.8725 0.4887
vn -0.0000 0.8482 0.5297
vn -0.0000 0.8207 0.5714
vn -0.0000 0.7903 0.6127
vn -0.0000 0.7580 0.6522
vn -0.0000 0.7241 0.6896
vn -0.0000 0.6890 0.7248
vn -0.0000 0.6528 0.7575
vn -0.0000 0.6161 0.7877
vn -0.0000 0.5790 0.8153
vn -0.0000 0.5420 0.8404
vn -0.0000 0.5052 0.8630
vn -0.0000 0.4689 0.8832
vn -0.0000 0.4317 0.9020
vn -0.0000 0.3917 0.9201
vn -0.0000 0.3504 0.9366
vn -0.0000 0.3099 0.9508
vn -0.0000 0.2703 0.9628
vn -0.0000 0.2318 0.9728
vn -0.0000 0.1945 0.9809
vn -0.0000 0.1585 0.9874
vn -0.0000 0.1240 0.9923
vn -0.0000 0.0909 0.9959
vn -0.0000 0.0592 0.9982
vn -0.0000 0.0290 0.9996
vn -0.0000 0.0001 1.0000
vn -0.0000 -0.0284 0.9996
vn -0.0000 -0.0581 0.9983
vn -0.0000 -0.0893 0.9960
vn -0.0000 -0.1221 0.9925
vn -0.0000 -0.1564 0.9877
vn -0.0000 -0.1922 0.9814
vn -0.0000 -0.2294 0.9733
vn -0.0000 -0.2681 0.9634
vn -0.0000 -0.3080 0.9514
vn -0.0000 -0.3490 0.9371
vn -0.0000 -0.3908 0.9205
vn -0.0000 -0.4315 0.9021
vn -0.0000 -0.4689 0.8832
vn -0.0000 -0.5052 0.8630
vn -0.0000 -0.5420 0.8404
vn -0.0000 -0.5790 0.8153
vn -0.0000 -0.6161 0.7877
vn -0.0000 -0.6528 0.7575
vn -0.0000 -0.6890 0.7248
vn -0.0000 -0.7241 0.6896
vn -0.0000 -0.7580 0.6522
vn -0.0000 -0.7903 0.6127
vn -0.0000 -0.8207 0.5714
vn -0.0000 -0.8482 0.5297
vn -0.0000 -0.8725 0.4887
vn -0.0000 -0.8945 0.4472
vn -0.0000 -0.9147 0.4042
vn -0.0000 -0.9329 0.3601
vn -0.0000 -0.9491 0.3150
vn -0.0000 -0.9630 0.2694
vn -0.0000 -0.9747 0.2234
vn -0.0000 -0.9841 0.1776
vn -0.0000 -0.9912 0.1320
vn -0.0000 -0.9962 0.0871
vn -0.0000 -0.9991 0.0431
vn -0.0000 -0.9991 -0.0431
vn -0.0000 -0.9962 -0.0873
vn -0.0000 -0.9912 -0.1324
vn -0.0000 -0.9840 -0.1783
vn -0.0000 -0.9745 -0.2246
vn -0.0000 -0.9626 -0.2710
vn -0.0000 -0.9483 -0.3173
vn -0.0000 -0.9318 -0.3630
vn -0.0000 -0.9131 -0.4078
vn -0.0000 -0.8923 -0.4515
vn -0.0000 -0.8696 -0.4937
vn -0.0000 -0.8449 -0.5349
vn -0.0000 -0.8175 -0.5759
vn -0.0000 -0.7877 -0.6160
vn -0.0000 -0.7561 -0.6545
vn -0.0000 -0.7228 -0.6910
vn -0.0000 -0.6883 -0.7254
vn -0.0000 -0.6528 -0.7575
vn -0.0000 -0.6167 -0.7872
vn -0.0000 -0.5802 -0.8145
vn -0.0000 -0.5436 -0.8393
vn -0.0000 -0.5073 -0.8618
vn -0.0000 -0.4714 -0.8819
vn -0.0000 -0.4340 -0.9009
vn -0.0000 -0.3931 -0.9195
vn -0.0000 -0.3508 -0.9364
vn -0.0000 -0.3095 -0.9509
vn -0.0000 -0.2692 -0.9631
vn -0.0000 -0.2303 -0.9731
vn -0.0000 -0.1927 -0.9812
vn -0.0000 -0.1567 -0.9876
vn -0.0000 -0.1223 -0.9925
vn -0.0000 -0.0894 -0.9960
vn -0.0000 -0.0582 -0.9983
vn -0.0000 -0.0284 -0.9996
vn -0.0000 0.0001 -1.0000
vn -0.0000 0.0909 -0.9959
vn -0.0000 0.1240 -0.9923
vn -0.0000 0.1585 -0.9874
vn -0.0000 0.1945 -0.9809
vn -0.0000 0.2318 -0.9728
vn -0.0000 0.2703 -0.9628
vn -0.0000 0.3504 -0.9366
vn -0.0000 0.3916 -0.9201
vn -0.0000 0.4317 -0.9020
vn -0.0000 0.4689 -0.8832
vn -0.0000 0.5052 -0.8630
vn -0.0000 0.5420 -0.8404
vn -0.0000 0.5790 -0.8153
vn -0.0000 0.6161 -0.7877
vn -0.0000 0.6890 -0.7248
vn -0.0000 0.7241 -0.6896
vn -0.0000 0.7580 -0.6522
vn -0.0000 0.7903 -0.6127
vn -0.0000 0.8207 -0.5714
vt 0.259478 0.402852
vt 0.267959 0.402983
vt 0.263717 0.403004
vt 0.272124 0.402787
vt 0.255321 0.402530
vt 0.276211 0.402418
vt 0.251247 0.402035
vt 0.280222 0.401875
vt 0.247255 0.401370
vt 0.284156 0.401159
vt 0.243345 0.400533
vt 0.288012 0.400268
vt 0.239518 0.399524
vt 0.291792 0.399203
vt 0.235773 0.398344
vt 0.295494 0.397965
vt 0.232110 0.396993
vt 0.299120 0.396553
vt 0.228530 0.395470
vt 0.302668 0.394967
vt 0.225032 0.393776
vt 0.306139 0.393207
vt 0.221616 0.391910
vt 0.309534 0.391273
vt 0.218282 0.389873
vt 0.215050 0.387679
vt 0.312831 0.389179
vt 0.211938 0.385343
vt 0.316011 0.386939
vt 0.208945 0.382864
vt 0.319073 0.384553
vt 0.206072 0.380243
vt 0.322018 0.382021
vt 0.203319 0.377479
vt 0.261094 0.379672
vt 0.264074 0.379781
vt 0.267012 0.379764
vt 0.324846 0.379343
vt 0.269906 0.379620
vt 0.258166 0.379436
vt 0.272757 0.379351
vt 0.255289 0.379074
vt 0.275564 0.378955
vt 0.252463 0.378586
vt 0.278327 0.378434
vt 0.249688 0.377971
vt 0.200686 0.374573
vt 0.327557 0.376519
vt 0.281047 0.377787
vt 0.246965 0.377230
vt 0.283723 0.377014
vt 0.244293 0.376363
vt 0.286356 0.376115
vt 0.241672 0.375369
vt 0.288945 0.375090
vt 0.239103 0.374249
vt 0.198173 0.371525
vt 0.330150 0.373549
vt 0.291490 0.373939
vt 0.236585 0.373002
vt 0.293992 0.372663
vt 0.234118 0.371629
vt 0.195780 0.368334
vt 0.332626 0.370433
vt 0.296450 0.371260
vt 0.231702 0.370130
vt 0.298846 0.369734
vt 0.229355 0.368510
vt 0.193506 0.365001
vt 0.334984 0.367171
vt 0.301160 0.368087
vt 0.227093 0.366776
vt 0.303392 0.366319
vt 0.224916 0.364928
vt 0.191352 0.361526
vt 0.337226 0.363763
vt 0.305543 0.364431
vt 0.222825 0.362965
vt 0.307612 0.362422
vt 0.220818 0.360887
vt 0.189318 0.357908
vt 0.339350 0.360209
vt 0.309599 0.360292
vt 0.218897 0.358695
vt 0.311505 0.358041
vt 0.217062 0.356389
vt 0.187404 0.354147
vt 0.341356 0.356509
vt 0.313329 0.355669
vt 0.215311 0.353968
vt 0.185631 0.350255
vt 0.343227 0.352673
vt 0.315071 0.353177
vt 0.213646 0.351433
vt 0.316732 0.350563
vt 0.212066 0.348783
vt 0.184019 0.346243
vt 0.344941 0.348711
vt 0.318311 0.347829
vt 0.210571 0.346019
vt 0.182568 0.342109
vt 0.346500 0.344624
vt 0.319808 0.344974
vt 0.209162 0.343140
vt 0.321207 0.342002
vt 0.207854 0.340148
vt 0.181278 0.337854
vt 0.347904 0.340410
vt 0.322490 0.338916
vt 0.206667 0.337045
vt 0.180149 0.333479
vt 0.349152 0.336071
vt 0.323657 0.335716
vt 0.205598 0.333829
vt 0.324707 0.332403
vt 0.179182 0.328983
vt 0.350244 0.331607
vt 0.204649 0.330501
vt 0.325642 0.328976
vt 0.203819 0.327061
vt 0.351181 0.327016
vt 0.178376 0.324366
vt 0.326462 0.325435
vt 0.203109 0.323509
vt 0.351962 0.322300
vt 0.177732 0.319628
vt 0.327165 0.321780
vt 0.202518 0.319845
vt 0.352587 0.317458
vt 0.177248 0.314769
vt 0.327752 0.318012
vt 0.202047 0.316068
vt 0.328223 0.314130
vt 0.201694 0.312180
vt 0.353057 0.312490
vt 0.176926 0.309789
vt 0.328579 0.310134
vt 0.201462 0.308180
vt 0.353372 0.307397
vt 0.176765 0.304688
vt 0.328818 0.306024
vt 0.201348 0.304068
vt 0.353531 0.302178
vt 0.176766 0.299467
vt 0.328942 0.301801
vt 0.201354 0.299844
vt 0.176924 0.294334
vt 0.201477 0.295708
vt 0.328947 0.297663
vt 0.353531 0.297043
vt 0.328832 0.293628
vt 0.201715 0.291678
vt 0.177240 0.289317
vt 0.353371 0.292019
vt 0.328598 0.289695
vt 0.202069 0.287754
vt 0.177714 0.284417
vt 0.353053 0.287107
vt 0.202540 0.283936
vt 0.328245 0.285864
vt 0.178345 0.279633
vt 0.352575 0.282306
vt 0.203126 0.280225
vt 0.327773 0.282137
vt 0.203828 0.276619
vt 0.327181 0.278512
vt 0.179134 0.274965
vt 0.351938 0.277616
vt 0.204647 0.273120
vt 0.326471 0.274989
vt 0.180081 0.270414
vt 0.351142 0.273038
vt 0.205581 0.269727
vt 0.325641 0.271569
vt 0.181185 0.265979
vt 0.350187 0.268571
vt 0.206632 0.266440
vt 0.324691 0.268251
vt 0.207798 0.263260
vt 0.323623 0.265036
vt 0.182447 0.261660
vt 0.349073 0.264216
vt 0.209081 0.260185
vt 0.322435 0.261924
vt 0.183866 0.257457
vt 0.347799 0.259972
vt 0.210480 0.257217
vt 0.321128 0.258914
vt 0.185443 0.253371
vt 0.346366 0.255840
vt 0.211977 0.254362
vt 0.319719 0.256014
vt 0.213556 0.251628
vt 0.318225 0.253233
vt 0.187178 0.249401
vt 0.344774 0.251819
vt 0.215217 0.249014
vt 0.316645 0.250570
vt 0.189070 0.245548
vt 0.343022 0.247909
vt 0.216959 0.246522
vt 0.314980 0.248025
vt 0.218783 0.244150
vt 0.313229 0.245599
vt 0.191099 0.241826
vt 0.341130 0.244127
vt 0.220689 0.241899
vt 0.311394 0.243291
vt 0.193243 0.238252
vt 0.339117 0.240490
vt 0.222676 0.239769
vt 0.309473 0.241101
vt 0.224745 0.237760
vt 0.307466 0.239029
vt 0.195503 0.234826
vt 0.336981 0.236997
vt 0.226896 0.235872
vt 0.305375 0.237075
vt 0.229128 0.234104
vt 0.303198 0.235240
vt 0.197878 0.231548
vt 0.334724 0.233648
vt 0.231442 0.232457
vt 0.300935 0.233523
vt 0.233838 0.230931
vt 0.298588 0.231924
vt 0.200368 0.228418
vt 0.332345 0.230443
vt 0.236298 0.229528
vt 0.296174 0.230447
vt 0.238805 0.228252
vt 0.293712 0.229094
vt 0.202974 0.225436
vt 0.329844 0.227382
vt 0.241360 0.227101
vt 0.291203 0.227866
vt 0.243962 0.226076
vt 0.288647 0.226762
vt 0.246612 0.225178
vt 0.286043 0.225782
vt 0.205695 0.222602
vt 0.327222 0.224466
vt 0.249309 0.224405
vt 0.283392 0.224928
vt 0.252054 0.223758
vt 0.280693 0.224197
vt 0.254846 0.223237
vt 0.277947 0.223592
vt 0.208532 0.219916
vt 0.324478 0.221694
vt 0.257685 0.222843
vt 0.275153 0.223110
vt 0.260572 0.222574
vt 0.272312 0.222754
vt 0.263506 0.222431
vt 0.269423 0.222522
vt 0.266487 0.222414
vt 0.211483 0.217377
vt 0.321612 0.219066
vt 0.318624 0.216583
vt 0.214551 0.214987
vt 0.315514 0.214244
vt 0.217733 0.212744
vt 0.312283 0.212049
vt 0.221032 0.210649
vt 0.224426 0.208715
vt 0.308949 0.210012
vt 0.227897 0.206955
vt 0.305534 0.208146
vt 0.231446 0.205369
vt 0.302036 0.206452
vt 0.235071 0.203957
vt 0.298455 0.204929
vt 0.238774 0.202718
vt 0.294792 0.203578
vt 0.242553 0.201654
vt 0.291047 0.202398
vt 0.246410 0.200763
vt 0.287220 0.201389
vt 0.250343 0.200046
vt 0.283310 0.200552
vt 0.254354 0.199504
vt 0.279318 0.199887
vt 0.258441 0.199135
vt 0.275244 0.199392
vt 0.262606 0.198939
vt 0.271087 0.199069
vt 0.266848 0.198918
vt 0.954424 0.150555
vt 0.976830 0.000000
vt 0.976830 0.150555
vt 0.954424 0.000000
vt 0.353531 0.403101
vt 0.353531 0.403238
vt 0.353531 0.403004
vt 0.114760 0.721874
vt 0.139898 0.898386
vt 0.114760 0.898386
vt 0.353531 0.403140
vt 0.139898 0.721874
vt 0.437819 0.402941
vt 0.444597 0.402997
vt 0.442060 0.403028
vt 0.447107 0.402906
vt 0.433658 0.402682
vt 0.449591 0.402755
vt 0.452048 0.402542
vt 0.429576 0.402251
vt 0.454479 0.402269
vt 0.456883 0.401935
vt 0.425575 0.401646
vt 0.459261 0.401540
vt 0.421653 0.400869
vt 0.461612 0.401085
vt 0.463936 0.400569
vt 0.417810 0.399920
vt 0.466234 0.399992
vt 0.468505 0.399354
vt 0.414047 0.398797
vt 0.470750 0.398656
vt 0.410364 0.397502
vt 0.472963 0.397899
vt 0.475137 0.397085
vt 0.406761 0.396035
vt 0.477274 0.396214
vt 0.479372 0.395286
vt 0.403237 0.394394
vt 0.481433 0.394301
vt 0.399793 0.392581
vt 0.483456 0.393259
vt 0.485441 0.392161
vt 0.396429 0.390595
vt 0.487387 0.391005
vt 0.489296 0.389793
vt 0.393164 0.388451
vt 0.491167 0.388523
vt 0.493000 0.387197
vt 0.390016 0.386163
vt 0.494795 0.385814
vt 0.386985 0.383730
vt 0.496548 0.384376
vt 0.498253 0.382888
vt 0.384073 0.381153
vt 0.499910 0.381348
vt 0.501520 0.379757
vt 0.381278 0.378432
vt 0.439035 0.379738
vt 0.442060 0.379802
vt 0.443694 0.379783
vt 0.445316 0.379727
vt 0.503083 0.378115
vt 0.436064 0.379544
vt 0.446927 0.379632
vt 0.448527 0.379499
vt 0.433146 0.379222
vt 0.450115 0.379328
vt 0.451692 0.379119
vt 0.430280 0.378770
vt 0.453257 0.378873
vt 0.454811 0.378588
vt 0.427468 0.378190
vt 0.456354 0.378265
vt 0.378600 0.375567
vt 0.457885 0.377905
vt 0.424709 0.377480
vt 0.504598 0.376421
vt 0.459405 0.377506
vt 0.460914 0.377070
vt 0.422004 0.376641
vt 0.462405 0.376597
vt 0.419351 0.375673
vt 0.463874 0.376087
vt 0.506065 0.374676
vt 0.465320 0.375542
vt 0.416751 0.374577
vt 0.376041 0.372558
vt 0.466743 0.374960
vt 0.468143 0.374342
vt 0.507486 0.372880
vt 0.414205 0.373351
vt 0.469521 0.373689
vt 0.470875 0.372999
vt 0.411712 0.371996
vt 0.472207 0.372273
vt 0.508859 0.371033
vt 0.373599 0.369404
vt 0.473517 0.371511
vt 0.409271 0.370512
vt 0.474803 0.370713
vt 0.510184 0.369135
vt 0.476067 0.369879
vt 0.406900 0.368907
vt 0.477308 0.369009
vt 0.371274 0.366106
vt 0.511462 0.367185
vt 0.478522 0.368104
vt 0.404615 0.367188
vt 0.479706 0.367165
vt 0.402415 0.365355
vt 0.512692 0.365184
vt 0.480860 0.366192
vt 0.481983 0.365184
vt 0.369067 0.362664
vt 0.400300 0.363408
vt 0.483076 0.364142
vt 0.513866 0.363136
vt 0.484139 0.363067
vt 0.398271 0.361347
vt 0.514973 0.361044
vt 0.485171 0.361957
vt 0.366978 0.359078
vt 0.486173 0.360812
vt 0.396327 0.359173
vt 0.516014 0.358908
vt 0.487145 0.359634
vt 0.488086 0.358421
vt 0.394468 0.356884
vt 0.365007 0.355348
vt 0.516988 0.356729
vt 0.488996 0.357175
vt 0.489877 0.355894
vt 0.392695 0.354482
vt 0.517896 0.354506
vt 0.490721 0.354578
vt 0.363174 0.351483
vt 0.491524 0.353226
vt 0.518738 0.352239
vt 0.391007 0.351966
vt 0.492285 0.351838
vt 0.519513 0.349929
vt 0.389405 0.349336
vt 0.493004 0.350414
vt 0.361500 0.347496
vt 0.493681 0.348954
vt 0.520222 0.347575
vt 0.387888 0.346592
vt 0.494317 0.347458
vt 0.520864 0.345178
vt 0.359986 0.343385
vt 0.494911 0.345926
vt 0.386456 0.343735
vt 0.495463 0.344357
vt 0.521440 0.342737
vt 0.495974 0.342753
vt 0.385125 0.340765
vt 0.358631 0.339151
vt 0.496442 0.341113
vt 0.521949 0.340252
vt 0.496869 0.339436
vt 0.383910 0.337686
vt 0.522392 0.337724
vt 0.497254 0.337724
vt 0.357436 0.334793
vt 0.382810 0.334496
vt 0.356400 0.330312
vt 0.381826 0.331196
vt 0.380958 0.327786
vt 0.355523 0.325708
vt 0.380206 0.324267
vt 0.354806 0.320980
vt 0.379569 0.320637
vt 0.354248 0.316129
vt 0.379048 0.316897
vt 0.378643 0.313047
vt 0.353849 0.311155
vt 0.378354 0.309087
vt 0.353610 0.306057
vt 0.378180 0.305017
vt 0.353531 0.300836
vt 0.378122 0.300836
vt 0.353610 0.295702
vt 0.378181 0.296700
vt 0.378357 0.292669
vt 0.353849 0.290681
vt 0.378652 0.288745
vt 0.354248 0.285774
vt 0.379063 0.284928
vt 0.354806 0.280981
vt 0.379593 0.281216
vt 0.380240 0.277611
vt 0.355523 0.276302
vt 0.381004 0.274112
vt 0.356400 0.271736
vt 0.381887 0.270719
vt 0.357436 0.267285
vt 0.382887 0.267433
vt 0.384004 0.264253
vt 0.358631 0.262947
vt 0.385240 0.261179
vt 0.496869 0.262553
vt 0.522392 0.264222
vt 0.497254 0.264222
vt 0.521950 0.261737
vt 0.359986 0.258723
vt 0.496442 0.260917
vt 0.521444 0.259293
vt 0.386593 0.258211
vt 0.495974 0.259312
vt 0.495463 0.257740
vt 0.520873 0.256887
vt 0.361500 0.254613
vt 0.388046 0.255354
vt 0.494911 0.256201
vt 0.520237 0.254522
vt 0.494317 0.254693
vt 0.389583 0.252613
vt 0.493681 0.253218
vt 0.363174 0.250617
vt 0.519537 0.252197
vt 0.493004 0.251775
vt 0.391203 0.249988
vt 0.518772 0.249911
vt 0.492285 0.250364
vt 0.365007 0.246735
vt 0.491524 0.248985
vt 0.392907 0.247479
vt 0.517943 0.247666
vt 0.490721 0.247639
vt 0.517049 0.245460
vt 0.489877 0.246325
vt 0.394695 0.245085
vt 0.366978 0.242983
vt 0.488996 0.245044
vt 0.516091 0.243294
vt 0.396566 0.242807
vt 0.488086 0.243798
vt 0.487144 0.242585
vt 0.515068 0.241168
vt 0.369067 0.239376
vt 0.398520 0.240645
vt 0.486173 0.241407
vt 0.485171 0.240263
vt 0.513981 0.239081
vt 0.400558 0.238598
vt 0.484139 0.239153
vt 0.371274 0.235916
vt 0.483076 0.238077
vt 0.512829 0.237035
vt 0.402680 0.236668
vt 0.481983 0.237035
vt 0.480860 0.236027
vt 0.511619 0.235034
vt 0.404884 0.234853
vt 0.479706 0.235054
vt 0.373599 0.232602
vt 0.478522 0.234115
vt 0.510359 0.233084
vt 0.407173 0.233154
vt 0.477308 0.233210
vt 0.476067 0.232340
vt 0.409545 0.231570
vt 0.509046 0.231186
vt 0.376041 0.229435
vt 0.474803 0.231506
vt 0.411983 0.230108
vt 0.473517 0.230708
vt 0.507683 0.229339
vt 0.472207 0.229946
vt 0.414471 0.228773
vt 0.470875 0.229220
vt 0.378600 0.226413
vt 0.506269 0.227543
vt 0.469521 0.228530
vt 0.417007 0.227566
vt 0.468143 0.227877
vt 0.466743 0.227259
vt 0.419594 0.226485
vt 0.504803 0.225798
vt 0.465320 0.226677
vt 0.463874 0.226132
vt 0.422229 0.225531
vt 0.381278 0.223537
vt 0.462405 0.225622
vt 0.503286 0.224104
vt 0.460914 0.225149
vt 0.424914 0.224705
vt 0.459405 0.224713
vt 0.457885 0.224314
vt 0.427649 0.224006
vt 0.456354 0.223954
vt 0.501717 0.222462
vt 0.430432 0.223434
vt 0.454811 0.223631
vt 0.453257 0.223346
vt 0.384073 0.220808
vt 0.433265 0.222989
vt 0.451692 0.223100
vt 0.450115 0.222891
vt 0.436148 0.222671
vt 0.448527 0.222720
vt 0.446927 0.222587
vt 0.439079 0.222480
vt 0.445316 0.222493
vt 0.443694 0.222436
vt 0.442060 0.222417
vt 0.500098 0.220871
vt 0.498427 0.219331
vt 0.386985 0.218224
vt 0.496705 0.217843
vt 0.390016 0.215787
vt 0.494932 0.216405
vt 0.493115 0.215021
vt 0.393164 0.213496
vt 0.491262 0.213692
vt 0.489373 0.212418
vt 0.396429 0.211350
vt 0.487448 0.211199
vt 0.399793 0.209365
vt 0.485487 0.210035
vt 0.483490 0.208925
vt 0.403237 0.207552
vt 0.481457 0.207871
vt 0.479388 0.206872
vt 0.406761 0.205911
vt 0.477282 0.205928
vt 0.475141 0.205039
vt 0.410364 0.204444
vt 0.472964 0.204205
vt 0.414047 0.203149
vt 0.470750 0.203427
vt 0.468505 0.202706
vt 0.417810 0.202026
vt 0.466234 0.202049
vt 0.463936 0.201454
vt 0.421653 0.201076
vt 0.461612 0.200922
vt 0.425575 0.200299
vt 0.459261 0.200452
vt 0.456883 0.200045
vt 0.429576 0.199695
vt 0.454479 0.199701
vt 0.452048 0.199419
vt 0.433658 0.199263
vt 0.449591 0.199200
vt 0.437819 0.199004
vt 0.447107 0.199043
vt 0.444597 0.198949
vt 0.442060 0.198918
vt 0.396743 0.000000
vt 0.421881 0.176512
vt 0.396743 0.198918
vt 0.518881 0.198918
vt 0.518881 0.176512
vt 0.421881 0.111755
vt 0.421881 0.089349
vt 0.512050 0.111755
vt 0.512050 0.089349
vt 0.421881 0.022406
vt 0.519974 0.022406
vt 0.519974 0.000000
vt -0.000000 0.000000
vt 0.020220 0.178698
vt -0.000000 0.198918
vt 0.035794 0.198918
vt 0.022952 0.178698
vt 0.084704 0.073228
vt 0.114214 0.073228
vt 0.174600 0.178698
vt 0.162577 0.198918
vt 0.198372 0.198918
vt 0.176786 0.178698
vt 0.198372 0.000000
vt 0.020809 0.177061
vt 0.022997 0.177417
vt 0.174598 0.177285
vt 0.176327 0.177149
vt 0.023039 0.176122
vt 0.174592 0.175867
vt 0.175864 0.175598
vt 0.021392 0.175427
vt 0.023080 0.174813
vt 0.174583 0.174446
vt 0.175394 0.174045
vt 0.021970 0.173797
vt 0.023119 0.173492
vt 0.174570 0.173021
vt 0.174919 0.172490
vt 0.022542 0.172171
vt 0.023156 0.172157
vt 0.174552 0.171592
vt 0.174438 0.170933
vt 0.023109 0.170549
vt 0.023191 0.170809
vt 0.174532 0.170160
vt 0.173951 0.169374
vt 0.023224 0.169447
vt 0.023669 0.168930
vt 0.174507 0.168723
vt 0.023256 0.168072
vt 0.173458 0.167813
vt 0.024224 0.167315
vt 0.174478 0.167283
vt 0.023285 0.166684
vt 0.172960 0.166251
vt 0.024774 0.165704
vt 0.174446 0.165839
vt 0.023313 0.165283
vt 0.172457 0.164686
vt 0.174410 0.164391
vt 0.025317 0.164097
vt 0.023338 0.163869
vt 0.171947 0.163120
vt 0.174370 0.162940
vt 0.025855 0.162494
vt 0.023362 0.162441
vt 0.171432 0.161552
vt 0.174327 0.161484
vt 0.026387 0.160894
vt 0.023385 0.161006
vt 0.170911 0.159982
vt 0.174282 0.160028
vt 0.023407 0.159572
vt 0.026914 0.159298
vt 0.174239 0.158574
vt 0.170388 0.158415
vt 0.023430 0.158137
vt 0.027437 0.157711
vt 0.174198 0.157121
vt 0.169867 0.156858
vt 0.023453 0.156703
vt 0.027958 0.156137
vt 0.174160 0.155670
vt 0.169348 0.155311
vt 0.023476 0.155268
vt 0.028477 0.154577
vt 0.174123 0.154222
vt 0.168831 0.153773
vt 0.023499 0.153834
vt 0.028994 0.153029
vt 0.174087 0.152775
vt 0.023521 0.152399
vt 0.168316 0.152244
vt 0.029509 0.151495
vt 0.174054 0.151330
vt 0.023544 0.150965
vt 0.167803 0.150726
vt 0.030022 0.149974
vt 0.174023 0.149887
vt 0.023567 0.149530
vt 0.167292 0.149216
vt 0.030534 0.148467
vt 0.173994 0.148446
vt 0.023590 0.148096
vt 0.166782 0.147716
vt 0.031043 0.146972
vt 0.173966 0.147006
vt 0.023612 0.146661
vt 0.166275 0.146226
vt 0.173940 0.145569
vt 0.031551 0.145491
vt 0.023635 0.145227
vt 0.165769 0.144745
vt 0.173917 0.144134
vt 0.032056 0.144024
vt 0.023658 0.143795
vt 0.165265 0.143273
vt 0.173894 0.142705
vt 0.032560 0.142569
vt 0.023681 0.142369
vt 0.164763 0.141811
vt 0.173871 0.141287
vt 0.033062 0.141128
vt 0.023703 0.140949
vt 0.164265 0.140364
vt 0.173848 0.139881
vt 0.033560 0.139704
vt 0.023726 0.139534
vt 0.163773 0.138938
vt 0.173826 0.138487
vt 0.034052 0.138301
vt 0.023749 0.138125
vt 0.163286 0.137533
vt 0.173803 0.137103
vt 0.034539 0.136918
vt 0.023772 0.136722
vt 0.162805 0.136149
vt 0.173780 0.135732
vt 0.035020 0.135557
vt 0.023795 0.135325
vt 0.162330 0.134786
vt 0.173757 0.134371
vt 0.035495 0.134216
vt 0.023817 0.133933
vt 0.161860 0.133443
vt 0.173735 0.133022
vt 0.035965 0.132897
vt 0.023840 0.132547
vt 0.161396 0.132122
vt 0.173712 0.131684
vt 0.036429 0.131598
vt 0.023863 0.131166
vt 0.160938 0.130821
vt 0.173689 0.130358
vt 0.036887 0.130320
vt 0.023886 0.129791
vt 0.160485 0.129541
vt 0.173666 0.129043
vt 0.037340 0.129063
vt 0.023908 0.128422
vt 0.160038 0.128282
vt 0.037787 0.127827
vt 0.173643 0.127739
vt 0.023930 0.127068
vt 0.159597 0.127044
vt 0.038228 0.126611
vt 0.173622 0.126452
vt 0.023950 0.125736
vt 0.159162 0.125827
vt 0.038663 0.125417
vt 0.173602 0.125185
vt 0.158734 0.124636
vt 0.023968 0.124426
vt 0.039091 0.124250
vt 0.173584 0.123940
vt 0.158316 0.123478
vt 0.023984 0.123140
vt 0.039510 0.123117
vt 0.173568 0.122715
vt 0.157907 0.122351
vt 0.023999 0.121876
vt 0.039919 0.122018
vt 0.173553 0.121511
vt 0.157507 0.121257
vt 0.040318 0.120954
vt 0.024011 0.120635
vt 0.173541 0.120328
vt 0.157117 0.120196
vt 0.040708 0.119924
vt 0.024021 0.119417
vt 0.173531 0.119165
vt 0.156737 0.119166
vt 0.041088 0.118927
vt 0.024030 0.118221
vt 0.156366 0.118169
vt 0.173522 0.118024
vt 0.041459 0.117965
vt 0.024036 0.117049
vt 0.156004 0.117204
vt 0.173515 0.116904
vt 0.041821 0.117037
vt 0.155652 0.116272
vt 0.024041 0.115899
vt 0.042173 0.116144
vt 0.173511 0.115804
vt 0.155310 0.115371
vt 0.042515 0.115284
vt 0.024044 0.114772
vt 0.173508 0.114725
vt 0.154977 0.114503
vt 0.042848 0.114459
vt 0.024045 0.113667
vt 0.173507 0.113667
vt 0.154653 0.113667
vt 0.043172 0.113667
vt 0.024045 0.000000
vt 0.088256 0.000000
vt 0.110115 0.000000
vt 0.173507 0.000000
vt 0.085025 0.072441
vt 0.113936 0.072440
vt 0.085349 0.071627
vt 0.113648 0.071623
vt 0.085678 0.070786
vt 0.113352 0.070777
vt 0.086010 0.069919
vt 0.113045 0.069904
vt 0.086345 0.069025
vt 0.112729 0.069001
vt 0.086685 0.068105
vt 0.112404 0.068071
vt 0.087029 0.067158
vt 0.112069 0.067112
vt 0.087376 0.066185
vt 0.111724 0.066124
vt 0.087727 0.065185
vt 0.111371 0.065108
vt 0.088082 0.064158
vt 0.111007 0.064063
vt 0.088440 0.063105
vt 0.110634 0.062990
vt 0.088803 0.062025
vt 0.110252 0.061889
vt 0.089169 0.060925
vt 0.109864 0.060765
vt 0.089539 0.059809
vt 0.109474 0.059627
vt 0.089913 0.058678
vt 0.109082 0.058473
vt 0.090290 0.057532
vt 0.108688 0.057304
vt 0.090672 0.056371
vt 0.108293 0.056120
vt 0.091057 0.055194
vt 0.107895 0.054921
vt 0.091446 0.054003
vt 0.107496 0.053707
vt 0.091839 0.052796
vt 0.107095 0.052477
vt 0.092235 0.051574
vt 0.106691 0.051232
vt 0.092636 0.050337
vt 0.106286 0.049972
vt 0.093040 0.049084
vt 0.105879 0.048697
vt 0.093448 0.047817
vt 0.105470 0.047407
vt 0.093857 0.046543
vt 0.105061 0.046112
vt 0.094264 0.045270
vt 0.104654 0.044823
vt 0.094669 0.044000
vt 0.104249 0.043539
vt 0.095072 0.042732
vt 0.103846 0.042261
vt 0.095473 0.041465
vt 0.103445 0.040989
vt 0.095873 0.040200
vt 0.103045 0.039722
vt 0.096270 0.038938
vt 0.102648 0.038461
vt 0.096666 0.037677
vt 0.102252 0.037206
vt 0.097060 0.036418
vt 0.101858 0.035957
vt 0.097451 0.035161
vt 0.101467 0.034713
vt 0.097841 0.033905
vt 0.101077 0.033475
vt 0.098229 0.032652
vt 0.100689 0.032242
vt 0.098612 0.031410
vt 0.100304 0.031024
vt 0.098985 0.030189
vt 0.099926 0.029829
vt 0.099348 0.028989
vt 0.099553 0.028656
vt 0.099186 0.027506
vt 0.099702 0.027810
vt 0.100046 0.026651
vt 0.098824 0.026379
vt 0.100381 0.025514
vt 0.098469 0.025275
vt 0.100707 0.024397
vt 0.098118 0.024193
vt 0.101023 0.023301
vt 0.097774 0.023134
vt 0.101329 0.022226
vt 0.097435 0.022098
vt 0.101626 0.021172
vt 0.097102 0.021085
vt 0.101913 0.020139
vt 0.096775 0.020094
vt 0.102191 0.019127
vt 0.096453 0.019127
vt 0.094052 0.402852
vt 0.089813 0.403004
vt 0.085572 0.402982
vt 0.081407 0.402787
vt 0.098209 0.402530
vt 0.077319 0.402418
vt 0.102284 0.402035
vt 0.073309 0.401875
vt 0.106276 0.401370
vt 0.069375 0.401159
vt 0.110185 0.400533
vt 0.065519 0.400268
vt 0.114013 0.399524
vt 0.061739 0.399203
vt 0.117758 0.398344
vt 0.058037 0.397965
vt 0.121421 0.396993
vt 0.054411 0.396553
vt 0.125001 0.395470
vt 0.050863 0.394967
vt 0.128499 0.393776
vt 0.047391 0.393207
vt 0.131915 0.391910
vt 0.043997 0.391273
vt 0.135248 0.389873
vt 0.138480 0.387679
vt 0.040700 0.389179
vt 0.141593 0.385343
vt 0.037520 0.386939
vt 0.144586 0.382864
vt 0.034458 0.384553
vt 0.147458 0.380243
vt 0.031512 0.382021
vt 0.150211 0.377479
vt 0.092437 0.379672
vt 0.089457 0.379781
vt 0.086519 0.379764
vt 0.028685 0.379343
vt 0.083625 0.379620
vt 0.095365 0.379436
vt 0.080774 0.379351
vt 0.098242 0.379074
vt 0.077967 0.378955
vt 0.101068 0.378586
vt 0.075203 0.378434
vt 0.103842 0.377971
vt 0.152844 0.374573
vt 0.025974 0.376519
vt 0.072484 0.377787
vt 0.106566 0.377230
vt 0.069807 0.377014
vt 0.109238 0.376363
vt 0.067175 0.376115
vt 0.111858 0.375369
vt 0.064586 0.375090
vt 0.114428 0.374249
vt 0.155358 0.371525
vt 0.023381 0.373549
vt 0.062040 0.373939
vt 0.116946 0.373002
vt 0.059539 0.372662
vt 0.119413 0.371629
vt 0.157751 0.368334
vt 0.020905 0.370433
vt 0.057080 0.371260
vt 0.121828 0.370130
vt 0.054685 0.369734
vt 0.124176 0.368510
vt 0.160025 0.365001
vt 0.018546 0.367171
vt 0.052371 0.368087
vt 0.126438 0.366776
vt 0.050139 0.366319
vt 0.128615 0.364928
vt 0.162179 0.361526
vt 0.016305 0.363763
vt 0.047988 0.364431
vt 0.130706 0.362965
vt 0.045919 0.362422
vt 0.132712 0.360887
vt 0.164212 0.357908
vt 0.014181 0.360209
vt 0.043932 0.360292
vt 0.134633 0.358695
vt 0.042026 0.358041
vt 0.136469 0.356389
vt 0.166126 0.354147
vt 0.012174 0.356509
vt 0.040202 0.355669
vt 0.138220 0.353968
vt 0.167900 0.350255
vt 0.010304 0.352673
vt 0.038460 0.353177
vt 0.139885 0.351433
vt 0.036799 0.350563
vt 0.141465 0.348783
vt 0.169512 0.346243
vt 0.008589 0.348711
vt 0.035220 0.347829
vt 0.142960 0.346019
vt 0.170963 0.342109
vt 0.007030 0.344624
vt 0.033722 0.344974
vt 0.144369 0.343140
vt 0.032324 0.342002
vt 0.145676 0.340148
vt 0.172253 0.337854
vt 0.005627 0.340410
vt 0.031041 0.338916
vt 0.146864 0.337045
vt 0.173381 0.333479
vt 0.004379 0.336071
vt 0.029874 0.335716
vt 0.147933 0.333829
vt 0.028823 0.332403
vt 0.174348 0.328983
vt 0.003287 0.331607
vt 0.148882 0.330501
vt 0.027888 0.328976
vt 0.149711 0.327061
vt 0.002350 0.327016
vt 0.175154 0.324366
vt 0.027069 0.325435
vt 0.150422 0.323509
vt 0.001569 0.322300
vt 0.175799 0.319628
vt 0.026366 0.321780
vt 0.151013 0.319845
vt 0.000943 0.317458
vt 0.176282 0.314769
vt 0.025779 0.318012
vt 0.151484 0.316068
vt 0.025307 0.314130
vt 0.151836 0.312180
vt 0.000473 0.312490
vt 0.176605 0.309789
vt 0.024952 0.310134
vt 0.152069 0.308180
vt 0.000159 0.307397
vt 0.176765 0.304688
vt 0.024712 0.306024
vt 0.152182 0.304068
vt 0.000000 0.302178
vt 0.176765 0.299467
vt 0.024589 0.301801
vt 0.152176 0.299844
vt 0.176607 0.294334
vt 0.152054 0.295708
vt 0.024584 0.297663
vt 0.000000 0.297043
vt 0.024699 0.293628
vt 0.151816 0.291678
vt 0.176291 0.289317
vt 0.000159 0.292019
vt 0.024932 0.289695
vt 0.151461 0.287754
vt 0.175817 0.284417
vt 0.000478 0.287107
vt 0.150991 0.283936
vt 0.025286 0.285864
vt 0.175186 0.279633
vt 0.000955 0.282306
vt 0.150405 0.280225
vt 0.025758 0.282137
vt 0.149702 0.276619
vt 0.026349 0.278512
vt 0.174397 0.274965
vt 0.001592 0.277616
vt 0.148884 0.273120
vt 0.027060 0.274989
vt 0.173450 0.270414
vt 0.002388 0.273038
vt 0.147949 0.269727
vt 0.027890 0.271569
vt 0.172346 0.265979
vt 0.003344 0.268571
vt 0.146899 0.266440
vt 0.028839 0.268251
vt 0.145732 0.263260
vt 0.029908 0.265036
vt 0.171084 0.261660
vt 0.004458 0.264216
vt 0.144450 0.260185
vt 0.031095 0.261924
vt 0.169665 0.257457
vt 0.005732 0.259972
vt 0.143051 0.257217
vt 0.032402 0.258914
vt 0.168088 0.253371
vt 0.007165 0.255840
vt 0.141554 0.254362
vt 0.033811 0.256014
vt 0.139975 0.251628
vt 0.035306 0.253233
vt 0.166353 0.249401
vt 0.008757 0.251819
vt 0.138314 0.249014
vt 0.036886 0.250570
vt 0.164461 0.245548
vt 0.010508 0.247909
vt 0.136571 0.246522
vt 0.038551 0.248025
vt 0.134747 0.244150
vt 0.040301 0.245599
vt 0.162432 0.241826
vt 0.012400 0.244127
vt 0.132842 0.241899
vt 0.042137 0.243291
vt 0.160288 0.238252
vt 0.014414 0.240490
vt 0.130854 0.239769
vt 0.044058 0.241101
vt 0.128785 0.237760
vt 0.046064 0.239029
vt 0.158028 0.234826
vt 0.016549 0.236997
vt 0.126635 0.235872
vt 0.048156 0.237075
vt 0.124403 0.234104
vt 0.050333 0.235240
vt 0.155653 0.231548
vt 0.018807 0.233648
vt 0.122089 0.232457
vt 0.052595 0.233523
vt 0.119693 0.230931
vt 0.054943 0.231924
vt 0.153163 0.228418
vt 0.021186 0.230443
vt 0.117233 0.229528
vt 0.057357 0.230447
vt 0.114726 0.228252
vt 0.059819 0.229094
vt 0.150557 0.225436
vt 0.023686 0.227382
vt 0.112171 0.227101
vt 0.062327 0.227866
vt 0.109568 0.226076
vt 0.064884 0.226762
vt 0.106919 0.225178
vt 0.067488 0.225782
vt 0.147836 0.222602
vt 0.026309 0.224466
vt 0.104222 0.224405
vt 0.070139 0.224928
vt 0.101477 0.223758
vt 0.072838 0.224197
vt 0.098685 0.223237
vt 0.075584 0.223592
vt 0.144999 0.219916
vt 0.029053 0.221694
vt 0.095846 0.222843
vt 0.078378 0.223110
vt 0.092959 0.222574
vt 0.081219 0.222754
vt 0.090025 0.222431
vt 0.084107 0.222522
vt 0.087043 0.222414
vt 0.142047 0.217377
vt 0.031919 0.219066
vt 0.034907 0.216583
vt 0.138980 0.214987
vt 0.038016 0.214244
vt 0.135797 0.212744
vt 0.041248 0.212049
vt 0.132499 0.210649
vt 0.129105 0.208715
vt 0.044581 0.210012
vt 0.125633 0.206955
vt 0.047997 0.208146
vt 0.122085 0.205369
vt 0.051495 0.206452
vt 0.118460 0.203957
vt 0.055076 0.204929
vt 0.114757 0.202718
vt 0.058738 0.203578
vt 0.110978 0.201654
vt 0.062483 0.202398
vt 0.107121 0.200763
vt 0.066311 0.201389
vt 0.103188 0.200046
vt 0.070221 0.200552
vt 0.099177 0.199504
vt 0.074213 0.199887
vt 0.095089 0.199135
vt 0.078287 0.199392
vt 0.090925 0.198939
vt 0.082444 0.199069
vt 0.086683 0.198918
vt 0.956843 0.198918
vt 0.979248 0.198918
vt 0.979248 0.349473
vt 0.956843 0.349473
vt 0.353531 0.403101
vt 0.353531 0.403004
vt 0.353531 0.403238
vt 0.165036 0.721874
vt 0.165036 0.898386
vt 0.353531 0.403140
vt 0.084573 0.607027
vt 0.080332 0.607113
vt 0.077795 0.607083
vt 0.075285 0.606992
vt 0.088734 0.606768
vt 0.072801 0.606840
vt 0.070344 0.606628
vt 0.092816 0.606336
vt 0.067913 0.606354
vt 0.065509 0.606020
vt 0.096818 0.605732
vt 0.063132 0.605626
vt 0.100740 0.604955
vt 0.060781 0.605170
vt 0.058456 0.604654
vt 0.104582 0.604005
vt 0.056158 0.604077
vt 0.053887 0.603440
vt 0.108345 0.602883
vt 0.051642 0.602742
vt 0.112028 0.601588
vt 0.049430 0.601984
vt 0.047255 0.601170
vt 0.115631 0.600120
vt 0.045119 0.600299
vt 0.043020 0.599372
vt 0.119155 0.598480
vt 0.040959 0.598387
vt 0.122599 0.596667
vt 0.038937 0.597345
vt 0.036952 0.596246
vt 0.125963 0.594681
vt 0.035005 0.595091
vt 0.033096 0.593878
vt 0.129229 0.592537
vt 0.031225 0.592609
vt 0.029392 0.591283
vt 0.132377 0.590248
vt 0.027597 0.589899
vt 0.135407 0.587816
vt 0.025845 0.588462
vt 0.024140 0.586973
vt 0.138320 0.585239
vt 0.022482 0.585434
vt 0.020872 0.583843
vt 0.141115 0.582518
vt 0.083357 0.583824
vt 0.080332 0.583888
vt 0.078699 0.583869
vt 0.077076 0.583812
vt 0.019310 0.582200
vt 0.086328 0.583630
vt 0.075465 0.583717
vt 0.073866 0.583584
vt 0.089247 0.583307
vt 0.072278 0.583414
vt 0.070701 0.583205
vt 0.092112 0.582856
vt 0.069135 0.582958
vt 0.067581 0.582674
vt 0.094924 0.582275
vt 0.066039 0.582351
vt 0.143792 0.579653
vt 0.064507 0.581991
vt 0.097683 0.581565
vt 0.017795 0.580507
vt 0.062987 0.581592
vt 0.061479 0.581156
vt 0.100389 0.580727
vt 0.059987 0.580682
vt 0.103042 0.579759
vt 0.058519 0.580173
vt 0.016327 0.578762
vt 0.057073 0.579627
vt 0.105641 0.578662
vt 0.146352 0.576643
vt 0.055650 0.579046
vt 0.054249 0.578428
vt 0.014907 0.576966
vt 0.108188 0.577437
vt 0.052872 0.577774
vt 0.051517 0.577085
vt 0.110681 0.576082
vt 0.050185 0.576359
vt 0.013534 0.575119
vt 0.148794 0.573490
vt 0.048876 0.575597
vt 0.113121 0.574598
vt 0.047589 0.574799
vt 0.012209 0.573220
vt 0.046325 0.573965
vt 0.115492 0.572993
vt 0.045085 0.573095
vt 0.151118 0.570192
vt 0.010931 0.571271
vt 0.043870 0.572190
vt 0.117777 0.571274
vt 0.042686 0.571251
vt 0.119978 0.569441
vt 0.009700 0.569270
vt 0.041532 0.570277
vt 0.040409 0.569270
vt 0.153325 0.566750
vt 0.122092 0.567494
vt 0.039316 0.568228
vt 0.008526 0.567221
vt 0.038254 0.567152
vt 0.124122 0.565433
vt 0.007419 0.565129
vt 0.037221 0.566042
vt 0.155414 0.563164
vt 0.036219 0.564898
vt 0.126066 0.563258
vt 0.006378 0.562994
vt 0.035248 0.563720
vt 0.034307 0.562507
vt 0.127924 0.560970
vt 0.157386 0.559433
vt 0.005404 0.560814
vt 0.033396 0.561260
vt 0.032516 0.559980
vt 0.129698 0.558568
vt 0.004496 0.558592
vt 0.031671 0.558664
vt 0.159219 0.555569
vt 0.030868 0.557312
vt 0.003655 0.556325
vt 0.131385 0.556052
vt 0.030108 0.555924
vt 0.002880 0.554015
vt 0.132988 0.553422
vt 0.029388 0.554500
vt 0.160892 0.551581
vt 0.028711 0.553040
vt 0.002171 0.551661
vt 0.134505 0.550678
vt 0.028075 0.551543
vt 0.001528 0.549264
vt 0.162407 0.547470
vt 0.027481 0.550011
vt 0.135936 0.547821
vt 0.026929 0.548443
vt 0.000953 0.546822
vt 0.026419 0.546839
vt 0.137268 0.544851
vt 0.163761 0.543236
vt 0.025950 0.545198
vt 0.000443 0.544338
vt 0.025523 0.543522
vt 0.138483 0.541771
vt 0.000000 0.541809
vt 0.025138 0.541809
vt 0.164957 0.538879
vt 0.139583 0.538582
vt 0.165993 0.534398
vt 0.140566 0.535282
vt 0.141434 0.531872
vt 0.166869 0.529793
vt 0.142187 0.528352
vt 0.167587 0.525066
vt 0.142823 0.524722
vt 0.168145 0.520215
vt 0.143344 0.520982
vt 0.143749 0.517132
vt 0.168543 0.515240
vt 0.144039 0.513172
vt 0.168782 0.510143
vt 0.144212 0.509102
vt 0.168862 0.504922
vt 0.144270 0.504922
vt 0.168782 0.499787
vt 0.144211 0.500785
vt 0.144035 0.496755
vt 0.168543 0.494767
vt 0.143741 0.492831
vt 0.168145 0.489860
vt 0.143329 0.489013
vt 0.167587 0.485067
vt 0.142800 0.485302
vt 0.142153 0.481697
vt 0.166870 0.480387
vt 0.141388 0.478198
vt 0.165993 0.475822
vt 0.140506 0.474805
vt 0.164957 0.471370
vt 0.139506 0.471518
vt 0.138388 0.468338
vt 0.163761 0.467033
vt 0.137153 0.465264
vt 0.025523 0.466639
vt 0.025138 0.468308
vt 0.000000 0.468308
vt 0.000442 0.465823
vt 0.162407 0.462809
vt 0.025950 0.465002
vt 0.000949 0.463378
vt 0.135800 0.462297
vt 0.026419 0.463398
vt 0.026929 0.461826
vt 0.001520 0.460973
vt 0.160892 0.458699
vt 0.134346 0.459440
vt 0.027481 0.460286
vt 0.002156 0.458608
vt 0.028075 0.458779
vt 0.132809 0.456699
vt 0.028711 0.457303
vt 0.159219 0.454703
vt 0.002856 0.456283
vt 0.029388 0.455860
vt 0.131189 0.454074
vt 0.003620 0.453997
vt 0.030108 0.454450
vt 0.157386 0.450821
vt 0.030868 0.453071
vt 0.129485 0.451564
vt 0.004450 0.451751
vt 0.031671 0.451725
vt 0.005343 0.449545
vt 0.032516 0.450411
vt 0.127698 0.449171
vt 0.155414 0.447068
vt 0.033396 0.449130
vt 0.006302 0.447379
vt 0.125827 0.446893
vt 0.034307 0.447883
vt 0.035248 0.446671
vt 0.007324 0.445253
vt 0.153325 0.443462
vt 0.123872 0.444731
vt 0.036220 0.445492
vt 0.037221 0.444348
vt 0.008412 0.443167
vt 0.121834 0.442684
vt 0.038254 0.443238
vt 0.151118 0.440002
vt 0.039316 0.442162
vt 0.009563 0.441121
vt 0.119713 0.440753
vt 0.040409 0.441121
vt 0.041532 0.440113
vt 0.010773 0.439120
vt 0.117508 0.438938
vt 0.042686 0.439140
vt 0.148794 0.436688
vt 0.043870 0.438200
vt 0.012034 0.437170
vt 0.115220 0.437239
vt 0.045085 0.437295
vt 0.046325 0.436425
vt 0.112848 0.435656
vt 0.013346 0.435272
vt 0.146352 0.433520
vt 0.047589 0.435591
vt 0.110410 0.434194
vt 0.048876 0.434793
vt 0.014709 0.433424
vt 0.050185 0.434032
vt 0.107922 0.432859
vt 0.051517 0.433306
vt 0.143792 0.430498
vt 0.016124 0.431628
vt 0.052872 0.432616
vt 0.105385 0.431651
vt 0.054249 0.431962
vt 0.055650 0.431345
vt 0.102799 0.430571
vt 0.017590 0.429884
vt 0.057073 0.430763
vt 0.058519 0.430218
vt 0.100163 0.429617
vt 0.141115 0.427623
vt 0.059987 0.429708
vt 0.019107 0.428190
vt 0.061479 0.429235
vt 0.097478 0.428791
vt 0.062987 0.428798
vt 0.064507 0.428400
vt 0.094744 0.428091
vt 0.066039 0.428039
vt 0.020675 0.426548
vt 0.091960 0.427519
vt 0.067581 0.427717
vt 0.069135 0.427432
vt 0.138320 0.424893
vt 0.089127 0.427074
vt 0.070701 0.427185
vt 0.072278 0.426977
vt 0.086245 0.426757
vt 0.073866 0.426806
vt 0.075465 0.426673
vt 0.083313 0.426566
vt 0.077076 0.426578
vt 0.078699 0.426521
vt 0.080332 0.426502
vt 0.022295 0.424957
vt 0.023965 0.423417
vt 0.135407 0.422310
vt 0.025687 0.421928
vt 0.132377 0.419872
vt 0.027461 0.420491
vt 0.029277 0.419107
vt 0.129229 0.417581
vt 0.031130 0.417778
vt 0.033019 0.416503
vt 0.125963 0.415436
vt 0.034944 0.415284
vt 0.122599 0.413450
vt 0.036905 0.414120
vt 0.038902 0.413011
vt 0.119155 0.411637
vt 0.040936 0.411957
vt 0.043005 0.410958
vt 0.115631 0.409997
vt 0.045110 0.410014
vt 0.047251 0.409125
vt 0.112028 0.408529
vt 0.049429 0.408291
vt 0.108345 0.407234
vt 0.051642 0.407512
vt 0.053887 0.406792
vt 0.104582 0.406112
vt 0.056158 0.406135
vt 0.058456 0.405540
vt 0.100740 0.405162
vt 0.060781 0.405007
vt 0.096818 0.404385
vt 0.063132 0.404538
vt 0.065509 0.404131
vt 0.092816 0.403781
vt 0.067913 0.403786
vt 0.070344 0.403505
vt 0.088734 0.403349
vt 0.072801 0.403286
vt 0.084573 0.403090
vt 0.075285 0.403129
vt 0.077795 0.403035
vt 0.080332 0.403004
vt 0.292093 0.403004
vt 0.292093 0.601922
vt 0.266955 0.579516
vt 0.169955 0.601922
vt 0.169955 0.579516
vt 0.266955 0.514759
vt 0.266955 0.492353
vt 0.176786 0.514759
vt 0.176786 0.492353
vt 0.266955 0.425409
vt 0.168862 0.425409
vt 0.168862 0.403004
vt 0.396743 0.000000
vt 0.396743 0.198918
vt 0.376524 0.178698
vt 0.360949 0.198918
vt 0.373791 0.178698
vt 0.312039 0.073228
vt 0.282529 0.073228
vt 0.234166 0.198918
vt 0.222143 0.178698
vt 0.198372 0.198918
vt 0.219957 0.178698
vt 0.198372 0.000000
vt 0.375934 0.177061
vt 0.373747 0.177417
vt 0.222145 0.177285
vt 0.220416 0.177149
vt 0.373704 0.176122
vt 0.222151 0.175867
vt 0.220880 0.175598
vt 0.375351 0.175427
vt 0.373663 0.174813
vt 0.222160 0.174446
vt 0.221349 0.174045
vt 0.374773 0.173797
vt 0.373624 0.173492
vt 0.222174 0.173021
vt 0.221825 0.172490
vt 0.374201 0.172171
vt 0.373587 0.172157
vt 0.222191 0.171592
vt 0.222306 0.170933
vt 0.373635 0.170549
vt 0.373552 0.170809
vt 0.222212 0.170160
vt 0.222792 0.169374
vt 0.373519 0.169447
vt 0.373074 0.168930
vt 0.222236 0.168723
vt 0.373488 0.168072
vt 0.223285 0.167813
vt 0.372519 0.167315
vt 0.222265 0.167283
vt 0.373458 0.166684
vt 0.223783 0.166251
vt 0.371970 0.165704
vt 0.222297 0.165839
vt 0.373431 0.165283
vt 0.224287 0.164686
vt 0.222333 0.164391
vt 0.371426 0.164097
vt 0.373405 0.163869
vt 0.224796 0.163120
vt 0.222373 0.162940
vt 0.370888 0.162494
vt 0.373381 0.162441
vt 0.225311 0.161552
vt 0.222417 0.161484
vt 0.370356 0.160894
vt 0.373359 0.161006
vt 0.225832 0.159982
vt 0.222461 0.160028
vt 0.373336 0.159572
vt 0.369829 0.159298
vt 0.222504 0.158574
vt 0.226355 0.158415
vt 0.373313 0.158137
vt 0.369306 0.157711
vt 0.222545 0.157121
vt 0.226876 0.156858
vt 0.373290 0.156703
vt 0.368786 0.156137
vt 0.222584 0.155670
vt 0.227395 0.155311
vt 0.373267 0.155268
vt 0.368267 0.154577
vt 0.222621 0.154222
vt 0.227912 0.153773
vt 0.373245 0.153834
vt 0.367750 0.153029
vt 0.222656 0.152775
vt 0.373222 0.152399
vt 0.228427 0.152244
vt 0.367234 0.151495
vt 0.222689 0.151330
vt 0.373199 0.150965
vt 0.228940 0.150726
vt 0.366721 0.149974
vt 0.222720 0.149887
vt 0.373176 0.149530
vt 0.229452 0.149216
vt 0.366210 0.148467
vt 0.222750 0.148446
vt 0.373154 0.148096
vt 0.229961 0.147716
vt 0.365700 0.146972
vt 0.222777 0.147006
vt 0.373131 0.146661
vt 0.230469 0.146226
vt 0.222803 0.145569
vt 0.365193 0.145491
vt 0.373108 0.145227
vt 0.230974 0.144745
vt 0.222827 0.144134
vt 0.364687 0.144024
vt 0.373085 0.143795
vt 0.231478 0.143273
vt 0.222849 0.142705
vt 0.364183 0.142569
vt 0.373062 0.142369
vt 0.231980 0.141811
vt 0.222872 0.141287
vt 0.363681 0.141128
vt 0.373040 0.140949
vt 0.232478 0.140364
vt 0.222895 0.139881
vt 0.363183 0.139704
vt 0.373017 0.139534
vt 0.232971 0.138938
vt 0.222918 0.138487
vt 0.362691 0.138301
vt 0.372994 0.138125
vt 0.233457 0.137533
vt 0.222940 0.137103
vt 0.362204 0.136918
vt 0.372971 0.136722
vt 0.233938 0.136149
vt 0.222963 0.135732
vt 0.361723 0.135557
vt 0.372949 0.135325
vt 0.234414 0.134786
vt 0.222986 0.134371
vt 0.361248 0.134216
vt 0.372926 0.133933
vt 0.234883 0.133443
vt 0.223009 0.133022
vt 0.360778 0.132897
vt 0.372903 0.132547
vt 0.235347 0.132122
vt 0.223031 0.131684
vt 0.360314 0.131598
vt 0.372880 0.131166
vt 0.235805 0.130821
vt 0.223054 0.130358
vt 0.359856 0.130320
vt 0.372858 0.129791
vt 0.236258 0.129541
vt 0.223077 0.129043
vt 0.359403 0.129063
vt 0.372835 0.128422
vt 0.236705 0.128282
vt 0.358957 0.127827
vt 0.223100 0.127739
vt 0.372813 0.127068
vt 0.237146 0.127044
vt 0.358515 0.126611
vt 0.223122 0.126452
vt 0.372793 0.125736
vt 0.237581 0.125827
vt 0.358080 0.125417
vt 0.223141 0.125185
vt 0.238009 0.124636
vt 0.372775 0.124426
vt 0.357652 0.124250
vt 0.223160 0.123940
vt 0.238428 0.123478
vt 0.372759 0.123140
vt 0.357234 0.123117
vt 0.223176 0.122715
vt 0.238837 0.122351
vt 0.372745 0.121876
vt 0.356825 0.122018
vt 0.223190 0.121511
vt 0.239236 0.121257
vt 0.356425 0.120954
vt 0.372732 0.120635
vt 0.223202 0.120328
vt 0.239626 0.120196
vt 0.356035 0.119924
vt 0.372722 0.119417
vt 0.223213 0.119165
vt 0.240006 0.119166
vt 0.355655 0.118927
vt 0.372713 0.118221
vt 0.240377 0.118169
vt 0.223221 0.118024
vt 0.355284 0.117965
vt 0.372707 0.117049
vt 0.240739 0.117204
vt 0.223228 0.116904
vt 0.354922 0.117037
vt 0.241091 0.116272
vt 0.372702 0.115899
vt 0.354570 0.116144
vt 0.223233 0.115804
vt 0.241433 0.115371
vt 0.354228 0.115284
vt 0.372699 0.114772
vt 0.223235 0.114725
vt 0.241766 0.114503
vt 0.353895 0.114459
vt 0.372698 0.113667
vt 0.223236 0.113667
vt 0.242090 0.113667
vt 0.353571 0.113667
vt 0.372698 0.000000
vt 0.308487 0.000000
vt 0.286628 0.000000
vt 0.223236 0.000000
vt 0.311718 0.072441
vt 0.282807 0.072440
vt 0.311394 0.071627
vt 0.283095 0.071623
vt 0.311066 0.070786
vt 0.283392 0.070777
vt 0.310734 0.069919
vt 0.283698 0.069904
vt 0.310398 0.069025
vt 0.284014 0.069001
vt 0.310058 0.068105
vt 0.284339 0.068071
vt 0.309715 0.067158
vt 0.284674 0.067112
vt 0.309367 0.066185
vt 0.285019 0.066124
vt 0.309016 0.065185
vt 0.285373 0.065108
vt 0.308662 0.064158
vt 0.285736 0.064063
vt 0.308303 0.063105
vt 0.286109 0.062990
vt 0.307941 0.062025
vt 0.286491 0.061889
vt 0.307574 0.060925
vt 0.286879 0.060765
vt 0.307204 0.059809
vt 0.287269 0.059627
vt 0.306830 0.058678
vt 0.287661 0.058473
vt 0.306453 0.057532
vt 0.288055 0.057304
vt 0.306071 0.056371
vt 0.288450 0.056120
vt 0.305686 0.055194
vt 0.288848 0.054921
vt 0.305297 0.054003
vt 0.289247 0.053707
vt 0.304905 0.052796
vt 0.289649 0.052477
vt 0.304508 0.051574
vt 0.290052 0.051232
vt 0.304108 0.050337
vt 0.290457 0.049972
vt 0.303703 0.049084
vt 0.290864 0.048697
vt 0.303295 0.047817
vt 0.291273 0.047407
vt 0.302887 0.046543
vt 0.291682 0.046112
vt 0.302480 0.045270
vt 0.292089 0.044823
vt 0.302074 0.044000
vt 0.292494 0.043539
vt 0.301671 0.042732
vt 0.292897 0.042261
vt 0.301270 0.041465
vt 0.293298 0.040989
vt 0.300870 0.040200
vt 0.293698 0.039722
vt 0.300473 0.038938
vt 0.294095 0.038461
vt 0.300077 0.037677
vt 0.294491 0.037206
vt 0.299684 0.036418
vt 0.294885 0.035957
vt 0.299292 0.035161
vt 0.295277 0.034713
vt 0.298902 0.033905
vt 0.295667 0.033475
vt 0.298514 0.032652
vt 0.296055 0.032242
vt 0.298131 0.031410
vt 0.296439 0.031024
vt 0.297759 0.030189
vt 0.296817 0.029829
vt 0.297395 0.028989
vt 0.297190 0.028656
vt 0.297557 0.027506
vt 0.297041 0.027810
vt 0.296697 0.026651
vt 0.297919 0.026379
vt 0.296362 0.025514
vt 0.298275 0.025275
vt 0.296037 0.024397
vt 0.298625 0.024193
vt 0.295721 0.023301
vt 0.298969 0.023134
vt 0.295414 0.022226
vt 0.299308 0.022098
vt 0.295117 0.021172
vt 0.299641 0.021085
vt 0.294830 0.020139
vt 0.299968 0.020094
vt 0.294552 0.019127
vt 0.300290 0.019127
vt 0.633054 0.884791
vt 0.657099 0.884791
vt 0.657099 0.999551
vt 0.633054 0.999551
vt 0.353531 0.601946
vt 0.353531 0.403028
vt 0.468291 0.403028
vt 0.468291 0.601946
vt 0.927333 0.403028
vt 0.963127 0.403028
vt 0.963127 0.517788
vt 0.927333 0.517788
vt 0.583052 0.582716
vt 0.583052 0.457102
vt 0.697812 0.457102
vt 0.697812 0.582716
vt 0.583052 0.456315
vt 0.697812 0.456315
vt 0.583052 0.455501
vt 0.697812 0.455501
vt 0.583052 0.454661
vt 0.697812 0.454661
vt 0.583052 0.453795
vt 0.697812 0.453795
vt 0.583052 0.452902
vt 0.697812 0.452902
vt 0.583052 0.451982
vt 0.697812 0.451982
vt 0.583052 0.451035
vt 0.697812 0.451035
vt 0.583052 0.450063
vt 0.697812 0.450063
vt 0.583052 0.449063
vt 0.697812 0.449063
vt 0.583052 0.448037
vt 0.697812 0.448037
vt 0.583052 0.446985
vt 0.697812 0.446985
vt 0.583052 0.445905
vt 0.697812 0.445906
vt 0.583052 0.444806
vt 0.697812 0.444806
vt 0.583052 0.443690
vt 0.697812 0.443690
vt 0.583052 0.442560
vt 0.697812 0.442560
vt 0.583052 0.441415
vt 0.697812 0.441415
vt 0.583052 0.440254
vt 0.697812 0.440254
vt 0.583052 0.439078
vt 0.697812 0.439078
vt 0.583052 0.437887
vt 0.697812 0.437887
vt 0.583052 0.436681
vt 0.697812 0.436681
vt 0.583052 0.435459
vt 0.697812 0.435459
vt 0.583052 0.434223
vt 0.697812 0.434223
vt 0.583052 0.432971
vt 0.697812 0.432971
vt 0.583052 0.431704
vt 0.697812 0.431704
vt 0.583052 0.430431
vt 0.697812 0.430431
vt 0.583052 0.429159
vt 0.697812 0.429159
vt 0.583052 0.427889
vt 0.697812 0.427889
vt 0.583052 0.426622
vt 0.697812 0.426622
vt 0.583052 0.425356
vt 0.697812 0.425356
vt 0.583052 0.424092
vt 0.697812 0.424092
vt 0.583052 0.422829
vt 0.697812 0.422829
vt 0.583052 0.421569
vt 0.697812 0.421569
vt 0.583052 0.420311
vt 0.697812 0.420311
vt 0.583052 0.419054
vt 0.697812 0.419054
vt 0.583052 0.417800
vt 0.697812 0.417800
vt 0.583052 0.416547
vt 0.697812 0.416547
vt 0.583052 0.415306
vt 0.697812 0.415306
vt 0.583052 0.414085
vt 0.697812 0.414085
vt 0.583052 0.412886
vt 0.697812 0.412886
vt 0.583052 0.411707
vt 0.697812 0.411707
vt 0.583052 0.410549
vt 0.697812 0.410549
vt 0.583052 0.409412
vt 0.697812 0.409412
vt 0.583052 0.408296
vt 0.697812 0.408296
vt 0.583052 0.407200
vt 0.697812 0.407200
vt 0.583052 0.406126
vt 0.697812 0.406126
vt 0.583052 0.405072
vt 0.697812 0.405072
vt 0.583052 0.404040
vt 0.697812 0.404040
vt 0.583052 0.403028
vt 0.697812 0.403028
vt 0.334093 0.403004
vt 0.339832 0.403004
vt 0.339832 0.517764
vt 0.334093 0.517764
vt 0.522392 0.378647
vt 0.522392 0.377680
vt 0.637153 0.377680
vt 0.637153 0.378647
vt 0.522392 0.376689
vt 0.637153 0.376689
vt 0.522392 0.375677
vt 0.637153 0.375677
vt 0.522392 0.374641
vt 0.637153 0.374641
vt 0.522392 0.373582
vt 0.637153 0.373582
vt 0.522392 0.372501
vt 0.637153 0.372501
vt 0.522392 0.371397
vt 0.637153 0.371397
vt 0.522392 0.370270
vt 0.637153 0.370270
vt 0.522392 0.369121
vt 0.637153 0.369121
vt 0.522392 0.367948
vt 0.637153 0.367948
vt 0.522392 0.366753
vt 0.637153 0.366753
vt 0.522392 0.365536
vt 0.637153 0.365536
vt 0.522392 0.364303
vt 0.637153 0.364304
vt 0.522392 0.363066
vt 0.637153 0.363066
vt 0.522392 0.361822
vt 0.637153 0.361822
vt 0.522392 0.360573
vt 0.637153 0.360573
vt 0.522392 0.359318
vt 0.637153 0.359318
vt 0.522392 0.358058
vt 0.637153 0.358058
vt 0.522392 0.356792
vt 0.637153 0.356792
vt 0.522392 0.355520
vt 0.637153 0.355520
vt 0.522392 0.354242
vt 0.637153 0.354242
vt 0.522392 0.352959
vt 0.637153 0.352959
vt 0.522392 0.351670
vt 0.637153 0.351670
vt 0.522392 0.350375
vt 0.637153 0.350375
vt 0.522392 0.349085
vt 0.637153 0.349085
vt 0.522392 0.347811
vt 0.637153 0.347811
vt 0.522392 0.346551
vt 0.637153 0.346551
vt 0.522392 0.345307
vt 0.637153 0.345307
vt 0.522392 0.344078
vt 0.637153 0.344078
vt 0.522392 0.342864
vt 0.637153 0.342864
vt 0.522392 0.341665
vt 0.637153 0.341665
vt 0.522392 0.340481
vt 0.637153 0.340481
vt 0.522392 0.339313
vt 0.637153 0.339313
vt 0.522392 0.338159
vt 0.637153 0.338159
vt 0.522392 0.337021
vt 0.637153 0.337021
vt 0.522392 0.335898
vt 0.637153 0.335898
vt 0.522392 0.334797
vt 0.637153 0.334797
vt 0.522392 0.333724
vt 0.637153 0.333724
vt 0.522392 0.332680
vt 0.637153 0.332680
vt 0.522392 0.331664
vt 0.637153 0.331664
vt 0.522392 0.330677
vt 0.637153 0.330677
vt 0.522392 0.329718
vt 0.637153 0.329718
vt 0.522392 0.328788
vt 0.637153 0.328788
vt 0.522392 0.327886
vt 0.637153 0.327886
vt 0.522392 0.327012
vt 0.637153 0.327012
vt 0.522392 0.326167
vt 0.637153 0.326167
vt 0.522392 0.325351
vt 0.637153 0.325351
vt 0.522392 0.324562
vt 0.637153 0.324562
vt 0.522393 0.198918
vt 0.637153 0.198918
vt 0.927333 0.523467
vt 0.963127 0.523467
vt 0.963127 0.638228
vt 0.927333 0.638228
vt 0.519974 0.198918
vt 0.519974 0.000000
vt 0.634735 0.000000
vt 0.634734 0.198918
vt 0.608190 0.884791
vt 0.608190 0.999551
vt 0.583052 0.761413
vt 0.583052 0.647746
vt 0.697812 0.647746
vt 0.697812 0.761413
vt 0.583052 0.646688
vt 0.697812 0.646688
vt 0.583052 0.645609
vt 0.697812 0.645609
vt 0.583052 0.644509
vt 0.697812 0.644509
vt 0.583052 0.643389
vt 0.697812 0.643389
vt 0.583052 0.642248
vt 0.697812 0.642248
vt 0.583052 0.641085
vt 0.697812 0.641085
vt 0.583052 0.639902
vt 0.697812 0.639902
vt 0.583052 0.638698
vt 0.697812 0.638698
vt 0.583052 0.637474
vt 0.697812 0.637474
vt 0.583052 0.636228
vt 0.697812 0.636228
vt 0.583052 0.634961
vt 0.697812 0.634961
vt 0.583052 0.633674
vt 0.697812 0.633674
vt 0.583052 0.632370
vt 0.697812 0.632370
vt 0.583052 0.631055
vt 0.697812 0.631055
vt 0.583052 0.629729
vt 0.697812 0.629729
vt 0.583052 0.628391
vt 0.697812 0.628391
vt 0.583052 0.627042
vt 0.697812 0.627042
vt 0.583052 0.625682
vt 0.697812 0.625682
vt 0.583052 0.624310
vt 0.697812 0.624310
vt 0.583052 0.622927
vt 0.697812 0.622927
vt 0.583052 0.621532
vt 0.697812 0.621532
vt 0.583052 0.620126
vt 0.697812 0.620126
vt 0.583052 0.618709
vt 0.697812 0.618709
vt 0.583052 0.617280
vt 0.697812 0.617280
vt 0.583052 0.615844
vt 0.697812 0.615844
vt 0.583052 0.614407
vt 0.697812 0.614407
vt 0.583052 0.612968
vt 0.697812 0.612968
vt 0.583052 0.611527
vt 0.697812 0.611527
vt 0.583052 0.610084
vt 0.697812 0.610084
vt 0.583052 0.608639
vt 0.697812 0.608639
vt 0.583052 0.607192
vt 0.697812 0.607192
vt 0.583052 0.605743
vt 0.697812 0.605743
vt 0.583052 0.604293
vt 0.697812 0.604293
vt 0.583052 0.602840
vt 0.697812 0.602840
vt 0.583052 0.601386
vt 0.697812 0.601386
vt 0.583052 0.599930
vt 0.697812 0.599930
vt 0.583052 0.598474
vt 0.697812 0.598474
vt 0.583052 0.597023
vt 0.697812 0.597023
vt 0.583052 0.595575
vt 0.697812 0.595575
vt 0.583052 0.594131
vt 0.697812 0.594131
vt 0.583052 0.592691
vt 0.697812 0.592691
vt 0.583052 0.591254
vt 0.697812 0.591254
vt 0.583052 0.589822
vt 0.697812 0.589822
vt 0.583052 0.588393
vt 0.697812 0.588393
vt 0.583052 0.586968
vt 0.697812 0.586968
vt 0.583052 0.585547
vt 0.697812 0.585547
vt 0.583052 0.584129
vt 0.697812 0.584129
vt 0.583052 0.582716
vt 0.697812 0.582716
vt 0.342564 0.403004
vt 0.344750 0.403004
vt 0.344750 0.517764
vt 0.342564 0.517764
vt 0.634735 0.178802
vt 0.634735 0.177252
vt 0.749495 0.177252
vt 0.749495 0.178802
vt 0.634735 0.175700
vt 0.749495 0.175700
vt 0.634735 0.174146
vt 0.749495 0.174146
vt 0.634735 0.172590
vt 0.749495 0.172590
vt 0.634735 0.171033
vt 0.749495 0.171033
vt 0.634735 0.169473
vt 0.749495 0.169473
vt 0.634735 0.167912
vt 0.749495 0.167912
vt 0.634735 0.166348
vt 0.749495 0.166348
vt 0.634735 0.164783
vt 0.749495 0.164783
vt 0.634735 0.163216
vt 0.749495 0.163216
vt 0.634735 0.161647
vt 0.749495 0.161647
vt 0.634735 0.160076
vt 0.749495 0.160076
vt 0.634735 0.158509
vt 0.749495 0.158509
vt 0.634735 0.156951
vt 0.749495 0.156951
vt 0.634735 0.155403
vt 0.749495 0.155403
vt 0.634735 0.153864
vt 0.749495 0.153864
vt 0.634735 0.152335
vt 0.749495 0.152335
vt 0.634735 0.150815
vt 0.749495 0.150815
vt 0.634735 0.149305
vt 0.749495 0.149305
vt 0.634735 0.147804
vt 0.749495 0.147804
vt 0.634735 0.146313
vt 0.749495 0.146313
vt 0.634735 0.144831
vt 0.749495 0.144831
vt 0.634735 0.143359
vt 0.749495 0.143359
vt 0.634735 0.141896
vt 0.749495 0.141896
vt 0.634735 0.140448
vt 0.749495 0.140448
vt 0.634735 0.139022
vt 0.749495 0.139022
vt 0.634735 0.137616
vt 0.749495 0.137616
vt 0.634735 0.136231
vt 0.749495 0.136231
vt 0.634735 0.134867
vt 0.749495 0.134867
vt 0.634735 0.133523
vt 0.749495 0.133523
vt 0.634735 0.132201
vt 0.749495 0.132201
vt 0.634735 0.130900
vt 0.749495 0.130900
vt 0.634735 0.129619
vt 0.749495 0.129619
vt 0.634735 0.128359
vt 0.749495 0.128359
vt 0.634735 0.127121
vt 0.749495 0.127121
vt 0.634735 0.125903
vt 0.749495 0.125903
vt 0.634735 0.124711
vt 0.749495 0.124711
vt 0.634735 0.123552
vt 0.749495 0.123552
vt 0.634735 0.122425
vt 0.749495 0.122425
vt 0.634735 0.121331
vt 0.749495 0.121331
vt 0.634735 0.120269
vt 0.749495 0.120269
vt 0.634735 0.119239
vt 0.749495 0.119239
vt 0.634735 0.118241
vt 0.749495 0.118241
vt 0.634735 0.117276
vt 0.749495 0.117276
vt 0.634735 0.116342
vt 0.749495 0.116342
vt 0.634735 0.115442
vt 0.749495 0.115442
vt 0.634735 0.114573
vt 0.749495 0.114573
vt 0.634735 0.113737
vt 0.749495 0.113737
vt 0.634735 -0.000000
vt 0.749495 0.000000
vt 0.978080 0.873232
vt 0.999939 0.873232
vt 0.999939 0.987992
vt 0.978080 0.987992
vt 0.637153 0.377681
vt 0.637153 0.263971
vt 0.751913 0.263971
vt 0.751913 0.377681
vt 0.637153 0.263179
vt 0.751913 0.263179
vt 0.637153 0.262353
vt 0.751913 0.262353
vt 0.637153 0.261493
vt 0.751913 0.261493
vt 0.637153 0.260599
vt 0.751913 0.260599
vt 0.637153 0.259671
vt 0.751913 0.259671
vt 0.637153 0.258709
vt 0.751913 0.258709
vt 0.637153 0.257712
vt 0.751913 0.257712
vt 0.637153 0.256682
vt 0.751913 0.256682
vt 0.637153 0.255617
vt 0.751913 0.255617
vt 0.637153 0.254518
vt 0.751913 0.254518
vt 0.637153 0.253384
vt 0.751913 0.253384
vt 0.637153 0.252217
vt 0.751913 0.252217
vt 0.637153 0.251022
vt 0.751913 0.251022
vt 0.637153 0.249806
vt 0.751913 0.249806
vt 0.637153 0.248570
vt 0.751913 0.248570
vt 0.637153 0.247312
vt 0.751913 0.247312
vt 0.637153 0.246034
vt 0.751913 0.246034
vt 0.637153 0.244735
vt 0.751913 0.244735
vt 0.637153 0.243414
vt 0.751913 0.243415
vt 0.637153 0.242073
vt 0.751913 0.242073
vt 0.637153 0.240712
vt 0.751913 0.240712
vt 0.637153 0.239329
vt 0.751913 0.239329
vt 0.637153 0.237925
vt 0.751913 0.237925
vt 0.637153 0.236501
vt 0.751913 0.236501
vt 0.637153 0.235059
vt 0.751913 0.235059
vt 0.637153 0.233604
vt 0.751913 0.233604
vt 0.637153 0.232136
vt 0.751913 0.232136
vt 0.637153 0.230654
vt 0.751913 0.230654
vt 0.637153 0.229160
vt 0.751913 0.229160
vt 0.637153 0.227652
vt 0.751913 0.227652
vt 0.637153 0.226130
vt 0.751913 0.226130
vt 0.637153 0.224596
vt 0.751913 0.224596
vt 0.637153 0.223048
vt 0.751913 0.223048
vt 0.637153 0.221487
vt 0.751913 0.221487
vt 0.637153 0.219912
vt 0.751913 0.219912
vt 0.637153 0.218324
vt 0.751913 0.218324
vt 0.637153 0.216728
vt 0.751913 0.216728
vt 0.637153 0.215128
vt 0.751913 0.215128
vt 0.637153 0.213524
vt 0.751913 0.213524
vt 0.637153 0.211916
vt 0.751913 0.211916
vt 0.637153 0.210305
vt 0.751913 0.210305
vt 0.637153 0.208690
vt 0.751913 0.208690
vt 0.637153 0.207071
vt 0.751913 0.207071
vt 0.637153 0.205448
vt 0.751913 0.205448
vt 0.637153 0.203821
vt 0.751913 0.203821
vt 0.637153 0.202190
vt 0.751913 0.202190
vt 0.637153 0.200556
vt 0.751913 0.200556
vt 0.637153 0.198918
vt 0.751913 0.198918
vt 0.339832 0.403004
vt 0.339832 0.517764
vt 0.168862 0.780618
vt 0.168862 0.779337
vt 0.283622 0.779337
vt 0.283622 0.780618
vt 0.168862 0.778042
vt 0.283622 0.778042
vt 0.168862 0.776733
vt 0.283622 0.776733
vt 0.168862 0.775412
vt 0.283622 0.775412
vt 0.168862 0.774077
vt 0.283622 0.774077
vt 0.168862 0.772729
vt 0.283622 0.772729
vt 0.168862 0.771368
vt 0.283622 0.771368
vt 0.168862 0.769993
vt 0.283622 0.769993
vt 0.168862 0.768605
vt 0.283622 0.768605
vt 0.168862 0.767204
vt 0.283622 0.767204
vt 0.168862 0.765789
vt 0.283622 0.765789
vt 0.168862 0.764361
vt 0.283622 0.764361
vt 0.168862 0.762927
vt 0.283622 0.762927
vt 0.168862 0.761492
vt 0.283622 0.761492
vt 0.168862 0.760058
vt 0.283622 0.760058
vt 0.168862 0.758623
vt 0.283622 0.758623
vt 0.168862 0.757189
vt 0.283622 0.757189
vt 0.168862 0.755755
vt 0.283622 0.755755
vt 0.168862 0.754320
vt 0.283622 0.754320
vt 0.168862 0.752886
vt 0.283622 0.752886
vt 0.168862 0.751451
vt 0.283622 0.751451
vt 0.168862 0.750017
vt 0.283622 0.750017
vt 0.168862 0.748582
vt 0.283622 0.748582
vt 0.168862 0.747148
vt 0.283622 0.747148
vt 0.168862 0.745716
vt 0.283622 0.745716
vt 0.168862 0.744290
vt 0.283622 0.744290
vt 0.168862 0.742870
vt 0.283622 0.742870
vt 0.168862 0.741455
vt 0.283622 0.741455
vt 0.168862 0.740046
vt 0.283622 0.740046
vt 0.168862 0.738643
vt 0.283622 0.738643
vt 0.168862 0.737246
vt 0.283622 0.737246
vt 0.168862 0.735854
vt 0.283622 0.735854
vt 0.168862 0.734468
vt 0.283622 0.734468
vt 0.168862 0.733088
vt 0.283622 0.733088
vt 0.168862 0.731713
vt 0.283622 0.731713
vt 0.168862 0.730344
vt 0.283622 0.730344
vt 0.168862 0.728989
vt 0.283622 0.728989
vt 0.168862 0.727657
vt 0.283622 0.727657
vt 0.168862 0.726348
vt 0.283622 0.726348
vt 0.168862 0.725061
vt 0.283622 0.725061
vt 0.168862 0.723798
vt 0.283622 0.723798
vt 0.168862 0.722557
vt 0.283622 0.722557
vt 0.168862 0.721339
vt 0.283622 0.721339
vt 0.168862 0.720143
vt 0.283622 0.720143
vt 0.168862 0.718971
vt 0.283622 0.718971
vt 0.168862 0.717821
vt 0.283622 0.717821
vt 0.168862 0.716694
vt 0.283622 0.716694
vt 0.168862 0.715589
vt 0.283622 0.715589
vt 0.168862 0.601922
vt 0.283622 0.601922
vt -0.000000 0.885239
vt 0.000000 0.762009
vt 0.114760 0.762009
vt 0.114760 0.885239
vt 0.468291 0.601946
vt 0.468291 0.403028
vt 0.583052 0.403028
vt 0.583052 0.601946
vt 0.353531 0.900596
vt 0.353531 0.778458
vt 0.468291 0.778458
vt 0.468291 0.900596
vt 0.000000 0.885239
vt 0.022406 0.885239
vt 0.022406 1.000000
vt 0.000000 1.000000
vt 0.812572 0.758471
vt 0.909572 0.758471
vt 0.909572 0.873232
vt 0.812572 0.873232
vt 0.283622 0.716682
vt 0.348380 0.716682
vt 0.348380 0.831443
vt 0.283622 0.831443
vt 0.866674 0.198918
vt 0.956843 0.198918
vt 0.956843 0.313679
vt 0.866674 0.313679
vt 0.044811 0.885239
vt 0.044811 1.000000
vt 0.864255 0.000000
vt 0.954424 0.000000
vt 0.954424 0.114760
vt 0.864255 0.114760
vt 0.283622 0.601922
vt 0.350566 0.601922
vt 0.350566 0.716682
vt 0.283622 0.716682
vt 0.812572 0.643711
vt 0.910665 0.643711
vt 0.910665 0.758471
vt 0.679505 0.884791
vt 0.679505 0.999551
vt 0.812572 0.492495
vt 0.812572 0.490250
vt 0.927333 0.490250
vt 0.927333 0.492495
vt 0.812572 0.487979
vt 0.927333 0.487979
vt 0.812572 0.485681
vt 0.927333 0.485681
vt 0.812572 0.483357
vt 0.927333 0.483357
vt 0.812572 0.481005
vt 0.927333 0.481005
vt 0.812572 0.478628
vt 0.927333 0.478628
vt 0.812572 0.476223
vt 0.927333 0.476223
vt 0.812572 0.473793
vt 0.927333 0.473793
vt 0.812572 0.471335
vt 0.927333 0.471335
vt 0.812572 0.468852
vt 0.927333 0.468852
vt 0.812572 0.466341
vt 0.927333 0.466341
vt 0.812572 0.463804
vt 0.927333 0.463804
vt 0.812572 0.459563
vt 0.927333 0.459563
vt 0.812572 0.455402
vt 0.927333 0.455402
vt 0.812572 0.451321
vt 0.927333 0.451321
vt 0.812572 0.447319
vt 0.927333 0.447319
vt 0.812572 0.443397
vt 0.927333 0.443397
vt 0.812572 0.439555
vt 0.927333 0.439555
vt 0.812572 0.435793
vt 0.927333 0.435793
vt 0.812572 0.432110
vt 0.927333 0.432110
vt 0.812572 0.428507
vt 0.927333 0.428507
vt 0.812572 0.424984
vt 0.927333 0.424984
vt 0.812573 0.421540
vt 0.927333 0.421540
vt 0.812573 0.418176
vt 0.927333 0.418176
vt 0.812573 0.414911
vt 0.927333 0.414911
vt 0.812573 0.411764
vt 0.927333 0.411764
vt 0.812573 0.408734
vt 0.927333 0.408734
vt 0.812573 0.405822
vt 0.927333 0.405822
vt 0.812573 0.403028
vt 0.927333 0.403028
vt 0.000000 0.762009
vt 0.000000 0.759130
vt 0.114760 0.759130
vt 0.114760 0.762009
vt 0.000000 0.756106
vt 0.114760 0.756106
vt 0.000000 0.752936
vt 0.114760 0.752936
vt 0.000000 0.749620
vt 0.114760 0.749620
vt 0.000000 0.746158
vt 0.114760 0.746158
vt 0.000000 0.742550
vt 0.114760 0.742550
vt 0.000000 0.738795
vt 0.114760 0.738795
vt 0.000000 0.734911
vt 0.114760 0.734912
vt 0.000000 0.730914
vt 0.114760 0.730914
vt 0.000000 0.726802
vt 0.114760 0.726802
vt 0.000000 0.722577
vt 0.114760 0.722577
vt 0.000000 0.718238
vt 0.114760 0.718238
vt 0.000000 0.713786
vt 0.114760 0.713786
vt 0.000000 0.709220
vt 0.114760 0.709220
vt 0.000000 0.704540
vt 0.114760 0.704540
vt 0.000000 0.699746
vt 0.114760 0.699746
vt 0.000000 0.694839
vt 0.114760 0.694839
vt 0.000000 0.689818
vt 0.114760 0.689818
vt 0.000000 0.684683
vt 0.114760 0.684683
vt 0.000000 0.679462
vt 0.114760 0.679462
vt 0.000000 0.674365
vt 0.114760 0.674365
vt 0.000000 0.669391
vt 0.114760 0.669391
vt 0.000000 0.664541
vt 0.114760 0.664541
vt 0.000000 0.659814
vt 0.114760 0.659814
vt 0.000000 0.655210
vt 0.114760 0.655210
vt 0.000000 0.650730
vt 0.114760 0.650730
vt 0.000000 0.646374
vt 0.114760 0.646374
vt 0.000000 0.642141
vt 0.114760 0.642141
vt 0.000000 0.638031
vt 0.114760 0.638031
vt 0.000000 0.634045
vt 0.114760 0.634045
vt 0.000000 0.630183
vt 0.114760 0.630183
vt 0.000000 0.626454
vt 0.114760 0.626454
vt 0.000000 0.622870
vt 0.114760 0.622870
vt 0.000000 0.619430
vt 0.114760 0.619430
vt 0.000000 0.616134
vt 0.114760 0.616134
vt 0.000000 0.612983
vt 0.114760 0.612983
vt 0.000000 0.609976
vt 0.114760 0.609976
vt 0.000000 0.607113
vt 0.114760 0.607113
vt 0.812572 0.643711
vt 0.812572 0.640913
vt 0.927333 0.640913
vt 0.927333 0.643711
vt 0.812572 0.637998
vt 0.927333 0.637998
vt 0.812572 0.634965
vt 0.927333 0.634965
vt 0.812572 0.631814
vt 0.927333 0.631814
vt 0.812572 0.628547
vt 0.927333 0.628547
vt 0.812572 0.625180
vt 0.927333 0.625180
vt 0.812572 0.621734
vt 0.927333 0.621734
vt 0.812572 0.618209
vt 0.927333 0.618209
vt 0.812572 0.614604
vt 0.927333 0.614604
vt 0.812572 0.610920
vt 0.927333 0.610920
vt 0.812572 0.607156
vt 0.927333 0.607156
vt 0.812572 0.603312
vt 0.927333 0.603312
vt 0.812572 0.599390
vt 0.927333 0.599390
vt 0.812572 0.595387
vt 0.927333 0.595387
vt 0.812572 0.591305
vt 0.927333 0.591305
vt 0.812572 0.587144
vt 0.927333 0.587144
vt 0.812572 0.582903
vt 0.927333 0.582903
vt 0.812572 0.580366
vt 0.927333 0.580366
vt 0.812572 0.577856
vt 0.927333 0.577856
vt 0.812572 0.575372
vt 0.927333 0.575372
vt 0.812572 0.572915
vt 0.927333 0.572915
vt 0.812572 0.570484
vt 0.927333 0.570484
vt 0.812572 0.568081
vt 0.927333 0.568081
vt 0.812572 0.565704
vt 0.927333 0.565704
vt 0.812572 0.563353
vt 0.927333 0.563353
vt 0.812572 0.561029
vt 0.927333 0.561029
vt 0.812572 0.558732
vt 0.927333 0.558732
vt 0.812572 0.556461
vt 0.927333 0.556461
vt 0.812572 0.554217
vt 0.927333 0.554217
vt 0.812572 0.552005
vt 0.927333 0.552005
vt 0.812572 0.549832
vt 0.927333 0.549832
vt 0.812572 0.547696
vt 0.927333 0.547696
vt 0.812572 0.545599
vt 0.927333 0.545599
vt 0.812572 0.543539
vt 0.927333 0.543539
vt 0.812572 0.541517
vt 0.927333 0.541517
vt 0.812572 0.539533
vt 0.927333 0.539534
vt 0.812572 0.537588
vt 0.927333 0.537588
vt 0.812572 0.535680
vt 0.927333 0.535680
vt 0.812572 0.533811
vt 0.927333 0.533811
vt 0.812572 0.531979
vt 0.927333 0.531979
vt 0.812572 0.530186
vt 0.927333 0.530186
vt 0.812572 0.528435
vt 0.927333 0.528435
vt 0.812572 0.526731
vt 0.927333 0.526731
vt 0.812572 0.525075
vt 0.927333 0.525075
vt 0.812572 0.523467
vt 0.927333 0.523467
vt 0.292093 0.403004
vt 0.293733 0.403004
vt 0.293733 0.517764
vt 0.292093 0.517764
vt 0.295424 0.403004
vt 0.295424 0.517764
vt 0.297166 0.403004
vt 0.297166 0.517764
vt 0.298960 0.403004
vt 0.298960 0.517764
vt 0.300805 0.403004
vt 0.300805 0.517764
vt 0.302701 0.403004
vt 0.302701 0.517764
vt 0.304649 0.403004
vt 0.304649 0.517764
vt 0.306648 0.403004
vt 0.306648 0.517764
vt 0.308695 0.403004
vt 0.308695 0.517764
vt 0.310785 0.403004
vt 0.310785 0.517764
vt 0.312919 0.403004
vt 0.312919 0.517764
vt 0.315097 0.403004
vt 0.315097 0.517764
vt 0.317318 0.403004
vt 0.317318 0.517764
vt 0.319583 0.403004
vt 0.319583 0.517764
vt 0.321892 0.403004
vt 0.321892 0.517764
vt 0.324245 0.403004
vt 0.324245 0.517764
vt 0.326642 0.403004
vt 0.326642 0.517764
vt 0.329082 0.403004
vt 0.329082 0.517764
vt 0.331566 0.403004
vt 0.331566 0.517764
vt 0.963127 0.517788
vt 0.988265 0.517788
vt 0.988265 0.632549
vt 0.963127 0.632549
vt 0.782583 0.863373
vt 0.784296 0.863373
vt 0.784296 0.978133
vt 0.782583 0.978133
vt 0.785972 0.863373
vt 0.785972 0.978133
vt 0.787613 0.863373
vt 0.787613 0.978133
vt 0.789218 0.863373
vt 0.789218 0.978133
vt 0.790787 0.863373
vt 0.790787 0.978133
vt 0.792320 0.863373
vt 0.792320 0.978133
vt 0.793816 0.863373
vt 0.793816 0.978133
vt 0.795277 0.863373
vt 0.795277 0.978133
vt 0.796702 0.863373
vt 0.796702 0.978133
vt 0.798091 0.863373
vt 0.798091 0.978133
vt 0.799443 0.863373
vt 0.799443 0.978133
vt 0.800760 0.863373
vt 0.800760 0.978133
vt 0.802042 0.863373
vt 0.802042 0.978133
vt 0.803289 0.863373
vt 0.803289 0.978133
vt 0.804503 0.863373
vt 0.804503 0.978133
vt 0.805682 0.863373
vt 0.805682 0.978133
vt 0.806827 0.863373
vt 0.806827 0.978133
vt 0.807938 0.863373
vt 0.807938 0.978133
vt 0.809015 0.863373
vt 0.809015 0.978133
vt 0.812572 0.873232
vt 0.813665 0.873232
vt 0.813665 0.987992
vt 0.812572 0.987992
vt 0.814788 0.873232
vt 0.814788 0.987992
vt 0.815942 0.873232
vt 0.815942 0.987992
vt 0.817125 0.873232
vt 0.817125 0.987992
vt 0.818340 0.873232
vt 0.818340 0.987992
vt 0.819580 0.873232
vt 0.819580 0.987992
vt 0.820844 0.873232
vt 0.820844 0.987992
vt 0.822130 0.873232
vt 0.822130 0.987992
vt 0.823439 0.873232
vt 0.823439 0.987992
vt 0.824771 0.873232
vt 0.824771 0.987992
vt 0.826126 0.873232
vt 0.826126 0.987992
vt 0.827503 0.873232
vt 0.827503 0.987992
vt 0.828903 0.873232
vt 0.828903 0.987992
vt 0.830326 0.873232
vt 0.830326 0.987992
vt 0.831772 0.873232
vt 0.831772 0.987992
vt 0.833241 0.873232
vt 0.833241 0.987992
vt 0.834732 0.873232
vt 0.834732 0.987992
vt 0.836240 0.873232
vt 0.836240 0.987992
vt 0.837760 0.873232
vt 0.837760 0.987992
vt 0.839291 0.873232
vt 0.839291 0.987992
vt 0.840834 0.873232
vt 0.840834 0.987992
vt 0.842388 0.873232
vt 0.842388 0.987992
vt 0.843953 0.873232
vt 0.843953 0.987992
vt 0.845530 0.873232
vt 0.845530 0.987992
vt 0.847118 0.873232
vt 0.847118 0.987992
vt 0.848718 0.873232
vt 0.848718 0.987992
vt 0.850329 0.873232
vt 0.850329 0.987992
vt 0.851951 0.873232
vt 0.851951 0.987992
vt 0.853585 0.873232
vt 0.853585 0.987992
vt 0.856609 0.873232
vt 0.856609 0.987992
vt 0.859581 0.873232
vt 0.859581 0.987992
vt 0.862499 0.873232
vt 0.862499 0.987992
vt 0.865365 0.873232
vt 0.865365 0.987992
vt 0.868177 0.873232
vt 0.868177 0.987992
vt 0.870936 0.873232
vt 0.870936 0.987992
vt 0.873642 0.873232
vt 0.873642 0.987992
vt 0.876295 0.873232
vt 0.876295 0.987992
vt 0.878895 0.873232
vt 0.878895 0.987992
vt 0.881442 0.873232
vt 0.881442 0.987992
vt 0.883935 0.873232
vt 0.883935 0.987992
vt 0.886376 0.873232
vt 0.886376 0.987992
vt 0.888747 0.873232
vt 0.888747 0.987992
vt 0.891033 0.873232
vt 0.891033 0.987992
vt 0.893234 0.873232
vt 0.893234 0.987992
vt 0.895349 0.873232
vt 0.895349 0.987992
vt 0.751913 0.323727
vt 0.751913 0.321663
vt 0.866674 0.321663
vt 0.866674 0.323727
vt 0.751913 0.319486
vt 0.866674 0.319486
vt 0.751913 0.317194
vt 0.866674 0.317194
vt 0.751913 0.314790
vt 0.866674 0.314790
vt 0.751913 0.312271
vt 0.866674 0.312271
vt 0.751913 0.309638
vt 0.866674 0.309638
vt 0.751913 0.306892
vt 0.866674 0.306892
vt 0.751913 0.304032
vt 0.866674 0.304032
vt 0.751913 0.301061
vt 0.866674 0.301061
vt 0.751913 0.297979
vt 0.866674 0.297979
vt 0.751913 0.294788
vt 0.866674 0.294788
vt 0.751913 0.291487
vt 0.866674 0.291487
vt 0.751913 0.288075
vt 0.866674 0.288076
vt 0.751913 0.284554
vt 0.866674 0.284554
vt 0.751913 0.280924
vt 0.866674 0.280924
vt 0.751913 0.277183
vt 0.866674 0.277183
vt 0.751913 0.273332
vt 0.866674 0.273332
vt 0.751913 0.269372
vt 0.866674 0.269372
vt 0.751913 0.265301
vt 0.866674 0.265301
vt 0.751913 0.261121
vt 0.866674 0.261121
vt 0.751913 0.256985
vt 0.866674 0.256985
vt 0.751913 0.252955
vt 0.866674 0.252955
vt 0.751913 0.249031
vt 0.866674 0.249031
vt 0.751913 0.245214
vt 0.866674 0.245214
vt 0.751913 0.241503
vt 0.866674 0.241503
vt 0.751913 0.237899
vt 0.866674 0.237899
vt 0.751913 0.234401
vt 0.866674 0.234401
vt 0.751913 0.231010
vt 0.866674 0.231010
vt 0.751913 0.227725
vt 0.866674 0.227725
vt 0.751913 0.224546
vt 0.866674 0.224546
vt 0.751913 0.221474
vt 0.866674 0.221474
vt 0.751913 0.218509
vt 0.866674 0.218509
vt 0.751913 0.215654
vt 0.866674 0.215654
vt 0.751913 0.212916
vt 0.866674 0.212916
vt 0.751913 0.210293
vt 0.866674 0.210293
vt 0.751913 0.207786
vt 0.866674 0.207787
vt 0.751913 0.205396
vt 0.866674 0.205396
vt 0.751913 0.203121
vt 0.866674 0.203121
vt 0.751913 0.200961
vt 0.866674 0.200961
vt 0.751913 0.198918
vt 0.866674 0.198918
vt 0.911692 0.758471
vt 0.911692 0.873232
vt 0.913895 0.758471
vt 0.913895 0.873232
vt 0.916181 0.758471
vt 0.916181 0.873232
vt 0.918552 0.758471
vt 0.918552 0.873232
vt 0.920988 0.758471
vt 0.920988 0.873232
vt 0.923475 0.758471
vt 0.923475 0.873232
vt 0.926010 0.758471
vt 0.926010 0.873232
vt 0.928595 0.758471
vt 0.928595 0.873232
vt 0.931230 0.758471
vt 0.931230 0.873232
vt 0.933914 0.758471
vt 0.933914 0.873232
vt 0.936648 0.758471
vt 0.936648 0.873232
vt 0.939431 0.758471
vt 0.939431 0.873232
vt 0.942263 0.758471
vt 0.942263 0.873232
vt 0.945145 0.758471
vt 0.945145 0.873232
vt 0.948077 0.758471
vt 0.948077 0.873232
vt 0.951057 0.758471
vt 0.951057 0.873232
vt 0.952691 0.758471
vt 0.952691 0.873232
vt 0.954314 0.758471
vt 0.954314 0.873232
vt 0.955925 0.758471
vt 0.955925 0.873232
vt 0.957524 0.758471
vt 0.957524 0.873232
vt 0.959113 0.758471
vt 0.959113 0.873232
vt 0.960690 0.758471
vt 0.960690 0.873232
vt 0.962255 0.758471
vt 0.962255 0.873232
vt 0.963810 0.758471
vt 0.963810 0.873232
vt 0.965353 0.758471
vt 0.965353 0.873232
vt 0.966884 0.758471
vt 0.966884 0.873232
vt 0.968405 0.758471
vt 0.968405 0.873232
vt 0.969914 0.758471
vt 0.969914 0.873232
vt 0.971406 0.758471
vt 0.971406 0.873232
vt 0.972875 0.758471
vt 0.972875 0.873232
vt 0.974321 0.758471
vt 0.974321 0.873232
vt 0.975745 0.758471
vt 0.975745 0.873232
vt 0.977146 0.758471
vt 0.977146 0.873232
vt 0.978524 0.758471
vt 0.978524 0.873232
vt 0.979880 0.758471
vt 0.979880 0.873232
vt 0.981213 0.758471
vt 0.981213 0.873232
vt 0.982523 0.758471
vt 0.982523 0.873232
vt 0.983810 0.758471
vt 0.983810 0.873232
vt 0.985075 0.758471
vt 0.985075 0.873232
vt 0.986316 0.758471
vt 0.986316 0.873232
vt 0.987532 0.758471
vt 0.987532 0.873232
vt 0.988717 0.758471
vt 0.988717 0.873232
vt 0.989871 0.758471
vt 0.989871 0.873232
vt 0.990996 0.758471
vt 0.990996 0.873232
vt 0.992090 0.758471
vt 0.992090 0.873232
vt 0.963127 0.403028
vt 0.964202 0.403028
vt 0.964202 0.517788
vt 0.963127 0.517788
vt 0.965311 0.403028
vt 0.965311 0.517788
vt 0.966454 0.403028
vt 0.966454 0.517788
vt 0.967632 0.403028
vt 0.967632 0.517788
vt 0.968843 0.403028
vt 0.968843 0.517788
vt 0.970089 0.403028
vt 0.970089 0.517788
vt 0.971369 0.403028
vt 0.971369 0.517788
vt 0.972682 0.403028
vt 0.972682 0.517788
vt 0.974028 0.403028
vt 0.974028 0.517788
vt 0.975406 0.403028
vt 0.975406 0.517788
vt 0.976816 0.403028
vt 0.976816 0.517788
vt 0.978258 0.403028
vt 0.978258 0.517788
vt 0.979733 0.403028
vt 0.979733 0.517788
vt 0.981240 0.403028
vt 0.981240 0.517788
vt 0.982779 0.403028
vt 0.982779 0.517788
vt 0.984351 0.403028
vt 0.984351 0.517788
vt 0.985955 0.403028
vt 0.985955 0.517788
vt 0.987591 0.403028
vt 0.987591 0.517788
vt 0.989259 0.403028
vt 0.989259 0.517788
vt 0.973237 0.643711
vt 0.998375 0.643711
vt 0.998375 0.758471
vt 0.973237 0.758471
vt 0.114760 0.607113
vt 0.117246 0.607113
vt 0.117246 0.721874
vt 0.114760 0.721874
vt 0.119692 0.607113
vt 0.119692 0.721874
vt 0.122098 0.607113
vt 0.122098 0.721874
vt 0.124464 0.607113
vt 0.124464 0.721874
vt 0.126790 0.607113
vt 0.126790 0.721874
vt 0.129077 0.607113
vt 0.129077 0.721874
vt 0.131324 0.607113
vt 0.131324 0.721874
vt 0.133531 0.607113
vt 0.133531 0.721874
vt 0.135699 0.607113
vt 0.135699 0.721874
vt 0.137826 0.607113
vt 0.137826 0.721874
vt 0.139914 0.607113
vt 0.139914 0.721874
vt 0.141963 0.607113
vt 0.141963 0.721874
vt 0.143965 0.607113
vt 0.143965 0.721874
vt 0.145917 0.607113
vt 0.145917 0.721874
vt 0.147817 0.607113
vt 0.147817 0.721874
vt 0.149667 0.607113
vt 0.149667 0.721874
vt 0.151465 0.607113
vt 0.151465 0.721874
vt 0.153212 0.607113
vt 0.153212 0.721874
vt 0.154908 0.607113
vt 0.154908 0.721874
vt 0.156553 0.607113
vt 0.156553 0.721874
vt 0.812572 0.523467
vt 0.812572 0.521847
vt 0.927333 0.521847
vt 0.927333 0.523467
vt 0.812572 0.520176
vt 0.927333 0.520176
vt 0.812572 0.518454
vt 0.927333 0.518454
vt 0.812572 0.516680
vt 0.927333 0.516680
vt 0.812572 0.514863
vt 0.927333 0.514863
vt 0.812572 0.513010
vt 0.927333 0.513010
vt 0.812572 0.511121
vt 0.927333 0.511121
vt 0.812572 0.509195
vt 0.927333 0.509195
vt 0.812572 0.507234
vt 0.927333 0.507234
vt 0.812572 0.505237
vt 0.927333 0.505237
vt 0.812572 0.503203
vt 0.927333 0.503203
vt 0.812572 0.501134
vt 0.927333 0.501134
vt 0.812572 0.499028
vt 0.927333 0.499028
vt 0.812572 0.496887
vt 0.927333 0.496887
vt 0.812572 0.494709
vt 0.927333 0.494709
vt 0.283622 0.831443
vt 0.346467 0.831443
vt 0.346467 0.946203
vt 0.283622 0.946203
vt 0.976830 0.000000
vt 0.999236 0.000000
vt 0.999236 0.114760
vt 0.976830 0.114760
vt 0.697812 0.863373
vt 0.697812 0.712818
vt 0.812572 0.712818
vt 0.812572 0.863373
vt 0.067217 0.885239
vt 0.067217 1.000000
vt 0.910665 0.643711
vt 0.910665 0.758471
vt 0.468291 0.778458
vt 0.468291 0.601946
vt 0.583052 0.601946
vt 0.583052 0.778458
vt 0.583052 0.884791
vt 0.583052 0.999551
vt 0.353531 0.778458
vt 0.353531 0.601946
vt 0.468291 0.601946
vt 0.468291 0.778458
vt 0.468291 0.884869
vt 0.468291 0.881504
vt 0.583052 0.881504
vt 0.583052 0.884869
vt 0.468291 0.878059
vt 0.583052 0.878059
vt 0.468291 0.874535
vt 0.583052 0.874535
vt 0.468291 0.870932
vt 0.583052 0.870932
vt 0.468291 0.867248
vt 0.583052 0.867248
vt 0.468291 0.863485
vt 0.583052 0.863485
vt 0.468291 0.859643
vt 0.583052 0.859643
vt 0.468291 0.855720
vt 0.583052 0.855720
vt 0.468291 0.851718
vt 0.583052 0.851718
vt 0.468291 0.847637
vt 0.583052 0.847637
vt 0.468291 0.843476
vt 0.583052 0.843476
vt 0.468291 0.839235
vt 0.583052 0.839235
vt 0.468291 0.834994
vt 0.583052 0.834994
vt 0.468291 0.830832
vt 0.583052 0.830832
vt 0.468291 0.826751
vt 0.583052 0.826751
vt 0.468291 0.822749
vt 0.583052 0.822749
vt 0.468291 0.818828
vt 0.583052 0.818828
vt 0.468291 0.814985
vt 0.583052 0.814985
vt 0.468291 0.811223
vt 0.583052 0.811223
vt 0.468291 0.807540
vt 0.583052 0.807540
vt 0.468291 0.803937
vt 0.583052 0.803937
vt 0.468291 0.800414
vt 0.583052 0.800414
vt 0.468291 0.796970
vt 0.583052 0.796970
vt 0.468291 0.793607
vt 0.583052 0.793607
vt 0.468291 0.790341
vt 0.583052 0.790341
vt 0.468291 0.787194
vt 0.583052 0.787194
vt 0.468291 0.784164
vt 0.583052 0.784164
vt 0.468291 0.781252
vt 0.583052 0.781252
vt 0.468291 0.778458
vt 0.583052 0.778458
vt 0.697812 0.557923
vt 0.697812 0.555045
vt 0.812572 0.555045
vt 0.812572 0.557923
vt 0.697812 0.552021
vt 0.812572 0.552021
vt 0.697812 0.548850
vt 0.812572 0.548850
vt 0.697812 0.545534
vt 0.812572 0.545534
vt 0.697812 0.542072
vt 0.812572 0.542072
vt 0.697812 0.538464
vt 0.812572 0.538464
vt 0.697812 0.534710
vt 0.812572 0.534710
vt 0.697812 0.530826
vt 0.812572 0.530826
vt 0.697812 0.526828
vt 0.812572 0.526828
vt 0.697812 0.522717
vt 0.812572 0.522717
vt 0.697812 0.518492
vt 0.812572 0.518492
vt 0.697812 0.514153
vt 0.812572 0.514153
vt 0.697812 0.509700
vt 0.812572 0.509700
vt 0.697812 0.505134
vt 0.812572 0.505134
vt 0.697812 0.500454
vt 0.812572 0.500454
vt 0.697812 0.495661
vt 0.812572 0.495661
vt 0.697812 0.490753
vt 0.812572 0.490753
vt 0.697812 0.485732
vt 0.812572 0.485732
vt 0.697812 0.480598
vt 0.812572 0.480598
vt 0.697812 0.475377
vt 0.812572 0.475377
vt 0.697812 0.470279
vt 0.812572 0.470279
vt 0.697812 0.465306
vt 0.812572 0.465306
vt 0.697812 0.460455
vt 0.812572 0.460455
vt 0.697812 0.455728
vt 0.812572 0.455728
vt 0.697812 0.451125
vt 0.812572 0.451125
vt 0.697812 0.446645
vt 0.812572 0.446645
vt 0.697812 0.442288
vt 0.812572 0.442288
vt 0.697812 0.438055
vt 0.812572 0.438055
vt 0.697812 0.433946
vt 0.812572 0.433946
vt 0.697812 0.429960
vt 0.812572 0.429960
vt 0.697812 0.426097
vt 0.812572 0.426097
vt 0.697812 0.422369
vt 0.812572 0.422369
vt 0.697812 0.418784
vt 0.812572 0.418784
vt 0.697812 0.415344
vt 0.812572 0.415344
vt 0.697812 0.412049
vt 0.812572 0.412049
vt 0.697812 0.408897
vt 0.812572 0.408897
vt 0.697812 0.405890
vt 0.812572 0.405890
vt 0.697812 0.403028
vt 0.812572 0.403028
vt 0.168862 0.902159
vt 0.168862 0.899362
vt 0.283622 0.899362
vt 0.283622 0.902159
vt 0.168862 0.896446
vt 0.283622 0.896446
vt 0.168862 0.893413
vt 0.283622 0.893413
vt 0.168862 0.890263
vt 0.283622 0.890263
vt 0.168862 0.886995
vt 0.283622 0.886995
vt 0.168862 0.883629
vt 0.283622 0.883629
vt 0.168862 0.880183
vt 0.283622 0.880183
vt 0.168862 0.876658
vt 0.283622 0.876658
vt 0.168862 0.873053
vt 0.283622 0.873053
vt 0.168862 0.869369
vt 0.283622 0.869369
vt 0.168862 0.865605
vt 0.283622 0.865605
vt 0.168862 0.861761
vt 0.283622 0.861761
vt 0.168862 0.857838
vt 0.283622 0.857838
vt 0.168862 0.853836
vt 0.283622 0.853836
vt 0.168862 0.849754
vt 0.283622 0.849754
vt 0.168862 0.845593
vt 0.283622 0.845593
vt 0.168862 0.841351
vt 0.283622 0.841351
vt 0.168862 0.837111
vt 0.283622 0.837111
vt 0.168862 0.832950
vt 0.283622 0.832950
vt 0.168862 0.828869
vt 0.283622 0.828869
vt 0.168862 0.824867
vt 0.283622 0.824867
vt 0.168862 0.820946
vt 0.283622 0.820946
vt 0.168862 0.817105
vt 0.283622 0.817105
vt 0.168862 0.813343
vt 0.283622 0.813343
vt 0.168862 0.809662
vt 0.283622 0.809662
vt 0.168862 0.806060
vt 0.283622 0.806060
vt 0.168862 0.802538
vt 0.283622 0.802538
vt 0.168862 0.799096
vt 0.283622 0.799096
vt 0.168862 0.795734
vt 0.283622 0.795734
vt 0.168862 0.792471
vt 0.283622 0.792471
vt 0.168862 0.789328
vt 0.283622 0.789328
vt 0.168862 0.786305
vt 0.283622 0.786305
vt 0.168862 0.783402
vt 0.283622 0.783402
vt 0.168862 0.780618
vt 0.283622 0.780618
vt 0.697812 0.709957
vt 0.812572 0.709957
vt 0.697812 0.706952
vt 0.812572 0.706952
vt 0.697812 0.703802
vt 0.812572 0.703802
vt 0.697812 0.700507
vt 0.812572 0.700507
vt 0.697812 0.697069
vt 0.812572 0.697069
vt 0.697812 0.693486
vt 0.812572 0.693486
vt 0.697812 0.689758
vt 0.812572 0.689758
vt 0.697812 0.685897
vt 0.812572 0.685897
vt 0.697812 0.681912
vt 0.812572 0.681912
vt 0.697812 0.677803
vt 0.812572 0.677803
vt 0.697812 0.673571
vt 0.812572 0.673571
vt 0.697812 0.669215
vt 0.812572 0.669215
vt 0.697812 0.664736
vt 0.812572 0.664736
vt 0.697812 0.660133
vt 0.812572 0.660133
vt 0.697812 0.655407
vt 0.812572 0.655407
vt 0.697812 0.650557
vt 0.812572 0.650557
vt 0.697812 0.645583
vt 0.812572 0.645583
vt 0.697812 0.640486
vt 0.812572 0.640486
vt 0.697812 0.635265
vt 0.812572 0.635265
vt 0.697812 0.630130
vt 0.812572 0.630130
vt 0.697812 0.625109
vt 0.812572 0.625109
vt 0.697812 0.620201
vt 0.812572 0.620201
vt 0.697812 0.615407
vt 0.812572 0.615407
vt 0.697812 0.610727
vt 0.812572 0.610727
vt 0.697812 0.606160
vt 0.812572 0.606160
vt 0.697812 0.601707
vt 0.812572 0.601707
vt 0.697812 0.597368
vt 0.812572 0.597368
vt 0.697812 0.593142
vt 0.812572 0.593142
vt 0.697812 0.589030
vt 0.812572 0.589030
vt 0.697812 0.585031
vt 0.812572 0.585031
vt 0.697812 0.581146
vt 0.812572 0.581146
vt 0.697812 0.577391
vt 0.812572 0.577391
vt 0.697812 0.573781
vt 0.812572 0.573781
vt 0.697812 0.570318
vt 0.812572 0.570318
vt 0.697812 0.567000
vt 0.812572 0.567000
vt 0.697812 0.563829
vt 0.812572 0.563829
vt 0.697812 0.560803
vt 0.812572 0.560803
vt 0.697812 0.557923
vt 0.812572 0.557923
vt 0.468291 0.899999
vt 0.468291 0.897212
vt 0.583052 0.897212
vt 0.583052 0.899999
vt 0.468291 0.894306
vt 0.583052 0.894306
vt 0.468291 0.891279
vt 0.583052 0.891279
vt 0.468291 0.888134
vt 0.583052 0.888134
vt 0.706791 0.863373
vt 0.709228 0.863373
vt 0.709228 0.978133
vt 0.706791 0.978133
vt 0.711714 0.863373
vt 0.711714 0.978133
vt 0.714250 0.863373
vt 0.714250 0.978133
vt 0.716835 0.863373
vt 0.716835 0.978133
vt 0.719470 0.863373
vt 0.719470 0.978133
vt 0.722154 0.863373
vt 0.722154 0.978133
vt 0.724887 0.863373
vt 0.724887 0.978133
vt 0.727670 0.863373
vt 0.727670 0.978133
vt 0.730503 0.863373
vt 0.730503 0.978133
vt 0.733385 0.863373
vt 0.733385 0.978133
vt 0.736316 0.863373
vt 0.736316 0.978133
vt 0.739297 0.863373
vt 0.739297 0.978133
vt 0.742235 0.863373
vt 0.742235 0.978133
vt 0.745127 0.863373
vt 0.745127 0.978133
vt 0.747973 0.863373
vt 0.747973 0.978133
vt 0.750775 0.863373
vt 0.750775 0.978133
vt 0.753530 0.863373
vt 0.753530 0.978133
vt 0.756241 0.863373
vt 0.756241 0.978133
vt 0.758906 0.863373
vt 0.758906 0.978133
vt 0.761525 0.863373
vt 0.761525 0.978133
vt 0.764099 0.863373
vt 0.764099 0.978133
vt 0.766628 0.863373
vt 0.766628 0.978133
vt 0.769111 0.863373
vt 0.769111 0.978133
vt 0.771549 0.863373
vt 0.771549 0.978133
vt 0.773922 0.863373
vt 0.773922 0.978133
vt 0.776212 0.863373
vt 0.776212 0.978133
vt 0.778419 0.863373
vt 0.778419 0.978133
vt 0.780543 0.863373
vt 0.780543 0.978133
vt 0.583052 0.882632
vt 0.697812 0.882632
vt 0.697812 0.884791
vt 0.583052 0.880354
vt 0.697812 0.880354
vt 0.583052 0.877957
vt 0.697812 0.877957
vt 0.583052 0.875439
vt 0.697812 0.875439
vt 0.583052 0.872802
vt 0.697812 0.872802
vt 0.583052 0.870046
vt 0.697812 0.870046
vt 0.583052 0.867170
vt 0.697812 0.867170
vt 0.583052 0.864181
vt 0.697812 0.864181
vt 0.583052 0.861089
vt 0.697812 0.861089
vt 0.583052 0.857892
vt 0.697812 0.857892
vt 0.583052 0.854590
vt 0.697812 0.854590
vt 0.583052 0.851184
vt 0.697812 0.851184
vt 0.583052 0.847673
vt 0.697812 0.847673
vt 0.583052 0.844058
vt 0.697812 0.844058
vt 0.583052 0.840339
vt 0.697812 0.840339
vt 0.583052 0.836515
vt 0.697812 0.836515
vt 0.583052 0.832586
vt 0.697812 0.832586
vt 0.583052 0.828553
vt 0.697812 0.828553
vt 0.583052 0.824416
vt 0.697812 0.824416
vt 0.583052 0.820191
vt 0.697812 0.820191
vt 0.583052 0.816078
vt 0.697812 0.816078
vt 0.583052 0.812077
vt 0.697812 0.812077
vt 0.583052 0.808187
vt 0.697812 0.808188
vt 0.583052 0.804410
vt 0.697812 0.804410
vt 0.583052 0.800744
vt 0.697812 0.800744
vt 0.583052 0.797191
vt 0.697812 0.797191
vt 0.583052 0.793749
vt 0.697812 0.793749
vt 0.583052 0.790419
vt 0.697812 0.790419
vt 0.583052 0.787200
vt 0.697812 0.787200
vt 0.583052 0.784094
vt 0.697812 0.784094
vt 0.583052 0.781099
vt 0.697812 0.781099
vt 0.583052 0.778220
vt 0.697812 0.778220
vt 0.583052 0.775461
vt 0.697812 0.775461
vt 0.583052 0.772821
vt 0.697812 0.772821
vt 0.583052 0.770300
vt 0.697812 0.770300
vt 0.583052 0.767899
vt 0.697812 0.767899
vt 0.583052 0.765618
vt 0.697812 0.765618
vt 0.583052 0.763456
vt 0.697812 0.763456
vt 0.583052 0.761413
vt 0.697812 0.761413
vt 0.895349 0.873232
vt 0.897470 0.873232
vt 0.897470 0.987992
vt 0.895349 0.987992
vt 0.899674 0.873232
vt 0.899674 0.987992
vt 0.901962 0.873232
vt 0.901962 0.987992
vt 0.904334 0.873232
vt 0.904334 0.987992
vt 0.906770 0.873232
vt 0.906770 0.987992
vt 0.909251 0.873232
vt 0.909251 0.987992
vt 0.911778 0.873232
vt 0.911778 0.987992
vt 0.914351 0.873232
vt 0.914351 0.987992
vt 0.916969 0.873232
vt 0.916969 0.987992
vt 0.919633 0.873232
vt 0.919633 0.987992
vt 0.922343 0.873232
vt 0.922343 0.987992
vt 0.925098 0.873232
vt 0.925098 0.987992
vt 0.927898 0.873232
vt 0.927898 0.987992
vt 0.930745 0.873232
vt 0.930745 0.987992
vt 0.933636 0.873232
vt 0.933636 0.987992
vt 0.936574 0.873232
vt 0.936574 0.987992
vt 0.939555 0.873232
vt 0.939555 0.987992
vt 0.942486 0.873232
vt 0.942486 0.987992
vt 0.945369 0.873232
vt 0.945369 0.987992
vt 0.948202 0.873232
vt 0.948202 0.987992
vt 0.950985 0.873232
vt 0.950985 0.987992
vt 0.953720 0.873232
vt 0.953720 0.987992
vt 0.956405 0.873232
vt 0.956405 0.987992
vt 0.959041 0.873232
vt 0.959041 0.987992
vt 0.961627 0.873232
vt 0.961627 0.987992
vt 0.964165 0.873232
vt 0.964165 0.987992
vt 0.966653 0.873232
vt 0.966653 0.987992
vt 0.969091 0.873232
vt 0.969091 0.987992
vt 0.971464 0.873232
vt 0.971464 0.987992
vt 0.973752 0.873232
vt 0.973752 0.987992
vt 0.975958 0.873232
vt 0.975958 0.987992
vt 0.749495 0.125219
vt 0.749495 0.123170
vt 0.864255 0.123170
vt 0.864255 0.125219
vt 0.749495 0.121004
vt 0.864255 0.121004
vt 0.749495 0.118724
vt 0.864255 0.118724
vt 0.749495 0.116327
vt 0.864255 0.116327
vt 0.749495 0.113815
vt 0.864255 0.113815
vt 0.749495 0.111187
vt 0.864255 0.111187
vt 0.749495 0.108444
vt 0.864255 0.108444
vt 0.749495 0.105585
vt 0.864255 0.105585
vt 0.749495 0.102612
vt 0.864255 0.102612
vt 0.749495 0.099524
vt 0.864255 0.099524
vt 0.749495 0.096323
vt 0.864255 0.096323
vt 0.749495 0.093009
vt 0.864255 0.093009
vt 0.749495 0.089581
vt 0.864255 0.089581
vt 0.749495 0.086039
vt 0.864255 0.086039
vt 0.749495 0.082383
vt 0.864255 0.082383
vt 0.749495 0.078614
vt 0.864255 0.078614
vt 0.749495 0.074731
vt 0.864255 0.074731
vt 0.749495 0.070734
vt 0.864255 0.070734
vt 0.749495 0.066624
vt 0.864255 0.066624
vt 0.749495 0.062400
vt 0.864255 0.062400
vt 0.749495 0.058263
vt 0.864255 0.058263
vt 0.749495 0.054230
vt 0.864255 0.054230
vt 0.749495 0.050302
vt 0.864255 0.050302
vt 0.749495 0.046478
vt 0.864255 0.046478
vt 0.749495 0.042759
vt 0.864255 0.042759
vt 0.749495 0.039144
vt 0.864255 0.039144
vt 0.749495 0.035634
vt 0.864255 0.035634
vt 0.749495 0.032228
vt 0.864255 0.032228
vt 0.749495 0.028927
vt 0.864255 0.028927
vt 0.749495 0.025731
vt 0.864255 0.025731
vt 0.749495 0.022639
vt 0.864255 0.022639
vt 0.749495 0.019651
vt 0.864255 0.019651
vt 0.749495 0.016776
vt 0.864255 0.016776
vt 0.749495 0.014021
vt 0.864255 0.014021
vt 0.749495 0.011385
vt 0.864255 0.011385
vt 0.749495 0.008868
vt 0.864255 0.008868
vt 0.749495 0.006472
vt 0.864255 0.006472
vt 0.749495 0.004195
vt 0.864255 0.004195
vt 0.749495 0.002038
vt 0.864255 0.002038
vt 0.749495 -0.000000
vt 0.864255 0.000000
vt 0.697812 0.863373
vt 0.699931 0.863373
vt 0.699931 0.978133
vt 0.697812 0.978133
vt 0.702134 0.863373
vt 0.702134 0.978133
vt 0.704421 0.863373
vt 0.704421 0.978133
s 0
f 84/1/1 86/2/1 85/3/1
f 84/1/1 87/4/1 86/2/1
f 83/5/1 87/4/1 84/1/1
f 83/5/1 88/6/1 87/4/1
f 82/7/1 88/6/1 83/5/1
f 82/7/1 89/8/1 88/6/1
f 81/9/1 89/8/1 82/7/1
f 81/9/1 90/10/1 89/8/1
f 80/11/1 90/10/1 81/9/1
f 80/11/1 91/12/1 90/10/1
f 79/13/1 91/12/1 80/11/1
f 79/13/1 92/14/1 91/12/1
f 78/15/1 92/14/1 79/13/1
f 78/15/1 93/16/1 92/14/1
f 77/17/1 93/16/1 78/15/1
f 77/17/1 94/18/1 93/16/1
f 76/19/1 94/18/1 77/17/1
f 76/19/1 95/20/1 94/18/1
f 75/21/1 95/20/1 76/19/1
f 75/21/1 96/22/1 95/20/1
f 74/23/1 96/22/1 75/21/1
f 74/23/1 97/24/1 96/22/1
f 73/25/1 97/24/1 74/23/1
f 72/26/1 97/24/1 73/25/1
f 72/26/1 98/27/1 97/24/1
f 71/28/1 98/27/1 72/26/1
f 71/28/1 99/29/1 98/27/1
f 70/30/1 99/29/1 71/28/1
f 70/30/1 100/31/1 99/29/1
f 69/32/1 100/31/1 70/30/1
f 69/32/1 101/33/1 100/31/1
f 68/34/1 101/33/1 69/32/1
f 68/34/1 230/35/1 101/33/1
f 230/35/1 229/36/1 101/33/1
f 229/36/1 228/37/1 101/33/1
f 228/37/1 102/38/1 101/33/1
f 227/39/1 102/38/1 228/37/1
f 68/34/1 231/40/1 230/35/1
f 226/41/1 102/38/1 227/39/1
f 68/34/1 232/42/1 231/40/1
f 225/43/1 102/38/1 226/41/1
f 68/34/1 233/44/1 232/42/1
f 224/45/1 102/38/1 225/43/1
f 68/34/1 234/46/1 233/44/1
f 67/47/1 234/46/1 68/34/1
f 224/45/1 103/48/1 102/38/1
f 223/49/1 103/48/1 224/45/1
f 67/47/1 235/50/1 234/46/1
f 222/51/1 103/48/1 223/49/1
f 67/47/1 236/52/1 235/50/1
f 221/53/1 103/48/1 222/51/1
f 67/47/1 237/54/1 236/52/1
f 220/55/1 103/48/1 221/53/1
f 67/47/1 238/56/1 237/54/1
f 66/57/1 238/56/1 67/47/1
f 220/55/1 104/58/1 103/48/1
f 219/59/1 104/58/1 220/55/1
f 66/57/1 239/60/1 238/56/1
f 218/61/1 104/58/1 219/59/1
f 66/57/1 240/62/1 239/60/1
f 65/63/1 240/62/1 66/57/1
f 218/61/1 105/64/1 104/58/1
f 217/65/1 105/64/1 218/61/1
f 65/63/1 241/66/1 240/62/1
f 216/67/1 105/64/1 217/65/1
f 65/63/1 242/68/1 241/66/1
f 64/69/1 242/68/1 65/63/1
f 216/67/1 106/70/1 105/64/1
f 215/71/1 106/70/1 216/67/1
f 64/69/1 243/72/1 242/68/1
f 214/73/1 106/70/1 215/71/1
f 64/69/1 244/74/1 243/72/1
f 63/75/1 244/74/1 64/69/1
f 214/73/1 107/76/1 106/70/1
f 213/77/1 107/76/1 214/73/1
f 63/75/1 245/78/1 244/74/1
f 212/79/1 107/76/1 213/77/1
f 63/75/1 246/80/1 245/78/1
f 62/81/1 246/80/1 63/75/1
f 212/79/1 108/82/1 107/76/1
f 211/83/1 108/82/1 212/79/1
f 62/81/1 247/84/1 246/80/1
f 210/85/1 108/82/1 211/83/1
f 62/81/1 248/86/1 247/84/1
f 61/87/1 248/86/1 62/81/1
f 210/85/1 109/88/1 108/82/1
f 209/89/1 109/88/1 210/85/1
f 61/87/1 249/90/1 248/86/1
f 60/91/1 249/90/1 61/87/1
f 209/89/1 110/92/1 109/88/1
f 208/93/1 110/92/1 209/89/1
f 60/91/1 250/94/1 249/90/1
f 207/95/1 110/92/1 208/93/1
f 60/91/1 251/96/1 250/94/1
f 59/97/1 251/96/1 60/91/1
f 207/95/1 111/98/1 110/92/1
f 206/99/1 111/98/1 207/95/1
f 59/97/1 252/100/1 251/96/1
f 58/101/1 252/100/1 59/97/1
f 206/99/1 112/102/1 111/98/1
f 205/103/1 112/102/1 206/99/1
f 58/101/1 253/104/1 252/100/1
f 204/105/1 112/102/1 205/103/1
f 58/101/1 254/106/1 253/104/1
f 57/107/1 254/106/1 58/101/1
f 204/105/1 113/108/1 112/102/1
f 203/109/1 113/108/1 204/105/1
f 57/107/1 255/110/1 254/106/1
f 56/111/1 255/110/1 57/107/1
f 203/109/1 114/112/1 113/108/1
f 202/113/1 114/112/1 203/109/1
f 56/111/1 256/114/1 255/110/1
f 201/115/1 114/112/1 202/113/1
f 55/116/1 256/114/1 56/111/1
f 201/115/1 115/117/1 114/112/1
f 55/116/1 257/118/1 256/114/1
f 200/119/1 115/117/1 201/115/1
f 55/116/1 258/120/1 257/118/1
f 200/119/1 116/121/1 115/117/1
f 54/122/1 258/120/1 55/116/1
f 199/123/1 116/121/1 200/119/1
f 54/122/1 259/124/1 258/120/1
f 199/123/1 117/125/1 116/121/1
f 53/126/1 259/124/1 54/122/1
f 198/127/1 117/125/1 199/123/1
f 53/126/1 260/128/1 259/124/1
f 198/127/1 118/129/1 117/125/1
f 52/130/1 260/128/1 53/126/1
f 197/131/1 118/129/1 198/127/1
f 52/130/1 261/132/1 260/128/1
f 196/133/1 118/129/1 197/131/1
f 52/130/1 262/134/1 261/132/1
f 196/133/1 119/135/1 118/129/1
f 51/136/1 262/134/1 52/130/1
f 195/137/1 119/135/1 196/133/1
f 51/136/1 263/138/1 262/134/1
f 195/137/1 120/139/1 119/135/1
f 50/140/1 263/138/1 51/136/1
f 194/141/1 120/139/1 195/137/1
f 50/140/1 264/142/1 263/138/1
f 194/141/1 121/143/1 120/139/1
f 49/144/1 264/142/1 50/140/1
f 193/145/1 121/143/1 194/141/1
f 49/144/1 265/146/1 264/142/1
f 48/147/1 265/146/1 49/144/1
f 48/147/1 266/148/1 265/146/1
f 192/149/1 121/143/1 193/145/1
f 192/149/1 122/150/1 121/143/1
f 191/151/1 122/150/1 192/149/1
f 48/147/1 267/152/1 266/148/1
f 47/153/1 267/152/1 48/147/1
f 191/151/1 123/154/1 122/150/1
f 190/155/1 123/154/1 191/151/1
f 47/153/1 268/156/1 267/152/1
f 46/157/1 268/156/1 47/153/1
f 190/155/1 124/158/1 123/154/1
f 46/157/1 269/159/1 268/156/1
f 189/160/1 124/158/1 190/155/1
f 45/161/1 269/159/1 46/157/1
f 189/160/1 125/162/1 124/158/1
f 45/161/1 270/163/1 269/159/1
f 188/164/1 125/162/1 189/160/1
f 45/161/1 271/165/1 270/163/1
f 187/166/1 125/162/1 188/164/1
f 44/167/1 271/165/1 45/161/1
f 187/166/1 126/168/1 125/162/1
f 44/167/1 272/169/1 271/165/1
f 186/170/1 126/168/1 187/166/1
f 43/171/1 272/169/1 44/167/1
f 186/170/1 127/172/1 126/168/1
f 43/171/1 273/173/1 272/169/1
f 185/174/1 127/172/1 186/170/1
f 42/175/1 273/173/1 43/171/1
f 185/174/1 128/176/1 127/172/1
f 42/175/1 274/177/1 273/173/1
f 184/178/1 128/176/1 185/174/1
f 42/175/1 275/179/1 274/177/1
f 183/180/1 128/176/1 184/178/1
f 41/181/1 275/179/1 42/175/1
f 183/180/1 129/182/1 128/176/1
f 41/181/1 276/183/1 275/179/1
f 182/184/1 129/182/1 183/180/1
f 40/185/1 276/183/1 41/181/1
f 182/184/1 130/186/1 129/182/1
f 40/185/1 277/187/1 276/183/1
f 181/188/1 130/186/1 182/184/1
f 39/189/1 277/187/1 40/185/1
f 181/188/1 131/190/1 130/186/1
f 39/189/1 278/191/1 277/187/1
f 180/192/1 131/190/1 181/188/1
f 39/189/1 279/193/1 278/191/1
f 179/194/1 131/190/1 180/192/1
f 38/195/1 279/193/1 39/189/1
f 179/194/1 132/196/1 131/190/1
f 38/195/1 280/197/1 279/193/1
f 178/198/1 132/196/1 179/194/1
f 37/199/1 280/197/1 38/195/1
f 178/198/1 133/200/1 132/196/1
f 37/199/1 281/201/1 280/197/1
f 177/202/1 133/200/1 178/198/1
f 37/199/1 282/203/1 281/201/1
f 176/204/1 133/200/1 177/202/1
f 36/205/1 282/203/1 37/199/1
f 176/204/1 134/206/1 133/200/1
f 36/205/1 283/207/1 282/203/1
f 175/208/1 134/206/1 176/204/1
f 35/209/1 283/207/1 36/205/1
f 175/208/1 135/210/1 134/206/1
f 35/209/1 284/211/1 283/207/1
f 174/212/1 135/210/1 175/208/1
f 35/209/1 285/213/1 284/211/1
f 173/214/1 135/210/1 174/212/1
f 34/215/1 285/213/1 35/209/1
f 173/214/1 136/216/1 135/210/1
f 34/215/1 286/217/1 285/213/1
f 172/218/1 136/216/1 173/214/1
f 34/215/1 287/219/1 286/217/1
f 171/220/1 136/216/1 172/218/1
f 33/221/1 287/219/1 34/215/1
f 171/220/1 137/222/1 136/216/1
f 33/221/1 288/223/1 287/219/1
f 170/224/1 137/222/1 171/220/1
f 33/221/1 145/225/1 288/223/1
f 169/226/1 137/222/1 170/224/1
f 32/227/1 145/225/1 33/221/1
f 169/226/1 138/228/1 137/222/1
f 32/227/1 146/229/1 145/225/1
f 168/230/1 138/228/1 169/226/1
f 32/227/1 147/231/1 146/229/1
f 167/232/1 138/228/1 168/230/1
f 31/233/1 147/231/1 32/227/1
f 167/232/1 139/234/1 138/228/1
f 31/233/1 148/235/1 147/231/1
f 166/236/1 139/234/1 167/232/1
f 31/233/1 149/237/1 148/235/1
f 165/238/1 139/234/1 166/236/1
f 31/233/1 150/239/1 149/237/1
f 164/240/1 139/234/1 165/238/1
f 30/241/1 150/239/1 31/233/1
f 164/240/1 140/242/1 139/234/1
f 30/241/1 151/243/1 150/239/1
f 163/244/1 140/242/1 164/240/1
f 30/241/1 152/245/1 151/243/1
f 162/246/1 140/242/1 163/244/1
f 30/241/1 153/247/1 152/245/1
f 161/248/1 140/242/1 162/246/1
f 29/249/1 153/247/1 30/241/1
f 161/248/1 141/250/1 140/242/1
f 29/249/1 154/251/1 153/247/1
f 160/252/1 141/250/1 161/248/1
f 29/249/1 155/253/1 154/251/1
f 159/254/1 141/250/1 160/252/1
f 29/249/1 156/255/1 155/253/1
f 158/256/1 141/250/1 159/254/1
f 29/249/1 157/257/1 156/255/1
f 157/257/1 141/250/1 158/256/1
f 29/249/1 141/250/1 157/257/1
f 28/258/1 141/250/1 29/249/1
f 28/258/1 142/259/1 141/250/1
f 28/258/1 143/260/1 142/259/1
f 27/261/1 143/260/1 28/258/1
f 27/261/1 144/262/1 143/260/1
f 26/263/1 144/262/1 27/261/1
f 26/263/1 1/264/1 144/262/1
f 25/265/1 1/264/1 26/263/1
f 24/266/1 1/264/1 25/265/1
f 24/266/1 2/267/1 1/264/1
f 23/268/1 2/267/1 24/266/1
f 23/268/1 3/269/1 2/267/1
f 22/270/1 3/269/1 23/268/1
f 22/270/1 4/271/1 3/269/1
f 21/272/1 4/271/1 22/270/1
f 21/272/1 5/273/1 4/271/1
f 20/274/1 5/273/1 21/272/1
f 20/274/1 6/275/1 5/273/1
f 19/276/1 6/275/1 20/274/1
f 19/276/1 7/277/1 6/275/1
f 18/278/1 7/277/1 19/276/1
f 18/278/1 8/279/1 7/277/1
f 17/280/1 8/279/1 18/278/1
f 17/280/1 9/281/1 8/279/1
f 16/282/1 9/281/1 17/280/1
f 16/282/1 10/283/1 9/281/1
f 15/284/1 10/283/1 16/282/1
f 15/284/1 11/285/1 10/283/1
f 14/286/1 11/285/1 15/284/1
f 14/286/1 12/287/1 11/285/1
f 13/288/1 12/287/1 14/286/1
f 290/289/1 292/290/1 291/291/1
f 290/289/1 293/292/1 292/290/1
f 289/293/1 293/294/1 290/295/1
f 296/296/1 294/297/1 289/298/1
f 294/299/1 293/294/1 289/293/1
f 296/296/1 295/300/1 294/297/1
f 380/301/1 382/302/1 381/303/1
f 380/301/1 383/304/1 382/302/1
f 379/305/1 383/304/1 380/301/1
f 379/305/1 384/306/1 383/304/1
f 379/305/1 385/307/1 384/306/1
f 378/308/1 385/307/1 379/305/1
f 378/308/1 386/309/1 385/307/1
f 378/308/1 387/310/1 386/309/1
f 377/311/1 387/310/1 378/308/1
f 377/311/1 388/312/1 387/310/1
f 376/313/1 388/312/1 377/311/1
f 376/313/1 389/314/1 388/312/1
f 376/313/1 390/315/1 389/314/1
f 375/316/1 390/315/1 376/313/1
f 375/316/1 391/317/1 390/315/1
f 375/316/1 392/318/1 391/317/1
f 374/319/1 392/318/1 375/316/1
f 374/319/1 393/320/1 392/318/1
f 373/321/1 393/320/1 374/319/1
f 373/321/1 394/322/1 393/320/1
f 373/321/1 395/323/1 394/322/1
f 372/324/1 395/323/1 373/321/1
f 372/324/1 396/325/1 395/323/1
f 372/324/1 397/326/1 396/325/1
f 371/327/1 397/326/1 372/324/1
f 371/327/1 398/328/1 397/326/1
f 370/329/1 398/328/1 371/327/1
f 370/329/1 399/330/1 398/328/1
f 370/329/1 400/331/1 399/330/1
f 369/332/1 400/331/1 370/329/1
f 369/332/1 401/333/1 400/331/1
f 369/332/1 402/334/1 401/333/1
f 368/335/1 402/334/1 369/332/1
f 368/335/1 403/336/1 402/334/1
f 368/335/1 404/337/1 403/336/1
f 367/338/1 404/337/1 368/335/1
f 367/338/1 405/339/1 404/337/1
f 366/340/1 405/339/1 367/338/1
f 366/340/1 406/341/1 405/339/1
f 366/340/1 407/342/1 406/341/1
f 365/343/1 407/342/1 366/340/1
f 365/343/1 408/344/1 407/342/1
f 365/343/1 409/345/1 408/344/1
f 364/346/1 479/347/1 365/343/1
f 479/347/1 478/348/1 365/343/1
f 478/348/1 409/345/1 365/343/1
f 477/349/1 409/345/1 478/348/1
f 476/350/1 409/345/1 477/349/1
f 476/350/1 410/351/1 409/345/1
f 364/346/1 480/352/1 479/347/1
f 475/353/1 410/351/1 476/350/1
f 474/354/1 410/351/1 475/353/1
f 364/346/1 481/355/1 480/352/1
f 473/356/1 410/351/1 474/354/1
f 472/357/1 410/351/1 473/356/1
f 364/346/1 482/358/1 481/355/1
f 471/359/1 410/351/1 472/357/1
f 470/360/1 410/351/1 471/359/1
f 364/346/1 483/361/1 482/358/1
f 469/362/1 410/351/1 470/360/1
f 363/363/1 483/361/1 364/346/1
f 468/364/1 410/351/1 469/362/1
f 363/363/1 484/365/1 483/361/1
f 468/364/1 411/366/1 410/351/1
f 467/367/1 411/366/1 468/364/1
f 466/368/1 411/366/1 467/367/1
f 363/363/1 485/369/1 484/365/1
f 465/370/1 411/366/1 466/368/1
f 363/363/1 486/371/1 485/369/1
f 464/372/1 411/366/1 465/370/1
f 464/372/1 412/373/1 411/366/1
f 463/374/1 412/373/1 464/372/1
f 363/363/1 487/375/1 486/371/1
f 362/376/1 487/375/1 363/363/1
f 462/377/1 412/373/1 463/374/1
f 461/378/1 412/373/1 462/377/1
f 461/378/1 413/379/1 412/373/1
f 362/376/1 488/380/1 487/375/1
f 460/381/1 413/379/1 461/378/1
f 459/382/1 413/379/1 460/381/1
f 362/376/1 489/383/1 488/380/1
f 458/384/1 413/379/1 459/382/1
f 458/384/1 414/385/1 413/379/1
f 361/386/1 489/383/1 362/376/1
f 457/387/1 414/385/1 458/384/1
f 361/386/1 490/388/1 489/383/1
f 456/389/1 414/385/1 457/387/1
f 456/389/1 415/390/1 414/385/1
f 455/391/1 415/390/1 456/389/1
f 361/386/1 491/392/1 490/388/1
f 454/393/1 415/390/1 455/391/1
f 360/394/1 491/392/1 361/386/1
f 454/393/1 416/395/1 415/390/1
f 453/396/1 416/395/1 454/393/1
f 360/394/1 492/397/1 491/392/1
f 452/398/1 416/395/1 453/396/1
f 360/394/1 493/399/1 492/397/1
f 452/398/1 417/400/1 416/395/1
f 451/401/1 417/400/1 452/398/1
f 450/402/1 417/400/1 451/401/1
f 359/403/1 493/399/1 360/394/1
f 359/403/1 494/404/1 493/399/1
f 449/405/1 417/400/1 450/402/1
f 449/405/1 418/406/1 417/400/1
f 448/407/1 418/406/1 449/405/1
f 359/403/1 495/408/1 494/404/1
f 448/407/1 419/409/1 418/406/1
f 447/410/1 419/409/1 448/407/1
f 358/411/1 495/408/1 359/403/1
f 446/412/1 419/409/1 447/410/1
f 358/411/1 496/413/1 495/408/1
f 446/412/1 420/414/1 419/409/1
f 445/415/1 420/414/1 446/412/1
f 444/416/1 420/414/1 445/415/1
f 358/411/1 497/417/1 496/413/1
f 357/418/1 497/417/1 358/411/1
f 444/416/1 421/419/1 420/414/1
f 443/420/1 421/419/1 444/416/1
f 442/421/1 421/419/1 443/420/1
f 357/418/1 498/422/1 497/417/1
f 442/421/1 422/423/1 421/419/1
f 441/424/1 422/423/1 442/421/1
f 356/425/1 498/422/1 357/418/1
f 440/426/1 422/423/1 441/424/1
f 440/426/1 423/427/1 422/423/1
f 356/425/1 499/428/1 498/422/1
f 439/429/1 423/427/1 440/426/1
f 439/429/1 424/430/1 423/427/1
f 356/425/1 500/431/1 499/428/1
f 438/432/1 424/430/1 439/429/1
f 355/433/1 500/431/1 356/425/1
f 437/434/1 424/430/1 438/432/1
f 437/434/1 425/435/1 424/430/1
f 355/433/1 501/436/1 500/431/1
f 436/437/1 425/435/1 437/434/1
f 436/437/1 426/438/1 425/435/1
f 354/439/1 501/436/1 355/433/1
f 435/440/1 426/438/1 436/437/1
f 354/439/1 502/441/1 501/436/1
f 434/442/1 426/438/1 435/440/1
f 434/442/1 427/443/1 426/438/1
f 433/444/1 427/443/1 434/442/1
f 354/439/1 503/445/1 502/441/1
f 353/446/1 503/445/1 354/439/1
f 432/447/1 427/443/1 433/444/1
f 432/447/1 428/448/1 427/443/1
f 431/449/1 428/448/1 432/447/1
f 353/446/1 504/450/1 503/445/1
f 431/449/1 429/451/1 428/448/1
f 430/452/1 429/451/1 431/449/1
f 352/453/1 504/450/1 353/446/1
f 352/453/1 505/454/1 504/450/1
f 351/455/1 505/454/1 352/453/1
f 351/455/1 506/456/1 505/454/1
f 351/455/1 507/457/1 506/456/1
f 350/458/1 507/457/1 351/455/1
f 350/458/1 508/459/1 507/457/1
f 349/460/1 508/459/1 350/458/1
f 349/460/1 509/461/1 508/459/1
f 348/462/1 509/461/1 349/460/1
f 348/462/1 510/463/1 509/461/1
f 348/462/1 511/464/1 510/463/1
f 347/465/1 511/464/1 348/462/1
f 347/465/1 512/466/1 511/464/1
f 346/467/1 512/466/1 347/465/1
f 346/467/1 513/468/1 512/466/1
f 345/469/1 513/468/1 346/467/1
f 345/469/1 514/470/1 513/468/1
f 344/471/1 514/470/1 345/469/1
f 344/471/1 515/472/1 514/470/1
f 344/471/1 516/473/1 515/472/1
f 343/474/1 516/473/1 344/471/1
f 343/474/1 517/475/1 516/473/1
f 342/476/1 517/475/1 343/474/1
f 342/476/1 518/477/1 517/475/1
f 341/478/1 518/477/1 342/476/1
f 341/478/1 519/479/1 518/477/1
f 341/478/1 520/480/1 519/479/1
f 340/481/1 520/480/1 341/478/1
f 340/481/1 521/482/1 520/480/1
f 339/483/1 521/482/1 340/481/1
f 339/483/1 522/484/1 521/482/1
f 338/485/1 522/484/1 339/483/1
f 338/485/1 523/486/1 522/484/1
f 338/485/1 524/487/1 523/486/1
f 337/488/1 524/487/1 338/485/1
f 337/488/1 525/489/1 524/487/1
f 597/490/1 599/491/1 598/492/1
f 597/490/1 600/493/1 599/491/1
f 336/494/1 525/489/1 337/488/1
f 596/495/1 600/493/1 597/490/1
f 596/495/1 601/496/1 600/493/1
f 336/494/1 526/497/1 525/489/1
f 595/498/1 601/496/1 596/495/1
f 594/499/1 601/496/1 595/498/1
f 594/499/1 602/500/1 601/496/1
f 335/501/1 526/497/1 336/494/1
f 335/501/1 527/502/1 526/497/1
f 593/503/1 602/500/1 594/499/1
f 593/503/1 603/504/1 602/500/1
f 592/505/1 603/504/1 593/503/1
f 335/501/1 528/506/1 527/502/1
f 591/507/1 603/504/1 592/505/1
f 334/508/1 528/506/1 335/501/1
f 591/507/1 604/509/1 603/504/1
f 590/510/1 604/509/1 591/507/1
f 334/508/1 529/511/1 528/506/1
f 590/510/1 605/512/1 604/509/1
f 589/513/1 605/512/1 590/510/1
f 333/514/1 529/511/1 334/508/1
f 588/515/1 605/512/1 589/513/1
f 333/514/1 530/516/1 529/511/1
f 588/515/1 606/517/1 605/512/1
f 587/518/1 606/517/1 588/515/1
f 587/518/1 607/519/1 606/517/1
f 586/520/1 607/519/1 587/518/1
f 333/514/1 531/521/1 530/516/1
f 332/522/1 531/521/1 333/514/1
f 585/523/1 607/519/1 586/520/1
f 585/523/1 608/524/1 607/519/1
f 332/522/1 532/525/1 531/521/1
f 584/526/1 608/524/1 585/523/1
f 583/527/1 608/524/1 584/526/1
f 583/527/1 609/528/1 608/524/1
f 331/529/1 532/525/1 332/522/1
f 331/529/1 533/530/1 532/525/1
f 582/531/1 609/528/1 583/527/1
f 581/532/1 609/528/1 582/531/1
f 581/532/1 610/533/1 609/528/1
f 331/529/1 534/534/1 533/530/1
f 580/535/1 610/533/1 581/532/1
f 330/536/1 534/534/1 331/529/1
f 579/537/1 610/533/1 580/535/1
f 579/537/1 611/538/1 610/533/1
f 330/536/1 535/539/1 534/534/1
f 578/540/1 611/538/1 579/537/1
f 577/541/1 611/538/1 578/540/1
f 577/541/1 612/542/1 611/538/1
f 330/536/1 536/543/1 535/539/1
f 576/544/1 612/542/1 577/541/1
f 329/545/1 536/543/1 330/536/1
f 575/546/1 612/542/1 576/544/1
f 575/546/1 613/547/1 612/542/1
f 329/545/1 537/548/1 536/543/1
f 574/549/1 613/547/1 575/546/1
f 573/550/1 613/547/1 574/549/1
f 329/545/1 538/551/1 537/548/1
f 573/550/1 614/552/1 613/547/1
f 328/553/1 538/551/1 329/545/1
f 572/554/1 614/552/1 573/550/1
f 328/553/1 539/555/1 538/551/1
f 571/556/1 614/552/1 572/554/1
f 571/556/1 615/557/1 614/552/1
f 570/558/1 615/557/1 571/556/1
f 328/553/1 540/559/1 539/555/1
f 569/560/1 615/557/1 570/558/1
f 327/561/1 540/559/1 328/553/1
f 569/560/1 616/562/1 615/557/1
f 568/563/1 616/562/1 569/560/1
f 327/561/1 541/564/1 540/559/1
f 567/565/1 616/562/1 568/563/1
f 566/566/1 616/562/1 567/565/1
f 327/561/1 542/567/1 541/564/1
f 566/566/1 617/568/1 616/562/1
f 565/569/1 617/568/1 566/566/1
f 564/570/1 617/568/1 565/569/1
f 327/561/1 543/571/1 542/567/1
f 326/572/1 543/571/1 327/561/1
f 563/573/1 617/568/1 564/570/1
f 563/573/1 618/574/1 617/568/1
f 562/575/1 618/574/1 563/573/1
f 326/572/1 544/576/1 543/571/1
f 561/577/1 618/574/1 562/575/1
f 560/578/1 618/574/1 561/577/1
f 326/572/1 545/579/1 544/576/1
f 559/580/1 618/574/1 560/578/1
f 559/580/1 619/581/1 618/574/1
f 326/572/1 546/582/1 545/579/1
f 558/583/1 619/581/1 559/580/1
f 557/584/1 619/581/1 558/583/1
f 325/585/1 546/582/1 326/572/1
f 325/585/1 547/586/1 546/582/1
f 556/587/1 619/581/1 557/584/1
f 555/588/1 619/581/1 556/587/1
f 325/585/1 548/589/1 547/586/1
f 554/590/1 619/581/1 555/588/1
f 553/591/1 619/581/1 554/590/1
f 325/585/1 549/592/1 548/589/1
f 552/593/1 619/581/1 553/591/1
f 551/594/1 619/581/1 552/593/1
f 325/585/1 550/595/1 549/592/1
f 551/594/1 620/596/1 619/581/1
f 550/595/1 620/596/1 551/594/1
f 325/585/1 620/596/1 550/595/1
f 325/585/1 621/597/1 620/596/1
f 324/598/1 621/597/1 325/585/1
f 324/598/1 622/599/1 621/597/1
f 323/600/1 622/599/1 324/598/1
f 323/600/1 623/601/1 622/599/1
f 323/600/1 624/602/1 623/601/1
f 322/603/1 624/602/1 323/600/1
f 322/603/1 625/604/1 624/602/1
f 322/603/1 626/605/1 625/604/1
f 321/606/1 626/605/1 322/603/1
f 321/606/1 627/607/1 626/605/1
f 320/608/1 627/607/1 321/606/1
f 320/608/1 628/609/1 627/607/1
f 320/608/1 629/610/1 628/609/1
f 319/611/1 629/610/1 320/608/1
f 319/611/1 630/612/1 629/610/1
f 319/611/1 631/613/1 630/612/1
f 318/614/1 631/613/1 319/611/1
f 318/614/1 632/615/1 631/613/1
f 318/614/1 633/616/1 632/615/1
f 317/617/1 633/616/1 318/614/1
f 317/617/1 634/618/1 633/616/1
f 316/619/1 634/618/1 317/617/1
f 316/619/1 297/620/1 634/618/1
f 316/619/1 298/621/1 297/620/1
f 315/622/1 298/621/1 316/619/1
f 315/622/1 299/623/1 298/621/1
f 315/622/1 300/624/1 299/623/1
f 314/625/1 300/624/1 315/622/1
f 314/625/1 301/626/1 300/624/1
f 313/627/1 301/626/1 314/625/1
f 313/627/1 302/628/1 301/626/1
f 313/627/1 303/629/1 302/628/1
f 312/630/1 303/629/1 313/627/1
f 312/630/1 304/631/1 303/629/1
f 312/630/1 305/632/1 304/631/1
f 311/633/1 305/632/1 312/630/1
f 311/633/1 306/634/1 305/632/1
f 310/635/1 306/634/1 311/633/1
f 310/635/1 307/636/1 306/634/1
f 310/635/1 308/637/1 307/636/1
f 309/638/1 308/637/1 310/635/1
f 636/639/1 640/640/1 637/641/1
f 640/640/1 638/642/1 637/641/1
f 640/640/1 639/643/1 638/642/1
f 636/639/1 641/644/1 640/640/1
f 636/639/1 644/645/1 641/644/1
f 644/645/1 642/646/1 641/644/1
f 644/645/1 643/647/1 642/646/1
f 636/639/1 645/648/1 644/645/1
f 636/639/1 646/649/1 645/648/1
f 636/639/1 635/650/1 646/649/1
f 648/651/1 901/652/1 649/653/1
f 901/652/1 650/654/1 649/653/1
f 901/652/1 902/655/1 650/654/1
f 902/655/1 651/656/1 650/654/1
f 748/657/1 801/658/1 749/659/1
f 801/658/1 750/660/1 749/659/1
f 801/658/1 802/661/1 750/660/1
f 802/661/1 751/662/1 750/660/1
f 648/651/1 900/663/1 901/652/1
f 903/664/1 651/656/1 902/655/1
f 748/657/1 800/665/1 801/658/1
f 803/666/1 751/662/1 802/661/1
f 904/667/1 651/656/1 903/664/1
f 748/657/1 799/668/1 800/665/1
f 804/669/1 751/662/1 803/666/1
f 648/651/1 899/670/1 900/663/1
f 905/671/1 651/656/1 904/667/1
f 748/657/1 798/672/1 799/668/1
f 805/673/1 751/662/1 804/669/1
f 648/651/1 898/674/1 899/670/1
f 906/675/1 651/656/1 905/671/1
f 748/657/1 797/676/1 798/672/1
f 806/677/1 751/662/1 805/673/1
f 648/651/1 897/678/1 898/674/1
f 907/679/1 651/656/1 906/675/1
f 748/657/1 796/680/1 797/676/1
f 807/681/1 751/662/1 806/677/1
f 648/651/1 896/682/1 897/678/1
f 908/683/1 651/656/1 907/679/1
f 748/657/1 807/681/1 796/680/1
f 807/681/1 795/684/1 796/680/1
f 748/657/1 808/685/1 807/681/1
f 795/684/2 751/662/2 807/681/2
f 909/686/1 895/687/1 908/683/1
f 895/687/1 651/656/1 908/683/1
f 648/651/1 909/686/1 896/682/1
f 909/686/1 895/687/1 896/682/1
f 794/688/3 751/662/3 795/684/3
f 648/651/1 910/689/1 909/686/1
f 748/657/1 809/690/1 808/685/1
f 894/691/1 651/656/1 895/687/1
f 793/692/1 751/662/1 794/688/1
f 648/651/1 911/693/1 910/689/1
f 748/657/1 810/694/1 809/690/1
f 893/695/1 651/656/1 894/691/1
f 792/696/1 751/662/1 793/692/1
f 648/651/1 912/697/1 911/693/1
f 748/657/1 811/698/1 810/694/1
f 791/699/4 751/662/4 792/696/4
f 892/700/1 651/656/1 893/695/1
f 648/651/1 913/701/1 912/697/1
f 748/657/1 812/702/1 811/698/1
f 790/703/3 751/662/3 791/699/3
f 891/704/1 651/656/1 892/700/1
f 648/651/1 914/705/1 913/701/1
f 748/657/1 813/706/1 812/702/1
f 789/707/4 751/662/4 790/703/4
f 890/708/1 651/656/1 891/704/1
f 648/651/1 915/709/1 914/705/1
f 748/657/1 814/710/1 813/706/1
f 788/711/1 751/662/1 789/707/1
f 648/651/1 916/712/1 915/709/1
f 889/713/1 651/656/1 890/708/1
f 787/714/1 751/662/1 788/711/1
f 748/657/1 815/715/1 814/710/1
f 648/651/1 917/716/1 916/712/1
f 888/717/1 651/656/1 889/713/1
f 786/718/1 751/662/1 787/714/1
f 748/657/1 816/719/1 815/715/1
f 648/651/1 918/720/1 917/716/1
f 887/721/1 651/656/1 888/717/1
f 785/722/1 751/662/1 786/718/1
f 748/657/1 817/723/1 816/719/1
f 648/651/1 919/724/1 918/720/1
f 886/725/1 651/656/1 887/721/1
f 784/726/1 751/662/1 785/722/1
f 748/657/1 818/727/1 817/723/1
f 648/651/1 920/728/1 919/724/1
f 885/729/1 651/656/1 886/725/1
f 783/730/1 751/662/1 784/726/1
f 648/651/1 921/731/1 920/728/1
f 748/657/1 819/732/1 818/727/1
f 884/733/1 651/656/1 885/729/1
f 782/734/1 751/662/1 783/730/1
f 648/651/1 922/735/1 921/731/1
f 748/657/1 820/736/1 819/732/1
f 883/737/1 651/656/1 884/733/1
f 781/738/1 751/662/1 782/734/1
f 648/651/1 923/739/1 922/735/1
f 748/657/1 821/740/1 820/736/1
f 882/741/1 651/656/1 883/737/1
f 780/742/1 751/662/1 781/738/1
f 648/651/1 924/743/1 923/739/1
f 748/657/1 822/744/1 821/740/1
f 881/745/1 651/656/1 882/741/1
f 779/746/1 751/662/1 780/742/1
f 648/651/1 925/747/1 924/743/1
f 748/657/1 823/748/1 822/744/1
f 778/749/1 751/662/1 779/746/1
f 880/750/1 651/656/1 881/745/1
f 648/651/1 926/751/1 925/747/1
f 748/657/1 824/752/1 823/748/1
f 777/753/1 751/662/1 778/749/1
f 879/754/1 651/656/1 880/750/1
f 648/651/1 927/755/1 926/751/1
f 748/657/1 825/756/1 824/752/1
f 776/757/1 751/662/1 777/753/1
f 878/758/1 651/656/1 879/754/1
f 648/651/1 928/759/1 927/755/1
f 748/657/1 826/760/1 825/756/1
f 775/761/1 751/662/1 776/757/1
f 877/762/1 651/656/1 878/758/1
f 648/651/1 929/763/1 928/759/1
f 748/657/1 827/764/1 826/760/1
f 774/765/1 751/662/1 775/761/1
f 876/766/1 651/656/1 877/762/1
f 648/651/1 930/767/1 929/763/1
f 748/657/1 828/768/1 827/764/1
f 773/769/1 751/662/1 774/765/1
f 875/770/1 651/656/1 876/766/1
f 648/651/1 931/771/1 930/767/1
f 748/657/1 829/772/1 828/768/1
f 772/773/1 751/662/1 773/769/1
f 874/774/1 651/656/1 875/770/1
f 648/651/1 932/775/1 931/771/1
f 748/657/1 830/776/1 829/772/1
f 771/777/1 751/662/1 772/773/1
f 873/778/1 651/656/1 874/774/1
f 648/651/1 933/779/1 932/775/1
f 748/657/1 831/780/1 830/776/1
f 770/781/1 751/662/1 771/777/1
f 872/782/1 651/656/1 873/778/1
f 648/651/1 934/783/1 933/779/1
f 748/657/1 832/784/1 831/780/1
f 769/785/1 751/662/1 770/781/1
f 871/786/1 651/656/1 872/782/1
f 648/651/1 935/787/1 934/783/1
f 748/657/1 833/788/1 832/784/1
f 768/789/1 751/662/1 769/785/1
f 870/790/1 651/656/1 871/786/1
f 648/651/1 936/791/1 935/787/1
f 748/657/1 834/792/1 833/788/1
f 767/793/1 751/662/1 768/789/1
f 869/794/1 651/656/1 870/790/1
f 648/651/1 937/795/1 936/791/1
f 748/657/1 835/796/1 834/792/1
f 766/797/1 751/662/1 767/793/1
f 868/798/1 651/656/1 869/794/1
f 648/651/1 938/799/1 937/795/1
f 748/657/1 836/800/1 835/796/1
f 867/801/1 651/656/1 868/798/1
f 765/802/1 751/662/1 766/797/1
f 648/651/1 939/803/1 938/799/1
f 748/657/1 837/804/1 836/800/1
f 866/805/1 651/656/1 867/801/1
f 764/806/1 751/662/1 765/802/1
f 648/651/1 940/807/1 939/803/1
f 748/657/1 838/808/1 837/804/1
f 865/809/1 651/656/1 866/805/1
f 763/810/1 751/662/1 764/806/1
f 748/657/1 839/811/1 838/808/1
f 648/651/1 941/812/1 940/807/1
f 864/813/1 651/656/1 865/809/1
f 762/814/1 751/662/1 763/810/1
f 748/657/1 840/815/1 839/811/1
f 648/651/1 942/816/1 941/812/1
f 863/817/1 651/656/1 864/813/1
f 761/818/1 751/662/1 762/814/1
f 748/657/1 841/819/1 840/815/1
f 648/651/1 943/820/1 942/816/1
f 862/821/1 651/656/1 863/817/1
f 760/822/1 751/662/1 761/818/1
f 748/657/1 842/823/1 841/819/1
f 861/824/1 651/656/1 862/821/1
f 648/651/1 944/825/1 943/820/1
f 759/826/1 751/662/1 760/822/1
f 748/657/1 843/827/1 842/823/1
f 860/828/1 651/656/1 861/824/1
f 648/651/1 945/829/1 944/825/1
f 758/830/1 751/662/1 759/826/1
f 748/657/1 844/831/1 843/827/1
f 859/832/1 651/656/1 860/828/1
f 648/651/1 946/833/1 945/829/1
f 748/657/1 845/834/1 844/831/1
f 757/835/1 751/662/1 758/830/1
f 858/836/1 651/656/1 859/832/1
f 648/651/1 947/837/1 946/833/1
f 748/657/1 846/838/1 845/834/1
f 756/839/1 751/662/1 757/835/1
f 857/840/1 651/656/1 858/836/1
f 748/657/1 847/841/1 846/838/1
f 648/651/1 948/842/1 947/837/1
f 856/843/1 651/656/1 857/840/1
f 755/844/1 751/662/1 756/839/1
f 748/657/1 848/845/1 847/841/1
f 855/846/1 651/656/1 856/843/1
f 648/651/1 949/847/1 948/842/1
f 754/848/1 751/662/1 755/844/1
f 748/657/1 849/849/1 848/845/1
f 854/850/1 651/656/1 855/846/1
f 648/651/1 950/851/1 949/847/1
f 753/852/1 751/662/1 754/848/1
f 748/657/1 850/853/1 849/849/1
f 853/854/1 651/656/1 854/850/1
f 648/651/1 647/855/1 950/851/1
f 852/856/1 651/656/1 853/854/1
f 748/657/1 851/857/1 850/853/1
f 752/858/1 751/662/1 753/852/1
f 852/856/1 652/859/1 651/656/1
f 747/860/1 851/857/1 748/657/1
f 852/856/1 653/861/1 652/859/1
f 746/862/1 851/857/1 747/860/1
f 852/856/1 654/863/1 653/861/1
f 745/864/1 851/857/1 746/862/1
f 852/856/1 655/865/1 654/863/1
f 744/866/1 851/857/1 745/864/1
f 852/856/1 656/867/1 655/865/1
f 743/868/1 851/857/1 744/866/1
f 852/856/1 657/869/1 656/867/1
f 742/870/1 851/857/1 743/868/1
f 852/856/1 658/871/1 657/869/1
f 741/872/1 851/857/1 742/870/1
f 852/856/1 659/873/1 658/871/1
f 740/874/1 851/857/1 741/872/1
f 852/856/1 660/875/1 659/873/1
f 739/876/1 851/857/1 740/874/1
f 852/856/1 661/877/1 660/875/1
f 738/878/1 851/857/1 739/876/1
f 852/856/1 662/879/1 661/877/1
f 737/880/1 851/857/1 738/878/1
f 852/856/1 663/881/1 662/879/1
f 736/882/1 851/857/1 737/880/1
f 852/856/1 664/883/1 663/881/1
f 735/884/1 851/857/1 736/882/1
f 852/856/1 665/885/1 664/883/1
f 734/886/1 851/857/1 735/884/1
f 852/856/1 666/887/1 665/885/1
f 733/888/1 851/857/1 734/886/1
f 852/856/1 667/889/1 666/887/1
f 732/890/1 851/857/1 733/888/1
f 852/856/1 668/891/1 667/889/1
f 731/892/1 851/857/1 732/890/1
f 852/856/1 669/893/1 668/891/1
f 730/894/1 851/857/1 731/892/1
f 852/856/1 670/895/1 669/893/1
f 729/896/1 851/857/1 730/894/1
f 852/856/1 671/897/1 670/895/1
f 728/898/1 851/857/1 729/896/1
f 852/856/1 672/899/1 671/897/1
f 727/900/1 851/857/1 728/898/1
f 852/856/1 673/901/1 672/899/1
f 726/902/1 851/857/1 727/900/1
f 852/856/1 674/903/1 673/901/1
f 725/904/1 851/857/1 726/902/1
f 852/856/1 675/905/1 674/903/1
f 724/906/1 851/857/1 725/904/1
f 852/856/1 676/907/1 675/905/1
f 723/908/1 851/857/1 724/906/1
f 852/856/1 677/909/1 676/907/1
f 722/910/1 851/857/1 723/908/1
f 852/856/1 678/911/1 677/909/1
f 721/912/1 851/857/1 722/910/1
f 852/856/1 679/913/1 678/911/1
f 720/914/1 851/857/1 721/912/1
f 852/856/1 680/915/1 679/913/1
f 719/916/1 851/857/1 720/914/1
f 852/856/1 681/917/1 680/915/1
f 718/918/1 851/857/1 719/916/1
f 852/856/1 682/919/1 681/917/1
f 717/920/1 851/857/1 718/918/1
f 852/856/1 683/921/1 682/919/1
f 716/922/1 851/857/1 717/920/1
f 852/856/1 684/923/1 683/921/1
f 715/924/1 851/857/1 716/922/1
f 852/856/1 685/925/1 684/923/1
f 714/926/1 851/857/1 715/924/1
f 852/856/1 686/927/1 685/925/1
f 713/928/1 851/857/1 714/926/1
f 852/856/1 687/929/1 686/927/1
f 712/930/1 851/857/1 713/928/1
f 852/856/1 688/931/1 687/929/1
f 711/932/1 851/857/1 712/930/1
f 852/856/1 689/933/1 688/931/1
f 710/934/1 851/857/1 711/932/1
f 852/856/1 690/935/1 689/933/1
f 709/936/1 851/857/1 710/934/1
f 852/856/1 708/937/1 690/935/1
f 708/937/1 691/938/1 690/935/1
f 708/937/1 691/938/1 709/936/1
f 691/938/4 851/857/4 709/936/4
f 692/939/3 851/857/3 691/938/3
f 852/856/1 707/940/1 708/937/1
f 693/941/4 851/857/4 692/939/4
f 852/856/1 706/942/1 707/940/1
f 694/943/3 851/857/3 693/941/3
f 852/856/1 705/944/1 706/942/1
f 695/945/4 851/857/4 694/943/4
f 852/856/3 704/946/3 705/944/3
f 696/947/1 851/857/1 695/945/1
f 852/856/4 703/948/4 704/946/4
f 697/949/1 851/857/1 696/947/1
f 852/856/1 702/950/1 703/948/1
f 698/951/1 851/857/1 697/949/1
f 852/856/3 701/952/3 702/950/3
f 699/953/3 851/857/3 698/951/3
f 852/856/4 700/954/4 701/952/4
f 852/856/1 699/953/1 700/954/1
f 852/856/1 851/857/1 699/953/1
f 1034/955/5 1035/956/5 1036/957/5
f 1034/955/5 1036/957/5 1037/958/5
f 1033/959/5 1034/955/5 1037/958/5
f 1033/959/5 1037/958/5 1038/960/5
f 1032/961/5 1033/959/5 1038/960/5
f 1032/961/5 1038/960/5 1039/962/5
f 1031/963/5 1032/961/5 1039/962/5
f 1031/963/5 1039/962/5 1040/964/5
f 1030/965/5 1031/963/5 1040/964/5
f 1030/965/5 1040/964/5 1041/966/5
f 1029/967/5 1030/965/5 1041/966/5
f 1029/967/5 1041/966/5 1042/968/5
f 1028/969/5 1029/967/5 1042/968/5
f 1028/969/5 1042/968/5 1043/970/5
f 1027/971/5 1028/969/5 1043/970/5
f 1027/971/5 1043/970/5 1044/972/5
f 1026/973/5 1027/971/5 1044/972/5
f 1026/973/5 1044/972/5 1045/974/5
f 1025/975/5 1026/973/5 1045/974/5
f 1025/975/5 1045/974/5 1046/976/5
f 1024/977/5 1025/975/5 1046/976/5
f 1024/977/5 1046/976/5 1047/978/5
f 1023/979/5 1024/977/5 1047/978/5
f 1022/980/5 1023/979/5 1047/978/5
f 1022/980/5 1047/978/5 1048/981/5
f 1021/982/5 1022/980/5 1048/981/5
f 1021/982/5 1048/981/5 1049/983/5
f 1020/984/5 1021/982/5 1049/983/5
f 1020/984/5 1049/983/5 1050/985/5
f 1019/986/5 1020/984/5 1050/985/5
f 1019/986/5 1050/985/5 1051/987/5
f 1018/988/5 1019/986/5 1051/987/5
f 1018/988/5 1051/987/5 1180/989/5
f 1180/989/5 1051/987/5 1179/990/5
f 1179/990/5 1051/987/5 1178/991/5
f 1178/991/5 1051/987/5 1052/992/5
f 1177/993/5 1178/991/5 1052/992/5
f 1018/988/5 1180/989/5 1181/994/5
f 1176/995/5 1177/993/5 1052/992/5
f 1018/988/5 1181/994/5 1182/996/5
f 1175/997/5 1176/995/5 1052/992/5
f 1018/988/5 1182/996/5 1183/998/5
f 1174/999/5 1175/997/5 1052/992/5
f 1018/988/5 1183/998/5 1184/1000/5
f 1017/1001/5 1018/988/5 1184/1000/5
f 1174/999/5 1052/992/5 1053/1002/5
f 1173/1003/5 1174/999/5 1053/1002/5
f 1017/1001/5 1184/1000/5 1185/1004/5
f 1172/1005/5 1173/1003/5 1053/1002/5
f 1017/1001/5 1185/1004/5 1186/1006/5
f 1171/1007/5 1172/1005/5 1053/1002/5
f 1017/1001/5 1186/1006/5 1187/1008/5
f 1170/1009/5 1171/1007/5 1053/1002/5
f 1017/1001/5 1187/1008/5 1188/1010/5
f 1016/1011/5 1017/1001/5 1188/1010/5
f 1170/1009/5 1053/1002/5 1054/1012/5
f 1169/1013/5 1170/1009/5 1054/1012/5
f 1016/1011/5 1188/1010/5 1189/1014/5
f 1168/1015/5 1169/1013/5 1054/1012/5
f 1016/1011/5 1189/1014/5 1190/1016/5
f 1015/1017/5 1016/1011/5 1190/1016/5
f 1168/1015/5 1054/1012/5 1055/1018/5
f 1167/1019/5 1168/1015/5 1055/1018/5
f 1015/1017/5 1190/1016/5 1191/1020/5
f 1166/1021/5 1167/1019/5 1055/1018/5
f 1015/1017/5 1191/1020/5 1192/1022/5
f 1014/1023/5 1015/1017/5 1192/1022/5
f 1166/1021/5 1055/1018/5 1056/1024/5
f 1165/1025/5 1166/1021/5 1056/1024/5
f 1014/1023/5 1192/1022/5 1193/1026/5
f 1164/1027/5 1165/1025/5 1056/1024/5
f 1014/1023/5 1193/1026/5 1194/1028/5
f 1013/1029/5 1014/1023/5 1194/1028/5
f 1164/1027/5 1056/1024/5 1057/1030/5
f 1163/1031/5 1164/1027/5 1057/1030/5
f 1013/1029/5 1194/1028/5 1195/1032/5
f 1162/1033/5 1163/1031/5 1057/1030/5
f 1013/1029/5 1195/1032/5 1196/1034/5
f 1012/1035/5 1013/1029/5 1196/1034/5
f 1162/1033/5 1057/1030/5 1058/1036/5
f 1161/1037/5 1162/1033/5 1058/1036/5
f 1012/1035/5 1196/1034/5 1197/1038/5
f 1160/1039/5 1161/1037/5 1058/1036/5
f 1012/1035/5 1197/1038/5 1198/1040/5
f 1011/1041/5 1012/1035/5 1198/1040/5
f 1160/1039/5 1058/1036/5 1059/1042/5
f 1159/1043/5 1160/1039/5 1059/1042/5
f 1011/1041/5 1198/1040/5 1199/1044/5
f 1010/1045/5 1011/1041/5 1199/1044/5
f 1159/1043/5 1059/1042/5 1060/1046/5
f 1158/1047/5 1159/1043/5 1060/1046/5
f 1010/1045/5 1199/1044/5 1200/1048/5
f 1157/1049/5 1158/1047/5 1060/1046/5
f 1010/1045/5 1200/1048/5 1201/1050/5
f 1009/1051/5 1010/1045/5 1201/1050/5
f 1157/1049/5 1060/1046/5 1061/1052/5
f 1156/1053/5 1157/1049/5 1061/1052/5
f 1009/1051/5 1201/1050/5 1202/1054/5
f 1008/1055/5 1009/1051/5 1202/1054/5
f 1156/1053/5 1061/1052/5 1062/1056/5
f 1155/1057/5 1156/1053/5 1062/1056/5
f 1008/1055/5 1202/1054/5 1203/1058/5
f 1154/1059/5 1155/1057/5 1062/1056/5
f 1008/1055/5 1203/1058/5 1204/1060/5
f 1007/1061/5 1008/1055/5 1204/1060/5
f 1154/1059/5 1062/1056/5 1063/1062/5
f 1153/1063/5 1154/1059/5 1063/1062/5
f 1007/1061/5 1204/1060/5 1205/1064/5
f 1006/1065/5 1007/1061/5 1205/1064/5
f 1153/1063/5 1063/1062/5 1064/1066/5
f 1152/1067/5 1153/1063/5 1064/1066/5
f 1006/1065/5 1205/1064/5 1206/1068/5
f 1151/1069/5 1152/1067/5 1064/1066/5
f 1005/1070/5 1006/1065/5 1206/1068/5
f 1151/1069/5 1064/1066/5 1065/1071/5
f 1005/1070/5 1206/1068/5 1207/1072/5
f 1150/1073/5 1151/1069/5 1065/1071/5
f 1005/1070/5 1207/1072/5 1208/1074/5
f 1150/1073/5 1065/1071/5 1066/1075/5
f 1004/1076/5 1005/1070/5 1208/1074/5
f 1149/1077/5 1150/1073/5 1066/1075/5
f 1004/1076/5 1208/1074/5 1209/1078/5
f 1149/1077/5 1066/1075/5 1067/1079/5
f 1003/1080/5 1004/1076/5 1209/1078/5
f 1148/1081/5 1149/1077/5 1067/1079/5
f 1003/1080/5 1209/1078/5 1210/1082/5
f 1148/1081/5 1067/1079/5 1068/1083/5
f 1002/1084/5 1003/1080/5 1210/1082/5
f 1147/1085/5 1148/1081/5 1068/1083/5
f 1002/1084/5 1210/1082/5 1211/1086/5
f 1146/1087/5 1147/1085/5 1068/1083/5
f 1002/1084/5 1211/1086/5 1212/1088/5
f 1146/1087/5 1068/1083/5 1069/1089/5
f 1001/1090/5 1002/1084/5 1212/1088/5
f 1145/1091/5 1146/1087/5 1069/1089/5
f 1001/1090/5 1212/1088/5 1213/1092/5
f 1145/1091/5 1069/1089/5 1070/1093/5
f 1000/1094/5 1001/1090/5 1213/1092/5
f 1144/1095/5 1145/1091/5 1070/1093/5
f 1000/1094/5 1213/1092/5 1214/1096/5
f 1144/1095/5 1070/1093/5 1071/1097/5
f 999/1098/5 1000/1094/5 1214/1096/5
f 1143/1099/5 1144/1095/5 1071/1097/5
f 999/1098/5 1214/1096/5 1215/1100/5
f 998/1101/5 999/1098/5 1215/1100/5
f 998/1101/5 1215/1100/5 1216/1102/5
f 1142/1103/5 1143/1099/5 1071/1097/5
f 1142/1103/5 1071/1097/5 1072/1104/5
f 1141/1105/5 1142/1103/5 1072/1104/5
f 998/1101/5 1216/1102/5 1217/1106/5
f 997/1107/5 998/1101/5 1217/1106/5
f 1141/1105/5 1072/1104/5 1073/1108/5
f 1140/1109/5 1141/1105/5 1073/1108/5
f 997/1107/5 1217/1106/5 1218/1110/5
f 996/1111/5 997/1107/5 1218/1110/5
f 1140/1109/5 1073/1108/5 1074/1112/5
f 996/1111/5 1218/1110/5 1219/1113/5
f 1139/1114/5 1140/1109/5 1074/1112/5
f 995/1115/5 996/1111/5 1219/1113/5
f 1139/1114/5 1074/1112/5 1075/1116/5
f 995/1115/5 1219/1113/5 1220/1117/5
f 1138/1118/5 1139/1114/5 1075/1116/5
f 995/1115/5 1220/1117/5 1221/1119/5
f 1137/1120/5 1138/1118/5 1075/1116/5
f 994/1121/5 995/1115/5 1221/1119/5
f 1137/1120/5 1075/1116/5 1076/1122/5
f 994/1121/5 1221/1119/5 1222/1123/5
f 1136/1124/5 1137/1120/5 1076/1122/5
f 993/1125/5 994/1121/5 1222/1123/5
f 1136/1124/5 1076/1122/5 1077/1126/5
f 993/1125/5 1222/1123/5 1223/1127/5
f 1135/1128/5 1136/1124/5 1077/1126/5
f 992/1129/5 993/1125/5 1223/1127/5
f 1135/1128/5 1077/1126/5 1078/1130/5
f 992/1129/5 1223/1127/5 1224/1131/5
f 1134/1132/5 1135/1128/5 1078/1130/5
f 992/1129/5 1224/1131/5 1225/1133/5
f 1133/1134/5 1134/1132/5 1078/1130/5
f 991/1135/5 992/1129/5 1225/1133/5
f 1133/1134/5 1078/1130/5 1079/1136/5
f 991/1135/5 1225/1133/5 1226/1137/5
f 1132/1138/5 1133/1134/5 1079/1136/5
f 990/1139/5 991/1135/5 1226/1137/5
f 1132/1138/5 1079/1136/5 1080/1140/5
f 990/1139/5 1226/1137/5 1227/1141/5
f 1131/1142/5 1132/1138/5 1080/1140/5
f 989/1143/5 990/1139/5 1227/1141/5
f 1131/1142/5 1080/1140/5 1081/1144/5
f 989/1143/5 1227/1141/5 1228/1145/5
f 1130/1146/5 1131/1142/5 1081/1144/5
f 989/1143/5 1228/1145/5 1229/1147/5
f 1129/1148/5 1130/1146/5 1081/1144/5
f 988/1149/5 989/1143/5 1229/1147/5
f 1129/1148/5 1081/1144/5 1082/1150/5
f 988/1149/5 1229/1147/5 1230/1151/5
f 1128/1152/5 1129/1148/5 1082/1150/5
f 987/1153/5 988/1149/5 1230/1151/5
f 1128/1152/5 1082/1150/5 1083/1154/5
f 987/1153/5 1230/1151/5 1231/1155/5
f 1127/1156/5 1128/1152/5 1083/1154/5
f 987/1153/5 1231/1155/5 1232/1157/5
f 1126/1158/5 1127/1156/5 1083/1154/5
f 986/1159/5 987/1153/5 1232/1157/5
f 1126/1158/5 1083/1154/5 1084/1160/5
f 986/1159/5 1232/1157/5 1233/1161/5
f 1125/1162/5 1126/1158/5 1084/1160/5
f 985/1163/5 986/1159/5 1233/1161/5
f 1125/1162/5 1084/1160/5 1085/1164/5
f 985/1163/5 1233/1161/5 1234/1165/5
f 1124/1166/5 1125/1162/5 1085/1164/5
f 985/1163/5 1234/1165/5 1235/1167/5
f 1123/1168/5 1124/1166/5 1085/1164/5
f 984/1169/5 985/1163/5 1235/1167/5
f 1123/1168/5 1085/1164/5 1086/1170/5
f 984/1169/5 1235/1167/5 1236/1171/5
f 1122/1172/5 1123/1168/5 1086/1170/5
f 984/1169/5 1236/1171/5 1237/1173/5
f 1121/1174/5 1122/1172/5 1086/1170/5
f 983/1175/5 984/1169/5 1237/1173/5
f 1121/1174/5 1086/1170/5 1087/1176/5
f 983/1175/5 1237/1173/5 1238/1177/5
f 1120/1178/5 1121/1174/5 1087/1176/5
f 983/1175/5 1238/1177/5 1095/1179/5
f 1119/1180/5 1120/1178/5 1087/1176/5
f 982/1181/5 983/1175/5 1095/1179/5
f 1119/1180/5 1087/1176/5 1088/1182/5
f 982/1181/5 1095/1179/5 1096/1183/5
f 1118/1184/5 1119/1180/5 1088/1182/5
f 982/1181/5 1096/1183/5 1097/1185/5
f 1117/1186/5 1118/1184/5 1088/1182/5
f 981/1187/5 982/1181/5 1097/1185/5
f 1117/1186/5 1088/1182/5 1089/1188/5
f 981/1187/5 1097/1185/5 1098/1189/5
f 1116/1190/5 1117/1186/5 1089/1188/5
f 981/1187/5 1098/1189/5 1099/1191/5
f 1115/1192/5 1116/1190/5 1089/1188/5
f 981/1187/5 1099/1191/5 1100/1193/5
f 1114/1194/5 1115/1192/5 1089/1188/5
f 980/1195/5 981/1187/5 1100/1193/5
f 1114/1194/5 1089/1188/5 1090/1196/5
f 980/1195/5 1100/1193/5 1101/1197/5
f 1113/1198/5 1114/1194/5 1090/1196/5
f 980/1195/5 1101/1197/5 1102/1199/5
f 1112/1200/5 1113/1198/5 1090/1196/5
f 980/1195/5 1102/1199/5 1103/1201/5
f 1111/1202/5 1112/1200/5 1090/1196/5
f 979/1203/5 980/1195/5 1103/1201/5
f 1111/1202/5 1090/1196/5 1091/1204/5
f 979/1203/5 1103/1201/5 1104/1205/5
f 1110/1206/5 1111/1202/5 1091/1204/5
f 979/1203/5 1104/1205/5 1105/1207/5
f 1109/1208/5 1110/1206/5 1091/1204/5
f 979/1203/5 1105/1207/5 1106/1209/5
f 1108/1210/5 1109/1208/5 1091/1204/5
f 979/1203/5 1106/1209/5 1107/1211/5
f 1107/1211/5 1108/1210/5 1091/1204/5
f 979/1203/5 1107/1211/5 1091/1204/5
f 978/1212/5 979/1203/5 1091/1204/5
f 978/1212/5 1091/1204/5 1092/1213/5
f 978/1212/5 1092/1213/5 1093/1214/5
f 977/1215/5 978/1212/5 1093/1214/5
f 977/1215/5 1093/1214/5 1094/1216/5
f 976/1217/5 977/1215/5 1094/1216/5
f 976/1217/5 1094/1216/5 951/1218/5
f 975/1219/5 976/1217/5 951/1218/5
f 974/1220/5 975/1219/5 951/1218/5
f 974/1220/5 951/1218/5 952/1221/5
f 973/1222/5 974/1220/5 952/1221/5
f 973/1222/5 952/1221/5 953/1223/5
f 972/1224/5 973/1222/5 953/1223/5
f 972/1224/5 953/1223/5 954/1225/5
f 971/1226/5 972/1224/5 954/1225/5
f 971/1226/5 954/1225/5 955/1227/5
f 970/1228/5 971/1226/5 955/1227/5
f 970/1228/5 955/1227/5 956/1229/5
f 969/1230/5 970/1228/5 956/1229/5
f 969/1230/5 956/1229/5 957/1231/5
f 968/1232/5 969/1230/5 957/1231/5
f 968/1232/5 957/1231/5 958/1233/5
f 967/1234/5 968/1232/5 958/1233/5
f 967/1234/5 958/1233/5 959/1235/5
f 966/1236/5 967/1234/5 959/1235/5
f 966/1236/5 959/1235/5 960/1237/5
f 965/1238/5 966/1236/5 960/1237/5
f 965/1238/5 960/1237/5 961/1239/5
f 964/1240/5 965/1238/5 961/1239/5
f 964/1240/5 961/1239/5 962/1241/5
f 963/1242/5 964/1240/5 962/1241/5
f 1240/1243/5 1241/1244/5 1242/1245/5
f 1240/1243/5 1242/1245/5 1243/1246/5
f 1239/1247/1 1240/1248/1 1243/1249/1
f 1246/1250/5 1239/1251/5 1244/297/5
f 1244/1252/5 1239/1247/5 1243/1249/5
f 1246/1250/5 1244/297/5 1245/300/5
f 1330/1253/5 1331/1254/5 1332/1255/5
f 1330/1253/5 1332/1255/5 1333/1256/5
f 1329/1257/5 1330/1253/5 1333/1256/5
f 1329/1257/5 1333/1256/5 1334/1258/5
f 1329/1257/5 1334/1258/5 1335/1259/5
f 1328/1260/5 1329/1257/5 1335/1259/5
f 1328/1260/5 1335/1259/5 1336/1261/5
f 1328/1260/5 1336/1261/5 1337/1262/5
f 1327/1263/5 1328/1260/5 1337/1262/5
f 1327/1263/5 1337/1262/5 1338/1264/5
f 1326/1265/5 1327/1263/5 1338/1264/5
f 1326/1265/5 1338/1264/5 1339/1266/5
f 1326/1265/5 1339/1266/5 1340/1267/5
f 1325/1268/5 1326/1265/5 1340/1267/5
f 1325/1268/5 1340/1267/5 1341/1269/5
f 1325/1268/5 1341/1269/5 1342/1270/5
f 1324/1271/5 1325/1268/5 1342/1270/5
f 1324/1271/5 1342/1270/5 1343/1272/5
f 1323/1273/5 1324/1271/5 1343/1272/5
f 1323/1273/5 1343/1272/5 1344/1274/5
f 1323/1273/5 1344/1274/5 1345/1275/5
f 1322/1276/5 1323/1273/5 1345/1275/5
f 1322/1276/5 1345/1275/5 1346/1277/5
f 1322/1276/5 1346/1277/5 1347/1278/5
f 1321/1279/5 1322/1276/5 1347/1278/5
f 1321/1279/5 1347/1278/5 1348/1280/5
f 1320/1281/5 1321/1279/5 1348/1280/5
f 1320/1281/5 1348/1280/5 1349/1282/5
f 1320/1281/5 1349/1282/5 1350/1283/5
f 1319/1284/5 1320/1281/5 1350/1283/5
f 1319/1284/5 1350/1283/5 1351/1285/5
f 1319/1284/5 1351/1285/5 1352/1286/5
f 1318/1287/5 1319/1284/5 1352/1286/5
f 1318/1287/5 1352/1286/5 1353/1288/5
f 1318/1287/5 1353/1288/5 1354/1289/5
f 1317/1290/5 1318/1287/5 1354/1289/5
f 1317/1290/5 1354/1289/5 1355/1291/5
f 1316/1292/5 1317/1290/5 1355/1291/5
f 1316/1292/5 1355/1291/5 1356/1293/5
f 1316/1292/5 1356/1293/5 1357/1294/5
f 1315/1295/5 1316/1292/5 1357/1294/5
f 1315/1295/5 1357/1294/5 1358/1296/5
f 1315/1295/5 1358/1296/5 1359/1297/5
f 1314/1298/5 1315/1295/5 1429/1299/5
f 1429/1299/5 1315/1295/5 1428/1300/5
f 1428/1300/5 1315/1295/5 1359/1297/5
f 1427/1301/5 1428/1300/5 1359/1297/5
f 1426/1302/5 1427/1301/5 1359/1297/5
f 1426/1302/5 1359/1297/5 1360/1303/5
f 1314/1298/5 1429/1299/5 1430/1304/5
f 1425/1305/5 1426/1302/5 1360/1303/5
f 1424/1306/5 1425/1305/5 1360/1303/5
f 1314/1298/5 1430/1304/5 1431/1307/5
f 1423/1308/5 1424/1306/5 1360/1303/5
f 1422/1309/5 1423/1308/5 1360/1303/5
f 1314/1298/5 1431/1307/5 1432/1310/5
f 1421/1311/5 1422/1309/5 1360/1303/5
f 1420/1312/5 1421/1311/5 1360/1303/5
f 1314/1298/5 1432/1310/5 1433/1313/5
f 1419/1314/5 1420/1312/5 1360/1303/5
f 1313/1315/5 1314/1298/5 1433/1313/5
f 1418/1316/5 1419/1314/5 1360/1303/5
f 1313/1315/5 1433/1313/5 1434/1317/5
f 1418/1316/5 1360/1303/5 1361/1318/5
f 1417/1319/5 1418/1316/5 1361/1318/5
f 1416/1320/5 1417/1319/5 1361/1318/5
f 1313/1315/5 1434/1317/5 1435/1321/5
f 1415/1322/5 1416/1320/5 1361/1318/5
f 1313/1315/5 1435/1321/5 1436/1323/5
f 1414/1324/5 1415/1322/5 1361/1318/5
f 1414/1324/5 1361/1318/5 1362/1325/5
f 1413/1326/5 1414/1324/5 1362/1325/5
f 1313/1315/5 1436/1323/5 1437/1327/5
f 1312/1328/5 1313/1315/5 1437/1327/5
f 1412/1329/5 1413/1326/5 1362/1325/5
f 1411/1330/5 1412/1329/5 1362/1325/5
f 1411/1330/5 1362/1325/5 1363/1331/5
f 1312/1328/5 1437/1327/5 1438/1332/5
f 1410/1333/5 1411/1330/5 1363/1331/5
f 1409/1334/5 1410/1333/5 1363/1331/5
f 1312/1328/5 1438/1332/5 1439/1335/5
f 1408/1336/5 1409/1334/5 1363/1331/5
f 1408/1336/5 1363/1331/5 1364/1337/5
f 1311/1338/5 1312/1328/5 1439/1335/5
f 1407/1339/5 1408/1336/5 1364/1337/5
f 1311/1338/5 1439/1335/5 1440/1340/5
f 1406/1341/5 1407/1339/5 1364/1337/5
f 1406/1341/5 1364/1337/5 1365/1342/5
f 1405/1343/5 1406/1341/5 1365/1342/5
f 1311/1338/5 1440/1340/5 1441/1344/5
f 1404/1345/5 1405/1343/5 1365/1342/5
f 1310/1346/5 1311/1338/5 1441/1344/5
f 1404/1345/5 1365/1342/5 1366/1347/5
f 1403/1348/5 1404/1345/5 1366/1347/5
f 1310/1346/5 1441/1344/5 1442/1349/5
f 1402/1350/5 1403/1348/5 1366/1347/5
f 1310/1346/5 1442/1349/5 1443/1351/5
f 1402/1350/5 1366/1347/5 1367/1352/5
f 1401/1353/5 1402/1350/5 1367/1352/5
f 1400/1354/5 1401/1353/5 1367/1352/5
f 1309/1355/5 1310/1346/5 1443/1351/5
f 1309/1355/5 1443/1351/5 1444/1356/5
f 1399/1357/5 1400/1354/5 1367/1352/5
f 1399/1357/5 1367/1352/5 1368/1358/5
f 1398/1359/5 1399/1357/5 1368/1358/5
f 1309/1355/5 1444/1356/5 1445/1360/5
f 1398/1359/5 1368/1358/5 1369/1361/5
f 1397/1362/5 1398/1359/5 1369/1361/5
f 1308/1363/5 1309/1355/5 1445/1360/5
f 1396/1364/5 1397/1362/5 1369/1361/5
f 1308/1363/5 1445/1360/5 1446/1365/5
f 1396/1364/5 1369/1361/5 1370/1366/5
f 1395/1367/5 1396/1364/5 1370/1366/5
f 1394/1368/5 1395/1367/5 1370/1366/5
f 1308/1363/5 1446/1365/5 1447/1369/5
f 1307/1370/5 1308/1363/5 1447/1369/5
f 1394/1368/5 1370/1366/5 1371/1371/5
f 1393/1372/5 1394/1368/5 1371/1371/5
f 1392/1373/5 1393/1372/5 1371/1371/5
f 1307/1370/5 1447/1369/5 1448/1374/5
f 1392/1373/5 1371/1371/5 1372/1375/5
f 1391/1376/5 1392/1373/5 1372/1375/5
f 1306/1377/5 1307/1370/5 1448/1374/5
f 1390/1378/5 1391/1376/5 1372/1375/5
f 1390/1378/5 1372/1375/5 1373/1379/5
f 1306/1377/5 1448/1374/5 1449/1380/5
f 1389/1381/5 1390/1378/5 1373/1379/5
f 1389/1381/5 1373/1379/5 1374/1382/5
f 1306/1377/5 1449/1380/5 1450/1383/5
f 1388/1384/5 1389/1381/5 1374/1382/5
f 1305/1385/5 1306/1377/5 1450/1383/5
f 1387/1386/5 1388/1384/5 1374/1382/5
f 1387/1386/5 1374/1382/5 1375/1387/5
f 1305/1385/5 1450/1383/5 1451/1388/5
f 1386/1389/5 1387/1386/5 1375/1387/5
f 1386/1389/5 1375/1387/5 1376/1390/5
f 1304/1391/5 1305/1385/5 1451/1388/5
f 1385/1392/5 1386/1389/5 1376/1390/5
f 1304/1391/5 1451/1388/5 1452/1393/5
f 1384/1394/5 1385/1392/5 1376/1390/5
f 1384/1394/5 1376/1390/5 1377/1395/5
f 1383/1396/5 1384/1394/5 1377/1395/5
f 1304/1391/5 1452/1393/5 1453/1397/5
f 1303/1398/5 1304/1391/5 1453/1397/5
f 1382/1399/5 1383/1396/5 1377/1395/5
f 1382/1399/5 1377/1395/5 1378/1400/5
f 1381/1401/5 1382/1399/5 1378/1400/5
f 1303/1398/5 1453/1397/5 1454/1402/5
f 1381/1401/5 1378/1400/5 1379/1403/5
f 1380/1404/5 1381/1401/5 1379/1403/5
f 1302/1405/5 1303/1398/5 1454/1402/5
f 1302/1405/5 1454/1402/5 1455/1406/5
f 1301/1407/5 1302/1405/5 1455/1406/5
f 1301/1407/5 1455/1406/5 1456/1408/5
f 1301/1407/5 1456/1408/5 1457/1409/5
f 1300/1410/5 1301/1407/5 1457/1409/5
f 1300/1410/5 1457/1409/5 1458/1411/5
f 1299/1412/5 1300/1410/5 1458/1411/5
f 1299/1412/5 1458/1411/5 1459/1413/5
f 1298/1414/5 1299/1412/5 1459/1413/5
f 1298/1414/5 1459/1413/5 1460/1415/5
f 1298/1414/5 1460/1415/5 1461/1416/5
f 1297/1417/5 1298/1414/5 1461/1416/5
f 1297/1417/5 1461/1416/5 1462/1418/5
f 1296/1419/5 1297/1417/5 1462/1418/5
f 1296/1419/5 1462/1418/5 1463/1420/5
f 1295/1421/5 1296/1419/5 1463/1420/5
f 1295/1421/5 1463/1420/5 1464/1422/5
f 1294/1423/5 1295/1421/5 1464/1422/5
f 1294/1423/5 1464/1422/5 1465/1424/5
f 1294/1423/5 1465/1424/5 1466/1425/5
f 1293/1426/5 1294/1423/5 1466/1425/5
f 1293/1426/5 1466/1425/5 1467/1427/5
f 1292/1428/5 1293/1426/5 1467/1427/5
f 1292/1428/5 1467/1427/5 1468/1429/5
f 1291/1430/5 1292/1428/5 1468/1429/5
f 1291/1430/5 1468/1429/5 1469/1431/5
f 1291/1430/5 1469/1431/5 1470/1432/5
f 1290/1433/5 1291/1430/5 1470/1432/5
f 1290/1433/5 1470/1432/5 1471/1434/5
f 1289/1435/5 1290/1433/5 1471/1434/5
f 1289/1435/5 1471/1434/5 1472/1436/5
f 1288/1437/5 1289/1435/5 1472/1436/5
f 1288/1437/5 1472/1436/5 1473/1438/5
f 1288/1437/5 1473/1438/5 1474/1439/5
f 1287/1440/5 1288/1437/5 1474/1439/5
f 1287/1440/5 1474/1439/5 1475/1441/5
f 1547/1442/5 1548/1443/5 1549/1444/5
f 1547/1442/5 1549/1444/5 1550/1445/5
f 1286/1446/5 1287/1440/5 1475/1441/5
f 1546/1447/5 1547/1442/5 1550/1445/5
f 1546/1447/5 1550/1445/5 1551/1448/5
f 1286/1446/5 1475/1441/5 1476/1449/5
f 1545/1450/5 1546/1447/5 1551/1448/5
f 1544/1451/5 1545/1450/5 1551/1448/5
f 1544/1451/5 1551/1448/5 1552/1452/5
f 1285/1453/5 1286/1446/5 1476/1449/5
f 1285/1453/5 1476/1449/5 1477/1454/5
f 1543/1455/5 1544/1451/5 1552/1452/5
f 1543/1455/5 1552/1452/5 1553/1456/5
f 1542/1457/5 1543/1455/5 1553/1456/5
f 1285/1453/5 1477/1454/5 1478/1458/5
f 1541/1459/5 1542/1457/5 1553/1456/5
f 1284/1460/5 1285/1453/5 1478/1458/5
f 1541/1459/5 1553/1456/5 1554/1461/5
f 1540/1462/5 1541/1459/5 1554/1461/5
f 1284/1460/5 1478/1458/5 1479/1463/5
f 1540/1462/5 1554/1461/5 1555/1464/5
f 1539/1465/5 1540/1462/5 1555/1464/5
f 1283/1466/5 1284/1460/5 1479/1463/5
f 1538/1467/5 1539/1465/5 1555/1464/5
f 1283/1466/5 1479/1463/5 1480/1468/5
f 1538/1467/5 1555/1464/5 1556/1469/5
f 1537/1470/5 1538/1467/5 1556/1469/5
f 1537/1470/5 1556/1469/5 1557/1471/5
f 1536/1472/5 1537/1470/5 1557/1471/5
f 1283/1466/5 1480/1468/5 1481/1473/5
f 1282/1474/5 1283/1466/5 1481/1473/5
f 1535/1475/5 1536/1472/5 1557/1471/5
f 1535/1475/5 1557/1471/5 1558/1476/5
f 1282/1474/5 1481/1473/5 1482/1477/5
f 1534/1478/5 1535/1475/5 1558/1476/5
f 1533/1479/5 1534/1478/5 1558/1476/5
f 1533/1479/5 1558/1476/5 1559/1480/5
f 1281/1481/5 1282/1474/5 1482/1477/5
f 1281/1481/5 1482/1477/5 1483/1482/5
f 1532/1483/5 1533/1479/5 1559/1480/5
f 1531/1484/5 1532/1483/5 1559/1480/5
f 1531/1484/5 1559/1480/5 1560/1485/5
f 1281/1481/5 1483/1482/5 1484/1486/5
f 1530/1487/5 1531/1484/5 1560/1485/5
f 1280/1488/5 1281/1481/5 1484/1486/5
f 1529/1489/5 1530/1487/5 1560/1485/5
f 1529/1489/5 1560/1485/5 1561/1490/5
f 1280/1488/5 1484/1486/5 1485/1491/5
f 1528/1492/5 1529/1489/5 1561/1490/5
f 1527/1493/5 1528/1492/5 1561/1490/5
f 1527/1493/5 1561/1490/5 1562/1494/5
f 1280/1488/5 1485/1491/5 1486/1495/5
f 1526/1496/5 1527/1493/5 1562/1494/5
f 1279/1497/5 1280/1488/5 1486/1495/5
f 1525/1498/5 1526/1496/5 1562/1494/5
f 1525/1498/5 1562/1494/5 1563/1499/5
f 1279/1497/5 1486/1495/5 1487/1500/5
f 1524/1501/5 1525/1498/5 1563/1499/5
f 1523/1502/5 1524/1501/5 1563/1499/5
f 1279/1497/5 1487/1500/5 1488/1503/5
f 1523/1502/5 1563/1499/5 1564/1504/5
f 1278/1505/5 1279/1497/5 1488/1503/5
f 1522/1506/5 1523/1502/5 1564/1504/5
f 1278/1505/5 1488/1503/5 1489/1507/5
f 1521/1508/5 1522/1506/5 1564/1504/5
f 1521/1508/5 1564/1504/5 1565/1509/5
f 1520/1510/5 1521/1508/5 1565/1509/5
f 1278/1505/5 1489/1507/5 1490/1511/5
f 1519/1512/5 1520/1510/5 1565/1509/5
f 1277/1513/5 1278/1505/5 1490/1511/5
f 1519/1512/5 1565/1509/5 1566/1514/5
f 1518/1515/5 1519/1512/5 1566/1514/5
f 1277/1513/5 1490/1511/5 1491/1516/5
f 1517/1517/5 1518/1515/5 1566/1514/5
f 1516/1518/5 1517/1517/5 1566/1514/5
f 1277/1513/5 1491/1516/5 1492/1519/5
f 1516/1518/5 1566/1514/5 1567/1520/5
f 1515/1521/5 1516/1518/5 1567/1520/5
f 1514/1522/5 1515/1521/5 1567/1520/5
f 1277/1513/5 1492/1519/5 1493/1523/5
f 1276/1524/5 1277/1513/5 1493/1523/5
f 1513/1525/5 1514/1522/5 1567/1520/5
f 1513/1525/5 1567/1520/5 1568/1526/5
f 1512/1527/5 1513/1525/5 1568/1526/5
f 1276/1524/5 1493/1523/5 1494/1528/5
f 1511/1529/5 1512/1527/5 1568/1526/5
f 1510/1530/5 1511/1529/5 1568/1526/5
f 1276/1524/5 1494/1528/5 1495/1531/5
f 1509/1532/5 1510/1530/5 1568/1526/5
f 1509/1532/5 1568/1526/5 1569/1533/5
f 1276/1524/5 1495/1531/5 1496/1534/5
f 1508/1535/5 1509/1532/5 1569/1533/5
f 1507/1536/5 1508/1535/5 1569/1533/5
f 1275/1537/5 1276/1524/5 1496/1534/5
f 1275/1537/5 1496/1534/5 1497/1538/5
f 1506/1539/5 1507/1536/5 1569/1533/5
f 1505/1540/5 1506/1539/5 1569/1533/5
f 1275/1537/5 1497/1538/5 1498/1541/5
f 1504/1542/5 1505/1540/5 1569/1533/5
f 1503/1543/5 1504/1542/5 1569/1533/5
f 1275/1537/5 1498/1541/5 1499/1544/5
f 1502/1545/5 1503/1543/5 1569/1533/5
f 1501/1546/5 1502/1545/5 1569/1533/5
f 1275/1537/5 1499/1544/5 1500/1547/5
f 1501/1546/5 1569/1533/5 1570/1548/5
f 1500/1547/5 1501/1546/5 1570/1548/5
f 1275/1537/5 1500/1547/5 1570/1548/5
f 1275/1537/5 1570/1548/5 1571/1549/5
f 1274/1550/5 1275/1537/5 1571/1549/5
f 1274/1550/5 1571/1549/5 1572/1551/5
f 1273/1552/5 1274/1550/5 1572/1551/5
f 1273/1552/5 1572/1551/5 1573/1553/5
f 1273/1552/5 1573/1553/5 1574/1554/5
f 1272/1555/5 1273/1552/5 1574/1554/5
f 1272/1555/5 1574/1554/5 1575/1556/5
f 1272/1555/5 1575/1556/5 1576/1557/5
f 1271/1558/5 1272/1555/5 1576/1557/5
f 1271/1558/5 1576/1557/5 1577/1559/5
f 1270/1560/5 1271/1558/5 1577/1559/5
f 1270/1560/5 1577/1559/5 1578/1561/5
f 1270/1560/5 1578/1561/5 1579/1562/5
f 1269/1563/5 1270/1560/5 1579/1562/5
f 1269/1563/5 1579/1562/5 1580/1564/5
f 1269/1563/5 1580/1564/5 1581/1565/5
f 1268/1566/5 1269/1563/5 1581/1565/5
f 1268/1566/5 1581/1565/5 1582/1567/5
f 1268/1566/5 1582/1567/5 1583/1568/5
f 1267/1569/5 1268/1566/5 1583/1568/5
f 1267/1569/5 1583/1568/5 1584/1570/5
f 1266/1571/5 1267/1569/5 1584/1570/5
f 1266/1571/5 1584/1570/5 1247/1572/5
f 1266/1571/5 1247/1572/5 1248/1573/5
f 1265/1574/5 1266/1571/5 1248/1573/5
f 1265/1574/5 1248/1573/5 1249/1575/5
f 1265/1574/5 1249/1575/5 1250/1576/5
f 1264/1577/5 1265/1574/5 1250/1576/5
f 1264/1577/5 1250/1576/5 1251/1578/5
f 1263/1579/5 1264/1577/5 1251/1578/5
f 1263/1579/5 1251/1578/5 1252/1580/5
f 1263/1579/5 1252/1580/5 1253/1581/5
f 1262/1582/5 1263/1579/5 1253/1581/5
f 1262/1582/5 1253/1581/5 1254/1583/5
f 1262/1582/5 1254/1583/5 1255/1584/5
f 1261/1585/5 1262/1582/5 1255/1584/5
f 1261/1585/5 1255/1584/5 1256/1586/5
f 1260/1587/5 1261/1585/5 1256/1586/5
f 1260/1587/5 1256/1586/5 1257/1588/5
f 1260/1587/5 1257/1588/5 1258/1589/5
f 1259/1590/5 1260/1587/5 1258/1589/5
f 1586/1591/5 1587/1592/5 1590/1593/5
f 1590/1593/5 1587/1592/5 1588/1594/5
f 1590/1593/5 1588/1594/5 1589/1595/5
f 1586/1591/5 1590/1593/5 1591/1596/5
f 1586/1591/5 1591/1596/5 1594/1597/5
f 1594/1597/5 1591/1596/5 1592/1598/5
f 1594/1597/5 1592/1598/5 1593/1599/5
f 1586/1591/5 1594/1597/5 1595/1600/5
f 1586/1591/5 1595/1600/5 1596/1601/5
f 1586/1591/5 1596/1601/5 1585/1602/5
f 1598/1603/5 1599/1604/5 1851/1605/5
f 1851/1605/5 1599/1604/5 1600/1606/5
f 1851/1605/5 1600/1606/5 1852/1607/5
f 1852/1607/5 1600/1606/5 1601/1608/5
f 1698/1609/5 1699/1610/5 1751/1611/5
f 1751/1611/5 1699/1610/5 1700/1612/5
f 1751/1611/5 1700/1612/5 1752/1613/5
f 1752/1613/5 1700/1612/5 1701/1614/5
f 1598/1603/5 1851/1605/5 1850/1615/5
f 1853/1616/5 1852/1607/5 1601/1608/5
f 1698/1609/5 1751/1611/5 1750/1617/5
f 1753/1618/5 1752/1613/5 1701/1614/5
f 1854/1619/5 1853/1616/5 1601/1608/5
f 1698/1609/5 1750/1617/5 1749/1620/5
f 1754/1621/5 1753/1618/5 1701/1614/5
f 1598/1603/5 1850/1615/5 1849/1622/5
f 1855/1623/5 1854/1619/5 1601/1608/5
f 1698/1609/5 1749/1620/5 1748/1624/5
f 1755/1625/5 1754/1621/5 1701/1614/5
f 1598/1603/5 1849/1622/5 1848/1626/5
f 1856/1627/5 1855/1623/5 1601/1608/5
f 1698/1609/5 1748/1624/5 1747/1628/5
f 1756/1629/5 1755/1625/5 1701/1614/5
f 1598/1603/5 1848/1626/5 1847/1630/5
f 1857/1631/5 1856/1627/5 1601/1608/5
f 1698/1609/5 1747/1628/5 1746/1632/5
f 1757/1633/5 1756/1629/5 1701/1614/5
f 1598/1603/5 1847/1630/5 1846/1634/5
f 1858/1635/5 1857/1631/5 1601/1608/5
f 1698/1609/5 1746/1632/5 1757/1633/5
f 1757/1633/5 1746/1632/5 1745/1636/5
f 1698/1609/5 1757/1633/5 1758/1637/5
f 1745/1636/5 1757/1633/5 1701/1614/5
f 1859/1638/5 1858/1635/5 1845/1639/5
f 1845/1639/5 1858/1635/5 1601/1608/5
f 1598/1603/5 1846/1634/5 1859/1638/5
f 1859/1638/5 1846/1634/5 1845/1639/5
f 1744/1640/6 1745/1636/6 1701/1614/6
f 1598/1603/5 1859/1638/5 1860/1641/5
f 1698/1609/5 1758/1637/5 1759/1642/5
f 1844/1643/5 1845/1639/5 1601/1608/5
f 1743/1644/7 1744/1640/7 1701/1614/7
f 1598/1603/5 1860/1641/5 1861/1645/5
f 1698/1609/5 1759/1642/5 1760/1646/5
f 1843/1647/5 1844/1643/5 1601/1608/5
f 1742/1648/5 1743/1644/5 1701/1614/5
f 1598/1603/5 1861/1645/5 1862/1649/5
f 1698/1609/5 1760/1646/5 1761/1650/5
f 1741/1651/6 1742/1648/6 1701/1614/6
f 1842/1652/5 1843/1647/5 1601/1608/5
f 1598/1603/5 1862/1649/5 1863/1653/5
f 1698/1609/5 1761/1650/5 1762/1654/5
f 1740/1655/7 1741/1651/7 1701/1614/7
f 1841/1656/5 1842/1652/5 1601/1608/5
f 1598/1603/5 1863/1653/5 1864/1657/5
f 1698/1609/5 1762/1654/5 1763/1658/5
f 1739/1659/5 1740/1655/5 1701/1614/5
f 1840/1660/5 1841/1656/5 1601/1608/5
f 1598/1603/5 1864/1657/5 1865/1661/5
f 1698/1609/5 1763/1658/5 1764/1662/5
f 1738/1663/5 1739/1659/5 1701/1614/5
f 1598/1603/5 1865/1661/5 1866/1664/5
f 1839/1665/5 1840/1660/5 1601/1608/5
f 1737/1666/5 1738/1663/5 1701/1614/5
f 1698/1609/5 1764/1662/5 1765/1667/5
f 1598/1603/5 1866/1664/5 1867/1668/5
f 1838/1669/5 1839/1665/5 1601/1608/5
f 1736/1670/5 1737/1666/5 1701/1614/5
f 1698/1609/5 1765/1667/5 1766/1671/5
f 1598/1603/5 1867/1668/5 1868/1672/5
f 1837/1673/5 1838/1669/5 1601/1608/5
f 1735/1674/5 1736/1670/5 1701/1614/5
f 1698/1609/5 1766/1671/5 1767/1675/5
f 1598/1603/5 1868/1672/5 1869/1676/5
f 1836/1677/5 1837/1673/5 1601/1608/5
f 1734/1678/5 1735/1674/5 1701/1614/5
f 1698/1609/5 1767/1675/5 1768/1679/5
f 1598/1603/5 1869/1676/5 1870/1680/5
f 1835/1681/5 1836/1677/5 1601/1608/5
f 1733/1682/5 1734/1678/5 1701/1614/5
f 1598/1603/5 1870/1680/5 1871/1683/5
f 1698/1609/5 1768/1679/5 1769/1684/5
f 1834/1685/5 1835/1681/5 1601/1608/5
f 1732/1686/5 1733/1682/5 1701/1614/5
f 1598/1603/5 1871/1683/5 1872/1687/5
f 1698/1609/5 1769/1684/5 1770/1688/5
f 1833/1689/5 1834/1685/5 1601/1608/5
f 1731/1690/5 1732/1686/5 1701/1614/5
f 1598/1603/5 1872/1687/5 1873/1691/5
f 1698/1609/5 1770/1688/5 1771/1692/5
f 1832/1693/5 1833/1689/5 1601/1608/5
f 1730/1694/5 1731/1690/5 1701/1614/5
f 1598/1603/5 1873/1691/5 1874/1695/5
f 1698/1609/5 1771/1692/5 1772/1696/5
f 1831/1697/5 1832/1693/5 1601/1608/5
f 1729/1698/5 1730/1694/5 1701/1614/5
f 1598/1603/5 1874/1695/5 1875/1699/5
f 1698/1609/5 1772/1696/5 1773/1700/5
f 1728/1701/5 1729/1698/5 1701/1614/5
f 1830/1702/5 1831/1697/5 1601/1608/5
f 1598/1603/5 1875/1699/5 1876/1703/5
f 1698/1609/5 1773/1700/5 1774/1704/5
f 1727/1705/5 1728/1701/5 1701/1614/5
f 1829/1706/5 1830/1702/5 1601/1608/5
f 1598/1603/5 1876/1703/5 1877/1707/5
f 1698/1609/5 1774/1704/5 1775/1708/5
f 1726/1709/5 1727/1705/5 1701/1614/5
f 1828/1710/5 1829/1706/5 1601/1608/5
f 1598/1603/5 1877/1707/5 1878/1711/5
f 1698/1609/5 1775/1708/5 1776/1712/5
f 1725/1713/5 1726/1709/5 1701/1614/5
f 1827/1714/5 1828/1710/5 1601/1608/5
f 1598/1603/5 1878/1711/5 1879/1715/5
f 1698/1609/5 1776/1712/5 1777/1716/5
f 1724/1717/5 1725/1713/5 1701/1614/5
f 1826/1718/5 1827/1714/5 1601/1608/5
f 1598/1603/5 1879/1715/5 1880/1719/5
f 1698/1609/5 1777/1716/5 1778/1720/5
f 1723/1721/5 1724/1717/5 1701/1614/5
f 1825/1722/5 1826/1718/5 1601/1608/5
f 1598/1603/5 1880/1719/5 1881/1723/5
f 1698/1609/5 1778/1720/5 1779/1724/5
f 1722/1725/5 1723/1721/5 1701/1614/5
f 1824/1726/5 1825/1722/5 1601/1608/5
f 1598/1603/5 1881/1723/5 1882/1727/5
f 1698/1609/5 1779/1724/5 1780/1728/5
f 1721/1729/5 1722/1725/5 1701/1614/5
f 1823/1730/5 1824/1726/5 1601/1608/5
f 1598/1603/5 1882/1727/5 1883/1731/5
f 1698/1609/5 1780/1728/5 1781/1732/5
f 1720/1733/5 1721/1729/5 1701/1614/5
f 1822/1734/5 1823/1730/5 1601/1608/5
f 1598/1603/5 1883/1731/5 1884/1735/5
f 1698/1609/5 1781/1732/5 1782/1736/5
f 1719/1737/5 1720/1733/5 1701/1614/5
f 1821/1738/5 1822/1734/5 1601/1608/5
f 1598/1603/5 1884/1735/5 1885/1739/5
f 1698/1609/5 1782/1736/5 1783/1740/5
f 1718/1741/5 1719/1737/5 1701/1614/5
f 1820/1742/5 1821/1738/5 1601/1608/5
f 1598/1603/5 1885/1739/5 1886/1743/5
f 1698/1609/5 1783/1740/5 1784/1744/5
f 1717/1745/5 1718/1741/5 1701/1614/5
f 1819/1746/5 1820/1742/5 1601/1608/5
f 1598/1603/5 1886/1743/5 1887/1747/5
f 1698/1609/5 1784/1744/5 1785/1748/5
f 1716/1749/5 1717/1745/5 1701/1614/5
f 1818/1750/5 1819/1746/5 1601/1608/5
f 1598/1603/5 1887/1747/5 1888/1751/5
f 1698/1609/5 1785/1748/5 1786/1752/5
f 1817/1753/5 1818/1750/5 1601/1608/5
f 1715/1754/5 1716/1749/5 1701/1614/5
f 1598/1603/5 1888/1751/5 1889/1755/5
f 1698/1609/5 1786/1752/5 1787/1756/5
f 1816/1757/5 1817/1753/5 1601/1608/5
f 1714/1758/5 1715/1754/5 1701/1614/5
f 1598/1603/5 1889/1755/5 1890/1759/5
f 1698/1609/5 1787/1756/5 1788/1760/5
f 1815/1761/5 1816/1757/5 1601/1608/5
f 1713/1762/5 1714/1758/5 1701/1614/5
f 1698/1609/5 1788/1760/5 1789/1763/5
f 1598/1603/5 1890/1759/5 1891/1764/5
f 1814/1765/5 1815/1761/5 1601/1608/5
f 1712/1766/5 1713/1762/5 1701/1614/5
f 1698/1609/5 1789/1763/5 1790/1767/5
f 1598/1603/5 1891/1764/5 1892/1768/5
f 1813/1769/5 1814/1765/5 1601/1608/5
f 1711/1770/5 1712/1766/5 1701/1614/5
f 1698/1609/5 1790/1767/5 1791/1771/5
f 1598/1603/5 1892/1768/5 1893/1772/5
f 1812/1773/5 1813/1769/5 1601/1608/5
f 1710/1774/5 1711/1770/5 1701/1614/5
f 1698/1609/5 1791/1771/5 1792/1775/5
f 1811/1776/5 1812/1773/5 1601/1608/5
f 1598/1603/5 1893/1772/5 1894/1777/5
f 1709/1778/5 1710/1774/5 1701/1614/5
f 1698/1609/5 1792/1775/5 1793/1779/5
f 1810/1780/5 1811/1776/5 1601/1608/5
f 1598/1603/5 1894/1777/5 1895/1781/5
f 1708/1782/5 1709/1778/5 1701/1614/5
f 1698/1609/5 1793/1779/5 1794/1783/5
f 1809/1784/5 1810/1780/5 1601/1608/5
f 1598/1603/5 1895/1781/5 1896/1785/5
f 1698/1609/5 1794/1783/5 1795/1786/5
f 1707/1787/5 1708/1782/5 1701/1614/5
f 1808/1788/5 1809/1784/5 1601/1608/5
f 1598/1603/5 1896/1785/5 1897/1789/5
f 1698/1609/5 1795/1786/5 1796/1790/5
f 1706/1791/5 1707/1787/5 1701/1614/5
f 1807/1792/5 1808/1788/5 1601/1608/5
f 1698/1609/5 1796/1790/5 1797/1793/5
f 1598/1603/5 1897/1789/5 1898/1794/5
f 1806/1795/5 1807/1792/5 1601/1608/5
f 1705/1796/5 1706/1791/5 1701/1614/5
f 1698/1609/5 1797/1793/5 1798/1797/5
f 1805/1798/5 1806/1795/5 1601/1608/5
f 1598/1603/5 1898/1794/5 1899/1799/5
f 1704/1800/5 1705/1796/5 1701/1614/5
f 1698/1609/5 1798/1797/5 1799/1801/5
f 1804/1802/5 1805/1798/5 1601/1608/5
f 1598/1603/5 1899/1799/5 1900/1803/5
f 1703/1804/5 1704/1800/5 1701/1614/5
f 1698/1609/5 1799/1801/5 1800/1805/5
f 1803/1806/5 1804/1802/5 1601/1608/5
f 1598/1603/5 1900/1803/5 1597/1807/5
f 1802/1808/5 1803/1806/5 1601/1608/5
f 1698/1609/5 1800/1805/5 1801/1809/5
f 1702/1810/5 1703/1804/5 1701/1614/5
f 1802/1808/5 1601/1608/5 1602/1811/5
f 1697/1812/5 1698/1609/5 1801/1809/5
f 1802/1808/5 1602/1811/5 1603/1813/5
f 1696/1814/5 1697/1812/5 1801/1809/5
f 1802/1808/5 1603/1813/5 1604/1815/5
f 1695/1816/5 1696/1814/5 1801/1809/5
f 1802/1808/5 1604/1815/5 1605/1817/5
f 1694/1818/5 1695/1816/5 1801/1809/5
f 1802/1808/5 1605/1817/5 1606/1819/5
f 1693/1820/5 1694/1818/5 1801/1809/5
f 1802/1808/5 1606/1819/5 1607/1821/5
f 1692/1822/5 1693/1820/5 1801/1809/5
f 1802/1808/5 1607/1821/5 1608/1823/5
f 1691/1824/5 1692/1822/5 1801/1809/5
f 1802/1808/5 1608/1823/5 1609/1825/5
f 1690/1826/5 1691/1824/5 1801/1809/5
f 1802/1808/5 1609/1825/5 1610/1827/5
f 1689/1828/5 1690/1826/5 1801/1809/5
f 1802/1808/5 1610/1827/5 1611/1829/5
f 1688/1830/5 1689/1828/5 1801/1809/5
f 1802/1808/5 1611/1829/5 1612/1831/5
f 1687/1832/5 1688/1830/5 1801/1809/5
f 1802/1808/5 1612/1831/5 1613/1833/5
f 1686/1834/5 1687/1832/5 1801/1809/5
f 1802/1808/5 1613/1833/5 1614/1835/5
f 1685/1836/5 1686/1834/5 1801/1809/5
f 1802/1808/5 1614/1835/5 1615/1837/5
f 1684/1838/5 1685/1836/5 1801/1809/5
f 1802/1808/5 1615/1837/5 1616/1839/5
f 1683/1840/5 1684/1838/5 1801/1809/5
f 1802/1808/5 1616/1839/5 1617/1841/5
f 1682/1842/5 1683/1840/5 1801/1809/5
f 1802/1808/5 1617/1841/5 1618/1843/5
f 1681/1844/5 1682/1842/5 1801/1809/5
f 1802/1808/5 1618/1843/5 1619/1845/5
f 1680/1846/5 1681/1844/5 1801/1809/5
f 1802/1808/5 1619/1845/5 1620/1847/5
f 1679/1848/5 1680/1846/5 1801/1809/5
f 1802/1808/5 1620/1847/5 1621/1849/5
f 1678/1850/5 1679/1848/5 1801/1809/5
f 1802/1808/5 1621/1849/5 1622/1851/5
f 1677/1852/5 1678/1850/5 1801/1809/5
f 1802/1808/5 1622/1851/5 1623/1853/5
f 1676/1854/5 1677/1852/5 1801/1809/5
f 1802/1808/5 1623/1853/5 1624/1855/5
f 1675/1856/5 1676/1854/5 1801/1809/5
f 1802/1808/5 1624/1855/5 1625/1857/5
f 1674/1858/5 1675/1856/5 1801/1809/5
f 1802/1808/5 1625/1857/5 1626/1859/5
f 1673/1860/5 1674/1858/5 1801/1809/5
f 1802/1808/5 1626/1859/5 1627/1861/5
f 1672/1862/5 1673/1860/5 1801/1809/5
f 1802/1808/5 1627/1861/5 1628/1863/5
f 1671/1864/5 1672/1862/5 1801/1809/5
f 1802/1808/5 1628/1863/5 1629/1865/5
f 1670/1866/5 1671/1864/5 1801/1809/5
f 1802/1808/5 1629/1865/5 1630/1867/5
f 1669/1868/5 1670/1866/5 1801/1809/5
f 1802/1808/5 1630/1867/5 1631/1869/5
f 1668/1870/5 1669/1868/5 1801/1809/5
f 1802/1808/5 1631/1869/5 1632/1871/5
f 1667/1872/5 1668/1870/5 1801/1809/5
f 1802/1808/5 1632/1871/5 1633/1873/5
f 1666/1874/5 1667/1872/5 1801/1809/5
f 1802/1808/5 1633/1873/5 1634/1875/5
f 1665/1876/5 1666/1874/5 1801/1809/5
f 1802/1808/5 1634/1875/5 1635/1877/5
f 1664/1878/5 1665/1876/5 1801/1809/5
f 1802/1808/5 1635/1877/5 1636/1879/5
f 1663/1880/5 1664/1878/5 1801/1809/5
f 1802/1808/5 1636/1879/5 1637/1881/5
f 1662/1882/5 1663/1880/5 1801/1809/5
f 1802/1808/5 1637/1881/5 1638/1883/5
f 1661/1884/5 1662/1882/5 1801/1809/5
f 1802/1808/5 1638/1883/5 1639/1885/5
f 1660/1886/5 1661/1884/5 1801/1809/5
f 1802/1808/5 1639/1885/5 1640/1887/5
f 1659/1888/5 1660/1886/5 1801/1809/5
f 1802/1808/5 1640/1887/5 1658/1889/5
f 1658/1889/5 1640/1887/5 1641/1890/5
f 1658/1889/5 1659/1888/5 1641/1890/5
f 1641/1890/5 1659/1888/5 1801/1809/5
f 1642/1891/7 1641/1890/7 1801/1809/7
f 1802/1808/5 1658/1889/5 1657/1892/5
f 1643/1893/5 1642/1891/5 1801/1809/5
f 1802/1808/5 1657/1892/5 1656/1894/5
f 1644/1895/5 1643/1893/5 1801/1809/5
f 1802/1808/5 1656/1894/5 1655/1896/5
f 1645/1897/5 1644/1895/5 1801/1809/5
f 1802/1808/5 1655/1896/5 1654/1898/5
f 1646/1899/5 1645/1897/5 1801/1809/5
f 1802/1808/5 1654/1898/5 1653/1900/5
f 1647/1901/5 1646/1899/5 1801/1809/5
f 1802/1808/6 1653/1900/6 1652/1902/6
f 1648/1903/5 1647/1901/5 1801/1809/5
f 1802/1808/7 1652/1902/7 1651/1904/7
f 1649/1905/5 1648/1903/5 1801/1809/5
f 1802/1808/5 1651/1904/5 1650/1906/5
f 1802/1808/5 1650/1906/5 1649/1905/5
f 1802/1808/5 1649/1905/5 1801/1809/5
s 1
f 1902/1907/8 1904/1908/9 1903/1909/9 1901/1910/8
f 1904/1911/9 1906/1912/10 1905/1913/10 1903/1914/9
f 1906/1915/10 1908/1916/11 1907/1917/11 1905/1918/10
f 1908/1919/11 1910/1920/12 1909/1921/12 1907/1922/11
f 1910/1920/12 1912/1923/13 1911/1924/13 1909/1921/12
f 1912/1923/13 1914/1925/14 1913/1926/14 1911/1924/13
f 1914/1925/14 1916/1927/15 1915/1928/15 1913/1926/14
f 1916/1927/15 1918/1929/16 1917/1930/16 1915/1928/15
f 1918/1929/16 1920/1931/17 1919/1932/17 1917/1930/16
f 1920/1931/17 1922/1933/18 1921/1934/18 1919/1932/17
f 1922/1933/18 1924/1935/19 1923/1936/19 1921/1934/18
f 1924/1935/19 1926/1937/20 1925/1938/20 1923/1936/19
f 1926/1937/20 1928/1939/21 1927/1940/21 1925/1938/20
f 1928/1939/21 1930/1941/22 1929/1942/22 1927/1940/21
f 1930/1941/22 1932/1943/23 1931/1944/23 1929/1942/22
f 1932/1943/23 1934/1945/24 1933/1946/24 1931/1944/23
f 1934/1945/24 1936/1947/25 1935/1948/25 1933/1946/24
f 1936/1947/25 1938/1949/26 1937/1950/26 1935/1948/25
f 1938/1949/26 1940/1951/27 1939/1952/27 1937/1950/26
f 1940/1951/27 1942/1953/28 1941/1954/28 1939/1952/27
f 1942/1953/28 1944/1955/29 1943/1956/29 1941/1954/28
f 1944/1955/29 1946/1957/30 1945/1958/30 1943/1956/29
f 1946/1957/30 1948/1959/31 1947/1960/31 1945/1958/30
f 1948/1959/31 1950/1961/32 1949/1962/32 1947/1960/31
f 1950/1961/32 1952/1963/33 1951/1964/33 1949/1962/32
f 1952/1963/33 1954/1965/34 1953/1966/34 1951/1964/33
f 1954/1965/34 1956/1967/35 1955/1968/35 1953/1966/34
f 1956/1967/35 1958/1969/36 1957/1970/36 1955/1968/35
f 1958/1969/36 1960/1971/37 1959/1972/37 1957/1970/36
f 1960/1971/37 1962/1973/38 1961/1974/38 1959/1972/37
f 1962/1973/38 1964/1975/39 1963/1976/39 1961/1974/38
f 1964/1975/39 1966/1977/40 1965/1978/40 1963/1976/39
f 1966/1977/40 1968/1979/41 1967/1980/41 1965/1978/40
f 1968/1979/41 1970/1981/42 1969/1982/42 1967/1980/41
f 1970/1981/42 1972/1983/43 1971/1984/43 1969/1982/42
f 1972/1983/43 1974/1985/44 1973/1986/44 1971/1984/43
f 1974/1985/44 1976/1987/45 1975/1988/45 1973/1986/44
f 1976/1987/45 1978/1989/46 1977/1990/46 1975/1988/45
f 1978/1989/46 1980/1991/47 1979/1992/47 1977/1990/46
f 1980/1991/47 1982/1993/48 1981/1994/48 1979/1992/47
f 1982/1993/48 1984/1995/49 1983/1996/49 1981/1994/48
f 1984/1995/49 1986/1997/50 1985/1998/50 1983/1996/49
f 1986/1997/50 1988/1999/51 1987/2000/51 1985/1998/50
f 1988/1999/51 1990/2001/52 1989/2002/52 1987/2000/51
f 1990/2001/52 1992/2003/53 1991/2004/53 1989/2002/52
f 1992/2003/53 1994/2005/54 1993/2006/54 1991/2004/53
f 1994/2005/54 1996/2007/55 1995/2008/55 1993/2006/54
f 1996/2007/55 1998/2009/56 1997/2010/56 1995/2008/55
f 1998/2009/56 2000/2011/57 1999/2012/57 1997/2010/56
f 2000/2011/57 2002/2013/58 2001/2014/58 1999/2012/57
f 2002/2013/58 2004/2015/59 2003/2016/59 2001/2014/58
f 2004/2015/59 2006/2017/60 2005/2018/60 2003/2016/59
f 2006/2019/60 2008/2020/61 2007/2021/61 2005/2022/60
f 2008/2023/61 2010/2024/62 2009/2025/62 2007/2026/61
f 2010/2024/62 2012/2027/63 2011/2028/63 2009/2025/62
f 2012/2027/63 2014/2029/64 2013/2030/64 2011/2028/63
f 2014/2029/64 2016/2031/65 2015/2032/65 2013/2030/64
f 2016/2031/65 2018/2033/66 2017/2034/66 2015/2032/65
f 2018/2033/66 2020/2035/67 2019/2036/67 2017/2034/66
f 2020/2035/67 2022/2037/68 2021/2038/68 2019/2036/67
f 2022/2037/68 2024/2039/69 2023/2040/69 2021/2038/68
f 2024/2039/69 2026/2041/70 2025/2042/70 2023/2040/69
f 2026/2041/70 2028/2043/71 2027/2044/71 2025/2042/70
f 2028/2043/71 2030/2045/72 2029/2046/72 2027/2044/71
f 2030/2045/72 2032/2047/73 2031/2048/73 2029/2046/72
f 2032/2047/73 2034/2049/74 2033/2050/74 2031/2048/73
f 2034/2049/74 2036/2051/74 2035/2052/74 2033/2050/74
f 2036/2051/74 2038/2053/75 2037/2054/75 2035/2052/74
f 2038/2053/75 2040/2055/73 2039/2056/73 2037/2054/75
f 2040/2055/73 2042/2057/76 2041/2058/76 2039/2056/73
f 2042/2057/76 2044/2059/77 2043/2060/77 2041/2058/76
f 2044/2059/77 2046/2061/78 2045/2062/78 2043/2060/77
f 2046/2061/78 2048/2063/78 2047/2064/78 2045/2062/78
f 2048/2063/78 2050/2065/79 2049/2066/79 2047/2064/78
f 2050/2065/79 2052/2067/80 2051/2068/80 2049/2066/79
f 2052/2067/80 2054/2069/81 2053/2070/81 2051/2068/80
f 2054/2069/81 2056/2071/82 2055/2072/82 2053/2070/81
f 2056/2071/82 2058/2073/83 2057/2074/83 2055/2072/82
f 2058/2073/83 2060/2075/84 2059/2076/84 2057/2074/83
f 2060/2075/84 2062/2077/85 2061/2078/85 2059/2076/84
f 2062/2077/85 2064/2079/86 2063/2080/86 2061/2078/85
f 2064/2079/86 2066/2081/87 2065/2082/87 2063/2080/86
f 2066/2081/87 2068/2083/88 2067/2084/88 2065/2082/87
f 2068/2083/88 2070/2085/89 2069/2086/89 2067/2084/88
f 2070/2085/89 2072/2087/90 2071/2088/90 2069/2086/89
f 2072/2087/90 2074/2089/91 2073/2090/91 2071/2088/90
f 2074/2089/91 2076/2091/92 2075/2092/92 2073/2090/91
f 2076/2091/92 2078/2093/93 2077/2094/93 2075/2092/92
f 2078/2093/93 2080/2095/94 2079/2096/94 2077/2094/93
f 2080/2095/94 2082/2097/95 2081/2098/95 2079/2096/94
f 2082/2097/95 2084/2099/96 2083/2100/96 2081/2098/95
f 2084/2099/96 2086/2101/97 2085/2102/97 2083/2100/96
f 2086/2101/97 2088/2103/98 2087/2104/98 2085/2102/97
f 2088/2103/98 2090/2105/99 2089/2106/99 2087/2104/98
f 2090/2105/99 2092/2107/100 2091/2108/100 2089/2106/99
f 2092/2107/100 2094/2109/101 2093/2110/101 2091/2108/100
f 2094/2109/101 2096/2111/102 2095/2112/102 2093/2110/101
f 2096/2111/102 2098/2113/103 2097/2114/103 2095/2112/102
f 2098/2113/103 2100/2115/104 2099/2116/104 2097/2114/103
f 2100/2115/104 2102/2117/105 2101/2118/105 2099/2116/104
f 2102/2117/105 2104/2119/106 2103/2120/106 2101/2118/105
f 2104/2119/106 2106/2121/107 2105/2122/107 2103/2120/106
f 2106/2123/107 2108/2124/108 2107/2125/108 2105/2126/107
f 2108/2127/108 2110/2128/8 2109/2129/8 2107/2130/108
f 2110/2131/8 2112/1907/9 2111/1910/9 2109/2132/8
f 2112/2133/9 2114/2134/109 2113/2135/109 2111/2136/9
f 2114/2134/109 2116/2137/110 2115/2138/110 2113/2135/109
f 2116/2137/110 2118/2139/111 2117/2140/111 2115/2138/110
f 2118/2139/111 2120/2141/112 2119/2142/112 2117/2140/111
f 2120/2141/112 2122/2143/113 2121/2144/113 2119/2142/112
f 2122/2143/113 2124/2145/114 2123/2146/114 2121/2144/113
f 2124/2145/114 2126/2147/115 2125/2148/115 2123/2146/114
f 2126/2147/115 2128/2149/116 2127/2150/116 2125/2148/115
f 2128/2149/116 2130/2151/117 2129/2152/117 2127/2150/116
f 2130/2151/117 2132/2153/118 2131/2154/118 2129/2152/117
f 2132/2153/118 2134/2155/119 2133/2156/119 2131/2154/118
f 2134/2155/119 2136/2157/120 2135/2158/120 2133/2156/119
f 2136/2157/120 2138/2159/121 2137/2160/121 2135/2158/120
f 2138/2159/121 2140/2161/122 2139/2162/122 2137/2160/121
f 2140/2161/122 2142/2163/121 2141/2164/121 2139/2162/122
f 2142/2163/121 2144/2165/123 2143/2166/123 2141/2164/121
f 2144/2165/123 2146/2167/124 2145/2168/124 2143/2166/123
f 2146/2167/124 2148/2169/125 2147/2170/125 2145/2168/124
f 2148/2169/125 2150/2171/126 2149/2172/126 2147/2170/125
f 2150/2171/126 2152/2173/127 2151/2174/127 2149/2172/126
f 2152/2173/127 2154/2175/128 2153/2176/128 2151/2174/127
f 2154/2175/128 2156/2177/120 2155/2178/120 2153/2176/128
f 2156/2177/120 2158/2179/129 2157/2180/129 2155/2178/120
f 2158/2179/129 2160/2181/130 2159/2182/130 2157/2180/129
f 2160/2181/130 2162/2183/131 2161/2184/131 2159/2182/130
f 2162/2183/131 2164/2185/121 2163/2186/121 2161/2184/131
f 2164/2185/121 2166/2187/132 2165/2188/132 2163/2186/121
f 2166/2187/132 2168/2189/133 2167/2190/133 2165/2188/132
f 2168/2189/133 2170/2191/134 2169/2192/134 2167/2190/133
f 2170/2191/134 2172/2193/135 2171/2194/135 2169/2192/134
f 2172/2193/135 2174/2195/136 2173/2196/136 2171/2194/135
f 2174/2195/136 2176/2197/137 2175/2198/137 2173/2196/136
f 2176/2197/137 2178/2199/138 2177/2200/138 2175/2198/137
f 2178/2199/138 2180/2201/139 2179/2202/139 2177/2200/138
f 2180/2201/139 2182/2203/140 2181/2204/140 2179/2202/139
f 2182/2203/140 2184/2205/141 2183/2206/141 2181/2204/140
f 2184/2205/141 2186/2207/142 2185/2208/142 2183/2206/141
f 2186/2207/142 2188/2209/140 2187/2210/140 2185/2208/142
f 2188/2209/140 2190/2211/138 2189/2212/138 2187/2210/140
f 2190/2211/138 2192/2213/136 2191/2214/136 2189/2212/138
f 2192/2213/136 2194/2215/143 2193/2216/143 2191/2214/136
f 2194/2215/143 2196/2217/132 2195/2218/132 2193/2216/143
f 2196/2217/132 2198/2219/144 2197/2220/144 2195/2218/132
f 2198/2219/144 2200/2221/145 2199/2222/145 2197/2220/144
f 2200/2221/145 2202/2223/146 2201/2224/146 2199/2222/145
f 2202/2223/146 2204/2225/147 2203/2226/147 2201/2224/146
f 2204/2225/147 2206/2227/148 2205/2228/148 2203/2226/147
f 2206/2227/148 2208/2229/149 2207/2230/149 2205/2228/148
f 2208/2229/149 2210/2231/150 2209/2232/150 2207/2230/149
f 2210/2233/150 2212/2234/151 2211/2235/151 2209/2236/150
f 2212/2237/151 2214/2238/152 2213/2239/152 2211/2240/151
f 2214/2238/152 2216/2241/153 2215/2242/153 2213/2239/152
f 2216/2241/153 2218/2243/154 2217/2244/154 2215/2242/153
f 2218/2243/154 2220/2245/155 2219/2246/155 2217/2244/154
f 2220/2245/155 2222/2247/156 2221/2248/156 2219/2246/155
f 2222/2247/156 2224/2249/157 2223/2250/157 2221/2248/156
f 2224/2249/157 2226/2251/158 2225/2252/158 2223/2250/157
f 2226/2251/158 2228/2253/159 2227/2254/159 2225/2252/158
f 2228/2253/159 2230/2255/160 2229/2256/160 2227/2254/159
f 2230/2255/160 2232/2257/161 2231/2258/161 2229/2256/160
f 2232/2257/161 2234/2259/162 2233/2260/162 2231/2258/161
f 2234/2259/162 2236/2261/163 2235/2262/163 2233/2260/162
f 2236/2261/163 2238/2263/164 2237/2264/164 2235/2262/163
f 2238/2263/164 2240/2265/165 2239/2266/165 2237/2264/164
f 2240/2265/165 2242/2267/166 2241/2268/166 2239/2266/165
f 2242/2267/166 2244/2269/167 2243/2270/167 2241/2268/166
f 2244/2269/167 2246/2271/168 2245/2272/168 2243/2270/167
f 2246/2271/168 2248/2273/169 2247/2274/169 2245/2272/168
f 2248/2273/169 2250/2275/170 2249/2276/170 2247/2274/169
f 2250/2275/170 2252/2277/171 2251/2278/171 2249/2276/170
f 2252/2277/171 2254/2279/172 2253/2280/172 2251/2278/171
f 2254/2279/172 2256/2281/173 2255/2282/173 2253/2280/172
f 2256/2281/173 2258/2283/174 2257/2284/174 2255/2282/173
f 2258/2283/174 2260/2285/175 2259/2286/175 2257/2284/174
f 2260/2285/175 2262/2287/176 2261/2288/176 2259/2286/175
f 2262/2287/176 2264/2289/177 2263/2290/177 2261/2288/176
f 2264/2289/177 2266/2291/178 2265/2292/178 2263/2290/177
f 2266/2291/178 2268/2293/179 2267/2294/179 2265/2292/178
f 2268/2293/179 2270/2295/180 2269/2296/180 2267/2294/179
f 2270/2295/180 2272/2297/181 2271/2298/181 2269/2296/180
f 2272/2297/181 2274/2299/182 2273/2300/182 2271/2298/181
f 2274/2299/182 2276/2301/183 2275/2302/183 2273/2300/182
f 2276/2301/183 2278/2303/184 2277/2304/184 2275/2302/183
f 2278/2303/184 2280/2305/185 2279/2306/185 2277/2304/184
f 2280/2305/185 2282/2307/186 2281/2308/186 2279/2306/185
f 2282/2307/186 2284/2309/187 2283/2310/187 2281/2308/186
f 2284/2309/187 2286/2311/188 2285/2312/188 2283/2310/187
f 2286/2311/188 2288/2313/189 2287/2314/189 2285/2312/188
f 2288/2313/189 2290/2315/190 2289/2316/190 2287/2314/189
f 2290/2315/190 2292/2317/191 2291/2318/191 2289/2316/190
f 2292/2317/191 2294/2319/192 2293/2320/192 2291/2318/191
f 2294/2319/192 2296/2321/193 2295/2322/193 2293/2320/192
f 2296/2321/193 2298/2323/194 2297/2324/194 2295/2322/193
f 2298/2323/194 2300/2325/195 2299/2326/195 2297/2324/194
f 2300/2325/195 2302/2327/196 2301/2328/196 2299/2326/195
f 2302/2327/196 2304/2329/197 2303/2330/197 2301/2328/196
f 2304/2329/197 2306/2331/198 2305/2332/198 2303/2330/197
f 2306/2331/198 2308/2333/199 2307/2334/199 2305/2332/198
f 2308/2333/199 2310/2335/200 2309/2336/200 2307/2334/199
f 2310/2337/200 2312/2338/201 2311/2339/201 2309/2340/200
f 2312/2341/201 2314/2342/202 2313/2343/202 2311/2344/201
f 2314/2342/202 2316/2345/203 2315/2346/203 2313/2343/202
f 2316/2345/203 2318/2347/204 2317/2348/204 2315/2346/203
f 2318/2347/204 2320/2349/205 2319/2350/205 2317/2348/204
f 2320/2349/205 2322/2351/206 2321/2352/206 2319/2350/205
f 2322/2351/206 2324/2353/207 2323/2354/207 2321/2352/206
f 2324/2353/207 2326/2355/208 2325/2356/208 2323/2354/207
f 2326/2355/208 2328/2357/209 2327/2358/209 2325/2356/208
f 2328/2357/209 2330/2359/210 2329/2360/210 2327/2358/209
f 2330/2359/210 2332/2361/211 2331/2362/211 2329/2360/210
f 2332/2361/211 2334/2363/212 2333/2364/212 2331/2362/211
f 2334/2363/212 2336/2365/213 2335/2366/213 2333/2364/212
f 2336/2365/213 2338/2367/214 2337/2368/214 2335/2366/213
f 2338/2367/214 2340/2369/215 2339/2370/215 2337/2368/214
f 2340/2369/215 2342/2371/216 2341/2372/216 2339/2370/215
f 2342/2371/216 2344/2373/217 2343/2374/217 2341/2372/216
f 2344/2373/217 2346/2375/218 2345/2376/218 2343/2374/217
f 2346/2375/218 2348/2377/219 2347/2378/219 2345/2376/218
f 2348/2377/219 2350/2379/220 2349/2380/220 2347/2378/219
f 2350/2379/220 2352/2381/221 2351/2382/221 2349/2380/220
f 2352/2381/221 2354/2383/222 2353/2384/222 2351/2382/221
f 2354/2383/222 2356/2385/223 2355/2386/223 2353/2384/222
f 2356/2385/223 2358/2387/224 2357/2388/224 2355/2386/223
f 2358/2387/224 2360/2389/225 2359/2390/225 2357/2388/224
f 2360/2389/225 2362/2391/226 2361/2392/226 2359/2390/225
f 2362/2391/226 2364/2393/227 2363/2394/227 2361/2392/226
f 2364/2393/227 2366/2395/228 2365/2396/228 2363/2394/227
f 2366/2395/228 2368/2397/229 2367/2398/229 2365/2396/228
f 2368/2397/229 2370/2399/230 2369/2400/230 2367/2398/229
f 2370/2399/230 2372/2401/231 2371/2402/231 2369/2400/230
f 2372/2401/231 2374/2403/232 2373/2404/232 2371/2402/231
f 2374/2403/232 2376/2405/233 2375/2406/233 2373/2404/232
f 2376/2405/233 2378/2407/234 2377/2408/234 2375/2406/233
f 2378/2407/234 2380/2409/235 2379/2410/235 2377/2408/234
f 2380/2409/235 2382/2411/236 2381/2412/236 2379/2410/235
f 2382/2411/236 2384/2413/237 2383/2414/237 2381/2412/236
f 2384/2413/237 2386/2415/238 2385/2416/238 2383/2414/237
f 2386/2415/238 2388/2417/239 2387/2418/239 2385/2416/238
f 2388/2417/239 2390/2419/240 2389/2420/240 2387/2418/239
f 2390/2419/240 2392/2421/241 2391/2422/241 2389/2420/240
f 2392/2421/241 2394/2423/242 2393/2424/242 2391/2422/241
f 2394/2423/242 2396/2425/243 2395/2426/243 2393/2424/242
f 2396/2425/243 2398/2427/244 2397/2428/244 2395/2426/243
f 2398/2427/244 2400/2429/245 2399/2430/245 2397/2428/244
f 2400/2429/245 2402/2431/246 2401/2432/246 2399/2430/245
f 2402/2431/246 2404/2433/247 2403/2434/247 2401/2432/246
f 2404/2433/247 2406/2435/248 2405/2436/248 2403/2434/247
f 2406/2435/248 2408/2437/249 2407/2438/249 2405/2436/248
f 2408/2437/249 2410/2439/250 2409/2440/250 2407/2438/249
f 2410/2441/250 2412/2233/251 2411/2236/251 2409/2442/250
f 2412/2443/251 2414/2444/252 2413/2445/252 2411/2446/251
f 2414/2444/252 2416/2447/253 2415/2448/253 2413/2445/252
f 2416/2447/253 2418/2449/254 2417/2450/254 2415/2448/253
f 2418/2449/254 2420/2451/255 2419/2452/255 2417/2450/254
f 2420/2451/255 2422/2453/256 2421/2454/256 2419/2452/255
f 2422/2453/256 2424/2455/257 2423/2456/257 2421/2454/256
f 2424/2455/257 2426/2457/258 2425/2458/258 2423/2456/257
f 2426/2457/258 2428/2459/259 2427/2460/259 2425/2458/258
f 2428/2459/259 2430/2461/260 2429/2462/260 2427/2460/259
f 2430/2461/260 2432/2463/261 2431/2464/261 2429/2462/260
f 2432/2463/261 2434/2465/262 2433/2466/262 2431/2464/261
f 2434/2465/262 2436/2467/263 2435/2468/263 2433/2466/262
f 2436/2467/263 2438/2469/264 2437/2470/264 2435/2468/263
f 2438/2469/264 2440/2471/264 2439/2472/264 2437/2470/264
f 2440/2471/264 2442/2473/264 2441/2474/264 2439/2472/264
f 2442/2473/264 2444/2475/264 2443/2476/264 2441/2474/264
f 2444/2475/264 2446/2477/264 2445/2478/264 2443/2476/264
f 2446/2477/264 2448/2479/264 2447/2480/264 2445/2478/264
f 2448/2479/264 2450/2481/264 2449/2482/264 2447/2480/264
f 2450/2481/264 2452/2483/264 2451/2484/264 2449/2482/264
f 2452/2483/264 2454/2485/264 2453/2486/264 2451/2484/264
f 2454/2485/264 2456/2487/264 2455/2488/264 2453/2486/264
f 2456/2487/264 2458/2489/264 2457/2490/264 2455/2488/264
f 2458/2489/264 2460/2491/264 2459/2492/264 2457/2490/264
f 2460/2491/264 2462/2493/264 2461/2494/264 2459/2492/264
f 2462/2493/264 2464/2495/265 2463/2496/265 2461/2494/264
f 2464/2495/265 2466/2497/266 2465/2498/266 2463/2496/265
f 2466/2497/266 2468/2499/266 2467/2500/266 2465/2498/266
f 2468/2499/266 2470/2501/263 2469/2502/263 2467/2500/266
f 2470/2501/263 2472/2503/267 2471/2504/267 2469/2502/263
f 2472/2503/267 2474/2505/267 2473/2506/267 2471/2504/267
f 2474/2505/267 2476/2507/268 2475/2508/268 2473/2506/267
f 2476/2507/268 2478/2509/269 2477/2510/269 2475/2508/268
f 2478/2509/269 2480/2511/269 2479/2512/269 2477/2510/269
f 2480/2511/269 2482/2513/270 2481/2514/270 2479/2512/269
f 2482/2513/270 2484/2515/268 2483/2516/268 2481/2514/270
f 2484/2515/268 2486/2517/271 2485/2518/271 2483/2516/268
f 2486/2517/271 2488/2519/272 2487/2520/272 2485/2518/271
f 2488/2519/272 2490/2521/273 2489/2522/273 2487/2520/272
f 2490/2521/273 2492/2523/274 2491/2524/274 2489/2522/273
f 2492/2523/274 2494/2525/275 2493/2526/275 2491/2524/274
f 2494/2525/275 2496/2527/276 2495/2528/276 2493/2526/275
f 2496/2527/276 2498/2529/277 2497/2530/277 2495/2528/276
f 2498/2529/277 2500/2531/278 2499/2532/278 2497/2530/277
f 2500/2531/278 2502/2533/279 2501/2534/279 2499/2532/278
f 2502/2533/279 2504/2535/280 2503/2536/280 2501/2534/279
f 2504/2535/280 2506/2537/281 2505/2538/281 2503/2536/280
f 2506/2537/281 2508/2539/282 2507/2540/282 2505/2538/281
f 2508/2539/282 1902/2541/8 1901/2542/8 2507/2540/282
f 2510/2543/8 2512/2544/9 2511/2545/9 2509/2546/8
f 2512/2547/9 2514/2548/10 2513/2549/10 2511/2550/9
f 2514/2551/10 2516/2552/108 2515/2553/108 2513/2554/10
f 2516/2555/108 2518/2556/8 2517/2557/8 2515/2558/108
f 2518/2559/8 2520/2560/8 2519/2561/8 2517/2562/8
f 2520/2563/8 2522/2564/108 2521/2565/108 2519/2566/8
f 2522/2567/108 2524/2568/108 2523/2569/108 2521/2570/108
f 2524/2556/108 2526/2571/8 2525/2572/8 2523/2557/108
f 2526/2573/8 2528/2574/8 2527/2575/8 2525/2576/8
f 2528/2577/8 2530/2578/108 2529/2579/108 2527/2580/8
f 2530/2581/108 2532/2582/108 2531/2583/108 2529/2559/108
f 2532/1908/108 2510/2584/8 2509/2585/8 2531/1909/108
f 2534/2586/283 2536/2587/284 2535/2588/284 2533/2589/283
f 2536/2587/284 2538/2590/285 2537/2591/285 2535/2588/284
f 2538/2590/285 2540/2592/286 2539/2593/286 2537/2591/285
f 2540/2592/286 2542/2594/287 2541/2595/287 2539/2593/286
f 2542/2594/287 2544/2596/288 2543/2597/288 2541/2595/287
f 2544/2596/288 2546/2598/289 2545/2599/289 2543/2597/288
f 2546/2598/289 2548/2600/290 2547/2601/290 2545/2599/289
f 2548/2600/290 2550/2602/291 2549/2603/291 2547/2601/290
f 2550/2602/291 2552/2604/292 2551/2605/292 2549/2603/291
f 2552/2604/292 2554/2606/293 2553/2607/293 2551/2605/292
f 2554/2606/293 2556/2608/294 2555/2609/294 2553/2607/293
f 2556/2608/294 2558/2610/295 2557/2611/295 2555/2609/294
f 2558/2610/295 2560/2612/296 2559/2613/296 2557/2611/295
f 2560/2612/296 2562/2614/297 2561/2615/297 2559/2613/296
f 2562/2614/297 2564/2616/298 2563/2617/298 2561/2615/297
f 2564/2616/298 2566/2618/299 2565/2619/299 2563/2617/298
f 2566/2618/299 2568/2620/300 2567/2621/300 2565/2619/299
f 2568/2620/300 2570/2622/301 2569/2623/301 2567/2621/300
f 2570/2622/301 2572/2624/302 2571/2625/302 2569/2623/301
f 2572/2624/302 2574/2626/303 2573/2627/303 2571/2625/302
f 2574/2626/303 2576/2628/304 2575/2629/304 2573/2627/303
f 2576/2628/304 2578/2630/305 2577/2631/305 2575/2629/304
f 2578/2630/305 2580/2632/306 2579/2633/306 2577/2631/305
f 2580/2632/306 2582/2634/307 2581/2635/307 2579/2633/306
f 2582/2634/307 2584/2636/308 2583/2637/308 2581/2635/307
f 2584/2636/308 2586/2638/309 2585/2639/309 2583/2637/308
f 2586/2638/309 2588/2640/310 2587/2641/310 2585/2639/309
f 2588/2640/310 2590/2642/311 2589/2643/311 2587/2641/310
f 2590/2642/311 2592/2644/312 2591/2645/312 2589/2643/311
f 2592/2646/312 2594/2647/313 2593/2648/313 2591/2649/312
f 2594/2647/313 2596/2650/314 2595/2651/314 2593/2648/313
f 2596/2650/314 2598/2652/315 2597/2653/315 2595/2651/314
f 2598/2652/315 2600/2654/316 2599/2655/316 2597/2653/315
f 2600/2654/316 2602/2656/317 2601/2657/317 2599/2655/316
f 2602/2656/317 2604/2658/318 2603/2659/318 2601/2657/317
f 2604/2658/318 2606/2660/319 2605/2661/319 2603/2659/318
f 2606/2660/319 2608/2662/320 2607/2663/320 2605/2661/319
f 2608/2662/320 2610/2664/321 2609/2665/321 2607/2663/320
f 2610/2664/321 2612/2666/322 2611/2667/322 2609/2665/321
f 2612/2666/322 2614/2668/323 2613/2669/323 2611/2667/322
f 2614/2668/323 2616/2670/324 2615/2671/324 2613/2669/323
f 2616/2670/324 2618/2672/325 2617/2673/325 2615/2671/324
f 2618/2672/325 2620/2674/326 2619/2675/326 2617/2673/325
f 2620/2674/326 2622/2676/327 2621/2677/327 2619/2675/326
f 2622/2676/327 2624/2678/328 2623/2679/328 2621/2677/327
f 2624/2678/328 2626/2680/329 2625/2681/329 2623/2679/328
f 2626/2680/329 2628/2682/330 2627/2683/330 2625/2681/329
f 2628/2682/330 2630/2684/331 2629/2685/331 2627/2683/330
f 2630/2684/331 2632/2686/332 2631/2687/332 2629/2685/331
f 2632/2686/332 2634/2688/333 2633/2689/333 2631/2687/332
f 2634/2688/333 2636/2690/334 2635/2691/334 2633/2689/333
f 2636/2690/334 2638/2692/335 2637/2693/335 2635/2691/334
f 2638/2692/335 2640/2694/336 2639/2695/336 2637/2693/335
f 2640/2694/336 2642/2696/337 2641/2697/337 2639/2695/336
f 2642/2696/337 2644/2698/338 2643/2699/338 2641/2697/337
f 2644/2698/338 2646/2700/339 2645/2701/339 2643/2699/338
f 2646/2700/339 2648/2702/93 2647/2703/93 2645/2701/339
f 2648/2702/93 2650/2704/340 2649/2705/340 2647/2703/93
f 2650/2704/340 2652/2706/341 2651/2707/341 2649/2705/340
f 2652/2706/341 2654/2708/342 2653/2709/342 2651/2707/341
f 2654/2708/342 2656/2710/343 2655/2711/343 2653/2709/342
f 2656/2710/343 2658/2712/344 2657/2713/344 2655/2711/343
f 2658/2712/344 2660/2714/345 2659/2715/345 2657/2713/344
f 2660/2714/345 2662/2716/346 2661/2717/346 2659/2715/345
f 2662/2716/346 2664/2718/347 2663/2719/347 2661/2717/346
f 2664/2718/347 2666/2720/348 2665/2721/348 2663/2719/347
f 2666/2720/348 2668/2722/349 2667/2723/349 2665/2721/348
f 2668/2724/349 2670/2725/350 2669/2726/350 2667/2727/349
f 2670/2725/350 2672/2728/351 2671/2729/351 2669/2726/350
f 2672/2728/351 2674/2730/352 2673/2731/352 2671/2729/351
f 2674/2730/352 2676/2732/353 2675/2733/353 2673/2731/352
f 2676/2732/353 2678/2734/354 2677/2735/354 2675/2733/353
f 2678/2734/354 2680/2736/355 2679/2737/355 2677/2735/354
f 2680/2736/355 2682/2738/356 2681/2739/356 2679/2737/355
f 2682/2738/356 2684/2740/357 2683/2741/357 2681/2739/356
f 2684/2740/357 2686/2742/358 2685/2743/358 2683/2741/357
f 2686/2742/358 2688/2744/359 2687/2745/359 2685/2743/358
f 2688/2744/359 2690/2746/360 2689/2747/360 2687/2745/359
f 2690/2746/360 2692/2748/361 2691/2749/361 2689/2747/360
f 2692/2748/361 2694/2750/362 2693/2751/362 2691/2749/361
f 2694/2750/362 2696/2752/363 2695/2753/363 2693/2751/362
f 2696/2752/363 2698/2754/364 2697/2755/364 2695/2753/363
f 2698/2754/364 2700/2756/365 2699/2757/365 2697/2755/364
f 2700/2756/365 2702/2758/366 2701/2759/366 2699/2757/365
f 2702/2758/366 2704/2760/367 2703/2761/367 2701/2759/366
f 2704/2760/367 2706/2762/368 2705/2763/368 2703/2761/367
f 2706/2762/368 2708/2764/369 2707/2765/369 2705/2763/368
f 2708/2764/369 2710/2766/370 2709/2767/370 2707/2765/369
f 2710/2766/370 2712/2768/371 2711/2769/371 2709/2767/370
f 2712/2768/371 2714/2770/372 2713/2771/372 2711/2769/371
f 2714/2770/372 2716/2772/373 2715/2773/373 2713/2771/372
f 2716/2772/373 2718/2774/374 2717/2775/374 2715/2773/373
f 2718/2774/374 2720/2776/375 2719/2777/375 2717/2775/374
f 2720/2776/375 2722/2778/376 2721/2779/376 2719/2777/375
f 2722/2778/376 2724/2780/377 2723/2781/377 2721/2779/376
f 2724/2780/377 2726/2782/378 2725/2783/378 2723/2781/377
f 2726/2782/378 2728/2784/379 2727/2785/379 2725/2783/378
f 2728/2784/379 2730/2786/380 2729/2787/380 2727/2785/379
f 2730/2786/380 2732/2788/381 2731/2789/381 2729/2787/380
f 2732/2788/381 2734/2790/382 2733/2791/382 2731/2789/381
f 2734/2790/382 2736/2792/383 2735/2793/383 2733/2791/382
f 2736/2792/383 2738/2794/384 2737/2795/384 2735/2793/383
f 2738/2794/384 2740/2796/385 2739/2797/385 2737/2795/384
f 2740/2796/385 2742/2798/386 2741/2799/386 2739/2797/385
f 2742/2798/386 2744/2800/387 2743/2801/387 2741/2799/386
f 2744/2800/387 2746/2802/388 2745/2803/388 2743/2801/387
f 2746/2802/388 2748/2804/389 2747/2805/389 2745/2803/388
f 2748/2804/389 2750/2806/390 2749/2807/390 2747/2805/389
f 2750/2806/390 2752/2808/391 2751/2809/391 2749/2807/390
f 2752/2808/391 2754/2810/392 2753/2811/392 2751/2809/391
f 2754/2810/392 2756/2812/393 2755/2813/393 2753/2811/392
f 2756/2812/393 2758/2814/394 2757/2815/394 2755/2813/393
f 2758/2816/394 2760/2817/395 2759/2818/395 2757/2819/394
f 2760/2817/395 2762/2820/396 2761/2821/396 2759/2818/395
f 2762/2820/396 2764/2822/397 2763/2823/397 2761/2821/396
f 2764/2822/397 2766/2824/398 2765/2825/398 2763/2823/397
f 2766/2824/398 2768/2826/399 2767/2827/399 2765/2825/398
f 2768/2826/399 2770/2828/400 2769/2829/400 2767/2827/399
f 2770/2828/400 2772/2830/401 2771/2831/401 2769/2829/400
f 2772/2830/401 2774/2832/402 2773/2833/402 2771/2831/401
f 2774/2832/402 2776/2834/403 2775/2835/403 2773/2833/402
f 2776/2834/403 2778/2836/404 2777/2837/404 2775/2835/403
f 2778/2836/404 2780/2838/405 2779/2839/405 2777/2837/404
f 2780/2838/405 2782/2840/406 2781/2841/406 2779/2839/405
f 2782/2840/406 2784/2842/407 2783/2843/407 2781/2841/406
f 2784/2842/407 2786/2844/408 2785/2845/408 2783/2843/407
f 2786/2844/408 2788/2846/409 2787/2847/409 2785/2845/408
f 2788/2846/409 2790/2848/410 2789/2849/410 2787/2847/409
f 2790/2848/410 2792/2850/411 2791/2851/411 2789/2849/410
f 2792/2850/411 2794/2852/412 2793/2853/412 2791/2851/411
f 2794/2852/412 2796/2854/413 2795/2855/413 2793/2853/412
f 2796/2854/413 2798/2019/414 2797/2022/414 2795/2855/413
f 2798/2856/414 2800/2857/415 2799/2858/415 2797/2859/414
f 2800/2860/415 2802/2861/416 2801/2862/416 2799/2863/415
f 2802/2861/416 2804/2864/417 2803/2865/417 2801/2862/416
f 2804/2864/417 2806/2866/418 2805/2867/418 2803/2865/417
f 2806/2866/418 2808/2868/419 2807/2869/419 2805/2867/418
f 2808/2868/419 2810/2870/420 2809/2871/420 2807/2869/419
f 2810/2870/420 2812/2872/203 2811/2873/203 2809/2871/420
f 2812/2872/203 2814/2874/421 2813/2875/421 2811/2873/203
f 2814/2874/421 2816/2876/422 2815/2877/422 2813/2875/421
f 2816/2876/422 2818/2878/423 2817/2879/423 2815/2877/422
f 2818/2878/423 2820/2880/424 2819/2881/424 2817/2879/423
f 2820/2880/424 2822/2882/425 2821/2883/425 2819/2881/424
f 2822/2882/425 2824/2884/426 2823/2885/426 2821/2883/425
f 2824/2884/426 2826/2886/427 2825/2887/427 2823/2885/426
f 2826/2886/427 2828/2888/428 2827/2889/428 2825/2887/427
f 2828/2888/428 2830/2890/429 2829/2891/429 2827/2889/428
f 2830/2890/429 2832/2892/430 2831/2893/430 2829/2891/429
f 2832/2892/430 2834/2894/431 2833/2895/431 2831/2893/430
f 2834/2894/431 2836/2896/432 2835/2897/432 2833/2895/431
f 2836/2896/432 2838/2898/433 2837/2899/433 2835/2897/432
f 2838/2900/433 2840/2901/434 2839/2902/434 2837/2903/433
f 2840/2901/434 2842/2904/435 2841/2905/435 2839/2902/434
f 2842/2904/435 2844/2906/436 2843/2907/436 2841/2905/435
f 2844/2906/436 2846/2908/437 2845/2909/437 2843/2907/436
f 2846/2908/437 2848/2910/438 2847/2911/438 2845/2909/437
f 2848/2910/438 2850/2912/439 2849/2913/439 2847/2911/438
f 2850/2912/439 2852/2914/440 2851/2915/440 2849/2913/439
f 2852/2914/440 2854/2916/441 2853/2917/441 2851/2915/440
f 2854/2916/441 2856/2918/442 2855/2919/442 2853/2917/441
f 2856/2918/442 2858/2920/443 2857/2921/443 2855/2919/442
f 2858/2920/443 2860/2922/444 2859/2923/444 2857/2921/443
f 2860/2922/444 2862/2924/445 2861/2925/445 2859/2923/444
f 2862/2924/445 2864/2926/446 2863/2927/446 2861/2925/445
f 2864/2926/446 2866/2928/447 2865/2929/447 2863/2927/446
f 2866/2928/447 2868/2930/448 2867/2931/448 2865/2929/447
f 2868/2930/448 2870/2932/449 2869/2933/449 2867/2931/448
f 2870/2932/449 2872/2934/450 2871/2935/450 2869/2933/449
f 2872/2934/450 2874/2936/451 2873/2937/451 2871/2935/450
f 2874/2936/451 2876/2938/452 2875/2939/452 2873/2937/451
f 2876/2938/452 2878/2940/453 2877/2941/453 2875/2939/452
f 2878/2940/453 2880/2942/454 2879/2943/454 2877/2941/453
f 2880/2942/454 2882/2944/455 2881/2945/455 2879/2943/454
f 2882/2944/455 2884/2946/456 2883/2947/456 2881/2945/455
f 2884/2946/456 2886/2948/457 2885/2949/457 2883/2947/456
f 2886/2948/457 2888/2950/458 2887/2951/458 2885/2949/457
f 2888/2950/458 2890/2952/459 2889/2953/459 2887/2951/458
f 2890/2952/459 2892/2954/460 2891/2955/460 2889/2953/459
f 2892/2954/460 2894/2956/461 2893/2957/461 2891/2955/460
f 2894/2956/461 2896/2958/462 2895/2959/462 2893/2957/461
f 2896/2958/462 2898/2960/463 2897/2961/463 2895/2959/462
f 2898/2960/463 2900/2962/464 2899/2963/464 2897/2961/463
f 2900/2962/464 2902/2964/465 2901/2965/465 2899/2963/464
f 2902/2964/465 2904/2966/466 2903/2967/466 2901/2965/465
f 2904/2966/466 2906/2968/467 2905/2969/467 2903/2967/466
f 2906/2968/467 2908/2970/468 2907/2971/468 2905/2969/467
f 2908/2970/468 2910/2972/469 2909/2973/469 2907/2971/468
f 2910/2972/469 2912/2974/470 2911/2975/470 2909/2973/469
f 2912/2974/470 2914/2976/471 2913/2977/471 2911/2975/470
f 2914/2976/471 2916/2978/472 2915/2979/472 2913/2977/471
f 2916/2978/472 2918/2980/473 2917/2981/473 2915/2979/472
f 2918/2980/473 2920/2982/474 2919/2983/474 2917/2981/473
f 2920/2982/474 2922/2984/475 2921/2985/475 2919/2983/474
f 2922/2984/475 2924/2986/476 2923/2987/476 2921/2985/475
f 2924/2986/476 2926/2988/477 2925/2989/477 2923/2987/476
f 2926/2988/477 2928/2990/478 2927/2991/478 2925/2989/477
f 2928/2992/478 2930/2993/479 2929/2994/479 2927/2995/478
f 2930/2993/479 2932/2996/480 2931/2997/480 2929/2994/479
f 2932/2996/480 2934/2998/481 2933/2999/481 2931/2997/480
f 2934/2998/481 2936/3000/482 2935/3001/482 2933/2999/481
f 2936/3000/482 2938/3002/483 2937/3003/483 2935/3001/482
f 2938/3002/483 2940/3004/484 2939/3005/484 2937/3003/483
f 2940/3004/484 2942/3006/485 2941/3007/485 2939/3005/484
f 2942/3006/485 2944/3008/486 2943/3009/486 2941/3007/485
f 2944/3008/486 2946/3010/487 2945/3011/487 2943/3009/486
f 2946/3010/487 2948/3012/488 2947/3013/488 2945/3011/487
f 2948/3012/488 2950/3014/489 2949/3015/489 2947/3013/488
f 2950/3014/489 2952/3016/490 2951/3017/490 2949/3015/489
f 2952/3016/490 2954/3018/491 2953/3019/491 2951/3017/490
f 2954/3018/491 2956/3020/492 2955/3021/492 2953/3019/491
f 2956/3020/492 2958/3022/493 2957/3023/493 2955/3021/492
f 2958/3022/493 2960/3024/494 2959/3025/494 2957/3023/493
f 2960/3024/494 2962/3026/495 2961/3027/495 2959/3025/494
f 2962/3026/495 2964/3028/496 2963/3029/496 2961/3027/495
f 2964/3028/496 2966/3030/497 2965/3031/497 2963/3029/496
f 2966/3030/497 2968/3032/498 2967/3033/498 2965/3031/497
f 2968/3032/498 2970/3034/499 2969/3035/499 2967/3033/498
f 2970/3034/499 2972/3036/500 2971/3037/500 2969/3035/499
f 2972/3036/500 2974/3038/501 2973/3039/501 2971/3037/500
f 2974/3038/501 2976/3040/502 2975/3041/502 2973/3039/501
f 2976/3040/502 2978/3042/503 2977/3043/503 2975/3041/502
f 2978/3042/503 2980/3044/504 2979/3045/504 2977/3043/503
f 2980/3044/504 2982/3046/505 2981/3047/505 2979/3045/504
f 2982/3046/505 2984/3048/506 2983/3049/506 2981/3047/505
f 2984/3048/506 2986/3050/507 2985/3051/507 2983/3049/506
f 2986/3050/507 2988/3052/508 2987/3053/508 2985/3051/507
f 2988/3052/508 2990/3054/509 2989/3055/509 2987/3053/508
f 2990/3054/509 2992/3056/510 2991/3057/510 2989/3055/509
f 2992/3056/510 2994/3058/511 2993/3059/511 2991/3057/510
f 2994/3058/511 2996/3060/512 2995/3061/512 2993/3059/511
f 2996/3060/512 2998/3062/513 2997/3063/513 2995/3061/512
f 2998/3062/513 3000/3064/514 2999/3065/514 2997/3063/513
f 3000/3064/514 3002/3066/515 3001/3067/515 2999/3065/514
f 3002/3066/515 3004/3068/516 3003/3069/516 3001/3067/515
f 3004/3068/516 3006/3070/517 3005/3071/517 3003/3069/516
f 3006/3070/517 3008/3072/518 3007/3073/518 3005/3071/517
f 3008/2560/518 3010/3074/519 3009/3075/519 3007/2561/518
f 3010/3074/519 3012/3076/520 3011/3077/520 3009/3075/519
f 3012/3076/520 3014/3078/521 3013/3079/521 3011/3077/520
f 3014/3078/521 3016/3080/522 3015/3081/522 3013/3079/521
f 3016/3080/522 3018/3082/523 3017/3083/523 3015/3081/522
f 3018/3082/523 3020/3084/524 3019/3085/524 3017/3083/523
f 3020/3084/524 3022/3086/525 3021/3087/525 3019/3085/524
f 3022/3086/525 3024/3088/526 3023/3089/526 3021/3087/525
f 3024/3088/526 3026/3090/527 3025/3091/527 3023/3089/526
f 3026/3090/527 3028/3092/528 3027/3093/528 3025/3091/527
f 3028/3092/528 3030/3094/529 3029/3095/529 3027/3093/528
f 3030/3094/529 3032/3096/530 3031/3097/530 3029/3095/529
f 3032/3096/530 3034/3098/531 3033/3099/531 3031/3097/530
f 3034/3098/531 3036/3100/532 3035/3101/532 3033/3099/531
f 3036/3100/532 3038/3102/533 3037/3103/533 3035/3101/532
f 3038/3102/533 3040/3104/534 3039/3105/534 3037/3103/533
f 3040/3104/534 3042/3106/535 3041/3107/535 3039/3105/534
f 3042/3106/535 3044/3108/536 3043/3109/536 3041/3107/535
f 3044/3108/536 3046/3110/537 3045/3111/537 3043/3109/536
f 3046/3110/537 3048/3112/538 3047/3113/538 3045/3111/537
f 3048/3112/538 3050/3114/539 3049/3115/539 3047/3113/538
f 3050/3114/539 3052/3116/540 3051/3117/540 3049/3115/539
f 3052/3116/540 3054/3118/541 3053/3119/541 3051/3117/540
f 3054/3118/541 3056/3120/542 3055/3121/542 3053/3119/541
f 3056/3120/542 3058/3122/543 3057/3123/543 3055/3121/542
f 3058/3122/543 3060/3124/544 3059/3125/544 3057/3123/543
f 3060/3124/544 3062/3126/545 3061/3127/545 3059/3125/544
f 3062/3126/545 3064/3128/546 3063/3129/546 3061/3127/545
f 3064/3128/546 3066/3130/547 3065/3131/547 3063/3129/546
f 3066/3130/547 3068/3132/548 3067/3133/548 3065/3131/547
f 3068/3132/548 3070/3134/549 3069/3135/549 3067/3133/548
f 3070/3134/549 3072/3136/550 3071/3137/550 3069/3135/549
f 3072/3136/550 3074/3138/551 3073/3139/551 3071/3137/550
f 3074/3138/551 3076/3140/552 3075/3141/552 3073/3139/551
f 3076/3140/552 3078/3142/553 3077/3143/553 3075/3141/552
f 3078/3142/553 3080/3144/554 3079/3145/554 3077/3143/553
f 3080/3144/554 3082/3146/555 3081/3147/555 3079/3145/554
f 3082/3146/555 3084/3148/556 3083/3149/556 3081/3147/555
f 3084/3148/556 3086/3150/557 3085/3151/557 3083/3149/556
f 3086/3150/557 3088/3152/558 3087/3153/558 3085/3151/557
f 3088/3152/558 3090/3154/559 3089/3155/559 3087/3153/558
f 3090/3154/559 3092/3156/560 3091/3157/560 3089/3155/559
f 3092/3156/560 3094/3158/561 3093/3159/561 3091/3157/560
f 3094/3158/561 3096/3160/562 3095/3161/562 3093/3159/561
f 3096/3160/562 3098/3162/563 3097/3163/563 3095/3161/562
f 3098/3164/563 3100/3165/564 3099/3166/564 3097/3167/563
f 3100/3165/564 3102/3168/565 3101/3169/565 3099/3166/564
f 3102/3168/565 3104/3170/566 3103/3171/566 3101/3169/565
f 3104/3170/566 3106/3172/567 3105/3173/567 3103/3171/566
f 3106/3172/567 3108/3174/568 3107/3175/568 3105/3173/567
f 3108/3174/568 3110/3176/569 3109/3177/569 3107/3175/568
f 3110/3176/569 3112/3178/570 3111/3179/570 3109/3177/569
f 3112/3178/570 3114/3180/571 3113/3181/571 3111/3179/570
f 3114/3180/571 3116/3182/572 3115/3183/572 3113/3181/571
f 3116/3182/572 3118/3184/573 3117/3185/573 3115/3183/572
f 3118/3184/573 3120/3186/574 3119/3187/574 3117/3185/573
f 3120/3186/574 3122/3188/575 3121/3189/575 3119/3187/574
f 3122/3188/575 3124/3190/576 3123/3191/576 3121/3189/575
f 3124/3190/576 3126/3192/577 3125/3193/577 3123/3191/576
f 3126/3192/577 3128/3194/578 3127/3195/578 3125/3193/577
f 3128/3194/578 3130/3196/579 3129/3197/579 3127/3195/578
f 3130/3196/579 3132/3198/580 3131/3199/580 3129/3197/579
f 3132/3198/580 3134/3200/581 3133/3201/581 3131/3199/580
f 3134/3200/581 3136/3202/582 3135/3203/582 3133/3201/581
f 3136/3204/582 3138/3205/583 3137/3206/583 3135/3207/582
f 3138/3208/583 3140/3209/584 3139/3210/584 3137/3211/583
f 3140/3209/584 3142/3212/585 3141/3213/585 3139/3210/584
f 3142/3212/585 3144/3214/586 3143/3215/586 3141/3213/585
f 3144/3214/586 3146/3216/587 3145/3217/587 3143/3215/586
f 3146/3216/587 3148/3218/588 3147/3219/588 3145/3217/587
f 3148/3218/588 3150/3220/589 3149/3221/589 3147/3219/588
f 3150/3220/589 3152/3222/590 3151/3223/590 3149/3221/589
f 3152/3222/590 3154/3224/591 3153/3225/591 3151/3223/590
f 3154/3224/591 3156/3226/592 3155/3227/592 3153/3225/591
f 3156/3226/592 3158/3228/593 3157/3229/593 3155/3227/592
f 3158/3228/593 3160/3230/594 3159/3231/594 3157/3229/593
f 3160/3230/594 3162/3232/595 3161/3233/595 3159/3231/594
f 3162/3232/595 3164/3234/596 3163/3235/596 3161/3233/595
f 3164/3234/596 3166/3236/597 3165/3237/597 3163/3235/596
f 3166/3236/597 3168/3238/598 3167/3239/598 3165/3237/597
f 3168/3238/598 3170/3240/599 3169/3241/599 3167/3239/598
f 3170/3240/599 3172/3242/600 3171/3243/600 3169/3241/599
f 3172/3242/600 3174/3244/601 3173/3245/601 3171/3243/600
f 3174/3244/601 3176/3246/602 3175/3247/602 3173/3245/601
f 3176/3246/602 3178/3248/603 3177/3249/603 3175/3247/602
f 3178/3250/603 3180/3251/604 3179/3252/604 3177/3253/603
f 3180/3251/604 3182/3254/605 3181/3255/605 3179/3252/604
f 3182/3254/605 3184/3256/606 3183/3257/606 3181/3255/605
f 3184/3256/606 3186/3258/607 3185/3259/607 3183/3257/606
f 3186/3258/607 3188/3260/608 3187/3261/608 3185/3259/607
f 3188/3260/608 3190/3262/609 3189/3263/609 3187/3261/608
f 3190/3262/609 3192/3264/610 3191/3265/610 3189/3263/609
f 3192/3264/610 3194/3266/611 3193/3267/611 3191/3265/610
f 3194/3266/611 3196/3268/612 3195/3269/612 3193/3267/611
f 3196/3268/612 3198/3270/613 3197/3271/613 3195/3269/612
f 3198/3270/613 3200/3272/614 3199/3273/614 3197/3271/613
f 3200/3272/614 3202/3274/615 3201/3275/615 3199/3273/614
f 3202/3274/615 3204/3276/616 3203/3277/616 3201/3275/615
f 3204/3276/616 3206/3278/617 3205/3279/617 3203/3277/616
f 3206/3278/617 3208/3280/618 3207/3281/618 3205/3279/617
f 3208/3280/618 2534/2586/283 2533/2589/283 3207/3281/618
f 3210/3282/9 3212/3283/9 3211/3284/9 3209/3285/9
f 3212/3286/9 3214/3287/10 3213/3288/10 3211/3289/9
f 3214/3290/10 3216/3291/108 3215/3292/108 3213/3293/10
f 3216/2571/108 3218/3294/8 3217/3295/8 3215/2572/108
f 3218/3296/8 3220/3204/8 3219/3207/8 3217/3297/8
f 3220/3298/8 3222/3299/8 3221/3300/8 3219/3301/8
f 3222/3302/8 3224/2131/9 3223/2132/9 3221/3303/8
f 3224/3304/9 3210/3305/9 3209/3306/9 3223/3307/9
f 3226/3308/619 3228/3309/620 3227/3310/620 3225/3311/619
f 3228/3309/620 3230/3312/621 3229/3313/621 3227/3310/620
f 3230/3312/621 3232/3314/622 3231/3315/622 3229/3313/621
f 3232/3314/622 3234/3316/623 3233/3317/623 3231/3315/622
f 3234/3316/623 3236/3318/624 3235/3319/624 3233/3317/623
f 3236/3318/624 3238/3320/625 3237/3321/625 3235/3319/624
f 3238/3320/625 3240/3322/626 3239/3323/626 3237/3321/625
f 3240/3322/626 3242/3324/627 3241/3325/627 3239/3323/626
f 3242/3324/627 3244/3326/628 3243/3327/628 3241/3325/627
f 3244/3326/628 3246/3328/629 3245/3329/629 3243/3327/628
f 3246/3328/629 3248/3330/630 3247/3331/630 3245/3329/629
f 3248/3330/630 3250/3332/631 3249/3333/631 3247/3331/630
f 3250/3332/631 3252/3334/296 3251/3335/296 3249/3333/631
f 3252/3334/296 3254/3336/297 3253/3337/297 3251/3335/296
f 3254/3336/297 3256/3338/298 3255/3339/298 3253/3337/297
f 3256/3338/298 3258/3340/299 3257/3341/299 3255/3339/298
f 3258/3340/299 3260/3342/300 3259/3343/300 3257/3341/299
f 3260/3342/300 3262/3344/301 3261/3345/301 3259/3343/300
f 3262/3344/301 3264/3346/302 3263/3347/302 3261/3345/301
f 3264/3346/302 3266/3348/303 3265/3349/303 3263/3347/302
f 3266/3348/303 3268/3350/304 3267/3351/304 3265/3349/303
f 3268/3350/304 3270/3352/305 3269/3353/305 3267/3351/304
f 3270/3352/305 3272/3354/306 3271/3355/306 3269/3353/305
f 3272/3354/306 3274/3356/307 3273/3357/307 3271/3355/306
f 3274/3356/307 3276/3358/308 3275/3359/308 3273/3357/307
f 3276/3358/308 3278/3360/309 3277/3361/309 3275/3359/308
f 3278/3360/309 3280/3362/310 3279/3363/310 3277/3361/309
f 3280/3362/310 3282/3364/311 3281/3365/311 3279/3363/310
f 3282/3364/311 3284/3366/312 3283/3367/312 3281/3365/311
f 3284/3368/312 3286/3369/313 3285/3370/313 3283/3371/312
f 3286/3369/313 3288/3372/314 3287/3373/314 3285/3370/313
f 3288/3372/314 3290/3374/315 3289/3375/315 3287/3373/314
f 3290/3374/315 3292/3376/316 3291/3377/316 3289/3375/315
f 3292/3376/316 3294/3378/317 3293/3379/317 3291/3377/316
f 3294/3378/317 3296/3380/318 3295/3381/318 3293/3379/317
f 3296/3380/318 3298/3382/319 3297/3383/319 3295/3381/318
f 3298/3382/319 3300/3384/320 3299/3385/320 3297/3383/319
f 3300/3384/320 3302/3386/321 3301/3387/321 3299/3385/320
f 3302/3386/321 3304/3388/322 3303/3389/322 3301/3387/321
f 3304/3388/322 3306/3390/323 3305/3391/323 3303/3389/322
f 3306/3390/323 3308/3392/324 3307/3393/324 3305/3391/323
f 3308/3392/324 3310/3394/325 3309/3395/325 3307/3393/324
f 3310/3394/325 3312/3396/326 3311/3397/326 3309/3395/325
f 3312/3396/326 3314/3398/327 3313/3399/327 3311/3397/326
f 3314/3398/327 3316/3400/328 3315/3401/328 3313/3399/327
f 3316/3400/328 3318/3402/329 3317/3403/329 3315/3401/328
f 3318/3402/329 3320/3404/330 3319/3405/330 3317/3403/329
f 3320/3404/330 3322/3406/331 3321/3407/331 3319/3405/330
f 3322/3406/331 3324/3408/332 3323/3409/332 3321/3407/331
f 3324/3408/332 3326/3410/333 3325/3411/333 3323/3409/332
f 3326/3410/333 3328/3412/334 3327/3413/334 3325/3411/333
f 3328/3412/334 3330/3414/335 3329/3415/335 3327/3413/334
f 3330/3414/335 3332/3416/336 3331/3417/336 3329/3415/335
f 3332/3416/336 3334/3418/337 3333/3419/337 3331/3417/336
f 3334/3418/337 3336/3420/338 3335/3421/338 3333/3419/337
f 3336/3420/338 3338/3422/339 3337/3423/339 3335/3421/338
f 3338/3422/339 3340/3424/93 3339/3425/93 3337/3423/339
f 3340/3424/93 3342/3426/340 3341/3427/340 3339/3425/93
f 3342/3426/340 3344/3428/341 3343/3429/341 3341/3427/340
f 3344/3428/341 3346/3430/342 3345/3431/342 3343/3429/341
f 3346/3430/342 3348/3432/343 3347/3433/343 3345/3431/342
f 3348/3432/343 3350/3434/344 3349/3435/344 3347/3433/343
f 3350/3434/344 3352/3436/345 3351/3437/345 3349/3435/344
f 3352/3436/345 3354/3438/346 3353/3439/346 3351/3437/345
f 3354/3438/346 3356/3440/632 3355/3441/632 3353/3439/346
f 3356/3440/632 3358/3442/348 3357/3443/348 3355/3441/632
f 3358/3442/348 3360/3444/349 3359/3445/349 3357/3443/348
f 3360/3446/349 3362/3447/350 3361/3448/350 3359/3449/349
f 3362/3447/350 3364/3450/351 3363/3451/351 3361/3448/350
f 3364/3450/351 3366/3452/352 3365/3453/352 3363/3451/351
f 3366/3452/352 3368/3454/353 3367/3455/353 3365/3453/352
f 3368/3454/353 3370/3456/354 3369/3457/354 3367/3455/353
f 3370/3456/354 3372/3458/355 3371/3459/355 3369/3457/354
f 3372/3458/355 3374/3460/356 3373/3461/356 3371/3459/355
f 3374/3460/356 3376/3462/357 3375/3463/357 3373/3461/356
f 3376/3462/357 3378/3464/358 3377/3465/358 3375/3463/357
f 3378/3464/358 3380/3466/359 3379/3467/359 3377/3465/358
f 3380/3466/359 3382/3468/360 3381/3469/360 3379/3467/359
f 3382/3468/360 3384/3470/361 3383/3471/361 3381/3469/360
f 3384/3470/361 3386/3472/362 3385/3473/362 3383/3471/361
f 3386/3472/362 3388/3474/363 3387/3475/363 3385/3473/362
f 3388/3474/363 3390/3476/364 3389/3477/364 3387/3475/363
f 3390/3476/364 3392/3478/365 3391/3479/365 3389/3477/364
f 3392/3478/365 3394/3480/633 3393/3481/633 3391/3479/365
f 3394/3480/633 3396/3482/634 3395/3483/634 3393/3481/633
f 3396/3482/634 3398/3484/635 3397/3485/635 3395/3483/634
f 3398/3484/635 3400/3486/636 3399/3487/636 3397/3485/635
f 3400/3486/636 3402/3488/637 3401/3489/637 3399/3487/636
f 3402/3488/637 3404/3490/638 3403/3491/638 3401/3489/637
f 3404/3490/638 3406/3492/639 3405/3493/639 3403/3491/638
f 3406/3492/639 3408/3494/640 3407/3495/640 3405/3493/639
f 3408/3494/640 3410/3496/641 3409/3497/641 3407/3495/640
f 3410/3496/641 3412/3498/642 3411/3499/642 3409/3497/641
f 3412/3498/642 3414/3500/643 3413/3501/643 3411/3499/642
f 3414/3500/643 3416/3502/644 3415/3503/644 3413/3501/643
f 3416/3502/644 3418/3504/645 3417/3505/645 3415/3503/644
f 3418/3504/645 3420/3506/646 3419/3507/646 3417/3505/645
f 3420/3506/646 3422/3508/647 3421/3509/647 3419/3507/646
f 3422/3508/647 3424/3510/648 3423/3511/648 3421/3509/647
f 3424/3510/648 3426/3512/649 3425/3513/649 3423/3511/648
f 3426/3512/649 3428/3514/650 3427/3515/650 3425/3513/649
f 3428/3291/650 3430/3516/651 3429/3517/651 3427/3292/650
f 3430/3516/651 3432/3518/652 3431/3519/652 3429/3517/651
f 3432/3518/652 3434/3520/653 3433/3521/653 3431/3519/652
f 3434/3520/653 3436/3522/654 3435/3523/654 3433/3521/653
f 3436/3522/654 3438/3524/655 3437/3525/655 3435/3523/654
f 3438/3524/655 3440/3526/656 3439/3527/656 3437/3525/655
f 3440/3526/656 3442/3528/657 3441/3529/657 3439/3527/656
f 3442/3528/657 3444/3530/658 3443/3531/658 3441/3529/657
f 3444/3530/658 3446/3532/659 3445/3533/659 3443/3531/658
f 3446/3532/659 3448/3534/660 3447/3535/660 3445/3533/659
f 3448/3534/660 3450/3536/661 3449/3537/661 3447/3535/660
f 3450/3536/661 3452/3538/662 3451/3539/662 3449/3537/661
f 3452/3538/662 3454/3540/663 3453/3541/663 3451/3539/662
f 3454/3540/663 3456/3542/664 3455/3543/664 3453/3541/663
f 3456/3542/664 3458/3544/665 3457/3545/665 3455/3543/664
f 3458/3544/665 3460/3546/666 3459/3547/666 3457/3545/665
f 3460/3546/666 3462/3548/667 3461/3549/667 3459/3547/666
f 3462/3548/667 3464/3550/668 3463/3551/668 3461/3549/667
f 3464/3550/668 3466/3552/669 3465/3553/669 3463/3551/668
f 3466/3552/669 3468/3554/670 3467/3555/670 3465/3553/669
f 3468/3554/670 3470/3556/671 3469/3557/671 3467/3555/670
f 3470/3556/671 3472/3558/672 3471/3559/672 3469/3557/671
f 3472/3558/672 3474/3560/673 3473/3561/673 3471/3559/672
f 3474/3560/673 3476/3562/674 3475/3563/674 3473/3561/673
f 3476/3562/674 3478/3564/675 3477/3565/675 3475/3563/674
f 3478/3564/675 3480/3566/676 3479/3567/676 3477/3565/675
f 3480/3566/676 3482/3568/677 3481/3569/677 3479/3567/676
f 3482/3568/677 3484/3570/678 3483/3571/678 3481/3569/677
f 3484/3570/678 3486/3572/679 3485/3573/679 3483/3571/678
f 3486/3572/679 3488/3574/680 3487/3575/680 3485/3573/679
f 3488/3574/680 3490/3576/681 3489/3577/681 3487/3575/680
f 3490/3576/681 3492/3578/682 3491/3579/682 3489/3577/681
f 3492/3578/682 3494/3580/683 3493/3581/683 3491/3579/682
f 3494/3580/683 3496/3582/684 3495/3583/684 3493/3581/683
f 3496/3582/684 3498/3584/685 3497/3585/685 3495/3583/684
f 3498/3584/685 3500/3586/686 3499/3587/686 3497/3585/685
f 3500/3586/686 3502/3588/687 3501/3589/687 3499/3587/686
f 3502/3588/687 3504/3590/688 3503/3591/688 3501/3589/687
f 3504/3592/688 3506/3593/689 3505/3594/689 3503/3595/688
f 3506/3593/689 3508/3596/690 3507/3597/690 3505/3594/689
f 3508/3596/690 3510/3598/691 3509/3599/691 3507/3597/690
f 3510/3598/691 3512/3600/692 3511/3601/692 3509/3599/691
f 3512/3600/692 3226/3308/619 3225/3311/619 3511/3601/692
f 3514/3602/693 3516/3603/694 3515/3604/694 3513/3605/693
f 3516/3603/694 3518/3606/695 3517/3607/695 3515/3604/694
f 3518/3606/695 3520/3608/696 3519/3609/696 3517/3607/695
f 3520/3608/696 3522/3610/697 3521/3611/697 3519/3609/696
f 3522/3610/697 3524/3612/698 3523/3613/698 3521/3611/697
f 3524/3612/698 3526/3614/699 3525/3615/699 3523/3613/698
f 3526/3614/699 3528/3616/700 3527/3617/700 3525/3615/699
f 3528/3616/700 3530/3618/701 3529/3619/701 3527/3617/700
f 3530/3618/701 3532/3620/702 3531/3621/702 3529/3619/701
f 3532/3620/702 3534/3622/703 3533/3623/703 3531/3621/702
f 3534/3622/703 3536/3624/704 3535/3625/704 3533/3623/703
f 3536/3624/704 3538/3626/705 3537/3627/705 3535/3625/704
f 3538/3626/705 3540/3628/706 3539/3629/706 3537/3627/705
f 3540/3628/706 3542/3630/707 3541/3631/707 3539/3629/706
f 3542/3630/707 3544/3632/708 3543/3633/708 3541/3631/707
f 3544/3632/708 3546/3634/709 3545/3635/709 3543/3633/708
f 3546/3634/709 3548/3636/710 3547/3637/710 3545/3635/709
f 3548/3636/710 3550/3638/711 3549/3639/711 3547/3637/710
f 3550/3638/711 3552/3640/712 3551/3641/712 3549/3639/711
f 3552/3640/712 3554/3642/713 3553/3643/713 3551/3641/712
f 3554/3642/713 3556/3644/714 3555/3645/714 3553/3643/713
f 3556/3644/714 3558/3646/715 3557/3647/715 3555/3645/714
f 3558/3646/715 3560/3648/716 3559/3649/716 3557/3647/715
f 3560/3648/716 3562/3650/717 3561/3651/717 3559/3649/716
f 3562/3650/717 3564/3652/718 3563/3653/718 3561/3651/717
f 3564/3652/718 3566/3654/719 3565/3655/719 3563/3653/718
f 3566/3654/719 3568/3656/720 3567/3657/720 3565/3655/719
f 3568/3656/720 3570/3658/721 3569/3659/721 3567/3657/720
f 3570/3658/721 3572/2860/722 3571/2863/722 3569/3659/721
f 3572/3302/722 3574/3660/723 3573/3661/723 3571/3662/722
f 3574/3660/723 3576/3663/724 3575/3664/724 3573/3661/723
f 3576/3663/724 3578/3665/725 3577/3666/725 3575/3664/724
f 3578/3665/725 3580/3667/726 3579/3668/726 3577/3666/725
f 3580/3667/726 3582/3669/727 3581/3670/727 3579/3668/726
f 3582/3669/727 3584/3671/728 3583/3672/728 3581/3670/727
f 3584/3671/728 3586/3673/729 3585/3674/729 3583/3672/728
f 3586/3673/729 3588/3675/730 3587/3676/730 3585/3674/729
f 3588/3675/730 3590/3677/731 3589/3678/731 3587/3676/730
f 3590/3677/731 3592/3679/732 3591/3680/732 3589/3678/731
f 3592/3679/732 3594/3681/733 3593/3682/733 3591/3680/732
f 3594/3681/733 3596/3683/734 3595/3684/734 3593/3682/733
f 3596/3683/734 3598/3685/735 3597/3686/735 3595/3684/734
f 3598/3685/735 3600/3687/736 3599/3688/736 3597/3686/735
f 3600/3687/736 3602/3689/737 3601/3690/737 3599/3688/736
f 3602/3689/737 3604/3691/738 3603/3692/738 3601/3690/737
f 3604/3691/738 3606/3693/739 3605/3694/739 3603/3692/738
f 3606/3693/739 3608/3695/740 3607/3696/740 3605/3694/739
f 3608/3695/740 3610/3697/741 3609/3698/741 3607/3696/740
f 3610/3697/741 3612/3699/742 3611/3700/742 3609/3698/741
f 3612/3699/742 3614/3701/743 3613/3702/743 3611/3700/742
f 3614/3701/743 3616/3703/744 3615/3704/744 3613/3702/743
f 3616/3703/744 3618/3705/745 3617/3706/745 3615/3704/744
f 3618/3705/745 3620/3707/746 3619/3708/746 3617/3706/745
f 3620/3707/746 3622/3709/747 3621/3710/747 3619/3708/746
f 3622/3709/747 3624/3711/748 3623/3712/748 3621/3710/747
f 3624/3711/748 3626/3713/749 3625/3714/749 3623/3712/748
f 3626/3713/749 3628/3715/750 3627/3716/750 3625/3714/749
f 3628/3715/750 3630/3717/751 3629/3718/751 3627/3716/750
f 3630/3717/751 3632/3719/752 3631/3720/752 3629/3718/751
f 3632/3719/752 3634/3721/753 3633/3722/753 3631/3720/752
f 3634/3721/753 3636/3723/754 3635/3724/754 3633/3722/753
f 3636/3723/754 3638/3725/755 3637/3726/755 3635/3724/754
f 3638/3725/755 3640/3727/756 3639/3728/756 3637/3726/755
f 3640/3727/756 3642/3729/757 3641/3730/757 3639/3728/756
f 3642/3729/757 3644/3731/758 3643/3732/758 3641/3730/757
f 3644/3731/758 3646/3733/759 3645/3734/759 3643/3732/758
f 3646/3733/759 3648/3735/760 3647/3736/760 3645/3734/759
f 3648/3735/760 3650/3737/761 3649/3738/761 3647/3736/760
f 3650/3739/761 3652/3740/762 3651/3741/762 3649/3742/761
f 3652/3740/762 3654/3743/763 3653/3744/763 3651/3741/762
f 3654/3743/763 3656/3745/764 3655/3746/764 3653/3744/763
f 3656/3745/764 3658/3747/765 3657/3748/765 3655/3746/764
f 3658/3747/765 3660/3749/766 3659/3750/766 3657/3748/765
f 3660/3749/766 3662/3751/767 3661/3752/767 3659/3750/766
f 3662/3751/767 3664/3753/768 3663/3754/768 3661/3752/767
f 3664/3753/768 3666/3755/769 3665/3756/769 3663/3754/768
f 3666/3755/769 3668/3757/770 3667/3758/770 3665/3756/769
f 3668/3757/770 3670/3759/771 3669/3760/771 3667/3758/770
f 3670/3759/771 3672/3761/772 3671/3762/772 3669/3760/771
f 3672/3761/772 3674/3763/773 3673/3764/773 3671/3762/772
f 3674/3763/773 3676/3765/774 3675/3766/774 3673/3764/773
f 3676/3765/774 3678/3767/775 3677/3768/775 3675/3766/774
f 3678/3767/775 3680/3769/776 3679/3770/776 3677/3768/775
f 3680/3769/776 3682/3771/631 3681/3772/631 3679/3770/776
f 3682/3771/631 3684/3773/777 3683/3774/777 3681/3772/631
f 3684/3773/777 3686/3775/778 3685/3776/778 3683/3774/777
f 3686/3775/778 3688/3777/779 3687/3778/779 3685/3776/778
f 3688/3777/779 3690/3779/780 3689/3780/780 3687/3778/779
f 3690/3779/780 3692/3781/781 3691/3782/781 3689/3780/780
f 3692/3781/781 3694/3783/782 3693/3784/782 3691/3782/781
f 3694/3783/782 3696/3785/783 3695/3786/783 3693/3784/782
f 3696/3785/783 3698/3787/784 3697/3788/784 3695/3786/783
f 3698/3787/784 3700/3789/785 3699/3790/785 3697/3788/784
f 3700/3789/785 3702/3791/786 3701/3792/786 3699/3790/785
f 3702/3791/786 3704/3793/787 3703/3794/787 3701/3792/786
f 3704/3793/787 3706/3795/788 3705/3796/788 3703/3794/787
f 3706/3795/788 3708/3797/789 3707/3798/789 3705/3796/788
f 3708/3797/789 3710/3799/790 3709/3800/790 3707/3798/789
f 3710/3799/790 3712/3801/791 3711/3802/791 3709/3800/790
f 3712/3801/791 3714/2337/792 3713/2340/792 3711/3802/791
f 3714/3803/792 3716/3804/793 3715/3805/793 3713/3806/792
f 3716/3804/793 3718/3807/794 3717/3808/794 3715/3805/793
f 3718/3807/794 3720/3809/795 3719/3810/795 3717/3808/794
f 3720/3809/795 3722/3811/796 3721/3812/796 3719/3810/795
f 3722/3811/796 3724/3813/797 3723/3814/797 3721/3812/796
f 3724/3813/797 3726/3815/798 3725/3816/798 3723/3814/797
f 3726/3815/798 3728/3817/799 3727/3818/799 3725/3816/798
f 3728/3817/799 3730/3819/800 3729/3820/800 3727/3818/799
f 3730/3819/800 3732/3821/801 3731/3822/801 3729/3820/800
f 3732/3821/801 3734/3823/802 3733/3824/802 3731/3822/801
f 3734/3823/802 3736/3825/803 3735/3826/803 3733/3824/802
f 3736/3825/803 3738/3827/804 3737/3828/804 3735/3826/803
f 3738/3827/804 3740/3829/805 3739/3830/805 3737/3828/804
f 3740/3829/805 3742/3831/806 3741/3832/806 3739/3830/805
f 3742/3831/806 3744/3833/807 3743/3834/807 3741/3832/806
f 3744/3833/807 3746/3835/808 3745/3836/808 3743/3834/807
f 3746/3835/808 3748/3837/809 3747/3838/809 3745/3836/808
f 3748/3837/809 3750/3839/810 3749/3840/810 3747/3838/809
f 3750/3839/810 3752/3841/811 3751/3842/811 3749/3840/810
f 3752/3841/811 3754/3843/812 3753/3844/812 3751/3842/811
f 3754/3843/812 3756/3845/499 3755/3846/499 3753/3844/812
f 3756/3845/499 3758/3847/500 3757/3848/500 3755/3846/499
f 3758/3847/500 3760/3849/813 3759/3850/813 3757/3848/500
f 3760/3849/813 3762/3851/814 3761/3852/814 3759/3850/813
f 3762/3851/814 3764/3853/815 3763/3854/815 3761/3852/814
f 3764/3853/815 3766/3855/816 3765/3856/816 3763/3854/815
f 3766/3855/816 3768/3857/817 3767/3858/817 3765/3856/816
f 3768/3857/817 3770/3859/818 3769/3860/818 3767/3858/817
f 3770/3859/818 3772/3861/31 3771/3862/31 3769/3860/818
f 3772/3861/31 3774/3863/819 3773/3864/819 3771/3862/31
f 3774/3863/819 3776/3865/820 3775/3866/820 3773/3864/819
f 3776/3865/820 3778/3867/821 3777/3868/821 3775/3866/820
f 3778/3867/821 3780/3869/822 3779/3870/822 3777/3868/821
f 3780/3869/822 3782/3871/823 3781/3872/823 3779/3870/822
f 3782/3871/823 3784/3873/824 3783/3874/824 3781/3872/823
f 3784/3873/824 3786/3875/825 3785/3876/825 3783/3874/824
f 3786/3875/825 3788/3877/826 3787/3878/826 3785/3876/825
f 3788/3877/826 3790/3879/516 3789/3880/516 3787/3878/826
f 3790/3879/516 3792/3881/827 3791/3882/827 3789/3880/516
f 3792/3881/827 3794/3883/828 3793/3884/828 3791/3882/827
f 3794/3885/828 3796/3886/829 3795/3887/829 3793/3888/828
f 3796/3886/829 3798/3889/830 3797/3890/830 3795/3887/829
f 3798/3889/830 3800/3891/831 3799/3892/831 3797/3890/830
f 3800/3891/831 3514/3602/693 3513/3605/693 3799/3892/831
